country,product,date,gross_production_value
Albania,Apples,2019,44706
Albania,Apples,2020,42404
Albania,Apples,2021,46173
Albania,Apricots,2019,3635
Albania,Apricots,2020,3835
Albania,Apricots,2021,3770
Albania,Barley,2019,2892
Albania,Barley,2020,4605
Albania,Barley,2021,5575
Albania,"Beans, dry",2019,45102
Albania,"Beans, dry",2020,46886
Albania,"Beans, dry",2021,40800
Albania,"Broad beans and horse beans, dry",2019,194
Albania,"Broad beans and horse beans, dry",2020,195
Albania,"Broad beans and horse beans, dry",2021,195
Albania,"Broad beans and horse beans, green",2019,107
Albania,"Broad beans and horse beans, green",2020,105
Albania,"Broad beans and horse beans, green",2021,103
Albania,Cabbages,2019,17241
Albania,Cabbages,2020,15904
Albania,Cabbages,2021,16927
Albania,Cantaloupes and other melons,2019,16161
Albania,Cantaloupes and other melons,2020,19913
Albania,Cantaloupes and other melons,2021,20113
Albania,Carrots and turnips,2019,5523
Albania,Carrots and turnips,2020,4799
Albania,Carrots and turnips,2021,4102
Albania,Cauliflowers and broccoli,2019,6359
Albania,Cauliflowers and broccoli,2020,5794
Albania,Cauliflowers and broccoli,2021,5884
Albania,Cherries,2019,21484
Albania,Cherries,2020,22346
Albania,Cherries,2021,24070
Albania,"Chestnuts, in shell",2019,7916
Albania,"Chestnuts, in shell",2020,7605
Albania,"Chestnuts, in shell",2021,6894
Albania,"Chillies and peppers, green (Capsicum spp. and Pimenta spp.)",2019,25482
Albania,"Chillies and peppers, green (Capsicum spp. and Pimenta spp.)",2020,30872
Albania,"Chillies and peppers, green (Capsicum spp. and Pimenta spp.)",2021,29758
Albania,Cucumbers and gherkins,2019,69231
Albania,Cucumbers and gherkins,2020,62153
Albania,Cucumbers and gherkins,2021,64606
Albania,Dates,2019,4672
Albania,Dates,2020,4851
Albania,Dates,2021,4812
Albania,Eggplants (aubergines),2019,17148
Albania,Eggplants (aubergines),2020,19108
Albania,Eggplants (aubergines),2021,19519
Albania,Figs,2019,15412
Albania,Figs,2020,15318
Albania,Figs,2021,16862
Albania,Grapes,2019,124828
Albania,Grapes,2020,130853
Albania,Grapes,2021,139360
Albania,Green garlic,2019,22759
Albania,Green garlic,2020,31324
Albania,Green garlic,2021,27996
Albania,"Hen eggs in shell, fresh",2019,166343
Albania,"Hen eggs in shell, fresh",2020,165479
Albania,"Hen eggs in shell, fresh",2021,172752
Albania,Hop cones,2019,16951
Albania,Hop cones,2020,16989
Albania,Hop cones,2021,16929
Albania,Leeks and other alliaceous vegetables,2019,9986
Albania,Leeks and other alliaceous vegetables,2020,9859
Albania,Leeks and other alliaceous vegetables,2021,9998
Albania,Lemons and limes,2019,2716
Albania,Lemons and limes,2020,3060
Albania,Lemons and limes,2021,3273
Albania,Lettuce and chicory,2019,11744
Albania,Lettuce and chicory,2020,13740
Albania,Lettuce and chicory,2021,12901
Albania,Maize (corn),2019,121598
Albania,Maize (corn),2020,124778
Albania,Maize (corn),2021,129513
Albania,"Meat of cattle with the bone, fresh or chilled (indigenous)",2019,211316
Albania,"Meat of cattle with the bone, fresh or chilled (indigenous)",2020,190344
Albania,"Meat of cattle with the bone, fresh or chilled (indigenous)",2021,182855
Albania,"Meat of chickens, fresh or chilled (indigenous)",2019,43419
Albania,"Meat of chickens, fresh or chilled (indigenous)",2020,48336
Albania,"Meat of chickens, fresh or chilled (indigenous)",2021,52918
Albania,"Meat of goat, fresh or chilled (indigenous)",2019,34139
Albania,"Meat of goat, fresh or chilled (indigenous)",2020,33858
Albania,"Meat of goat, fresh or chilled (indigenous)",2021,29972
Albania,"Meat of pig with the bone, fresh or chilled (indigenous)",2019,14465
Albania,"Meat of pig with the bone, fresh or chilled (indigenous)",2020,17075
Albania,"Meat of pig with the bone, fresh or chilled (indigenous)",2021,16867
Albania,"Meat of sheep, fresh or chilled (indigenous)",2019,73624
Albania,"Meat of sheep, fresh or chilled (indigenous)",2020,70079
Albania,"Meat of sheep, fresh or chilled (indigenous)",2021,71031
Albania,"Meat of turkeys, fresh or chilled (indigenous)",2019,9560
Albania,"Meat of turkeys, fresh or chilled (indigenous)",2020,10054
Albania,"Meat of turkeys, fresh or chilled (indigenous)",2021,7887
Albania,Mushrooms and truffles,2019,371
Albania,Mushrooms and truffles,2020,371
Albania,Mushrooms and truffles,2021,371
Albania,Natural honey,2019,47314
Albania,Natural honey,2020,52867
Albania,Natural honey,2021,55577
Albania,Oats,2019,11354
Albania,Oats,2020,12101
Albania,Oats,2021,11252
Albania,Okra,2019,3672
Albania,Okra,2020,3725
Albania,Okra,2021,3740
Albania,Olives,2019,150174
Albania,Olives,2020,201587
Albania,Olives,2021,168277
Albania,"Onions and shallots, dry (excluding dehydrated)",2019,37241
Albania,"Onions and shallots, dry (excluding dehydrated)",2020,35526
Albania,"Onions and shallots, dry (excluding dehydrated)",2021,36869
Albania,"Onions and shallots, green",2019,20909
Albania,"Onions and shallots, green",2020,25669
Albania,"Onions and shallots, green",2021,25921
Albania,Oranges,2019,4837
Albania,Oranges,2020,5205
Albania,Oranges,2021,5326
Albania,"Other beans, green",2019,8817
Albania,"Other beans, green",2020,8469
Albania,"Other beans, green",2021,9418
Albania,"Other fruits, n.e.c.",2019,2733
Albania,"Other fruits, n.e.c.",2020,2744
Albania,"Other fruits, n.e.c.",2021,2571
Albania,"Other nuts (excluding wild edible nuts and groundnuts), in shell, n.e.c.",2019,27119
Albania,"Other nuts (excluding wild edible nuts and groundnuts), in shell, n.e.c.",2020,30423
Albania,"Other nuts (excluding wild edible nuts and groundnuts), in shell, n.e.c.",2021,32134
Albania,Other pulses n.e.c.,2019,900
Albania,Other pulses n.e.c.,2020,912
Albania,Other pulses n.e.c.,2021,926
Albania,"Other stimulant, spice and aromatic crops, n.e.c.",2019,542
Albania,"Other stimulant, spice and aromatic crops, n.e.c.",2020,543
Albania,"Other stimulant, spice and aromatic crops, n.e.c.",2021,554
Albania,"Other vegetables, fresh n.e.c.",2019,14223
Albania,"Other vegetables, fresh n.e.c.",2020,16790
Albania,"Other vegetables, fresh n.e.c.",2021,17194
Albania,Peaches and nectarines,2019,12971
Albania,Peaches and nectarines,2020,13302
Albania,Peaches and nectarines,2021,13445
Albania,Pears,2019,10585
Albania,Pears,2020,10764
Albania,Pears,2021,10687
Albania,"Peas, green",2019,3635
Albania,"Peas, green",2020,3815
Albania,"Peas, green",2021,5234
Albania,Plums and sloes,2019,15596
Albania,Plums and sloes,2020,15893
Albania,Plums and sloes,2021,15695
Albania,Potatoes,2019,77691
Albania,Potatoes,2020,75970
Albania,Potatoes,2021,77155
Albania,"Pumpkins, squash and gourds",2019,8650
Albania,"Pumpkins, squash and gourds",2020,10200
Albania,"Pumpkins, squash and gourds",2021,14130
Albania,Quinces,2019,3308
Albania,Quinces,2020,3458
Albania,Quinces,2021,3415
Albania,Raw milk of buffalo,2019,6
Albania,Raw milk of cattle,2019,371142
Albania,Raw milk of cattle,2020,351845
Albania,Raw milk of cattle,2021,336957
Albania,Raw milk of goats,2019,40129
Albania,Raw milk of goats,2020,38329
Albania,Raw milk of goats,2021,38319
Albania,Raw milk of sheep,2019,51130
Albania,Raw milk of sheep,2020,46736
Albania,Raw milk of sheep,2021,45994
Albania,Rye,2019,1053
Albania,Rye,2020,1328
Albania,Rye,2021,1348
Albania,"Seed cotton, unginned",2019,855
Albania,"Seed cotton, unginned",2020,882
Albania,"Seed cotton, unginned",2021,878
Albania,"Shorn wool, greasy, including fleece-washed shorn wool",2019,1387
Albania,"Shorn wool, greasy, including fleece-washed shorn wool",2020,1234
Albania,"Shorn wool, greasy, including fleece-washed shorn wool",2021,1147
Albania,Sour cherries,2019,11145
Albania,Sour cherries,2020,10911
Albania,Sour cherries,2021,10917
Albania,Soya beans,2019,459
Albania,Soya beans,2020,334
Albania,Soya beans,2021,283
Albania,Spinach,2019,12318
Albania,Spinach,2020,13646
Albania,Spinach,2021,13269
Albania,Sugar beet,2019,1379
Albania,Sugar beet,2020,1211
Albania,Sugar beet,2021,1097
Albania,Sunflower seed,2019,1046
Albania,Sunflower seed,2020,1301
Albania,Sunflower seed,2021,956
Albania,"Tangerines, mandarins, clementines",2019,15869
Albania,"Tangerines, mandarins, clementines",2020,16339
Albania,"Tangerines, mandarins, clementines",2021,16683
Albania,Tomatoes,2019,144859
Albania,Tomatoes,2020,151356
Albania,Tomatoes,2021,152014
Albania,Unmanufactured tobacco,2019,3229
Albania,Unmanufactured tobacco,2020,3309
Albania,Unmanufactured tobacco,2021,3729
Albania,Vetches,2019,1176
Albania,Vetches,2020,1189
Albania,Vetches,2021,1188
Albania,Watermelons,2019,51043
Albania,Watermelons,2020,48887
Albania,Watermelons,2021,53254
Albania,Wheat,2019,74539
Albania,Wheat,2020,74607
Albania,Wheat,2021,71967
Algeria,"Almonds, in shell",2019,137182
Algeria,"Almonds, in shell",2020,115244
Algeria,"Almonds, in shell",2021,105045
Algeria,Apples,2019,870036
Algeria,Apples,2020,882481
Algeria,Apples,2021,813189
Algeria,Apricots,2019,112440
Algeria,Apricots,2020,100653
Algeria,Apricots,2021,101970
Algeria,Artichokes,2019,34160
Algeria,Artichokes,2020,36194
Algeria,Artichokes,2021,34530
Algeria,Barley,2019,432241
Algeria,Barley,2020,318233
Algeria,Barley,2021,145684
Algeria,"Beans, dry",2019,827
Algeria,"Beans, dry",2020,947
Algeria,"Beans, dry",2021,1671
Algeria,"Broad beans and horse beans, dry",2019,20888
Algeria,"Broad beans and horse beans, dry",2020,18841
Algeria,"Broad beans and horse beans, dry",2021,14976
Algeria,"Broad beans and horse beans, green",2019,195517
Algeria,"Broad beans and horse beans, green",2020,188149
Algeria,"Broad beans and horse beans, green",2021,181676
Algeria,Cabbages,2019,52516
Algeria,Cabbages,2020,56025
Algeria,Cabbages,2021,71290
Algeria,Carrots and turnips,2019,175190
Algeria,Carrots and turnips,2020,186908
Algeria,Carrots and turnips,2021,173013
Algeria,Cauliflowers and broccoli,2019,118880
Algeria,Cauliflowers and broccoli,2020,140609
Algeria,Cauliflowers and broccoli,2021,138134
Algeria,Cherries,2019,15227
Algeria,Cherries,2020,15187
Algeria,Cherries,2021,15148
Algeria,"Chick peas, dry",2019,30511
Algeria,"Chick peas, dry",2020,30149
Algeria,"Chick peas, dry",2021,29339
Algeria,"Chillies and peppers, dry (Capsicum spp., Pimenta spp.), raw",2019,12857
Algeria,"Chillies and peppers, dry (Capsicum spp., Pimenta spp.), raw",2020,12897
Algeria,"Chillies and peppers, dry (Capsicum spp., Pimenta spp.), raw",2021,12841
Algeria,"Chillies and peppers, green (Capsicum spp. and Pimenta spp.)",2019,542578
Algeria,"Chillies and peppers, green (Capsicum spp. and Pimenta spp.)",2020,576724
Algeria,"Chillies and peppers, green (Capsicum spp. and Pimenta spp.)",2021,282739
Algeria,Cucumbers and gherkins,2019,39044
Algeria,Cucumbers and gherkins,2020,43351
Algeria,Cucumbers and gherkins,2021,43005
Algeria,Dates,2019,4411033
Algeria,Dates,2020,4472710
Algeria,Dates,2021,4615963
Algeria,Eggplants (aubergines),2019,30929
Algeria,Eggplants (aubergines),2020,29967
Algeria,Eggplants (aubergines),2021,32398
Algeria,Figs,2019,23641
Algeria,Figs,2020,24066
Algeria,Figs,2021,22226
Algeria,Grapes,2019,774081
Algeria,Grapes,2020,780230
Algeria,Grapes,2021,886974
Algeria,Green garlic,2019,592413
Algeria,Green garlic,2020,453452
Algeria,Green garlic,2021,519897
Algeria,"Groundnuts, excluding shelled",2019,14910
Algeria,"Groundnuts, excluding shelled",2020,14618
Algeria,"Groundnuts, excluding shelled",2021,18741
Algeria,"Hen eggs in shell, fresh",2019,619452
Algeria,"Hen eggs in shell, fresh",2020,593221
Algeria,"Hen eggs in shell, fresh",2021,587033
Algeria,"Horse meat, fresh or chilled (indigenous)",2019,1
Algeria,"Horse meat, fresh or chilled (indigenous)",2020,10
Algeria,"Horse meat, fresh or chilled (indigenous)",2021,30
Algeria,Lemons and limes,2019,105037
Algeria,Lemons and limes,2020,102969
Algeria,Lemons and limes,2021,101418
Algeria,"Lentils, dry",2019,13365
Algeria,"Lentils, dry",2020,6103
Algeria,"Lentils, dry",2021,4030
Algeria,Locust beans (carobs),2019,282
Algeria,Locust beans (carobs),2020,262
Algeria,Locust beans (carobs),2021,257
Algeria,Maize (corn),2019,1735
Algeria,Maize (corn),2020,878
Algeria,Maize (corn),2021,5039
Algeria,"Meat of camels, fresh or chilled (indigenous)",2019,80529
Algeria,"Meat of camels, fresh or chilled (indigenous)",2020,88451
Algeria,"Meat of camels, fresh or chilled (indigenous)",2021,88121
Algeria,"Meat of cattle with the bone, fresh or chilled (indigenous)",2019,993394
Algeria,"Meat of cattle with the bone, fresh or chilled (indigenous)",2020,972215
Algeria,"Meat of cattle with the bone, fresh or chilled (indigenous)",2021,1060010
Algeria,"Meat of chickens, fresh or chilled (indigenous)",2019,1017826
Algeria,"Meat of chickens, fresh or chilled (indigenous)",2020,1297745
Algeria,"Meat of chickens, fresh or chilled (indigenous)",2021,1040069
Algeria,"Meat of goat, fresh or chilled (indigenous)",2019,292074
Algeria,"Meat of goat, fresh or chilled (indigenous)",2020,321653
Algeria,"Meat of goat, fresh or chilled (indigenous)",2021,333146
Algeria,"Meat of pig with the bone, fresh or chilled (indigenous)",2019,128
Algeria,"Meat of pig with the bone, fresh or chilled (indigenous)",2020,128
Algeria,"Meat of pig with the bone, fresh or chilled (indigenous)",2021,128
Algeria,"Meat of rabbits and hares, fresh or chilled (indigenous)",2019,7043
Algeria,"Meat of rabbits and hares, fresh or chilled (indigenous)",2020,7036
Algeria,"Meat of rabbits and hares, fresh or chilled (indigenous)",2021,7044
Algeria,"Meat of sheep, fresh or chilled (indigenous)",2019,3883824
Algeria,"Meat of sheep, fresh or chilled (indigenous)",2020,3952427
Algeria,"Meat of sheep, fresh or chilled (indigenous)",2021,4039666
Algeria,"Meat of turkeys, fresh or chilled (indigenous)",2019,114601
Algeria,"Meat of turkeys, fresh or chilled (indigenous)",2020,139453
Algeria,"Meat of turkeys, fresh or chilled (indigenous)",2021,92123
Algeria,Mushrooms and truffles,2019,2895
Algeria,Mushrooms and truffles,2020,2923
Algeria,Mushrooms and truffles,2021,4132
Algeria,Natural honey,2019,33358
Algeria,Natural honey,2020,27969
Algeria,Natural honey,2021,26866
Algeria,Oats,2019,17008
Algeria,Oats,2020,11649
Algeria,Oats,2021,6793
Algeria,Olives,2019,378247
Algeria,Olives,2020,470007
Algeria,Olives,2021,306784
Algeria,"Onions and shallots, dry (excluding dehydrated)",2019,661625
Algeria,"Onions and shallots, dry (excluding dehydrated)",2020,682922
Algeria,"Onions and shallots, dry (excluding dehydrated)",2021,701340
Algeria,"Onions and shallots, green",2019,101
Algeria,"Onions and shallots, green",2020,105
Algeria,"Onions and shallots, green",2021,103
Algeria,Oranges,2019,1330590
Algeria,Oranges,2020,1303203
Algeria,Oranges,2021,1261435
Algeria,"Other beans, green",2019,132498
Algeria,"Other beans, green",2020,139869
Algeria,"Other beans, green",2021,122634
Algeria,"Other citrus fruit, n.e.c.",2019,755
Algeria,"Other citrus fruit, n.e.c.",2020,739
Algeria,"Other citrus fruit, n.e.c.",2021,744
Algeria,"Other fruits, n.e.c.",2019,44737
Algeria,"Other fruits, n.e.c.",2020,51864
Algeria,"Other fruits, n.e.c.",2021,48549
Algeria,Other pulses n.e.c.,2019,43
Algeria,Other pulses n.e.c.,2020,34
Algeria,Other pulses n.e.c.,2021,34
Algeria,Other stone fruits,2019,11481
Algeria,Other stone fruits,2020,10285
Algeria,Other stone fruits,2021,11139
Algeria,"Other vegetables, fresh n.e.c.",2019,396391
Algeria,"Other vegetables, fresh n.e.c.",2020,536457
Algeria,"Other vegetables, fresh n.e.c.",2021,539621
Algeria,Peaches and nectarines,2019,59899
Algeria,Peaches and nectarines,2020,55354
Algeria,Peaches and nectarines,2021,55243
Algeria,Pears,2019,289304
Algeria,Pears,2020,200485
Algeria,Pears,2021,193908
Algeria,"Peas, dry",2019,6109
Algeria,"Peas, dry",2020,5556
Algeria,"Peas, dry",2021,4167
Algeria,"Peas, green",2019,217838
Algeria,"Peas, green",2020,228058
Algeria,"Peas, green",2021,222619
Algeria,Plums and sloes,2019,36173
Algeria,Plums and sloes,2020,31639
Algeria,Plums and sloes,2021,31046
Algeria,Pomelos and grapefruits,2019,674
Algeria,Pomelos and grapefruits,2020,687
Algeria,Pomelos and grapefruits,2021,723
Algeria,Potatoes,2019,1998555
Algeria,Potatoes,2020,1854934
Algeria,Potatoes,2021,1736061
Algeria,"Pumpkins, squash and gourds",2019,293744
Algeria,"Pumpkins, squash and gourds",2020,304366
Algeria,"Pumpkins, squash and gourds",2021,283058
Algeria,Quinces,2019,3941
Algeria,Quinces,2020,3632
Algeria,Quinces,2021,2640
Algeria,Rape or colza seed,2019,8745
Algeria,Rape or colza seed,2020,8651
Algeria,Rape or colza seed,2021,8642
Algeria,Raw milk of camel,2019,5737
Algeria,Raw milk of camel,2020,5825
Algeria,Raw milk of camel,2021,5938
Algeria,Raw milk of cattle,2019,1064117
Algeria,Raw milk of cattle,2020,1036822
Algeria,Raw milk of cattle,2021,1034563
Algeria,Raw milk of goats,2019,129224
Algeria,Raw milk of goats,2020,131722
Algeria,Raw milk of goats,2021,124330
Algeria,Raw milk of sheep,2019,207492
Algeria,Raw milk of sheep,2020,234440
Algeria,Raw milk of sheep,2021,207763
Algeria,Rice,2019,135
Algeria,Rice,2020,136
Algeria,Rice,2021,138
Algeria,"Seed cotton, unginned",2019,88
Algeria,"Seed cotton, unginned",2020,88
Algeria,"Seed cotton, unginned",2021,91
Algeria,"Shorn wool, greasy, including fleece-washed shorn wool",2019,33831
Algeria,"Shorn wool, greasy, including fleece-washed shorn wool",2020,36532
Algeria,"Shorn wool, greasy, including fleece-washed shorn wool",2021,32259
Algeria,Sorghum,2019,155
Algeria,Sorghum,2020,43
Algeria,Sorghum,2021,65
Algeria,Sunflower seed,2019,43
Algeria,Sunflower seed,2020,42
Algeria,Sunflower seed,2021,42
Algeria,"Tangerines, mandarins, clementines",2019,352161
Algeria,"Tangerines, mandarins, clementines",2020,360779
Algeria,"Tangerines, mandarins, clementines",2021,346404
Algeria,Tomatoes,2019,758530
Algeria,Tomatoes,2020,839490
Algeria,Tomatoes,2021,842579
Algeria,Triticale,2019,20
Algeria,Triticale,2020,86
Algeria,Triticale,2021,198
Algeria,Unmanufactured tobacco,2019,3717
Algeria,Unmanufactured tobacco,2020,2818
Algeria,Unmanufactured tobacco,2021,2311
Algeria,Vetches,2019,21
Algeria,Vetches,2020,21
Algeria,Vetches,2021,20
Algeria,Watermelons,2019,863544
Algeria,Watermelons,2020,894826
Algeria,Watermelons,2021,812287
Algeria,Wheat,2019,1830584
Algeria,Wheat,2020,1466948
Algeria,Wheat,2021,1023869
Angola,Avocados,2019,28599
Angola,Avocados,2020,28918
Angola,Avocados,2021,29349
Angola,Bananas,2019,1100295
Angola,Bananas,2020,1145970
Angola,Bananas,2021,1184471
Angola,"Beans, dry",2019,390174
Angola,"Beans, dry",2020,412847
Angola,"Beans, dry",2021,408439
Angola,Cabbages,2019,105116
Angola,Cabbages,2020,108894
Angola,Cabbages,2021,94777
Angola,Carrots and turnips,2019,90291
Angola,Carrots and turnips,2020,93978
Angola,Carrots and turnips,2021,97224
Angola,"Cassava, fresh",2019,1771188
Angola,"Cassava, fresh",2020,1887773
Angola,"Cassava, fresh",2021,1941631
Angola,"Coffee, green",2019,9170
Angola,"Coffee, green",2020,8060
Angola,"Coffee, green",2021,7127
Angola,Green garlic,2019,9335
Angola,Green garlic,2020,9446
Angola,Green garlic,2021,9489
Angola,"Groundnuts, excluding shelled",2019,147886
Angola,"Groundnuts, excluding shelled",2020,156405
Angola,"Groundnuts, excluding shelled",2021,155257
Angola,Maize (corn),2019,922125
Angola,Maize (corn),2020,972339
Angola,Maize (corn),2021,971695
Angola,"Mangoes, guavas and mangosteens",2019,273983
Angola,"Mangoes, guavas and mangosteens",2020,287117
Angola,"Mangoes, guavas and mangosteens",2021,302406
Angola,Millet,2019,11011
Angola,Millet,2020,11667
Angola,Millet,2021,7424
Angola,"Other vegetables, fresh n.e.c.",2019,63596
Angola,"Other vegetables, fresh n.e.c.",2020,63710
Angola,"Other vegetables, fresh n.e.c.",2021,63823
Angola,Pineapples,2019,365358
Angola,Pineapples,2020,405750
Angola,Pineapples,2021,422062
Angola,Potatoes,2019,162815
Angola,Potatoes,2020,171868
Angola,Potatoes,2021,173588
Angola,Raw milk of cattle,2019,88530
Angola,Raw milk of cattle,2020,88436
Angola,Raw milk of cattle,2021,91126
Angola,Rice,2019,3778
Angola,Rice,2020,3951
Angola,Rice,2021,3932
Angola,Sorghum,2019,8257
Angola,Sorghum,2020,8957
Angola,Sorghum,2021,8818
Angola,Soya beans,2019,31493
Angola,Soya beans,2020,32008
Angola,Soya beans,2021,31465
Angola,Sweet potatoes,2019,414634
Angola,Sweet potatoes,2020,431832
Angola,Sweet potatoes,2021,441335
Angola,Tomatoes,2019,126211
Angola,Tomatoes,2020,132750
Angola,Tomatoes,2021,126447
Antigua and Barbuda,Bananas,2019,9
Antigua and Barbuda,Bananas,2020,9
Antigua and Barbuda,Bananas,2021,10
Antigua and Barbuda,Cabbages,2019,66
Antigua and Barbuda,Cabbages,2020,3
Antigua and Barbuda,Cabbages,2021,47
Antigua and Barbuda,Cantaloupes and other melons,2019,85
Antigua and Barbuda,Cantaloupes and other melons,2020,86
Antigua and Barbuda,Cantaloupes and other melons,2021,159
Antigua and Barbuda,Carrots and turnips,2019,16
Antigua and Barbuda,Carrots and turnips,2020,24
Antigua and Barbuda,Carrots and turnips,2021,13
Antigua and Barbuda,"Cassava, fresh",2019,156
Antigua and Barbuda,"Cassava, fresh",2020,85
Antigua and Barbuda,"Cassava, fresh",2021,86
Antigua and Barbuda,"Chillies and peppers, green (Capsicum spp. and Pimenta spp.)",2019,230
Antigua and Barbuda,"Chillies and peppers, green (Capsicum spp. and Pimenta spp.)",2020,101
Antigua and Barbuda,"Chillies and peppers, green (Capsicum spp. and Pimenta spp.)",2021,301
Antigua and Barbuda,Cucumbers and gherkins,2019,124
Antigua and Barbuda,Cucumbers and gherkins,2020,123
Antigua and Barbuda,Cucumbers and gherkins,2021,110
Antigua and Barbuda,Eggplants (aubergines),2019,71
Antigua and Barbuda,Eggplants (aubergines),2020,58
Antigua and Barbuda,Eggplants (aubergines),2021,57
Antigua and Barbuda,"Hen eggs in shell, fresh",2019,3457
Antigua and Barbuda,"Hen eggs in shell, fresh",2020,3507
Antigua and Barbuda,"Hen eggs in shell, fresh",2021,3166
Antigua and Barbuda,Lemons and limes,2019,835
Antigua and Barbuda,Lemons and limes,2020,835
Antigua and Barbuda,Lemons and limes,2021,848
Antigua and Barbuda,Maize (corn),2019,72
Antigua and Barbuda,Maize (corn),2020,78
Antigua and Barbuda,Maize (corn),2021,67
Antigua and Barbuda,"Mangoes, guavas and mangosteens",2019,2775
Antigua and Barbuda,"Mangoes, guavas and mangosteens",2020,2775
Antigua and Barbuda,"Mangoes, guavas and mangosteens",2021,2780
Antigua and Barbuda,"Meat of cattle with the bone, fresh or chilled (indigenous)",2019,331
Antigua and Barbuda,"Meat of cattle with the bone, fresh or chilled (indigenous)",2020,368
Antigua and Barbuda,"Meat of cattle with the bone, fresh or chilled (indigenous)",2021,316
Antigua and Barbuda,"Meat of chickens, fresh or chilled (indigenous)",2019,99
Antigua and Barbuda,"Meat of chickens, fresh or chilled (indigenous)",2020,49
Antigua and Barbuda,"Meat of chickens, fresh or chilled (indigenous)",2021,132
Antigua and Barbuda,"Meat of goat, fresh or chilled (indigenous)",2019,0
Antigua and Barbuda,"Meat of goat, fresh or chilled (indigenous)",2020,21
Antigua and Barbuda,"Meat of goat, fresh or chilled (indigenous)",2021,20
Antigua and Barbuda,"Meat of pig with the bone, fresh or chilled (indigenous)",2019,295
Antigua and Barbuda,"Meat of pig with the bone, fresh or chilled (indigenous)",2020,347
Antigua and Barbuda,"Meat of pig with the bone, fresh or chilled (indigenous)",2021,256
Antigua and Barbuda,"Meat of sheep, fresh or chilled (indigenous)",2019,27
Antigua and Barbuda,"Meat of sheep, fresh or chilled (indigenous)",2020,30
Antigua and Barbuda,"Meat of sheep, fresh or chilled (indigenous)",2021,27
Antigua and Barbuda,"Onions and shallots, dry (excluding dehydrated)",2019,50
Antigua and Barbuda,"Onions and shallots, dry (excluding dehydrated)",2020,43
Antigua and Barbuda,"Onions and shallots, dry (excluding dehydrated)",2021,7
Antigua and Barbuda,"Other beans, green",2019,282
Antigua and Barbuda,"Other beans, green",2020,289
Antigua and Barbuda,"Other beans, green",2021,283
Antigua and Barbuda,"Other vegetables, fresh n.e.c.",2019,336
Antigua and Barbuda,"Other vegetables, fresh n.e.c.",2020,339
Antigua and Barbuda,"Other vegetables, fresh n.e.c.",2021,341
Antigua and Barbuda,Pineapples,2019,101
Antigua and Barbuda,Pineapples,2020,138
Antigua and Barbuda,Pineapples,2021,104
Antigua and Barbuda,"Pumpkins, squash and gourds",2019,532
Antigua and Barbuda,"Pumpkins, squash and gourds",2020,479
Antigua and Barbuda,"Pumpkins, squash and gourds",2021,370
Antigua and Barbuda,Raw milk of cattle,2019,4876
Antigua and Barbuda,Raw milk of cattle,2020,6007
Antigua and Barbuda,Raw milk of cattle,2021,6002
Antigua and Barbuda,Sweet potatoes,2019,262
Antigua and Barbuda,Sweet potatoes,2020,144
Antigua and Barbuda,Sweet potatoes,2021,257
Antigua and Barbuda,Tomatoes,2019,112
Antigua and Barbuda,Tomatoes,2020,74
Antigua and Barbuda,Tomatoes,2021,152
Antigua and Barbuda,Yams,2019,291
Antigua and Barbuda,Yams,2020,295
Antigua and Barbuda,Yams,2021,291
Argentina,"Almonds, in shell",2019,370
Argentina,"Almonds, in shell",2020,370
Argentina,"Almonds, in shell",2021,375
Argentina,"Anise, badian, coriander, cumin, caraway, fennel and juniper berries, raw",2019,2208
Argentina,"Anise, badian, coriander, cumin, caraway, fennel and juniper berries, raw",2020,2104
Argentina,"Anise, badian, coriander, cumin, caraway, fennel and juniper berries, raw",2021,2069
Argentina,Apples,2019,79632
Argentina,Apples,2020,85323
Argentina,Apples,2021,74712
Argentina,Apricots,2019,4585
Argentina,Apricots,2020,4627
Argentina,Apricots,2021,4657
Argentina,Artichokes,2019,19319
Argentina,Artichokes,2020,19595
Argentina,Artichokes,2021,19584
Argentina,Asparagus,2019,59370
Argentina,Asparagus,2020,60805
Argentina,Asparagus,2021,59423
Argentina,Avocados,2019,372
Argentina,Avocados,2020,374
Argentina,Avocados,2021,376
Argentina,Bananas,2019,53308
Argentina,Bananas,2020,53394
Argentina,Bananas,2021,53430
Argentina,Barley,2019,506942
Argentina,Barley,2020,483901
Argentina,Barley,2021,540602
Argentina,"Beans, dry",2019,363826
Argentina,"Beans, dry",2020,398473
Argentina,"Beans, dry",2021,477012
Argentina,Beeswax,2019,26479
Argentina,Beeswax,2020,26919
Argentina,Beeswax,2021,27344
Argentina,"Broad beans and horse beans, dry",2019,1876
Argentina,"Broad beans and horse beans, dry",2020,1885
Argentina,"Broad beans and horse beans, dry",2021,1921
Argentina,Canary seed,2019,14318
Argentina,Canary seed,2020,7151
Argentina,Canary seed,2021,15429
Argentina,Cantaloupes and other melons,2019,122080
Argentina,Cantaloupes and other melons,2020,122297
Argentina,Cantaloupes and other melons,2021,122234
Argentina,Carrots and turnips,2019,128879
Argentina,Carrots and turnips,2020,130384
Argentina,Carrots and turnips,2021,133053
Argentina,"Cassava, fresh",2019,101878
Argentina,"Cassava, fresh",2020,102597
Argentina,"Cassava, fresh",2021,103822
Argentina,Cereals n.e.c.,2019,2169
Argentina,Cereals n.e.c.,2020,2184
Argentina,Cereals n.e.c.,2021,2201
Argentina,Cherries,2019,8045
Argentina,Cherries,2020,8095
Argentina,Cherries,2021,8139
Argentina,"Chick peas, dry",2019,16589
Argentina,"Chick peas, dry",2020,15471
Argentina,"Chick peas, dry",2021,7402
Argentina,"Chillies and peppers, dry (Capsicum spp., Pimenta spp.), raw",2019,804
Argentina,"Chillies and peppers, dry (Capsicum spp., Pimenta spp.), raw",2020,804
Argentina,"Chillies and peppers, dry (Capsicum spp., Pimenta spp.), raw",2021,804
Argentina,"Chillies and peppers, green (Capsicum spp. and Pimenta spp.)",2019,127185
Argentina,"Chillies and peppers, green (Capsicum spp. and Pimenta spp.)",2020,128826
Argentina,"Chillies and peppers, green (Capsicum spp. and Pimenta spp.)",2021,133508
Argentina,Figs,2019,325
Argentina,Figs,2020,324
Argentina,Figs,2021,325
Argentina,"Game meat, fresh, chilled or frozen",2019,18549
Argentina,"Game meat, fresh, chilled or frozen",2020,18708
Argentina,"Game meat, fresh, chilled or frozen",2021,18839
Argentina,Grapes,2019,861416
Argentina,Grapes,2020,702751
Argentina,Grapes,2021,766223
Argentina,Green garlic,2019,362408
Argentina,Green garlic,2020,366849
Argentina,Green garlic,2021,371821
Argentina,"Groundnuts, excluding shelled",2019,645023
Argentina,"Groundnuts, excluding shelled",2020,620037
Argentina,"Groundnuts, excluding shelled",2021,611264
Argentina,"Hen eggs in shell, fresh",2019,938478
Argentina,"Hen eggs in shell, fresh",2020,987098
Argentina,"Hen eggs in shell, fresh",2021,1000667
Argentina,Hop cones,2019,251
Argentina,Hop cones,2020,252
Argentina,Hop cones,2021,255
Argentina,"Horse meat, fresh or chilled (indigenous)",2019,447687
Argentina,"Horse meat, fresh or chilled (indigenous)",2020,368942
Argentina,"Horse meat, fresh or chilled (indigenous)",2021,441492
Argentina,Lemons and limes,2019,261103
Argentina,Lemons and limes,2020,179115
Argentina,Lemons and limes,2021,313995
Argentina,"Lentils, dry",2019,3080
Argentina,"Lentils, dry",2020,5515
Argentina,"Lentils, dry",2021,3232
Argentina,Linseed,2019,2269
Argentina,Linseed,2020,4450
Argentina,Linseed,2021,2818
Argentina,Lupins,2019,17
Argentina,Lupins,2020,17
Argentina,Lupins,2021,17
Argentina,Maize (corn),2019,8196819
Argentina,Maize (corn),2020,8418114
Argentina,Maize (corn),2021,8725166
Argentina,"Mangoes, guavas and mangosteens",2019,203
Argentina,"Mangoes, guavas and mangosteens",2020,204
Argentina,"Mangoes, guavas and mangosteens",2021,206
Argentina,Maté leaves,2019,384738
Argentina,Maté leaves,2020,373890
Argentina,Maté leaves,2021,371009
Argentina,"Meat of cattle with the bone, fresh or chilled (indigenous)",2019,17740044
Argentina,"Meat of cattle with the bone, fresh or chilled (indigenous)",2020,17924261
Argentina,"Meat of cattle with the bone, fresh or chilled (indigenous)",2021,16867595
Argentina,"Meat of chickens, fresh or chilled (indigenous)",2019,2882794
Argentina,"Meat of chickens, fresh or chilled (indigenous)",2020,2903484
Argentina,"Meat of chickens, fresh or chilled (indigenous)",2021,3002581
Argentina,"Meat of ducks, fresh or chilled (indigenous)",2019,845
Argentina,"Meat of ducks, fresh or chilled (indigenous)",2020,849
Argentina,"Meat of ducks, fresh or chilled (indigenous)",2021,858
Argentina,"Meat of geese, fresh or chilled (indigenous)",2019,41
Argentina,"Meat of geese, fresh or chilled (indigenous)",2020,40
Argentina,"Meat of geese, fresh or chilled (indigenous)",2021,40
Argentina,"Meat of goat, fresh or chilled (indigenous)",2019,9662
Argentina,"Meat of goat, fresh or chilled (indigenous)",2020,10425
Argentina,"Meat of goat, fresh or chilled (indigenous)",2021,9336
Argentina,"Meat of pig with the bone, fresh or chilled (indigenous)",2019,150749
Argentina,"Meat of pig with the bone, fresh or chilled (indigenous)",2020,156990
Argentina,"Meat of pig with the bone, fresh or chilled (indigenous)",2021,166708
Argentina,"Meat of rabbits and hares, fresh or chilled (indigenous)",2019,17888
Argentina,"Meat of rabbits and hares, fresh or chilled (indigenous)",2020,499
Argentina,"Meat of rabbits and hares, fresh or chilled (indigenous)",2021,18176
Argentina,"Meat of sheep, fresh or chilled (indigenous)",2019,336634
Argentina,"Meat of sheep, fresh or chilled (indigenous)",2020,337348
Argentina,"Meat of sheep, fresh or chilled (indigenous)",2021,288943
Argentina,"Meat of turkeys, fresh or chilled (indigenous)",2019,2244
Argentina,"Meat of turkeys, fresh or chilled (indigenous)",2020,2255
Argentina,"Meat of turkeys, fresh or chilled (indigenous)",2021,2206
Argentina,Millet,2019,540
Argentina,Millet,2020,709
Argentina,Millet,2021,1239
Argentina,Natural honey,2019,167855
Argentina,Natural honey,2020,171190
Argentina,Natural honey,2021,172467
Argentina,Oats,2019,96366
Argentina,Oats,2020,101167
Argentina,Oats,2021,85423
Argentina,Olives,2019,142812
Argentina,Olives,2020,142812
Argentina,Olives,2021,150986
Argentina,"Onions and shallots, dry (excluding dehydrated)",2019,64840
Argentina,"Onions and shallots, dry (excluding dehydrated)",2020,64229
Argentina,"Onions and shallots, dry (excluding dehydrated)",2021,57750
Argentina,Oranges,2019,109280
Argentina,Oranges,2020,102042
Argentina,Oranges,2021,105936
Argentina,"Other beans, green",2019,166
Argentina,"Other beans, green",2020,163
Argentina,"Other beans, green",2021,166
Argentina,"Other fibre crops, raw, n.e.c.",2019,120
Argentina,"Other fibre crops, raw, n.e.c.",2020,119
Argentina,"Other fibre crops, raw, n.e.c.",2021,119
Argentina,"Other stimulant, spice and aromatic crops, n.e.c.",2019,88
Argentina,"Other stimulant, spice and aromatic crops, n.e.c.",2020,89
Argentina,"Other stimulant, spice and aromatic crops, n.e.c.",2021,89
Argentina,"Other vegetables, fresh n.e.c.",2019,74038
Argentina,"Other vegetables, fresh n.e.c.",2020,73962
Argentina,"Other vegetables, fresh n.e.c.",2021,74769
Argentina,Papayas,2019,160
Argentina,Papayas,2020,160
Argentina,Papayas,2021,160
Argentina,Peaches and nectarines,2019,62702
Argentina,Peaches and nectarines,2020,31984
Argentina,Peaches and nectarines,2021,53043
Argentina,Pears,2019,83774
Argentina,Pears,2020,92919
Argentina,Pears,2021,89394
Argentina,"Peas, dry",2019,11788
Argentina,"Peas, dry",2020,16930
Argentina,"Peas, dry",2021,16785
Argentina,"Peas, green",2019,5339
Argentina,"Peas, green",2020,5369
Argentina,"Peas, green",2021,5396
Argentina,Pineapples,2019,274
Argentina,Pineapples,2020,273
Argentina,Pineapples,2021,273
Argentina,Plums and sloes,2019,48636
Argentina,Plums and sloes,2020,47649
Argentina,Plums and sloes,2021,48368
Argentina,Pomelos and grapefruits,2019,19129
Argentina,Pomelos and grapefruits,2020,19013
Argentina,Pomelos and grapefruits,2021,14923
Argentina,Potatoes,2019,819903
Argentina,Potatoes,2020,909462
Argentina,Potatoes,2021,945961
Argentina,"Pumpkins, squash and gourds",2019,129691
Argentina,"Pumpkins, squash and gourds",2020,129134
Argentina,"Pumpkins, squash and gourds",2021,130414
Argentina,Quinces,2019,6329
Argentina,Quinces,2020,6379
Argentina,Quinces,2021,6383
Argentina,Rape or colza seed,2019,7483
Argentina,Rape or colza seed,2020,6131
Argentina,Rape or colza seed,2021,3369
Argentina,Raw milk of cattle,2019,3648651
Argentina,Raw milk of cattle,2020,3921508
Argentina,Raw milk of cattle,2021,4076813
Argentina,Rice,2019,260877
Argentina,Rice,2020,268122
Argentina,Rice,2021,318610
Argentina,Rye,2019,9324
Argentina,Rye,2020,23825
Argentina,Rye,2021,14643
Argentina,Safflower seed,2019,5712
Argentina,Safflower seed,2020,5298
Argentina,Safflower seed,2021,1020
Argentina,"Seed cotton, unginned",2019,395636
Argentina,"Seed cotton, unginned",2020,474209
Argentina,"Seed cotton, unginned",2021,471621
Argentina,"Shorn wool, greasy, including fleece-washed shorn wool",2019,153588
Argentina,"Shorn wool, greasy, including fleece-washed shorn wool",2020,148750
Argentina,"Shorn wool, greasy, including fleece-washed shorn wool",2021,145331
Argentina,Sorghum,2019,222722
Argentina,Sorghum,2020,254498
Argentina,Sorghum,2021,461643
Argentina,Soya beans,2019,16708897
Argentina,Soya beans,2020,14748632
Argentina,Soya beans,2021,13973868
Argentina,Strawberries,2019,36919
Argentina,Strawberries,2020,36919
Argentina,Strawberries,2021,37452
Argentina,String beans,2019,9238
Argentina,String beans,2020,9290
Argentina,String beans,2021,9357
Argentina,Sugar cane,2019,752393
Argentina,Sugar cane,2020,721430
Argentina,Sugar cane,2021,681442
Argentina,Sunflower seed,2019,1136648
Argentina,Sunflower seed,2020,848951
Argentina,Sunflower seed,2021,964808
Argentina,Sweet potatoes,2019,66118
Argentina,Sweet potatoes,2020,68872
Argentina,Sweet potatoes,2021,67480
Argentina,"Tangerines, mandarins, clementines",2019,52540
Argentina,"Tangerines, mandarins, clementines",2020,52369
Argentina,"Tangerines, mandarins, clementines",2021,52540
Argentina,Tea leaves,2019,33968
Argentina,Tea leaves,2020,31456
Argentina,Tea leaves,2021,31541
Argentina,Tomatoes,2019,895308
Argentina,Tomatoes,2020,940767
Argentina,Tomatoes,2021,1049406
Argentina,Tung nuts,2019,520
Argentina,Tung nuts,2020,524
Argentina,Tung nuts,2021,526
Argentina,Unmanufactured tobacco,2019,290029
Argentina,Unmanufactured tobacco,2020,281691
Argentina,Unmanufactured tobacco,2021,272485
Argentina,"Walnuts, in shell",2019,47676
Argentina,"Walnuts, in shell",2020,47312
Argentina,"Walnuts, in shell",2021,47373
Argentina,Watermelons,2019,69870
Argentina,Watermelons,2020,69605
Argentina,Watermelons,2021,70551
Argentina,Wheat,2019,3770449
Argentina,Wheat,2020,3363859
Argentina,Wheat,2021,4222924
Armenia,Apples,2019,38353
Armenia,Apples,2020,39763
Armenia,Apples,2021,41283
Armenia,Apricots,2019,40621
Armenia,Apricots,2020,31722
Armenia,Apricots,2021,51819
Armenia,Barley,2019,17902
Armenia,Barley,2020,23574
Armenia,Barley,2021,9827
Armenia,"Beans, dry",2019,7045
Armenia,"Beans, dry",2020,7268
Armenia,"Beans, dry",2021,7004
Armenia,Cabbages,2019,13057
Armenia,Cabbages,2020,12296
Armenia,Cabbages,2021,9275
Armenia,Carrots and turnips,2019,5331
Armenia,Carrots and turnips,2020,5549
Armenia,Carrots and turnips,2021,4971
Armenia,Cauliflowers and broccoli,2019,3896
Armenia,Cauliflowers and broccoli,2020,4241
Armenia,Cauliflowers and broccoli,2021,3562
Armenia,Cereals n.e.c.,2019,2185
Armenia,Cereals n.e.c.,2020,2702
Armenia,Cereals n.e.c.,2021,1728
Armenia,Cherries,2019,10695
Armenia,Cherries,2020,9121
Armenia,Cherries,2021,8021
Armenia,Cucumbers and gherkins,2019,15238
Armenia,Cucumbers and gherkins,2020,14923
Armenia,Cucumbers and gherkins,2021,20268
Armenia,Eggplants (aubergines),2019,10665
Armenia,Eggplants (aubergines),2020,15161
Armenia,Eggplants (aubergines),2021,15820
Armenia,Figs,2019,897
Armenia,Figs,2020,1246
Armenia,Figs,2021,1165
Armenia,Grapes,2019,84591
Armenia,Grapes,2020,110141
Armenia,Grapes,2021,92188
Armenia,Green garlic,2019,22215
Armenia,Green garlic,2020,19024
Armenia,Green garlic,2021,20089
Armenia,"Hen eggs in shell, fresh",2019,96941
Armenia,"Hen eggs in shell, fresh",2020,111659
Armenia,"Hen eggs in shell, fresh",2021,105201
Armenia,"Lentils, dry",2019,277
Armenia,"Lentils, dry",2020,482
Armenia,"Lentils, dry",2021,238
Armenia,Maize (corn),2019,1300
Armenia,Maize (corn),2020,1767
Armenia,Maize (corn),2021,1719
Armenia,"Meat of cattle with the bone, fresh or chilled (indigenous)",2019,300287
Armenia,"Meat of cattle with the bone, fresh or chilled (indigenous)",2020,301169
Armenia,"Meat of cattle with the bone, fresh or chilled (indigenous)",2021,306019
Armenia,"Meat of chickens, fresh or chilled (indigenous)",2019,41107
Armenia,"Meat of chickens, fresh or chilled (indigenous)",2020,45806
Armenia,"Meat of chickens, fresh or chilled (indigenous)",2021,54777
Armenia,"Meat of pig with the bone, fresh or chilled (indigenous)",2019,91732
Armenia,"Meat of pig with the bone, fresh or chilled (indigenous)",2020,92716
Armenia,"Meat of pig with the bone, fresh or chilled (indigenous)",2021,89562
Armenia,"Meat of sheep, fresh or chilled (indigenous)",2019,52573
Armenia,"Meat of sheep, fresh or chilled (indigenous)",2020,53064
Armenia,"Meat of sheep, fresh or chilled (indigenous)",2021,53064
Armenia,Mushrooms and truffles,2019,451
Armenia,Mushrooms and truffles,2020,456
Armenia,Mushrooms and truffles,2021,474
Armenia,Natural honey,2019,17336
Armenia,Natural honey,2020,16548
Armenia,Natural honey,2021,17336
Armenia,Oats,2019,866
Armenia,Oats,2020,1580
Armenia,Oats,2021,1041
Armenia,"Onions and shallots, dry (excluding dehydrated)",2019,11200
Armenia,"Onions and shallots, dry (excluding dehydrated)",2020,13242
Armenia,"Onions and shallots, dry (excluding dehydrated)",2021,8781
Armenia,"Other fruits, n.e.c.",2019,1157
Armenia,"Other fruits, n.e.c.",2020,1141
Armenia,"Other fruits, n.e.c.",2021,1154
Armenia,Other pulses n.e.c.,2019,662
Armenia,Other pulses n.e.c.,2020,899
Armenia,Other pulses n.e.c.,2021,443
Armenia,"Other vegetables, fresh n.e.c.",2019,45841
Armenia,"Other vegetables, fresh n.e.c.",2020,36892
Armenia,"Other vegetables, fresh n.e.c.",2021,40739
Armenia,Peaches and nectarines,2019,27656
Armenia,Peaches and nectarines,2020,23586
Armenia,Peaches and nectarines,2021,28979
Armenia,Pears,2019,8439
Armenia,Pears,2020,9273
Armenia,Pears,2021,9897
Armenia,"Peas, dry",2019,99
Armenia,"Peas, dry",2020,131
Armenia,"Peas, dry",2021,50
Armenia,"Peas, green",2019,559
Armenia,"Peas, green",2020,940
Armenia,"Peas, green",2021,1259
Armenia,Plums and sloes,2019,7825
Armenia,Plums and sloes,2020,8409
Armenia,Plums and sloes,2021,8422
Armenia,Potatoes,2019,117364
Armenia,Potatoes,2020,126998
Armenia,Potatoes,2021,105891
Armenia,Quinces,2019,1011
Armenia,Quinces,2020,1014
Armenia,Quinces,2021,1590
Armenia,Raw milk of cattle,2019,201235
Armenia,Raw milk of cattle,2020,197804
Armenia,Raw milk of cattle,2021,211396
Armenia,Raw milk of goats,2019,1149
Armenia,Raw milk of goats,2020,1093
Armenia,Raw milk of goats,2021,476
Armenia,Raw milk of sheep,2019,18701
Armenia,Raw milk of sheep,2020,17568
Armenia,Raw milk of sheep,2021,8589
Armenia,Rye,2019,53
Armenia,Rye,2020,81
Armenia,Rye,2021,57
Armenia,"Shorn wool, greasy, including fleece-washed shorn wool",2019,2050
Armenia,"Shorn wool, greasy, including fleece-washed shorn wool",2020,2184
Armenia,"Shorn wool, greasy, including fleece-washed shorn wool",2021,2263
Armenia,Sugar beet,2019,3950
Armenia,Sugar beet,2020,3837
Armenia,Sugar beet,2021,3855
Armenia,Tomatoes,2019,33753
Armenia,Tomatoes,2020,39041
Armenia,Tomatoes,2021,43808
Armenia,Unmanufactured tobacco,2019,161
Armenia,Unmanufactured tobacco,2020,122
Armenia,Unmanufactured tobacco,2021,175
Armenia,"Walnuts, in shell",2019,10720
Armenia,"Walnuts, in shell",2020,15484
Armenia,"Walnuts, in shell",2021,12607
Armenia,Watermelons,2019,22602
Armenia,Watermelons,2020,22362
Armenia,Watermelons,2021,23283
Armenia,Wheat,2019,30769
Armenia,Wheat,2020,36050
Armenia,Wheat,2021,26545
Australia,"Almonds, in shell",2019,1330339
Australia,"Almonds, in shell",2020,1618997
Australia,"Almonds, in shell",2021,1982958
Australia,"Anise, badian, coriander, cumin, caraway, fennel and juniper berries, raw",2019,2456
Australia,"Anise, badian, coriander, cumin, caraway, fennel and juniper berries, raw",2020,2440
Australia,"Anise, badian, coriander, cumin, caraway, fennel and juniper berries, raw",2021,2429
Australia,Apples,2019,369749
Australia,Apples,2020,366703
Australia,Apples,2021,390838
Australia,Apricots,2019,12620
Australia,Apricots,2020,9478
Australia,Apricots,2021,9244
Australia,Asparagus,2019,44745
Australia,Asparagus,2020,43943
Australia,Asparagus,2021,41024
Australia,Avocados,2019,302608
Australia,Avocados,2020,294094
Australia,Avocados,2021,297099
Australia,Bananas,2019,353937
Australia,Bananas,2020,424999
Australia,Bananas,2021,459861
Australia,Barley,2019,2157448
Australia,Barley,2020,3120668
Australia,Barley,2021,3062873
Australia,"Beans, dry",2019,45750
Australia,"Beans, dry",2020,62932
Australia,"Beans, dry",2021,91744
Australia,Beeswax,2019,1889
Australia,Beeswax,2020,1847
Australia,Beeswax,2021,1846
Australia,"Broad beans and horse beans, dry",2019,64529
Australia,"Broad beans and horse beans, dry",2020,86530
Australia,"Broad beans and horse beans, dry",2021,187933
Australia,Cabbages,2019,59202
Australia,Cabbages,2020,58818
Australia,Cabbages,2021,43792
Australia,Canary seed,2019,1008
Australia,Canary seed,2020,1009
Australia,Canary seed,2021,1012
Australia,Cantaloupes and other melons,2019,96841
Australia,Cantaloupes and other melons,2020,97966
Australia,Cantaloupes and other melons,2021,97422
Australia,Carrots and turnips,2019,146544
Australia,Carrots and turnips,2020,128131
Australia,Carrots and turnips,2021,156314
Australia,Cauliflowers and broccoli,2019,67166
Australia,Cauliflowers and broccoli,2020,72788
Australia,Cauliflowers and broccoli,2021,103167
Australia,Cherries,2019,127842
Australia,Cherries,2020,116087
Australia,Cherries,2021,160987
Australia,"Chick peas, dry",2019,136104
Australia,"Chick peas, dry",2020,424222
Australia,"Chick peas, dry",2021,514143
Australia,"Chillies and peppers, green (Capsicum spp. and Pimenta spp.)",2019,96803
Australia,"Chillies and peppers, green (Capsicum spp. and Pimenta spp.)",2020,88657
Australia,"Chillies and peppers, green (Capsicum spp. and Pimenta spp.)",2021,183100
Australia,Cucumbers and gherkins,2019,88602
Australia,Cucumbers and gherkins,2020,125073
Australia,Cucumbers and gherkins,2021,165928
Australia,Currants,2019,956
Australia,Currants,2020,943
Australia,Currants,2021,873
Australia,Figs,2019,42
Australia,Figs,2020,42
Australia,Figs,2021,40
Australia,Grapes,2019,839511
Australia,Grapes,2020,796989
Australia,Grapes,2021,1203292
Australia,Green corn (maize),2019,91918
Australia,Green corn (maize),2020,54992
Australia,Green corn (maize),2021,58049
Australia,"Groundnuts, excluding shelled",2019,8974
Australia,"Groundnuts, excluding shelled",2020,11312
Australia,"Groundnuts, excluding shelled",2021,14695
Australia,"Hen eggs in shell, fresh",2019,670263
Australia,"Hen eggs in shell, fresh",2020,632931
Australia,"Hen eggs in shell, fresh",2021,705964
Australia,Hop cones,2019,5771
Australia,Hop cones,2020,5629
Australia,Hop cones,2021,5721
Australia,"Horse meat, fresh or chilled (indigenous)",2019,41592
Australia,"Horse meat, fresh or chilled (indigenous)",2020,40995
Australia,"Horse meat, fresh or chilled (indigenous)",2021,37594
Australia,Kiwi fruit,2019,8384
Australia,Kiwi fruit,2020,10197
Australia,Kiwi fruit,2021,14113
Australia,Lemons and limes,2019,104047
Australia,Lemons and limes,2020,108810
Australia,Lemons and limes,2021,113586
Australia,"Lentils, dry",2019,364229
Australia,"Lentils, dry",2020,591276
Australia,"Lentils, dry",2021,692305
Australia,Lettuce and chicory,2019,130787
Australia,Lettuce and chicory,2020,118232
Australia,Lettuce and chicory,2021,136173
Australia,Linseed,2019,1302
Australia,Linseed,2020,1302
Australia,Linseed,2021,1302
Australia,Lupins,2019,139978
Australia,Lupins,2020,204970
Australia,Lupins,2021,226727
Australia,Maize (corn),2019,82672
Australia,Maize (corn),2020,67599
Australia,Maize (corn),2021,77227
Australia,"Mangoes, guavas and mangosteens",2019,94390
Australia,"Mangoes, guavas and mangosteens",2020,119150
Australia,"Mangoes, guavas and mangosteens",2021,118572
Australia,"Meat of cattle with the bone, fresh or chilled (indigenous)",2019,5912224
Australia,"Meat of cattle with the bone, fresh or chilled (indigenous)",2020,5166634
Australia,"Meat of cattle with the bone, fresh or chilled (indigenous)",2021,4604071
Australia,"Meat of chickens, fresh or chilled (indigenous)",2019,1911847
Australia,"Meat of chickens, fresh or chilled (indigenous)",2020,1980688
Australia,"Meat of chickens, fresh or chilled (indigenous)",2021,2084415
Australia,"Meat of ducks, fresh or chilled (indigenous)",2019,22574
Australia,"Meat of ducks, fresh or chilled (indigenous)",2020,23029
Australia,"Meat of ducks, fresh or chilled (indigenous)",2021,23579
Australia,"Meat of goat, fresh or chilled (indigenous)",2019,56144
Australia,"Meat of goat, fresh or chilled (indigenous)",2020,38935
Australia,"Meat of goat, fresh or chilled (indigenous)",2021,53841
Australia,"Meat of pig with the bone, fresh or chilled (indigenous)",2019,839075
Australia,"Meat of pig with the bone, fresh or chilled (indigenous)",2020,883359
Australia,"Meat of pig with the bone, fresh or chilled (indigenous)",2021,934602
Australia,"Meat of sheep, fresh or chilled (indigenous)",2019,1790367
Australia,"Meat of sheep, fresh or chilled (indigenous)",2020,1610442
Australia,"Meat of sheep, fresh or chilled (indigenous)",2021,1623131
Australia,"Meat of turkeys, fresh or chilled (indigenous)",2019,25147
Australia,"Meat of turkeys, fresh or chilled (indigenous)",2020,25921
Australia,"Meat of turkeys, fresh or chilled (indigenous)",2021,25456
Australia,Millet,2019,16022
Australia,Millet,2020,16091
Australia,Millet,2021,16091
Australia,Mushrooms and truffles,2019,232806
Australia,Mushrooms and truffles,2020,234212
Australia,Mushrooms and truffles,2021,329678
Australia,Natural honey,2019,36014
Australia,Natural honey,2020,35945
Australia,Natural honey,2021,34854
Australia,Oats,2019,231365
Australia,Oats,2020,384211
Australia,Oats,2021,351191
Australia,Olives,2019,125907
Australia,Olives,2020,70415
Australia,Olives,2021,189901
Australia,"Onions and shallots, dry (excluding dehydrated)",2019,176207
Australia,"Onions and shallots, dry (excluding dehydrated)",2020,170345
Australia,"Onions and shallots, dry (excluding dehydrated)",2021,164419
Australia,Oranges,2019,250329
Australia,Oranges,2020,279484
Australia,Oranges,2021,345686
Australia,"Other beans, green",2019,134134
Australia,"Other beans, green",2020,105660
Australia,"Other beans, green",2021,108425
Australia,Other berries and fruits of the genus vaccinium n.e.c.,2019,42147
Australia,Other berries and fruits of the genus vaccinium n.e.c.,2020,47178
Australia,Other berries and fruits of the genus vaccinium n.e.c.,2021,56008
Australia,"Other citrus fruit, n.e.c.",2019,950
Australia,"Other citrus fruit, n.e.c.",2020,917
Australia,"Other citrus fruit, n.e.c.",2021,910
Australia,"Other nuts (excluding wild edible nuts and groundnuts), in shell, n.e.c.",2019,141439
Australia,"Other nuts (excluding wild edible nuts and groundnuts), in shell, n.e.c.",2020,143979
Australia,"Other nuts (excluding wild edible nuts and groundnuts), in shell, n.e.c.",2021,198203
Australia,"Other tropical fruits, n.e.c.",2019,9553
Australia,"Other tropical fruits, n.e.c.",2020,9491
Australia,"Other tropical fruits, n.e.c.",2021,9284
Australia,"Other vegetables, fresh n.e.c.",2019,146179
Australia,"Other vegetables, fresh n.e.c.",2020,149175
Australia,"Other vegetables, fresh n.e.c.",2021,154262
Australia,Papayas,2019,36177
Australia,Papayas,2020,47638
Australia,Papayas,2021,51304
Australia,Peaches and nectarines,2019,135238
Australia,Peaches and nectarines,2020,126510
Australia,Peaches and nectarines,2021,133378
Australia,Pears,2019,67501
Australia,Pears,2020,70737
Australia,Pears,2021,104450
Australia,"Peas, dry",2019,37970
Australia,"Peas, dry",2020,50094
Australia,"Peas, dry",2021,95019
Australia,"Peas, green",2019,7605
Australia,"Peas, green",2020,8890
Australia,"Peas, green",2021,11950
Australia,Persimmons,2019,4334
Australia,Persimmons,2020,5320
Australia,Persimmons,2021,6551
Australia,Pineapples,2019,45425
Australia,Pineapples,2020,40740
Australia,Pineapples,2021,37459
Australia,Plums and sloes,2019,52017
Australia,Plums and sloes,2020,53078
Australia,Plums and sloes,2021,66554
Australia,Pomelos and grapefruits,2019,9438
Australia,Pomelos and grapefruits,2020,9712
Australia,Pomelos and grapefruits,2021,11289
Australia,Potatoes,2019,498576
Australia,Potatoes,2020,438152
Australia,Potatoes,2021,593678
Australia,"Pumpkins, squash and gourds",2019,51862
Australia,"Pumpkins, squash and gourds",2020,54203
Australia,"Pumpkins, squash and gourds",2021,93805
Australia,Rape or colza seed,2019,913867
Australia,Rape or colza seed,2020,1891082
Australia,Rape or colza seed,2021,2711663
Australia,Raspberries,2019,14793
Australia,Raspberries,2020,15038
Australia,Raspberries,2021,14900
Australia,Raw milk of cattle,2019,2758828
Australia,Raw milk of cattle,2020,2838053
Australia,Raw milk of cattle,2021,2828071
Australia,Rice,2019,20378
Australia,Rice,2020,15314
Australia,Rice,2021,128967
Australia,Rye,2019,9225
Australia,Rye,2020,9088
Australia,Rye,2021,8951
Australia,Safflower seed,2019,2726
Australia,Safflower seed,2020,2687
Australia,Safflower seed,2021,2701
Australia,"Seed cotton, unginned",2019,2129233
Australia,"Seed cotton, unginned",2020,536937
Australia,"Seed cotton, unginned",2021,2684685
Australia,"Shorn wool, greasy, including fleece-washed shorn wool",2019,1626469
Australia,"Shorn wool, greasy, including fleece-washed shorn wool",2020,1404659
Australia,"Shorn wool, greasy, including fleece-washed shorn wool",2021,1725461
Australia,Sorghum,2019,271159
Australia,Sorghum,2020,92877
Australia,Sorghum,2021,382962
Australia,Soya beans,2019,6771
Australia,Soya beans,2020,7749
Australia,Soya beans,2021,17992
Australia,Spinach,2019,48835
Australia,Spinach,2020,44171
Australia,Spinach,2021,39300
Australia,Strawberries,2019,341217
Australia,Strawberries,2020,293781
Australia,Strawberries,2021,387107
Australia,Sugar cane,2019,1011491
Australia,Sugar cane,2020,944967
Australia,Sugar cane,2021,971491
Australia,Sunflower seed,2019,4676
Australia,Sunflower seed,2020,5552
Australia,Sunflower seed,2021,13121
Australia,Sweet potatoes,2019,83227
Australia,Sweet potatoes,2020,86723
Australia,Sweet potatoes,2021,90865
Australia,"Tangerines, mandarins, clementines",2019,167849
Australia,"Tangerines, mandarins, clementines",2020,155256
Australia,"Tangerines, mandarins, clementines",2021,205692
Australia,Tomatoes,2019,233620
Australia,Tomatoes,2020,211113
Australia,Tomatoes,2021,335120
Australia,Triticale,2019,12076
Australia,Triticale,2020,15608
Australia,Triticale,2021,34689
Australia,Vetches,2019,2327
Australia,Vetches,2020,2306
Australia,Vetches,2021,2310
Australia,"Walnuts, in shell",2019,45700
Australia,"Walnuts, in shell",2020,45265
Australia,"Walnuts, in shell",2021,52482
Australia,Watermelons,2019,117200
Australia,Watermelons,2020,123723
Australia,Watermelons,2021,134372
Australia,Wheat,2019,3456633
Australia,Wheat,2020,7620365
Australia,Wheat,2021,8650398
Azerbaijan,"Almonds, in shell",2019,1899
Azerbaijan,"Almonds, in shell",2020,3047
Azerbaijan,"Almonds, in shell",2021,6463
Azerbaijan,Apples,2019,133447
Azerbaijan,Apples,2020,137401
Azerbaijan,Apples,2021,140581
Azerbaijan,Apricots,2019,28230
Azerbaijan,Apricots,2020,27965
Azerbaijan,Apricots,2021,28340
Azerbaijan,Barley,2019,239414
Azerbaijan,Barley,2020,240445
Azerbaijan,Barley,2021,270557
Azerbaijan,"Beans, dry",2019,13145
Azerbaijan,"Beans, dry",2020,9215
Azerbaijan,"Beans, dry",2021,9679
Azerbaijan,"Broad beans and horse beans, dry",2019,92
Azerbaijan,"Broad beans and horse beans, dry",2020,190
Azerbaijan,"Broad beans and horse beans, dry",2021,88
Azerbaijan,Cabbages,2019,51850
Azerbaijan,Cabbages,2020,45256
Azerbaijan,Cabbages,2021,46232
Azerbaijan,Cantaloupes and other melons,2019,24321
Azerbaijan,Cantaloupes and other melons,2020,22370
Azerbaijan,Cantaloupes and other melons,2021,24197
Azerbaijan,Carrots and turnips,2019,25787
Azerbaijan,Carrots and turnips,2020,18140
Azerbaijan,Carrots and turnips,2021,20421
Azerbaijan,Cherries,2019,10527
Azerbaijan,Cherries,2020,10523
Azerbaijan,Cherries,2021,10799
Azerbaijan,"Chestnuts, in shell",2019,1526
Azerbaijan,"Chestnuts, in shell",2020,1568
Azerbaijan,"Chestnuts, in shell",2021,1483
Azerbaijan,"Chillies and peppers, green (Capsicum spp. and Pimenta spp.)",2019,32333
Azerbaijan,"Chillies and peppers, green (Capsicum spp. and Pimenta spp.)",2020,34101
Azerbaijan,"Chillies and peppers, green (Capsicum spp. and Pimenta spp.)",2021,33716
Azerbaijan,Cucumbers and gherkins,2019,124585
Azerbaijan,Cucumbers and gherkins,2020,113592
Azerbaijan,Cucumbers and gherkins,2021,123061
Azerbaijan,Currants,2019,3195
Azerbaijan,Currants,2020,3260
Azerbaijan,Currants,2021,3259
Azerbaijan,Eggplants (aubergines),2019,29579
Azerbaijan,Eggplants (aubergines),2020,29273
Azerbaijan,Eggplants (aubergines),2021,32284
Azerbaijan,"Eggs from other birds in shell, fresh, n.e.c.",2019,513
Azerbaijan,"Eggs from other birds in shell, fresh, n.e.c.",2020,513
Azerbaijan,"Eggs from other birds in shell, fresh, n.e.c.",2021,513
Azerbaijan,Figs,2019,9214
Azerbaijan,Figs,2020,9360
Azerbaijan,Figs,2021,9631
Azerbaijan,Grapes,2019,141627
Azerbaijan,Grapes,2020,145961
Azerbaijan,Grapes,2021,147241
Azerbaijan,Green garlic,2019,30626
Azerbaijan,Green garlic,2020,20524
Azerbaijan,Green garlic,2021,19343
Azerbaijan,"Hazelnuts, in shell",2019,107146
Azerbaijan,"Hazelnuts, in shell",2020,98525
Azerbaijan,"Hazelnuts, in shell",2021,134706
Azerbaijan,"Hen eggs in shell, fresh",2019,126491
Azerbaijan,"Hen eggs in shell, fresh",2020,131959
Azerbaijan,"Hen eggs in shell, fresh",2021,127294
Azerbaijan,Lemons and limes,2019,8257
Azerbaijan,Lemons and limes,2020,8464
Azerbaijan,Lemons and limes,2021,9160
Azerbaijan,"Lentils, dry",2019,1186
Azerbaijan,"Lentils, dry",2020,914
Azerbaijan,"Lentils, dry",2021,784
Azerbaijan,Maize (corn),2019,77905
Azerbaijan,Maize (corn),2020,86406
Azerbaijan,Maize (corn),2021,76718
Azerbaijan,"Meat of cattle with the bone, fresh or chilled (indigenous)",2019,423775
Azerbaijan,"Meat of cattle with the bone, fresh or chilled (indigenous)",2020,443319
Azerbaijan,"Meat of cattle with the bone, fresh or chilled (indigenous)",2021,455443
Azerbaijan,"Meat of chickens, fresh or chilled (indigenous)",2019,271579
Azerbaijan,"Meat of chickens, fresh or chilled (indigenous)",2020,279570
Azerbaijan,"Meat of chickens, fresh or chilled (indigenous)",2021,300483
Azerbaijan,"Meat of pig with the bone, fresh or chilled (indigenous)",2019,1556
Azerbaijan,"Meat of pig with the bone, fresh or chilled (indigenous)",2020,1522
Azerbaijan,"Meat of pig with the bone, fresh or chilled (indigenous)",2021,1566
Azerbaijan,"Meat of sheep, fresh or chilled (indigenous)",2019,291118
Azerbaijan,"Meat of sheep, fresh or chilled (indigenous)",2020,295760
Azerbaijan,"Meat of sheep, fresh or chilled (indigenous)",2021,300392
Azerbaijan,Millet,2019,775
Azerbaijan,Millet,2020,584
Azerbaijan,Millet,2021,370
Azerbaijan,Mushrooms and truffles,2019,1481
Azerbaijan,Mushrooms and truffles,2020,1498
Azerbaijan,Mushrooms and truffles,2021,1526
Azerbaijan,Natural honey,2019,118607
Azerbaijan,Natural honey,2020,136368
Azerbaijan,Natural honey,2021,139562
Azerbaijan,Oats,2019,2311
Azerbaijan,Oats,2020,1895
Azerbaijan,Oats,2021,1985
Azerbaijan,Olives,2019,575
Azerbaijan,Olives,2020,479
Azerbaijan,Olives,2021,747
Azerbaijan,"Onions and shallots, dry (excluding dehydrated)",2019,90045
Azerbaijan,"Onions and shallots, dry (excluding dehydrated)",2020,92625
Azerbaijan,"Onions and shallots, dry (excluding dehydrated)",2021,96497
Azerbaijan,Oranges,2019,3950
Azerbaijan,Oranges,2020,4461
Azerbaijan,Oranges,2021,5133
Azerbaijan,Other berries and fruits of the genus vaccinium n.e.c.,2019,41764
Azerbaijan,Other berries and fruits of the genus vaccinium n.e.c.,2020,49082
Azerbaijan,Other berries and fruits of the genus vaccinium n.e.c.,2021,51084
Azerbaijan,"Other citrus fruit, n.e.c.",2019,5306
Azerbaijan,"Other citrus fruit, n.e.c.",2020,5357
Azerbaijan,"Other citrus fruit, n.e.c.",2021,5293
Azerbaijan,"Other fruits, n.e.c.",2019,94603
Azerbaijan,"Other fruits, n.e.c.",2020,97171
Azerbaijan,"Other fruits, n.e.c.",2021,95254
Azerbaijan,"Other nuts (excluding wild edible nuts and groundnuts), in shell, n.e.c.",2019,8706
Azerbaijan,"Other nuts (excluding wild edible nuts and groundnuts), in shell, n.e.c.",2020,8839
Azerbaijan,"Other nuts (excluding wild edible nuts and groundnuts), in shell, n.e.c.",2021,8720
Azerbaijan,Other pulses n.e.c.,2019,13536
Azerbaijan,Other pulses n.e.c.,2020,9315
Azerbaijan,Other pulses n.e.c.,2021,5740
Azerbaijan,"Other vegetables, fresh n.e.c.",2019,50427
Azerbaijan,"Other vegetables, fresh n.e.c.",2020,50422
Azerbaijan,"Other vegetables, fresh n.e.c.",2021,52581
Azerbaijan,Peaches and nectarines,2019,17298
Azerbaijan,Peaches and nectarines,2020,18744
Azerbaijan,Peaches and nectarines,2021,23056
Azerbaijan,Pears,2019,43003
Azerbaijan,Pears,2020,44303
Azerbaijan,Pears,2021,51401
Azerbaijan,"Peas, dry",2019,18911
Azerbaijan,"Peas, dry",2020,8776
Azerbaijan,"Peas, dry",2021,7338
Azerbaijan,"Peas, green",2019,1126
Azerbaijan,"Peas, green",2020,1423
Azerbaijan,"Peas, green",2021,898
Azerbaijan,Persimmons,2019,78947
Azerbaijan,Persimmons,2020,82565
Azerbaijan,Persimmons,2021,85787
Azerbaijan,"Pistachios, in shell",2019,32
Azerbaijan,"Pistachios, in shell",2020,31
Azerbaijan,"Pistachios, in shell",2021,34
Azerbaijan,Plums and sloes,2019,14644
Azerbaijan,Plums and sloes,2020,14732
Azerbaijan,Plums and sloes,2021,15515
Azerbaijan,Potatoes,2019,391832
Azerbaijan,Potatoes,2020,404890
Azerbaijan,Potatoes,2021,414380
Azerbaijan,"Pumpkins, squash and gourds",2019,10403
Azerbaijan,"Pumpkins, squash and gourds",2020,11776
Azerbaijan,"Pumpkins, squash and gourds",2021,10725
Azerbaijan,Quinces,2019,29682
Azerbaijan,Quinces,2020,29747
Azerbaijan,Quinces,2021,31787
Azerbaijan,Raspberries,2019,17085
Azerbaijan,Raspberries,2020,17050
Azerbaijan,Raspberries,2021,17049
Azerbaijan,Raw milk of cattle,2019,999070
Azerbaijan,Raw milk of cattle,2020,1019156
Azerbaijan,Raw milk of cattle,2021,1033757
Azerbaijan,Raw milk of goats,2019,3149
Azerbaijan,Raw milk of goats,2020,2958
Azerbaijan,Raw milk of goats,2021,2848
Azerbaijan,Raw milk of sheep,2019,15702
Azerbaijan,Raw milk of sheep,2020,15455
Azerbaijan,Raw milk of sheep,2021,15571
Azerbaijan,Rice,2019,9579
Azerbaijan,Rice,2020,8131
Azerbaijan,Rice,2021,8707
Azerbaijan,Rye,2019,91
Azerbaijan,Rye,2020,86
Azerbaijan,Rye,2021,87
Azerbaijan,"Seed cotton, unginned",2019,121944
Azerbaijan,"Seed cotton, unginned",2020,139088
Azerbaijan,"Seed cotton, unginned",2021,118542
Azerbaijan,"Shorn wool, greasy, including fleece-washed shorn wool",2019,25762
Azerbaijan,"Shorn wool, greasy, including fleece-washed shorn wool",2020,25816
Azerbaijan,"Shorn wool, greasy, including fleece-washed shorn wool",2021,25831
Azerbaijan,Silk-worm cocoons suitable for reeling,2019,6586
Azerbaijan,Silk-worm cocoons suitable for reeling,2020,4569
Azerbaijan,Silk-worm cocoons suitable for reeling,2021,5089
Azerbaijan,Sorghum,2019,44
Azerbaijan,Sorghum,2020,76
Azerbaijan,Sorghum,2021,33
Azerbaijan,Sour cherries,2019,38447
Azerbaijan,Sour cherries,2020,42124
Azerbaijan,Sour cherries,2021,41628
Azerbaijan,Soya beans,2019,15
Azerbaijan,Soya beans,2020,15
Azerbaijan,Soya beans,2021,15
Azerbaijan,Sugar beet,2019,11557
Azerbaijan,Sugar beet,2020,12362
Azerbaijan,Sugar beet,2021,9376
Azerbaijan,Sunflower seed,2019,27086
Azerbaijan,Sunflower seed,2020,19231
Azerbaijan,Sunflower seed,2021,20251
Azerbaijan,"Tangerines, mandarins, clementines",2019,31578
Azerbaijan,"Tangerines, mandarins, clementines",2020,32714
Azerbaijan,"Tangerines, mandarins, clementines",2021,37505
Azerbaijan,Tea leaves,2019,820
Azerbaijan,Tea leaves,2020,821
Azerbaijan,Tea leaves,2021,1039
Azerbaijan,Tomatoes,2019,419211
Azerbaijan,Tomatoes,2020,465505
Azerbaijan,Tomatoes,2021,485011
Azerbaijan,Unmanufactured tobacco,2019,3534
Azerbaijan,Unmanufactured tobacco,2020,4067
Azerbaijan,Unmanufactured tobacco,2021,3755
Azerbaijan,"Walnuts, in shell",2019,29744
Azerbaijan,"Walnuts, in shell",2020,32459
Azerbaijan,"Walnuts, in shell",2021,33739
Azerbaijan,Watermelons,2019,59016
Azerbaijan,Watermelons,2020,60406
Azerbaijan,Watermelons,2021,61161
Azerbaijan,Wheat,2019,566948
Azerbaijan,Wheat,2020,487711
Azerbaijan,Wheat,2021,492678
Bangladesh,Areca nuts,2019,916534
Bangladesh,Areca nuts,2020,950956
Bangladesh,Areca nuts,2021,1000705
Bangladesh,Bananas,2019,274086
Bangladesh,Bananas,2020,269020
Bangladesh,Bananas,2021,271731
Bangladesh,Barley,2019,68
Bangladesh,Barley,2020,53
Bangladesh,Barley,2021,75
Bangladesh,"Beans, dry",2019,34927
Bangladesh,"Beans, dry",2020,32533
Bangladesh,"Beans, dry",2021,35741
Bangladesh,Cabbages,2019,42236
Bangladesh,Cabbages,2020,49033
Bangladesh,Cabbages,2021,48519
Bangladesh,Cantaloupes and other melons,2019,29715
Bangladesh,Cantaloupes and other melons,2020,38368
Bangladesh,Cantaloupes and other melons,2021,51053
Bangladesh,Castor oil seeds,2019,89
Bangladesh,Castor oil seeds,2020,87
Bangladesh,Castor oil seeds,2021,88
Bangladesh,Cauliflowers and broccoli,2019,50366
Bangladesh,Cauliflowers and broccoli,2020,50158
Bangladesh,Cauliflowers and broccoli,2021,52200
Bangladesh,"Chick peas, dry",2019,3727
Bangladesh,"Chick peas, dry",2020,3444
Bangladesh,"Chick peas, dry",2021,3490
Bangladesh,"Chillies and peppers, dry (Capsicum spp., Pimenta spp.), raw",2019,275316
Bangladesh,"Chillies and peppers, dry (Capsicum spp., Pimenta spp.), raw",2020,290299
Bangladesh,"Chillies and peppers, dry (Capsicum spp., Pimenta spp.), raw",2021,907476
Bangladesh,"Coconuts, in shell",2019,92671
Bangladesh,"Coconuts, in shell",2020,92671
Bangladesh,"Coconuts, in shell",2021,86499
Bangladesh,Cucumbers and gherkins,2019,27383
Bangladesh,Cucumbers and gherkins,2020,29940
Bangladesh,Cucumbers and gherkins,2021,36027
Bangladesh,"Eggs from other birds in shell, fresh, n.e.c.",2019,545160
Bangladesh,"Eggs from other birds in shell, fresh, n.e.c.",2020,553242
Bangladesh,"Eggs from other birds in shell, fresh, n.e.c.",2021,655532
Bangladesh,"Ginger, raw",2019,74150
Bangladesh,"Ginger, raw",2020,78450
Bangladesh,"Ginger, raw",2021,75519
Bangladesh,Green garlic,2019,434660
Bangladesh,Green garlic,2020,452421
Bangladesh,Green garlic,2021,467486
Bangladesh,"Groundnuts, excluding shelled",2019,51954
Bangladesh,"Groundnuts, excluding shelled",2020,49872
Bangladesh,"Groundnuts, excluding shelled",2021,55189
Bangladesh,"Hen eggs in shell, fresh",2019,1498442
Bangladesh,"Hen eggs in shell, fresh",2020,1520391
Bangladesh,"Hen eggs in shell, fresh",2021,1801994
Bangladesh,"Jute, raw or retted",2019,583771
Bangladesh,"Jute, raw or retted",2020,638907
Bangladesh,"Jute, raw or retted",2021,613485
Bangladesh,"Kenaf, and other textile bast fibres, raw or retted",2019,33
Bangladesh,"Kenaf, and other textile bast fibres, raw or retted",2020,44
Bangladesh,"Kenaf, and other textile bast fibres, raw or retted",2021,38
Bangladesh,Lemons and limes,2019,41220
Bangladesh,Lemons and limes,2020,35982
Bangladesh,Lemons and limes,2021,50148
Bangladesh,"Lentils, dry",2019,178562
Bangladesh,"Lentils, dry",2020,180568
Bangladesh,"Lentils, dry",2021,188861
Bangladesh,Linseed,2019,2256
Bangladesh,Linseed,2020,1917
Bangladesh,Linseed,2021,2314
Bangladesh,Maize (corn),2019,746770
Bangladesh,Maize (corn),2020,840079
Bangladesh,Maize (corn),2021,861238
Bangladesh,"Mangoes, guavas and mangosteens",2019,563877
Bangladesh,"Mangoes, guavas and mangosteens",2020,560805
Bangladesh,"Mangoes, guavas and mangosteens",2021,564738
Bangladesh,"Meat of buffalo, fresh or chilled (indigenous)",2019,8039
Bangladesh,"Meat of buffalo, fresh or chilled (indigenous)",2020,8080
Bangladesh,"Meat of buffalo, fresh or chilled (indigenous)",2021,8138
Bangladesh,"Meat of cattle with the bone, fresh or chilled (indigenous)",2019,251205
Bangladesh,"Meat of cattle with the bone, fresh or chilled (indigenous)",2020,252881
Bangladesh,"Meat of cattle with the bone, fresh or chilled (indigenous)",2021,254518
Bangladesh,"Meat of chickens, fresh or chilled (indigenous)",2019,254751
Bangladesh,"Meat of chickens, fresh or chilled (indigenous)",2020,264240
Bangladesh,"Meat of chickens, fresh or chilled (indigenous)",2021,271318
Bangladesh,"Meat of ducks, fresh or chilled (indigenous)",2019,52287
Bangladesh,"Meat of ducks, fresh or chilled (indigenous)",2020,54456
Bangladesh,"Meat of ducks, fresh or chilled (indigenous)",2021,56156
Bangladesh,"Meat of goat, fresh or chilled (indigenous)",2019,418373
Bangladesh,"Meat of goat, fresh or chilled (indigenous)",2020,428540
Bangladesh,"Meat of goat, fresh or chilled (indigenous)",2021,437963
Bangladesh,"Meat of sheep, fresh or chilled (indigenous)",2019,11760
Bangladesh,"Meat of sheep, fresh or chilled (indigenous)",2020,11992
Bangladesh,"Meat of sheep, fresh or chilled (indigenous)",2021,12231
Bangladesh,Millet,2019,1692
Bangladesh,Millet,2020,1583
Bangladesh,Millet,2021,1652
Bangladesh,Natural rubber in primary forms,2019,10000
Bangladesh,Natural rubber in primary forms,2020,9522
Bangladesh,Natural rubber in primary forms,2021,9565
Bangladesh,"Onions and shallots, dry (excluding dehydrated)",2019,704619
Bangladesh,"Onions and shallots, dry (excluding dehydrated)",2020,763608
Bangladesh,"Onions and shallots, dry (excluding dehydrated)",2021,886703
Bangladesh,Oranges,2019,537
Bangladesh,Oranges,2020,509
Bangladesh,Oranges,2021,592
Bangladesh,"Other beans, green",2019,45704
Bangladesh,"Other beans, green",2020,53853
Bangladesh,"Other beans, green",2021,53937
Bangladesh,Other berries and fruits of the genus vaccinium n.e.c.,2019,56662
Bangladesh,Other berries and fruits of the genus vaccinium n.e.c.,2020,60249
Bangladesh,Other berries and fruits of the genus vaccinium n.e.c.,2021,63118
Bangladesh,"Other fibre crops, raw, n.e.c.",2019,198
Bangladesh,"Other fibre crops, raw, n.e.c.",2020,201
Bangladesh,"Other fibre crops, raw, n.e.c.",2021,197
Bangladesh,"Other fruits, n.e.c.",2019,126719
Bangladesh,"Other fruits, n.e.c.",2020,128777
Bangladesh,"Other fruits, n.e.c.",2021,119346
Bangladesh,"Other oil seeds, n.e.c.",2019,676
Bangladesh,"Other oil seeds, n.e.c.",2020,495
Bangladesh,"Other oil seeds, n.e.c.",2021,686
Bangladesh,Other pulses n.e.c.,2019,48146
Bangladesh,Other pulses n.e.c.,2020,77193
Bangladesh,Other pulses n.e.c.,2021,159052
Bangladesh,"Other stimulant, spice and aromatic crops, n.e.c.",2019,109102
Bangladesh,"Other stimulant, spice and aromatic crops, n.e.c.",2020,194244
Bangladesh,"Other stimulant, spice and aromatic crops, n.e.c.",2021,190561
Bangladesh,Other sugar crops n.e.c.,2019,8806
Bangladesh,Other sugar crops n.e.c.,2020,8149
Bangladesh,Other sugar crops n.e.c.,2021,8494
Bangladesh,"Other tropical fruits, n.e.c.",2019,140094
Bangladesh,"Other tropical fruits, n.e.c.",2020,135931
Bangladesh,"Other tropical fruits, n.e.c.",2021,159828
Bangladesh,"Other vegetables, fresh n.e.c.",2019,166515
Bangladesh,"Other vegetables, fresh n.e.c.",2020,171515
Bangladesh,"Other vegetables, fresh n.e.c.",2021,171164
Bangladesh,Papayas,2019,57037
Bangladesh,Papayas,2020,54882
Bangladesh,Papayas,2021,52816
Bangladesh,"Peas, dry",2019,3809
Bangladesh,"Peas, dry",2020,4495
Bangladesh,"Peas, dry",2021,4123
Bangladesh,"Pigeon peas, dry",2019,114
Bangladesh,"Pigeon peas, dry",2020,112
Bangladesh,"Pigeon peas, dry",2021,116
Bangladesh,Pineapples,2019,37508
Bangladesh,Pineapples,2020,37613
Bangladesh,Pineapples,2021,35904
Bangladesh,Pomelos and grapefruits,2019,39668
Bangladesh,Pomelos and grapefruits,2020,44572
Bangladesh,Pomelos and grapefruits,2021,43274
Bangladesh,Potatoes,2019,1767660
Bangladesh,Potatoes,2020,1758674
Bangladesh,Potatoes,2021,1810164
Bangladesh,"Pumpkins, squash and gourds",2019,111665
Bangladesh,"Pumpkins, squash and gourds",2020,118050
Bangladesh,"Pumpkins, squash and gourds",2021,122401
Bangladesh,Rape or colza seed,2019,175640
Bangladesh,Rape or colza seed,2020,201844
Bangladesh,Rape or colza seed,2021,223449
Bangladesh,Raw milk of buffalo,2019,57724
Bangladesh,Raw milk of buffalo,2020,62140
Bangladesh,Raw milk of buffalo,2021,69733
Bangladesh,Raw milk of cattle,2019,2136625
Bangladesh,Raw milk of cattle,2020,2300087
Bangladesh,Raw milk of cattle,2021,2581137
Bangladesh,Raw milk of goats,2019,183667
Bangladesh,Raw milk of goats,2020,197719
Bangladesh,Raw milk of goats,2021,221878
Bangladesh,Raw milk of sheep,2019,11870
Bangladesh,Raw milk of sheep,2020,12778
Bangladesh,Raw milk of sheep,2021,14340
Bangladesh,Rice,2019,12424374
Bangladesh,Rice,2020,12712990
Bangladesh,Rice,2021,12875292
Bangladesh,"Seed cotton, unginned",2019,16416
Bangladesh,"Seed cotton, unginned",2020,16416
Bangladesh,"Seed cotton, unginned",2021,13519
Bangladesh,Sesame seed,2019,18524
Bangladesh,Sesame seed,2020,18625
Bangladesh,Sesame seed,2021,19005
Bangladesh,"Shorn wool, greasy, including fleece-washed shorn wool",2019,2451
Bangladesh,"Shorn wool, greasy, including fleece-washed shorn wool",2020,2478
Bangladesh,"Shorn wool, greasy, including fleece-washed shorn wool",2021,2488
Bangladesh,Sorghum,2019,12
Bangladesh,Sorghum,2020,10
Bangladesh,Sorghum,2021,8
Bangladesh,Soya beans,2019,50346
Bangladesh,Soya beans,2020,47609
Bangladesh,Soya beans,2021,41435
Bangladesh,Spinach,2019,9628
Bangladesh,Spinach,2020,9926
Bangladesh,Spinach,2021,10112
Bangladesh,Sugar cane,2019,128719
Bangladesh,Sugar cane,2020,150884
Bangladesh,Sugar cane,2021,136529
Bangladesh,Sweet potatoes,2019,39572
Bangladesh,Sweet potatoes,2020,41222
Bangladesh,Sweet potatoes,2021,46940
Bangladesh,Tea leaves,2019,584429
Bangladesh,Tea leaves,2020,611129
Bangladesh,Tea leaves,2021,611129
Bangladesh,Tomatoes,2019,127631
Bangladesh,Tomatoes,2020,136797
Bangladesh,Tomatoes,2021,147438
Bangladesh,Unmanufactured tobacco,2019,113079
Bangladesh,Unmanufactured tobacco,2020,75492
Bangladesh,Unmanufactured tobacco,2021,78262
Bangladesh,Wheat,2019,275004
Bangladesh,Wheat,2020,278301
Bangladesh,Wheat,2021,293546
Barbados,Avocados,2019,727
Barbados,Avocados,2020,731
Barbados,Avocados,2021,735
Barbados,Bananas,2019,1412
Barbados,Bananas,2020,1628
Barbados,Bananas,2021,1907
Barbados,"Beans, dry",2019,609
Barbados,"Beans, dry",2020,612
Barbados,"Beans, dry",2021,614
Barbados,Cabbages,2019,1006
Barbados,Cabbages,2020,912
Barbados,Cabbages,2021,512
Barbados,Cantaloupes and other melons,2019,897
Barbados,Cantaloupes and other melons,2020,675
Barbados,Cantaloupes and other melons,2021,516
Barbados,Carrots and turnips,2019,1026
Barbados,Carrots and turnips,2020,537
Barbados,Carrots and turnips,2021,388
Barbados,"Cassava, fresh",2019,985
Barbados,"Cassava, fresh",2020,1608
Barbados,"Cassava, fresh",2021,1287
Barbados,"Chillies and peppers, green (Capsicum spp. and Pimenta spp.)",2019,1577
Barbados,"Chillies and peppers, green (Capsicum spp. and Pimenta spp.)",2020,1142
Barbados,"Chillies and peppers, green (Capsicum spp. and Pimenta spp.)",2021,610
Barbados,"Coconuts, in shell",2019,2842
Barbados,"Coconuts, in shell",2020,2842
Barbados,"Coconuts, in shell",2021,2842
Barbados,Cucumbers and gherkins,2019,1230
Barbados,Cucumbers and gherkins,2020,892
Barbados,Cucumbers and gherkins,2021,559
Barbados,Green corn (maize),2019,612
Barbados,Green corn (maize),2020,618
Barbados,Green corn (maize),2021,610
Barbados,"Groundnuts, excluding shelled",2019,38
Barbados,"Groundnuts, excluding shelled",2020,40
Barbados,"Groundnuts, excluding shelled",2021,37
Barbados,"Hen eggs in shell, fresh",2019,17513
Barbados,"Hen eggs in shell, fresh",2020,16215
Barbados,"Hen eggs in shell, fresh",2021,12171
Barbados,Lettuce and chicory,2019,912
Barbados,Lettuce and chicory,2020,759
Barbados,Lettuce and chicory,2021,481
Barbados,Maize (corn),2019,42
Barbados,Maize (corn),2020,85
Barbados,Maize (corn),2021,49
Barbados,"Meat of cattle with the bone, fresh or chilled (indigenous)",2019,1168
Barbados,"Meat of cattle with the bone, fresh or chilled (indigenous)",2020,806
Barbados,"Meat of cattle with the bone, fresh or chilled (indigenous)",2021,1091
Barbados,"Meat of chickens, fresh or chilled (indigenous)",2019,52019
Barbados,"Meat of chickens, fresh or chilled (indigenous)",2020,38345
Barbados,"Meat of chickens, fresh or chilled (indigenous)",2021,42248
Barbados,"Meat of goat, fresh or chilled (indigenous)",2019,435
Barbados,"Meat of goat, fresh or chilled (indigenous)",2020,436
Barbados,"Meat of goat, fresh or chilled (indigenous)",2021,439
Barbados,"Meat of pig with the bone, fresh or chilled (indigenous)",2019,15596
Barbados,"Meat of pig with the bone, fresh or chilled (indigenous)",2020,15754
Barbados,"Meat of pig with the bone, fresh or chilled (indigenous)",2021,14463
Barbados,"Meat of sheep, fresh or chilled (indigenous)",2019,672
Barbados,"Meat of sheep, fresh or chilled (indigenous)",2020,722
Barbados,"Meat of sheep, fresh or chilled (indigenous)",2021,474
Barbados,"Meat of turkeys, fresh or chilled (indigenous)",2019,615
Barbados,"Meat of turkeys, fresh or chilled (indigenous)",2020,461
Barbados,"Meat of turkeys, fresh or chilled (indigenous)",2021,974
Barbados,Okra,2019,1099
Barbados,Okra,2020,849
Barbados,Okra,2021,516
Barbados,"Onions and shallots, dry (excluding dehydrated)",2019,1624
Barbados,"Onions and shallots, dry (excluding dehydrated)",2020,1288
Barbados,"Onions and shallots, dry (excluding dehydrated)",2021,1074
Barbados,"Other fruits, n.e.c.",2019,1885
Barbados,"Other fruits, n.e.c.",2020,1919
Barbados,"Other fruits, n.e.c.",2021,1913
Barbados,Other pulses n.e.c.,2019,5442
Barbados,Other pulses n.e.c.,2020,5631
Barbados,Other pulses n.e.c.,2021,5446
Barbados,"Other tropical fruits, n.e.c.",2019,2775
Barbados,"Other tropical fruits, n.e.c.",2020,2784
Barbados,"Other tropical fruits, n.e.c.",2021,2789
Barbados,"Other vegetables, fresh n.e.c.",2019,14472
Barbados,"Other vegetables, fresh n.e.c.",2020,14519
Barbados,"Other vegetables, fresh n.e.c.",2021,14754
Barbados,Plantains and cooking bananas,2019,64
Barbados,Plantains and cooking bananas,2020,456
Barbados,Plantains and cooking bananas,2021,1277
Barbados,"Pumpkins, squash and gourds",2019,969
Barbados,"Pumpkins, squash and gourds",2020,855
Barbados,"Pumpkins, squash and gourds",2021,625
Barbados,Raw milk of cattle,2019,5305
Barbados,Raw milk of cattle,2020,4531
Barbados,Raw milk of cattle,2021,4945
Barbados,String beans,2019,1375
Barbados,String beans,2020,1518
Barbados,String beans,2021,493
Barbados,Sugar cane,2019,2474
Barbados,Sugar cane,2020,2673
Barbados,Sugar cane,2021,2695
Barbados,Sweet potatoes,2019,4758
Barbados,Sweet potatoes,2020,3522
Barbados,Sweet potatoes,2021,3175
Barbados,Taro,2019,198
Barbados,Taro,2020,195
Barbados,Taro,2021,196
Barbados,Tomatoes,2019,1742
Barbados,Tomatoes,2020,1939
Barbados,Tomatoes,2021,997
Barbados,Yams,2019,679
Barbados,Yams,2020,675
Barbados,Yams,2021,1089
Belarus,Apples,2019,106006
Belarus,Apples,2020,167701
Belarus,Apples,2021,106006
Belarus,Barley,2019,159216
Belarus,Barley,2020,199350
Belarus,Barley,2021,156144
Belarus,"Beans, dry",2019,157949
Belarus,"Beans, dry",2020,161454
Belarus,"Beans, dry",2021,168768
Belarus,Buckwheat,2019,4243
Belarus,Buckwheat,2020,7080
Belarus,Buckwheat,2021,4503
Belarus,Cabbages,2019,81692
Belarus,Cabbages,2020,73926
Belarus,Cabbages,2021,76316
Belarus,Carrots and turnips,2019,66496
Belarus,Carrots and turnips,2020,60049
Belarus,Carrots and turnips,2021,60656
Belarus,Cereals n.e.c.,2019,2678
Belarus,Cereals n.e.c.,2020,2882
Belarus,Cereals n.e.c.,2021,3102
Belarus,Cherries,2019,6569
Belarus,Cherries,2020,7225
Belarus,Cherries,2021,6930
Belarus,Cranberries,2019,295
Belarus,Cranberries,2020,316
Belarus,Cranberries,2021,352
Belarus,Cucumbers and gherkins,2019,209315
Belarus,Cucumbers and gherkins,2020,196789
Belarus,Cucumbers and gherkins,2021,190991
Belarus,"Eggs from other birds in shell, fresh, n.e.c.",2019,1108
Belarus,"Eggs from other birds in shell, fresh, n.e.c.",2020,1108
Belarus,"Eggs from other birds in shell, fresh, n.e.c.",2021,1108
Belarus,"Flax, processed but not spun",2020,19695
Belarus,"Flax, processed but not spun",2021,14771
Belarus,Green garlic,2019,48518
Belarus,Green garlic,2020,53725
Belarus,Green garlic,2021,54007
Belarus,"Hazelnuts, in shell",2019,173
Belarus,"Hazelnuts, in shell",2020,174
Belarus,"Hazelnuts, in shell",2021,170
Belarus,"Hen eggs in shell, fresh",2019,284872
Belarus,"Hen eggs in shell, fresh",2020,276105
Belarus,"Hen eggs in shell, fresh",2021,278708
Belarus,"Horse meat, fresh or chilled (indigenous)",2019,676
Belarus,"Horse meat, fresh or chilled (indigenous)",2020,406
Belarus,"Horse meat, fresh or chilled (indigenous)",2021,406
Belarus,Linseed,2019,4826
Belarus,Linseed,2020,3758
Belarus,Linseed,2021,3605
Belarus,Lupins,2019,717
Belarus,Lupins,2020,755
Belarus,Lupins,2021,988
Belarus,Maize (corn),2019,361545
Belarus,Maize (corn),2020,355109
Belarus,Maize (corn),2021,378929
Belarus,"Meat of cattle with the bone, fresh or chilled (indigenous)",2019,810164
Belarus,"Meat of cattle with the bone, fresh or chilled (indigenous)",2020,840298
Belarus,"Meat of cattle with the bone, fresh or chilled (indigenous)",2021,860058
Belarus,"Meat of chickens, fresh or chilled (indigenous)",2019,638161
Belarus,"Meat of chickens, fresh or chilled (indigenous)",2020,673290
Belarus,"Meat of chickens, fresh or chilled (indigenous)",2021,638625
Belarus,"Meat of pig with the bone, fresh or chilled (indigenous)",2019,801684
Belarus,"Meat of pig with the bone, fresh or chilled (indigenous)",2020,835936
Belarus,"Meat of pig with the bone, fresh or chilled (indigenous)",2021,822255
Belarus,"Meat of sheep, fresh or chilled (indigenous)",2019,7514
Belarus,"Meat of sheep, fresh or chilled (indigenous)",2020,7401
Belarus,"Meat of sheep, fresh or chilled (indigenous)",2021,7399
Belarus,Mushrooms and truffles,2019,6721
Belarus,Mushrooms and truffles,2020,8328
Belarus,Mushrooms and truffles,2021,7936
Belarus,Natural honey,2019,10583
Belarus,Natural honey,2020,8414
Belarus,Natural honey,2021,8398
Belarus,Oats,2019,39226
Belarus,Oats,2020,47353
Belarus,Oats,2021,34832
Belarus,"Onions and shallots, dry (excluding dehydrated)",2019,43848
Belarus,"Onions and shallots, dry (excluding dehydrated)",2020,47520
Belarus,"Onions and shallots, dry (excluding dehydrated)",2021,49319
Belarus,"Other nuts (excluding wild edible nuts and groundnuts), in shell, n.e.c.",2019,303
Belarus,"Other nuts (excluding wild edible nuts and groundnuts), in shell, n.e.c.",2020,298
Belarus,"Other nuts (excluding wild edible nuts and groundnuts), in shell, n.e.c.",2021,300
Belarus,"Other vegetables, fresh n.e.c.",2019,75672
Belarus,"Other vegetables, fresh n.e.c.",2020,69507
Belarus,"Other vegetables, fresh n.e.c.",2021,68289
Belarus,Pears,2019,19674
Belarus,Pears,2020,35433
Belarus,Pears,2021,19657
Belarus,"Peas, dry",2019,23110
Belarus,"Peas, dry",2020,28003
Belarus,"Peas, dry",2021,30099
Belarus,"Peas, green",2019,1207
Belarus,"Peas, green",2020,1519
Belarus,"Peas, green",2021,1636
Belarus,Plums and sloes,2019,6027
Belarus,Plums and sloes,2020,7384
Belarus,Plums and sloes,2021,7435
Belarus,Potatoes,2019,671144
Belarus,Potatoes,2020,571459
Belarus,Potatoes,2021,524785
Belarus,Rape or colza seed,2019,181359
Belarus,Rape or colza seed,2020,229810
Belarus,Rape or colza seed,2021,224270
Belarus,Raw milk of cattle,2019,2239596
Belarus,Raw milk of cattle,2020,2352903
Belarus,Raw milk of cattle,2021,2370872
Belarus,Raw milk of goats,2019,4583
Belarus,Raw milk of goats,2020,4097
Belarus,Raw milk of goats,2021,5147
Belarus,Rye,2019,73770
Belarus,Rye,2020,102589
Belarus,Rye,2021,82504
Belarus,"Shorn wool, greasy, including fleece-washed shorn wool",2019,41
Belarus,"Shorn wool, greasy, including fleece-washed shorn wool",2020,41
Belarus,"Shorn wool, greasy, including fleece-washed shorn wool",2021,37
Belarus,Sour cherries,2019,20625
Belarus,Sour cherries,2020,42876
Belarus,Sour cherries,2021,33878
Belarus,Strawberries,2019,161092
Belarus,Strawberries,2020,171220
Belarus,Strawberries,2021,165921
Belarus,Sugar beet,2019,176382
Belarus,Sugar beet,2020,142970
Belarus,Sugar beet,2021,138161
Belarus,Sunflower seed,2019,482
Belarus,Sunflower seed,2020,770
Belarus,Sunflower seed,2021,678
Belarus,Tomatoes,2019,298997
Belarus,Tomatoes,2020,289804
Belarus,Tomatoes,2021,302057
Belarus,Triticale,2019,168790
Belarus,Triticale,2020,198759
Belarus,Triticale,2021,131511
Belarus,Vetches,2019,9955
Belarus,Vetches,2020,11433
Belarus,Vetches,2021,11770
Belarus,"Walnuts, in shell",2019,2490
Belarus,"Walnuts, in shell",2020,2431
Belarus,"Walnuts, in shell",2021,2431
Belarus,Wheat,2019,355093
Belarus,Wheat,2020,438109
Belarus,Wheat,2021,375448
Belize,Bananas,2019,32583
Belize,Bananas,2020,35259
Belize,Bananas,2021,37860
Belize,"Beans, dry",2019,7993
Belize,"Beans, dry",2020,7554
Belize,"Beans, dry",2021,9276
Belize,Cabbages,2019,705
Belize,Cabbages,2020,658
Belize,Cabbages,2021,1116
Belize,Cantaloupes and other melons,2019,297
Belize,Cantaloupes and other melons,2020,478
Belize,Cantaloupes and other melons,2021,461
Belize,Carrots and turnips,2019,570
Belize,Carrots and turnips,2020,605
Belize,Carrots and turnips,2021,986
Belize,"Cassava, fresh",2019,437
Belize,"Cassava, fresh",2020,463
Belize,"Cassava, fresh",2021,417
Belize,"Chillies and peppers, green (Capsicum spp. and Pimenta spp.)",2019,375
Belize,"Chillies and peppers, green (Capsicum spp. and Pimenta spp.)",2020,407
Belize,"Chillies and peppers, green (Capsicum spp. and Pimenta spp.)",2021,395
Belize,Cocoa beans,2019,162
Belize,Cocoa beans,2020,165
Belize,Cocoa beans,2021,256
Belize,"Coconuts, in shell",2019,905
Belize,"Coconuts, in shell",2020,905
Belize,"Coconuts, in shell",2021,905
Belize,"Coffee, green",2019,210
Belize,"Coffee, green",2020,210
Belize,"Coffee, green",2021,210
Belize,Cucumbers and gherkins,2019,74
Belize,Cucumbers and gherkins,2020,129
Belize,Cucumbers and gherkins,2021,158
Belize,"Edible roots and tubers with high starch or inulin content, n.e.c., fresh",2019,136
Belize,"Edible roots and tubers with high starch or inulin content, n.e.c., fresh",2020,138
Belize,"Edible roots and tubers with high starch or inulin content, n.e.c., fresh",2021,140
Belize,"Groundnuts, excluding shelled",2019,147
Belize,"Groundnuts, excluding shelled",2020,210
Belize,"Groundnuts, excluding shelled",2021,219
Belize,"Hen eggs in shell, fresh",2019,6641
Belize,"Hen eggs in shell, fresh",2020,6477
Belize,"Hen eggs in shell, fresh",2021,6497
Belize,Maize (corn),2019,15332
Belize,Maize (corn),2020,22012
Belize,Maize (corn),2021,28722
Belize,"Mangoes, guavas and mangosteens",2019,14
Belize,"Mangoes, guavas and mangosteens",2020,5
Belize,"Mangoes, guavas and mangosteens",2021,5
Belize,"Meat of cattle with the bone, fresh or chilled (indigenous)",2019,4420
Belize,"Meat of cattle with the bone, fresh or chilled (indigenous)",2020,4061
Belize,"Meat of cattle with the bone, fresh or chilled (indigenous)",2021,4261
Belize,"Meat of chickens, fresh or chilled (indigenous)",2019,56736
Belize,"Meat of chickens, fresh or chilled (indigenous)",2020,50885
Belize,"Meat of chickens, fresh or chilled (indigenous)",2021,53419
Belize,"Meat of ducks, fresh or chilled (indigenous)",2019,26
Belize,"Meat of ducks, fresh or chilled (indigenous)",2020,26
Belize,"Meat of ducks, fresh or chilled (indigenous)",2021,26
Belize,"Meat of goat, fresh or chilled (indigenous)",2019,0
Belize,"Meat of goat, fresh or chilled (indigenous)",2020,1
Belize,"Meat of goat, fresh or chilled (indigenous)",2021,1
Belize,"Meat of pig with the bone, fresh or chilled (indigenous)",2019,3738
Belize,"Meat of pig with the bone, fresh or chilled (indigenous)",2020,3724
Belize,"Meat of pig with the bone, fresh or chilled (indigenous)",2021,3809
Belize,"Meat of sheep, fresh or chilled (indigenous)",2019,19
Belize,"Meat of sheep, fresh or chilled (indigenous)",2020,18
Belize,"Meat of sheep, fresh or chilled (indigenous)",2021,129
Belize,"Meat of turkeys, fresh or chilled (indigenous)",2019,306
Belize,"Meat of turkeys, fresh or chilled (indigenous)",2020,52
Belize,"Meat of turkeys, fresh or chilled (indigenous)",2021,26
Belize,Natural honey,2019,154
Belize,Natural honey,2020,136
Belize,Natural honey,2021,169
Belize,Okra,2019,24
Belize,Okra,2020,13
Belize,Okra,2021,31
Belize,"Onions and shallots, green",2019,1137
Belize,"Onions and shallots, green",2020,1244
Belize,"Onions and shallots, green",2021,1215
Belize,Oranges,2019,10261
Belize,Oranges,2020,11240
Belize,Oranges,2021,6439
Belize,"Other fruits, n.e.c.",2019,280
Belize,"Other fruits, n.e.c.",2020,284
Belize,"Other fruits, n.e.c.",2021,279
Belize,"Other vegetables, fresh n.e.c.",2019,6923
Belize,"Other vegetables, fresh n.e.c.",2020,6789
Belize,"Other vegetables, fresh n.e.c.",2021,6834
Belize,Papayas,2019,132
Belize,Papayas,2020,149
Belize,Papayas,2021,347
Belize,"Peas, dry",2019,1979
Belize,"Peas, dry",2020,2554
Belize,"Peas, dry",2021,1704
Belize,Pineapples,2019,2392
Belize,Pineapples,2020,2554
Belize,Pineapples,2021,2963
Belize,Plantains and cooking bananas,2019,2492
Belize,Plantains and cooking bananas,2020,2324
Belize,Plantains and cooking bananas,2021,2295
Belize,Pomelos and grapefruits,2019,1752
Belize,Pomelos and grapefruits,2020,1142
Belize,Pomelos and grapefruits,2021,907
Belize,Potatoes,2019,1394
Belize,Potatoes,2020,1043
Belize,Potatoes,2021,1257
Belize,"Pumpkins, squash and gourds",2019,81
Belize,"Pumpkins, squash and gourds",2020,70
Belize,"Pumpkins, squash and gourds",2021,70
Belize,Raw milk of cattle,2019,2349
Belize,Raw milk of cattle,2020,2321
Belize,Raw milk of cattle,2021,2946
Belize,Rice,2019,4094
Belize,Rice,2020,4106
Belize,Rice,2021,4415
Belize,Sorghum,2019,2824
Belize,Sorghum,2020,3159
Belize,Sorghum,2021,2763
Belize,Soya beans,2019,3165
Belize,Soya beans,2020,5533
Belize,Soya beans,2021,7006
Belize,Sugar cane,2019,72019
Belize,Sugar cane,2020,61695
Belize,Sugar cane,2021,76019
Belize,Sweet potatoes,2019,66
Belize,Sweet potatoes,2020,105
Belize,Sweet potatoes,2021,193
Belize,Tomatoes,2019,786
Belize,Tomatoes,2020,932
Belize,Tomatoes,2021,830
Belize,Watermelons,2019,975
Belize,Watermelons,2020,1000
Belize,Watermelons,2021,1150
Belize,Yams,2019,45
Belize,Yams,2020,84
Belize,Yams,2021,85
Belize,Yautia,2019,26
Belize,Yautia,2020,34
Belize,Yautia,2021,24
Benin,"Cassava, fresh",2019,1663456
Benin,"Cassava, fresh",2020,1529735
Benin,"Cassava, fresh",2021,1550809
Benin,Maize (corn),2019,450847
Benin,Maize (corn),2020,459650
Benin,Maize (corn),2021,464366
Benin,Millet,2019,10874
Benin,Millet,2020,11306
Benin,Millet,2021,9716
Benin,Okra,2019,25360
Benin,Okra,2020,30310
Benin,Okra,2021,34207
Benin,"Other vegetables, fresh n.e.c.",2019,72473
Benin,"Other vegetables, fresh n.e.c.",2020,73044
Benin,"Other vegetables, fresh n.e.c.",2021,78448
Benin,Potatoes,2019,165
Benin,Potatoes,2020,99
Benin,Potatoes,2021,245
Benin,Raw milk of cattle,2019,23825
Benin,Raw milk of cattle,2020,18275
Benin,Raw milk of cattle,2021,19970
Benin,Raw milk of goats,2019,4997
Benin,Raw milk of goats,2020,6224
Benin,Raw milk of goats,2021,6999
Benin,Rice,2019,267160
Benin,Rice,2020,270775
Benin,Rice,2021,341886
Benin,"Seed cotton, unginned",2019,283493
Benin,"Seed cotton, unginned",2020,289976
Benin,"Seed cotton, unginned",2021,303944
Benin,Sorghum,2019,47452
Benin,Sorghum,2020,43963
Benin,Sorghum,2021,39472
Benin,Sweet potatoes,2019,21628
Benin,Sweet potatoes,2020,20726
Benin,Sweet potatoes,2021,19623
Benin,Taro,2019,1272
Benin,Taro,2020,1276
Benin,Taro,2021,1338
Benin,Tomatoes,2019,255434
Benin,Tomatoes,2020,185134
Benin,Tomatoes,2021,189092
Benin,Yams,2019,1515196
Benin,Yams,2020,1418286
Benin,Yams,2021,1442111
Bhutan,Apples,2019,2452
Bhutan,Apples,2020,2302
Bhutan,Apples,2021,1319
Bhutan,Areca nuts,2019,15116
Bhutan,Areca nuts,2020,16373
Bhutan,Areca nuts,2021,20062
Bhutan,Asparagus,2019,134
Bhutan,Asparagus,2020,214
Bhutan,Asparagus,2021,301
Bhutan,Bananas,2019,1404
Bhutan,Bananas,2020,1178
Bhutan,Bananas,2021,1187
Bhutan,Barley,2019,511
Bhutan,Barley,2020,560
Bhutan,Barley,2021,427
Bhutan,"Beans, dry",2019,1623
Bhutan,"Beans, dry",2020,1813
Bhutan,"Beans, dry",2021,338
Bhutan,Buckwheat,2019,1356
Bhutan,Buckwheat,2020,1559
Bhutan,Buckwheat,2021,1071
Bhutan,Cabbages,2019,2108
Bhutan,Cabbages,2020,2719
Bhutan,Cabbages,2021,1307
Bhutan,Carrots and turnips,2019,5926
Bhutan,Carrots and turnips,2020,6762
Bhutan,Carrots and turnips,2021,2242
Bhutan,Cauliflowers and broccoli,2019,1422
Bhutan,Cauliflowers and broccoli,2020,2570
Bhutan,Cauliflowers and broccoli,2021,1726
Bhutan,Cereals n.e.c.,2019,1168
Bhutan,Cereals n.e.c.,2020,1176
Bhutan,Cereals n.e.c.,2021,1193
Bhutan,"Chillies and peppers, dry (Capsicum spp., Pimenta spp.), raw",2019,257
Bhutan,"Chillies and peppers, dry (Capsicum spp., Pimenta spp.), raw",2020,226
Bhutan,"Chillies and peppers, dry (Capsicum spp., Pimenta spp.), raw",2021,236
Bhutan,"Chillies and peppers, green (Capsicum spp. and Pimenta spp.)",2019,7376
Bhutan,"Chillies and peppers, green (Capsicum spp. and Pimenta spp.)",2020,8970
Bhutan,"Chillies and peppers, green (Capsicum spp. and Pimenta spp.)",2021,5636
Bhutan,"Edible roots and tubers with high starch or inulin content, n.e.c., fresh",2019,23048
Bhutan,"Edible roots and tubers with high starch or inulin content, n.e.c., fresh",2020,23332
Bhutan,"Edible roots and tubers with high starch or inulin content, n.e.c., fresh",2021,23393
Bhutan,Eggplants (aubergines),2019,140
Bhutan,Eggplants (aubergines),2020,200
Bhutan,Eggplants (aubergines),2021,141
Bhutan,"Ginger, raw",2019,4650
Bhutan,"Ginger, raw",2020,6657
Bhutan,"Ginger, raw",2021,5357
Bhutan,Green garlic,2019,988
Bhutan,Green garlic,2020,897
Bhutan,Green garlic,2021,312
Bhutan,"Hen eggs in shell, fresh",2019,19685
Bhutan,"Hen eggs in shell, fresh",2020,23559
Bhutan,"Hen eggs in shell, fresh",2021,18229
Bhutan,"Jute, raw or retted",2019,437
Bhutan,"Jute, raw or retted",2020,437
Bhutan,"Jute, raw or retted",2021,437
Bhutan,Lemons and limes,2019,93
Bhutan,Lemons and limes,2020,85
Bhutan,Lemons and limes,2021,103
Bhutan,Maize (corn),2019,21897
Bhutan,Maize (corn),2020,19401
Bhutan,Maize (corn),2021,14652
Bhutan,"Mangoes, guavas and mangosteens",2019,1386
Bhutan,"Mangoes, guavas and mangosteens",2020,1282
Bhutan,"Mangoes, guavas and mangosteens",2021,923
Bhutan,"Meat of buffalo, fresh or chilled (indigenous)",2019,343
Bhutan,"Meat of buffalo, fresh or chilled (indigenous)",2020,309
Bhutan,"Meat of buffalo, fresh or chilled (indigenous)",2021,465
Bhutan,"Meat of cattle with the bone, fresh or chilled (indigenous)",2019,2052
Bhutan,"Meat of cattle with the bone, fresh or chilled (indigenous)",2020,2721
Bhutan,"Meat of cattle with the bone, fresh or chilled (indigenous)",2021,3985
Bhutan,"Meat of chickens, fresh or chilled (indigenous)",2019,11729
Bhutan,"Meat of chickens, fresh or chilled (indigenous)",2020,10582
Bhutan,"Meat of chickens, fresh or chilled (indigenous)",2021,7567
Bhutan,"Meat of goat, fresh or chilled (indigenous)",2019,1174
Bhutan,"Meat of goat, fresh or chilled (indigenous)",2020,1236
Bhutan,"Meat of goat, fresh or chilled (indigenous)",2021,675
Bhutan,"Meat of pig with the bone, fresh or chilled (indigenous)",2019,3548
Bhutan,"Meat of pig with the bone, fresh or chilled (indigenous)",2020,2712
Bhutan,"Meat of pig with the bone, fresh or chilled (indigenous)",2021,2173
Bhutan,"Meat of sheep, fresh or chilled (indigenous)",2021,52
Bhutan,Millet,2019,445
Bhutan,Millet,2020,579
Bhutan,Millet,2021,402
Bhutan,Mustard seed,2019,287
Bhutan,Mustard seed,2020,391
Bhutan,Mustard seed,2021,241
Bhutan,"Nutmeg, mace, cardamoms, raw",2019,28324
Bhutan,"Nutmeg, mace, cardamoms, raw",2020,43589
Bhutan,"Nutmeg, mace, cardamoms, raw",2021,32250
Bhutan,"Onions and shallots, dry (excluding dehydrated)",2019,111
Bhutan,"Onions and shallots, dry (excluding dehydrated)",2020,155
Bhutan,"Onions and shallots, dry (excluding dehydrated)",2021,301
Bhutan,Oranges,2019,31558
Bhutan,Oranges,2020,29415
Bhutan,Oranges,2021,18303
Bhutan,"Other beans, green",2019,1819
Bhutan,"Other beans, green",2020,1972
Bhutan,"Other beans, green",2021,1304
Bhutan,"Other fruits, n.e.c.",2019,19
Bhutan,"Other fruits, n.e.c.",2020,19
Bhutan,"Other fruits, n.e.c.",2021,15
Bhutan,Other pulses n.e.c.,2019,746
Bhutan,Other pulses n.e.c.,2020,756
Bhutan,Other pulses n.e.c.,2021,746
Bhutan,"Other stimulant, spice and aromatic crops, n.e.c.",2019,4751
Bhutan,"Other stimulant, spice and aromatic crops, n.e.c.",2020,4753
Bhutan,"Other stimulant, spice and aromatic crops, n.e.c.",2021,4763
Bhutan,"Other vegetables, fresh n.e.c.",2019,5898
Bhutan,"Other vegetables, fresh n.e.c.",2020,7646
Bhutan,"Other vegetables, fresh n.e.c.",2021,3799
Bhutan,Peaches and nectarines,2019,696
Bhutan,Peaches and nectarines,2020,593
Bhutan,Peaches and nectarines,2021,354
Bhutan,Pears,2019,957
Bhutan,Pears,2020,669
Bhutan,Pears,2021,519
Bhutan,"Peas, green",2019,420
Bhutan,"Peas, green",2020,460
Bhutan,"Peas, green",2021,296
Bhutan,Pineapples,2019,60
Bhutan,Pineapples,2020,65
Bhutan,Pineapples,2021,52
Bhutan,Plums and sloes,2019,234
Bhutan,Plums and sloes,2020,175
Bhutan,Plums and sloes,2021,103
Bhutan,Potatoes,2019,15185
Bhutan,Potatoes,2020,15861
Bhutan,Potatoes,2021,13446
Bhutan,"Pumpkins, squash and gourds",2019,3726
Bhutan,"Pumpkins, squash and gourds",2020,4882
Bhutan,"Pumpkins, squash and gourds",2021,3512
Bhutan,Raw milk of cattle,2019,31170
Bhutan,Raw milk of cattle,2020,31494
Bhutan,Raw milk of cattle,2021,29586
Bhutan,Rice,2019,31987
Bhutan,Rice,2020,34638
Bhutan,Rice,2021,25941
Bhutan,Soya beans,2019,197
Bhutan,Soya beans,2020,268
Bhutan,Soya beans,2021,104
Bhutan,Sugar cane,2019,133
Bhutan,Sugar cane,2020,91
Bhutan,Sugar cane,2021,86
Bhutan,Sweet potatoes,2019,24
Bhutan,Sweet potatoes,2020,34
Bhutan,Sweet potatoes,2021,27
Bhutan,Tomatoes,2019,131
Bhutan,Tomatoes,2020,203
Bhutan,Tomatoes,2021,163
Bhutan,Unmanufactured tobacco,2019,1461
Bhutan,Unmanufactured tobacco,2020,1478
Bhutan,Unmanufactured tobacco,2021,1482
Bhutan,"Walnuts, in shell",2019,405
Bhutan,"Walnuts, in shell",2020,346
Bhutan,"Walnuts, in shell",2021,282
Bhutan,Watermelons,2019,41
Bhutan,Watermelons,2020,33
Bhutan,Watermelons,2021,97
Bhutan,Wheat,2019,719
Bhutan,Wheat,2020,885
Bhutan,Wheat,2021,638
Bolivia,Apples,2019,1565
Bolivia,Apples,2020,1469
Bolivia,Apples,2021,1463
Bolivia,Avocados,2019,5743
Bolivia,Avocados,2020,5646
Bolivia,Avocados,2021,5631
Bolivia,Bananas,2019,63307
Bolivia,Bananas,2020,63287
Bolivia,Bananas,2021,63226
Bolivia,Barley,2019,13221
Bolivia,Barley,2020,13115
Bolivia,Barley,2021,13284
Bolivia,"Beans, dry",2019,72326
Bolivia,"Beans, dry",2020,69439
Bolivia,"Beans, dry",2021,68738
Bolivia,"Brazil nuts, in shell",2019,16258
Bolivia,"Brazil nuts, in shell",2020,16099
Bolivia,"Brazil nuts, in shell",2021,17093
Bolivia,"Broad beans and horse beans, dry",2019,6512
Bolivia,"Broad beans and horse beans, dry",2020,6568
Bolivia,"Broad beans and horse beans, dry",2021,6614
Bolivia,"Broad beans and horse beans, green",2019,11021
Bolivia,"Broad beans and horse beans, green",2020,10990
Bolivia,"Broad beans and horse beans, green",2021,11192
Bolivia,Cabbages,2019,1637
Bolivia,Cabbages,2020,1679
Bolivia,Cabbages,2021,1725
Bolivia,Carrots and turnips,2019,10958
Bolivia,Carrots and turnips,2020,11084
Bolivia,Carrots and turnips,2021,13258
Bolivia,"Cassava, fresh",2019,45459
Bolivia,"Cassava, fresh",2020,45527
Bolivia,"Cassava, fresh",2021,47292
Bolivia,Cauliflowers and broccoli,2019,347
Bolivia,Cauliflowers and broccoli,2020,302
Bolivia,Cauliflowers and broccoli,2021,294
Bolivia,Cereals n.e.c.,2019,151
Bolivia,Cereals n.e.c.,2020,149
Bolivia,Cereals n.e.c.,2021,149
Bolivia,Cherries,2019,1529
Bolivia,Cherries,2020,1551
Bolivia,Cherries,2021,1530
Bolivia,"Chestnuts, in shell",2019,56311
Bolivia,"Chestnuts, in shell",2020,58524
Bolivia,"Chestnuts, in shell",2021,57769
Bolivia,"Chick peas, dry",2019,46
Bolivia,"Chick peas, dry",2020,45
Bolivia,"Chick peas, dry",2021,45
Bolivia,"Chillies and peppers, green (Capsicum spp. and Pimenta spp.)",2019,7252
Bolivia,"Chillies and peppers, green (Capsicum spp. and Pimenta spp.)",2020,6846
Bolivia,"Chillies and peppers, green (Capsicum spp. and Pimenta spp.)",2021,6617
Bolivia,Cocoa beans,2019,10732
Bolivia,Cocoa beans,2020,10806
Bolivia,Cocoa beans,2021,10822
Bolivia,"Coffee, green",2019,31470
Bolivia,"Coffee, green",2020,29646
Bolivia,"Coffee, green",2021,29711
Bolivia,Cucumbers and gherkins,2019,639
Bolivia,Cucumbers and gherkins,2020,635
Bolivia,Cucumbers and gherkins,2021,637
Bolivia,"Edible roots and tubers with high starch or inulin content, n.e.c., fresh",2019,11772
Bolivia,"Edible roots and tubers with high starch or inulin content, n.e.c., fresh",2020,12102
Bolivia,"Edible roots and tubers with high starch or inulin content, n.e.c., fresh",2021,11969
Bolivia,Figs,2019,352
Bolivia,Figs,2020,335
Bolivia,Figs,2021,332
Bolivia,Grapes,2019,11848
Bolivia,Grapes,2020,11187
Bolivia,Grapes,2021,14082
Bolivia,Green corn (maize),2019,7917
Bolivia,Green corn (maize),2020,7934
Bolivia,Green corn (maize),2021,8041
Bolivia,Green garlic,2019,3043
Bolivia,Green garlic,2020,3379
Bolivia,Green garlic,2021,3438
Bolivia,"Groundnuts, excluding shelled",2019,24593
Bolivia,"Groundnuts, excluding shelled",2020,23135
Bolivia,"Groundnuts, excluding shelled",2021,23078
Bolivia,"Hen eggs in shell, fresh",2019,166843
Bolivia,"Hen eggs in shell, fresh",2020,167110
Bolivia,"Hen eggs in shell, fresh",2021,168850
Bolivia,Lemons and limes,2019,13915
Bolivia,Lemons and limes,2020,13817
Bolivia,Lemons and limes,2021,13825
Bolivia,Lettuce and chicory,2019,4638
Bolivia,Lettuce and chicory,2020,4671
Bolivia,Lettuce and chicory,2021,4646
Bolivia,Maize (corn),2019,308914
Bolivia,Maize (corn),2020,298694
Bolivia,Maize (corn),2021,391132
Bolivia,"Mangoes, guavas and mangosteens",2019,5359
Bolivia,"Mangoes, guavas and mangosteens",2020,5235
Bolivia,"Mangoes, guavas and mangosteens",2021,5215
Bolivia,"Meat of cattle with the bone, fresh or chilled (indigenous)",2019,765897
Bolivia,"Meat of cattle with the bone, fresh or chilled (indigenous)",2020,794399
Bolivia,"Meat of cattle with the bone, fresh or chilled (indigenous)",2021,816854
Bolivia,"Meat of chickens, fresh or chilled (indigenous)",2019,1077617
Bolivia,"Meat of chickens, fresh or chilled (indigenous)",2020,1079812
Bolivia,"Meat of chickens, fresh or chilled (indigenous)",2021,1121824
Bolivia,"Meat of goat, fresh or chilled (indigenous)",2019,27501
Bolivia,"Meat of goat, fresh or chilled (indigenous)",2020,21784
Bolivia,"Meat of goat, fresh or chilled (indigenous)",2021,23213
Bolivia,"Meat of pig with the bone, fresh or chilled (indigenous)",2019,340244
Bolivia,"Meat of pig with the bone, fresh or chilled (indigenous)",2020,333448
Bolivia,"Meat of pig with the bone, fresh or chilled (indigenous)",2021,336139
Bolivia,"Meat of rabbits and hares, fresh or chilled (indigenous)",2019,113
Bolivia,"Meat of rabbits and hares, fresh or chilled (indigenous)",2020,112
Bolivia,"Meat of rabbits and hares, fresh or chilled (indigenous)",2021,112
Bolivia,"Meat of sheep, fresh or chilled (indigenous)",2019,76534
Bolivia,"Meat of sheep, fresh or chilled (indigenous)",2020,78743
Bolivia,"Meat of sheep, fresh or chilled (indigenous)",2021,80530
Bolivia,Natural honey,2019,4303
Bolivia,Natural honey,2020,4327
Bolivia,Natural honey,2021,4373
Bolivia,Natural rubber in primary forms,2019,3752
Bolivia,Natural rubber in primary forms,2020,3155
Bolivia,Natural rubber in primary forms,2021,2729
Bolivia,Oats,2019,6498
Bolivia,Oats,2020,6790
Bolivia,Oats,2021,6846
Bolivia,"Onions and shallots, dry (excluding dehydrated)",2019,14886
Bolivia,"Onions and shallots, dry (excluding dehydrated)",2020,19809
Bolivia,"Onions and shallots, dry (excluding dehydrated)",2021,23106
Bolivia,Oranges,2019,31311
Bolivia,Oranges,2020,31038
Bolivia,Oranges,2021,30773
Bolivia,"Other beans, green",2019,751
Bolivia,"Other beans, green",2020,756
Bolivia,"Other beans, green",2021,751
Bolivia,"Other fruits, n.e.c.",2019,807
Bolivia,"Other fruits, n.e.c.",2020,806
Bolivia,"Other fruits, n.e.c.",2021,796
Bolivia,"Other stimulant, spice and aromatic crops, n.e.c.",2019,8635
Bolivia,"Other stimulant, spice and aromatic crops, n.e.c.",2020,8720
Bolivia,"Other stimulant, spice and aromatic crops, n.e.c.",2021,8636
Bolivia,"Other vegetables, fresh n.e.c.",2019,1550
Bolivia,"Other vegetables, fresh n.e.c.",2020,1587
Bolivia,"Other vegetables, fresh n.e.c.",2021,1638
Bolivia,Papayas,2019,6527
Bolivia,Papayas,2020,6457
Bolivia,Papayas,2021,6434
Bolivia,Peaches and nectarines,2019,26729
Bolivia,Peaches and nectarines,2020,25740
Bolivia,Peaches and nectarines,2021,24852
Bolivia,Pears,2019,1135
Bolivia,Pears,2020,1069
Bolivia,Pears,2021,1058
Bolivia,"Peas, dry",2019,3989
Bolivia,"Peas, dry",2020,3940
Bolivia,"Peas, dry",2021,3976
Bolivia,"Peas, green",2019,11766
Bolivia,"Peas, green",2020,12020
Bolivia,"Peas, green",2021,11963
Bolivia,"Pepper (Piper spp.), raw",2019,40
Bolivia,"Pepper (Piper spp.), raw",2020,39
Bolivia,"Pepper (Piper spp.), raw",2021,40
Bolivia,Pineapples,2019,28947
Bolivia,Pineapples,2020,28388
Bolivia,Pineapples,2021,28638
Bolivia,Plantains and cooking bananas,2019,89124
Bolivia,Plantains and cooking bananas,2020,87215
Bolivia,Plantains and cooking bananas,2021,86346
Bolivia,Plums and sloes,2019,3625
Bolivia,Plums and sloes,2020,3276
Bolivia,Plums and sloes,2021,3218
Bolivia,Pomelos and grapefruits,2019,589
Bolivia,Pomelos and grapefruits,2020,590
Bolivia,Pomelos and grapefruits,2021,595
Bolivia,Potatoes,2019,357932
Bolivia,Potatoes,2020,375404
Bolivia,Potatoes,2021,362508
Bolivia,"Pumpkins, squash and gourds",2019,3656
Bolivia,"Pumpkins, squash and gourds",2020,3784
Bolivia,"Pumpkins, squash and gourds",2021,3801
Bolivia,Quinces,2019,31
Bolivia,Quinces,2020,31
Bolivia,Quinces,2021,31
Bolivia,Quinoa,2019,123534
Bolivia,Quinoa,2020,129119
Bolivia,Quinoa,2021,91237
Bolivia,Raw milk of cattle,2019,267707
Bolivia,Raw milk of cattle,2020,269988
Bolivia,Raw milk of cattle,2021,270624
Bolivia,Raw milk of goats,2019,10396
Bolivia,Raw milk of goats,2020,10106
Bolivia,Raw milk of goats,2021,10241
Bolivia,Raw milk of sheep,2019,10565
Bolivia,Raw milk of sheep,2020,10643
Bolivia,Raw milk of sheep,2021,10667
Bolivia,Rice,2019,205894
Bolivia,Rice,2020,167252
Bolivia,Rice,2021,188785
Bolivia,Rye,2019,52
Bolivia,Rye,2020,52
Bolivia,Rye,2021,52
Bolivia,"Seed cotton, unginned",2019,3384
Bolivia,"Seed cotton, unginned",2020,4379
Bolivia,"Seed cotton, unginned",2021,1692
Bolivia,"Shorn wool, greasy, including fleece-washed shorn wool",2019,1787
Bolivia,"Shorn wool, greasy, including fleece-washed shorn wool",2020,1791
Bolivia,"Shorn wool, greasy, including fleece-washed shorn wool",2021,1866
Bolivia,Sorghum,2019,102694
Bolivia,Sorghum,2020,110252
Bolivia,Sorghum,2021,160292
Bolivia,Sour cherries,2019,133
Bolivia,Sour cherries,2020,128
Bolivia,Sour cherries,2021,128
Bolivia,Soya beans,2019,920863
Bolivia,Soya beans,2020,871142
Bolivia,Soya beans,2021,1021644
Bolivia,Strawberries,2019,8594
Bolivia,Strawberries,2020,8174
Bolivia,Strawberries,2021,8105
Bolivia,Sugar cane,2019,2086147
Bolivia,Sugar cane,2020,2203119
Bolivia,Sugar cane,2021,2194974
Bolivia,Sunflower seed,2019,44048
Bolivia,Sunflower seed,2020,51399
Bolivia,Sunflower seed,2021,61930
Bolivia,Sweet potatoes,2019,1371
Bolivia,Sweet potatoes,2020,1377
Bolivia,Sweet potatoes,2021,1415
Bolivia,"Tangerines, mandarins, clementines",2019,59744
Bolivia,"Tangerines, mandarins, clementines",2020,59201
Bolivia,"Tangerines, mandarins, clementines",2021,56966
Bolivia,Tea leaves,2019,337
Bolivia,Tea leaves,2020,340
Bolivia,Tea leaves,2021,339
Bolivia,Tomatoes,2019,18037
Bolivia,Tomatoes,2020,18857
Bolivia,Tomatoes,2021,19780
Bolivia,Unmanufactured tobacco,2019,2374
Bolivia,Unmanufactured tobacco,2020,2372
Bolivia,Unmanufactured tobacco,2021,2377
Bolivia,Watermelons,2019,7293
Bolivia,Watermelons,2020,7379
Bolivia,Watermelons,2021,7484
Bolivia,Wheat,2019,81296
Bolivia,Wheat,2020,106728
Bolivia,Wheat,2021,115569
Bosnia and Herzegovina,"Almonds, in shell",2019,94
Bosnia and Herzegovina,"Almonds, in shell",2020,89
Bosnia and Herzegovina,"Almonds, in shell",2021,84
Bosnia and Herzegovina,Apples,2019,40853
Bosnia and Herzegovina,Apples,2020,45345
Bosnia and Herzegovina,Apples,2021,34336
Bosnia and Herzegovina,Apricots,2019,572
Bosnia and Herzegovina,Apricots,2020,417
Bosnia and Herzegovina,Apricots,2021,365
Bosnia and Herzegovina,Barley,2019,15488
Bosnia and Herzegovina,Barley,2020,18458
Bosnia and Herzegovina,Barley,2021,17945
Bosnia and Herzegovina,"Beans, dry",2019,27550
Bosnia and Herzegovina,"Beans, dry",2020,27508
Bosnia and Herzegovina,"Beans, dry",2021,28189
Bosnia and Herzegovina,Buckwheat,2019,378
Bosnia and Herzegovina,Buckwheat,2020,723
Bosnia and Herzegovina,Buckwheat,2021,542
Bosnia and Herzegovina,Cabbages,2019,15322
Bosnia and Herzegovina,Cabbages,2020,15899
Bosnia and Herzegovina,Cabbages,2021,14714
Bosnia and Herzegovina,Carrots and turnips,2019,6568
Bosnia and Herzegovina,Carrots and turnips,2020,7161
Bosnia and Herzegovina,Carrots and turnips,2021,5938
Bosnia and Herzegovina,Cherries,2019,17565
Bosnia and Herzegovina,Cherries,2020,21361
Bosnia and Herzegovina,Cherries,2021,18195
Bosnia and Herzegovina,"Chick peas, dry",2019,12932
Bosnia and Herzegovina,"Chick peas, dry",2020,13211
Bosnia and Herzegovina,"Chick peas, dry",2021,13142
Bosnia and Herzegovina,"Chillies and peppers, dry (Capsicum spp., Pimenta spp.), raw",2019,49051
Bosnia and Herzegovina,"Chillies and peppers, dry (Capsicum spp., Pimenta spp.), raw",2020,50070
Bosnia and Herzegovina,"Chillies and peppers, dry (Capsicum spp., Pimenta spp.), raw",2021,49664
Bosnia and Herzegovina,"Chillies and peppers, green (Capsicum spp. and Pimenta spp.)",2019,31652
Bosnia and Herzegovina,"Chillies and peppers, green (Capsicum spp. and Pimenta spp.)",2020,31705
Bosnia and Herzegovina,"Chillies and peppers, green (Capsicum spp. and Pimenta spp.)",2021,29239
Bosnia and Herzegovina,"Cow peas, dry",2019,308
Bosnia and Herzegovina,"Cow peas, dry",2020,302
Bosnia and Herzegovina,"Cow peas, dry",2021,304
Bosnia and Herzegovina,Cucumbers and gherkins,2019,19542
Bosnia and Herzegovina,Cucumbers and gherkins,2020,21684
Bosnia and Herzegovina,Cucumbers and gherkins,2021,15283
Bosnia and Herzegovina,Figs,2019,2263
Bosnia and Herzegovina,Figs,2020,2320
Bosnia and Herzegovina,Figs,2021,2168
Bosnia and Herzegovina,Grapes,2019,32236
Bosnia and Herzegovina,Grapes,2020,36671
Bosnia and Herzegovina,Grapes,2021,34470
Bosnia and Herzegovina,Green corn (maize),2019,328
Bosnia and Herzegovina,Green corn (maize),2020,328
Bosnia and Herzegovina,Green corn (maize),2021,328
Bosnia and Herzegovina,Green garlic,2019,14294
Bosnia and Herzegovina,Green garlic,2020,15675
Bosnia and Herzegovina,Green garlic,2021,13724
Bosnia and Herzegovina,"Hen eggs in shell, fresh",2019,40274
Bosnia and Herzegovina,"Hen eggs in shell, fresh",2020,37285
Bosnia and Herzegovina,"Hen eggs in shell, fresh",2021,29331
Bosnia and Herzegovina,Lemons and limes,2019,21
Bosnia and Herzegovina,Lemons and limes,2020,23
Bosnia and Herzegovina,Lemons and limes,2021,24
Bosnia and Herzegovina,Lettuce and chicory,2019,3088
Bosnia and Herzegovina,Lettuce and chicory,2020,3359
Bosnia and Herzegovina,Lettuce and chicory,2021,4064
Bosnia and Herzegovina,Maize (corn),2019,209234
Bosnia and Herzegovina,Maize (corn),2020,241537
Bosnia and Herzegovina,Maize (corn),2021,151240
Bosnia and Herzegovina,"Meat of cattle with the bone, fresh or chilled (indigenous)",2019,17318
Bosnia and Herzegovina,"Meat of cattle with the bone, fresh or chilled (indigenous)",2020,17860
Bosnia and Herzegovina,"Meat of cattle with the bone, fresh or chilled (indigenous)",2021,14561
Bosnia and Herzegovina,"Meat of chickens, fresh or chilled (indigenous)",2019,23203
Bosnia and Herzegovina,"Meat of chickens, fresh or chilled (indigenous)",2020,27734
Bosnia and Herzegovina,"Meat of chickens, fresh or chilled (indigenous)",2021,21246
Bosnia and Herzegovina,"Meat of pig with the bone, fresh or chilled (indigenous)",2019,11905
Bosnia and Herzegovina,"Meat of pig with the bone, fresh or chilled (indigenous)",2020,12146
Bosnia and Herzegovina,"Meat of pig with the bone, fresh or chilled (indigenous)",2021,11924
Bosnia and Herzegovina,"Meat of sheep, fresh or chilled (indigenous)",2019,0
Bosnia and Herzegovina,"Meat of sheep, fresh or chilled (indigenous)",2020,0
Bosnia and Herzegovina,"Meat of sheep, fresh or chilled (indigenous)",2021,0
Bosnia and Herzegovina,"Meat of turkeys, fresh or chilled (indigenous)",2019,393
Bosnia and Herzegovina,"Meat of turkeys, fresh or chilled (indigenous)",2020,456
Bosnia and Herzegovina,"Meat of turkeys, fresh or chilled (indigenous)",2021,1213
Bosnia and Herzegovina,Mushrooms and truffles,2019,4887
Bosnia and Herzegovina,Mushrooms and truffles,2020,4979
Bosnia and Herzegovina,Mushrooms and truffles,2021,5054
Bosnia and Herzegovina,Natural honey,2019,17646
Bosnia and Herzegovina,Natural honey,2020,14116
Bosnia and Herzegovina,Natural honey,2021,9855
Bosnia and Herzegovina,Oats,2019,5995
Bosnia and Herzegovina,Oats,2020,7473
Bosnia and Herzegovina,Oats,2021,7541
Bosnia and Herzegovina,"Onions and shallots, dry (excluding dehydrated)",2019,13012
Bosnia and Herzegovina,"Onions and shallots, dry (excluding dehydrated)",2020,14764
Bosnia and Herzegovina,"Onions and shallots, dry (excluding dehydrated)",2021,11967
Bosnia and Herzegovina,Oranges,2019,50
Bosnia and Herzegovina,Oranges,2020,51
Bosnia and Herzegovina,Oranges,2021,52
Bosnia and Herzegovina,"Other beans, green",2019,2146
Bosnia and Herzegovina,"Other beans, green",2020,2699
Bosnia and Herzegovina,"Other beans, green",2021,1986
Bosnia and Herzegovina,Other berries and fruits of the genus vaccinium n.e.c.,2019,1468
Bosnia and Herzegovina,Other berries and fruits of the genus vaccinium n.e.c.,2020,1461
Bosnia and Herzegovina,Other berries and fruits of the genus vaccinium n.e.c.,2021,1501
Bosnia and Herzegovina,"Other fruits, n.e.c.",2019,153
Bosnia and Herzegovina,"Other fruits, n.e.c.",2020,155
Bosnia and Herzegovina,"Other fruits, n.e.c.",2021,156
Bosnia and Herzegovina,"Other vegetables, fresh n.e.c.",2019,267725
Bosnia and Herzegovina,"Other vegetables, fresh n.e.c.",2020,268784
Bosnia and Herzegovina,"Other vegetables, fresh n.e.c.",2021,271631
Bosnia and Herzegovina,Peaches and nectarines,2019,7749
Bosnia and Herzegovina,Peaches and nectarines,2020,4683
Bosnia and Herzegovina,Peaches and nectarines,2021,4543
Bosnia and Herzegovina,Pears,2019,19080
Bosnia and Herzegovina,Pears,2020,22603
Bosnia and Herzegovina,Pears,2021,14644
Bosnia and Herzegovina,"Peas, dry",2019,1420
Bosnia and Herzegovina,"Peas, dry",2020,2002
Bosnia and Herzegovina,"Peas, dry",2021,2747
Bosnia and Herzegovina,Plums and sloes,2019,65271
Bosnia and Herzegovina,Plums and sloes,2020,90818
Bosnia and Herzegovina,Plums and sloes,2021,75060
Bosnia and Herzegovina,Potatoes,2019,97573
Bosnia and Herzegovina,Potatoes,2020,112903
Bosnia and Herzegovina,Potatoes,2021,86933
Bosnia and Herzegovina,Quinces,2019,338
Bosnia and Herzegovina,Quinces,2020,425
Bosnia and Herzegovina,Quinces,2021,309
Bosnia and Herzegovina,Rape or colza seed,2019,3544
Bosnia and Herzegovina,Rape or colza seed,2020,4152
Bosnia and Herzegovina,Rape or colza seed,2021,1253
Bosnia and Herzegovina,Raspberries,2019,36744
Bosnia and Herzegovina,Raspberries,2020,34967
Bosnia and Herzegovina,Raspberries,2021,31319
Bosnia and Herzegovina,Raw milk of cattle,2019,213130
Bosnia and Herzegovina,Raw milk of cattle,2020,209279
Bosnia and Herzegovina,Raw milk of cattle,2021,179466
Bosnia and Herzegovina,Raw milk of sheep,2019,10370
Bosnia and Herzegovina,Raw milk of sheep,2020,10691
Bosnia and Herzegovina,Raw milk of sheep,2021,4320
Bosnia and Herzegovina,Rye,2019,2394
Bosnia and Herzegovina,Rye,2020,2500
Bosnia and Herzegovina,Rye,2021,2264
Bosnia and Herzegovina,"Shorn wool, greasy, including fleece-washed shorn wool",2019,430
Bosnia and Herzegovina,"Shorn wool, greasy, including fleece-washed shorn wool",2020,434
Bosnia and Herzegovina,"Shorn wool, greasy, including fleece-washed shorn wool",2021,426
Bosnia and Herzegovina,Sour cherries,2019,2171
Bosnia and Herzegovina,Sour cherries,2020,2742
Bosnia and Herzegovina,Sour cherries,2021,2473
Bosnia and Herzegovina,Soya beans,2019,8723
Bosnia and Herzegovina,Soya beans,2020,13662
Bosnia and Herzegovina,Soya beans,2021,9138
Bosnia and Herzegovina,Strawberries,2019,14709
Bosnia and Herzegovina,Strawberries,2020,15789
Bosnia and Herzegovina,Strawberries,2021,16286
Bosnia and Herzegovina,Sugar beet,2019,51
Bosnia and Herzegovina,Sugar beet,2020,63
Bosnia and Herzegovina,Sugar beet,2021,76
Bosnia and Herzegovina,Sunflower seed,2019,338
Bosnia and Herzegovina,Sunflower seed,2020,409
Bosnia and Herzegovina,Sunflower seed,2021,354
Bosnia and Herzegovina,"Tangerines, mandarins, clementines",2019,39
Bosnia and Herzegovina,"Tangerines, mandarins, clementines",2020,39
Bosnia and Herzegovina,"Tangerines, mandarins, clementines",2021,31
Bosnia and Herzegovina,Tomatoes,2019,29902
Bosnia and Herzegovina,Tomatoes,2020,33963
Bosnia and Herzegovina,Tomatoes,2021,36191
Bosnia and Herzegovina,Triticale,2019,13130
Bosnia and Herzegovina,Triticale,2020,15158
Bosnia and Herzegovina,Triticale,2021,15322
Bosnia and Herzegovina,Unmanufactured tobacco,2019,2228
Bosnia and Herzegovina,Unmanufactured tobacco,2020,2412
Bosnia and Herzegovina,Unmanufactured tobacco,2021,1821
Bosnia and Herzegovina,Vetches,2019,5739
Bosnia and Herzegovina,Vetches,2020,4022
Bosnia and Herzegovina,Vetches,2021,4428
Bosnia and Herzegovina,"Walnuts, in shell",2019,10244
Bosnia and Herzegovina,"Walnuts, in shell",2020,14015
Bosnia and Herzegovina,"Walnuts, in shell",2021,13042
Bosnia and Herzegovina,Watermelons,2019,4071
Bosnia and Herzegovina,Watermelons,2020,4524
Bosnia and Herzegovina,Watermelons,2021,4460
Bosnia and Herzegovina,Wheat,2019,53613
Bosnia and Herzegovina,Wheat,2020,65162
Bosnia and Herzegovina,Wheat,2021,63659
Botswana,"Groundnuts, excluding shelled",2019,15
Botswana,"Groundnuts, excluding shelled",2020,227
Botswana,"Groundnuts, excluding shelled",2021,175
Botswana,Maize (corn),2019,1517
Botswana,Maize (corn),2020,12909
Botswana,Maize (corn),2021,14053
Botswana,Millet,2019,508
Botswana,Millet,2020,4152
Botswana,Millet,2021,999
Botswana,Other pulses n.e.c.,2019,2602
Botswana,Other pulses n.e.c.,2020,23909
Botswana,Other pulses n.e.c.,2021,9344
Botswana,Raw milk of cattle,2019,3999
Botswana,Raw milk of cattle,2020,4278
Botswana,Raw milk of cattle,2021,4232
Botswana,Sorghum,2019,18354
Botswana,Sorghum,2020,44798
Botswana,Sorghum,2021,24277
Botswana,Sunflower seed,2019,6
Botswana,Sunflower seed,2020,149
Botswana,Sunflower seed,2021,55
Botswana,Watermelons,2019,1111
Botswana,Watermelons,2020,767
Botswana,Watermelons,2021,909
Brazil,Apples,2019,201136
Brazil,Apples,2020,161714
Brazil,Apples,2021,213385
Brazil,Avocados,2019,86412
Brazil,Avocados,2020,95076
Brazil,Avocados,2021,107115
Brazil,Bananas,2019,3908806
Brazil,Bananas,2020,3772386
Brazil,Bananas,2021,3892486
Brazil,Barley,2019,74883
Brazil,Barley,2020,71473
Brazil,Barley,2021,83599
Brazil,"Beans, dry",2019,2892313
Brazil,"Beans, dry",2020,3019797
Brazil,"Beans, dry",2021,2885083
Brazil,"Brazil nuts, in shell",2019,35539
Brazil,"Brazil nuts, in shell",2020,35769
Brazil,"Brazil nuts, in shell",2021,35141
Brazil,"Broad beans and horse beans, dry",2019,15865
Brazil,"Broad beans and horse beans, dry",2020,23025
Brazil,"Broad beans and horse beans, dry",2021,13239
Brazil,Buckwheat,2019,6275
Brazil,Buckwheat,2020,6314
Brazil,Buckwheat,2021,6391
Brazil,Cantaloupes and other melons,2019,190992
Brazil,Cantaloupes and other melons,2020,205428
Brazil,Cantaloupes and other melons,2021,196572
Brazil,"Cashew nuts, in shell",2019,113517
Brazil,"Cashew nuts, in shell",2020,114110
Brazil,"Cashew nuts, in shell",2021,90924
Brazil,Cashewapple,2019,124596
Brazil,Cashewapple,2020,125733
Brazil,Cashewapple,2021,127234
Brazil,"Cassava, fresh",2019,1800077
Brazil,"Cassava, fresh",2020,1861916
Brazil,"Cassava, fresh",2021,1864278
Brazil,Castor oil seeds,2019,19231
Brazil,Castor oil seeds,2020,25115
Brazil,Castor oil seeds,2021,24691
Brazil,Cocoa beans,2019,421018
Brazil,Cocoa beans,2020,437714
Brazil,Cocoa beans,2021,490268
Brazil,"Coconuts, in shell",2019,282355
Brazil,"Coconuts, in shell",2020,292626
Brazil,"Coconuts, in shell",2021,296363
Brazil,"Coffee, green",2019,7161187
Brazil,"Coffee, green",2020,8811286
Brazil,"Coffee, green",2021,7098975
Brazil,"Eggs from other birds in shell, fresh, n.e.c.",2019,12478
Brazil,"Eggs from other birds in shell, fresh, n.e.c.",2020,11597
Brazil,"Eggs from other birds in shell, fresh, n.e.c.",2021,10775
Brazil,Figs,2019,10693
Brazil,Figs,2020,9322
Brazil,Figs,2021,10480
Brazil,Grapes,2019,1232839
Brazil,Grapes,2020,1191130
Brazil,Grapes,2021,1450564
Brazil,Green garlic,2019,157097
Brazil,Green garlic,2020,186910
Brazil,Green garlic,2021,200577
Brazil,"Groundnuts, excluding shelled",2019,148126
Brazil,"Groundnuts, excluding shelled",2020,166126
Brazil,"Groundnuts, excluding shelled",2021,202749
Brazil,"Hen eggs in shell, fresh",2019,7106347
Brazil,"Hen eggs in shell, fresh",2020,7355720
Brazil,"Hen eggs in shell, fresh",2021,7440248
Brazil,"Horse meat, fresh or chilled (indigenous)",2019,14308
Brazil,"Horse meat, fresh or chilled (indigenous)",2020,14649
Brazil,"Horse meat, fresh or chilled (indigenous)",2021,14319
Brazil,"Jute, raw or retted",2019,3
Brazil,"Jute, raw or retted",2020,336
Brazil,"Jute, raw or retted",2021,7
Brazil,"Kenaf, and other textile bast fibres, raw or retted",2019,505
Brazil,"Kenaf, and other textile bast fibres, raw or retted",2020,857
Brazil,"Kenaf, and other textile bast fibres, raw or retted",2021,580
Brazil,Lemons and limes,2019,469556
Brazil,Lemons and limes,2020,490723
Brazil,Lemons and limes,2021,464876
Brazil,Linseed,2019,1173
Brazil,Linseed,2020,1165
Brazil,Linseed,2021,1665
Brazil,Maize (corn),2019,17115461
Brazil,Maize (corn),2020,17600277
Brazil,Maize (corn),2021,14939896
Brazil,"Mangoes, guavas and mangosteens",2019,527053
Brazil,"Mangoes, guavas and mangosteens",2020,556281
Brazil,"Mangoes, guavas and mangosteens",2021,541243
Brazil,Maté leaves,2019,107745
Brazil,Maté leaves,2020,108836
Brazil,Maté leaves,2021,115104
Brazil,"Meat of cattle with the bone, fresh or chilled (indigenous)",2019,15337978
Brazil,"Meat of cattle with the bone, fresh or chilled (indigenous)",2020,18295173
Brazil,"Meat of cattle with the bone, fresh or chilled (indigenous)",2021,17433296
Brazil,"Meat of chickens, fresh or chilled (indigenous)",2019,17327183
Brazil,"Meat of chickens, fresh or chilled (indigenous)",2020,17674528
Brazil,"Meat of chickens, fresh or chilled (indigenous)",2021,16190250
Brazil,"Meat of ducks, fresh or chilled (indigenous)",2019,5364
Brazil,"Meat of ducks, fresh or chilled (indigenous)",2020,4732
Brazil,"Meat of ducks, fresh or chilled (indigenous)",2021,5838
Brazil,"Meat of goat, fresh or chilled (indigenous)",2019,25794
Brazil,"Meat of goat, fresh or chilled (indigenous)",2020,27087
Brazil,"Meat of goat, fresh or chilled (indigenous)",2021,26735
Brazil,"Meat of pig with the bone, fresh or chilled (indigenous)",2019,5034205
Brazil,"Meat of pig with the bone, fresh or chilled (indigenous)",2020,5468986
Brazil,"Meat of pig with the bone, fresh or chilled (indigenous)",2021,5977710
Brazil,"Meat of rabbits and hares, fresh or chilled (indigenous)",2019,569
Brazil,"Meat of rabbits and hares, fresh or chilled (indigenous)",2020,581
Brazil,"Meat of rabbits and hares, fresh or chilled (indigenous)",2021,557
Brazil,"Meat of sheep, fresh or chilled (indigenous)",2019,116423
Brazil,"Meat of sheep, fresh or chilled (indigenous)",2020,120485
Brazil,"Meat of sheep, fresh or chilled (indigenous)",2021,120281
Brazil,"Meat of turkeys, fresh or chilled (indigenous)",2019,273367
Brazil,"Meat of turkeys, fresh or chilled (indigenous)",2020,253378
Brazil,"Meat of turkeys, fresh or chilled (indigenous)",2021,249143
Brazil,Natural honey,2019,185175
Brazil,Natural honey,2020,212230
Brazil,Natural honey,2021,225111
Brazil,Natural rubber in primary forms,2019,134530
Brazil,Natural rubber in primary forms,2020,139596
Brazil,Natural rubber in primary forms,2021,148400
Brazil,Oats,2019,102650
Brazil,Oats,2020,99133
Brazil,Oats,2021,120547
Brazil,Oil palm fruit,2019,193336
Brazil,Oil palm fruit,2020,214643
Brazil,Oil palm fruit,2021,216118
Brazil,Olives,2019,1082
Brazil,Olives,2020,1149
Brazil,Olives,2021,1481
Brazil,"Onions and shallots, dry (excluding dehydrated)",2019,499277
Brazil,"Onions and shallots, dry (excluding dehydrated)",2020,479750
Brazil,"Onions and shallots, dry (excluding dehydrated)",2021,524152
Brazil,Oranges,2019,2956640
Brazil,Oranges,2020,2892836
Brazil,Oranges,2021,2805693
Brazil,"Other fibre crops, raw, n.e.c.",2019,42620
Brazil,"Other fibre crops, raw, n.e.c.",2020,42625
Brazil,"Other fibre crops, raw, n.e.c.",2021,42825
Brazil,"Other nuts (excluding wild edible nuts and groundnuts), in shell, n.e.c.",2019,779
Brazil,"Other nuts (excluding wild edible nuts and groundnuts), in shell, n.e.c.",2020,791
Brazil,"Other nuts (excluding wild edible nuts and groundnuts), in shell, n.e.c.",2021,800
Brazil,"Other oil seeds, n.e.c.",2019,5258
Brazil,"Other oil seeds, n.e.c.",2020,5424
Brazil,"Other oil seeds, n.e.c.",2021,5767
Brazil,"Other tropical fruits, n.e.c.",2019,816737
Brazil,"Other tropical fruits, n.e.c.",2020,889312
Brazil,"Other tropical fruits, n.e.c.",2021,889652
Brazil,"Other vegetables, fresh n.e.c.",2019,192850
Brazil,"Other vegetables, fresh n.e.c.",2020,194548
Brazil,"Other vegetables, fresh n.e.c.",2021,196931
Brazil,Papayas,2019,318318
Brazil,Papayas,2020,335610
Brazil,Papayas,2021,342418
Brazil,Peaches and nectarines,2019,96731
Brazil,Peaches and nectarines,2020,106871
Brazil,Peaches and nectarines,2021,105364
Brazil,Pears,2019,8941
Brazil,Pears,2020,8227
Brazil,Pears,2021,8459
Brazil,"Peas, dry",2019,2431
Brazil,"Peas, dry",2020,2783
Brazil,"Peas, dry",2021,2763
Brazil,"Pepper (Piper spp.), raw",2019,269093
Brazil,"Pepper (Piper spp.), raw",2020,282247
Brazil,"Pepper (Piper spp.), raw",2021,290384
Brazil,Persimmons,2019,105835
Brazil,Persimmons,2020,100181
Brazil,Persimmons,2021,107265
Brazil,Pineapples,2019,609445
Brazil,Pineapples,2020,618980
Brazil,Pineapples,2021,585545
Brazil,Pomelos and grapefruits,2019,4882
Brazil,Pomelos and grapefruits,2020,4945
Brazil,Pomelos and grapefruits,2021,5002
Brazil,Potatoes,2019,1935654
Brazil,Potatoes,2020,1957169
Brazil,Potatoes,2021,2009561
Brazil,Quinces,2019,445
Brazil,Quinces,2020,467
Brazil,Quinces,2021,369
Brazil,Rape or colza seed,2019,9642
Brazil,Rape or colza seed,2020,8462
Brazil,Rape or colza seed,2021,14877
Brazil,Raw milk of cattle,2019,13519066
Brazil,Raw milk of cattle,2020,13673161
Brazil,Raw milk of cattle,2021,13621436
Brazil,Raw milk of goats,2019,8871
Brazil,Raw milk of goats,2020,9167
Brazil,Raw milk of goats,2021,9167
Brazil,Rice,2019,2921783
Brazil,Rice,2020,3125341
Brazil,Rice,2021,3285847
Brazil,Rye,2019,1996
Brazil,Rye,2020,1791
Brazil,Rye,2021,2044
Brazil,"Seed cotton, unginned",2019,7086966
Brazil,"Seed cotton, unginned",2020,7268728
Brazil,"Seed cotton, unginned",2021,5872127
Brazil,Sesame seed,2019,27102
Brazil,Sesame seed,2020,16092
Brazil,Sesame seed,2021,22641
Brazil,"Shorn wool, greasy, including fleece-washed shorn wool",2019,30057
Brazil,"Shorn wool, greasy, including fleece-washed shorn wool",2020,28641
Brazil,"Shorn wool, greasy, including fleece-washed shorn wool",2021,29770
Brazil,Silk-worm cocoons suitable for reeling,2019,16541
Brazil,Silk-worm cocoons suitable for reeling,2020,14889
Brazil,Silk-worm cocoons suitable for reeling,2021,12005
Brazil,"Sisal, raw",2019,64910
Brazil,"Sisal, raw",2020,64342
Brazil,"Sisal, raw",2021,73570
Brazil,Sorghum,2019,228873
Brazil,Sorghum,2020,236547
Brazil,Sorghum,2021,214706
Brazil,Soya beans,2019,41510730
Brazil,Soya beans,2020,44235626
Brazil,Soya beans,2021,48948282
Brazil,Strawberries,2019,48075
Brazil,Strawberries,2020,63605
Brazil,Strawberries,2021,57517
Brazil,Sugar cane,2019,16694475
Brazil,Sugar cane,2020,16752085
Brazil,Sugar cane,2021,15857144
Brazil,Sunflower seed,2019,43493
Brazil,Sunflower seed,2020,26035
Brazil,Sunflower seed,2021,21215
Brazil,Sweet potatoes,2019,250496
Brazil,Sweet potatoes,2020,264763
Brazil,Sweet potatoes,2021,264415
Brazil,"Tangerines, mandarins, clementines",2019,183497
Brazil,"Tangerines, mandarins, clementines",2020,191531
Brazil,"Tangerines, mandarins, clementines",2021,202259
Brazil,Tea leaves,2019,458
Brazil,Tea leaves,2020,450
Brazil,Tea leaves,2021,453
Brazil,Tomatoes,2019,3858275
Brazil,Tomatoes,2020,3696978
Brazil,Tomatoes,2021,3620401
Brazil,Triticale,2019,7264
Brazil,Triticale,2020,8197
Brazil,Triticale,2021,9952
Brazil,Tung nuts,2019,56
Brazil,Tung nuts,2020,56
Brazil,Tung nuts,2021,54
Brazil,Unmanufactured tobacco,2019,2128664
Brazil,Unmanufactured tobacco,2020,1943193
Brazil,Unmanufactured tobacco,2021,2057797
Brazil,"Walnuts, in shell",2019,9230
Brazil,"Walnuts, in shell",2020,7582
Brazil,"Walnuts, in shell",2021,11268
Brazil,Watermelons,2019,281127
Brazil,Watermelons,2020,267854
Brazil,Watermelons,2021,262709
Brazil,Wheat,2019,1118376
Brazil,Wheat,2020,1269057
Brazil,Wheat,2021,1575982
Brazil,Yams,2019,10735
Brazil,Yams,2020,10772
Brazil,Yams,2021,10849
Brunei Darussalam,Bananas,2019,2774
Brunei Darussalam,Bananas,2020,2452
Brunei Darussalam,Bananas,2021,1948
Brunei Darussalam,"Broad beans and horse beans, green",2019,4968
Brunei Darussalam,"Broad beans and horse beans, green",2020,4891
Brunei Darussalam,"Broad beans and horse beans, green",2021,4916
Brunei Darussalam,"Cassava, fresh",2019,994
Brunei Darussalam,"Cassava, fresh",2020,264
Brunei Darussalam,"Cassava, fresh",2021,292
Brunei Darussalam,"Chillies and peppers, green (Capsicum spp. and Pimenta spp.)",2019,2069
Brunei Darussalam,"Chillies and peppers, green (Capsicum spp. and Pimenta spp.)",2020,2846
Brunei Darussalam,"Chillies and peppers, green (Capsicum spp. and Pimenta spp.)",2021,2170
Brunei Darussalam,"Coconuts, in shell",2019,290
Brunei Darussalam,"Coconuts, in shell",2020,244
Brunei Darussalam,"Coconuts, in shell",2021,244
Brunei Darussalam,Cucumbers and gherkins,2019,2195
Brunei Darussalam,Cucumbers and gherkins,2020,1910
Brunei Darussalam,Cucumbers and gherkins,2021,1699
Brunei Darussalam,"Edible roots and tubers with high starch or inulin content, n.e.c., fresh",2019,1586
Brunei Darussalam,"Edible roots and tubers with high starch or inulin content, n.e.c., fresh",2020,1577
Brunei Darussalam,"Edible roots and tubers with high starch or inulin content, n.e.c., fresh",2021,1624
Brunei Darussalam,Eggplants (aubergines),2019,634
Brunei Darussalam,Eggplants (aubergines),2020,740
Brunei Darussalam,Eggplants (aubergines),2021,647
Brunei Darussalam,Green corn (maize),2019,152
Brunei Darussalam,Green corn (maize),2020,155
Brunei Darussalam,Green corn (maize),2021,152
Brunei Darussalam,"Hen eggs in shell, fresh",2019,21740
Brunei Darussalam,"Hen eggs in shell, fresh",2020,23416
Brunei Darussalam,"Hen eggs in shell, fresh",2021,23526
Brunei Darussalam,Lemons and limes,2019,170
Brunei Darussalam,Lemons and limes,2020,172
Brunei Darussalam,Lemons and limes,2021,171
Brunei Darussalam,Lettuce and chicory,2019,35
Brunei Darussalam,Lettuce and chicory,2020,35
Brunei Darussalam,Lettuce and chicory,2021,36
Brunei Darussalam,"Meat of buffalo, fresh or chilled (indigenous)",2019,28
Brunei Darussalam,"Meat of buffalo, fresh or chilled (indigenous)",2020,1465
Brunei Darussalam,"Meat of buffalo, fresh or chilled (indigenous)",2021,4417
Brunei Darussalam,"Meat of cattle with the bone, fresh or chilled (indigenous)",2019,3
Brunei Darussalam,"Meat of cattle with the bone, fresh or chilled (indigenous)",2020,3
Brunei Darussalam,"Meat of cattle with the bone, fresh or chilled (indigenous)",2021,3
Brunei Darussalam,"Meat of chickens, fresh or chilled (indigenous)",2019,83291
Brunei Darussalam,"Meat of chickens, fresh or chilled (indigenous)",2020,88967
Brunei Darussalam,"Meat of chickens, fresh or chilled (indigenous)",2021,97990
Brunei Darussalam,"Meat of ducks, fresh or chilled (indigenous)",2019,2111
Brunei Darussalam,"Meat of ducks, fresh or chilled (indigenous)",2020,2055
Brunei Darussalam,"Meat of ducks, fresh or chilled (indigenous)",2021,1821
Brunei Darussalam,"Meat of goat, fresh or chilled (indigenous)",2019,264
Brunei Darussalam,"Meat of goat, fresh or chilled (indigenous)",2020,227
Brunei Darussalam,"Meat of goat, fresh or chilled (indigenous)",2021,301
Brunei Darussalam,Mushrooms and truffles,2019,161
Brunei Darussalam,Mushrooms and truffles,2020,165
Brunei Darussalam,Mushrooms and truffles,2021,172
Brunei Darussalam,Okra,2019,951
Brunei Darussalam,Okra,2020,933
Brunei Darussalam,Okra,2021,939
Brunei Darussalam,"Onions and shallots, green",2019,750
Brunei Darussalam,"Onions and shallots, green",2020,738
Brunei Darussalam,"Onions and shallots, green",2021,742
Brunei Darussalam,Oranges,2019,788
Brunei Darussalam,Oranges,2020,773
Brunei Darussalam,Oranges,2021,778
Brunei Darussalam,"Other fruits, n.e.c.",2019,16645
Brunei Darussalam,"Other fruits, n.e.c.",2020,12234
Brunei Darussalam,"Other fruits, n.e.c.",2021,10638
Brunei Darussalam,"Other vegetables, fresh n.e.c.",2019,14851
Brunei Darussalam,"Other vegetables, fresh n.e.c.",2020,13259
Brunei Darussalam,"Other vegetables, fresh n.e.c.",2021,11666
Brunei Darussalam,"Pepper (Piper spp.), raw",2019,14101
Brunei Darussalam,"Pepper (Piper spp.), raw",2020,12555
Brunei Darussalam,"Pepper (Piper spp.), raw",2021,9559
Brunei Darussalam,Pineapples,2019,1918
Brunei Darussalam,Pineapples,2020,1886
Brunei Darussalam,Pineapples,2021,1897
Brunei Darussalam,Plantains and cooking bananas,2019,6
Brunei Darussalam,Plantains and cooking bananas,2020,65
Brunei Darussalam,Plantains and cooking bananas,2021,4
Brunei Darussalam,"Pumpkins, squash and gourds",2019,1726
Brunei Darussalam,"Pumpkins, squash and gourds",2020,984
Brunei Darussalam,"Pumpkins, squash and gourds",2021,864
Brunei Darussalam,Raw milk of cattle,2019,145
Brunei Darussalam,Raw milk of cattle,2020,146
Brunei Darussalam,Raw milk of cattle,2021,121
Brunei Darussalam,Rice,2019,2261
Brunei Darussalam,Rice,2020,3833
Brunei Darussalam,Rice,2021,4030
Brunei Darussalam,Spinach,2019,1113
Brunei Darussalam,Spinach,2020,942
Brunei Darussalam,Spinach,2021,885
Brunei Darussalam,Sweet potatoes,2019,661
Brunei Darussalam,Sweet potatoes,2020,665
Brunei Darussalam,Sweet potatoes,2021,682
Brunei Darussalam,Tomatoes,2019,351
Brunei Darussalam,Tomatoes,2020,342
Brunei Darussalam,Tomatoes,2021,345
Brunei Darussalam,Watermelons,2019,393
Brunei Darussalam,Watermelons,2020,361
Brunei Darussalam,Watermelons,2021,376
Burkina Faso,"Almonds, in shell",2019,3116
Burkina Faso,"Almonds, in shell",2020,3239
Burkina Faso,"Almonds, in shell",2021,3359
Burkina Faso,"Bambara beans, dry",2019,13073
Burkina Faso,"Bambara beans, dry",2020,16700
Burkina Faso,"Bambara beans, dry",2021,11054
Burkina Faso,"Cashew nuts, in shell",2019,268727
Burkina Faso,"Cashew nuts, in shell",2020,268727
Burkina Faso,"Cashew nuts, in shell",2021,274839
Burkina Faso,"Cassava, fresh",2019,9577
Burkina Faso,"Cassava, fresh",2020,9577
Burkina Faso,"Cassava, fresh",2021,9721
Burkina Faso,"Chillies and peppers, green (Capsicum spp. and Pimenta spp.)",2019,2812
Burkina Faso,"Chillies and peppers, green (Capsicum spp. and Pimenta spp.)",2020,2814
Burkina Faso,"Chillies and peppers, green (Capsicum spp. and Pimenta spp.)",2021,2829
Burkina Faso,"Cow peas, dry",2019,250880
Burkina Faso,"Cow peas, dry",2020,249653
Burkina Faso,"Cow peas, dry",2021,161172
Burkina Faso,Fonio,2019,5149
Burkina Faso,Fonio,2020,5410
Burkina Faso,Fonio,2021,3797
Burkina Faso,"Game meat, fresh, chilled or frozen",2019,20542
Burkina Faso,"Game meat, fresh, chilled or frozen",2020,20921
Burkina Faso,"Game meat, fresh, chilled or frozen",2021,20570
Burkina Faso,"Groundnuts, excluding shelled",2019,134674
Burkina Faso,"Groundnuts, excluding shelled",2020,214363
Burkina Faso,"Groundnuts, excluding shelled",2021,162254
Burkina Faso,"Hen eggs in shell, fresh",2019,193455
Burkina Faso,"Hen eggs in shell, fresh",2020,190651
Burkina Faso,"Hen eggs in shell, fresh",2021,190651
Burkina Faso,"Horse meat, fresh or chilled (indigenous)",2019,973
Burkina Faso,"Horse meat, fresh or chilled (indigenous)",2020,428
Burkina Faso,"Horse meat, fresh or chilled (indigenous)",2021,320
Burkina Faso,Karite nuts (sheanuts),2019,29606
Burkina Faso,Karite nuts (sheanuts),2020,31782
Burkina Faso,Karite nuts (sheanuts),2021,31892
Burkina Faso,Lemons and limes,2019,15
Burkina Faso,Lemons and limes,2020,16
Burkina Faso,Lemons and limes,2021,15
Burkina Faso,Maize (corn),2019,412269
Burkina Faso,Maize (corn),2020,462680
Burkina Faso,Maize (corn),2021,446633
Burkina Faso,"Mangoes, guavas and mangosteens",2019,1037
Burkina Faso,"Mangoes, guavas and mangosteens",2020,1022
Burkina Faso,"Mangoes, guavas and mangosteens",2021,1023
Burkina Faso,"Meat of asses, fresh or chilled (indigenous)",2019,927
Burkina Faso,"Meat of asses, fresh or chilled (indigenous)",2020,1448
Burkina Faso,"Meat of asses, fresh or chilled (indigenous)",2021,1496
Burkina Faso,"Meat of camels, fresh or chilled (indigenous)",2019,325
Burkina Faso,"Meat of camels, fresh or chilled (indigenous)",2020,438
Burkina Faso,"Meat of camels, fresh or chilled (indigenous)",2021,447
Burkina Faso,"Meat of cattle with the bone, fresh or chilled (indigenous)",2019,208704
Burkina Faso,"Meat of cattle with the bone, fresh or chilled (indigenous)",2020,196550
Burkina Faso,"Meat of cattle with the bone, fresh or chilled (indigenous)",2021,201124
Burkina Faso,"Meat of chickens, fresh or chilled (indigenous)",2019,358387
Burkina Faso,"Meat of chickens, fresh or chilled (indigenous)",2020,257672
Burkina Faso,"Meat of chickens, fresh or chilled (indigenous)",2021,257706
Burkina Faso,"Meat of goat, fresh or chilled (indigenous)",2019,53552
Burkina Faso,"Meat of goat, fresh or chilled (indigenous)",2020,43895
Burkina Faso,"Meat of goat, fresh or chilled (indigenous)",2021,44079
Burkina Faso,"Meat of pig with the bone, fresh or chilled (indigenous)",2019,127326
Burkina Faso,"Meat of pig with the bone, fresh or chilled (indigenous)",2020,83471
Burkina Faso,"Meat of pig with the bone, fresh or chilled (indigenous)",2021,69875
Burkina Faso,"Meat of sheep, fresh or chilled (indigenous)",2019,38432
Burkina Faso,"Meat of sheep, fresh or chilled (indigenous)",2020,47907
Burkina Faso,"Meat of sheep, fresh or chilled (indigenous)",2021,48617
Burkina Faso,Millet,2019,195550
Burkina Faso,Millet,2020,192945
Burkina Faso,Millet,2021,142170
Burkina Faso,Okra,2019,5159
Burkina Faso,Okra,2020,5137
Burkina Faso,Okra,2021,5139
Burkina Faso,"Onions and shallots, green",2019,4784
Burkina Faso,"Onions and shallots, green",2020,4773
Burkina Faso,"Onions and shallots, green",2021,4792
Burkina Faso,Oranges,2019,32
Burkina Faso,Oranges,2020,33
Burkina Faso,Oranges,2021,33
Burkina Faso,"Other beans, green",2019,3250
Burkina Faso,"Other beans, green",2020,3275
Burkina Faso,"Other beans, green",2021,3263
Burkina Faso,"Other fruits, n.e.c.",2019,183452
Burkina Faso,"Other fruits, n.e.c.",2020,176821
Burkina Faso,"Other fruits, n.e.c.",2021,181858
Burkina Faso,Other pulses n.e.c.,2019,4779
Burkina Faso,Other pulses n.e.c.,2020,4814
Burkina Faso,Other pulses n.e.c.,2021,4795
Burkina Faso,"Other stimulant, spice and aromatic crops, n.e.c.",2019,15289
Burkina Faso,"Other stimulant, spice and aromatic crops, n.e.c.",2020,15423
Burkina Faso,"Other stimulant, spice and aromatic crops, n.e.c.",2021,15550
Burkina Faso,"Other tropical fruits, n.e.c.",2019,1534
Burkina Faso,"Other tropical fruits, n.e.c.",2020,1571
Burkina Faso,"Other tropical fruits, n.e.c.",2021,1608
Burkina Faso,"Other vegetables, fresh n.e.c.",2019,341556
Burkina Faso,"Other vegetables, fresh n.e.c.",2020,341208
Burkina Faso,"Other vegetables, fresh n.e.c.",2021,350887
Burkina Faso,Pomelos and grapefruits,2019,12
Burkina Faso,Pomelos and grapefruits,2020,12
Burkina Faso,Pomelos and grapefruits,2021,12
Burkina Faso,Potatoes,2019,21756
Burkina Faso,Potatoes,2020,19208
Burkina Faso,Potatoes,2021,19339
Burkina Faso,Raw milk of cattle,2019,82651
Burkina Faso,Raw milk of cattle,2020,81256
Burkina Faso,Raw milk of cattle,2021,82920
Burkina Faso,Raw milk of goats,2019,60967
Burkina Faso,Raw milk of goats,2020,52227
Burkina Faso,Raw milk of goats,2021,52439
Burkina Faso,Rice,2019,180552
Burkina Faso,Rice,2020,216465
Burkina Faso,Rice,2021,216270
Burkina Faso,"Seed cotton, unginned",2019,310173
Burkina Faso,"Seed cotton, unginned",2020,298355
Burkina Faso,"Seed cotton, unginned",2021,291558
Burkina Faso,Sesame seed,2019,153246
Burkina Faso,Sesame seed,2020,157300
Burkina Faso,Sesame seed,2021,76254
Burkina Faso,Sorghum,2019,245829
Burkina Faso,Sorghum,2020,241598
Burkina Faso,Sorghum,2021,215876
Burkina Faso,Soya beans,2019,13560
Burkina Faso,Soya beans,2020,25833
Burkina Faso,Soya beans,2021,27974
Burkina Faso,Sugar cane,2019,31993
Burkina Faso,Sugar cane,2020,32201
Burkina Faso,Sugar cane,2021,32566
Burkina Faso,Sweet potatoes,2019,7537
Burkina Faso,Sweet potatoes,2020,14370
Burkina Faso,Sweet potatoes,2021,13049
Burkina Faso,"Tangerines, mandarins, clementines",2019,566
Burkina Faso,"Tangerines, mandarins, clementines",2020,572
Burkina Faso,"Tangerines, mandarins, clementines",2021,575
Burkina Faso,Tomatoes,2019,46852
Burkina Faso,Tomatoes,2020,46852
Burkina Faso,Tomatoes,2021,48553
Burkina Faso,Unmanufactured tobacco,2019,741
Burkina Faso,Unmanufactured tobacco,2020,736
Burkina Faso,Unmanufactured tobacco,2021,732
Burkina Faso,Yams,2019,14423
Burkina Faso,Yams,2020,17884
Burkina Faso,Yams,2021,21363
Burundi,Bananas,2019,300598
Burundi,Bananas,2020,233724
Burundi,Bananas,2021,331603
Burundi,"Beans, dry",2019,276274
Burundi,"Beans, dry",2020,205259
Burundi,"Beans, dry",2021,218645
Burundi,"Cassava, fresh",2019,736915
Burundi,"Cassava, fresh",2020,861880
Burundi,"Cassava, fresh",2021,835839
Burundi,Cereals n.e.c.,2019,5486
Burundi,Cereals n.e.c.,2020,7351
Burundi,Cereals n.e.c.,2021,7345
Burundi,"Coffee, green",2019,4175
Burundi,"Coffee, green",2020,2112
Burundi,"Coffee, green",2021,4098
Burundi,"Groundnuts, excluding shelled",2019,16170
Burundi,"Groundnuts, excluding shelled",2020,9100
Burundi,"Groundnuts, excluding shelled",2021,21379
Burundi,"Hen eggs in shell, fresh",2019,12397
Burundi,"Hen eggs in shell, fresh",2020,13584
Burundi,"Hen eggs in shell, fresh",2021,12789
Burundi,Maize (corn),2019,104686
Burundi,Maize (corn),2020,156809
Burundi,Maize (corn),2021,235978
Burundi,"Meat of cattle with the bone, fresh or chilled (indigenous)",2019,58268
Burundi,"Meat of cattle with the bone, fresh or chilled (indigenous)",2020,38634
Burundi,"Meat of cattle with the bone, fresh or chilled (indigenous)",2021,62033
Burundi,"Meat of chickens, fresh or chilled (indigenous)",2019,65938
Burundi,"Meat of chickens, fresh or chilled (indigenous)",2020,96289
Burundi,"Meat of chickens, fresh or chilled (indigenous)",2021,58660
Burundi,"Meat of goat, fresh or chilled (indigenous)",2019,42070
Burundi,"Meat of goat, fresh or chilled (indigenous)",2020,10696
Burundi,"Meat of goat, fresh or chilled (indigenous)",2021,9598
Burundi,"Meat of pig with the bone, fresh or chilled (indigenous)",2019,5830
Burundi,"Meat of pig with the bone, fresh or chilled (indigenous)",2020,5640
Burundi,"Meat of pig with the bone, fresh or chilled (indigenous)",2021,7921
Burundi,"Meat of rabbits and hares, fresh or chilled (indigenous)",2019,530
Burundi,"Meat of rabbits and hares, fresh or chilled (indigenous)",2020,480
Burundi,"Meat of rabbits and hares, fresh or chilled (indigenous)",2021,546
Burundi,"Meat of sheep, fresh or chilled (indigenous)",2019,2672
Burundi,"Meat of sheep, fresh or chilled (indigenous)",2020,3278
Burundi,"Meat of sheep, fresh or chilled (indigenous)",2021,1439
Burundi,Millet,2019,3666
Burundi,Millet,2020,2268
Burundi,Millet,2021,4329
Burundi,Natural honey,2019,3183
Burundi,Natural honey,2020,4455
Burundi,Natural honey,2021,6463
Burundi,Oil palm fruit,2019,81895
Burundi,Oil palm fruit,2020,81550
Burundi,Oil palm fruit,2021,86050
Burundi,"Other fruits, n.e.c.",2019,106666
Burundi,"Other fruits, n.e.c.",2020,107207
Burundi,"Other fruits, n.e.c.",2021,109406
Burundi,"Other vegetables, fresh n.e.c.",2019,164886
Burundi,"Other vegetables, fresh n.e.c.",2020,165864
Burundi,"Other vegetables, fresh n.e.c.",2021,170052
Burundi,"Peas, dry",2019,10224
Burundi,"Peas, dry",2020,9420
Burundi,"Peas, dry",2021,13737
Burundi,"Pigeon peas, dry",2019,1795
Burundi,"Pigeon peas, dry",2020,1736
Burundi,"Pigeon peas, dry",2021,1583
Burundi,Potatoes,2019,129747
Burundi,Potatoes,2020,123276
Burundi,Potatoes,2021,135895
Burundi,Raw milk of cattle,2019,133604
Burundi,Raw milk of cattle,2020,57625
Burundi,Raw milk of cattle,2021,50017
Burundi,Raw milk of goats,2019,24994
Burundi,Raw milk of goats,2020,22546
Burundi,Raw milk of goats,2021,28876
Burundi,Raw milk of sheep,2019,714
Burundi,Raw milk of sheep,2020,716
Burundi,Raw milk of sheep,2021,664
Burundi,Rice,2019,70757
Burundi,Rice,2020,44001
Burundi,Rice,2021,35201
Burundi,"Seed cotton, unginned",2019,274
Burundi,"Seed cotton, unginned",2020,241
Burundi,"Seed cotton, unginned",2021,318
Burundi,Sorghum,2019,4886
Burundi,Sorghum,2020,12240
Burundi,Sorghum,2021,13801
Burundi,Soya beans,2019,1121
Burundi,Soya beans,2020,1108
Burundi,Soya beans,2021,1118
Burundi,Sugar cane,2019,7813
Burundi,Sugar cane,2020,8156
Burundi,Sugar cane,2021,6745
Burundi,Sweet potatoes,2019,157553
Burundi,Sweet potatoes,2020,158103
Burundi,Sweet potatoes,2021,171430
Burundi,Taro,2019,41600
Burundi,Taro,2020,62143
Burundi,Taro,2021,21057
Burundi,Tea leaves,2019,9751
Burundi,Tea leaves,2020,9854
Burundi,Tea leaves,2021,9517
Burundi,Unmanufactured tobacco,2019,12523
Burundi,Unmanufactured tobacco,2020,12881
Burundi,Unmanufactured tobacco,2021,12821
Burundi,Wheat,2019,3602
Burundi,Wheat,2020,3001
Burundi,Wheat,2021,6841
Burundi,Yams,2019,1679
Burundi,Yams,2020,85
Burundi,Yams,2021,131
Cabo Verde,Bananas,2019,8438
Cabo Verde,Bananas,2020,7066
Cabo Verde,Bananas,2021,6273
Cabo Verde,Cabbages,2019,7177
Cabo Verde,Cabbages,2020,7427
Cabo Verde,Cabbages,2021,7627
Cabo Verde,Carrots and turnips,2019,5500
Cabo Verde,Carrots and turnips,2020,7956
Cabo Verde,Carrots and turnips,2021,9049
Cabo Verde,"Cassava, fresh",2019,6054
Cabo Verde,"Cassava, fresh",2020,6049
Cabo Verde,"Cassava, fresh",2021,5954
Cabo Verde,Castor oil seeds,2019,242
Cabo Verde,Castor oil seeds,2020,243
Cabo Verde,Castor oil seeds,2021,244
Cabo Verde,Cauliflowers and broccoli,2019,67
Cabo Verde,"Chillies and peppers, dry (Capsicum spp., Pimenta spp.), raw",2019,2688
Cabo Verde,"Chillies and peppers, dry (Capsicum spp., Pimenta spp.), raw",2020,2820
Cabo Verde,"Chillies and peppers, dry (Capsicum spp., Pimenta spp.), raw",2021,2734
Cabo Verde,"Coconuts, in shell",2019,4848
Cabo Verde,"Coconuts, in shell",2020,4848
Cabo Verde,"Coconuts, in shell",2021,4848
Cabo Verde,Cucumbers and gherkins,2019,2366
Cabo Verde,Cucumbers and gherkins,2020,1482
Cabo Verde,Cucumbers and gherkins,2021,1491
Cabo Verde,Green garlic,2019,327
Cabo Verde,Green garlic,2020,333
Cabo Verde,Green garlic,2021,316
Cabo Verde,"Hen eggs in shell, fresh",2019,10720
Cabo Verde,"Hen eggs in shell, fresh",2020,11335
Cabo Verde,"Hen eggs in shell, fresh",2021,9425
Cabo Verde,Lettuce and chicory,2019,2020
Cabo Verde,Lettuce and chicory,2020,2935
Cabo Verde,Lettuce and chicory,2021,2981
Cabo Verde,Maize (corn),2019,483
Cabo Verde,Maize (corn),2020,326
Cabo Verde,Maize (corn),2021,339
Cabo Verde,"Mangoes, guavas and mangosteens",2019,1741
Cabo Verde,"Mangoes, guavas and mangosteens",2020,1819
Cabo Verde,"Mangoes, guavas and mangosteens",2021,1645
Cabo Verde,"Meat of cattle with the bone, fresh or chilled (indigenous)",2019,6834
Cabo Verde,"Meat of cattle with the bone, fresh or chilled (indigenous)",2020,6805
Cabo Verde,"Meat of cattle with the bone, fresh or chilled (indigenous)",2021,6825
Cabo Verde,"Meat of chickens, fresh or chilled (indigenous)",2019,1893
Cabo Verde,"Meat of chickens, fresh or chilled (indigenous)",2020,1822
Cabo Verde,"Meat of chickens, fresh or chilled (indigenous)",2021,1975
Cabo Verde,"Meat of goat, fresh or chilled (indigenous)",2019,4238
Cabo Verde,"Meat of goat, fresh or chilled (indigenous)",2020,5057
Cabo Verde,"Meat of goat, fresh or chilled (indigenous)",2021,5197
Cabo Verde,"Meat of pig with the bone, fresh or chilled (indigenous)",2019,11985
Cabo Verde,"Meat of pig with the bone, fresh or chilled (indigenous)",2020,12467
Cabo Verde,"Meat of pig with the bone, fresh or chilled (indigenous)",2021,12593
Cabo Verde,"Meat of sheep, fresh or chilled (indigenous)",2019,2038
Cabo Verde,"Meat of sheep, fresh or chilled (indigenous)",2020,3003
Cabo Verde,"Meat of sheep, fresh or chilled (indigenous)",2021,3056
Cabo Verde,"Onions and shallots, dry (excluding dehydrated)",2019,3976
Cabo Verde,"Onions and shallots, dry (excluding dehydrated)",2020,3719
Cabo Verde,"Onions and shallots, dry (excluding dehydrated)",2021,6327
Cabo Verde,"Other fruits, n.e.c.",2019,704
Cabo Verde,"Other fruits, n.e.c.",2020,634
Cabo Verde,"Other fruits, n.e.c.",2021,695
Cabo Verde,Other pulses n.e.c.,2019,13942
Cabo Verde,Other pulses n.e.c.,2020,15261
Cabo Verde,Other pulses n.e.c.,2021,12766
Cabo Verde,"Other vegetables, fresh n.e.c.",2019,11609
Cabo Verde,"Other vegetables, fresh n.e.c.",2020,10231
Cabo Verde,"Other vegetables, fresh n.e.c.",2021,12462
Cabo Verde,Potatoes,2019,5781
Cabo Verde,Potatoes,2020,5530
Cabo Verde,Potatoes,2021,5205
Cabo Verde,"Pumpkins, squash and gourds",2019,1570
Cabo Verde,"Pumpkins, squash and gourds",2020,3564
Cabo Verde,"Pumpkins, squash and gourds",2021,3578
Cabo Verde,Raw milk of cattle,2019,6811
Cabo Verde,Raw milk of cattle,2020,6786
Cabo Verde,Raw milk of cattle,2021,6788
Cabo Verde,Raw milk of goats,2019,6588
Cabo Verde,Raw milk of goats,2020,7850
Cabo Verde,Raw milk of goats,2021,8079
Cabo Verde,Sugar cane,2019,3878
Cabo Verde,Sugar cane,2020,3878
Cabo Verde,Sugar cane,2021,3871
Cabo Verde,Sweet potatoes,2019,6746
Cabo Verde,Sweet potatoes,2020,6531
Cabo Verde,Sweet potatoes,2021,7372
Cabo Verde,Tomatoes,2019,26753
Cabo Verde,Tomatoes,2020,23289
Cabo Verde,Tomatoes,2021,20911
Cabo Verde,Watermelons,2019,1763
Cabo Verde,Watermelons,2020,2227
Cabo Verde,Watermelons,2021,1843
Cambodia,Bananas,2019,86306
Cambodia,Bananas,2020,142404
Cambodia,Bananas,2021,176927
Cambodia,"Beans, dry",2019,93198
Cambodia,"Beans, dry",2020,97639
Cambodia,"Beans, dry",2021,95918
Cambodia,"Cassava, fresh",2019,2343862
Cambodia,"Cassava, fresh",2020,2358987
Cambodia,"Cassava, fresh",2021,2358987
Cambodia,Castor oil seeds,2019,369
Cambodia,Castor oil seeds,2020,369
Cambodia,Castor oil seeds,2021,369
Cambodia,"Chillies and peppers, dry (Capsicum spp., Pimenta spp.), raw",2019,10895
Cambodia,"Chillies and peppers, dry (Capsicum spp., Pimenta spp.), raw",2020,11053
Cambodia,"Chillies and peppers, dry (Capsicum spp., Pimenta spp.), raw",2021,10890
Cambodia,"Coconuts, in shell",2019,46580
Cambodia,"Coconuts, in shell",2020,47141
Cambodia,"Coconuts, in shell",2021,47141
Cambodia,"Coffee, green",2019,2449
Cambodia,"Coffee, green",2020,2459
Cambodia,"Coffee, green",2021,2483
Cambodia,"Edible roots and tubers with high starch or inulin content, n.e.c., fresh",2019,10769
Cambodia,"Edible roots and tubers with high starch or inulin content, n.e.c., fresh",2020,10967
Cambodia,"Edible roots and tubers with high starch or inulin content, n.e.c., fresh",2021,10935
Cambodia,"Eggs from other birds in shell, fresh, n.e.c.",2019,8785
Cambodia,"Eggs from other birds in shell, fresh, n.e.c.",2020,8785
Cambodia,"Eggs from other birds in shell, fresh, n.e.c.",2021,8785
Cambodia,"Groundnuts, excluding shelled",2019,25442
Cambodia,"Groundnuts, excluding shelled",2020,35093
Cambodia,"Groundnuts, excluding shelled",2021,35093
Cambodia,"Hen eggs in shell, fresh",2019,33602
Cambodia,"Hen eggs in shell, fresh",2020,34057
Cambodia,"Hen eggs in shell, fresh",2021,33742
Cambodia,"Jute, raw or retted",2019,24941
Cambodia,"Jute, raw or retted",2020,24455
Cambodia,"Jute, raw or retted",2021,25197
Cambodia,Lemons and limes,2019,1119
Cambodia,Lemons and limes,2020,1131
Cambodia,Lemons and limes,2021,1150
Cambodia,Maize (corn),2019,286342
Cambodia,Maize (corn),2020,287942
Cambodia,Maize (corn),2021,223635
Cambodia,"Mangoes, guavas and mangosteens",2019,26689
Cambodia,"Mangoes, guavas and mangosteens",2020,27212
Cambodia,"Mangoes, guavas and mangosteens",2021,26684
Cambodia,"Meat of buffalo, fresh or chilled (indigenous)",2019,48698
Cambodia,"Meat of buffalo, fresh or chilled (indigenous)",2020,41178
Cambodia,"Meat of buffalo, fresh or chilled (indigenous)",2021,40896
Cambodia,"Meat of cattle with the bone, fresh or chilled (indigenous)",2019,110546
Cambodia,"Meat of cattle with the bone, fresh or chilled (indigenous)",2020,107414
Cambodia,"Meat of cattle with the bone, fresh or chilled (indigenous)",2021,111359
Cambodia,"Meat of chickens, fresh or chilled (indigenous)",2019,68616
Cambodia,"Meat of chickens, fresh or chilled (indigenous)",2020,68595
Cambodia,"Meat of chickens, fresh or chilled (indigenous)",2021,68385
Cambodia,"Meat of ducks, fresh or chilled (indigenous)",2019,22406
Cambodia,"Meat of ducks, fresh or chilled (indigenous)",2020,22519
Cambodia,"Meat of ducks, fresh or chilled (indigenous)",2021,22399
Cambodia,"Meat of pig with the bone, fresh or chilled (indigenous)",2019,738309
Cambodia,"Meat of pig with the bone, fresh or chilled (indigenous)",2020,568840
Cambodia,"Meat of pig with the bone, fresh or chilled (indigenous)",2021,629700
Cambodia,Natural rubber in primary forms,2019,117931
Cambodia,Natural rubber in primary forms,2020,147066
Cambodia,Natural rubber in primary forms,2021,153462
Cambodia,Oranges,2019,143090
Cambodia,Oranges,2020,143266
Cambodia,Oranges,2021,142157
Cambodia,"Other fibre crops, raw, n.e.c.",2019,931
Cambodia,"Other fibre crops, raw, n.e.c.",2020,938
Cambodia,"Other fibre crops, raw, n.e.c.",2021,948
Cambodia,"Other fruits, n.e.c.",2019,45164
Cambodia,"Other fruits, n.e.c.",2020,44593
Cambodia,"Other fruits, n.e.c.",2021,45091
Cambodia,"Other nuts (excluding wild edible nuts and groundnuts), in shell, n.e.c.",2019,809
Cambodia,"Other nuts (excluding wild edible nuts and groundnuts), in shell, n.e.c.",2020,810
Cambodia,"Other nuts (excluding wild edible nuts and groundnuts), in shell, n.e.c.",2021,814
Cambodia,"Other oil seeds, n.e.c.",2019,1072
Cambodia,"Other oil seeds, n.e.c.",2020,1108
Cambodia,"Other oil seeds, n.e.c.",2021,1028
Cambodia,"Other vegetables, fresh n.e.c.",2019,431892
Cambodia,"Other vegetables, fresh n.e.c.",2020,434430
Cambodia,"Other vegetables, fresh n.e.c.",2021,431690
Cambodia,"Pepper (Piper spp.), raw",2019,8943
Cambodia,"Pepper (Piper spp.), raw",2020,8944
Cambodia,"Pepper (Piper spp.), raw",2021,9005
Cambodia,Pineapples,2019,9941
Cambodia,Pineapples,2020,10106
Cambodia,Pineapples,2021,9945
Cambodia,Pomelos and grapefruits,2019,1288
Cambodia,Pomelos and grapefruits,2020,1296
Cambodia,Pomelos and grapefruits,2021,1308
Cambodia,Raw milk of cattle,2019,2318
Cambodia,Raw milk of cattle,2020,2321
Cambodia,Raw milk of cattle,2021,2332
Cambodia,Rice,2019,2765190
Cambodia,Rice,2020,2777967
Cambodia,Rice,2021,3100827
Cambodia,"Seed cotton, unginned",2019,219
Cambodia,"Seed cotton, unginned",2020,217
Cambodia,"Seed cotton, unginned",2021,218
Cambodia,Sesame seed,2019,13095
Cambodia,Sesame seed,2020,14368
Cambodia,Sesame seed,2021,14350
Cambodia,Silk-worm cocoons suitable for reeling,2019,715
Cambodia,Silk-worm cocoons suitable for reeling,2020,715
Cambodia,Silk-worm cocoons suitable for reeling,2021,715
Cambodia,Soya beans,2019,41560
Cambodia,Soya beans,2020,54294
Cambodia,Soya beans,2021,46397
Cambodia,Sugar cane,2019,2282417
Cambodia,Sugar cane,2020,2386515
Cambodia,Sugar cane,2021,2407680
Cambodia,Sweet potatoes,2019,17221
Cambodia,Sweet potatoes,2020,13749
Cambodia,Sweet potatoes,2021,13214
Cambodia,Unmanufactured tobacco,2019,28913
Cambodia,Unmanufactured tobacco,2020,37956
Cambodia,Unmanufactured tobacco,2021,37454
Cameroon,Apricots,2019,241
Cameroon,Apricots,2020,232
Cameroon,Apricots,2021,235
Cameroon,Avocados,2019,8785
Cameroon,Avocados,2020,8907
Cameroon,Avocados,2021,8787
Cameroon,Bananas,2019,128820
Cameroon,Bananas,2020,120118
Cameroon,Bananas,2021,115371
Cameroon,"Beans, dry",2019,289983
Cameroon,"Beans, dry",2020,291254
Cameroon,"Beans, dry",2021,292349
Cameroon,"Broad beans and horse beans, dry",2019,63
Cameroon,"Broad beans and horse beans, dry",2020,65
Cameroon,"Broad beans and horse beans, dry",2021,63
Cameroon,Cabbages,2019,4244
Cameroon,Cabbages,2020,4278
Cameroon,Cabbages,2021,4248
Cameroon,Cantaloupes and other melons,2019,5177
Cameroon,Cantaloupes and other melons,2020,5224
Cameroon,Cantaloupes and other melons,2021,5178
Cameroon,"Cassava, fresh",2019,1509851
Cameroon,"Cassava, fresh",2020,1537429
Cameroon,"Cassava, fresh",2021,1571801
Cameroon,"Chestnuts, in shell",2019,68
Cameroon,"Chestnuts, in shell",2020,69
Cameroon,"Chestnuts, in shell",2021,71
Cameroon,"Chillies and peppers, dry (Capsicum spp., Pimenta spp.), raw",2019,176133
Cameroon,"Chillies and peppers, dry (Capsicum spp., Pimenta spp.), raw",2020,178242
Cameroon,"Chillies and peppers, dry (Capsicum spp., Pimenta spp.), raw",2021,175620
Cameroon,"Chillies and peppers, green (Capsicum spp. and Pimenta spp.)",2019,10999
Cameroon,"Chillies and peppers, green (Capsicum spp. and Pimenta spp.)",2020,10786
Cameroon,"Chillies and peppers, green (Capsicum spp. and Pimenta spp.)",2021,10930
Cameroon,Cocoa beans,2019,649237
Cameroon,Cocoa beans,2020,668249
Cameroon,Cocoa beans,2021,635756
Cameroon,"Coconuts, in shell",2019,435
Cameroon,"Coconuts, in shell",2020,435
Cameroon,"Coconuts, in shell",2021,435
Cameroon,"Coffee, green",2019,34668
Cameroon,"Coffee, green",2020,30814
Cameroon,"Coffee, green",2021,27533
Cameroon,"Cow peas, dry",2019,121671
Cameroon,"Cow peas, dry",2020,111328
Cameroon,"Cow peas, dry",2021,116954
Cameroon,Cucumbers and gherkins,2019,29468
Cameroon,Cucumbers and gherkins,2020,28310
Cameroon,Cucumbers and gherkins,2021,28770
Cameroon,Dates,2019,123
Cameroon,Dates,2020,126
Cameroon,Dates,2021,124
Cameroon,"Edible roots and tubers with high starch or inulin content, n.e.c., fresh",2019,14609
Cameroon,"Edible roots and tubers with high starch or inulin content, n.e.c., fresh",2020,14835
Cameroon,"Edible roots and tubers with high starch or inulin content, n.e.c., fresh",2021,14612
Cameroon,Eggplants (aubergines),2019,210
Cameroon,Eggplants (aubergines),2020,213
Cameroon,Eggplants (aubergines),2021,210
Cameroon,Figs,2019,27
Cameroon,Figs,2020,27
Cameroon,Figs,2021,27
Cameroon,"Game meat, fresh, chilled or frozen",2019,137741
Cameroon,"Game meat, fresh, chilled or frozen",2020,139957
Cameroon,"Game meat, fresh, chilled or frozen",2021,137967
Cameroon,"Ginger, raw",2019,41632
Cameroon,"Ginger, raw",2020,45212
Cameroon,"Ginger, raw",2021,45084
Cameroon,"Groundnuts, excluding shelled",2019,548384
Cameroon,"Groundnuts, excluding shelled",2020,605658
Cameroon,"Groundnuts, excluding shelled",2021,392876
Cameroon,"Hazelnuts, in shell",2019,79
Cameroon,"Hazelnuts, in shell",2020,79
Cameroon,"Hazelnuts, in shell",2021,80
Cameroon,"Hen eggs in shell, fresh",2019,167641
Cameroon,"Hen eggs in shell, fresh",2020,194230
Cameroon,"Hen eggs in shell, fresh",2021,186197
Cameroon,"Horse meat, fresh or chilled (indigenous)",2019,273
Cameroon,"Horse meat, fresh or chilled (indigenous)",2020,297
Cameroon,"Horse meat, fresh or chilled (indigenous)",2021,242
Cameroon,Leeks and other alliaceous vegetables,2019,145
Cameroon,Leeks and other alliaceous vegetables,2020,147
Cameroon,Leeks and other alliaceous vegetables,2021,152
Cameroon,Maize (corn),2019,863576
Cameroon,Maize (corn),2020,813232
Cameroon,Maize (corn),2021,817923
Cameroon,"Mangoes, guavas and mangosteens",2019,221
Cameroon,"Mangoes, guavas and mangosteens",2020,221
Cameroon,"Mangoes, guavas and mangosteens",2021,222
Cameroon,"Meat of cattle with the bone, fresh or chilled (indigenous)",2019,270694
Cameroon,"Meat of cattle with the bone, fresh or chilled (indigenous)",2020,275098
Cameroon,"Meat of cattle with the bone, fresh or chilled (indigenous)",2021,292045
Cameroon,"Meat of chickens, fresh or chilled (indigenous)",2019,332666
Cameroon,"Meat of chickens, fresh or chilled (indigenous)",2020,142118
Cameroon,"Meat of chickens, fresh or chilled (indigenous)",2021,340107
Cameroon,"Meat of goat, fresh or chilled (indigenous)",2019,103443
Cameroon,"Meat of goat, fresh or chilled (indigenous)",2020,107580
Cameroon,"Meat of goat, fresh or chilled (indigenous)",2021,112504
Cameroon,"Meat of pig with the bone, fresh or chilled (indigenous)",2019,143556
Cameroon,"Meat of pig with the bone, fresh or chilled (indigenous)",2020,140098
Cameroon,"Meat of pig with the bone, fresh or chilled (indigenous)",2021,155536
Cameroon,"Meat of rabbits and hares, fresh or chilled (indigenous)",2019,479
Cameroon,"Meat of rabbits and hares, fresh or chilled (indigenous)",2020,479
Cameroon,"Meat of rabbits and hares, fresh or chilled (indigenous)",2021,480
Cameroon,"Meat of sheep, fresh or chilled (indigenous)",2019,51670
Cameroon,"Meat of sheep, fresh or chilled (indigenous)",2020,48715
Cameroon,"Meat of sheep, fresh or chilled (indigenous)",2021,46905
Cameroon,Melonseed,2019,10350
Cameroon,Melonseed,2020,10372
Cameroon,Melonseed,2021,10107
Cameroon,Millet,2019,46435
Cameroon,Millet,2020,46435
Cameroon,Millet,2021,46435
Cameroon,Natural honey,2019,5888
Cameroon,Natural honey,2020,6076
Cameroon,Natural honey,2021,5967
Cameroon,Natural rubber in primary forms,2019,96803
Cameroon,Natural rubber in primary forms,2020,95585
Cameroon,Natural rubber in primary forms,2021,98020
Cameroon,Oil palm fruit,2019,367449
Cameroon,Oil palm fruit,2020,459312
Cameroon,Oil palm fruit,2021,439737
Cameroon,"Onions and shallots, dry (excluding dehydrated)",2019,94468
Cameroon,"Onions and shallots, dry (excluding dehydrated)",2020,98388
Cameroon,"Onions and shallots, dry (excluding dehydrated)",2021,102122
Cameroon,"Other beans, green",2019,811
Cameroon,"Other beans, green",2020,813
Cameroon,"Other beans, green",2021,864
Cameroon,"Other fruits, n.e.c.",2019,23401
Cameroon,"Other fruits, n.e.c.",2020,23368
Cameroon,"Other fruits, n.e.c.",2021,23900
Cameroon,"Other nuts (excluding wild edible nuts and groundnuts), in shell, n.e.c.",2019,213
Cameroon,"Other nuts (excluding wild edible nuts and groundnuts), in shell, n.e.c.",2020,216
Cameroon,"Other nuts (excluding wild edible nuts and groundnuts), in shell, n.e.c.",2021,215
Cameroon,Other pulses n.e.c.,2019,1708
Cameroon,Other pulses n.e.c.,2020,1719
Cameroon,Other pulses n.e.c.,2021,1747
Cameroon,"Other vegetables, fresh n.e.c.",2019,294775
Cameroon,"Other vegetables, fresh n.e.c.",2020,299051
Cameroon,"Other vegetables, fresh n.e.c.",2021,294701
Cameroon,Papayas,2019,5
Cameroon,Papayas,2020,5
Cameroon,Papayas,2021,5
Cameroon,Peaches and nectarines,2019,240
Cameroon,Peaches and nectarines,2020,246
Cameroon,Peaches and nectarines,2021,240
Cameroon,"Pepper (Piper spp.), raw",2019,278
Cameroon,"Pepper (Piper spp.), raw",2020,280
Cameroon,"Pepper (Piper spp.), raw",2021,283
Cameroon,Pineapples,2019,51234
Cameroon,Pineapples,2020,52064
Cameroon,Pineapples,2021,53504
Cameroon,Plantains and cooking bananas,2019,1232059
Cameroon,Plantains and cooking bananas,2020,1278819
Cameroon,Plantains and cooking bananas,2021,1305556
Cameroon,Plums and sloes,2019,107
Cameroon,Plums and sloes,2020,109
Cameroon,Plums and sloes,2021,109
Cameroon,Potatoes,2019,119679
Cameroon,Potatoes,2020,114477
Cameroon,Potatoes,2021,113595
Cameroon,"Pumpkins, squash and gourds",2019,18188
Cameroon,"Pumpkins, squash and gourds",2020,18172
Cameroon,"Pumpkins, squash and gourds",2021,19320
Cameroon,Raw milk of cattle,2019,80685
Cameroon,Raw milk of cattle,2020,72927
Cameroon,Raw milk of cattle,2021,85599
Cameroon,Rice,2019,110172
Cameroon,Rice,2020,109269
Cameroon,Rice,2021,118618
Cameroon,"Seed cotton, unginned",2019,204669
Cameroon,"Seed cotton, unginned",2020,215144
Cameroon,"Seed cotton, unginned",2021,153502
Cameroon,Sesame seed,2019,19298
Cameroon,Sesame seed,2020,20141
Cameroon,Sesame seed,2021,18594
Cameroon,Sorghum,2019,392375
Cameroon,Sorghum,2020,325481
Cameroon,Sorghum,2021,368246
Cameroon,Soya beans,2019,4289
Cameroon,Soya beans,2020,6131
Cameroon,Soya beans,2021,7730
Cameroon,Sweet potatoes,2019,77233
Cameroon,Sweet potatoes,2020,76078
Cameroon,Sweet potatoes,2021,78322
Cameroon,Taro,2019,651487
Cameroon,Taro,2020,624745
Cameroon,Taro,2021,660361
Cameroon,Tea leaves,2019,83329
Cameroon,Tea leaves,2020,84012
Cameroon,Tea leaves,2021,85743
Cameroon,Tomatoes,2019,578120
Cameroon,Tomatoes,2020,579613
Cameroon,Tomatoes,2021,598982
Cameroon,Unmanufactured tobacco,2019,31953
Cameroon,Unmanufactured tobacco,2020,32532
Cameroon,Unmanufactured tobacco,2021,32405
Cameroon,Watermelons,2019,5326
Cameroon,Watermelons,2020,6332
Cameroon,Watermelons,2021,6837
Cameroon,Wheat,2019,77
Cameroon,Wheat,2020,103
Cameroon,Wheat,2021,96
Cameroon,Yams,2019,285907
Cameroon,Yams,2020,289098
Cameroon,Yams,2021,286430
Canada,"Anise, badian, coriander, cumin, caraway, fennel and juniper berries, raw",2019,7537
Canada,"Anise, badian, coriander, cumin, caraway, fennel and juniper berries, raw",2020,7380
Canada,"Anise, badian, coriander, cumin, caraway, fennel and juniper berries, raw",2021,7433
Canada,Apples,2019,168355
Canada,Apples,2020,171974
Canada,Apples,2021,154630
Canada,Apricots,2019,1245
Canada,Apricots,2020,1014
Canada,Apricots,2021,1087
Canada,Asparagus,2019,32971
Canada,Asparagus,2020,25002
Canada,Asparagus,2021,28787
Canada,Barley,2019,1762787
Canada,Barley,2020,1823570
Canada,Barley,2021,1162696
Canada,"Beans, dry",2019,229860
Canada,"Beans, dry",2020,355166
Canada,"Beans, dry",2021,263797
Canada,Blueberries,2019,214007
Canada,Blueberries,2020,180024
Canada,Blueberries,2021,176658
Canada,Buckwheat,2019,5276
Canada,Buckwheat,2020,2609
Canada,Buckwheat,2021,2682
Canada,Cabbages,2019,67649
Canada,Cabbages,2020,69945
Canada,Cabbages,2021,71897
Canada,Canary seed,2019,78069
Canada,Canary seed,2020,100241
Canada,Canary seed,2021,56762
Canada,Cantaloupes and other melons,2019,4489
Canada,Cantaloupes and other melons,2020,3980
Canada,Cantaloupes and other melons,2021,3937
Canada,Carrots and turnips,2019,100303
Canada,Carrots and turnips,2020,99540
Canada,Carrots and turnips,2021,98171
Canada,Cauliflowers and broccoli,2019,55253
Canada,Cauliflowers and broccoli,2020,50867
Canada,Cauliflowers and broccoli,2021,53352
Canada,Cherries,2019,62726
Canada,Cherries,2020,54987
Canada,Cherries,2021,46603
Canada,"Chick peas, dry",2019,127975
Canada,"Chick peas, dry",2020,109097
Canada,"Chick peas, dry",2021,46452
Canada,"Chillies and peppers, green (Capsicum spp. and Pimenta spp.)",2019,43672
Canada,"Chillies and peppers, green (Capsicum spp. and Pimenta spp.)",2020,46638
Canada,"Chillies and peppers, green (Capsicum spp. and Pimenta spp.)",2021,48062
Canada,Cranberries,2019,104622
Canada,Cranberries,2020,107488
Canada,Cranberries,2021,104441
Canada,Cucumbers and gherkins,2019,32860
Canada,Cucumbers and gherkins,2020,28961
Canada,Cucumbers and gherkins,2021,28994
Canada,Grapes,2019,147815
Canada,Grapes,2020,127376
Canada,Grapes,2021,126760
Canada,Green corn (maize),2019,56055
Canada,Green corn (maize),2020,58542
Canada,Green corn (maize),2021,57898
Canada,Green garlic,2019,10445
Canada,Green garlic,2020,15400
Canada,Green garlic,2021,16220
Canada,"Hen eggs in shell, fresh",2019,1086558
Canada,"Hen eggs in shell, fresh",2020,1109307
Canada,"Hen eggs in shell, fresh",2021,1120719
Canada,"Horse meat, fresh or chilled (indigenous)",2019,56729
Canada,"Horse meat, fresh or chilled (indigenous)",2020,54157
Canada,"Horse meat, fresh or chilled (indigenous)",2021,56478
Canada,Kiwi fruit,2019,75
Canada,Kiwi fruit,2020,73
Canada,Kiwi fruit,2021,73
Canada,Leeks and other alliaceous vegetables,2019,8759
Canada,Leeks and other alliaceous vegetables,2020,9169
Canada,Leeks and other alliaceous vegetables,2021,9267
Canada,"Lentils, dry",2019,1347135
Canada,"Lentils, dry",2020,1621822
Canada,"Lentils, dry",2021,901280
Canada,Lettuce and chicory,2019,59940
Canada,Lettuce and chicory,2020,47169
Canada,Lettuce and chicory,2021,53381
Canada,Linseed,2019,196101
Canada,Linseed,2020,233216
Canada,Linseed,2021,135806
Canada,Maize (corn),2019,2075217
Canada,Maize (corn),2020,2099895
Canada,Maize (corn),2021,2262070
Canada,"Meat of cattle with the bone, fresh or chilled (indigenous)",2019,7387192
Canada,"Meat of cattle with the bone, fresh or chilled (indigenous)",2020,7322716
Canada,"Meat of cattle with the bone, fresh or chilled (indigenous)",2021,7615574
Canada,"Meat of chickens, fresh or chilled (indigenous)",2019,2721070
Canada,"Meat of chickens, fresh or chilled (indigenous)",2020,2631150
Canada,"Meat of chickens, fresh or chilled (indigenous)",2021,2689835
Canada,"Meat of ducks, fresh or chilled (indigenous)",2019,35855
Canada,"Meat of ducks, fresh or chilled (indigenous)",2020,36317
Canada,"Meat of ducks, fresh or chilled (indigenous)",2021,35511
Canada,"Meat of geese, fresh or chilled (indigenous)",2019,3659
Canada,"Meat of geese, fresh or chilled (indigenous)",2020,3831
Canada,"Meat of geese, fresh or chilled (indigenous)",2021,3885
Canada,"Meat of pig with the bone, fresh or chilled (indigenous)",2019,3444307
Canada,"Meat of pig with the bone, fresh or chilled (indigenous)",2020,3644379
Canada,"Meat of pig with the bone, fresh or chilled (indigenous)",2021,3622661
Canada,"Meat of sheep, fresh or chilled (indigenous)",2019,55805
Canada,"Meat of sheep, fresh or chilled (indigenous)",2020,56558
Canada,"Meat of sheep, fresh or chilled (indigenous)",2021,56639
Canada,"Meat of turkeys, fresh or chilled (indigenous)",2019,375159
Canada,"Meat of turkeys, fresh or chilled (indigenous)",2020,359825
Canada,"Meat of turkeys, fresh or chilled (indigenous)",2021,341937
Canada,Mixed grain,2019,42840
Canada,Mixed grain,2020,52069
Canada,Mixed grain,2021,48610
Canada,Mushrooms and truffles,2019,425476
Canada,Mushrooms and truffles,2020,427006
Canada,Mushrooms and truffles,2021,443775
Canada,Mustard seed,2019,86022
Canada,Mustard seed,2020,63909
Canada,Mustard seed,2021,38686
Canada,Natural honey,2019,121579
Canada,Natural honey,2020,116715
Canada,Natural honey,2021,123686
Canada,Oats,2019,620845
Canada,Oats,2020,672027
Canada,Oats,2021,425707
Canada,"Onions and shallots, dry (excluding dehydrated)",2019,77854
Canada,"Onions and shallots, dry (excluding dehydrated)",2020,72253
Canada,"Onions and shallots, dry (excluding dehydrated)",2021,75734
Canada,"Other beans, green",2019,30006
Canada,"Other beans, green",2020,26848
Canada,"Other beans, green",2021,23238
Canada,"Other fibre crops, raw, n.e.c.",2019,18279
Canada,"Other fibre crops, raw, n.e.c.",2020,18749
Canada,"Other fibre crops, raw, n.e.c.",2021,18261
Canada,"Other vegetables, fresh n.e.c.",2019,196422
Canada,"Other vegetables, fresh n.e.c.",2020,195076
Canada,"Other vegetables, fresh n.e.c.",2021,205273
Canada,Peaches and nectarines,2019,33992
Canada,Peaches and nectarines,2020,25213
Canada,Peaches and nectarines,2021,30674
Canada,Pears,2019,7863
Canada,Pears,2020,7151
Canada,Pears,2021,6304
Canada,"Peas, dry",2019,1020469
Canada,"Peas, dry",2020,1106679
Canada,"Peas, dry",2021,540469
Canada,"Peas, green",2019,16629
Canada,"Peas, green",2020,17147
Canada,"Peas, green",2021,14438
Canada,Plums and sloes,2019,6230
Canada,Plums and sloes,2020,4552
Canada,Plums and sloes,2021,5574
Canada,Potatoes,2019,1229690
Canada,Potatoes,2020,1211952
Canada,Potatoes,2021,1410460
Canada,"Pumpkins, squash and gourds",2019,35123
Canada,"Pumpkins, squash and gourds",2020,39623
Canada,"Pumpkins, squash and gourds",2021,34917
Canada,Rape or colza seed,2019,7445215
Canada,Rape or colza seed,2020,7285336
Canada,Rape or colza seed,2021,5327437
Canada,Raspberries,2019,21799
Canada,Raspberries,2020,18135
Canada,Raspberries,2021,13208
Canada,Raw milk of cattle,2019,5809679
Canada,Raw milk of cattle,2020,5888204
Canada,Raw milk of cattle,2021,5990000
Canada,Rye,2019,58297
Canada,Rye,2020,85295
Canada,Rye,2021,65046
Canada,"Shorn wool, greasy, including fleece-washed shorn wool",2019,641
Canada,"Shorn wool, greasy, including fleece-washed shorn wool",2020,635
Canada,"Shorn wool, greasy, including fleece-washed shorn wool",2021,632
Canada,Sour cherries,2019,2698
Canada,Sour cherries,2020,1487
Canada,Sour cherries,2021,2604
Canada,Soya beans,2019,2223620
Canada,Soya beans,2020,2300877
Canada,Soya beans,2021,2252218
Canada,Spinach,2019,7383
Canada,Spinach,2020,6657
Canada,Spinach,2021,10266
Canada,Strawberries,2019,88951
Canada,Strawberries,2020,78721
Canada,Strawberries,2021,80290
Canada,Sugar beet,2019,64591
Canada,Sugar beet,2020,79634
Canada,Sugar beet,2021,86567
Canada,Sunflower seed,2019,31063
Canada,Sunflower seed,2020,50026
Canada,Sunflower seed,2021,36988
Canada,Tomatoes,2019,82770
Canada,Tomatoes,2020,83071
Canada,Tomatoes,2021,86944
Canada,Triticale,2019,9269
Canada,Triticale,2020,5521
Canada,Triticale,2021,5211
Canada,Unmanufactured tobacco,2019,115791
Canada,Unmanufactured tobacco,2020,115588
Canada,Unmanufactured tobacco,2021,115622
Canada,Watermelons,2019,11855
Canada,Watermelons,2020,12079
Canada,Watermelons,2021,12517
Canada,Wheat,2019,5968212
Canada,Wheat,2020,6473769
Canada,Wheat,2021,4096133
Central African Republic,"Cassava, fresh",2019,846345
Central African Republic,"Cassava, fresh",2020,552253
Central African Republic,"Cassava, fresh",2021,568801
Central African Republic,Maize (corn),2019,60131
Central African Republic,Maize (corn),2020,117367
Central African Republic,Maize (corn),2021,120888
Central African Republic,Oranges,2019,21022
Central African Republic,Oranges,2020,21248
Central African Republic,Oranges,2021,21614
Central African Republic,Potatoes,2019,3750
Central African Republic,Potatoes,2020,3789
Central African Republic,Potatoes,2021,3846
Central African Republic,Rice,2019,15006
Central African Republic,Rice,2020,58344
Central African Republic,Rice,2021,60094
Central African Republic,Yams,2019,116065
Central African Republic,Yams,2020,116296
Central African Republic,Yams,2021,116449
Chad,"Beans, dry",2019,109778
Chad,"Beans, dry",2020,110986
Chad,"Beans, dry",2021,108911
Chad,"Cassava, fresh",2019,137627
Chad,"Cassava, fresh",2020,136184
Chad,"Cassava, fresh",2021,136740
Chad,Cereals n.e.c.,2019,157078
Chad,Cereals n.e.c.,2020,159998
Chad,Cereals n.e.c.,2021,146964
Chad,Dates,2019,28354
Chad,Dates,2020,28622
Chad,Dates,2021,28353
Chad,"Groundnuts, excluding shelled",2019,616253
Chad,"Groundnuts, excluding shelled",2020,592828
Chad,"Groundnuts, excluding shelled",2021,563130
Chad,"Hen eggs in shell, fresh",2019,12550
Chad,"Hen eggs in shell, fresh",2020,12550
Chad,"Hen eggs in shell, fresh",2021,12550
Chad,Maize (corn),2019,161682
Chad,Maize (corn),2020,158860
Chad,Maize (corn),2021,142193
Chad,"Mangoes, guavas and mangosteens",2019,25607
Chad,"Mangoes, guavas and mangosteens",2020,25771
Chad,"Mangoes, guavas and mangosteens",2021,25937
Chad,"Meat of camels, fresh or chilled (indigenous)",2019,6946
Chad,"Meat of camels, fresh or chilled (indigenous)",2020,6581
Chad,"Meat of camels, fresh or chilled (indigenous)",2021,9029
Chad,"Meat of cattle with the bone, fresh or chilled (indigenous)",2019,892741
Chad,"Meat of cattle with the bone, fresh or chilled (indigenous)",2020,926202
Chad,"Meat of cattle with the bone, fresh or chilled (indigenous)",2021,954083
Chad,"Meat of chickens, fresh or chilled (indigenous)",2019,10530
Chad,"Meat of chickens, fresh or chilled (indigenous)",2020,10838
Chad,"Meat of chickens, fresh or chilled (indigenous)",2021,10721
Chad,"Meat of goat, fresh or chilled (indigenous)",2019,401075
Chad,"Meat of goat, fresh or chilled (indigenous)",2020,421964
Chad,"Meat of goat, fresh or chilled (indigenous)",2021,447341
Chad,"Meat of pig with the bone, fresh or chilled (indigenous)",2019,3341
Chad,"Meat of pig with the bone, fresh or chilled (indigenous)",2020,3396
Chad,"Meat of pig with the bone, fresh or chilled (indigenous)",2021,3477
Chad,"Meat of sheep, fresh or chilled (indigenous)",2019,513513
Chad,"Meat of sheep, fresh or chilled (indigenous)",2020,554086
Chad,"Meat of sheep, fresh or chilled (indigenous)",2021,597985
Chad,Melonseed,2019,22748
Chad,Melonseed,2020,22348
Chad,Melonseed,2021,22474
Chad,Millet,2019,314925
Chad,Millet,2020,301305
Chad,Millet,2021,272685
Chad,"Onions and shallots, dry (excluding dehydrated)",2019,18999
Chad,"Onions and shallots, dry (excluding dehydrated)",2020,19211
Chad,"Onions and shallots, dry (excluding dehydrated)",2021,18985
Chad,"Other fruits, n.e.c.",2019,33041
Chad,"Other fruits, n.e.c.",2020,33213
Chad,"Other fruits, n.e.c.",2021,33259
Chad,Other pulses n.e.c.,2019,46774
Chad,Other pulses n.e.c.,2020,47610
Chad,Other pulses n.e.c.,2021,47214
Chad,"Other vegetables, fresh n.e.c.",2019,66414
Chad,"Other vegetables, fresh n.e.c.",2020,67989
Chad,"Other vegetables, fresh n.e.c.",2021,69045
Chad,Potatoes,2019,24532
Chad,Potatoes,2020,23965
Chad,Potatoes,2021,24282
Chad,Raw milk of camel,2019,28029
Chad,Raw milk of camel,2020,28575
Chad,Raw milk of camel,2021,29605
Chad,Raw milk of cattle,2019,210175
Chad,Raw milk of cattle,2020,214728
Chad,Raw milk of cattle,2021,219190
Chad,Raw milk of goats,2019,97150
Chad,Raw milk of goats,2020,99237
Chad,Raw milk of goats,2021,102752
Chad,Raw milk of sheep,2019,37547
Chad,Raw milk of sheep,2020,38389
Chad,Raw milk of sheep,2021,39965
Chad,Rice,2019,244117
Chad,Rice,2020,233607
Chad,Rice,2021,203860
Chad,"Seed cotton, unginned",2019,285858
Chad,"Seed cotton, unginned",2020,228686
Chad,"Seed cotton, unginned",2021,267840
Chad,Sesame seed,2019,285320
Chad,Sesame seed,2020,264848
Chad,Sesame seed,2021,258071
Chad,Sorghum,2019,352299
Chad,Sorghum,2020,351475
Chad,Sorghum,2021,324500
Chad,Sugar cane,2019,12240
Chad,Sugar cane,2020,12450
Chad,Sugar cane,2021,12683
Chad,Sweet potatoes,2019,66724
Chad,Sweet potatoes,2020,63322
Chad,Sweet potatoes,2021,60128
Chad,Taro,2019,14835
Chad,Taro,2020,14670
Chad,Taro,2021,15440
Chad,Wheat,2019,1201
Chad,Wheat,2020,1352
Chad,Wheat,2021,1147
Chile,"Almonds, in shell",2019,64821
Chile,"Almonds, in shell",2020,68913
Chile,"Almonds, in shell",2021,74284
Chile,Apples,2019,933772
Chile,Apples,2020,943191
Chile,Apples,2021,923538
Chile,Apricots,2019,7480
Chile,Apricots,2020,6802
Chile,Apricots,2021,5621
Chile,Artichokes,2019,22158
Chile,Artichokes,2020,21142
Chile,Artichokes,2021,23749
Chile,Asparagus,2019,23478
Chile,Asparagus,2020,22911
Chile,Asparagus,2021,24078
Chile,Avocados,2019,344392
Chile,Avocados,2020,383073
Chile,Avocados,2021,413777
Chile,Barley,2019,37327
Chile,Barley,2020,34190
Chile,Barley,2021,27883
Chile,"Beans, dry",2019,36541
Chile,"Beans, dry",2020,19629
Chile,"Beans, dry",2021,37412
Chile,"Broad beans and horse beans, green",2019,8591
Chile,"Broad beans and horse beans, green",2020,9953
Chile,"Broad beans and horse beans, green",2021,10095
Chile,Cabbages,2019,44106
Chile,Cabbages,2020,46364
Chile,Cabbages,2021,44645
Chile,Cantaloupes and other melons,2019,35444
Chile,Cantaloupes and other melons,2020,38408
Chile,Cantaloupes and other melons,2021,34406
Chile,Carrots and turnips,2019,63793
Chile,Carrots and turnips,2020,58138
Chile,Carrots and turnips,2021,40744
Chile,Cauliflowers and broccoli,2019,44174
Chile,Cauliflowers and broccoli,2020,45686
Chile,Cauliflowers and broccoli,2021,43223
Chile,Cherries,2019,597768
Chile,Cherries,2020,611051
Chile,Cherries,2021,867870
Chile,"Chick peas, dry",2019,517
Chile,"Chick peas, dry",2020,337
Chile,"Chick peas, dry",2021,568
Chile,"Chillies and peppers, green (Capsicum spp. and Pimenta spp.)",2019,92747
Chile,"Chillies and peppers, green (Capsicum spp. and Pimenta spp.)",2020,91637
Chile,"Chillies and peppers, green (Capsicum spp. and Pimenta spp.)",2021,106404
Chile,Cucumbers and gherkins,2019,14765
Chile,Cucumbers and gherkins,2020,17563
Chile,Cucumbers and gherkins,2021,22864
Chile,Figs,2019,262
Chile,Figs,2020,289
Chile,Figs,2021,305
Chile,Grapes,2019,4235505
Chile,Grapes,2020,3798603
Chile,Grapes,2021,4446617
Chile,Green corn (maize),2019,55165
Chile,Green corn (maize),2020,55028
Chile,Green corn (maize),2021,59463
Chile,Green garlic,2019,30613
Chile,Green garlic,2020,38704
Chile,Green garlic,2021,34931
Chile,"Hen eggs in shell, fresh",2019,345174
Chile,"Hen eggs in shell, fresh",2020,357818
Chile,"Hen eggs in shell, fresh",2021,359330
Chile,"Horse meat, fresh or chilled (indigenous)",2019,15192
Chile,"Horse meat, fresh or chilled (indigenous)",2020,19690
Chile,"Horse meat, fresh or chilled (indigenous)",2021,23340
Chile,"Kenaf, and other textile bast fibres, raw or retted",2019,3560
Chile,"Kenaf, and other textile bast fibres, raw or retted",2020,3494
Chile,"Kenaf, and other textile bast fibres, raw or retted",2021,3464
Chile,Kiwi fruit,2019,133258
Chile,Kiwi fruit,2020,129268
Chile,Kiwi fruit,2021,130066
Chile,Lemons and limes,2019,132917
Chile,Lemons and limes,2020,152379
Chile,Lemons and limes,2021,171309
Chile,"Lentils, dry",2019,2414
Chile,"Lentils, dry",2020,1008
Chile,"Lentils, dry",2021,985
Chile,Lettuce and chicory,2019,77287
Chile,Lettuce and chicory,2020,94285
Chile,Lettuce and chicory,2021,83655
Chile,Linseed,2019,437
Chile,Linseed,2020,443
Chile,Linseed,2021,437
Chile,Lupins,2019,8887
Chile,Lupins,2020,5839
Chile,Lupins,2021,7220
Chile,Maize (corn),2019,152662
Chile,Maize (corn),2020,93022
Chile,Maize (corn),2021,124527
Chile,"Meat of cattle with the bone, fresh or chilled (indigenous)",2019,848941
Chile,"Meat of cattle with the bone, fresh or chilled (indigenous)",2020,910273
Chile,"Meat of cattle with the bone, fresh or chilled (indigenous)",2021,855700
Chile,"Meat of chickens, fresh or chilled (indigenous)",2019,1069316
Chile,"Meat of chickens, fresh or chilled (indigenous)",2020,1086791
Chile,"Meat of chickens, fresh or chilled (indigenous)",2021,1062982
Chile,"Meat of goat, fresh or chilled (indigenous)",2019,19388
Chile,"Meat of goat, fresh or chilled (indigenous)",2020,19400
Chile,"Meat of goat, fresh or chilled (indigenous)",2021,19903
Chile,"Meat of pig with the bone, fresh or chilled (indigenous)",2019,1277691
Chile,"Meat of pig with the bone, fresh or chilled (indigenous)",2020,1368665
Chile,"Meat of pig with the bone, fresh or chilled (indigenous)",2021,1405458
Chile,"Meat of sheep, fresh or chilled (indigenous)",2019,12725
Chile,"Meat of sheep, fresh or chilled (indigenous)",2020,13045
Chile,"Meat of sheep, fresh or chilled (indigenous)",2021,11887
Chile,"Meat of turkeys, fresh or chilled (indigenous)",2019,125260
Chile,"Meat of turkeys, fresh or chilled (indigenous)",2020,107211
Chile,"Meat of turkeys, fresh or chilled (indigenous)",2021,106319
Chile,Natural honey,2019,22278
Chile,Natural honey,2020,22357
Chile,Natural honey,2021,22567
Chile,Oats,2019,78608
Chile,Oats,2020,97493
Chile,Oats,2021,107264
Chile,Olives,2019,30105
Chile,Olives,2020,32681
Chile,Olives,2021,34830
Chile,"Onions and shallots, dry (excluding dehydrated)",2019,183390
Chile,"Onions and shallots, dry (excluding dehydrated)",2020,189834
Chile,"Onions and shallots, dry (excluding dehydrated)",2021,199000
Chile,Oranges,2019,81374
Chile,Oranges,2020,81920
Chile,Oranges,2021,81996
Chile,"Other beans, green",2019,65256
Chile,"Other beans, green",2020,65983
Chile,"Other beans, green",2021,67670
Chile,"Other fibre crops, raw, n.e.c.",2019,702
Chile,"Other fibre crops, raw, n.e.c.",2020,721
Chile,"Other fibre crops, raw, n.e.c.",2021,721
Chile,"Other fruits, n.e.c.",2019,2146
Chile,"Other fruits, n.e.c.",2020,2168
Chile,"Other fruits, n.e.c.",2021,2191
Chile,"Other vegetables, fresh n.e.c.",2019,101425
Chile,"Other vegetables, fresh n.e.c.",2020,105439
Chile,"Other vegetables, fresh n.e.c.",2021,103605
Chile,Papayas,2019,3731
Chile,Papayas,2020,3386
Chile,Papayas,2021,3441
Chile,Peaches and nectarines,2019,384904
Chile,Peaches and nectarines,2020,359657
Chile,Peaches and nectarines,2021,360369
Chile,Pears,2019,159110
Chile,Pears,2020,153196
Chile,Pears,2021,138271
Chile,"Peas, dry",2019,2578
Chile,"Peas, dry",2020,2220
Chile,"Peas, dry",2021,2295
Chile,"Peas, green",2019,14436
Chile,"Peas, green",2020,15005
Chile,"Peas, green",2021,15218
Chile,Persimmons,2019,650
Chile,Persimmons,2020,663
Chile,Persimmons,2021,708
Chile,Plums and sloes,2019,280454
Chile,Plums and sloes,2020,267053
Chile,Plums and sloes,2021,274278
Chile,Pomelos and grapefruits,2019,1021
Chile,Pomelos and grapefruits,2020,900
Chile,Pomelos and grapefruits,2021,781
Chile,Potatoes,2019,512476
Chile,Potatoes,2020,567837
Chile,Potatoes,2021,438393
Chile,"Pumpkins, squash and gourds",2019,71286
Chile,"Pumpkins, squash and gourds",2020,79269
Chile,"Pumpkins, squash and gourds",2021,84179
Chile,Quinces,2019,386
Chile,Quinces,2020,391
Chile,Quinces,2021,413
Chile,Rape or colza seed,2019,45291
Chile,Rape or colza seed,2020,37523
Chile,Rape or colza seed,2021,34359
Chile,Raspberries,2019,69428
Chile,Raspberries,2020,69788
Chile,Raspberries,2021,69472
Chile,Raw milk of cattle,2019,751131
Chile,Raw milk of cattle,2020,796923
Chile,Raw milk of cattle,2021,794509
Chile,Raw milk of goats,2019,4280
Chile,Raw milk of goats,2020,4293
Chile,Raw milk of goats,2021,4279
Chile,Rice,2019,35066
Chile,Rice,2020,34023
Chile,Rice,2021,29289
Chile,Rye,2019,809
Chile,Rye,2020,803
Chile,Rye,2021,810
Chile,"Shorn wool, greasy, including fleece-washed shorn wool",2019,19673
Chile,"Shorn wool, greasy, including fleece-washed shorn wool",2020,18859
Chile,"Shorn wool, greasy, including fleece-washed shorn wool",2021,19013
Chile,Spinach,2019,20091
Chile,Spinach,2020,16761
Chile,Spinach,2021,13081
Chile,Strawberries,2019,49381
Chile,Strawberries,2020,47125
Chile,Strawberries,2021,42283
Chile,Sugar beet,2019,58881
Chile,Sugar beet,2020,56446
Chile,Sugar beet,2021,33457
Chile,Sunflower seed,2019,1102
Chile,Sunflower seed,2020,895
Chile,Sunflower seed,2021,562
Chile,Sweet potatoes,2019,14770
Chile,Sweet potatoes,2020,14971
Chile,Sweet potatoes,2021,14751
Chile,"Tangerines, mandarins, clementines",2019,154140
Chile,"Tangerines, mandarins, clementines",2020,148390
Chile,"Tangerines, mandarins, clementines",2021,196337
Chile,Tomatoes,2019,706606
Chile,Tomatoes,2020,517279
Chile,Tomatoes,2021,598881
Chile,Triticale,2019,59089
Chile,Triticale,2020,37096
Chile,Triticale,2021,22044
Chile,Unmanufactured tobacco,2019,20879
Chile,Unmanufactured tobacco,2020,18262
Chile,Unmanufactured tobacco,2021,11131
Chile,"Walnuts, in shell",2019,237034
Chile,"Walnuts, in shell",2020,266236
Chile,"Walnuts, in shell",2021,305300
Chile,Watermelons,2019,52617
Chile,Watermelons,2020,53348
Chile,Watermelons,2021,50880
Chile,Wheat,2019,282994
Chile,Wheat,2020,248844
Chile,Wheat,2021,273632
China,"Almonds, in shell",2019,323190
China,"Almonds, in shell",2020,316008
China,"Almonds, in shell",2021,301644
China,"Anise, badian, coriander, cumin, caraway, fennel and juniper berries, raw",2019,86093
China,"Anise, badian, coriander, cumin, caraway, fennel and juniper berries, raw",2020,87552
China,"Anise, badian, coriander, cumin, caraway, fennel and juniper berries, raw",2021,87544
China,Apples,2019,23876654
China,Apples,2020,24800026
China,Apples,2021,25879066
China,Apricots,2019,191706
China,Apricots,2020,186253
China,Apricots,2021,188071
China,Artichokes,2019,65825
China,Artichokes,2020,66863
China,Artichokes,2021,65830
China,Asparagus,2019,9917615
China,Asparagus,2020,10063477
China,Asparagus,2021,10086956
China,Avocados,2019,170325
China,Avocados,2020,184340
China,Avocados,2021,198944
China,Bananas,2019,6666010
China,Bananas,2020,6584398
China,Bananas,2021,6705186
China,Barley,2019,396687
China,Barley,2020,408737
China,Barley,2021,398014
China,"Beans, dry",2019,1467366
China,"Beans, dry",2020,1468598
China,"Beans, dry",2021,1468798
China,"Broad beans and horse beans, dry",2019,1278756
China,"Broad beans and horse beans, dry",2020,1276238
China,"Broad beans and horse beans, dry",2021,1298061
China,"Broad beans and horse beans, green",2019,72489
China,"Broad beans and horse beans, green",2020,73816
China,"Broad beans and horse beans, green",2021,72377
China,Buckwheat,2019,178546
China,Buckwheat,2020,175422
China,Buckwheat,2021,174859
China,Cabbages,2019,10148382
China,Cabbages,2020,10293391
China,Cabbages,2021,10302470
China,Cantaloupes and other melons,2019,7666472
China,Cantaloupes and other melons,2020,7365073
China,Cantaloupes and other melons,2021,7493888
China,Carrots and turnips,2019,5645954
China,Carrots and turnips,2020,5733067
China,Carrots and turnips,2021,5817297
China,"Cashew nuts, in shell",2019,1688
China,"Cashew nuts, in shell",2020,1645
China,"Cashew nuts, in shell",2021,1629
China,"Cassava, fresh",2019,373925
China,"Cassava, fresh",2020,378380
China,"Cassava, fresh",2021,374162
China,Castor oil seeds,2019,29225
China,Castor oil seeds,2020,13801
China,Castor oil seeds,2021,11365
China,Cauliflowers and broccoli,2019,4171782
China,Cauliflowers and broccoli,2020,4203917
China,Cauliflowers and broccoli,2021,4168704
China,Cereals n.e.c.,2019,18112
China,Cereals n.e.c.,2020,18441
China,Cereals n.e.c.,2021,18094
China,Cherries,2019,256221
China,Cherries,2020,265351
China,Cherries,2021,259837
China,"Chestnuts, in shell",2019,5450373
China,"Chestnuts, in shell",2020,5556205
China,"Chestnuts, in shell",2021,5520597
China,"Chick peas, dry",2019,26208
China,"Chick peas, dry",2020,26200
China,"Chick peas, dry",2021,26208
China,"Chillies and peppers, dry (Capsicum spp., Pimenta spp.), raw",2019,240678
China,"Chillies and peppers, dry (Capsicum spp., Pimenta spp.), raw",2020,235150
China,"Chillies and peppers, dry (Capsicum spp., Pimenta spp.), raw",2021,236956
China,"Chillies and peppers, green (Capsicum spp. and Pimenta spp.)",2019,11132572
China,"Chillies and peppers, green (Capsicum spp. and Pimenta spp.)",2020,11199122
China,"Chillies and peppers, green (Capsicum spp. and Pimenta spp.)",2021,11091848
China,"Cinnamon and cinnamon-tree flowers, raw",2019,270942
China,"Cinnamon and cinnamon-tree flowers, raw",2020,311583
China,"Cinnamon and cinnamon-tree flowers, raw",2021,313618
China,"Cloves (whole stems), raw",2019,2865
China,"Cloves (whole stems), raw",2020,2975
China,"Cloves (whole stems), raw",2021,2908
China,"Coconuts, in shell",2019,370687
China,"Coconuts, in shell",2020,369284
China,"Coconuts, in shell",2021,382309
China,"Coffee, green",2019,259910
China,"Coffee, green",2020,246915
China,"Coffee, green",2021,233919
China,Cucumbers and gherkins,2019,31506591
China,Cucumbers and gherkins,2020,30324280
China,Cucumbers and gherkins,2021,30703857
China,Dates,2019,429188
China,Dates,2020,437189
China,Dates,2021,435629
China,"Edible roots and tubers with high starch or inulin content, n.e.c., fresh",2019,38756
China,"Edible roots and tubers with high starch or inulin content, n.e.c., fresh",2020,38051
China,"Edible roots and tubers with high starch or inulin content, n.e.c., fresh",2021,37220
China,Eggplants (aubergines),2019,16714845
China,Eggplants (aubergines),2020,16199740
China,Eggplants (aubergines),2021,16369719
China,"Eggs from other birds in shell, fresh, n.e.c.",2019,25881999
China,"Eggs from other birds in shell, fresh, n.e.c.",2020,27106341
China,"Eggs from other birds in shell, fresh, n.e.c.",2021,26643704
China,Figs,2019,11282
China,Figs,2020,11020
China,Figs,2021,11099
China,"Ginger, raw",2019,1319146
China,"Ginger, raw",2020,1271051
China,"Ginger, raw",2021,1285938
China,Grapes,2019,14524173
China,Grapes,2020,14645622
China,Grapes,2021,15345361
China,Green corn (maize),2019,96527
China,Green corn (maize),2020,88883
China,Green corn (maize),2021,91258
China,Green garlic,2019,22475187
China,Green garlic,2020,22824210
China,Green garlic,2021,23116137
China,"Groundnuts, excluding shelled",2019,22120580
China,"Groundnuts, excluding shelled",2020,22717925
China,"Groundnuts, excluding shelled",2021,23115776
China,"Hazelnuts, in shell",2019,63314
China,"Hazelnuts, in shell",2020,64363
China,"Hazelnuts, in shell",2021,64212
China,"Hen eggs in shell, fresh",2019,28336514
China,"Hen eggs in shell, fresh",2020,29701565
China,"Hen eggs in shell, fresh",2021,29194498
China,Hop cones,2019,22840
China,Hop cones,2020,23461
China,Hop cones,2021,23282
China,"Horse meat, fresh or chilled (indigenous)",2019,796939
China,"Horse meat, fresh or chilled (indigenous)",2020,920624
China,"Horse meat, fresh or chilled (indigenous)",2021,742919
China,"Jute, raw or retted",2019,3356
China,"Jute, raw or retted",2020,2218
China,"Jute, raw or retted",2021,1805
China,"Kenaf, and other textile bast fibres, raw or retted",2019,15638
China,"Kenaf, and other textile bast fibres, raw or retted",2020,15151
China,"Kenaf, and other textile bast fibres, raw or retted",2021,15873
China,Leeks and other alliaceous vegetables,2019,55168
China,Leeks and other alliaceous vegetables,2020,56037
China,Leeks and other alliaceous vegetables,2021,55172
China,Lemons and limes,2019,3800535
China,Lemons and limes,2020,3617987
China,Lemons and limes,2021,3814771
China,"Lentils, dry",2019,331071
China,"Lentils, dry",2020,327882
China,"Lentils, dry",2021,337596
China,Lettuce and chicory,2019,5802549
China,Lettuce and chicory,2020,5867429
China,Lettuce and chicory,2021,5799544
China,Linseed,2019,204116
China,Linseed,2020,198112
China,Linseed,2021,204116
China,Maize (corn),2019,98978840
China,Maize (corn),2020,98937507
China,Maize (corn),2021,103447330
China,"Mangoes, guavas and mangosteens",2019,4623860
China,"Mangoes, guavas and mangosteens",2020,5350829
China,"Mangoes, guavas and mangosteens",2021,5339558
China,"Meat of asses, fresh or chilled (indigenous)",2019,663040
China,"Meat of asses, fresh or chilled (indigenous)",2020,645487
China,"Meat of asses, fresh or chilled (indigenous)",2021,478334
China,"Meat of buffalo, fresh or chilled (indigenous)",2019,2837448
China,"Meat of buffalo, fresh or chilled (indigenous)",2020,2859432
China,"Meat of buffalo, fresh or chilled (indigenous)",2021,2965975
China,"Meat of camels, fresh or chilled (indigenous)",2019,251010
China,"Meat of camels, fresh or chilled (indigenous)",2020,255788
China,"Meat of camels, fresh or chilled (indigenous)",2021,287975
China,"Meat of cattle with the bone, fresh or chilled (indigenous)",2019,41126765
China,"Meat of cattle with the bone, fresh or chilled (indigenous)",2020,41402181
China,"Meat of cattle with the bone, fresh or chilled (indigenous)",2021,42861399
China,"Meat of chickens, fresh or chilled (indigenous)",2019,27947315
China,"Meat of chickens, fresh or chilled (indigenous)",2020,29539341
China,"Meat of chickens, fresh or chilled (indigenous)",2021,29726933
China,"Meat of ducks, fresh or chilled (indigenous)",2019,12718179
China,"Meat of ducks, fresh or chilled (indigenous)",2020,13338408
China,"Meat of ducks, fresh or chilled (indigenous)",2021,13472281
China,"Meat of geese, fresh or chilled (indigenous)",2019,18314865
China,"Meat of geese, fresh or chilled (indigenous)",2020,19213142
China,"Meat of geese, fresh or chilled (indigenous)",2021,19403686
China,"Meat of goat, fresh or chilled (indigenous)",2019,20230288
China,"Meat of goat, fresh or chilled (indigenous)",2020,20429102
China,"Meat of goat, fresh or chilled (indigenous)",2021,21333835
China,"Meat of mules, fresh or chilled (indigenous)",2019,99607
China,"Meat of mules, fresh or chilled (indigenous)",2020,98952
China,"Meat of mules, fresh or chilled (indigenous)",2021,79411
China,"Meat of pig with the bone, fresh or chilled (indigenous)",2019,117031290
China,"Meat of pig with the bone, fresh or chilled (indigenous)",2020,113234598
China,"Meat of pig with the bone, fresh or chilled (indigenous)",2021,145511232
China,"Meat of rabbits and hares, fresh or chilled (indigenous)",2019,1544727
China,"Meat of rabbits and hares, fresh or chilled (indigenous)",2020,1646755
China,"Meat of rabbits and hares, fresh or chilled (indigenous)",2021,1469652
China,"Meat of sheep, fresh or chilled (indigenous)",2019,17124535
China,"Meat of sheep, fresh or chilled (indigenous)",2020,17288854
China,"Meat of sheep, fresh or chilled (indigenous)",2021,18056838
China,Melonseed,2019,47752
China,Melonseed,2020,47218
China,Melonseed,2021,47640
China,Millet,2019,1562511
China,Millet,2020,1561830
China,Millet,2021,1729446
China,Mushrooms and truffles,2019,40464840
China,Mushrooms and truffles,2020,41533611
China,Mushrooms and truffles,2021,42636749
China,Mustard seed,2019,14966
China,Mustard seed,2020,15199
China,Mustard seed,2021,15477
China,Natural honey,2019,766857
China,Natural honey,2020,791114
China,Natural honey,2021,816327
China,Natural rubber in primary forms,2019,2968770
China,Natural rubber in primary forms,2020,2920836
China,Natural rubber in primary forms,2021,3080786
China,Oats,2019,139705
China,Oats,2020,137638
China,Oats,2021,137877
China,Oil palm fruit,2019,197712
China,Oil palm fruit,2020,197930
China,Oil palm fruit,2021,197373
China,"Onions and shallots, dry (excluding dehydrated)",2019,14574836
China,"Onions and shallots, dry (excluding dehydrated)",2020,14640548
China,"Onions and shallots, dry (excluding dehydrated)",2021,14578854
China,"Onions and shallots, green",2019,504091
China,"Onions and shallots, green",2020,508336
China,"Onions and shallots, green",2021,515981
China,Oranges,2019,4599988
China,Oranges,2020,4457208
China,Oranges,2021,4486923
China,"Other beans, green",2019,6759741
China,"Other beans, green",2020,6879510
China,"Other beans, green",2021,6763156
China,"Other citrus fruit, n.e.c.",2019,2697690
China,"Other citrus fruit, n.e.c.",2020,2669549
China,"Other citrus fruit, n.e.c.",2021,2741607
China,"Other fruits, n.e.c.",2019,3145536
China,"Other fruits, n.e.c.",2020,3064418
China,"Other fruits, n.e.c.",2021,3089796
China,"Other nuts (excluding wild edible nuts and groundnuts), in shell, n.e.c.",2019,292093
China,"Other nuts (excluding wild edible nuts and groundnuts), in shell, n.e.c.",2020,297341
China,"Other nuts (excluding wild edible nuts and groundnuts), in shell, n.e.c.",2021,291627
China,"Other oil seeds, n.e.c.",2019,190004
China,"Other oil seeds, n.e.c.",2020,179996
China,"Other oil seeds, n.e.c.",2021,189593
China,Other pulses n.e.c.,2019,109920
China,Other pulses n.e.c.,2020,110549
China,Other pulses n.e.c.,2021,113410
China,"Other stimulant, spice and aromatic crops, n.e.c.",2019,180556
China,"Other stimulant, spice and aromatic crops, n.e.c.",2020,176649
China,"Other stimulant, spice and aromatic crops, n.e.c.",2021,177772
China,Other stone fruits,2019,5018633
China,Other stone fruits,2020,5148819
China,Other stone fruits,2021,5114608
China,"Other tropical fruits, n.e.c.",2019,4154637
China,"Other tropical fruits, n.e.c.",2020,4192645
China,"Other tropical fruits, n.e.c.",2021,4202720
China,"Other vegetables, fresh n.e.c.",2019,48717491
China,"Other vegetables, fresh n.e.c.",2020,48816547
China,"Other vegetables, fresh n.e.c.",2021,51716384
China,Papayas,2019,608462
China,Papayas,2020,638628
China,Papayas,2021,674065
China,Peaches and nectarines,2019,11957836
China,Peaches and nectarines,2020,12182479
China,Peaches and nectarines,2021,12994644
China,Pears,2019,10359060
China,Pears,2020,10659298
China,Pears,2021,11293879
China,"Peas, dry",2019,942337
China,"Peas, dry",2020,922676
China,"Peas, dry",2021,944240
China,"Peas, green",2019,8941894
China,"Peas, green",2020,9118785
China,"Peas, green",2021,8948540
China,"Pepper (Piper spp.), raw",2019,341978
China,"Pepper (Piper spp.), raw",2020,359633
China,"Pepper (Piper spp.), raw",2021,352309
China,Persimmons,2019,1424484
China,Persimmons,2020,1522855
China,Persimmons,2021,1587080
China,Pineapples,2019,1188492
China,Pineapples,2020,1016887
China,Pineapples,2021,1038304
China,"Pistachios, in shell",2019,468041
China,"Pistachios, in shell",2020,471444
China,"Pistachios, in shell",2021,485355
China,Plums and sloes,2019,6501765
China,Plums and sloes,2020,6372589
China,Plums and sloes,2021,6415101
China,Pomelos and grapefruits,2019,3117101
China,Pomelos and grapefruits,2020,3129746
China,Pomelos and grapefruits,2021,3287814
China,Potatoes,2019,30498011
China,Potatoes,2020,31622519
China,Potatoes,2021,32150697
China,"Pumpkins, squash and gourds",2019,2335222
China,"Pumpkins, squash and gourds",2020,2371405
China,"Pumpkins, squash and gourds",2021,2436491
China,Quinces,2019,103136
China,Quinces,2020,104704
China,Quinces,2021,105807
China,"Ramie, raw or retted",2019,47336
China,"Ramie, raw or retted",2020,44313
China,"Ramie, raw or retted",2021,45239
China,Rape or colza seed,2019,10488566
China,Rape or colza seed,2020,10927563
China,Rape or colza seed,2021,11444341
China,Raw milk of buffalo,2019,2015651
China,Raw milk of buffalo,2020,2087805
China,Raw milk of buffalo,2021,2132073
China,Raw milk of camel,2019,3286
China,Raw milk of camel,2020,3304
China,Raw milk of camel,2021,3554
China,Raw milk of cattle,2019,17473836
China,Raw milk of cattle,2020,18777086
China,Raw milk of cattle,2021,20101838
China,Raw milk of goats,2019,59915
China,Raw milk of goats,2020,59117
China,Raw milk of goats,2021,59135
China,Raw milk of sheep,2019,314529
China,Raw milk of sheep,2020,325872
China,Raw milk of sheep,2021,342197
China,Rice,2019,105835100
China,Rice,2020,106969116
China,Rice,2021,107465437
China,Rye,2019,1178243
China,Rye,2020,1154756
China,Rye,2021,1154205
China,Safflower seed,2019,23110
China,Safflower seed,2020,23151
China,Safflower seed,2021,23425
China,"Seed cotton, unginned",2019,31091662
China,"Seed cotton, unginned",2020,25794441
China,"Seed cotton, unginned",2021,22972084
China,Sesame seed,2019,1077075
China,Sesame seed,2020,1053780
China,Sesame seed,2021,1050321
China,"Shorn wool, greasy, including fleece-washed shorn wool",2019,2761830
China,"Shorn wool, greasy, including fleece-washed shorn wool",2020,2701138
China,"Shorn wool, greasy, including fleece-washed shorn wool",2021,2884051
China,Silk-worm cocoons suitable for reeling,2019,1261546
China,Silk-worm cocoons suitable for reeling,2020,980652
China,Silk-worm cocoons suitable for reeling,2021,857196
China,"Sisal, raw",2019,10504
China,"Sisal, raw",2020,10473
China,"Sisal, raw",2021,10480
China,Sorghum,2019,1135418
China,Sorghum,2020,1074938
China,Sorghum,2021,1222357
China,Soya beans,2019,13631928
China,Soya beans,2020,14761645
China,Soya beans,2021,12348116
China,Spinach,2019,14877723
China,Spinach,2020,15545975
China,Spinach,2021,16118061
China,Strawberries,2019,6957770
China,Strawberries,2020,7323689
China,Strawberries,2021,7889876
China,Sugar beet,2019,944650
China,Sugar beet,2020,922414
China,Sugar beet,2021,604287
China,Sugar cane,2019,35936026
China,Sugar cane,2020,35519760
China,Sugar cane,2021,35041043
China,Sunflower seed,2019,4576263
China,Sunflower seed,2020,4415960
China,Sunflower seed,2021,3700699
China,Sweet potatoes,2019,13796705
China,Sweet potatoes,2020,14175692
China,Sweet potatoes,2021,14184031
China,"Tangerines, mandarins, clementines",2019,15850873
China,"Tangerines, mandarins, clementines",2020,15933573
China,"Tangerines, mandarins, clementines",2021,17229210
China,Taro,2019,1315627
China,Taro,2020,1334145
China,Taro,2021,1316336
China,Tea leaves,2019,61980310
China,Tea leaves,2020,64931753
China,Tea leaves,2021,69850826
China,Tomatoes,2019,29644144
China,Tomatoes,2020,28746574
China,Tomatoes,2021,29038440
China,Triticale,2019,119083
China,Triticale,2020,114963
China,Triticale,2021,116442
China,Tung nuts,2019,183465
China,Tung nuts,2020,188333
China,Tung nuts,2021,185300
China,Unmanufactured tobacco,2019,8869645
China,Unmanufactured tobacco,2020,7247568
China,Unmanufactured tobacco,2021,7225832
China,"Vanilla, raw",2019,3343
China,"Vanilla, raw",2020,3416
China,"Vanilla, raw",2021,3461
China,"Walnuts, in shell",2019,5201196
China,"Walnuts, in shell",2020,5721315
China,"Walnuts, in shell",2021,5721315
China,Watermelons,2019,22598930
China,Watermelons,2020,23149358
China,Watermelons,2021,22885870
China,Wheat,2019,51077939
China,Wheat,2020,51327869
China,Wheat,2021,52358632
Hong Kong,Cabbages,2019,1131
Hong Kong,Cabbages,2020,1085
Hong Kong,Cabbages,2021,1107
Hong Kong,Cucumbers and gherkins,2019,2206
Hong Kong,Cucumbers and gherkins,2020,2202
Hong Kong,Cucumbers and gherkins,2021,2219
Hong Kong,Eggplants (aubergines),2019,268
Hong Kong,Eggplants (aubergines),2020,265
Hong Kong,Eggplants (aubergines),2021,261
Hong Kong,"Hen eggs in shell, fresh",2019,1104
Hong Kong,"Hen eggs in shell, fresh",2020,933
Hong Kong,"Hen eggs in shell, fresh",2021,781
Hong Kong,Lettuce and chicory,2019,3967
Hong Kong,Lettuce and chicory,2020,3891
Hong Kong,Lettuce and chicory,2021,3907
Hong Kong,"Meat of cattle with the bone, fresh or chilled (indigenous)",2019,39338
Hong Kong,"Meat of cattle with the bone, fresh or chilled (indigenous)",2020,40421
Hong Kong,"Meat of cattle with the bone, fresh or chilled (indigenous)",2021,46009
Hong Kong,"Meat of chickens, fresh or chilled (indigenous)",2019,153498
Hong Kong,"Meat of chickens, fresh or chilled (indigenous)",2020,136436
Hong Kong,"Meat of chickens, fresh or chilled (indigenous)",2021,126014
Hong Kong,"Meat of ducks, fresh or chilled (indigenous)",2019,3651
Hong Kong,"Meat of ducks, fresh or chilled (indigenous)",2020,3930
Hong Kong,"Meat of ducks, fresh or chilled (indigenous)",2021,3760
Hong Kong,"Meat of pig with the bone, fresh or chilled (indigenous)",2019,295575
Hong Kong,"Meat of pig with the bone, fresh or chilled (indigenous)",2020,393736
Hong Kong,"Meat of pig with the bone, fresh or chilled (indigenous)",2021,228140
Hong Kong,"Onions and shallots, green",2019,7110
Hong Kong,"Onions and shallots, green",2020,7088
Hong Kong,"Onions and shallots, green",2021,6872
Hong Kong,"Pumpkins, squash and gourds",2019,294
Hong Kong,"Pumpkins, squash and gourds",2020,295
Hong Kong,"Pumpkins, squash and gourds",2021,296
Hong Kong,Raw milk of cattle,2019,214
Hong Kong,Raw milk of cattle,2020,214
Hong Kong,Raw milk of cattle,2021,214
Hong Kong,Spinach,2019,21005
Hong Kong,Spinach,2020,20961
Hong Kong,Spinach,2021,20958
Hong Kong,Sweet potatoes,2019,52
Hong Kong,Sweet potatoes,2020,50
Hong Kong,Sweet potatoes,2021,51
Hong Kong,Tomatoes,2019,19
Hong Kong,Tomatoes,2020,19
Hong Kong,Tomatoes,2021,19
China,"Almonds, in shell",2019,323190
China,"Almonds, in shell",2020,316008
China,"Almonds, in shell",2021,301644
China,"Anise, badian, coriander, cumin, caraway, fennel and juniper berries, raw",2019,86093
China,"Anise, badian, coriander, cumin, caraway, fennel and juniper berries, raw",2020,87552
China,"Anise, badian, coriander, cumin, caraway, fennel and juniper berries, raw",2021,87544
China,Apples,2019,23876654
China,Apples,2020,24800026
China,Apples,2021,25879066
China,Apricots,2019,191706
China,Apricots,2020,186253
China,Apricots,2021,188071
China,Artichokes,2019,65825
China,Artichokes,2020,66863
China,Artichokes,2021,65830
China,Asparagus,2019,9917615
China,Asparagus,2020,10063477
China,Asparagus,2021,10086956
China,Avocados,2019,170325
China,Avocados,2020,184340
China,Avocados,2021,198944
China,Bananas,2019,6666010
China,Bananas,2020,6584398
China,Bananas,2021,6705186
China,Barley,2019,396687
China,Barley,2020,408737
China,Barley,2021,398014
China,"Beans, dry",2019,1467366
China,"Beans, dry",2020,1468598
China,"Beans, dry",2021,1468798
China,"Broad beans and horse beans, dry",2019,1278756
China,"Broad beans and horse beans, dry",2020,1276238
China,"Broad beans and horse beans, dry",2021,1298061
China,"Broad beans and horse beans, green",2019,72489
China,"Broad beans and horse beans, green",2020,73816
China,"Broad beans and horse beans, green",2021,72377
China,Buckwheat,2019,178546
China,Buckwheat,2020,175422
China,Buckwheat,2021,174859
China,Cabbages,2019,10147251
China,Cabbages,2020,10292306
China,Cabbages,2021,10301364
China,Cantaloupes and other melons,2019,7666472
China,Cantaloupes and other melons,2020,7365073
China,Cantaloupes and other melons,2021,7493888
China,Carrots and turnips,2019,5645954
China,Carrots and turnips,2020,5733067
China,Carrots and turnips,2021,5817297
China,"Cashew nuts, in shell",2019,1688
China,"Cashew nuts, in shell",2020,1645
China,"Cashew nuts, in shell",2021,1629
China,"Cassava, fresh",2019,373925
China,"Cassava, fresh",2020,378380
China,"Cassava, fresh",2021,374162
China,Castor oil seeds,2019,29225
China,Castor oil seeds,2020,13801
China,Castor oil seeds,2021,11365
China,Cauliflowers and broccoli,2019,4171782
China,Cauliflowers and broccoli,2020,4203917
China,Cauliflowers and broccoli,2021,4168704
China,Cereals n.e.c.,2019,18112
China,Cereals n.e.c.,2020,18441
China,Cereals n.e.c.,2021,18094
China,Cherries,2019,256221
China,Cherries,2020,265351
China,Cherries,2021,259837
China,"Chestnuts, in shell",2019,5450373
China,"Chestnuts, in shell",2020,5556205
China,"Chestnuts, in shell",2021,5520597
China,"Chick peas, dry",2019,26208
China,"Chick peas, dry",2020,26200
China,"Chick peas, dry",2021,26208
China,"Chillies and peppers, dry (Capsicum spp., Pimenta spp.), raw",2019,240678
China,"Chillies and peppers, dry (Capsicum spp., Pimenta spp.), raw",2020,235150
China,"Chillies and peppers, dry (Capsicum spp., Pimenta spp.), raw",2021,236956
China,"Chillies and peppers, green (Capsicum spp. and Pimenta spp.)",2019,11132572
China,"Chillies and peppers, green (Capsicum spp. and Pimenta spp.)",2020,11199122
China,"Chillies and peppers, green (Capsicum spp. and Pimenta spp.)",2021,11091848
China,"Cinnamon and cinnamon-tree flowers, raw",2019,270942
China,"Cinnamon and cinnamon-tree flowers, raw",2020,311583
China,"Cinnamon and cinnamon-tree flowers, raw",2021,313618
China,"Cloves (whole stems), raw",2019,2865
China,"Cloves (whole stems), raw",2020,2975
China,"Cloves (whole stems), raw",2021,2908
China,"Coconuts, in shell",2019,370687
China,"Coconuts, in shell",2020,369284
China,"Coconuts, in shell",2021,382309
China,"Coffee, green",2019,259910
China,"Coffee, green",2020,246915
China,"Coffee, green",2021,233919
China,Cucumbers and gherkins,2019,31504386
China,Cucumbers and gherkins,2020,30322078
China,Cucumbers and gherkins,2021,30701639
China,Dates,2019,429188
China,Dates,2020,437189
China,Dates,2021,435629
China,"Edible roots and tubers with high starch or inulin content, n.e.c., fresh",2019,38756
China,"Edible roots and tubers with high starch or inulin content, n.e.c., fresh",2020,38051
China,"Edible roots and tubers with high starch or inulin content, n.e.c., fresh",2021,37220
China,Eggplants (aubergines),2019,16714577
China,Eggplants (aubergines),2020,16199475
China,Eggplants (aubergines),2021,16369459
China,"Eggs from other birds in shell, fresh, n.e.c.",2019,25881999
China,"Eggs from other birds in shell, fresh, n.e.c.",2020,27106341
China,"Eggs from other birds in shell, fresh, n.e.c.",2021,26643704
China,Figs,2019,11282
China,Figs,2020,11020
China,Figs,2021,11099
China,"Ginger, raw",2019,1319146
China,"Ginger, raw",2020,1271051
China,"Ginger, raw",2021,1285938
China,Grapes,2019,14524173
China,Grapes,2020,14645622
China,Grapes,2021,15345361
China,Green corn (maize),2019,96527
China,Green corn (maize),2020,88883
China,Green corn (maize),2021,91258
China,Green garlic,2019,22475187
China,Green garlic,2020,22824210
China,Green garlic,2021,23116137
China,"Groundnuts, excluding shelled",2019,22120580
China,"Groundnuts, excluding shelled",2020,22717925
China,"Groundnuts, excluding shelled",2021,23115776
China,"Hazelnuts, in shell",2019,63314
China,"Hazelnuts, in shell",2020,64363
China,"Hazelnuts, in shell",2021,64212
China,"Hen eggs in shell, fresh",2019,28335410
China,"Hen eggs in shell, fresh",2020,29700631
China,"Hen eggs in shell, fresh",2021,29193717
China,Hop cones,2019,22840
China,Hop cones,2020,23461
China,Hop cones,2021,23282
China,"Horse meat, fresh or chilled (indigenous)",2019,796939
China,"Horse meat, fresh or chilled (indigenous)",2020,920624
China,"Horse meat, fresh or chilled (indigenous)",2021,742919
China,"Jute, raw or retted",2019,3356
China,"Jute, raw or retted",2020,2218
China,"Jute, raw or retted",2021,1805
China,"Kenaf, and other textile bast fibres, raw or retted",2019,15638
China,"Kenaf, and other textile bast fibres, raw or retted",2020,15151
China,"Kenaf, and other textile bast fibres, raw or retted",2021,15873
China,Leeks and other alliaceous vegetables,2019,55168
China,Leeks and other alliaceous vegetables,2020,56037
China,Leeks and other alliaceous vegetables,2021,55172
China,Lemons and limes,2019,3800535
China,Lemons and limes,2020,3617987
China,Lemons and limes,2021,3814771
China,"Lentils, dry",2019,331071
China,"Lentils, dry",2020,327882
China,"Lentils, dry",2021,337596
China,Lettuce and chicory,2019,5798582
China,Lettuce and chicory,2020,5863538
China,Lettuce and chicory,2021,5795637
China,Linseed,2019,204116
China,Linseed,2020,198112
China,Linseed,2021,204116
China,Maize (corn),2019,98978840
China,Maize (corn),2020,98937507
China,Maize (corn),2021,103447330
China,"Mangoes, guavas and mangosteens",2019,4623860
China,"Mangoes, guavas and mangosteens",2020,5350829
China,"Mangoes, guavas and mangosteens",2021,5339558
China,"Meat of asses, fresh or chilled (indigenous)",2019,663040
China,"Meat of asses, fresh or chilled (indigenous)",2020,645487
China,"Meat of asses, fresh or chilled (indigenous)",2021,478334
China,"Meat of buffalo, fresh or chilled (indigenous)",2019,2837448
China,"Meat of buffalo, fresh or chilled (indigenous)",2020,2859432
China,"Meat of buffalo, fresh or chilled (indigenous)",2021,2965975
China,"Meat of camels, fresh or chilled (indigenous)",2019,251010
China,"Meat of camels, fresh or chilled (indigenous)",2020,255788
China,"Meat of camels, fresh or chilled (indigenous)",2021,287975
China,"Meat of cattle with the bone, fresh or chilled (indigenous)",2019,41087427
China,"Meat of cattle with the bone, fresh or chilled (indigenous)",2020,41361760
China,"Meat of cattle with the bone, fresh or chilled (indigenous)",2021,42815390
China,"Meat of chickens, fresh or chilled (indigenous)",2019,27793818
China,"Meat of chickens, fresh or chilled (indigenous)",2020,29402905
China,"Meat of chickens, fresh or chilled (indigenous)",2021,29600920
China,"Meat of ducks, fresh or chilled (indigenous)",2019,12714528
China,"Meat of ducks, fresh or chilled (indigenous)",2020,13334478
China,"Meat of ducks, fresh or chilled (indigenous)",2021,13468521
China,"Meat of geese, fresh or chilled (indigenous)",2019,18314865
China,"Meat of geese, fresh or chilled (indigenous)",2020,19213142
China,"Meat of geese, fresh or chilled (indigenous)",2021,19403686
China,"Meat of goat, fresh or chilled (indigenous)",2019,20230288
China,"Meat of goat, fresh or chilled (indigenous)",2020,20429102
China,"Meat of goat, fresh or chilled (indigenous)",2021,21333835
China,"Meat of mules, fresh or chilled (indigenous)",2019,99607
China,"Meat of mules, fresh or chilled (indigenous)",2020,98952
China,"Meat of mules, fresh or chilled (indigenous)",2021,79411
China,"Meat of pig with the bone, fresh or chilled (indigenous)",2019,116735715
China,"Meat of pig with the bone, fresh or chilled (indigenous)",2020,112840862
China,"Meat of pig with the bone, fresh or chilled (indigenous)",2021,145283092
China,"Meat of rabbits and hares, fresh or chilled (indigenous)",2019,1544727
China,"Meat of rabbits and hares, fresh or chilled (indigenous)",2020,1646755
China,"Meat of rabbits and hares, fresh or chilled (indigenous)",2021,1469652
China,"Meat of sheep, fresh or chilled (indigenous)",2019,17124535
China,"Meat of sheep, fresh or chilled (indigenous)",2020,17288854
China,"Meat of sheep, fresh or chilled (indigenous)",2021,18056838
China,Melonseed,2019,47752
China,Melonseed,2020,47218
China,Melonseed,2021,47640
China,Millet,2019,1562511
China,Millet,2020,1561830
China,Millet,2021,1729446
China,Mushrooms and truffles,2019,40464840
China,Mushrooms and truffles,2020,41533611
China,Mushrooms and truffles,2021,42636749
China,Mustard seed,2019,14966
China,Mustard seed,2020,15199
China,Mustard seed,2021,15477
China,Natural honey,2019,766857
China,Natural honey,2020,791114
China,Natural honey,2021,816327
China,Natural rubber in primary forms,2019,2968770
China,Natural rubber in primary forms,2020,2920836
China,Natural rubber in primary forms,2021,3080786
China,Oats,2019,139705
China,Oats,2020,137638
China,Oats,2021,137877
China,Oil palm fruit,2019,197712
China,Oil palm fruit,2020,197930
China,Oil palm fruit,2021,197373
China,"Onions and shallots, dry (excluding dehydrated)",2019,14574836
China,"Onions and shallots, dry (excluding dehydrated)",2020,14640548
China,"Onions and shallots, dry (excluding dehydrated)",2021,14578854
China,"Onions and shallots, green",2019,496981
China,"Onions and shallots, green",2020,501247
China,"Onions and shallots, green",2021,509108
China,Oranges,2019,4599988
China,Oranges,2020,4457208
China,Oranges,2021,4486923
China,"Other beans, green",2019,6759741
China,"Other beans, green",2020,6879510
China,"Other beans, green",2021,6763156
China,"Other citrus fruit, n.e.c.",2019,2697690
China,"Other citrus fruit, n.e.c.",2020,2669549
China,"Other citrus fruit, n.e.c.",2021,2741607
China,"Other fruits, n.e.c.",2019,3145536
China,"Other fruits, n.e.c.",2020,3064418
China,"Other fruits, n.e.c.",2021,3089796
China,"Other nuts (excluding wild edible nuts and groundnuts), in shell, n.e.c.",2019,292093
China,"Other nuts (excluding wild edible nuts and groundnuts), in shell, n.e.c.",2020,297341
China,"Other nuts (excluding wild edible nuts and groundnuts), in shell, n.e.c.",2021,291627
China,"Other oil seeds, n.e.c.",2019,190004
China,"Other oil seeds, n.e.c.",2020,179996
China,"Other oil seeds, n.e.c.",2021,189593
China,Other pulses n.e.c.,2019,109920
China,Other pulses n.e.c.,2020,110549
China,Other pulses n.e.c.,2021,113410
China,"Other stimulant, spice and aromatic crops, n.e.c.",2019,180556
China,"Other stimulant, spice and aromatic crops, n.e.c.",2020,176649
China,"Other stimulant, spice and aromatic crops, n.e.c.",2021,177772
China,Other stone fruits,2019,5018633
China,Other stone fruits,2020,5148819
China,Other stone fruits,2021,5114608
China,"Other tropical fruits, n.e.c.",2019,4154637
China,"Other tropical fruits, n.e.c.",2020,4192645
China,"Other tropical fruits, n.e.c.",2021,4202720
China,"Other vegetables, fresh n.e.c.",2019,48717491
China,"Other vegetables, fresh n.e.c.",2020,48816547
China,"Other vegetables, fresh n.e.c.",2021,51716384
China,Papayas,2019,608462
China,Papayas,2020,638628
China,Papayas,2021,674065
China,Peaches and nectarines,2019,11957836
China,Peaches and nectarines,2020,12182479
China,Peaches and nectarines,2021,12994644
China,Pears,2019,10359060
China,Pears,2020,10659298
China,Pears,2021,11293879
China,"Peas, dry",2019,942337
China,"Peas, dry",2020,922676
China,"Peas, dry",2021,944240
China,"Peas, green",2019,8941894
China,"Peas, green",2020,9118785
China,"Peas, green",2021,8948540
China,"Pepper (Piper spp.), raw",2019,341978
China,"Pepper (Piper spp.), raw",2020,359633
China,"Pepper (Piper spp.), raw",2021,352309
China,Persimmons,2019,1424484
China,Persimmons,2020,1522855
China,Persimmons,2021,1587080
China,Pineapples,2019,1188492
China,Pineapples,2020,1016887
China,Pineapples,2021,1038304
China,"Pistachios, in shell",2019,468041
China,"Pistachios, in shell",2020,471444
China,"Pistachios, in shell",2021,485355
China,Plums and sloes,2019,6501765
China,Plums and sloes,2020,6372589
China,Plums and sloes,2021,6415101
China,Pomelos and grapefruits,2019,3117101
China,Pomelos and grapefruits,2020,3129746
China,Pomelos and grapefruits,2021,3287814
China,Potatoes,2019,30498011
China,Potatoes,2020,31622519
China,Potatoes,2021,32150697
China,"Pumpkins, squash and gourds",2019,2334928
China,"Pumpkins, squash and gourds",2020,2371110
China,"Pumpkins, squash and gourds",2021,2436195
China,Quinces,2019,103136
China,Quinces,2020,104704
China,Quinces,2021,105807
China,"Ramie, raw or retted",2019,47336
China,"Ramie, raw or retted",2020,44313
China,"Ramie, raw or retted",2021,45239
China,Rape or colza seed,2019,10488566
China,Rape or colza seed,2020,10927563
China,Rape or colza seed,2021,11444341
China,Raw milk of buffalo,2019,2015651
China,Raw milk of buffalo,2020,2087805
China,Raw milk of buffalo,2021,2132073
China,Raw milk of camel,2019,3286
China,Raw milk of camel,2020,3304
China,Raw milk of camel,2021,3554
China,Raw milk of cattle,2019,17473623
China,Raw milk of cattle,2020,18776872
China,Raw milk of cattle,2021,20101624
China,Raw milk of goats,2019,59915
China,Raw milk of goats,2020,59117
China,Raw milk of goats,2021,59135
China,Raw milk of sheep,2019,314529
China,Raw milk of sheep,2020,325872
China,Raw milk of sheep,2021,342197
China,Rice,2019,105835100
China,Rice,2020,106969116
China,Rice,2021,107465437
China,Rye,2019,1178243
China,Rye,2020,1154756
China,Rye,2021,1154205
China,Safflower seed,2019,23110
China,Safflower seed,2020,23151
China,Safflower seed,2021,23425
China,"Seed cotton, unginned",2019,31091662
China,"Seed cotton, unginned",2020,25794441
China,"Seed cotton, unginned",2021,22972084
China,Sesame seed,2019,1077075
China,Sesame seed,2020,1053780
China,Sesame seed,2021,1050321
China,"Shorn wool, greasy, including fleece-washed shorn wool",2019,2761830
China,"Shorn wool, greasy, including fleece-washed shorn wool",2020,2701138
China,"Shorn wool, greasy, including fleece-washed shorn wool",2021,2884051
China,Silk-worm cocoons suitable for reeling,2019,1261546
China,Silk-worm cocoons suitable for reeling,2020,980652
China,Silk-worm cocoons suitable for reeling,2021,857196
China,"Sisal, raw",2019,10504
China,"Sisal, raw",2020,10473
China,"Sisal, raw",2021,10480
China,Sorghum,2019,1135418
China,Sorghum,2020,1074938
China,Sorghum,2021,1222357
China,Soya beans,2019,13631928
China,Soya beans,2020,14761645
China,Soya beans,2021,12348116
China,Spinach,2019,14856718
China,Spinach,2020,15525014
China,Spinach,2021,16097103
China,Strawberries,2019,6957770
China,Strawberries,2020,7323689
China,Strawberries,2021,7889876
China,Sugar beet,2019,944650
China,Sugar beet,2020,922414
China,Sugar beet,2021,604287
China,Sugar cane,2019,35936026
China,Sugar cane,2020,35519760
China,Sugar cane,2021,35041043
China,Sunflower seed,2019,4576263
China,Sunflower seed,2020,4415960
China,Sunflower seed,2021,3700699
China,Sweet potatoes,2019,13796653
China,Sweet potatoes,2020,14175642
China,Sweet potatoes,2021,14183980
China,"Tangerines, mandarins, clementines",2019,15850873
China,"Tangerines, mandarins, clementines",2020,15933573
China,"Tangerines, mandarins, clementines",2021,17229210
China,Taro,2019,1315627
China,Taro,2020,1334145
China,Taro,2021,1316336
China,Tea leaves,2019,61980310
China,Tea leaves,2020,64931753
China,Tea leaves,2021,69850826
China,Tomatoes,2019,29644125
China,Tomatoes,2020,28746556
China,Tomatoes,2021,29038421
China,Triticale,2019,119083
China,Triticale,2020,114963
China,Triticale,2021,116442
China,Tung nuts,2019,183465
China,Tung nuts,2020,188333
China,Tung nuts,2021,185300
China,Unmanufactured tobacco,2019,8869645
China,Unmanufactured tobacco,2020,7247568
China,Unmanufactured tobacco,2021,7225832
China,"Vanilla, raw",2019,3343
China,"Vanilla, raw",2020,3416
China,"Vanilla, raw",2021,3461
China,"Walnuts, in shell",2019,5201196
China,"Walnuts, in shell",2020,5721315
China,"Walnuts, in shell",2021,5721315
China,Watermelons,2019,22598930
China,Watermelons,2020,23149358
China,Watermelons,2021,22885870
China,Wheat,2019,51077939
China,Wheat,2020,51327869
China,Wheat,2021,52358632
Colombia,"Agave fibres, raw, n.e.c.",2019,12224
Colombia,"Agave fibres, raw, n.e.c.",2020,12490
Colombia,"Agave fibres, raw, n.e.c.",2021,12501
Colombia,Apples,2019,18224
Colombia,Apples,2020,17912
Colombia,Apples,2021,19162
Colombia,Asparagus,2019,60434
Colombia,Asparagus,2020,1631
Colombia,Asparagus,2021,1601
Colombia,Avocados,2019,319554
Colombia,Avocados,2020,495228
Colombia,Avocados,2021,585101
Colombia,Bananas,2019,1394978
Colombia,Bananas,2020,1148565
Colombia,Bananas,2021,1155343
Colombia,Barley,2019,3575
Colombia,Barley,2020,2579
Colombia,Barley,2021,2637
Colombia,"Beans, dry",2019,73315
Colombia,"Beans, dry",2020,132544
Colombia,"Beans, dry",2021,141035
Colombia,"Broad beans and horse beans, dry",2019,2974
Colombia,"Broad beans and horse beans, dry",2020,3978
Colombia,"Broad beans and horse beans, dry",2021,1845
Colombia,"Broad beans and horse beans, green",2019,8496
Colombia,"Broad beans and horse beans, green",2020,8080
Colombia,"Broad beans and horse beans, green",2021,8331
Colombia,Cabbages,2019,24163
Colombia,Cabbages,2020,24795
Colombia,Cabbages,2021,23412
Colombia,Cantaloupes and other melons,2019,61954
Colombia,Cantaloupes and other melons,2020,49394
Colombia,Cantaloupes and other melons,2021,44712
Colombia,Carrots and turnips,2019,65024
Colombia,Carrots and turnips,2020,76150
Colombia,Carrots and turnips,2021,69816
Colombia,"Cassava, fresh",2019,293468
Colombia,"Cassava, fresh",2020,294642
Colombia,"Cassava, fresh",2021,281383
Colombia,Cauliflowers and broccoli,2019,35106
Colombia,Cauliflowers and broccoli,2020,12907
Colombia,Cauliflowers and broccoli,2021,13632
Colombia,"Chick peas, dry",2019,113
Colombia,"Chick peas, dry",2020,133
Colombia,"Chick peas, dry",2021,126
Colombia,"Chillies and peppers, green (Capsicum spp. and Pimenta spp.)",2019,84843
Colombia,"Chillies and peppers, green (Capsicum spp. and Pimenta spp.)",2020,64674
Colombia,"Chillies and peppers, green (Capsicum spp. and Pimenta spp.)",2021,64300
Colombia,Cocoa beans,2019,261894
Colombia,Cocoa beans,2020,162580
Colombia,Cocoa beans,2021,176999
Colombia,"Coconuts, in shell",2019,109869
Colombia,"Coconuts, in shell",2020,116075
Colombia,"Coconuts, in shell",2021,117041
Colombia,"Coffee, green",2019,2210971
Colombia,"Coffee, green",2020,2081777
Colombia,"Coffee, green",2021,1399692
Colombia,Cucumbers and gherkins,2019,23204
Colombia,Cucumbers and gherkins,2020,16094
Colombia,Cucumbers and gherkins,2021,19315
Colombia,"Edible roots and tubers with high starch or inulin content, n.e.c., fresh",2019,76157
Colombia,"Edible roots and tubers with high starch or inulin content, n.e.c., fresh",2020,121709
Colombia,"Edible roots and tubers with high starch or inulin content, n.e.c., fresh",2021,89368
Colombia,Eggplants (aubergines),2019,4640
Colombia,Eggplants (aubergines),2020,11072
Colombia,Eggplants (aubergines),2021,10396
Colombia,Grapes,2019,54994
Colombia,Grapes,2020,22775
Colombia,Grapes,2021,26263
Colombia,Green garlic,2019,10078
Colombia,Green garlic,2020,9334
Colombia,Green garlic,2021,7680
Colombia,"Groundnuts, excluding shelled",2019,1502
Colombia,"Groundnuts, excluding shelled",2020,930
Colombia,"Groundnuts, excluding shelled",2021,1175
Colombia,"Hen eggs in shell, fresh",2019,1261258
Colombia,"Hen eggs in shell, fresh",2020,1436545
Colombia,"Hen eggs in shell, fresh",2021,1493308
Colombia,"Horse meat, fresh or chilled (indigenous)",2019,5519
Colombia,"Horse meat, fresh or chilled (indigenous)",2020,8147
Colombia,"Horse meat, fresh or chilled (indigenous)",2021,7747
Colombia,Lemons and limes,2019,102599
Colombia,Lemons and limes,2020,93557
Colombia,Lemons and limes,2021,146034
Colombia,"Lentils, dry",2019,1825
Colombia,"Lentils, dry",2020,1818
Colombia,"Lentils, dry",2021,1825
Colombia,Lettuce and chicory,2019,85217
Colombia,Lettuce and chicory,2020,43330
Colombia,Lettuce and chicory,2021,42380
Colombia,Maize (corn),2019,439471
Colombia,Maize (corn),2020,438852
Colombia,Maize (corn),2021,488670
Colombia,"Mangoes, guavas and mangosteens",2019,249172
Colombia,"Mangoes, guavas and mangosteens",2020,203265
Colombia,"Mangoes, guavas and mangosteens",2021,210160
Colombia,"Meat of cattle with the bone, fresh or chilled (indigenous)",2019,2299221
Colombia,"Meat of cattle with the bone, fresh or chilled (indigenous)",2020,2221405
Colombia,"Meat of cattle with the bone, fresh or chilled (indigenous)",2021,2265708
Colombia,"Meat of chickens, fresh or chilled (indigenous)",2019,3626073
Colombia,"Meat of chickens, fresh or chilled (indigenous)",2020,3469656
Colombia,"Meat of chickens, fresh or chilled (indigenous)",2021,3629348
Colombia,"Meat of goat, fresh or chilled (indigenous)",2019,1855
Colombia,"Meat of goat, fresh or chilled (indigenous)",2020,1050
Colombia,"Meat of goat, fresh or chilled (indigenous)",2021,1074
Colombia,"Meat of pig with the bone, fresh or chilled (indigenous)",2019,1120095
Colombia,"Meat of pig with the bone, fresh or chilled (indigenous)",2020,1166763
Colombia,"Meat of pig with the bone, fresh or chilled (indigenous)",2021,1222543
Colombia,"Meat of rabbits and hares, fresh or chilled (indigenous)",2019,8672
Colombia,"Meat of rabbits and hares, fresh or chilled (indigenous)",2020,8650
Colombia,"Meat of rabbits and hares, fresh or chilled (indigenous)",2021,8678
Colombia,"Meat of sheep, fresh or chilled (indigenous)",2019,2646
Colombia,"Meat of sheep, fresh or chilled (indigenous)",2020,1493
Colombia,"Meat of sheep, fresh or chilled (indigenous)",2021,1416
Colombia,Natural honey,2019,11336
Colombia,Natural honey,2020,11375
Colombia,Natural honey,2021,13735
Colombia,Oil palm fruit,2019,4373777
Colombia,Oil palm fruit,2020,3739193
Colombia,Oil palm fruit,2021,4111047
Colombia,"Onions and shallots, dry (excluding dehydrated)",2019,275177
Colombia,"Onions and shallots, dry (excluding dehydrated)",2020,208720
Colombia,"Onions and shallots, dry (excluding dehydrated)",2021,205592
Colombia,Oranges,2019,104356
Colombia,Oranges,2020,108758
Colombia,Oranges,2021,212831
Colombia,"Other fruits, n.e.c.",2019,263268
Colombia,"Other fruits, n.e.c.",2020,295456
Colombia,"Other fruits, n.e.c.",2021,335155
Colombia,"Other nuts (excluding wild edible nuts and groundnuts), in shell, n.e.c.",2019,3405
Colombia,"Other nuts (excluding wild edible nuts and groundnuts), in shell, n.e.c.",2020,7501
Colombia,"Other nuts (excluding wild edible nuts and groundnuts), in shell, n.e.c.",2021,7127
Colombia,"Other stimulant, spice and aromatic crops, n.e.c.",2019,11526
Colombia,"Other stimulant, spice and aromatic crops, n.e.c.",2020,17600
Colombia,"Other stimulant, spice and aromatic crops, n.e.c.",2021,12044
Colombia,"Other vegetables, fresh n.e.c.",2019,111794
Colombia,"Other vegetables, fresh n.e.c.",2020,119404
Colombia,"Other vegetables, fresh n.e.c.",2021,114814
Colombia,Papayas,2019,40296
Colombia,Papayas,2020,54486
Colombia,Papayas,2021,40633
Colombia,Peaches and nectarines,2019,39217
Colombia,Peaches and nectarines,2020,40978
Colombia,Peaches and nectarines,2021,36056
Colombia,Pears,2019,32377
Colombia,Pears,2020,40809
Colombia,Pears,2021,51545
Colombia,"Peas, dry",2019,39253
Colombia,"Peas, dry",2020,37559
Colombia,"Peas, dry",2021,32812
Colombia,Pineapples,2019,547580
Colombia,Pineapples,2020,453139
Colombia,Pineapples,2021,503262
Colombia,Plantains and cooking bananas,2019,1027395
Colombia,Plantains and cooking bananas,2020,1081847
Colombia,Plantains and cooking bananas,2021,1096993
Colombia,Plums and sloes,2019,11005
Colombia,Plums and sloes,2020,10690
Colombia,Plums and sloes,2021,12018
Colombia,Potatoes,2019,957489
Colombia,Potatoes,2020,804682
Colombia,Potatoes,2021,795868
Colombia,"Pumpkins, squash and gourds",2019,33426
Colombia,"Pumpkins, squash and gourds",2020,45925
Colombia,"Pumpkins, squash and gourds",2021,36174
Colombia,Raw milk of cattle,2019,2255769
Colombia,Raw milk of cattle,2020,2337043
Colombia,Raw milk of cattle,2021,2311022
Colombia,Rice,2019,1123868
Colombia,Rice,2020,1293904
Colombia,Rice,2021,1269163
Colombia,"Seed cotton, unginned",2019,81793
Colombia,"Seed cotton, unginned",2020,25881
Colombia,"Seed cotton, unginned",2021,37177
Colombia,Sesame seed,2019,2673
Colombia,Sesame seed,2020,2335
Colombia,Sesame seed,2021,1940
Colombia,"Shorn wool, greasy, including fleece-washed shorn wool",2019,12177
Colombia,"Shorn wool, greasy, including fleece-washed shorn wool",2020,12353
Colombia,"Shorn wool, greasy, including fleece-washed shorn wool",2021,12257
Colombia,Sorghum,2019,2159
Colombia,Sorghum,2020,1811
Colombia,Sorghum,2021,1534
Colombia,Soya beans,2019,53606
Colombia,Soya beans,2020,56123
Colombia,Soya beans,2021,57571
Colombia,Spinach,2019,11006
Colombia,Spinach,2020,2422
Colombia,Spinach,2021,2033
Colombia,Strawberries,2019,111251
Colombia,Strawberries,2020,206850
Colombia,Strawberries,2021,188997
Colombia,Sugar cane,2019,932965
Colombia,Sugar cane,2020,1002708
Colombia,Sugar cane,2021,953587
Colombia,"Tangerines, mandarins, clementines",2019,171995
Colombia,"Tangerines, mandarins, clementines",2020,156326
Colombia,"Tangerines, mandarins, clementines",2021,255940
Colombia,Tomatoes,2019,246243
Colombia,Tomatoes,2020,364172
Colombia,Tomatoes,2021,376503
Colombia,Unmanufactured tobacco,2019,11458
Colombia,Unmanufactured tobacco,2020,13132
Colombia,Unmanufactured tobacco,2021,4410
Colombia,Watermelons,2019,68231
Colombia,Watermelons,2020,62532
Colombia,Watermelons,2021,63915
Colombia,Wheat,2019,1717
Colombia,Wheat,2020,1902
Colombia,Wheat,2021,2104
Colombia,Yams,2019,139733
Colombia,Yams,2020,144759
Colombia,Yams,2021,139821
"Congo, Rep.",Avocados,2019,17118
"Congo, Rep.",Avocados,2020,17275
"Congo, Rep.",Avocados,2021,17649
"Congo, Rep.",Bananas,2019,94579
"Congo, Rep.",Bananas,2020,94512
"Congo, Rep.",Bananas,2021,94958
"Congo, Rep.","Beans, dry",2019,12932
"Congo, Rep.","Beans, dry",2020,13068
"Congo, Rep.","Beans, dry",2021,12930
"Congo, Rep.",Cabbages,2019,3259
"Congo, Rep.",Cabbages,2020,3310
"Congo, Rep.",Cabbages,2021,3260
"Congo, Rep.",Carrots and turnips,2019,2017
"Congo, Rep.",Carrots and turnips,2020,2083
"Congo, Rep.",Carrots and turnips,2021,2049
"Congo, Rep.","Cassava, fresh",2019,2199415
"Congo, Rep.","Cassava, fresh",2020,2215293
"Congo, Rep.","Cassava, fresh",2021,2220471
"Congo, Rep.",Cereals n.e.c.,2019,2471
"Congo, Rep.",Cereals n.e.c.,2020,2490
"Congo, Rep.",Cereals n.e.c.,2021,2498
"Congo, Rep.",Cocoa beans,2019,4615
"Congo, Rep.",Cocoa beans,2020,3010
"Congo, Rep.",Cocoa beans,2021,6422
"Congo, Rep.","Coconuts, in shell",2019,10422
"Congo, Rep.","Coconuts, in shell",2020,10422
"Congo, Rep.","Coconuts, in shell",2021,10422
"Congo, Rep.","Coffee, green",2019,1456
"Congo, Rep.","Coffee, green",2020,1464
"Congo, Rep.","Coffee, green",2021,1455
"Congo, Rep.","Edible roots and tubers with high starch or inulin content, n.e.c., fresh",2019,39808
"Congo, Rep.","Edible roots and tubers with high starch or inulin content, n.e.c., fresh",2020,39148
"Congo, Rep.","Edible roots and tubers with high starch or inulin content, n.e.c., fresh",2021,40332
"Congo, Rep.",Eggplants (aubergines),2019,3922
"Congo, Rep.",Eggplants (aubergines),2020,3979
"Congo, Rep.",Eggplants (aubergines),2021,3922
"Congo, Rep.","Game meat, fresh, chilled or frozen",2019,511084
"Congo, Rep.","Game meat, fresh, chilled or frozen",2020,518299
"Congo, Rep.","Game meat, fresh, chilled or frozen",2021,516896
"Congo, Rep.","Groundnuts, excluding shelled",2019,41301
"Congo, Rep.","Groundnuts, excluding shelled",2020,40601
"Congo, Rep.","Groundnuts, excluding shelled",2021,41281
"Congo, Rep.","Hen eggs in shell, fresh",2019,4874
"Congo, Rep.","Hen eggs in shell, fresh",2020,4913
"Congo, Rep.","Hen eggs in shell, fresh",2021,4979
"Congo, Rep.",Leeks and other alliaceous vegetables,2019,9157
"Congo, Rep.",Leeks and other alliaceous vegetables,2020,9267
"Congo, Rep.",Leeks and other alliaceous vegetables,2021,9160
"Congo, Rep.",Lemons and limes,2019,5479
"Congo, Rep.",Lemons and limes,2020,5595
"Congo, Rep.",Lemons and limes,2021,5478
"Congo, Rep.",Lettuce and chicory,2019,2129
"Congo, Rep.",Lettuce and chicory,2020,2144
"Congo, Rep.",Lettuce and chicory,2021,2159
"Congo, Rep.",Maize (corn),2019,20578
"Congo, Rep.",Maize (corn),2020,19108
"Congo, Rep.",Maize (corn),2021,19108
"Congo, Rep.","Mangoes, guavas and mangosteens",2019,19786
"Congo, Rep.","Mangoes, guavas and mangosteens",2020,19918
"Congo, Rep.","Mangoes, guavas and mangosteens",2021,20142
"Congo, Rep.","Meat of cattle with the bone, fresh or chilled (indigenous)",2019,28776
"Congo, Rep.","Meat of cattle with the bone, fresh or chilled (indigenous)",2020,28679
"Congo, Rep.","Meat of cattle with the bone, fresh or chilled (indigenous)",2021,28604
"Congo, Rep.","Meat of chickens, fresh or chilled (indigenous)",2019,28869
"Congo, Rep.","Meat of chickens, fresh or chilled (indigenous)",2020,28703
"Congo, Rep.","Meat of chickens, fresh or chilled (indigenous)",2021,26439
"Congo, Rep.","Meat of goat, fresh or chilled (indigenous)",2019,6191
"Congo, Rep.","Meat of goat, fresh or chilled (indigenous)",2020,6198
"Congo, Rep.","Meat of goat, fresh or chilled (indigenous)",2021,6298
"Congo, Rep.","Meat of pig with the bone, fresh or chilled (indigenous)",2019,7024
"Congo, Rep.","Meat of pig with the bone, fresh or chilled (indigenous)",2020,6816
"Congo, Rep.","Meat of pig with the bone, fresh or chilled (indigenous)",2021,6316
"Congo, Rep.","Meat of sheep, fresh or chilled (indigenous)",2019,2681
"Congo, Rep.","Meat of sheep, fresh or chilled (indigenous)",2020,2689
"Congo, Rep.","Meat of sheep, fresh or chilled (indigenous)",2021,2707
"Congo, Rep.",Melonseed,2019,1444
"Congo, Rep.",Melonseed,2020,1447
"Congo, Rep.",Melonseed,2021,1448
"Congo, Rep.",Natural rubber in primary forms,2019,498
"Congo, Rep.",Natural rubber in primary forms,2020,491
"Congo, Rep.",Natural rubber in primary forms,2021,531
"Congo, Rep.",Oil palm fruit,2019,33017
"Congo, Rep.",Oil palm fruit,2020,32898
"Congo, Rep.",Oil palm fruit,2021,33942
"Congo, Rep.",Okra,2019,5474
"Congo, Rep.",Okra,2020,5503
"Congo, Rep.",Okra,2021,5482
"Congo, Rep.","Onions and shallots, dry (excluding dehydrated)",2019,971
"Congo, Rep.","Onions and shallots, dry (excluding dehydrated)",2020,980
"Congo, Rep.","Onions and shallots, dry (excluding dehydrated)",2021,989
"Congo, Rep.",Oranges,2019,4609
"Congo, Rep.",Oranges,2020,4597
"Congo, Rep.",Oranges,2021,4618
"Congo, Rep.","Other beans, green",2019,19454
"Congo, Rep.","Other beans, green",2020,19610
"Congo, Rep.","Other beans, green",2021,19470
"Congo, Rep.","Other fruits, n.e.c.",2019,17303
"Congo, Rep.","Other fruits, n.e.c.",2020,17522
"Congo, Rep.","Other fruits, n.e.c.",2021,17700
"Congo, Rep.","Other vegetables, fresh n.e.c.",2019,58211
"Congo, Rep.","Other vegetables, fresh n.e.c.",2020,58465
"Congo, Rep.","Other vegetables, fresh n.e.c.",2021,58993
"Congo, Rep.",Papayas,2019,4179
"Congo, Rep.",Papayas,2020,4103
"Congo, Rep.",Papayas,2021,4128
"Congo, Rep.","Peas, dry",2019,10597
"Congo, Rep.","Peas, dry",2020,10760
"Congo, Rep.","Peas, dry",2021,10594
"Congo, Rep.",Pineapples,2019,7071
"Congo, Rep.",Pineapples,2020,7262
"Congo, Rep.",Pineapples,2021,7214
"Congo, Rep.",Plantains and cooking bananas,2019,102765
"Congo, Rep.",Plantains and cooking bananas,2020,102679
"Congo, Rep.",Plantains and cooking bananas,2021,102610
"Congo, Rep.",Pomelos and grapefruits,2019,962
"Congo, Rep.",Pomelos and grapefruits,2020,966
"Congo, Rep.",Pomelos and grapefruits,2021,973
"Congo, Rep.",Potatoes,2019,14721
"Congo, Rep.",Potatoes,2020,14566
"Congo, Rep.",Potatoes,2021,14556
"Congo, Rep.",Raw milk of cattle,2019,4618
"Congo, Rep.",Raw milk of cattle,2020,4556
"Congo, Rep.",Raw milk of cattle,2021,4570
"Congo, Rep.",Rice,2019,1257
"Congo, Rep.",Rice,2020,1204
"Congo, Rep.",Rice,2021,1119
"Congo, Rep.",Sesame seed,2019,177
"Congo, Rep.",Sesame seed,2020,177
"Congo, Rep.",Sesame seed,2021,178
"Congo, Rep.",Spinach,2019,1277
"Congo, Rep.",Spinach,2020,1282
"Congo, Rep.",Spinach,2021,1280
"Congo, Rep.",Sugar cane,2019,114675
"Congo, Rep.",Sugar cane,2020,117014
"Congo, Rep.",Sugar cane,2021,115718
"Congo, Rep.",Sweet potatoes,2019,7729
"Congo, Rep.",Sweet potatoes,2020,7586
"Congo, Rep.",Sweet potatoes,2021,7743
"Congo, Rep.","Tangerines, mandarins, clementines",2019,3387
"Congo, Rep.","Tangerines, mandarins, clementines",2020,3404
"Congo, Rep.","Tangerines, mandarins, clementines",2021,3428
"Congo, Rep.",Tomatoes,2019,6333
"Congo, Rep.",Tomatoes,2020,6404
"Congo, Rep.",Tomatoes,2021,6286
"Congo, Rep.",Unmanufactured tobacco,2019,942
"Congo, Rep.",Unmanufactured tobacco,2020,945
"Congo, Rep.",Unmanufactured tobacco,2021,990
"Congo, Rep.",Yams,2019,20910
"Congo, Rep.",Yams,2020,21180
"Congo, Rep.",Yams,2021,20963
Cook Islands,Avocados,2019,59
Cook Islands,Avocados,2020,59
Cook Islands,Avocados,2021,58
Cook Islands,Bananas,2019,39
Cook Islands,Bananas,2020,24
Cook Islands,Bananas,2021,26
Cook Islands,"Cassava, fresh",2021,9
Cook Islands,"Chillies and peppers, green (Capsicum spp. and Pimenta spp.)",2019,2
Cook Islands,"Chillies and peppers, green (Capsicum spp. and Pimenta spp.)",2020,2
Cook Islands,"Chillies and peppers, green (Capsicum spp. and Pimenta spp.)",2021,2
Cook Islands,"Coconuts, in shell",2019,1915
Cook Islands,"Coconuts, in shell",2020,1910
Cook Islands,"Coconuts, in shell",2021,1911
Cook Islands,"Coffee, green",2019,1
Cook Islands,"Coffee, green",2020,1
Cook Islands,"Coffee, green",2021,1
Cook Islands,"Edible roots and tubers with high starch or inulin content, n.e.c., fresh",2019,92
Cook Islands,"Edible roots and tubers with high starch or inulin content, n.e.c., fresh",2020,60
Cook Islands,"Hen eggs in shell, fresh",2019,410
Cook Islands,"Hen eggs in shell, fresh",2020,410
Cook Islands,"Hen eggs in shell, fresh",2021,410
Cook Islands,Lemons and limes,2019,3
Cook Islands,Lemons and limes,2020,3
Cook Islands,Lemons and limes,2021,2
Cook Islands,"Mangoes, guavas and mangosteens",2019,628
Cook Islands,"Mangoes, guavas and mangosteens",2020,629
Cook Islands,"Mangoes, guavas and mangosteens",2021,628
Cook Islands,"Meat of cattle with the bone, fresh or chilled (indigenous)",2019,38
Cook Islands,"Meat of cattle with the bone, fresh or chilled (indigenous)",2020,38
Cook Islands,"Meat of cattle with the bone, fresh or chilled (indigenous)",2021,42
Cook Islands,"Meat of chickens, fresh or chilled (indigenous)",2019,332
Cook Islands,"Meat of chickens, fresh or chilled (indigenous)",2020,317
Cook Islands,"Meat of chickens, fresh or chilled (indigenous)",2021,331
Cook Islands,"Meat of goat, fresh or chilled (indigenous)",2019,43
Cook Islands,"Meat of goat, fresh or chilled (indigenous)",2020,38
Cook Islands,"Meat of goat, fresh or chilled (indigenous)",2021,40
Cook Islands,"Meat of pig with the bone, fresh or chilled (indigenous)",2019,5268
Cook Islands,"Meat of pig with the bone, fresh or chilled (indigenous)",2020,4878
Cook Islands,"Meat of pig with the bone, fresh or chilled (indigenous)",2021,4591
Cook Islands,Natural honey,2019,23
Cook Islands,Natural honey,2020,23
Cook Islands,Natural honey,2021,23
Cook Islands,Oranges,2019,22
Cook Islands,Oranges,2020,21
Cook Islands,Oranges,2021,21
Cook Islands,Papayas,2019,702
Cook Islands,Papayas,2020,721
Cook Islands,Papayas,2021,720
Cook Islands,Pineapples,2019,64
Cook Islands,Pineapples,2020,65
Cook Islands,Pineapples,2021,65
Cook Islands,Pomelos and grapefruits,2019,16
Cook Islands,Pomelos and grapefruits,2020,16
Cook Islands,Pomelos and grapefruits,2021,16
Cook Islands,Sweet potatoes,2019,1076
Cook Islands,Sweet potatoes,2020,1060
Cook Islands,Sweet potatoes,2021,1061
Cook Islands,Tomatoes,2019,1040
Cook Islands,Tomatoes,2020,1039
Cook Islands,Tomatoes,2021,1040
Cook Islands,"Vanilla, raw",2019,1
Cook Islands,"Vanilla, raw",2020,1
Cook Islands,"Vanilla, raw",2021,1
Cook Islands,Watermelons,2019,175
Cook Islands,Watermelons,2020,172
Cook Islands,Watermelons,2021,179
Costa Rica,"Abaca, manila hemp, raw",2019,407
Costa Rica,"Abaca, manila hemp, raw",2020,408
Costa Rica,"Abaca, manila hemp, raw",2021,408
Costa Rica,Avocados,2019,35070
Costa Rica,Avocados,2020,26849
Costa Rica,Avocados,2021,26264
Costa Rica,Bananas,2019,976642
Costa Rica,Bananas,2020,1138924
Costa Rica,Bananas,2021,1115984
Costa Rica,"Beans, dry",2019,12840
Costa Rica,"Beans, dry",2020,8293
Costa Rica,"Beans, dry",2021,19625
Costa Rica,Cabbages,2019,3454
Costa Rica,Cabbages,2020,4538
Costa Rica,Cabbages,2021,4357
Costa Rica,Cantaloupes and other melons,2019,51012
Costa Rica,Cantaloupes and other melons,2020,46852
Costa Rica,Cantaloupes and other melons,2021,31828
Costa Rica,Carrots and turnips,2019,8702
Costa Rica,Carrots and turnips,2020,9084
Costa Rica,Carrots and turnips,2021,7378
Costa Rica,"Cassava, fresh",2019,23742
Costa Rica,"Cassava, fresh",2020,23251
Costa Rica,"Cassava, fresh",2021,23475
Costa Rica,Cauliflowers and broccoli,2019,264
Costa Rica,Cauliflowers and broccoli,2020,260
Costa Rica,Cauliflowers and broccoli,2021,260
Costa Rica,"Chillies and peppers, green (Capsicum spp. and Pimenta spp.)",2019,114
Costa Rica,"Chillies and peppers, green (Capsicum spp. and Pimenta spp.)",2020,112
Costa Rica,"Chillies and peppers, green (Capsicum spp. and Pimenta spp.)",2021,113
Costa Rica,Cocoa beans,2019,485
Costa Rica,Cocoa beans,2020,485
Costa Rica,Cocoa beans,2021,424
Costa Rica,"Coconuts, in shell",2019,1740
Costa Rica,"Coconuts, in shell",2020,1740
Costa Rica,"Coconuts, in shell",2021,1740
Costa Rica,"Coffee, green",2019,233338
Costa Rica,"Coffee, green",2020,265126
Costa Rica,"Coffee, green",2021,291186
Costa Rica,Cucumbers and gherkins,2019,690
Costa Rica,Cucumbers and gherkins,2020,697
Costa Rica,Cucumbers and gherkins,2021,690
Costa Rica,"Edible roots and tubers with high starch or inulin content, n.e.c., fresh",2019,11271
Costa Rica,"Edible roots and tubers with high starch or inulin content, n.e.c., fresh",2020,10903
Costa Rica,"Edible roots and tubers with high starch or inulin content, n.e.c., fresh",2021,9048
Costa Rica,"Ginger, raw",2019,1958
Costa Rica,"Ginger, raw",2020,3087
Costa Rica,"Ginger, raw",2021,2878
Costa Rica,"Groundnuts, excluding shelled",2019,82
Costa Rica,"Groundnuts, excluding shelled",2020,82
Costa Rica,"Groundnuts, excluding shelled",2021,83
Costa Rica,"Hen eggs in shell, fresh",2019,4514
Costa Rica,"Hen eggs in shell, fresh",2020,4974
Costa Rica,"Hen eggs in shell, fresh",2021,5415
Costa Rica,Lemons and limes,2019,1757
Costa Rica,Lemons and limes,2020,1778
Costa Rica,Lemons and limes,2021,1756
Costa Rica,Lettuce and chicory,2019,149
Costa Rica,Lettuce and chicory,2020,148
Costa Rica,Lettuce and chicory,2021,149
Costa Rica,Maize (corn),2019,7149
Costa Rica,Maize (corn),2020,7619
Costa Rica,Maize (corn),2021,3238
Costa Rica,"Mangoes, guavas and mangosteens",2019,43394
Costa Rica,"Mangoes, guavas and mangosteens",2020,35018
Costa Rica,"Mangoes, guavas and mangosteens",2021,35690
Costa Rica,"Meat of cattle with the bone, fresh or chilled (indigenous)",2019,215159
Costa Rica,"Meat of cattle with the bone, fresh or chilled (indigenous)",2020,215521
Costa Rica,"Meat of cattle with the bone, fresh or chilled (indigenous)",2021,214287
Costa Rica,"Meat of chickens, fresh or chilled (indigenous)",2019,41566
Costa Rica,"Meat of chickens, fresh or chilled (indigenous)",2020,39416
Costa Rica,"Meat of chickens, fresh or chilled (indigenous)",2021,42373
Costa Rica,"Meat of goat, fresh or chilled (indigenous)",2019,93
Costa Rica,"Meat of goat, fresh or chilled (indigenous)",2020,92
Costa Rica,"Meat of goat, fresh or chilled (indigenous)",2021,98
Costa Rica,"Meat of pig with the bone, fresh or chilled (indigenous)",2019,20389
Costa Rica,"Meat of pig with the bone, fresh or chilled (indigenous)",2020,21186
Costa Rica,"Meat of pig with the bone, fresh or chilled (indigenous)",2021,20770
Costa Rica,"Meat of sheep, fresh or chilled (indigenous)",2019,6
Costa Rica,"Meat of sheep, fresh or chilled (indigenous)",2020,6
Costa Rica,"Meat of sheep, fresh or chilled (indigenous)",2021,6
Costa Rica,Natural honey,2019,349
Costa Rica,Natural honey,2020,314
Costa Rica,Natural honey,2021,289
Costa Rica,Oil palm fruit,2019,153495
Costa Rica,Oil palm fruit,2020,161595
Costa Rica,Oil palm fruit,2021,164873
Costa Rica,"Onions and shallots, dry (excluding dehydrated)",2019,23502
Costa Rica,"Onions and shallots, dry (excluding dehydrated)",2020,30914
Costa Rica,"Onions and shallots, dry (excluding dehydrated)",2021,35412
Costa Rica,Oranges,2019,7774
Costa Rica,Oranges,2020,12093
Costa Rica,Oranges,2021,8210
Costa Rica,"Other fruits, n.e.c.",2019,203521
Costa Rica,"Other fruits, n.e.c.",2020,207207
Costa Rica,"Other fruits, n.e.c.",2021,207051
Costa Rica,"Other nuts (excluding wild edible nuts and groundnuts), in shell, n.e.c.",2019,29
Costa Rica,"Other nuts (excluding wild edible nuts and groundnuts), in shell, n.e.c.",2020,29
Costa Rica,"Other nuts (excluding wild edible nuts and groundnuts), in shell, n.e.c.",2021,29
Costa Rica,"Other vegetables, fresh n.e.c.",2019,42109
Costa Rica,"Other vegetables, fresh n.e.c.",2020,42546
Costa Rica,"Other vegetables, fresh n.e.c.",2021,43538
Costa Rica,Papayas,2019,9758
Costa Rica,Papayas,2020,16814
Costa Rica,Papayas,2021,17170
Costa Rica,"Pepper (Piper spp.), raw",2019,3265
Costa Rica,"Pepper (Piper spp.), raw",2020,3551
Costa Rica,"Pepper (Piper spp.), raw",2021,3545
Costa Rica,Pineapples,2019,1860991
Costa Rica,Pineapples,2020,1758355
Costa Rica,Pineapples,2021,1951044
Costa Rica,Plantains and cooking bananas,2019,8296
Costa Rica,Plantains and cooking bananas,2020,10423
Costa Rica,Plantains and cooking bananas,2021,8792
Costa Rica,Pomelos and grapefruits,2019,422
Costa Rica,Pomelos and grapefruits,2020,426
Costa Rica,Pomelos and grapefruits,2021,434
Costa Rica,Potatoes,2019,44999
Costa Rica,Potatoes,2020,40564
Costa Rica,Potatoes,2021,71053
Costa Rica,Raw milk of cattle,2019,561789
Costa Rica,Raw milk of cattle,2020,560231
Costa Rica,Raw milk of cattle,2021,560698
Costa Rica,Raw milk of goats,2019,12941
Costa Rica,Raw milk of goats,2020,13743
Costa Rica,Raw milk of goats,2021,13808
Costa Rica,Rice,2019,85908
Costa Rica,Rice,2020,75232
Costa Rica,Rice,2021,82626
Costa Rica,"Seed cotton, unginned",2019,243
Costa Rica,"Seed cotton, unginned",2020,248
Costa Rica,"Seed cotton, unginned",2021,246
Costa Rica,Sesame seed,2019,40
Costa Rica,Sesame seed,2020,41
Costa Rica,Sesame seed,2021,41
Costa Rica,Strawberries,2019,9797
Costa Rica,Strawberries,2020,10274
Costa Rica,Strawberries,2021,9836
Costa Rica,Sugar cane,2019,154071
Costa Rica,Sugar cane,2020,161165
Costa Rica,Sugar cane,2021,153497
Costa Rica,Sweet potatoes,2019,543
Costa Rica,Sweet potatoes,2020,747
Costa Rica,Sweet potatoes,2021,1222
Costa Rica,Tomatoes,2019,46869
Costa Rica,Tomatoes,2020,54212
Costa Rica,Tomatoes,2021,59585
Costa Rica,Unmanufactured tobacco,2019,68
Costa Rica,Unmanufactured tobacco,2020,92
Costa Rica,Unmanufactured tobacco,2021,78
Costa Rica,Watermelons,2019,35386
Costa Rica,Watermelons,2020,22733
Costa Rica,Watermelons,2021,21750
Costa Rica,Yams,2019,15786
Costa Rica,Yams,2020,8615
Costa Rica,Yams,2021,4821
Cote d'Ivoire,"Almonds, in shell",2019,1804
Cote d'Ivoire,"Almonds, in shell",2020,1840
Cote d'Ivoire,"Almonds, in shell",2021,1838
Cote d'Ivoire,Avocados,2019,8365
Cote d'Ivoire,Avocados,2020,8207
Cote d'Ivoire,Avocados,2021,8259
Cote d'Ivoire,Bananas,2019,256431
Cote d'Ivoire,Bananas,2020,321299
Cote d'Ivoire,Bananas,2021,275382
Cote d'Ivoire,"Cashew nuts, in shell",2019,183152
Cote d'Ivoire,"Cashew nuts, in shell",2020,244932
Cote d'Ivoire,"Cashew nuts, in shell",2021,279557
Cote d'Ivoire,"Cassava, fresh",2019,1398556
Cote d'Ivoire,"Cassava, fresh",2020,1533322
Cote d'Ivoire,"Cassava, fresh",2021,1499714
Cote d'Ivoire,"Chillies and peppers, dry (Capsicum spp., Pimenta spp.), raw",2019,372705
Cote d'Ivoire,"Chillies and peppers, dry (Capsicum spp., Pimenta spp.), raw",2020,379158
Cote d'Ivoire,"Chillies and peppers, dry (Capsicum spp., Pimenta spp.), raw",2021,379188
Cote d'Ivoire,"Chillies and peppers, green (Capsicum spp. and Pimenta spp.)",2019,16777
Cote d'Ivoire,"Chillies and peppers, green (Capsicum spp. and Pimenta spp.)",2020,16759
Cote d'Ivoire,"Chillies and peppers, green (Capsicum spp. and Pimenta spp.)",2021,16824
Cote d'Ivoire,Cocoa beans,2019,3227766
Cote d'Ivoire,Cocoa beans,2020,3177158
Cote d'Ivoire,Cocoa beans,2021,3218258
Cote d'Ivoire,"Coconuts, in shell",2019,54411
Cote d'Ivoire,"Coconuts, in shell",2020,53903
Cote d'Ivoire,"Coconuts, in shell",2021,53903
Cote d'Ivoire,"Coffee, green",2019,91686
Cote d'Ivoire,"Coffee, green",2020,79322
Cote d'Ivoire,"Coffee, green",2021,59046
Cote d'Ivoire,Cucumbers and gherkins,2019,6893
Cote d'Ivoire,Cucumbers and gherkins,2020,6921
Cote d'Ivoire,Cucumbers and gherkins,2021,6922
Cote d'Ivoire,"Edible roots and tubers with high starch or inulin content, n.e.c., fresh",2019,5750
Cote d'Ivoire,"Edible roots and tubers with high starch or inulin content, n.e.c., fresh",2020,5810
Cote d'Ivoire,"Edible roots and tubers with high starch or inulin content, n.e.c., fresh",2021,5751
Cote d'Ivoire,Eggplants (aubergines),2019,31013
Cote d'Ivoire,Eggplants (aubergines),2020,31881
Cote d'Ivoire,Eggplants (aubergines),2021,31430
Cote d'Ivoire,Fonio,2019,13011
Cote d'Ivoire,Fonio,2020,13157
Cote d'Ivoire,Fonio,2021,14683
Cote d'Ivoire,"Game meat, fresh, chilled or frozen",2019,390144
Cote d'Ivoire,"Game meat, fresh, chilled or frozen",2020,394234
Cote d'Ivoire,"Game meat, fresh, chilled or frozen",2021,401893
Cote d'Ivoire,"Ginger, raw",2019,1828
Cote d'Ivoire,"Ginger, raw",2020,1830
Cote d'Ivoire,"Ginger, raw",2021,1845
Cote d'Ivoire,Green corn (maize),2019,24496
Cote d'Ivoire,Green corn (maize),2020,24324
Cote d'Ivoire,Green corn (maize),2021,24420
Cote d'Ivoire,"Groundnuts, excluding shelled",2019,110592
Cote d'Ivoire,"Groundnuts, excluding shelled",2020,115660
Cote d'Ivoire,"Groundnuts, excluding shelled",2021,118871
Cote d'Ivoire,"Hen eggs in shell, fresh",2019,160969
Cote d'Ivoire,"Hen eggs in shell, fresh",2020,183071
Cote d'Ivoire,"Hen eggs in shell, fresh",2021,159271
Cote d'Ivoire,Karite nuts (sheanuts),2019,3533
Cote d'Ivoire,Karite nuts (sheanuts),2020,3557
Cote d'Ivoire,Karite nuts (sheanuts),2021,3560
Cote d'Ivoire,Kola nuts,2019,47438
Cote d'Ivoire,Kola nuts,2020,47371
Cote d'Ivoire,Kola nuts,2021,47324
Cote d'Ivoire,Maize (corn),2019,434553
Cote d'Ivoire,Maize (corn),2020,463439
Cote d'Ivoire,Maize (corn),2021,449186
Cote d'Ivoire,"Mangoes, guavas and mangosteens",2019,60518
Cote d'Ivoire,"Mangoes, guavas and mangosteens",2020,72622
Cote d'Ivoire,"Mangoes, guavas and mangosteens",2021,72622
Cote d'Ivoire,"Meat of cattle with the bone, fresh or chilled (indigenous)",2019,23078
Cote d'Ivoire,"Meat of cattle with the bone, fresh or chilled (indigenous)",2020,23457
Cote d'Ivoire,"Meat of cattle with the bone, fresh or chilled (indigenous)",2021,23701
Cote d'Ivoire,"Meat of chickens, fresh or chilled (indigenous)",2019,304023
Cote d'Ivoire,"Meat of chickens, fresh or chilled (indigenous)",2020,311540
Cote d'Ivoire,"Meat of chickens, fresh or chilled (indigenous)",2021,365651
Cote d'Ivoire,"Meat of goat, fresh or chilled (indigenous)",2019,49795
Cote d'Ivoire,"Meat of goat, fresh or chilled (indigenous)",2020,55354
Cote d'Ivoire,"Meat of goat, fresh or chilled (indigenous)",2021,60905
Cote d'Ivoire,"Meat of pig with the bone, fresh or chilled (indigenous)",2019,22778
Cote d'Ivoire,"Meat of pig with the bone, fresh or chilled (indigenous)",2020,20290
Cote d'Ivoire,"Meat of pig with the bone, fresh or chilled (indigenous)",2021,20782
Cote d'Ivoire,"Meat of sheep, fresh or chilled (indigenous)",2019,103282
Cote d'Ivoire,"Meat of sheep, fresh or chilled (indigenous)",2020,108396
Cote d'Ivoire,"Meat of sheep, fresh or chilled (indigenous)",2021,111967
Cote d'Ivoire,Millet,2019,28623
Cote d'Ivoire,Millet,2020,30013
Cote d'Ivoire,Millet,2021,29139
Cote d'Ivoire,Natural rubber in primary forms,2019,1264437
Cote d'Ivoire,Natural rubber in primary forms,2020,1517324
Cote d'Ivoire,Natural rubber in primary forms,2021,1783690
Cote d'Ivoire,Oil palm fruit,2019,298434
Cote d'Ivoire,Oil palm fruit,2020,281631
Cote d'Ivoire,Oil palm fruit,2021,331545
Cote d'Ivoire,Okra,2019,94237
Cote d'Ivoire,Okra,2020,98082
Cote d'Ivoire,Okra,2021,96719
Cote d'Ivoire,"Onions and shallots, green",2019,2695
Cote d'Ivoire,"Onions and shallots, green",2020,2780
Cote d'Ivoire,"Onions and shallots, green",2021,2752
Cote d'Ivoire,Oranges,2019,1785
Cote d'Ivoire,Oranges,2020,1817
Cote d'Ivoire,Oranges,2021,1786
Cote d'Ivoire,"Other beans, green",2019,3820
Cote d'Ivoire,"Other beans, green",2020,3859
Cote d'Ivoire,"Other beans, green",2021,3870
Cote d'Ivoire,"Other citrus fruit, n.e.c.",2019,40425
Cote d'Ivoire,"Other citrus fruit, n.e.c.",2020,41076
Cote d'Ivoire,"Other citrus fruit, n.e.c.",2021,40430
Cote d'Ivoire,"Other fruits, n.e.c.",2019,12925
Cote d'Ivoire,"Other fruits, n.e.c.",2020,13340
Cote d'Ivoire,"Other fruits, n.e.c.",2021,13212
Cote d'Ivoire,"Other nuts (excluding wild edible nuts and groundnuts), in shell, n.e.c.",2019,562
Cote d'Ivoire,"Other nuts (excluding wild edible nuts and groundnuts), in shell, n.e.c.",2020,571
Cote d'Ivoire,"Other nuts (excluding wild edible nuts and groundnuts), in shell, n.e.c.",2021,563
Cote d'Ivoire,"Other oil seeds, n.e.c.",2019,8845
Cote d'Ivoire,"Other oil seeds, n.e.c.",2020,8934
Cote d'Ivoire,"Other oil seeds, n.e.c.",2021,8844
Cote d'Ivoire,Other pulses n.e.c.,2019,5669
Cote d'Ivoire,Other pulses n.e.c.,2020,5710
Cote d'Ivoire,Other pulses n.e.c.,2021,5672
Cote d'Ivoire,"Other stimulant, spice and aromatic crops, n.e.c.",2019,596
Cote d'Ivoire,"Other stimulant, spice and aromatic crops, n.e.c.",2020,595
Cote d'Ivoire,"Other stimulant, spice and aromatic crops, n.e.c.",2021,594
Cote d'Ivoire,"Other tropical fruits, n.e.c.",2019,37665
Cote d'Ivoire,"Other tropical fruits, n.e.c.",2020,37942
Cote d'Ivoire,"Other tropical fruits, n.e.c.",2021,38373
Cote d'Ivoire,"Other vegetables, fresh n.e.c.",2019,45277
Cote d'Ivoire,"Other vegetables, fresh n.e.c.",2020,45739
Cote d'Ivoire,"Other vegetables, fresh n.e.c.",2021,46294
Cote d'Ivoire,Papayas,2019,5892
Cote d'Ivoire,Papayas,2020,5971
Cote d'Ivoire,Papayas,2021,5889
Cote d'Ivoire,"Pepper (Piper spp.), raw",2019,6691
Cote d'Ivoire,"Pepper (Piper spp.), raw",2020,6810
Cote d'Ivoire,"Pepper (Piper spp.), raw",2021,6786
Cote d'Ivoire,Pineapples,2019,22569
Cote d'Ivoire,Pineapples,2020,13790
Cote d'Ivoire,Pineapples,2021,19442
Cote d'Ivoire,Plantains and cooking bananas,2019,576087
Cote d'Ivoire,Plantains and cooking bananas,2020,591079
Cote d'Ivoire,Plantains and cooking bananas,2021,576259
Cote d'Ivoire,Pomelos and grapefruits,2019,6475
Cote d'Ivoire,Pomelos and grapefruits,2020,6353
Cote d'Ivoire,Pomelos and grapefruits,2021,6394
Cote d'Ivoire,"Pumpkins, squash and gourds",2019,7693
Cote d'Ivoire,"Pumpkins, squash and gourds",2020,7716
Cote d'Ivoire,"Pumpkins, squash and gourds",2021,7751
Cote d'Ivoire,Raw milk of cattle,2019,3211
Cote d'Ivoire,Raw milk of cattle,2020,3263
Cote d'Ivoire,Raw milk of cattle,2021,3366
Cote d'Ivoire,Rice,2019,1002820
Cote d'Ivoire,Rice,2020,788425
Cote d'Ivoire,Rice,2021,883077
Cote d'Ivoire,"Seed cotton, unginned",2019,221116
Cote d'Ivoire,"Seed cotton, unginned",2020,231234
Cote d'Ivoire,"Seed cotton, unginned",2021,263785
Cote d'Ivoire,Sesame seed,2019,536
Cote d'Ivoire,Sesame seed,2020,538
Cote d'Ivoire,Sesame seed,2021,548
Cote d'Ivoire,Sorghum,2019,38641
Cote d'Ivoire,Sorghum,2020,40940
Cote d'Ivoire,Sorghum,2021,39789
Cote d'Ivoire,Soya beans,2019,185
Cote d'Ivoire,Soya beans,2020,173
Cote d'Ivoire,Soya beans,2021,178
Cote d'Ivoire,Sugar cane,2019,99206
Cote d'Ivoire,Sugar cane,2020,93065
Cote d'Ivoire,Sugar cane,2021,100587
Cote d'Ivoire,Sweet potatoes,2019,10866
Cote d'Ivoire,Sweet potatoes,2020,11007
Cote d'Ivoire,Sweet potatoes,2021,10830
Cote d'Ivoire,Taro,2019,23537
Cote d'Ivoire,Taro,2020,23887
Cote d'Ivoire,Taro,2021,23505
Cote d'Ivoire,Tomatoes,2019,22094
Cote d'Ivoire,Tomatoes,2020,23010
Cote d'Ivoire,Tomatoes,2021,22691
Cote d'Ivoire,Unmanufactured tobacco,2019,3980
Cote d'Ivoire,Unmanufactured tobacco,2020,4046
Cote d'Ivoire,Unmanufactured tobacco,2021,3974
Cote d'Ivoire,Yams,2019,2767937
Cote d'Ivoire,Yams,2020,2843781
Cote d'Ivoire,Yams,2021,2819702
Dominican Republic,Avocados,2019,249282
Dominican Republic,Avocados,2020,232218
Dominican Republic,Avocados,2021,237567
Dominican Republic,Bananas,2019,155476
Dominican Republic,Bananas,2020,158586
Dominican Republic,Bananas,2021,162363
Dominican Republic,"Beans, dry",2019,62007
Dominican Republic,"Beans, dry",2020,54239
Dominican Republic,"Beans, dry",2021,56571
Dominican Republic,Beeswax,2019,528
Dominican Republic,Beeswax,2020,535
Dominican Republic,Beeswax,2021,539
Dominican Republic,"Broad beans and horse beans, dry",2019,9651
Dominican Republic,"Broad beans and horse beans, dry",2020,9497
Dominican Republic,"Broad beans and horse beans, dry",2021,9628
Dominican Republic,Cabbages,2019,9904
Dominican Republic,Cabbages,2020,9834
Dominican Republic,Cabbages,2021,9628
Dominican Republic,Cantaloupes and other melons,2019,16397
Dominican Republic,Cantaloupes and other melons,2020,10165
Dominican Republic,Cantaloupes and other melons,2021,10397
Dominican Republic,Carrots and turnips,2019,16304
Dominican Republic,Carrots and turnips,2020,15994
Dominican Republic,Carrots and turnips,2021,16640
Dominican Republic,"Cashew nuts, in shell",2019,606
Dominican Republic,"Cashew nuts, in shell",2020,601
Dominican Republic,"Cashew nuts, in shell",2021,618
Dominican Republic,"Cassava, fresh",2019,60332
Dominican Republic,"Cassava, fresh",2020,57597
Dominican Republic,"Cassava, fresh",2021,57705
Dominican Republic,"Chillies and peppers, green (Capsicum spp. and Pimenta spp.)",2019,48391
Dominican Republic,"Chillies and peppers, green (Capsicum spp. and Pimenta spp.)",2020,48121
Dominican Republic,"Chillies and peppers, green (Capsicum spp. and Pimenta spp.)",2021,47819
Dominican Republic,Cocoa beans,2019,200569
Dominican Republic,Cocoa beans,2020,204702
Dominican Republic,Cocoa beans,2021,186123
Dominican Republic,"Coconuts, in shell",2019,170101
Dominican Republic,"Coconuts, in shell",2020,171040
Dominican Republic,"Coconuts, in shell",2021,175043
Dominican Republic,"Coffee, green",2019,38750
Dominican Republic,"Coffee, green",2020,42961
Dominican Republic,"Coffee, green",2021,46251
Dominican Republic,Cucumbers and gherkins,2019,3939
Dominican Republic,Cucumbers and gherkins,2020,3240
Dominican Republic,Cucumbers and gherkins,2021,3199
Dominican Republic,Eggplants (aubergines),2019,11330
Dominican Republic,Eggplants (aubergines),2020,10076
Dominican Republic,Eggplants (aubergines),2021,10017
Dominican Republic,"Ginger, raw",2019,1092
Dominican Republic,"Ginger, raw",2020,1516
Dominican Republic,"Ginger, raw",2021,1856
Dominican Republic,Green garlic,2019,5437
Dominican Republic,Green garlic,2020,5918
Dominican Republic,Green garlic,2021,4676
Dominican Republic,"Groundnuts, excluding shelled",2019,7770
Dominican Republic,"Groundnuts, excluding shelled",2020,6504
Dominican Republic,"Groundnuts, excluding shelled",2021,6619
Dominican Republic,"Hen eggs in shell, fresh",2019,231991
Dominican Republic,"Hen eggs in shell, fresh",2020,256966
Dominican Republic,"Hen eggs in shell, fresh",2021,262903
Dominican Republic,Lemons and limes,2019,3940
Dominican Republic,Lemons and limes,2020,4619
Dominican Republic,Lemons and limes,2021,4895
Dominican Republic,Lettuce and chicory,2019,7405
Dominican Republic,Lettuce and chicory,2020,7351
Dominican Republic,Lettuce and chicory,2021,7241
Dominican Republic,Maize (corn),2019,19771
Dominican Republic,Maize (corn),2020,20283
Dominican Republic,Maize (corn),2021,21709
Dominican Republic,"Mangoes, guavas and mangosteens",2019,15362
Dominican Republic,"Mangoes, guavas and mangosteens",2020,18542
Dominican Republic,"Mangoes, guavas and mangosteens",2021,18923
Dominican Republic,"Meat of cattle with the bone, fresh or chilled (indigenous)",2019,132699
Dominican Republic,"Meat of cattle with the bone, fresh or chilled (indigenous)",2020,137047
Dominican Republic,"Meat of cattle with the bone, fresh or chilled (indigenous)",2021,128613
Dominican Republic,"Meat of chickens, fresh or chilled (indigenous)",2019,536430
Dominican Republic,"Meat of chickens, fresh or chilled (indigenous)",2020,438833
Dominican Republic,"Meat of chickens, fresh or chilled (indigenous)",2021,519889
Dominican Republic,"Meat of goat, fresh or chilled (indigenous)",2019,2893
Dominican Republic,"Meat of goat, fresh or chilled (indigenous)",2020,2695
Dominican Republic,"Meat of goat, fresh or chilled (indigenous)",2021,2447
Dominican Republic,"Meat of pig with the bone, fresh or chilled (indigenous)",2019,155940
Dominican Republic,"Meat of pig with the bone, fresh or chilled (indigenous)",2020,157628
Dominican Republic,"Meat of pig with the bone, fresh or chilled (indigenous)",2021,196705
Dominican Republic,"Meat of sheep, fresh or chilled (indigenous)",2019,1586
Dominican Republic,"Meat of sheep, fresh or chilled (indigenous)",2020,1613
Dominican Republic,"Meat of sheep, fresh or chilled (indigenous)",2021,1656
Dominican Republic,Natural honey,2019,374
Dominican Republic,Natural honey,2020,375
Dominican Republic,Natural honey,2021,380
Dominican Republic,Natural rubber in primary forms,2019,54
Dominican Republic,Natural rubber in primary forms,2020,53
Dominican Republic,Natural rubber in primary forms,2021,53
Dominican Republic,Oil palm fruit,2019,29716
Dominican Republic,Oil palm fruit,2020,31128
Dominican Republic,Oil palm fruit,2021,32587
Dominican Republic,"Onions and shallots, dry (excluding dehydrated)",2019,69264
Dominican Republic,"Onions and shallots, dry (excluding dehydrated)",2020,68868
Dominican Republic,"Onions and shallots, dry (excluding dehydrated)",2021,72494
Dominican Republic,Oranges,2019,28638
Dominican Republic,Oranges,2020,20697
Dominican Republic,Oranges,2021,20937
Dominican Republic,"Other stimulant, spice and aromatic crops, n.e.c.",2019,2474
Dominican Republic,"Other stimulant, spice and aromatic crops, n.e.c.",2020,1987
Dominican Republic,"Other stimulant, spice and aromatic crops, n.e.c.",2021,1996
Dominican Republic,"Other vegetables, fresh n.e.c.",2019,5416
Dominican Republic,"Other vegetables, fresh n.e.c.",2020,7396
Dominican Republic,"Other vegetables, fresh n.e.c.",2021,7252
Dominican Republic,Papayas,2019,228818
Dominican Republic,Papayas,2020,212877
Dominican Republic,Papayas,2021,224970
Dominican Republic,"Peas, dry",2019,321
Dominican Republic,"Peas, dry",2020,323
Dominican Republic,"Peas, dry",2021,329
Dominican Republic,"Pigeon peas, dry",2019,13402
Dominican Republic,"Pigeon peas, dry",2020,11773
Dominican Republic,"Pigeon peas, dry",2021,11690
Dominican Republic,Pineapples,2019,127406
Dominican Republic,Pineapples,2020,118445
Dominican Republic,Pineapples,2021,122488
Dominican Republic,Plantains and cooking bananas,2019,330117
Dominican Republic,Plantains and cooking bananas,2020,371132
Dominican Republic,Plantains and cooking bananas,2021,345550
Dominican Republic,Pomelos and grapefruits,2019,6650
Dominican Republic,Pomelos and grapefruits,2020,3010
Dominican Republic,Pomelos and grapefruits,2021,2619
Dominican Republic,Potatoes,2019,42139
Dominican Republic,Potatoes,2020,39929
Dominican Republic,Potatoes,2021,40681
Dominican Republic,"Pumpkins, squash and gourds",2019,30770
Dominican Republic,"Pumpkins, squash and gourds",2020,27970
Dominican Republic,"Pumpkins, squash and gourds",2021,28707
Dominican Republic,Raw milk of cattle,2019,394506
Dominican Republic,Raw milk of cattle,2020,383757
Dominican Republic,Raw milk of cattle,2021,370858
Dominican Republic,Rice,2019,335774
Dominican Republic,Rice,2020,341358
Dominican Republic,Rice,2021,367520
Dominican Republic,"Sisal, raw",2019,13
Dominican Republic,"Sisal, raw",2020,12
Dominican Republic,"Sisal, raw",2021,13
Dominican Republic,Sorghum,2019,194
Dominican Republic,Sorghum,2020,99
Dominican Republic,Sorghum,2021,89
Dominican Republic,Sugar cane,2019,142712
Dominican Republic,Sugar cane,2020,154995
Dominican Republic,Sugar cane,2021,160482
Dominican Republic,Sweet potatoes,2019,15162
Dominican Republic,Sweet potatoes,2020,15794
Dominican Republic,Sweet potatoes,2021,16088
Dominican Republic,Tomatoes,2019,114118
Dominican Republic,Tomatoes,2020,115449
Dominican Republic,Tomatoes,2021,112619
Dominican Republic,Unmanufactured tobacco,2019,14098
Dominican Republic,Unmanufactured tobacco,2020,33650
Dominican Republic,Unmanufactured tobacco,2021,25141
Dominican Republic,Yams,2019,21271
Dominican Republic,Yams,2020,19870
Dominican Republic,Yams,2021,20692
Dominican Republic,Yautia,2019,27220
Dominican Republic,Yautia,2020,32510
Dominican Republic,Yautia,2021,32431
Ecuador,"Abaca, manila hemp, raw",2019,64450
Ecuador,"Abaca, manila hemp, raw",2020,63015
Ecuador,"Abaca, manila hemp, raw",2021,63112
Ecuador,"Anise, badian, coriander, cumin, caraway, fennel and juniper berries, raw",2019,41
Ecuador,"Anise, badian, coriander, cumin, caraway, fennel and juniper berries, raw",2020,40
Ecuador,"Anise, badian, coriander, cumin, caraway, fennel and juniper berries, raw",2021,41
Ecuador,Apples,2019,5657
Ecuador,Apples,2020,5571
Ecuador,Apples,2021,5592
Ecuador,Apricots,2019,167
Ecuador,Apricots,2020,168
Ecuador,Apricots,2021,168
Ecuador,Asparagus,2019,17397
Ecuador,Asparagus,2020,18690
Ecuador,Asparagus,2021,19849
Ecuador,Avocados,2019,24773
Ecuador,Avocados,2020,19093
Ecuador,Avocados,2021,39862
Ecuador,Bananas,2019,1566889
Ecuador,Bananas,2020,1433587
Ecuador,Bananas,2021,1598769
Ecuador,Barley,2019,6075
Ecuador,Barley,2020,6372
Ecuador,Barley,2021,6631
Ecuador,"Beans, dry",2019,18804
Ecuador,"Beans, dry",2020,15144
Ecuador,"Beans, dry",2021,22597
Ecuador,"Broad beans and horse beans, dry",2019,1137
Ecuador,"Broad beans and horse beans, dry",2020,725
Ecuador,"Broad beans and horse beans, dry",2021,2265
Ecuador,"Broad beans and horse beans, green",2019,5701
Ecuador,"Broad beans and horse beans, green",2020,6784
Ecuador,"Broad beans and horse beans, green",2021,5998
Ecuador,Cabbages,2019,1243
Ecuador,Cabbages,2020,1214
Ecuador,Cabbages,2021,1238
Ecuador,Cantaloupes and other melons,2019,7667
Ecuador,Cantaloupes and other melons,2020,7584
Ecuador,Cantaloupes and other melons,2021,7635
Ecuador,Carrots and turnips,2019,8422
Ecuador,Carrots and turnips,2020,8266
Ecuador,Carrots and turnips,2021,8317
Ecuador,"Cassava, fresh",2019,19380
Ecuador,"Cassava, fresh",2020,17829
Ecuador,"Cassava, fresh",2021,26688
Ecuador,Castor oil seeds,2019,1918
Ecuador,Castor oil seeds,2020,1918
Ecuador,Castor oil seeds,2021,1918
Ecuador,Cauliflowers and broccoli,2019,37682
Ecuador,Cauliflowers and broccoli,2020,40668
Ecuador,Cauliflowers and broccoli,2021,28810
Ecuador,"Chillies and peppers, green (Capsicum spp. and Pimenta spp.)",2019,3738
Ecuador,"Chillies and peppers, green (Capsicum spp. and Pimenta spp.)",2020,3707
Ecuador,"Chillies and peppers, green (Capsicum spp. and Pimenta spp.)",2021,3708
Ecuador,Cocoa beans,2019,670741
Ecuador,Cocoa beans,2020,775304
Ecuador,Cocoa beans,2021,714281
Ecuador,"Coconuts, in shell",2019,4116
Ecuador,"Coconuts, in shell",2020,4025
Ecuador,"Coconuts, in shell",2021,3994
Ecuador,"Coffee, green",2019,15012
Ecuador,"Coffee, green",2020,9737
Ecuador,"Coffee, green",2021,9067
Ecuador,Cucumbers and gherkins,2019,1233
Ecuador,Cucumbers and gherkins,2020,1203
Ecuador,Cucumbers and gherkins,2021,1206
Ecuador,"Edible roots and tubers with high starch or inulin content, n.e.c., fresh",2019,4202
Ecuador,"Edible roots and tubers with high starch or inulin content, n.e.c., fresh",2020,4236
Ecuador,"Edible roots and tubers with high starch or inulin content, n.e.c., fresh",2021,4196
Ecuador,Figs,2019,27
Ecuador,Figs,2020,27
Ecuador,Figs,2021,27
Ecuador,Grapes,2019,828
Ecuador,Grapes,2020,812
Ecuador,Grapes,2021,816
Ecuador,Green garlic,2019,3381
Ecuador,Green garlic,2020,3413
Ecuador,Green garlic,2021,3384
Ecuador,"Groundnuts, excluding shelled",2019,20259
Ecuador,"Groundnuts, excluding shelled",2020,13040
Ecuador,"Groundnuts, excluding shelled",2021,17284
Ecuador,"Hen eggs in shell, fresh",2019,259106
Ecuador,"Hen eggs in shell, fresh",2020,259106
Ecuador,"Hen eggs in shell, fresh",2021,259086
Ecuador,Lemons and limes,2019,12350
Ecuador,Lemons and limes,2020,17525
Ecuador,Lemons and limes,2021,14065
Ecuador,"Lentils, dry",2019,3691
Ecuador,"Lentils, dry",2020,3712
Ecuador,"Lentils, dry",2021,3702
Ecuador,Lettuce and chicory,2019,3120
Ecuador,Lettuce and chicory,2020,3147
Ecuador,Lettuce and chicory,2021,3133
Ecuador,Linseed,2019,30
Ecuador,Linseed,2020,31
Ecuador,Linseed,2021,31
Ecuador,Lupins,2019,388
Ecuador,Lupins,2020,388
Ecuador,Lupins,2021,386
Ecuador,Maize (corn),2019,529896
Ecuador,Maize (corn),2020,467270
Ecuador,Maize (corn),2021,608533
Ecuador,"Mangoes, guavas and mangosteens",2019,22691
Ecuador,"Mangoes, guavas and mangosteens",2020,17283
Ecuador,"Mangoes, guavas and mangosteens",2021,26685
Ecuador,"Meat of cattle with the bone, fresh or chilled (indigenous)",2019,268708
Ecuador,"Meat of cattle with the bone, fresh or chilled (indigenous)",2020,231131
Ecuador,"Meat of cattle with the bone, fresh or chilled (indigenous)",2021,186122
Ecuador,"Meat of chickens, fresh or chilled (indigenous)",2019,1417847
Ecuador,"Meat of chickens, fresh or chilled (indigenous)",2020,1268414
Ecuador,"Meat of chickens, fresh or chilled (indigenous)",2021,1374883
Ecuador,"Meat of ducks, fresh or chilled (indigenous)",2019,2254
Ecuador,"Meat of ducks, fresh or chilled (indigenous)",2020,1750
Ecuador,"Meat of ducks, fresh or chilled (indigenous)",2021,2116
Ecuador,"Meat of geese, fresh or chilled (indigenous)",2019,278
Ecuador,"Meat of geese, fresh or chilled (indigenous)",2020,284
Ecuador,"Meat of geese, fresh or chilled (indigenous)",2021,285
Ecuador,"Meat of goat, fresh or chilled (indigenous)",2019,723
Ecuador,"Meat of goat, fresh or chilled (indigenous)",2020,312
Ecuador,"Meat of goat, fresh or chilled (indigenous)",2021,1290
Ecuador,"Meat of pig with the bone, fresh or chilled (indigenous)",2019,325723
Ecuador,"Meat of pig with the bone, fresh or chilled (indigenous)",2020,301087
Ecuador,"Meat of pig with the bone, fresh or chilled (indigenous)",2021,303820
Ecuador,"Meat of rabbits and hares, fresh or chilled (indigenous)",2019,6162
Ecuador,"Meat of rabbits and hares, fresh or chilled (indigenous)",2020,6169
Ecuador,"Meat of rabbits and hares, fresh or chilled (indigenous)",2021,6249
Ecuador,"Meat of sheep, fresh or chilled (indigenous)",2019,34122
Ecuador,"Meat of sheep, fresh or chilled (indigenous)",2020,35849
Ecuador,"Meat of sheep, fresh or chilled (indigenous)",2021,37369
Ecuador,"Meat of turkeys, fresh or chilled (indigenous)",2019,6
Ecuador,"Meat of turkeys, fresh or chilled (indigenous)",2020,6
Ecuador,"Meat of turkeys, fresh or chilled (indigenous)",2021,1484
Ecuador,Natural honey,2019,1914
Ecuador,Natural honey,2020,1929
Ecuador,Natural honey,2021,1941
Ecuador,Natural rubber in primary forms,2019,15733
Ecuador,Natural rubber in primary forms,2020,15978
Ecuador,Natural rubber in primary forms,2021,15941
Ecuador,Oats,2019,237
Ecuador,Oats,2020,236
Ecuador,Oats,2021,237
Ecuador,Oil palm fruit,2019,293028
Ecuador,Oil palm fruit,2020,314963
Ecuador,Oil palm fruit,2021,311428
Ecuador,"Onions and shallots, dry (excluding dehydrated)",2019,19155
Ecuador,"Onions and shallots, dry (excluding dehydrated)",2020,10009
Ecuador,"Onions and shallots, dry (excluding dehydrated)",2021,5501
Ecuador,"Onions and shallots, green",2019,61306
Ecuador,"Onions and shallots, green",2020,61879
Ecuador,"Onions and shallots, green",2021,61990
Ecuador,Oranges,2019,36214
Ecuador,Oranges,2020,39592
Ecuador,Oranges,2021,31797
Ecuador,"Other beans, green",2019,7774
Ecuador,"Other beans, green",2020,7411
Ecuador,"Other beans, green",2021,10780
Ecuador,Other berries and fruits of the genus vaccinium n.e.c.,2019,11204
Ecuador,Other berries and fruits of the genus vaccinium n.e.c.,2020,11252
Ecuador,Other berries and fruits of the genus vaccinium n.e.c.,2021,11170
Ecuador,"Other citrus fruit, n.e.c.",2019,18537
Ecuador,"Other citrus fruit, n.e.c.",2020,18331
Ecuador,"Other citrus fruit, n.e.c.",2021,18455
Ecuador,"Other fruits, n.e.c.",2019,56258
Ecuador,"Other fruits, n.e.c.",2020,58565
Ecuador,"Other fruits, n.e.c.",2021,59278
Ecuador,"Other stimulant, spice and aromatic crops, n.e.c.",2019,3342
Ecuador,"Other stimulant, spice and aromatic crops, n.e.c.",2020,3266
Ecuador,"Other stimulant, spice and aromatic crops, n.e.c.",2021,3291
Ecuador,"Other tropical fruits, n.e.c.",2019,7304
Ecuador,"Other tropical fruits, n.e.c.",2020,12300
Ecuador,"Other tropical fruits, n.e.c.",2021,16575
Ecuador,"Other vegetables, fresh n.e.c.",2019,9729
Ecuador,"Other vegetables, fresh n.e.c.",2020,10153
Ecuador,"Other vegetables, fresh n.e.c.",2021,10474
Ecuador,Papayas,2019,12097
Ecuador,Papayas,2020,12242
Ecuador,Papayas,2021,12204
Ecuador,Peaches and nectarines,2019,2881
Ecuador,Peaches and nectarines,2020,2886
Ecuador,Peaches and nectarines,2021,2879
Ecuador,Pears,2019,3482
Ecuador,Pears,2020,3470
Ecuador,Pears,2021,3471
Ecuador,"Peas, dry",2019,477
Ecuador,"Peas, dry",2020,1010
Ecuador,"Peas, dry",2021,486
Ecuador,"Peas, green",2019,6696
Ecuador,"Peas, green",2020,11933
Ecuador,"Peas, green",2021,10224
Ecuador,"Pepper (Piper spp.), raw",2019,14067
Ecuador,"Pepper (Piper spp.), raw",2020,13863
Ecuador,"Pepper (Piper spp.), raw",2021,14101
Ecuador,Pineapples,2019,15942
Ecuador,Pineapples,2020,35792
Ecuador,Pineapples,2021,71082
Ecuador,Plantains and cooking bananas,2019,112125
Ecuador,Plantains and cooking bananas,2020,108063
Ecuador,Plantains and cooking bananas,2021,114221
Ecuador,Plums and sloes,2019,7865
Ecuador,Plums and sloes,2020,7868
Ecuador,Plums and sloes,2021,7899
Ecuador,Pomelos and grapefruits,2019,1077
Ecuador,Pomelos and grapefruits,2020,1088
Ecuador,Pomelos and grapefruits,2021,1093
Ecuador,Potatoes,2019,93515
Ecuador,Potatoes,2020,138674
Ecuador,Potatoes,2021,83123
Ecuador,"Pumpkins, squash and gourds",2019,974
Ecuador,"Pumpkins, squash and gourds",2020,955
Ecuador,"Pumpkins, squash and gourds",2021,971
Ecuador,"Pyrethrum, dried flowers",2019,382
Ecuador,"Pyrethrum, dried flowers",2020,386
Ecuador,"Pyrethrum, dried flowers",2021,398
Ecuador,Quinoa,2019,5996
Ecuador,Quinoa,2020,6526
Ecuador,Quinoa,2021,1972
Ecuador,Raw milk of cattle,2019,1181661
Ecuador,Raw milk of cattle,2020,1093533
Ecuador,Raw milk of cattle,2021,1013055
Ecuador,Raw milk of goats,2019,270
Ecuador,Raw milk of goats,2020,198
Ecuador,Raw milk of goats,2021,407
Ecuador,Raw milk of sheep,2019,1249
Ecuador,Raw milk of sheep,2020,1319
Ecuador,Raw milk of sheep,2021,1363
Ecuador,Rice,2019,326935
Ecuador,Rice,2020,397331
Ecuador,Rice,2021,447202
Ecuador,Rye,2019,29
Ecuador,Rye,2020,28
Ecuador,Rye,2021,29
Ecuador,"Seed cotton, unginned",2019,2936
Ecuador,"Seed cotton, unginned",2020,2995
Ecuador,"Seed cotton, unginned",2021,2975
Ecuador,Sesame seed,2019,14
Ecuador,Sesame seed,2020,14
Ecuador,Sesame seed,2021,14
Ecuador,Sorghum,2019,3178
Ecuador,Sorghum,2020,3239
Ecuador,Sorghum,2021,3169
Ecuador,Soya beans,2019,23317
Ecuador,Soya beans,2020,16073
Ecuador,Soya beans,2021,11847
Ecuador,Strawberries,2019,1867
Ecuador,Strawberries,2020,1843
Ecuador,Strawberries,2021,1837
Ecuador,Sugar beet,2019,129
Ecuador,Sugar beet,2020,130
Ecuador,Sugar beet,2021,131
Ecuador,Sugar cane,2019,259678
Ecuador,Sugar cane,2020,309003
Ecuador,Sugar cane,2021,318999
Ecuador,Sunflower seed,2019,92
Ecuador,Sunflower seed,2020,91
Ecuador,Sunflower seed,2021,91
Ecuador,Sweet potatoes,2019,1186
Ecuador,Sweet potatoes,2020,1158
Ecuador,Sweet potatoes,2021,1167
Ecuador,"Tangerines, mandarins, clementines",2019,9776
Ecuador,"Tangerines, mandarins, clementines",2020,9770
Ecuador,"Tangerines, mandarins, clementines",2021,9721
Ecuador,Tea leaves,2019,92622
Ecuador,Tea leaves,2020,94006
Ecuador,Tea leaves,2021,95669
Ecuador,Tomatoes,2019,15421
Ecuador,Tomatoes,2020,18764
Ecuador,Tomatoes,2021,26984
Ecuador,Unmanufactured tobacco,2019,9508
Ecuador,Unmanufactured tobacco,2020,9858
Ecuador,Unmanufactured tobacco,2021,22481
Ecuador,Watermelons,2019,32992
Ecuador,Watermelons,2020,33290
Ecuador,Watermelons,2021,33079
Ecuador,Wheat,2019,2245
Ecuador,Wheat,2020,6482
Ecuador,Wheat,2021,4823
"Egypt, Arab Rep.","Anise, badian, coriander, cumin, caraway, fennel and juniper berries, raw",2019,15145
"Egypt, Arab Rep.","Anise, badian, coriander, cumin, caraway, fennel and juniper berries, raw",2020,15342
"Egypt, Arab Rep.","Anise, badian, coriander, cumin, caraway, fennel and juniper berries, raw",2021,15138
"Egypt, Arab Rep.",Apples,2019,277229
"Egypt, Arab Rep.",Apples,2020,296898
"Egypt, Arab Rep.",Apples,2021,341231
"Egypt, Arab Rep.",Apricots,2019,37487
"Egypt, Arab Rep.",Apricots,2020,32415
"Egypt, Arab Rep.",Apricots,2021,32379
"Egypt, Arab Rep.",Artichokes,2019,77021
"Egypt, Arab Rep.",Artichokes,2020,77999
"Egypt, Arab Rep.",Artichokes,2021,125950
"Egypt, Arab Rep.",Bananas,2019,573344
"Egypt, Arab Rep.",Bananas,2020,580550
"Egypt, Arab Rep.",Bananas,2021,510793
"Egypt, Arab Rep.",Barley,2019,51455
"Egypt, Arab Rep.",Barley,2020,52445
"Egypt, Arab Rep.",Barley,2021,42154
"Egypt, Arab Rep.","Beans, dry",2019,99202
"Egypt, Arab Rep.","Beans, dry",2020,85250
"Egypt, Arab Rep.","Beans, dry",2021,115916
"Egypt, Arab Rep.",Beeswax,2019,359
"Egypt, Arab Rep.",Beeswax,2020,432
"Egypt, Arab Rep.",Beeswax,2021,365
"Egypt, Arab Rep.","Broad beans and horse beans, dry",2019,63487
"Egypt, Arab Rep.","Broad beans and horse beans, dry",2020,79160
"Egypt, Arab Rep.","Broad beans and horse beans, dry",2021,83643
"Egypt, Arab Rep.","Broad beans and horse beans, green",2019,28148
"Egypt, Arab Rep.","Broad beans and horse beans, green",2020,27745
"Egypt, Arab Rep.","Broad beans and horse beans, green",2021,21400
"Egypt, Arab Rep.",Cabbages,2019,50365
"Egypt, Arab Rep.",Cabbages,2020,44608
"Egypt, Arab Rep.",Cabbages,2021,45532
"Egypt, Arab Rep.",Cantaloupes and other melons,2019,14766
"Egypt, Arab Rep.",Cantaloupes and other melons,2020,16581
"Egypt, Arab Rep.",Cantaloupes and other melons,2021,66099
"Egypt, Arab Rep.",Carrots and turnips,2019,16300
"Egypt, Arab Rep.",Carrots and turnips,2020,16812
"Egypt, Arab Rep.",Carrots and turnips,2021,16779
"Egypt, Arab Rep.",Cauliflowers and broccoli,2019,9740
"Egypt, Arab Rep.",Cauliflowers and broccoli,2020,10602
"Egypt, Arab Rep.",Cauliflowers and broccoli,2021,10181
"Egypt, Arab Rep.","Chick peas, dry",2019,3726
"Egypt, Arab Rep.","Chick peas, dry",2020,4456
"Egypt, Arab Rep.","Chick peas, dry",2021,714
"Egypt, Arab Rep.","Chillies and peppers, dry (Capsicum spp., Pimenta spp.), raw",2019,24870
"Egypt, Arab Rep.","Chillies and peppers, dry (Capsicum spp., Pimenta spp.), raw",2020,25008
"Egypt, Arab Rep.","Chillies and peppers, dry (Capsicum spp., Pimenta spp.), raw",2021,25462
"Egypt, Arab Rep.","Chillies and peppers, green (Capsicum spp. and Pimenta spp.)",2019,205373
"Egypt, Arab Rep.","Chillies and peppers, green (Capsicum spp. and Pimenta spp.)",2020,186204
"Egypt, Arab Rep.","Chillies and peppers, green (Capsicum spp. and Pimenta spp.)",2021,155277
"Egypt, Arab Rep.","Cow peas, dry",2019,4270
"Egypt, Arab Rep.","Cow peas, dry",2020,4272
"Egypt, Arab Rep.","Cow peas, dry",2021,4286
"Egypt, Arab Rep.",Cucumbers and gherkins,2019,95850
"Egypt, Arab Rep.",Cucumbers and gherkins,2020,75084
"Egypt, Arab Rep.",Cucumbers and gherkins,2021,83236
"Egypt, Arab Rep.",Dates,2019,464759
"Egypt, Arab Rep.",Dates,2020,483694
"Egypt, Arab Rep.",Dates,2021,484376
"Egypt, Arab Rep.","Edible roots and tubers with high starch or inulin content, n.e.c., fresh",2019,2158
"Egypt, Arab Rep.","Edible roots and tubers with high starch or inulin content, n.e.c., fresh",2020,2183
"Egypt, Arab Rep.","Edible roots and tubers with high starch or inulin content, n.e.c., fresh",2021,2219
"Egypt, Arab Rep.",Eggplants (aubergines),2019,236541
"Egypt, Arab Rep.",Eggplants (aubergines),2020,224448
"Egypt, Arab Rep.",Eggplants (aubergines),2021,248415
"Egypt, Arab Rep.",Figs,2019,81167
"Egypt, Arab Rep.",Figs,2020,112813
"Egypt, Arab Rep.",Figs,2021,79656
"Egypt, Arab Rep.",Grapes,2019,636087
"Egypt, Arab Rep.",Grapes,2020,472068
"Egypt, Arab Rep.",Grapes,2021,587061
"Egypt, Arab Rep.",Green garlic,2019,91198
"Egypt, Arab Rep.",Green garlic,2020,94621
"Egypt, Arab Rep.",Green garlic,2021,111837
"Egypt, Arab Rep.","Groundnuts, excluding shelled",2019,239457
"Egypt, Arab Rep.","Groundnuts, excluding shelled",2020,264393
"Egypt, Arab Rep.","Groundnuts, excluding shelled",2021,303023
"Egypt, Arab Rep.","Hen eggs in shell, fresh",2019,1128995
"Egypt, Arab Rep.","Hen eggs in shell, fresh",2020,1258749
"Egypt, Arab Rep.","Hen eggs in shell, fresh",2021,1367769
"Egypt, Arab Rep.","Jute, raw or retted",2019,239
"Egypt, Arab Rep.","Jute, raw or retted",2020,239
"Egypt, Arab Rep.","Jute, raw or retted",2021,239
"Egypt, Arab Rep.",Lemons and limes,2019,113770
"Egypt, Arab Rep.",Lemons and limes,2020,136489
"Egypt, Arab Rep.",Lemons and limes,2021,133748
"Egypt, Arab Rep.","Lentils, dry",2019,1238
"Egypt, Arab Rep.","Lentils, dry",2020,1422
"Egypt, Arab Rep.","Lentils, dry",2021,510
"Egypt, Arab Rep.",Lettuce and chicory,2019,4395
"Egypt, Arab Rep.",Lettuce and chicory,2020,4339
"Egypt, Arab Rep.",Lettuce and chicory,2021,4033
"Egypt, Arab Rep.",Linseed,2019,13905
"Egypt, Arab Rep.",Linseed,2020,13905
"Egypt, Arab Rep.",Linseed,2021,3876
"Egypt, Arab Rep.",Lupins,2019,133
"Egypt, Arab Rep.",Lupins,2020,146
"Egypt, Arab Rep.",Lupins,2021,153
"Egypt, Arab Rep.",Maize (corn),2019,2318581
"Egypt, Arab Rep.",Maize (corn),2020,2318591
"Egypt, Arab Rep.",Maize (corn),2021,2453722
"Egypt, Arab Rep.","Mangoes, guavas and mangosteens",2019,659074
"Egypt, Arab Rep.","Mangoes, guavas and mangosteens",2020,728830
"Egypt, Arab Rep.","Mangoes, guavas and mangosteens",2021,530413
"Egypt, Arab Rep.","Meat of buffalo, fresh or chilled (indigenous)",2019,1274545
"Egypt, Arab Rep.","Meat of buffalo, fresh or chilled (indigenous)",2020,1074847
"Egypt, Arab Rep.","Meat of buffalo, fresh or chilled (indigenous)",2021,1192317
"Egypt, Arab Rep.","Meat of camels, fresh or chilled (indigenous)",2019,55088
"Egypt, Arab Rep.","Meat of camels, fresh or chilled (indigenous)",2020,30489
"Egypt, Arab Rep.","Meat of camels, fresh or chilled (indigenous)",2021,1
"Egypt, Arab Rep.","Meat of cattle with the bone, fresh or chilled (indigenous)",2019,2193096
"Egypt, Arab Rep.","Meat of cattle with the bone, fresh or chilled (indigenous)",2020,2057644
"Egypt, Arab Rep.","Meat of cattle with the bone, fresh or chilled (indigenous)",2021,1995399
"Egypt, Arab Rep.","Meat of chickens, fresh or chilled (indigenous)",2019,3531673
"Egypt, Arab Rep.","Meat of chickens, fresh or chilled (indigenous)",2020,4660635
"Egypt, Arab Rep.","Meat of chickens, fresh or chilled (indigenous)",2021,5508668
"Egypt, Arab Rep.","Meat of ducks, fresh or chilled (indigenous)",2019,134415
"Egypt, Arab Rep.","Meat of ducks, fresh or chilled (indigenous)",2020,132751
"Egypt, Arab Rep.","Meat of ducks, fresh or chilled (indigenous)",2021,165018
"Egypt, Arab Rep.","Meat of geese, fresh or chilled (indigenous)",2019,41514
"Egypt, Arab Rep.","Meat of geese, fresh or chilled (indigenous)",2020,38549
"Egypt, Arab Rep.","Meat of geese, fresh or chilled (indigenous)",2021,32618
"Egypt, Arab Rep.","Meat of goat, fresh or chilled (indigenous)",2019,86019
"Egypt, Arab Rep.","Meat of goat, fresh or chilled (indigenous)",2020,114758
"Egypt, Arab Rep.","Meat of goat, fresh or chilled (indigenous)",2021,143448
"Egypt, Arab Rep.","Meat of pig with the bone, fresh or chilled (indigenous)",2019,2799
"Egypt, Arab Rep.","Meat of pig with the bone, fresh or chilled (indigenous)",2020,3057
"Egypt, Arab Rep.","Meat of pig with the bone, fresh or chilled (indigenous)",2021,2744
"Egypt, Arab Rep.","Meat of pigeons and other birds n.e.c., fresh, chilled or frozen (indigenous)",2019,71961
"Egypt, Arab Rep.","Meat of pigeons and other birds n.e.c., fresh, chilled or frozen (indigenous)",2020,75648
"Egypt, Arab Rep.","Meat of pigeons and other birds n.e.c., fresh, chilled or frozen (indigenous)",2021,70911
"Egypt, Arab Rep.","Meat of rabbits and hares, fresh or chilled (indigenous)",2019,264473
"Egypt, Arab Rep.","Meat of rabbits and hares, fresh or chilled (indigenous)",2020,254369
"Egypt, Arab Rep.","Meat of rabbits and hares, fresh or chilled (indigenous)",2021,253894
"Egypt, Arab Rep.","Meat of sheep, fresh or chilled (indigenous)",2019,277072
"Egypt, Arab Rep.","Meat of sheep, fresh or chilled (indigenous)",2020,364172
"Egypt, Arab Rep.","Meat of sheep, fresh or chilled (indigenous)",2021,364945
"Egypt, Arab Rep.","Meat of turkeys, fresh or chilled (indigenous)",2019,31513
"Egypt, Arab Rep.","Meat of turkeys, fresh or chilled (indigenous)",2020,45707
"Egypt, Arab Rep.","Meat of turkeys, fresh or chilled (indigenous)",2021,66581
"Egypt, Arab Rep.",Natural honey,2019,15237
"Egypt, Arab Rep.",Natural honey,2020,15481
"Egypt, Arab Rep.",Natural honey,2021,14119
"Egypt, Arab Rep.",Okra,2019,28314
"Egypt, Arab Rep.",Okra,2020,40544
"Egypt, Arab Rep.",Okra,2021,38374
"Egypt, Arab Rep.",Olives,2019,300867
"Egypt, Arab Rep.",Olives,2020,297003
"Egypt, Arab Rep.",Olives,2021,324037
"Egypt, Arab Rep.","Onions and shallots, dry (excluding dehydrated)",2019,381189
"Egypt, Arab Rep.","Onions and shallots, dry (excluding dehydrated)",2020,396293
"Egypt, Arab Rep.","Onions and shallots, dry (excluding dehydrated)",2021,442867
"Egypt, Arab Rep.",Oranges,2019,520017
"Egypt, Arab Rep.",Oranges,2020,672340
"Egypt, Arab Rep.",Oranges,2021,537952
"Egypt, Arab Rep.","Other beans, green",2019,70507
"Egypt, Arab Rep.","Other beans, green",2020,68413
"Egypt, Arab Rep.","Other beans, green",2021,64723
"Egypt, Arab Rep.","Other citrus fruit, n.e.c.",2019,3157
"Egypt, Arab Rep.","Other citrus fruit, n.e.c.",2020,3157
"Egypt, Arab Rep.","Other citrus fruit, n.e.c.",2021,3204
"Egypt, Arab Rep.","Other fruits, n.e.c.",2019,72831
"Egypt, Arab Rep.","Other fruits, n.e.c.",2020,72836
"Egypt, Arab Rep.","Other fruits, n.e.c.",2021,74016
"Egypt, Arab Rep.","Other nuts (excluding wild edible nuts and groundnuts), in shell, n.e.c.",2019,2930
"Egypt, Arab Rep.","Other nuts (excluding wild edible nuts and groundnuts), in shell, n.e.c.",2020,3061
"Egypt, Arab Rep.","Other nuts (excluding wild edible nuts and groundnuts), in shell, n.e.c.",2021,3115
"Egypt, Arab Rep.",Other pulses n.e.c.,2019,4903
"Egypt, Arab Rep.",Other pulses n.e.c.,2020,4893
"Egypt, Arab Rep.",Other pulses n.e.c.,2021,4883
"Egypt, Arab Rep.",Other stone fruits,2019,169
"Egypt, Arab Rep.",Other stone fruits,2020,171
"Egypt, Arab Rep.",Other stone fruits,2021,169
"Egypt, Arab Rep.","Other vegetables, fresh n.e.c.",2019,65015
"Egypt, Arab Rep.","Other vegetables, fresh n.e.c.",2020,64905
"Egypt, Arab Rep.","Other vegetables, fresh n.e.c.",2021,67977
"Egypt, Arab Rep.",Peaches and nectarines,2019,98349
"Egypt, Arab Rep.",Peaches and nectarines,2020,76934
"Egypt, Arab Rep.",Peaches and nectarines,2021,77808
"Egypt, Arab Rep.",Pears,2019,27260
"Egypt, Arab Rep.",Pears,2020,31431
"Egypt, Arab Rep.",Pears,2021,32776
"Egypt, Arab Rep.","Peas, dry",2019,193
"Egypt, Arab Rep.","Peas, dry",2020,226
"Egypt, Arab Rep.","Peas, dry",2021,231
"Egypt, Arab Rep.","Peas, green",2019,53842
"Egypt, Arab Rep.","Peas, green",2020,54027
"Egypt, Arab Rep.","Peas, green",2021,60914
"Egypt, Arab Rep.",Plums and sloes,2019,11054
"Egypt, Arab Rep.",Plums and sloes,2020,11612
"Egypt, Arab Rep.",Plums and sloes,2021,31350
"Egypt, Arab Rep.",Pomelos and grapefruits,2019,174
"Egypt, Arab Rep.",Pomelos and grapefruits,2020,180
"Egypt, Arab Rep.",Pomelos and grapefruits,2021,1007
"Egypt, Arab Rep.",Potatoes,2019,898361
"Egypt, Arab Rep.",Potatoes,2020,1172293
"Egypt, Arab Rep.",Potatoes,2021,1083778
"Egypt, Arab Rep.","Pumpkins, squash and gourds",2019,76442
"Egypt, Arab Rep.","Pumpkins, squash and gourds",2020,81501
"Egypt, Arab Rep.","Pumpkins, squash and gourds",2021,30013
"Egypt, Arab Rep.",Quinces,2019,13
"Egypt, Arab Rep.",Quinces,2020,13
"Egypt, Arab Rep.",Quinces,2021,13
"Egypt, Arab Rep.",Raw milk of buffalo,2019,809130
"Egypt, Arab Rep.",Raw milk of buffalo,2020,834869
"Egypt, Arab Rep.",Raw milk of buffalo,2021,882387
"Egypt, Arab Rep.",Raw milk of cattle,2019,1996336
"Egypt, Arab Rep.",Raw milk of cattle,2020,2154352
"Egypt, Arab Rep.",Raw milk of cattle,2021,2412511
"Egypt, Arab Rep.",Raw milk of goats,2019,4080
"Egypt, Arab Rep.",Raw milk of goats,2020,3853
"Egypt, Arab Rep.",Raw milk of goats,2021,4080
"Egypt, Arab Rep.",Raw milk of sheep,2019,17615
"Egypt, Arab Rep.",Raw milk of sheep,2020,16558
"Egypt, Arab Rep.",Raw milk of sheep,2021,17615
"Egypt, Arab Rep.",Rice,2019,1289460
"Egypt, Arab Rep.",Rice,2020,1289380
"Egypt, Arab Rep.",Rice,2021,1138512
"Egypt, Arab Rep.",Rye,2019,15084
"Egypt, Arab Rep.",Rye,2020,15095
"Egypt, Arab Rep.",Rye,2021,15158
"Egypt, Arab Rep.","Seed cotton, unginned",2019,255159
"Egypt, Arab Rep.","Seed cotton, unginned",2020,144791
"Egypt, Arab Rep.","Seed cotton, unginned",2021,276007
"Egypt, Arab Rep.",Sesame seed,2019,55047
"Egypt, Arab Rep.",Sesame seed,2020,93495
"Egypt, Arab Rep.",Sesame seed,2021,81018
"Egypt, Arab Rep.","Shorn wool, greasy, including fleece-washed shorn wool",2019,30134
"Egypt, Arab Rep.","Shorn wool, greasy, including fleece-washed shorn wool",2020,30319
"Egypt, Arab Rep.","Shorn wool, greasy, including fleece-washed shorn wool",2021,30951
"Egypt, Arab Rep.",Silk-worm cocoons suitable for reeling,2019,409
"Egypt, Arab Rep.",Silk-worm cocoons suitable for reeling,2020,409
"Egypt, Arab Rep.",Silk-worm cocoons suitable for reeling,2021,545
"Egypt, Arab Rep.",Sorghum,2019,221145
"Egypt, Arab Rep.",Sorghum,2020,221098
"Egypt, Arab Rep.",Sorghum,2021,231516
"Egypt, Arab Rep.",Soya beans,2019,19476
"Egypt, Arab Rep.",Soya beans,2020,19562
"Egypt, Arab Rep.",Soya beans,2021,33616
"Egypt, Arab Rep.",Spinach,2019,4007
"Egypt, Arab Rep.",Spinach,2020,4075
"Egypt, Arab Rep.",Spinach,2021,3897
"Egypt, Arab Rep.",Strawberries,2019,170016
"Egypt, Arab Rep.",Strawberries,2020,136793
"Egypt, Arab Rep.",Strawberries,2021,206925
"Egypt, Arab Rep.",Sugar beet,2019,568915
"Egypt, Arab Rep.",Sugar beet,2020,477720
"Egypt, Arab Rep.",Sugar beet,2021,659419
"Egypt, Arab Rep.",Sugar cane,2019,870911
"Egypt, Arab Rep.",Sugar cane,2020,900695
"Egypt, Arab Rep.",Sugar cane,2021,906309
"Egypt, Arab Rep.",Sunflower seed,2019,9830
"Egypt, Arab Rep.",Sunflower seed,2020,9899
"Egypt, Arab Rep.",Sunflower seed,2021,9963
"Egypt, Arab Rep.",Sweet potatoes,2019,33685
"Egypt, Arab Rep.",Sweet potatoes,2020,40037
"Egypt, Arab Rep.",Sweet potatoes,2021,37015
"Egypt, Arab Rep.","Tangerines, mandarins, clementines",2019,373141
"Egypt, Arab Rep.","Tangerines, mandarins, clementines",2020,388552
"Egypt, Arab Rep.","Tangerines, mandarins, clementines",2021,390737
"Egypt, Arab Rep.",Taro,2019,20045
"Egypt, Arab Rep.",Taro,2020,21927
"Egypt, Arab Rep.",Taro,2021,25752
"Egypt, Arab Rep.",Tomatoes,2019,1241230
"Egypt, Arab Rep.",Tomatoes,2020,1182850
"Egypt, Arab Rep.",Tomatoes,2021,1163788
"Egypt, Arab Rep.",Vetches,2019,1279
"Egypt, Arab Rep.",Vetches,2020,1300
"Egypt, Arab Rep.",Vetches,2021,1279
"Egypt, Arab Rep.","Walnuts, in shell",2019,33649
"Egypt, Arab Rep.","Walnuts, in shell",2020,33532
"Egypt, Arab Rep.","Walnuts, in shell",2021,33433
"Egypt, Arab Rep.",Watermelons,2019,176124
"Egypt, Arab Rep.",Watermelons,2020,141900
"Egypt, Arab Rep.",Watermelons,2021,117129
"Egypt, Arab Rep.",Wheat,2019,2920280
"Egypt, Arab Rep.",Wheat,2020,3105545
"Egypt, Arab Rep.",Wheat,2021,3358247
El Salvador,"Agave fibres, raw, n.e.c.",2019,1840
El Salvador,"Agave fibres, raw, n.e.c.",2020,1810
El Salvador,"Agave fibres, raw, n.e.c.",2021,1798
El Salvador,Avocados,2019,25488
El Salvador,Avocados,2020,17923
El Salvador,Avocados,2021,24205
El Salvador,Bananas,2019,3302
El Salvador,Bananas,2020,2664
El Salvador,Bananas,2021,4164
El Salvador,"Beans, dry",2019,141635
El Salvador,"Beans, dry",2020,120613
El Salvador,"Beans, dry",2021,147557
El Salvador,Cabbages,2019,93
El Salvador,Cabbages,2020,92
El Salvador,Cabbages,2021,91
El Salvador,Cantaloupes and other melons,2019,751
El Salvador,Cantaloupes and other melons,2020,543
El Salvador,Cantaloupes and other melons,2021,1891
El Salvador,"Cashew nuts, in shell",2019,1816
El Salvador,"Cashew nuts, in shell",2020,2057
El Salvador,"Cashew nuts, in shell",2021,2057
El Salvador,"Cassava, fresh",2019,5545
El Salvador,"Cassava, fresh",2020,5719
El Salvador,"Cassava, fresh",2021,10734
El Salvador,"Chillies and peppers, green (Capsicum spp. and Pimenta spp.)",2019,9717
El Salvador,"Chillies and peppers, green (Capsicum spp. and Pimenta spp.)",2020,6422
El Salvador,"Chillies and peppers, green (Capsicum spp. and Pimenta spp.)",2021,12396
El Salvador,Cocoa beans,2019,1199
El Salvador,Cocoa beans,2020,1219
El Salvador,Cocoa beans,2021,1200
El Salvador,"Coconuts, in shell",2019,10911
El Salvador,"Coconuts, in shell",2020,8830
El Salvador,"Coconuts, in shell",2021,9593
El Salvador,"Coffee, green",2019,118304
El Salvador,"Coffee, green",2020,123084
El Salvador,"Coffee, green",2021,147387
El Salvador,Cucumbers and gherkins,2019,2494
El Salvador,Cucumbers and gherkins,2020,1919
El Salvador,Cucumbers and gherkins,2021,4556
El Salvador,Green corn (maize),2019,16671
El Salvador,Green corn (maize),2020,14322
El Salvador,Green corn (maize),2021,15392
El Salvador,"Hen eggs in shell, fresh",2019,123180
El Salvador,"Hen eggs in shell, fresh",2020,121668
El Salvador,"Hen eggs in shell, fresh",2021,118997
El Salvador,"Jute, raw or retted",2019,157
El Salvador,"Jute, raw or retted",2020,146
El Salvador,"Jute, raw or retted",2021,159
El Salvador,"Kenaf, and other textile bast fibres, raw or retted",2019,898
El Salvador,"Kenaf, and other textile bast fibres, raw or retted",2020,860
El Salvador,"Kenaf, and other textile bast fibres, raw or retted",2021,884
El Salvador,Lemons and limes,2019,8113
El Salvador,Lemons and limes,2020,6314
El Salvador,Lemons and limes,2021,4241
El Salvador,Maize (corn),2019,303759
El Salvador,Maize (corn),2020,301726
El Salvador,Maize (corn),2021,323362
El Salvador,"Mangoes, guavas and mangosteens",2019,18570
El Salvador,"Mangoes, guavas and mangosteens",2020,11129
El Salvador,"Mangoes, guavas and mangosteens",2021,6197
El Salvador,"Meat of cattle with the bone, fresh or chilled (indigenous)",2019,70209
El Salvador,"Meat of cattle with the bone, fresh or chilled (indigenous)",2020,71042
El Salvador,"Meat of cattle with the bone, fresh or chilled (indigenous)",2021,74494
El Salvador,"Meat of chickens, fresh or chilled (indigenous)",2019,389119
El Salvador,"Meat of chickens, fresh or chilled (indigenous)",2020,348717
El Salvador,"Meat of chickens, fresh or chilled (indigenous)",2021,411980
El Salvador,"Meat of goat, fresh or chilled (indigenous)",2019,381
El Salvador,"Meat of goat, fresh or chilled (indigenous)",2020,378
El Salvador,"Meat of goat, fresh or chilled (indigenous)",2021,373
El Salvador,"Meat of pig with the bone, fresh or chilled (indigenous)",2019,37972
El Salvador,"Meat of pig with the bone, fresh or chilled (indigenous)",2020,31435
El Salvador,"Meat of pig with the bone, fresh or chilled (indigenous)",2021,34334
El Salvador,"Meat of sheep, fresh or chilled (indigenous)",2019,169
El Salvador,"Meat of sheep, fresh or chilled (indigenous)",2020,170
El Salvador,"Meat of sheep, fresh or chilled (indigenous)",2021,170
El Salvador,Natural honey,2019,7157
El Salvador,Natural honey,2020,6844
El Salvador,Natural honey,2021,6814
El Salvador,Olives,2019,6883
El Salvador,Olives,2020,6763
El Salvador,Olives,2021,6766
El Salvador,"Onions and shallots, dry (excluding dehydrated)",2019,660
El Salvador,"Onions and shallots, dry (excluding dehydrated)",2020,1160
El Salvador,"Onions and shallots, dry (excluding dehydrated)",2021,519
El Salvador,Oranges,2019,10204
El Salvador,Oranges,2020,11847
El Salvador,Oranges,2021,12803
El Salvador,"Other fruits, n.e.c.",2019,5962
El Salvador,"Other fruits, n.e.c.",2020,6030
El Salvador,"Other fruits, n.e.c.",2021,5960
El Salvador,"Other vegetables, fresh n.e.c.",2019,14087
El Salvador,"Other vegetables, fresh n.e.c.",2020,14236
El Salvador,"Other vegetables, fresh n.e.c.",2021,14055
El Salvador,Papayas,2019,2632
El Salvador,Papayas,2020,3416
El Salvador,Papayas,2021,1725
El Salvador,Pineapples,2019,1468
El Salvador,Pineapples,2020,3877
El Salvador,Pineapples,2021,846
El Salvador,Plantains and cooking bananas,2019,15189
El Salvador,Plantains and cooking bananas,2020,13709
El Salvador,Plantains and cooking bananas,2021,16515
El Salvador,Potatoes,2019,3305
El Salvador,Potatoes,2020,4035
El Salvador,Potatoes,2021,3578
El Salvador,"Pumpkins, squash and gourds",2019,2919
El Salvador,"Pumpkins, squash and gourds",2020,2941
El Salvador,"Pumpkins, squash and gourds",2021,2995
El Salvador,Raw milk of cattle,2019,183196
El Salvador,Raw milk of cattle,2020,204145
El Salvador,Raw milk of cattle,2021,208701
El Salvador,Rice,2019,10328
El Salvador,Rice,2020,8791
El Salvador,Rice,2021,7163
El Salvador,"Seed cotton, unginned",2019,34
El Salvador,"Seed cotton, unginned",2020,11
El Salvador,Sesame seed,2019,2007
El Salvador,Sesame seed,2020,1403
El Salvador,Sesame seed,2021,1275
El Salvador,Sorghum,2019,33152
El Salvador,Sorghum,2020,33134
El Salvador,Sorghum,2021,28911
El Salvador,Soya beans,2019,4230
El Salvador,Soya beans,2020,4322
El Salvador,Soya beans,2021,4216
El Salvador,Sugar cane,2019,206236
El Salvador,Sugar cane,2020,201604
El Salvador,Sugar cane,2021,206236
El Salvador,Sweet potatoes,2019,598
El Salvador,Sweet potatoes,2020,587
El Salvador,Sweet potatoes,2021,591
El Salvador,"Tangerines, mandarins, clementines",2019,4266
El Salvador,"Tangerines, mandarins, clementines",2020,5451
El Salvador,"Tangerines, mandarins, clementines",2021,7494
El Salvador,Tomatoes,2019,11722
El Salvador,Tomatoes,2020,12526
El Salvador,Tomatoes,2021,12342
El Salvador,Unmanufactured tobacco,2019,10637
El Salvador,Unmanufactured tobacco,2020,10418
El Salvador,Unmanufactured tobacco,2021,10424
El Salvador,Watermelons,2019,13429
El Salvador,Watermelons,2020,13803
El Salvador,Watermelons,2021,6085
El Salvador,Yautia,2019,18950
El Salvador,Yautia,2020,19001
El Salvador,Yautia,2021,19039
Equatorial Guinea,Bananas,2019,16253
Equatorial Guinea,Bananas,2020,15985
Equatorial Guinea,Bananas,2021,16074
Equatorial Guinea,"Cassava, fresh",2019,23260
Equatorial Guinea,"Cassava, fresh",2020,23482
Equatorial Guinea,"Cassava, fresh",2021,23959
Equatorial Guinea,Cocoa beans,2019,3635
Equatorial Guinea,Cocoa beans,2020,3635
Equatorial Guinea,Cocoa beans,2021,2181
Equatorial Guinea,"Coconuts, in shell",2019,944
Equatorial Guinea,"Coconuts, in shell",2020,944
Equatorial Guinea,"Coconuts, in shell",2021,944
Equatorial Guinea,"Coffee, green",2019,6946
Equatorial Guinea,"Coffee, green",2020,6881
Equatorial Guinea,"Coffee, green",2021,6890
Equatorial Guinea,"Edible roots and tubers with high starch or inulin content, n.e.c., fresh",2019,17821
Equatorial Guinea,"Edible roots and tubers with high starch or inulin content, n.e.c., fresh",2020,18018
Equatorial Guinea,"Edible roots and tubers with high starch or inulin content, n.e.c., fresh",2021,17799
Equatorial Guinea,"Hen eggs in shell, fresh",2019,5470
Equatorial Guinea,"Hen eggs in shell, fresh",2020,5749
Equatorial Guinea,"Hen eggs in shell, fresh",2021,5299
Equatorial Guinea,"Meat of cattle with the bone, fresh or chilled (indigenous)",2019,325
Equatorial Guinea,"Meat of cattle with the bone, fresh or chilled (indigenous)",2020,498
Equatorial Guinea,"Meat of cattle with the bone, fresh or chilled (indigenous)",2021,1
Equatorial Guinea,"Meat of chickens, fresh or chilled (indigenous)",2019,3801
Equatorial Guinea,"Meat of chickens, fresh or chilled (indigenous)",2020,4793
Equatorial Guinea,"Meat of chickens, fresh or chilled (indigenous)",2021,4570
Equatorial Guinea,"Meat of goat, fresh or chilled (indigenous)",2019,648
Equatorial Guinea,"Meat of goat, fresh or chilled (indigenous)",2020,682
Equatorial Guinea,"Meat of goat, fresh or chilled (indigenous)",2021,691
Equatorial Guinea,"Meat of pig with the bone, fresh or chilled (indigenous)",2019,729
Equatorial Guinea,"Meat of pig with the bone, fresh or chilled (indigenous)",2020,789
Equatorial Guinea,"Meat of pig with the bone, fresh or chilled (indigenous)",2021,800
Equatorial Guinea,"Meat of sheep, fresh or chilled (indigenous)",2019,1753
Equatorial Guinea,"Meat of sheep, fresh or chilled (indigenous)",2020,1745
Equatorial Guinea,"Meat of sheep, fresh or chilled (indigenous)",2021,1766
Equatorial Guinea,Oil palm fruit,2019,8839
Equatorial Guinea,Oil palm fruit,2020,8790
Equatorial Guinea,Oil palm fruit,2021,8752
Equatorial Guinea,Plantains and cooking bananas,2019,15766
Equatorial Guinea,Plantains and cooking bananas,2020,16009
Equatorial Guinea,Plantains and cooking bananas,2021,15772
Equatorial Guinea,Sweet potatoes,2019,36024
Equatorial Guinea,Sweet potatoes,2020,36333
Equatorial Guinea,Sweet potatoes,2021,36002
Eritrea,Barley,2019,76981
Eritrea,Barley,2020,76981
Eritrea,Barley,2021,76981
Eritrea,"Beans, dry",2019,242
Eritrea,"Beans, dry",2020,234
Eritrea,"Beans, dry",2021,237
Eritrea,"Broad beans and horse beans, dry",2019,530
Eritrea,"Broad beans and horse beans, dry",2020,548
Eritrea,"Broad beans and horse beans, dry",2021,540
Eritrea,Cereals n.e.c.,2019,53469
Eritrea,Cereals n.e.c.,2020,54210
Eritrea,Cereals n.e.c.,2021,54025
Eritrea,"Chick peas, dry",2019,8186
Eritrea,"Chick peas, dry",2020,8324
Eritrea,"Chick peas, dry",2021,8194
Eritrea,"Edible roots and tubers with high starch or inulin content, n.e.c., fresh",2019,99949
Eritrea,"Edible roots and tubers with high starch or inulin content, n.e.c., fresh",2020,100439
Eritrea,"Edible roots and tubers with high starch or inulin content, n.e.c., fresh",2021,96533
Eritrea,"Groundnuts, excluding shelled",2019,4461
Eritrea,"Groundnuts, excluding shelled",2020,4534
Eritrea,"Groundnuts, excluding shelled",2021,4523
Eritrea,"Hen eggs in shell, fresh",2019,20934
Eritrea,"Hen eggs in shell, fresh",2020,20819
Eritrea,"Hen eggs in shell, fresh",2021,20575
Eritrea,"Lentils, dry",2019,261
Eritrea,"Lentils, dry",2020,265
Eritrea,"Lentils, dry",2021,258
Eritrea,Linseed,2019,708
Eritrea,Linseed,2020,703
Eritrea,Linseed,2021,704
Eritrea,Maize (corn),2019,24335
Eritrea,Maize (corn),2020,24335
Eritrea,Maize (corn),2021,24335
Eritrea,"Meat of camels, fresh or chilled (indigenous)",2019,47358
Eritrea,"Meat of camels, fresh or chilled (indigenous)",2020,47808
Eritrea,"Meat of camels, fresh or chilled (indigenous)",2021,50043
Eritrea,"Meat of cattle with the bone, fresh or chilled (indigenous)",2019,307854
Eritrea,"Meat of cattle with the bone, fresh or chilled (indigenous)",2020,309956
Eritrea,"Meat of cattle with the bone, fresh or chilled (indigenous)",2021,322826
Eritrea,"Meat of chickens, fresh or chilled (indigenous)",2019,15070
Eritrea,"Meat of chickens, fresh or chilled (indigenous)",2020,11986
Eritrea,"Meat of chickens, fresh or chilled (indigenous)",2021,11923
Eritrea,"Meat of goat, fresh or chilled (indigenous)",2019,105307
Eritrea,"Meat of goat, fresh or chilled (indigenous)",2020,105706
Eritrea,"Meat of goat, fresh or chilled (indigenous)",2021,106676
Eritrea,"Meat of sheep, fresh or chilled (indigenous)",2019,119803
Eritrea,"Meat of sheep, fresh or chilled (indigenous)",2020,120196
Eritrea,"Meat of sheep, fresh or chilled (indigenous)",2021,121643
Eritrea,Millet,2019,51997
Eritrea,Millet,2020,51997
Eritrea,Millet,2021,51997
Eritrea,"Other fruits, n.e.c.",2019,4472
Eritrea,"Other fruits, n.e.c.",2020,4491
Eritrea,"Other fruits, n.e.c.",2021,4499
Eritrea,"Other oil seeds, n.e.c.",2019,4809
Eritrea,"Other oil seeds, n.e.c.",2020,4799
Eritrea,"Other oil seeds, n.e.c.",2021,4798
Eritrea,Other pulses n.e.c.,2019,41524
Eritrea,Other pulses n.e.c.,2020,41377
Eritrea,Other pulses n.e.c.,2021,39960
Eritrea,"Other stimulant, spice and aromatic crops, n.e.c.",2019,3335
Eritrea,"Other stimulant, spice and aromatic crops, n.e.c.",2020,3395
Eritrea,"Other stimulant, spice and aromatic crops, n.e.c.",2021,3316
Eritrea,"Other vegetables, fresh n.e.c.",2019,37034
Eritrea,"Other vegetables, fresh n.e.c.",2020,37260
Eritrea,"Other vegetables, fresh n.e.c.",2021,38189
Eritrea,"Peas, dry",2019,1164
Eritrea,"Peas, dry",2020,1106
Eritrea,"Peas, dry",2021,1143
Eritrea,Potatoes,2019,108
Eritrea,Potatoes,2020,118
Eritrea,Potatoes,2021,114
Eritrea,Raw milk of camel,2019,12814
Eritrea,Raw milk of camel,2020,12920
Eritrea,Raw milk of camel,2021,12951
Eritrea,Raw milk of cattle,2019,166376
Eritrea,Raw milk of cattle,2020,166376
Eritrea,Raw milk of cattle,2021,166376
Eritrea,Raw milk of goats,2019,12950
Eritrea,Raw milk of goats,2020,12995
Eritrea,Raw milk of goats,2021,13071
Eritrea,Raw milk of sheep,2019,8033
Eritrea,Raw milk of sheep,2020,8061
Eritrea,Raw milk of sheep,2021,8141
Eritrea,Sesame seed,2019,15617
Eritrea,Sesame seed,2020,15684
Eritrea,Sesame seed,2021,15994
Eritrea,"Shorn wool, greasy, including fleece-washed shorn wool",2019,35715
Eritrea,"Shorn wool, greasy, including fleece-washed shorn wool",2020,36082
Eritrea,"Shorn wool, greasy, including fleece-washed shorn wool",2021,36763
Eritrea,Sorghum,2019,176253
Eritrea,Sorghum,2020,176253
Eritrea,Sorghum,2021,176253
Eritrea,Vetches,2019,2985
Eritrea,Vetches,2020,2911
Eritrea,Vetches,2021,2962
Eritrea,Wheat,2019,28229
Eritrea,Wheat,2020,28229
Eritrea,Wheat,2021,28229
Ethiopia,"Anise, badian, coriander, cumin, caraway, fennel and juniper berries, raw",2019,4243
Ethiopia,"Anise, badian, coriander, cumin, caraway, fennel and juniper berries, raw",2020,4262
Ethiopia,"Anise, badian, coriander, cumin, caraway, fennel and juniper berries, raw",2021,4237
Ethiopia,Avocados,2019,24075
Ethiopia,Avocados,2020,56525
Ethiopia,Avocados,2021,45978
Ethiopia,Bananas,2019,119029
Ethiopia,Bananas,2020,198224
Ethiopia,Bananas,2021,242344
Ethiopia,Barley,2019,839579
Ethiopia,Barley,2020,925644
Ethiopia,Barley,2021,884218
Ethiopia,"Beans, dry",2019,330550
Ethiopia,"Beans, dry",2020,572358
Ethiopia,"Beans, dry",2021,374139
Ethiopia,"Broad beans and horse beans, dry",2019,437342
Ethiopia,"Broad beans and horse beans, dry",2020,465094
Ethiopia,"Broad beans and horse beans, dry",2021,468407
Ethiopia,"Broad beans and horse beans, green",2019,6774
Ethiopia,"Broad beans and horse beans, green",2020,6937
Ethiopia,"Broad beans and horse beans, green",2021,6784
Ethiopia,Cabbages,2019,214578
Ethiopia,Cabbages,2020,199343
Ethiopia,Cabbages,2021,187944
Ethiopia,Carrots and turnips,2019,3866
Ethiopia,Carrots and turnips,2020,6927
Ethiopia,Carrots and turnips,2021,4391
Ethiopia,Castor oil seeds,2019,21121
Ethiopia,Castor oil seeds,2020,21121
Ethiopia,Castor oil seeds,2021,19201
Ethiopia,Cereals n.e.c.,2019,1803062
Ethiopia,Cereals n.e.c.,2020,1780528
Ethiopia,Cereals n.e.c.,2021,1693002
Ethiopia,"Chick peas, dry",2019,219025
Ethiopia,"Chick peas, dry",2020,230161
Ethiopia,"Chick peas, dry",2021,237658
Ethiopia,"Chillies and peppers, dry (Capsicum spp., Pimenta spp.), raw",2019,171784
Ethiopia,"Chillies and peppers, dry (Capsicum spp., Pimenta spp.), raw",2020,162383
Ethiopia,"Chillies and peppers, dry (Capsicum spp., Pimenta spp.), raw",2021,136767
Ethiopia,"Chillies and peppers, green (Capsicum spp. and Pimenta spp.)",2019,319139
Ethiopia,"Chillies and peppers, green (Capsicum spp. and Pimenta spp.)",2020,302895
Ethiopia,"Chillies and peppers, green (Capsicum spp. and Pimenta spp.)",2021,279885
Ethiopia,"Coffee, green",2019,699213
Ethiopia,"Coffee, green",2020,712878
Ethiopia,"Coffee, green",2021,719717
Ethiopia,Cucumbers and gherkins,2019,705
Ethiopia,Cucumbers and gherkins,2020,691
Ethiopia,Cucumbers and gherkins,2021,691
Ethiopia,"Game meat, fresh, chilled or frozen",2019,54315
Ethiopia,"Game meat, fresh, chilled or frozen",2020,55150
Ethiopia,"Game meat, fresh, chilled or frozen",2021,55084
Ethiopia,"Ginger, raw",2019,4516
Ethiopia,"Ginger, raw",2020,4484
Ethiopia,"Ginger, raw",2021,4563
Ethiopia,Grapes,2019,1164
Ethiopia,Grapes,2020,1150
Ethiopia,Grapes,2021,1151
Ethiopia,Green garlic,2019,389400
Ethiopia,Green garlic,2020,300692
Ethiopia,Green garlic,2021,246724
Ethiopia,"Groundnuts, excluding shelled",2019,131560
Ethiopia,"Groundnuts, excluding shelled",2020,172352
Ethiopia,"Groundnuts, excluding shelled",2021,176844
Ethiopia,"Hen eggs in shell, fresh",2019,102317
Ethiopia,"Hen eggs in shell, fresh",2020,113808
Ethiopia,"Hen eggs in shell, fresh",2021,116808
Ethiopia,Hop cones,2019,46054
Ethiopia,Hop cones,2020,51971
Ethiopia,Hop cones,2021,48261
Ethiopia,Leeks and other alliaceous vegetables,2019,4961
Ethiopia,Leeks and other alliaceous vegetables,2020,4962
Ethiopia,Leeks and other alliaceous vegetables,2021,5170
Ethiopia,Lemons and limes,2019,2803
Ethiopia,Lemons and limes,2020,2522
Ethiopia,Lemons and limes,2021,1914
Ethiopia,"Lentils, dry",2019,164024
Ethiopia,"Lentils, dry",2020,132141
Ethiopia,"Lentils, dry",2021,120241
Ethiopia,Lettuce and chicory,2019,3581
Ethiopia,Lettuce and chicory,2020,3695
Ethiopia,Lettuce and chicory,2021,3900
Ethiopia,Linseed,2019,66848
Ethiopia,Linseed,2020,67487
Ethiopia,Linseed,2021,68137
Ethiopia,Maize (corn),2019,2435005
Ethiopia,Maize (corn),2020,2306592
Ethiopia,Maize (corn),2021,2473391
Ethiopia,"Mangoes, guavas and mangosteens",2019,46791
Ethiopia,"Mangoes, guavas and mangosteens",2020,27359
Ethiopia,"Mangoes, guavas and mangosteens",2021,35352
Ethiopia,"Meat of camels, fresh or chilled (indigenous)",2019,111953
Ethiopia,"Meat of camels, fresh or chilled (indigenous)",2020,97269
Ethiopia,"Meat of camels, fresh or chilled (indigenous)",2021,111413
Ethiopia,"Meat of cattle with the bone, fresh or chilled (indigenous)",2019,1879453
Ethiopia,"Meat of cattle with the bone, fresh or chilled (indigenous)",2020,1982029
Ethiopia,"Meat of cattle with the bone, fresh or chilled (indigenous)",2021,1895078
Ethiopia,"Meat of chickens, fresh or chilled (indigenous)",2019,299912
Ethiopia,"Meat of chickens, fresh or chilled (indigenous)",2020,347277
Ethiopia,"Meat of chickens, fresh or chilled (indigenous)",2021,324183
Ethiopia,"Meat of goat, fresh or chilled (indigenous)",2019,520977
Ethiopia,"Meat of goat, fresh or chilled (indigenous)",2020,538443
Ethiopia,"Meat of goat, fresh or chilled (indigenous)",2021,504893
Ethiopia,"Meat of pig with the bone, fresh or chilled (indigenous)",2019,422
Ethiopia,"Meat of pig with the bone, fresh or chilled (indigenous)",2020,441
Ethiopia,"Meat of pig with the bone, fresh or chilled (indigenous)",2021,439
Ethiopia,"Meat of sheep, fresh or chilled (indigenous)",2019,454005
Ethiopia,"Meat of sheep, fresh or chilled (indigenous)",2020,474258
Ethiopia,"Meat of sheep, fresh or chilled (indigenous)",2021,498141
Ethiopia,Millet,2019,344427
Ethiopia,Millet,2020,372760
Ethiopia,Millet,2021,368323
Ethiopia,Mustard seed,2019,628
Ethiopia,Mustard seed,2020,634
Ethiopia,Mustard seed,2021,640
Ethiopia,Natural honey,2019,391923
Ethiopia,Natural honey,2020,337260
Ethiopia,Natural honey,2021,229934
Ethiopia,"Nutmeg, mace, cardamoms, raw",2019,99
Ethiopia,"Nutmeg, mace, cardamoms, raw",2020,99
Ethiopia,"Nutmeg, mace, cardamoms, raw",2021,101
Ethiopia,Oats,2019,17509
Ethiopia,Oats,2020,21077
Ethiopia,Oats,2021,14600
Ethiopia,"Onions and shallots, dry (excluding dehydrated)",2019,204532
Ethiopia,"Onions and shallots, dry (excluding dehydrated)",2020,182683
Ethiopia,"Onions and shallots, dry (excluding dehydrated)",2021,177528
Ethiopia,"Onions and shallots, green",2019,15595
Ethiopia,"Onions and shallots, green",2020,15749
Ethiopia,"Onions and shallots, green",2021,16055
Ethiopia,Oranges,2019,20857
Ethiopia,Oranges,2020,14724
Ethiopia,Oranges,2021,12514
Ethiopia,"Other beans, green",2019,5938
Ethiopia,"Other beans, green",2020,6079
Ethiopia,"Other beans, green",2021,6013
Ethiopia,"Other citrus fruit, n.e.c.",2019,481
Ethiopia,"Other citrus fruit, n.e.c.",2020,475
Ethiopia,"Other citrus fruit, n.e.c.",2021,471
Ethiopia,"Other fibre crops, raw, n.e.c.",2019,5301
Ethiopia,"Other fibre crops, raw, n.e.c.",2020,5376
Ethiopia,"Other fibre crops, raw, n.e.c.",2021,5402
Ethiopia,"Other fruits, n.e.c.",2019,34727
Ethiopia,"Other fruits, n.e.c.",2020,35108
Ethiopia,"Other fruits, n.e.c.",2021,34621
Ethiopia,"Other nuts (excluding wild edible nuts and groundnuts), in shell, n.e.c.",2019,26806
Ethiopia,"Other nuts (excluding wild edible nuts and groundnuts), in shell, n.e.c.",2020,26491
Ethiopia,"Other nuts (excluding wild edible nuts and groundnuts), in shell, n.e.c.",2021,26554
Ethiopia,"Other oil seeds, n.e.c.",2019,104644
Ethiopia,"Other oil seeds, n.e.c.",2020,77073
Ethiopia,"Other oil seeds, n.e.c.",2021,77265
Ethiopia,Other pulses n.e.c.,2019,63234
Ethiopia,Other pulses n.e.c.,2020,64268
Ethiopia,Other pulses n.e.c.,2021,55742
Ethiopia,"Other stimulant, spice and aromatic crops, n.e.c.",2019,166582
Ethiopia,"Other stimulant, spice and aromatic crops, n.e.c.",2020,198004
Ethiopia,"Other stimulant, spice and aromatic crops, n.e.c.",2021,154762
Ethiopia,"Other vegetables, fresh n.e.c.",2019,163285
Ethiopia,"Other vegetables, fresh n.e.c.",2020,163089
Ethiopia,"Other vegetables, fresh n.e.c.",2021,165454
Ethiopia,Papayas,2019,19052
Ethiopia,Papayas,2020,18654
Ethiopia,Papayas,2021,25819
Ethiopia,"Peas, dry",2019,220705
Ethiopia,"Peas, dry",2020,233774
Ethiopia,"Peas, dry",2021,223079
Ethiopia,"Peas, green",2019,1232
Ethiopia,"Peas, green",2020,1258
Ethiopia,"Peas, green",2021,1251
Ethiopia,"Pepper (Piper spp.), raw",2019,7304
Ethiopia,"Pepper (Piper spp.), raw",2020,7454
Ethiopia,"Pepper (Piper spp.), raw",2021,7293
Ethiopia,Pineapples,2019,358
Ethiopia,Pineapples,2020,787
Ethiopia,Pineapples,2021,475
Ethiopia,Potatoes,2019,668661
Ethiopia,Potatoes,2020,649690
Ethiopia,Potatoes,2021,684831
Ethiopia,Rape or colza seed,2019,23172
Ethiopia,Rape or colza seed,2020,26933
Ethiopia,Rape or colza seed,2021,10510
Ethiopia,Raw milk of camel,2019,109220
Ethiopia,Raw milk of camel,2020,146058
Ethiopia,Raw milk of camel,2021,141527
Ethiopia,Raw milk of cattle,2019,2395382
Ethiopia,Raw milk of cattle,2020,2114312
Ethiopia,Raw milk of cattle,2021,2115182
Ethiopia,Raw milk of goats,2019,34830
Ethiopia,Raw milk of goats,2020,34893
Ethiopia,Raw milk of goats,2021,33761
Ethiopia,Raw milk of sheep,2019,35049
Ethiopia,Raw milk of sheep,2020,36042
Ethiopia,Raw milk of sheep,2021,35021
Ethiopia,Rice,2019,78402
Ethiopia,Rice,2020,116024
Ethiopia,Rice,2021,120371
Ethiopia,Safflower seed,2019,1454
Ethiopia,Safflower seed,2020,1441
Ethiopia,Safflower seed,2021,1401
Ethiopia,"Seed cotton, unginned",2019,28614
Ethiopia,"Seed cotton, unginned",2020,28442
Ethiopia,"Seed cotton, unginned",2021,29304
Ethiopia,Sesame seed,2019,597879
Ethiopia,Sesame seed,2020,599348
Ethiopia,Sesame seed,2021,596861
Ethiopia,"Shorn wool, greasy, including fleece-washed shorn wool",2019,26339
Ethiopia,"Shorn wool, greasy, including fleece-washed shorn wool",2020,26013
Ethiopia,"Shorn wool, greasy, including fleece-washed shorn wool",2021,26213
Ethiopia,"Sisal, raw",2019,548
Ethiopia,"Sisal, raw",2020,558
Ethiopia,"Sisal, raw",2021,552
Ethiopia,Sorghum,2019,1563633
Ethiopia,Sorghum,2020,1613473
Ethiopia,Sorghum,2021,1381377
Ethiopia,Soya beans,2019,75506
Ethiopia,Soya beans,2020,83667
Ethiopia,Soya beans,2021,108687
Ethiopia,Sugar cane,2019,185401
Ethiopia,Sugar cane,2020,166393
Ethiopia,Sugar cane,2021,135079
Ethiopia,Sunflower seed,2019,4467
Ethiopia,Sunflower seed,2020,2001
Ethiopia,Sunflower seed,2021,2417
Ethiopia,Sweet potatoes,2019,243794
Ethiopia,Sweet potatoes,2020,278989
Ethiopia,Sweet potatoes,2021,224794
Ethiopia,"Tangerines, mandarins, clementines",2019,1627
Ethiopia,"Tangerines, mandarins, clementines",2020,1631
Ethiopia,"Tangerines, mandarins, clementines",2021,1634
Ethiopia,Tea leaves,2019,93288
Ethiopia,Tea leaves,2020,94664
Ethiopia,Tea leaves,2021,94667
Ethiopia,Tomatoes,2019,26344
Ethiopia,Tomatoes,2020,33220
Ethiopia,Tomatoes,2021,30113
Ethiopia,Unmanufactured tobacco,2019,1031
Ethiopia,Unmanufactured tobacco,2020,1051
Ethiopia,Unmanufactured tobacco,2021,1051
Ethiopia,Vetches,2019,121622
Ethiopia,Vetches,2020,112768
Ethiopia,Vetches,2021,113294
Ethiopia,Wheat,2019,2212284
Ethiopia,Wheat,2020,2330771
Ethiopia,Wheat,2021,2500261
Ethiopia,Yams,2019,5366
Ethiopia,Yams,2020,4985
Ethiopia,Yams,2021,5737
Fiji,Bananas,2019,4498
Fiji,Bananas,2020,7750
Fiji,Bananas,2021,6708
Fiji,Cabbages,2019,9452
Fiji,Cabbages,2020,14079
Fiji,Cabbages,2021,13612
Fiji,"Cassava, fresh",2019,39157
Fiji,"Cassava, fresh",2020,37025
Fiji,"Cassava, fresh",2021,44392
Fiji,"Chillies and peppers, green (Capsicum spp. and Pimenta spp.)",2019,631
Fiji,"Chillies and peppers, green (Capsicum spp. and Pimenta spp.)",2020,1854
Fiji,"Chillies and peppers, green (Capsicum spp. and Pimenta spp.)",2021,3929
Fiji,Cocoa beans,2019,33
Fiji,Cocoa beans,2020,18
Fiji,Cocoa beans,2021,161
Fiji,"Coconuts, in shell",2019,9561
Fiji,"Coconuts, in shell",2020,8702
Fiji,"Coconuts, in shell",2021,8032
Fiji,Cucumbers and gherkins,2019,2567
Fiji,Cucumbers and gherkins,2020,2558
Fiji,Cucumbers and gherkins,2021,2587
Fiji,Eggplants (aubergines),2019,2388
Fiji,Eggplants (aubergines),2020,3920
Fiji,Eggplants (aubergines),2021,4432
Fiji,"Ginger, raw",2019,9771
Fiji,"Ginger, raw",2020,11862
Fiji,"Ginger, raw",2021,14363
Fiji,"Hen eggs in shell, fresh",2019,43014
Fiji,"Hen eggs in shell, fresh",2020,30967
Fiji,"Hen eggs in shell, fresh",2021,33795
Fiji,Maize (corn),2019,703
Fiji,Maize (corn),2020,855
Fiji,Maize (corn),2021,722
Fiji,"Mangoes, guavas and mangosteens",2019,813
Fiji,"Mangoes, guavas and mangosteens",2020,805
Fiji,"Mangoes, guavas and mangosteens",2021,814
Fiji,"Meat of cattle with the bone, fresh or chilled (indigenous)",2019,6088
Fiji,"Meat of cattle with the bone, fresh or chilled (indigenous)",2020,5463
Fiji,"Meat of cattle with the bone, fresh or chilled (indigenous)",2021,8692
Fiji,"Meat of chickens, fresh or chilled (indigenous)",2019,107857
Fiji,"Meat of chickens, fresh or chilled (indigenous)",2020,80325
Fiji,"Meat of chickens, fresh or chilled (indigenous)",2021,80390
Fiji,"Meat of goat, fresh or chilled (indigenous)",2019,2217
Fiji,"Meat of goat, fresh or chilled (indigenous)",2020,1898
Fiji,"Meat of goat, fresh or chilled (indigenous)",2021,2206
Fiji,"Meat of pig with the bone, fresh or chilled (indigenous)",2019,6335
Fiji,"Meat of pig with the bone, fresh or chilled (indigenous)",2020,6599
Fiji,"Meat of pig with the bone, fresh or chilled (indigenous)",2021,3886
Fiji,"Meat of sheep, fresh or chilled (indigenous)",2019,430
Fiji,"Meat of sheep, fresh or chilled (indigenous)",2020,601
Fiji,"Meat of sheep, fresh or chilled (indigenous)",2021,697
Fiji,"Meat of turkeys, fresh or chilled (indigenous)",2019,1254
Fiji,"Meat of turkeys, fresh or chilled (indigenous)",2020,1237
Fiji,"Meat of turkeys, fresh or chilled (indigenous)",2021,1253
Fiji,Natural honey,2019,1330
Fiji,Natural honey,2020,762
Fiji,Natural honey,2021,1420
Fiji,Okra,2019,7981
Fiji,Okra,2020,13122
Fiji,Okra,2021,17383
Fiji,Oranges,2019,2848
Fiji,Oranges,2020,4481
Fiji,Oranges,2021,4070
Fiji,Other pulses n.e.c.,2019,1685
Fiji,Other pulses n.e.c.,2020,2037
Fiji,Other pulses n.e.c.,2021,1358
Fiji,"Other vegetables, fresh n.e.c.",2019,51873
Fiji,"Other vegetables, fresh n.e.c.",2020,74752
Fiji,"Other vegetables, fresh n.e.c.",2021,72798
Fiji,Papayas,2019,3304
Fiji,Papayas,2020,2999
Fiji,Papayas,2021,3720
Fiji,Pineapples,2019,5538
Fiji,Pineapples,2020,5744
Fiji,Pineapples,2021,4913
Fiji,Potatoes,2019,26
Fiji,"Pumpkins, squash and gourds",2019,2073
Fiji,"Pumpkins, squash and gourds",2020,2088
Fiji,"Pumpkins, squash and gourds",2021,2082
Fiji,Raw milk of cattle,2019,4242
Fiji,Raw milk of cattle,2020,4883
Fiji,Raw milk of cattle,2021,4491
Fiji,Rice,2019,4051
Fiji,Rice,2020,5440
Fiji,Rice,2021,6375
Fiji,Sugar cane,2019,59170
Fiji,Sugar cane,2020,56549
Fiji,Sugar cane,2021,46425
Fiji,Sweet potatoes,2019,3799
Fiji,Sweet potatoes,2020,3967
Fiji,Sweet potatoes,2021,3987
Fiji,Taro,2019,47810
Fiji,Taro,2020,50024
Fiji,Taro,2021,50820
Fiji,Tomatoes,2019,887
Fiji,Tomatoes,2020,2218
Fiji,Tomatoes,2021,2925
Fiji,Watermelons,2019,4785
Fiji,Watermelons,2020,5622
Fiji,Watermelons,2021,4917
Fiji,Yams,2019,2129
Fiji,Yams,2020,2162
Fiji,Yams,2021,4004
"Gambia, The","Cassava, fresh",2019,7474
"Gambia, The","Cassava, fresh",2020,7342
"Gambia, The","Cassava, fresh",2021,7383
"Gambia, The","Game meat, fresh, chilled or frozen",2019,2477
"Gambia, The","Game meat, fresh, chilled or frozen",2020,2492
"Gambia, The","Game meat, fresh, chilled or frozen",2021,2524
"Gambia, The","Groundnuts, excluding shelled",2019,14309
"Gambia, The","Groundnuts, excluding shelled",2020,15053
"Gambia, The","Groundnuts, excluding shelled",2021,17143
"Gambia, The","Hen eggs in shell, fresh",2019,2637
"Gambia, The","Hen eggs in shell, fresh",2020,2597
"Gambia, The","Hen eggs in shell, fresh",2021,2615
"Gambia, The",Maize (corn),2019,6224
"Gambia, The",Maize (corn),2020,6718
"Gambia, The",Maize (corn),2021,10792
"Gambia, The","Mangoes, guavas and mangosteens",2019,825
"Gambia, The","Mangoes, guavas and mangosteens",2020,849
"Gambia, The","Mangoes, guavas and mangosteens",2021,841
"Gambia, The","Meat of cattle with the bone, fresh or chilled (indigenous)",2019,12277
"Gambia, The","Meat of cattle with the bone, fresh or chilled (indigenous)",2020,10927
"Gambia, The","Meat of cattle with the bone, fresh or chilled (indigenous)",2021,10907
"Gambia, The","Meat of chickens, fresh or chilled (indigenous)",2019,3522
"Gambia, The","Meat of chickens, fresh or chilled (indigenous)",2020,3339
"Gambia, The","Meat of chickens, fresh or chilled (indigenous)",2021,3315
"Gambia, The","Meat of goat, fresh or chilled (indigenous)",2019,4399
"Gambia, The","Meat of goat, fresh or chilled (indigenous)",2020,4530
"Gambia, The","Meat of goat, fresh or chilled (indigenous)",2021,4679
"Gambia, The","Meat of pig with the bone, fresh or chilled (indigenous)",2019,1641
"Gambia, The","Meat of pig with the bone, fresh or chilled (indigenous)",2020,1749
"Gambia, The","Meat of pig with the bone, fresh or chilled (indigenous)",2021,1789
"Gambia, The","Meat of sheep, fresh or chilled (indigenous)",2019,2250
"Gambia, The","Meat of sheep, fresh or chilled (indigenous)",2020,2817
"Gambia, The","Meat of sheep, fresh or chilled (indigenous)",2021,2881
"Gambia, The",Millet,2019,15229
"Gambia, The",Millet,2020,16311
"Gambia, The",Millet,2021,15079
"Gambia, The",Oil palm fruit,2019,1582
"Gambia, The",Oil palm fruit,2020,1582
"Gambia, The",Oil palm fruit,2021,1582
"Gambia, The","Other fruits, n.e.c.",2019,683
"Gambia, The","Other fruits, n.e.c.",2020,704
"Gambia, The","Other fruits, n.e.c.",2021,697
"Gambia, The","Other vegetables, fresh n.e.c.",2019,2305
"Gambia, The","Other vegetables, fresh n.e.c.",2020,2345
"Gambia, The","Other vegetables, fresh n.e.c.",2021,2306
"Gambia, The",Raw milk of cattle,2019,34174
"Gambia, The",Raw milk of cattle,2020,32317
"Gambia, The",Raw milk of cattle,2021,32196
"Gambia, The",Rice,2019,14568
"Gambia, The",Rice,2020,18398
"Gambia, The",Rice,2021,18346
"Gambia, The","Seed cotton, unginned",2019,598
"Gambia, The","Seed cotton, unginned",2020,611
"Gambia, The","Seed cotton, unginned",2021,608
"Gambia, The",Sesame seed,2019,1271
"Gambia, The",Sesame seed,2020,1552
"Gambia, The",Sesame seed,2021,1646
"Gambia, The",Sorghum,2019,2418
"Gambia, The",Sorghum,2020,2385
"Gambia, The",Sorghum,2021,1862
Georgia,"Almonds, in shell",2019,3404
Georgia,"Almonds, in shell",2020,3493
Georgia,"Almonds, in shell",2021,3555
Georgia,Apples,2019,12351
Georgia,Apples,2020,24814
Georgia,Apples,2021,20548
Georgia,Apricots,2019,1171
Georgia,Apricots,2020,1854
Georgia,Apricots,2021,1952
Georgia,Barley,2019,12314
Georgia,Barley,2020,10449
Georgia,Barley,2021,13372
Georgia,"Beans, dry",2019,8477
Georgia,"Beans, dry",2020,7471
Georgia,"Beans, dry",2021,6034
Georgia,Buckwheat,2019,133
Georgia,Buckwheat,2020,130
Georgia,Buckwheat,2021,131
Georgia,Cabbages,2019,3190
Georgia,Cabbages,2020,3212
Georgia,Cabbages,2021,2276
Georgia,Carrots and turnips,2019,344
Georgia,Carrots and turnips,2020,458
Georgia,Carrots and turnips,2021,430
Georgia,Cherries,2019,2006
Georgia,Cherries,2020,3612
Georgia,Cherries,2021,4615
Georgia,Cucumbers and gherkins,2019,12322
Georgia,Cucumbers and gherkins,2020,13295
Georgia,Cucumbers and gherkins,2021,12282
Georgia,"Eggs from other birds in shell, fresh, n.e.c.",2019,441
Georgia,"Eggs from other birds in shell, fresh, n.e.c.",2020,441
Georgia,"Eggs from other birds in shell, fresh, n.e.c.",2021,441
Georgia,Grapes,2019,141083
Georgia,Grapes,2020,152176
Georgia,Grapes,2021,130423
Georgia,"Groundnuts, excluding shelled",2019,356
Georgia,"Groundnuts, excluding shelled",2020,361
Georgia,"Groundnuts, excluding shelled",2021,359
Georgia,"Hazelnuts, in shell",2019,64395
Georgia,"Hazelnuts, in shell",2020,87739
Georgia,"Hazelnuts, in shell",2021,123424
Georgia,"Hen eggs in shell, fresh",2019,68735
Georgia,"Hen eggs in shell, fresh",2020,70117
Georgia,"Hen eggs in shell, fresh",2021,68068
Georgia,"Horse meat, fresh or chilled (indigenous)",2019,323
Georgia,"Horse meat, fresh or chilled (indigenous)",2020,396
Georgia,"Horse meat, fresh or chilled (indigenous)",2021,489
Georgia,Maize (corn),2019,52114
Georgia,Maize (corn),2020,64167
Georgia,Maize (corn),2021,58631
Georgia,"Meat of cattle with the bone, fresh or chilled (indigenous)",2019,100274
Georgia,"Meat of cattle with the bone, fresh or chilled (indigenous)",2020,91199
Georgia,"Meat of cattle with the bone, fresh or chilled (indigenous)",2021,93014
Georgia,"Meat of chickens, fresh or chilled (indigenous)",2019,41998
Georgia,"Meat of chickens, fresh or chilled (indigenous)",2020,45309
Georgia,"Meat of chickens, fresh or chilled (indigenous)",2021,48066
Georgia,"Meat of pig with the bone, fresh or chilled (indigenous)",2019,54720
Georgia,"Meat of pig with the bone, fresh or chilled (indigenous)",2020,49129
Georgia,"Meat of pig with the bone, fresh or chilled (indigenous)",2021,52058
Georgia,"Meat of rabbits and hares, fresh or chilled (indigenous)",2019,865
Georgia,"Meat of rabbits and hares, fresh or chilled (indigenous)",2020,947
Georgia,"Meat of rabbits and hares, fresh or chilled (indigenous)",2021,842
Georgia,"Meat of sheep, fresh or chilled (indigenous)",2019,28972
Georgia,"Meat of sheep, fresh or chilled (indigenous)",2020,24061
Georgia,"Meat of sheep, fresh or chilled (indigenous)",2021,21606
Georgia,Natural honey,2019,14940
Georgia,Natural honey,2020,14342
Georgia,Natural honey,2021,11952
Georgia,Oats,2019,1074
Georgia,Oats,2020,823
Georgia,Oats,2021,1146
Georgia,"Onions and shallots, dry (excluding dehydrated)",2019,2485
Georgia,"Onions and shallots, dry (excluding dehydrated)",2020,3239
Georgia,"Onions and shallots, dry (excluding dehydrated)",2021,2345
Georgia,Oranges,2019,2021
Georgia,Oranges,2020,2223
Georgia,Oranges,2021,2324
Georgia,Other berries and fruits of the genus vaccinium n.e.c.,2019,1642
Georgia,Other berries and fruits of the genus vaccinium n.e.c.,2020,1642
Georgia,Other berries and fruits of the genus vaccinium n.e.c.,2021,2791
Georgia,"Other fruits, n.e.c.",2019,14600
Georgia,"Other fruits, n.e.c.",2020,15165
Georgia,"Other fruits, n.e.c.",2021,15729
Georgia,"Other nuts (excluding wild edible nuts and groundnuts), in shell, n.e.c.",2019,1916
Georgia,"Other nuts (excluding wild edible nuts and groundnuts), in shell, n.e.c.",2020,1923
Georgia,"Other nuts (excluding wild edible nuts and groundnuts), in shell, n.e.c.",2021,1931
Georgia,"Other stimulant, spice and aromatic crops, n.e.c.",2019,40366
Georgia,"Other stimulant, spice and aromatic crops, n.e.c.",2020,39590
Georgia,"Other stimulant, spice and aromatic crops, n.e.c.",2021,38425
Georgia,Other stone fruits,2019,492
Georgia,Other stone fruits,2020,914
Georgia,Other stone fruits,2021,1196
Georgia,"Other vegetables, fresh n.e.c.",2019,8539
Georgia,"Other vegetables, fresh n.e.c.",2020,9105
Georgia,"Other vegetables, fresh n.e.c.",2021,10292
Georgia,Peaches and nectarines,2019,6893
Georgia,Peaches and nectarines,2020,8717
Georgia,Peaches and nectarines,2021,10973
Georgia,Pears,2019,3472
Georgia,Pears,2020,5770
Georgia,Pears,2021,5311
Georgia,"Peas, dry",2019,80
Georgia,"Peas, dry",2020,74
Georgia,"Peas, dry",2021,74
Georgia,Plums and sloes,2019,4313
Georgia,Plums and sloes,2020,9123
Georgia,Plums and sloes,2021,7596
Georgia,Potatoes,2019,59109
Georgia,Potatoes,2020,63329
Georgia,Potatoes,2021,71253
Georgia,Quinces,2019,636
Georgia,Quinces,2020,727
Georgia,Quinces,2021,908
Georgia,Raw milk of cattle,2019,226102
Georgia,Raw milk of cattle,2020,228847
Georgia,Raw milk of cattle,2021,236465
Georgia,Raw milk of goats,2019,2424
Georgia,Raw milk of goats,2020,2595
Georgia,Raw milk of goats,2021,2565
Georgia,Raw milk of sheep,2019,3220
Georgia,Raw milk of sheep,2020,3355
Georgia,Raw milk of sheep,2021,3417
Georgia,Rye,2019,102
Georgia,Rye,2020,102
Georgia,Rye,2021,102
Georgia,"Shorn wool, greasy, including fleece-washed shorn wool",2019,10863
Georgia,"Shorn wool, greasy, including fleece-washed shorn wool",2020,11466
Georgia,"Shorn wool, greasy, including fleece-washed shorn wool",2021,12070
Georgia,Soya beans,2019,911
Georgia,Soya beans,2020,1822
Georgia,Soya beans,2021,1367
Georgia,Strawberries,2019,1441
Georgia,Strawberries,2020,1729
Georgia,Strawberries,2021,2305
Georgia,Sunflower seed,2019,1518
Georgia,Sunflower seed,2020,1110
Georgia,Sunflower seed,2021,1226
Georgia,Tea leaves,2019,20423
Georgia,Tea leaves,2020,24508
Georgia,Tea leaves,2021,29614
Georgia,Tomatoes,2019,21497
Georgia,Tomatoes,2020,23866
Georgia,Tomatoes,2021,19505
Georgia,Unmanufactured tobacco,2019,345
Georgia,Unmanufactured tobacco,2020,344
Georgia,Unmanufactured tobacco,2021,344
Georgia,"Walnuts, in shell",2019,13351
Georgia,"Walnuts, in shell",2020,15172
Georgia,"Walnuts, in shell",2021,14565
Georgia,Watermelons,2019,9437
Georgia,Watermelons,2020,9953
Georgia,Watermelons,2021,8948
Georgia,Wheat,2019,22230
Georgia,Wheat,2020,22628
Georgia,Wheat,2021,30031
Ghana,Avocados,2019,715
Ghana,Avocados,2020,722
Ghana,Avocados,2021,730
Ghana,Bananas,2019,40088
Ghana,Bananas,2020,42558
Ghana,Bananas,2021,44554
Ghana,"Beans, dry",2019,124865
Ghana,"Beans, dry",2020,129452
Ghana,"Beans, dry",2021,133298
Ghana,"Cashew nuts, in shell",2019,17664
Ghana,"Cashew nuts, in shell",2020,26310
Ghana,"Cashew nuts, in shell",2021,32486
Ghana,"Cassava, fresh",2019,4690658
Ghana,"Cassava, fresh",2020,5024262
Ghana,"Cassava, fresh",2021,5153951
Ghana,"Chillies and peppers, dry (Capsicum spp., Pimenta spp.), raw",2019,54923
Ghana,"Chillies and peppers, dry (Capsicum spp., Pimenta spp.), raw",2020,55709
Ghana,"Chillies and peppers, dry (Capsicum spp., Pimenta spp.), raw",2021,54960
Ghana,"Chillies and peppers, green (Capsicum spp. and Pimenta spp.)",2019,142345
Ghana,"Chillies and peppers, green (Capsicum spp. and Pimenta spp.)",2020,146792
Ghana,"Chillies and peppers, green (Capsicum spp. and Pimenta spp.)",2021,142733
Ghana,Cocoa beans,2019,854225
Ghana,Cocoa beans,2020,841912
Ghana,Cocoa beans,2021,1102257
Ghana,"Coconuts, in shell",2019,22936
Ghana,"Coconuts, in shell",2020,23390
Ghana,"Coconuts, in shell",2021,23372
Ghana,"Coffee, green",2019,433
Ghana,"Coffee, green",2020,433
Ghana,"Coffee, green",2021,433
Ghana,Cucumbers and gherkins,2019,69
Ghana,Cucumbers and gherkins,2020,70
Ghana,Cucumbers and gherkins,2021,71
Ghana,"Edible roots and tubers with high starch or inulin content, n.e.c., fresh",2019,24
Ghana,"Edible roots and tubers with high starch or inulin content, n.e.c., fresh",2020,25
Ghana,"Edible roots and tubers with high starch or inulin content, n.e.c., fresh",2021,25
Ghana,Eggplants (aubergines),2019,39743
Ghana,Eggplants (aubergines),2020,39748
Ghana,Eggplants (aubergines),2021,41515
Ghana,"Game meat, fresh, chilled or frozen",2019,91817
Ghana,"Game meat, fresh, chilled or frozen",2020,92206
Ghana,"Game meat, fresh, chilled or frozen",2021,92756
Ghana,"Ginger, raw",2019,118
Ghana,"Ginger, raw",2020,121
Ghana,"Ginger, raw",2021,119
Ghana,"Groundnuts, excluding shelled",2019,648114
Ghana,"Groundnuts, excluding shelled",2020,650417
Ghana,"Groundnuts, excluding shelled",2021,577892
Ghana,"Hen eggs in shell, fresh",2019,88179
Ghana,"Hen eggs in shell, fresh",2020,84881
Ghana,"Hen eggs in shell, fresh",2021,84854
Ghana,Karite nuts (sheanuts),2019,1989
Ghana,Karite nuts (sheanuts),2020,1998
Ghana,Karite nuts (sheanuts),2021,2059
Ghana,Kola nuts,2019,11990
Ghana,Kola nuts,2020,12137
Ghana,Kola nuts,2021,12312
Ghana,Lemons and limes,2019,1598
Ghana,Lemons and limes,2020,1604
Ghana,Lemons and limes,2021,1622
Ghana,Maize (corn),2019,1086683
Ghana,Maize (corn),2020,1146411
Ghana,Maize (corn),2021,1195687
Ghana,"Mangoes, guavas and mangosteens",2019,35479
Ghana,"Mangoes, guavas and mangosteens",2020,35298
Ghana,"Mangoes, guavas and mangosteens",2021,36662
Ghana,"Meat of cattle with the bone, fresh or chilled (indigenous)",2019,20051
Ghana,"Meat of cattle with the bone, fresh or chilled (indigenous)",2020,20687
Ghana,"Meat of cattle with the bone, fresh or chilled (indigenous)",2021,21120
Ghana,"Meat of chickens, fresh or chilled (indigenous)",2019,49361
Ghana,"Meat of chickens, fresh or chilled (indigenous)",2020,48402
Ghana,"Meat of chickens, fresh or chilled (indigenous)",2021,47103
Ghana,"Meat of goat, fresh or chilled (indigenous)",2019,19287
Ghana,"Meat of goat, fresh or chilled (indigenous)",2020,20250
Ghana,"Meat of goat, fresh or chilled (indigenous)",2021,20840
Ghana,"Meat of pig with the bone, fresh or chilled (indigenous)",2019,21107
Ghana,"Meat of pig with the bone, fresh or chilled (indigenous)",2020,25163
Ghana,"Meat of pig with the bone, fresh or chilled (indigenous)",2021,20880
Ghana,"Meat of sheep, fresh or chilled (indigenous)",2019,12401
Ghana,"Meat of sheep, fresh or chilled (indigenous)",2020,13574
Ghana,"Meat of sheep, fresh or chilled (indigenous)",2021,13182
Ghana,Millet,2019,114312
Ghana,Millet,2020,117294
Ghana,Millet,2021,93437
Ghana,Natural rubber in primary forms,2019,44177
Ghana,Natural rubber in primary forms,2020,72233
Ghana,Natural rubber in primary forms,2021,88983
Ghana,Oats,2019,4
Ghana,Oats,2020,4
Ghana,Oats,2021,4
Ghana,Oil palm fruit,2019,487103
Ghana,Oil palm fruit,2020,506113
Ghana,Oil palm fruit,2021,523349
Ghana,Okra,2019,56534
Ghana,Okra,2020,56576
Ghana,Okra,2021,56553
Ghana,"Onions and shallots, dry (excluding dehydrated)",2019,139412
Ghana,"Onions and shallots, dry (excluding dehydrated)",2020,140730
Ghana,"Onions and shallots, dry (excluding dehydrated)",2021,139419
Ghana,Oranges,2019,144743
Ghana,Oranges,2020,147574
Ghana,Oranges,2021,145079
Ghana,"Other beans, green",2019,20729
Ghana,"Other beans, green",2020,21170
Ghana,"Other beans, green",2021,20742
Ghana,"Other fruits, n.e.c.",2019,3246
Ghana,"Other fruits, n.e.c.",2020,3251
Ghana,"Other fruits, n.e.c.",2021,3279
Ghana,"Other nuts (excluding wild edible nuts and groundnuts), in shell, n.e.c.",2019,682
Ghana,"Other nuts (excluding wild edible nuts and groundnuts), in shell, n.e.c.",2020,678
Ghana,"Other nuts (excluding wild edible nuts and groundnuts), in shell, n.e.c.",2021,708
Ghana,Other pulses n.e.c.,2019,7015
Ghana,Other pulses n.e.c.,2020,7065
Ghana,Other pulses n.e.c.,2021,7169
Ghana,"Other vegetables, fresh n.e.c.",2019,2348
Ghana,"Other vegetables, fresh n.e.c.",2020,2353
Ghana,"Other vegetables, fresh n.e.c.",2021,2311
Ghana,Papayas,2019,493
Ghana,Papayas,2020,504
Ghana,Papayas,2021,493
Ghana,"Pepper (Piper spp.), raw",2019,10528
Ghana,"Pepper (Piper spp.), raw",2020,10649
Ghana,"Pepper (Piper spp.), raw",2021,10535
Ghana,Pineapples,2019,207983
Ghana,Pineapples,2020,209607
Ghana,Pineapples,2021,207792
Ghana,Plantains and cooking bananas,2019,1334076
Ghana,Plantains and cooking bananas,2020,1353795
Ghana,Plantains and cooking bananas,2021,1378279
Ghana,Raw milk of cattle,2019,4131
Ghana,Raw milk of cattle,2020,4332
Ghana,Raw milk of cattle,2021,4419
Ghana,Rice,2019,221235
Ghana,Rice,2020,232716
Ghana,Rice,2021,273375
Ghana,"Seed cotton, unginned",2019,934
Ghana,"Seed cotton, unginned",2020,934
Ghana,"Seed cotton, unginned",2021,934
Ghana,Sorghum,2019,136408
Ghana,Sorghum,2020,140757
Ghana,Sorghum,2021,128105
Ghana,Sugar cane,2019,1627
Ghana,Sugar cane,2020,1636
Ghana,Sugar cane,2021,1646
Ghana,Sweet potatoes,2019,60177
Ghana,Sweet potatoes,2020,60716
Ghana,Sweet potatoes,2021,60339
Ghana,Taro,2019,800375
Ghana,Taro,2020,838097
Ghana,Taro,2021,866453
Ghana,Tomatoes,2019,528953
Ghana,Tomatoes,2020,538100
Ghana,Tomatoes,2021,529975
Ghana,Unmanufactured tobacco,2019,1495
Ghana,Unmanufactured tobacco,2020,1515
Ghana,Unmanufactured tobacco,2021,1522
Ghana,Yams,2019,3755632
Ghana,Yams,2020,3838003
Ghana,Yams,2021,4409456
Grenada,Apples,2019,1011
Grenada,Apples,2020,1011
Grenada,Apples,2021,1005
Grenada,Avocados,2019,2287
Grenada,Avocados,2020,2290
Grenada,Avocados,2021,2294
Grenada,Bananas,2019,3607
Grenada,Bananas,2020,2346
Grenada,Bananas,2021,3105
Grenada,"Beans, dry",2019,267
Grenada,"Beans, dry",2020,277
Grenada,"Beans, dry",2021,270
Grenada,Cabbages,2019,1943
Grenada,Cabbages,2020,1641
Grenada,Cabbages,2021,1489
Grenada,Cantaloupes and other melons,2019,1795
Grenada,Cantaloupes and other melons,2020,1110
Grenada,Cantaloupes and other melons,2021,1245
Grenada,Carrots and turnips,2019,150
Grenada,Carrots and turnips,2020,150
Grenada,Carrots and turnips,2021,150
Grenada,"Cassava, fresh",2019,14
Grenada,"Cassava, fresh",2020,24
Grenada,"Cassava, fresh",2021,14
Grenada,Cauliflowers and broccoli,2019,551
Grenada,Cauliflowers and broccoli,2020,810
Grenada,Cauliflowers and broccoli,2021,755
Grenada,Cocoa beans,2019,1550
Grenada,Cocoa beans,2020,1320
Grenada,Cocoa beans,2021,1722
Grenada,"Coconuts, in shell",2019,11315
Grenada,"Coconuts, in shell",2020,11315
Grenada,"Coconuts, in shell",2021,11315
Grenada,Cucumbers and gherkins,2019,1013
Grenada,Cucumbers and gherkins,2020,752
Grenada,Cucumbers and gherkins,2021,838
Grenada,"Ginger, raw",2019,439
Grenada,"Ginger, raw",2020,751
Grenada,"Ginger, raw",2021,633
Grenada,"Hen eggs in shell, fresh",2019,15936
Grenada,"Hen eggs in shell, fresh",2020,17053
Grenada,"Hen eggs in shell, fresh",2021,17219
Grenada,Lemons and limes,2019,122
Grenada,Lemons and limes,2020,125
Grenada,Lemons and limes,2021,125
Grenada,Lettuce and chicory,2019,2004
Grenada,Lettuce and chicory,2020,1496
Grenada,Lettuce and chicory,2021,1352
Grenada,Maize (corn),2019,415
Grenada,Maize (corn),2020,415
Grenada,Maize (corn),2021,418
Grenada,"Mangoes, guavas and mangosteens",2019,823
Grenada,"Mangoes, guavas and mangosteens",2020,844
Grenada,"Mangoes, guavas and mangosteens",2021,838
Grenada,"Meat of cattle with the bone, fresh or chilled (indigenous)",2019,438
Grenada,"Meat of cattle with the bone, fresh or chilled (indigenous)",2020,931
Grenada,"Meat of cattle with the bone, fresh or chilled (indigenous)",2021,814
Grenada,"Meat of chickens, fresh or chilled (indigenous)",2019,4393
Grenada,"Meat of chickens, fresh or chilled (indigenous)",2020,2860
Grenada,"Meat of chickens, fresh or chilled (indigenous)",2021,1983
Grenada,"Meat of goat, fresh or chilled (indigenous)",2019,767
Grenada,"Meat of goat, fresh or chilled (indigenous)",2020,821
Grenada,"Meat of goat, fresh or chilled (indigenous)",2021,1560
Grenada,"Meat of pig with the bone, fresh or chilled (indigenous)",2019,3759
Grenada,"Meat of pig with the bone, fresh or chilled (indigenous)",2020,4040
Grenada,"Meat of pig with the bone, fresh or chilled (indigenous)",2021,4450
Grenada,"Meat of sheep, fresh or chilled (indigenous)",2019,548
Grenada,"Meat of sheep, fresh or chilled (indigenous)",2020,0
Grenada,"Meat of sheep, fresh or chilled (indigenous)",2021,1838
Grenada,"Nutmeg, mace, cardamoms, raw",2019,1649
Grenada,"Nutmeg, mace, cardamoms, raw",2020,1963
Grenada,"Nutmeg, mace, cardamoms, raw",2021,2109
Grenada,Oranges,2019,439
Grenada,Oranges,2020,432
Grenada,Oranges,2021,439
Grenada,"Other citrus fruit, n.e.c.",2019,750
Grenada,"Other citrus fruit, n.e.c.",2020,758
Grenada,"Other citrus fruit, n.e.c.",2021,766
Grenada,"Other stimulant, spice and aromatic crops, n.e.c.",2019,104
Grenada,"Other stimulant, spice and aromatic crops, n.e.c.",2020,104
Grenada,"Other stimulant, spice and aromatic crops, n.e.c.",2021,105
Grenada,"Other tropical fruits, n.e.c.",2019,1223
Grenada,"Other tropical fruits, n.e.c.",2020,1228
Grenada,"Other tropical fruits, n.e.c.",2021,1231
Grenada,"Other vegetables, fresh n.e.c.",2019,6072
Grenada,"Other vegetables, fresh n.e.c.",2020,6107
Grenada,"Other vegetables, fresh n.e.c.",2021,6180
Grenada,"Pigeon peas, dry",2019,868
Grenada,"Pigeon peas, dry",2020,846
Grenada,"Pigeon peas, dry",2021,883
Grenada,Pineapples,2019,168
Grenada,Pineapples,2020,192
Grenada,Pineapples,2021,200
Grenada,Plantains and cooking bananas,2019,2395
Grenada,Plantains and cooking bananas,2020,4081
Grenada,Plantains and cooking bananas,2021,4181
Grenada,Plums and sloes,2019,426
Grenada,Plums and sloes,2020,402
Grenada,Plums and sloes,2021,376
Grenada,Pomelos and grapefruits,2019,991
Grenada,Pomelos and grapefruits,2020,999
Grenada,Pomelos and grapefruits,2021,991
Grenada,"Pumpkins, squash and gourds",2019,412
Grenada,"Pumpkins, squash and gourds",2020,417
Grenada,"Pumpkins, squash and gourds",2021,412
Grenada,Sugar cane,2019,2972
Grenada,Sugar cane,2020,2008
Grenada,Sugar cane,2021,3437
Grenada,Sweet potatoes,2019,3040
Grenada,Sweet potatoes,2020,2407
Grenada,Sweet potatoes,2021,1780
Grenada,Tomatoes,2019,2296
Grenada,Tomatoes,2020,1791
Grenada,Tomatoes,2021,1561
Grenada,Watermelons,2019,4703
Grenada,Watermelons,2020,2526
Grenada,Watermelons,2021,2872
Grenada,Yams,2019,887
Grenada,Yams,2020,394
Grenada,Yams,2021,356
Guinea,Bananas,2019,24884
Guinea,Bananas,2020,24419
Guinea,Bananas,2021,24575
Guinea,Cantaloupes and other melons,2019,200
Guinea,Cantaloupes and other melons,2020,199
Guinea,Cantaloupes and other melons,2021,191
Guinea,"Cashew nuts, in shell",2019,51486
Guinea,"Cashew nuts, in shell",2020,39687
Guinea,"Cashew nuts, in shell",2021,53631
Guinea,"Cassava, fresh",2019,116594
Guinea,"Cassava, fresh",2020,137134
Guinea,"Cassava, fresh",2021,149074
Guinea,Cocoa beans,2019,3027
Guinea,Cocoa beans,2020,3139
Guinea,Cocoa beans,2021,3265
Guinea,"Coconuts, in shell",2019,266
Guinea,"Coconuts, in shell",2020,266
Guinea,"Coconuts, in shell",2021,266
Guinea,"Coffee, green",2019,147267
Guinea,"Coffee, green",2020,146650
Guinea,"Coffee, green",2021,158319
Guinea,Fonio,2019,66109
Guinea,Fonio,2020,69137
Guinea,Fonio,2021,69655
Guinea,"Game meat, fresh, chilled or frozen",2019,1963
Guinea,"Game meat, fresh, chilled or frozen",2020,1979
Guinea,"Game meat, fresh, chilled or frozen",2021,1995
Guinea,Green corn (maize),2019,6419
Guinea,Green corn (maize),2020,6422
Guinea,Green corn (maize),2021,6439
Guinea,"Groundnuts, excluding shelled",2019,104948
Guinea,"Groundnuts, excluding shelled",2020,113824
Guinea,"Groundnuts, excluding shelled",2021,128875
Guinea,"Hen eggs in shell, fresh",2019,107284
Guinea,"Hen eggs in shell, fresh",2020,96091
Guinea,"Hen eggs in shell, fresh",2021,98944
Guinea,Maize (corn),2019,103216
Guinea,Maize (corn),2020,105759
Guinea,Maize (corn),2021,106535
Guinea,"Mangoes, guavas and mangosteens",2019,8552
Guinea,"Mangoes, guavas and mangosteens",2020,8748
Guinea,"Mangoes, guavas and mangosteens",2021,8948
Guinea,"Meat of cattle with the bone, fresh or chilled (indigenous)",2019,341115
Guinea,"Meat of cattle with the bone, fresh or chilled (indigenous)",2020,218744
Guinea,"Meat of cattle with the bone, fresh or chilled (indigenous)",2021,230689
Guinea,"Meat of chickens, fresh or chilled (indigenous)",2019,23667
Guinea,"Meat of chickens, fresh or chilled (indigenous)",2020,33152
Guinea,"Meat of chickens, fresh or chilled (indigenous)",2021,32720
Guinea,"Meat of goat, fresh or chilled (indigenous)",2019,5832
Guinea,"Meat of goat, fresh or chilled (indigenous)",2020,6145
Guinea,"Meat of goat, fresh or chilled (indigenous)",2021,6563
Guinea,"Meat of pig with the bone, fresh or chilled (indigenous)",2019,4653
Guinea,"Meat of pig with the bone, fresh or chilled (indigenous)",2020,5338
Guinea,"Meat of pig with the bone, fresh or chilled (indigenous)",2021,5519
Guinea,"Meat of sheep, fresh or chilled (indigenous)",2019,5034
Guinea,"Meat of sheep, fresh or chilled (indigenous)",2020,5595
Guinea,"Meat of sheep, fresh or chilled (indigenous)",2021,5969
Guinea,Millet,2019,15884
Guinea,Millet,2020,16120
Guinea,Millet,2021,16359
Guinea,Natural honey,2019,1661
Guinea,Natural honey,2020,1689
Guinea,Natural honey,2021,1671
Guinea,Natural rubber in primary forms,2019,5161
Guinea,Natural rubber in primary forms,2020,5200
Guinea,Natural rubber in primary forms,2021,5228
Guinea,Oil palm fruit,2019,243749
Guinea,Oil palm fruit,2020,250378
Guinea,Oil palm fruit,2021,249109
Guinea,Oranges,2019,5834
Guinea,Oranges,2020,6164
Guinea,Oranges,2021,6513
Guinea,"Other citrus fruit, n.e.c.",2019,2359
Guinea,"Other citrus fruit, n.e.c.",2020,2257
Guinea,"Other citrus fruit, n.e.c.",2021,2154
Guinea,Other pulses n.e.c.,2019,935
Guinea,Other pulses n.e.c.,2020,939
Guinea,Other pulses n.e.c.,2021,941
Guinea,Pineapples,2019,5908
Guinea,Pineapples,2020,6127
Guinea,Pineapples,2021,6354
Guinea,Plantains and cooking bananas,2019,18306
Guinea,Plantains and cooking bananas,2020,19825
Guinea,Plantains and cooking bananas,2021,21345
Guinea,Potatoes,2019,40698
Guinea,Potatoes,2020,54149
Guinea,Potatoes,2021,70966
Guinea,Raw milk of cattle,2019,222382
Guinea,Raw milk of cattle,2020,234578
Guinea,Raw milk of cattle,2021,247445
Guinea,Rice,2019,513188
Guinea,Rice,2020,528908
Guinea,Rice,2021,610833
Guinea,"Seed cotton, unginned",2019,4532
Guinea,"Seed cotton, unginned",2020,4586
Guinea,"Seed cotton, unginned",2021,4534
Guinea,Sesame seed,2019,290
Guinea,Sesame seed,2020,490
Guinea,Sesame seed,2021,366
Guinea,Sorghum,2019,5405
Guinea,Sorghum,2020,5483
Guinea,Sorghum,2021,5561
Guinea,Sugar cane,2019,4095
Guinea,Sugar cane,2020,4115
Guinea,Sugar cane,2021,4176
Guinea,Sweet potatoes,2019,15453
Guinea,Sweet potatoes,2020,17184
Guinea,Sweet potatoes,2021,18765
Guinea,Taro,2019,7845
Guinea,Taro,2020,8237
Guinea,Taro,2021,8583
Guinea,Unmanufactured tobacco,2019,120
Guinea,Unmanufactured tobacco,2020,120
Guinea,Unmanufactured tobacco,2021,122
Guinea,Yams,2019,10856
Guinea,Yams,2020,13038
Guinea,Yams,2021,15106
Guinea-Bissau,Bananas,2019,13947
Guinea-Bissau,Bananas,2020,14138
Guinea-Bissau,Bananas,2021,13915
Guinea-Bissau,"Cassava, fresh",2019,56306
Guinea-Bissau,"Cassava, fresh",2020,57257
Guinea-Bissau,"Cassava, fresh",2021,52469
Guinea-Bissau,"Cow peas, dry",2019,1045
Guinea-Bissau,"Cow peas, dry",2020,1090
Guinea-Bissau,"Cow peas, dry",2021,1069
Guinea-Bissau,"Edible roots and tubers with high starch or inulin content, n.e.c., fresh",2019,754585
Guinea-Bissau,"Edible roots and tubers with high starch or inulin content, n.e.c., fresh",2020,756997
Guinea-Bissau,"Edible roots and tubers with high starch or inulin content, n.e.c., fresh",2021,773755
Guinea-Bissau,"Hen eggs in shell, fresh",2019,4750
Guinea-Bissau,"Hen eggs in shell, fresh",2020,4822
Guinea-Bissau,"Hen eggs in shell, fresh",2021,4797
Guinea-Bissau,Lemons and limes,2019,4131
Guinea-Bissau,Lemons and limes,2020,4158
Guinea-Bissau,Lemons and limes,2021,4176
Guinea-Bissau,Maize (corn),2019,11300
Guinea-Bissau,Maize (corn),2020,15728
Guinea-Bissau,Maize (corn),2021,19816
Guinea-Bissau,"Mangoes, guavas and mangosteens",2019,4255
Guinea-Bissau,"Mangoes, guavas and mangosteens",2020,4280
Guinea-Bissau,"Mangoes, guavas and mangosteens",2021,4344
Guinea-Bissau,"Meat of cattle with the bone, fresh or chilled (indigenous)",2019,41792
Guinea-Bissau,"Meat of cattle with the bone, fresh or chilled (indigenous)",2020,45702
Guinea-Bissau,"Meat of cattle with the bone, fresh or chilled (indigenous)",2021,42985
Guinea-Bissau,"Meat of chickens, fresh or chilled (indigenous)",2019,9308
Guinea-Bissau,"Meat of chickens, fresh or chilled (indigenous)",2020,9540
Guinea-Bissau,"Meat of chickens, fresh or chilled (indigenous)",2021,9800
Guinea-Bissau,"Meat of goat, fresh or chilled (indigenous)",2019,5806
Guinea-Bissau,"Meat of goat, fresh or chilled (indigenous)",2020,5512
Guinea-Bissau,"Meat of goat, fresh or chilled (indigenous)",2021,5539
Guinea-Bissau,"Meat of pig with the bone, fresh or chilled (indigenous)",2019,30774
Guinea-Bissau,"Meat of pig with the bone, fresh or chilled (indigenous)",2020,36942
Guinea-Bissau,"Meat of pig with the bone, fresh or chilled (indigenous)",2021,40950
Guinea-Bissau,Natural honey,2019,154
Guinea-Bissau,Natural honey,2020,158
Guinea-Bissau,Natural honey,2021,154
Guinea-Bissau,Oranges,2019,3309
Guinea-Bissau,Oranges,2020,3346
Guinea-Bissau,Oranges,2021,3390
Guinea-Bissau,Papayas,2019,3447
Guinea-Bissau,Papayas,2020,3367
Guinea-Bissau,Papayas,2021,3369
Guinea-Bissau,Pineapples,2019,1149
Guinea-Bissau,Pineapples,2020,1149
Guinea-Bissau,Pineapples,2021,1134
Guinea-Bissau,Raw milk of cattle,2019,28484
Guinea-Bissau,Raw milk of cattle,2020,28625
Guinea-Bissau,Raw milk of cattle,2021,28799
Guinea-Bissau,Rice,2019,141097
Guinea-Bissau,Rice,2020,149504
Guinea-Bissau,Rice,2021,161407
Guinea-Bissau,Sorghum,2019,27527
Guinea-Bissau,Sorghum,2020,25993
Guinea-Bissau,Sorghum,2021,28706
Guyana,Avocados,2019,8585
Guyana,Avocados,2020,7562
Guyana,Avocados,2021,6545
Guyana,Bananas,2019,9685
Guyana,Bananas,2020,9726
Guyana,Bananas,2021,9963
Guyana,Cabbages,2019,19381
Guyana,Cabbages,2020,16198
Guyana,Cabbages,2021,15722
Guyana,"Cassava, fresh",2019,15423
Guyana,"Cassava, fresh",2020,16449
Guyana,"Cassava, fresh",2021,19690
Guyana,Cherries,2019,3659
Guyana,Cherries,2020,3560
Guyana,Cherries,2021,3527
Guyana,"Chillies and peppers, green (Capsicum spp. and Pimenta spp.)",2019,23674
Guyana,"Chillies and peppers, green (Capsicum spp. and Pimenta spp.)",2020,23308
Guyana,"Chillies and peppers, green (Capsicum spp. and Pimenta spp.)",2021,14934
Guyana,"Coconuts, in shell",2019,4077
Guyana,"Coconuts, in shell",2020,4318
Guyana,"Coconuts, in shell",2021,5167
Guyana,Cucumbers and gherkins,2019,798
Guyana,Cucumbers and gherkins,2020,770
Guyana,Cucumbers and gherkins,2021,868
Guyana,"Edible roots and tubers with high starch or inulin content, n.e.c., fresh",2019,3593
Guyana,"Edible roots and tubers with high starch or inulin content, n.e.c., fresh",2020,3506
Guyana,"Edible roots and tubers with high starch or inulin content, n.e.c., fresh",2021,3523
Guyana,Eggplants (aubergines),2019,34235
Guyana,Eggplants (aubergines),2020,34431
Guyana,Eggplants (aubergines),2021,34933
Guyana,"Ginger, raw",2019,71009
Guyana,"Ginger, raw",2020,74303
Guyana,"Ginger, raw",2021,74447
Guyana,"Hen eggs in shell, fresh",2019,6438
Guyana,"Hen eggs in shell, fresh",2020,8635
Guyana,"Hen eggs in shell, fresh",2021,7906
Guyana,Lemons and limes,2019,4233
Guyana,Lemons and limes,2020,4309
Guyana,Lemons and limes,2021,4271
Guyana,"Mangoes, guavas and mangosteens",2019,9738
Guyana,"Mangoes, guavas and mangosteens",2020,10334
Guyana,"Mangoes, guavas and mangosteens",2021,6236
Guyana,Natural honey,2019,102
Guyana,Natural honey,2020,102
Guyana,Natural honey,2021,103
Guyana,Okra,2019,10107
Guyana,Okra,2020,10492
Guyana,Okra,2021,10497
Guyana,Oranges,2019,16970
Guyana,Oranges,2020,17402
Guyana,Oranges,2021,17601
Guyana,"Other beans, green",2019,9237
Guyana,"Other beans, green",2020,9929
Guyana,"Other beans, green",2021,9808
Guyana,Papayas,2019,61797
Guyana,Papayas,2020,62741
Guyana,Papayas,2021,63199
Guyana,Pineapples,2019,22043
Guyana,Pineapples,2020,22311
Guyana,Pineapples,2021,19522
Guyana,Plantains and cooking bananas,2019,39379
Guyana,Plantains and cooking bananas,2020,42281
Guyana,Plantains and cooking bananas,2021,42806
Guyana,"Pumpkins, squash and gourds",2019,16899
Guyana,"Pumpkins, squash and gourds",2020,17103
Guyana,"Pumpkins, squash and gourds",2021,17831
Guyana,Raw milk of cattle,2019,22515
Guyana,Raw milk of cattle,2020,21239
Guyana,Raw milk of cattle,2021,21228
Guyana,Sweet potatoes,2019,8595
Guyana,Sweet potatoes,2020,8676
Guyana,Sweet potatoes,2021,8695
Guyana,Taro,2019,3493
Guyana,Taro,2020,3539
Guyana,Taro,2021,3549
Guyana,Tomatoes,2019,46976
Guyana,Tomatoes,2020,38233
Guyana,Tomatoes,2021,33993
Guyana,Watermelons,2019,9458
Guyana,Watermelons,2020,14758
Guyana,Watermelons,2021,14974
Guyana,Yams,2019,1704
Guyana,Yams,2020,1936
Guyana,Yams,2021,1820
Honduras,Apples,2019,236
Honduras,Apples,2020,238
Honduras,Apples,2021,241
Honduras,Avocados,2019,1277
Honduras,Avocados,2020,1249
Honduras,Avocados,2021,1204
Honduras,Bananas,2019,212327
Honduras,Bananas,2020,195564
Honduras,Bananas,2021,120944
Honduras,"Beans, dry",2019,98499
Honduras,"Beans, dry",2020,94675
Honduras,"Beans, dry",2021,96039
Honduras,Cabbages,2019,17142
Honduras,Cabbages,2020,16727
Honduras,Cabbages,2021,16857
Honduras,Cantaloupes and other melons,2019,59183
Honduras,Cantaloupes and other melons,2020,61851
Honduras,Cantaloupes and other melons,2021,62515
Honduras,Carrots and turnips,2019,3269
Honduras,Carrots and turnips,2020,3325
Honduras,Carrots and turnips,2021,3275
Honduras,"Cashew nuts, in shell",2019,840
Honduras,"Cashew nuts, in shell",2020,849
Honduras,"Cashew nuts, in shell",2021,861
Honduras,"Cassava, fresh",2019,5300
Honduras,"Cassava, fresh",2020,5346
Honduras,"Cassava, fresh",2021,5312
Honduras,Cauliflowers and broccoli,2019,366
Honduras,Cauliflowers and broccoli,2020,369
Honduras,Cauliflowers and broccoli,2021,373
Honduras,"Chillies and peppers, green (Capsicum spp. and Pimenta spp.)",2019,21208
Honduras,"Chillies and peppers, green (Capsicum spp. and Pimenta spp.)",2020,20660
Honduras,"Chillies and peppers, green (Capsicum spp. and Pimenta spp.)",2021,20807
Honduras,Cocoa beans,2019,1306
Honduras,Cocoa beans,2020,2612
Honduras,Cocoa beans,2021,2612
Honduras,"Coconuts, in shell",2019,1901
Honduras,"Coconuts, in shell",2020,1946
Honduras,"Coconuts, in shell",2021,1931
Honduras,"Coffee, green",2019,1064400
Honduras,"Coffee, green",2020,821230
Honduras,"Coffee, green",2021,940711
Honduras,Cucumbers and gherkins,2019,11790
Honduras,Cucumbers and gherkins,2020,13853
Honduras,Cucumbers and gherkins,2021,13264
Honduras,"Edible roots and tubers with high starch or inulin content, n.e.c., fresh",2019,4727
Honduras,"Edible roots and tubers with high starch or inulin content, n.e.c., fresh",2020,4723
Honduras,"Edible roots and tubers with high starch or inulin content, n.e.c., fresh",2021,4883
Honduras,Eggplants (aubergines),2019,9914
Honduras,Eggplants (aubergines),2020,8870
Honduras,Eggplants (aubergines),2021,9218
Honduras,Grapes,2019,270
Honduras,Grapes,2020,272
Honduras,Grapes,2021,274
Honduras,Green garlic,2019,432
Honduras,Green garlic,2020,433
Honduras,Green garlic,2021,453
Honduras,"Groundnuts, excluding shelled",2019,8
Honduras,"Groundnuts, excluding shelled",2020,8
Honduras,"Groundnuts, excluding shelled",2021,8
Honduras,"Hen eggs in shell, fresh",2019,124225
Honduras,"Hen eggs in shell, fresh",2020,124225
Honduras,"Hen eggs in shell, fresh",2021,124225
Honduras,"Horse meat, fresh or chilled (indigenous)",2019,645
Honduras,"Horse meat, fresh or chilled (indigenous)",2020,612
Honduras,"Horse meat, fresh or chilled (indigenous)",2021,599
Honduras,Lemons and limes,2019,9499
Honduras,Lemons and limes,2020,8612
Honduras,Lemons and limes,2021,8875
Honduras,Lettuce and chicory,2019,188
Honduras,Lettuce and chicory,2020,188
Honduras,Lettuce and chicory,2021,189
Honduras,Maize (corn),2019,184617
Honduras,Maize (corn),2020,208995
Honduras,Maize (corn),2021,211087
Honduras,"Mangoes, guavas and mangosteens",2019,175
Honduras,"Mangoes, guavas and mangosteens",2020,205
Honduras,"Mangoes, guavas and mangosteens",2021,203
Honduras,"Meat of cattle with the bone, fresh or chilled (indigenous)",2019,213896
Honduras,"Meat of cattle with the bone, fresh or chilled (indigenous)",2020,216380
Honduras,"Meat of cattle with the bone, fresh or chilled (indigenous)",2021,216937
Honduras,"Meat of chickens, fresh or chilled (indigenous)",2019,343851
Honduras,"Meat of chickens, fresh or chilled (indigenous)",2020,309513
Honduras,"Meat of chickens, fresh or chilled (indigenous)",2021,369829
Honduras,"Meat of goat, fresh or chilled (indigenous)",2019,244
Honduras,"Meat of goat, fresh or chilled (indigenous)",2020,243
Honduras,"Meat of goat, fresh or chilled (indigenous)",2021,244
Honduras,"Meat of pig with the bone, fresh or chilled (indigenous)",2019,22303
Honduras,"Meat of pig with the bone, fresh or chilled (indigenous)",2020,19758
Honduras,"Meat of pig with the bone, fresh or chilled (indigenous)",2021,19393
Honduras,"Meat of sheep, fresh or chilled (indigenous)",2019,156
Honduras,"Meat of sheep, fresh or chilled (indigenous)",2020,156
Honduras,"Meat of sheep, fresh or chilled (indigenous)",2021,164
Honduras,Natural honey,2019,188
Honduras,Natural honey,2020,188
Honduras,Natural honey,2021,178
Honduras,"Nutmeg, mace, cardamoms, raw",2019,2324
Honduras,"Nutmeg, mace, cardamoms, raw",2020,2314
Honduras,"Nutmeg, mace, cardamoms, raw",2021,2265
Honduras,Oil palm fruit,2019,370536
Honduras,Oil palm fruit,2020,373870
Honduras,Oil palm fruit,2021,339508
Honduras,"Onions and shallots, dry (excluding dehydrated)",2019,7992
Honduras,"Onions and shallots, dry (excluding dehydrated)",2020,8166
Honduras,"Onions and shallots, dry (excluding dehydrated)",2021,7971
Honduras,Oranges,2019,40246
Honduras,Oranges,2020,40630
Honduras,Oranges,2021,40211
Honduras,"Other citrus fruit, n.e.c.",2019,219
Honduras,"Other citrus fruit, n.e.c.",2020,215
Honduras,"Other citrus fruit, n.e.c.",2021,227
Honduras,"Other fruits, n.e.c.",2019,29760
Honduras,"Other fruits, n.e.c.",2020,30973
Honduras,"Other fruits, n.e.c.",2021,30531
Honduras,"Other vegetables, fresh n.e.c.",2019,15841
Honduras,"Other vegetables, fresh n.e.c.",2020,18021
Honduras,"Other vegetables, fresh n.e.c.",2021,16007
Honduras,Papayas,2019,183
Honduras,Papayas,2020,161
Honduras,Papayas,2021,164
Honduras,"Pepper (Piper spp.), raw",2019,4783
Honduras,"Pepper (Piper spp.), raw",2020,5100
Honduras,"Pepper (Piper spp.), raw",2021,6007
Honduras,Pineapples,2019,33826
Honduras,Pineapples,2020,38711
Honduras,Pineapples,2021,39463
Honduras,Plantains and cooking bananas,2019,25398
Honduras,Plantains and cooking bananas,2020,26124
Honduras,Plantains and cooking bananas,2021,25850
Honduras,Pomelos and grapefruits,2019,4812
Honduras,Pomelos and grapefruits,2020,4647
Honduras,Pomelos and grapefruits,2021,4653
Honduras,Potatoes,2019,10350
Honduras,Potatoes,2020,10501
Honduras,Potatoes,2021,10354
Honduras,"Pumpkins, squash and gourds",2019,5565
Honduras,"Pumpkins, squash and gourds",2020,5853
Honduras,"Pumpkins, squash and gourds",2021,6027
Honduras,Raw milk of cattle,2019,296028
Honduras,Raw milk of cattle,2020,297042
Honduras,Raw milk of cattle,2021,298188
Honduras,Rice,2019,24644
Honduras,Rice,2020,28617
Honduras,Rice,2021,23465
Honduras,"Seed cotton, unginned",2019,3573
Honduras,"Seed cotton, unginned",2020,3560
Honduras,"Seed cotton, unginned",2021,3648
Honduras,Sesame seed,2019,1031
Honduras,Sesame seed,2020,1047
Honduras,Sesame seed,2021,1085
Honduras,Sorghum,2019,6761
Honduras,Sorghum,2020,6439
Honduras,Sorghum,2021,4829
Honduras,Soya beans,2019,889
Honduras,Soya beans,2020,889
Honduras,Soya beans,2021,887
Honduras,Sugar cane,2019,97323
Honduras,Sugar cane,2020,90510
Honduras,Sugar cane,2021,86636
Honduras,Sweet potatoes,2019,3640
Honduras,Sweet potatoes,2020,4011
Honduras,Sweet potatoes,2021,4320
Honduras,Tomatoes,2019,52244
Honduras,Tomatoes,2020,51500
Honduras,Tomatoes,2021,50309
Honduras,Unmanufactured tobacco,2019,42894
Honduras,Unmanufactured tobacco,2020,42912
Honduras,Unmanufactured tobacco,2021,42876
Honduras,Watermelons,2019,13977
Honduras,Watermelons,2020,14029
Honduras,Watermelons,2021,14104
Honduras,Wheat,2019,130
Honduras,Wheat,2020,131
Honduras,Wheat,2021,134
Iceland,Barley,2019,2275
Iceland,Barley,2020,2099
Iceland,Barley,2021,2157
Iceland,Cabbages,2019,292
Iceland,Cabbages,2020,337
Iceland,Cabbages,2021,444
Iceland,Carrots and turnips,2019,5446
Iceland,Carrots and turnips,2020,5091
Iceland,Carrots and turnips,2021,4375
Iceland,Cauliflowers and broccoli,2019,204
Iceland,Cauliflowers and broccoli,2020,238
Iceland,Cauliflowers and broccoli,2021,278
Iceland,Cucumbers and gherkins,2019,4132
Iceland,Cucumbers and gherkins,2020,3883
Iceland,Cucumbers and gherkins,2021,4439
Iceland,"Hen eggs in shell, fresh",2019,18349
Iceland,"Hen eggs in shell, fresh",2020,15448
Iceland,"Hen eggs in shell, fresh",2021,15231
Iceland,"Horse meat, fresh or chilled (indigenous)",2019,1607
Iceland,"Horse meat, fresh or chilled (indigenous)",2020,1579
Iceland,"Horse meat, fresh or chilled (indigenous)",2021,1231
Iceland,"Meat of cattle with the bone, fresh or chilled (indigenous)",2019,22987
Iceland,"Meat of cattle with the bone, fresh or chilled (indigenous)",2020,22158
Iceland,"Meat of cattle with the bone, fresh or chilled (indigenous)",2021,23649
Iceland,"Meat of chickens, fresh or chilled (indigenous)",2019,38116
Iceland,"Meat of chickens, fresh or chilled (indigenous)",2020,36053
Iceland,"Meat of chickens, fresh or chilled (indigenous)",2021,35762
Iceland,"Meat of pig with the bone, fresh or chilled (indigenous)",2019,23156
Iceland,"Meat of pig with the bone, fresh or chilled (indigenous)",2020,24148
Iceland,"Meat of pig with the bone, fresh or chilled (indigenous)",2021,23322
Iceland,"Meat of sheep, fresh or chilled (indigenous)",2019,43956
Iceland,"Meat of sheep, fresh or chilled (indigenous)",2020,42861
Iceland,"Meat of sheep, fresh or chilled (indigenous)",2021,42459
Iceland,Mushrooms and truffles,2019,2941
Iceland,Mushrooms and truffles,2020,3208
Iceland,Mushrooms and truffles,2021,3051
Iceland,Potatoes,2019,7441
Iceland,Potatoes,2020,6696
Iceland,Potatoes,2021,5767
Iceland,Raw milk of cattle,2019,94709
Iceland,Raw milk of cattle,2020,94165
Iceland,Raw milk of cattle,2021,92832
Iceland,"Shorn wool, greasy, including fleece-washed shorn wool",2019,4286
Iceland,"Shorn wool, greasy, including fleece-washed shorn wool",2020,3956
Iceland,"Shorn wool, greasy, including fleece-washed shorn wool",2021,3636
Iceland,Tomatoes,2019,4906
Iceland,Tomatoes,2020,4823
Iceland,Tomatoes,2021,5117
India,"Anise, badian, coriander, cumin, caraway, fennel and juniper berries, raw",2019,1710640
India,"Anise, badian, coriander, cumin, caraway, fennel and juniper berries, raw",2020,2070961
India,"Anise, badian, coriander, cumin, caraway, fennel and juniper berries, raw",2021,2153658
India,Apples,2019,2301842
India,Apples,2020,2796798
India,Apples,2021,2262086
India,Apricots,2019,6424
India,Apricots,2020,6304
India,Apricots,2021,6344
India,Areca nuts,2019,2133314
India,Areca nuts,2020,3272187
India,Areca nuts,2021,3700744
India,Bananas,2019,8489674
India,Bananas,2020,9085289
India,Bananas,2021,9214892
India,Barley,2019,423127
India,Barley,2020,446125
India,Barley,2021,429156
India,"Beans, dry",2019,4051522
India,"Beans, dry",2020,4274765
India,"Beans, dry",2021,4410569
India,Cabbages,2019,2340970
India,Cabbages,2020,2378161
India,Cabbages,2021,2452030
India,Cantaloupes and other melons,2019,787380
India,Cantaloupes and other melons,2020,850819
India,Cantaloupes and other melons,2021,919233
India,Carrots and turnips,2019,279516
India,Carrots and turnips,2020,269882
India,Carrots and turnips,2021,278204
India,"Cashew nuts, in shell",2019,995776
India,"Cashew nuts, in shell",2020,942168
India,"Cashew nuts, in shell",2021,989075
India,"Cassava, fresh",2019,489377
India,"Cassava, fresh",2020,595985
India,"Cassava, fresh",2021,682629
India,Castor oil seeds,2019,878715
India,Castor oil seeds,2020,785661
India,Castor oil seeds,2021,772210
India,Cauliflowers and broccoli,2019,4706044
India,Cauliflowers and broccoli,2020,4632471
India,Cauliflowers and broccoli,2021,4779616
India,Cherries,2019,13229
India,Cherries,2020,13244
India,Cherries,2021,13261
India,"Chick peas, dry",2019,6848551
India,"Chick peas, dry",2020,7634508
India,"Chick peas, dry",2021,8208332
India,"Chillies and peppers, dry (Capsicum spp., Pimenta spp.), raw",2019,2570193
India,"Chillies and peppers, dry (Capsicum spp., Pimenta spp.), raw",2020,2705854
India,"Chillies and peppers, dry (Capsicum spp., Pimenta spp.), raw",2021,3021414
India,"Chillies and peppers, green (Capsicum spp. and Pimenta spp.)",2019,1238751
India,"Chillies and peppers, green (Capsicum spp. and Pimenta spp.)",2020,1346807
India,"Chillies and peppers, green (Capsicum spp. and Pimenta spp.)",2021,1425880
India,Cocoa beans,2019,22196
India,Cocoa beans,2020,24046
India,Cocoa beans,2021,24971
India,"Coconuts, in shell",2019,1942899
India,"Coconuts, in shell",2020,1853443
India,"Coconuts, in shell",2021,1892481
India,"Coffee, green",2019,699439
India,"Coffee, green",2020,652372
India,"Coffee, green",2021,731182
India,Cucumbers and gherkins,2019,252000
India,Cucumbers and gherkins,2020,262717
India,Cucumbers and gherkins,2021,262079
India,Eggplants (aubergines),2019,1750825
India,Eggplants (aubergines),2020,1751101
India,Eggplants (aubergines),2021,1777612
India,Figs,2019,5846
India,Figs,2020,5906
India,Figs,2021,5852
India,"Ginger, raw",2019,1486627
India,"Ginger, raw",2020,1553143
India,"Ginger, raw",2021,1849969
India,Grapes,2019,2152570
India,Grapes,2020,2251669
India,Grapes,2021,2376959
India,Green garlic,2019,4112765
India,Green garlic,2020,4133965
India,Green garlic,2021,4508495
India,"Groundnuts, excluding shelled",2019,5371168
India,"Groundnuts, excluding shelled",2020,5571198
India,"Groundnuts, excluding shelled",2021,5603539
India,"Hen eggs in shell, fresh",2019,6380887
India,"Hen eggs in shell, fresh",2020,6808511
India,"Hen eggs in shell, fresh",2021,7229765
India,"Jute, raw or retted",2019,561750
India,"Jute, raw or retted",2020,558911
India,"Jute, raw or retted",2021,529573
India,"Kenaf, and other textile bast fibres, raw or retted",2019,66404
India,"Kenaf, and other textile bast fibres, raw or retted",2020,66141
India,"Kenaf, and other textile bast fibres, raw or retted",2021,66114
India,Lemons and limes,2019,1892205
India,Lemons and limes,2020,2003607
India,Lemons and limes,2021,1928071
India,"Lentils, dry",2019,604445
India,"Lentils, dry",2020,543012
India,"Lentils, dry",2021,735409
India,Lettuce and chicory,2019,428948
India,Lettuce and chicory,2020,432483
India,Lettuce and chicory,2021,441196
India,Linseed,2019,68138
India,Linseed,2020,82994
India,Linseed,2021,76591
India,Maize (corn),2019,6123741
India,Maize (corn),2020,6821755
India,Maize (corn),2021,7237062
India,"Mangoes, guavas and mangosteens",2019,19140745
India,"Mangoes, guavas and mangosteens",2020,18429167
India,"Mangoes, guavas and mangosteens",2021,18646071
India,"Meat of buffalo, fresh or chilled (indigenous)",2019,2532529
India,"Meat of buffalo, fresh or chilled (indigenous)",2020,2222312
India,"Meat of buffalo, fresh or chilled (indigenous)",2021,2479576
India,"Meat of chickens, fresh or chilled (indigenous)",2019,11893130
India,"Meat of chickens, fresh or chilled (indigenous)",2020,12246301
India,"Meat of chickens, fresh or chilled (indigenous)",2021,12644006
India,"Meat of ducks, fresh or chilled (indigenous)",2019,148989
India,"Meat of ducks, fresh or chilled (indigenous)",2020,149429
India,"Meat of ducks, fresh or chilled (indigenous)",2021,148951
India,"Meat of goat, fresh or chilled (indigenous)",2019,4667314
India,"Meat of goat, fresh or chilled (indigenous)",2020,4798134
India,"Meat of goat, fresh or chilled (indigenous)",2021,5009837
India,"Meat of pig with the bone, fresh or chilled (indigenous)",2019,326880
India,"Meat of pig with the bone, fresh or chilled (indigenous)",2020,299798
India,"Meat of pig with the bone, fresh or chilled (indigenous)",2021,288591
India,"Meat of sheep, fresh or chilled (indigenous)",2019,3589733
India,"Meat of sheep, fresh or chilled (indigenous)",2020,4121652
India,"Meat of sheep, fresh or chilled (indigenous)",2021,4480574
India,Millet,2019,2757802
India,Millet,2020,2916801
India,Millet,2021,2616630
India,Mushrooms and truffles,2019,258682
India,Mushrooms and truffles,2020,299901
India,Mushrooms and truffles,2021,345383
India,Natural honey,2019,246824
India,Natural honey,2020,252188
India,Natural honey,2021,268755
India,Natural rubber in primary forms,2019,894940
India,Natural rubber in primary forms,2020,873267
India,Natural rubber in primary forms,2021,954857
India,"Nutmeg, mace, cardamoms, raw",2019,163594
India,"Nutmeg, mace, cardamoms, raw",2020,159289
India,"Nutmeg, mace, cardamoms, raw",2021,215255
India,Okra,2019,5881013
India,Okra,2020,6051463
India,Okra,2021,6157162
India,"Onions and shallots, dry (excluding dehydrated)",2019,4656088
India,"Onions and shallots, dry (excluding dehydrated)",2020,5323721
India,"Onions and shallots, dry (excluding dehydrated)",2021,5435945
India,Oranges,2019,2442612
India,Oranges,2020,3021416
India,Oranges,2021,2982368
India,"Other beans, green",2019,839979
India,"Other beans, green",2020,809119
India,"Other beans, green",2021,925229
India,"Other citrus fruit, n.e.c.",2019,499960
India,"Other citrus fruit, n.e.c.",2020,199592
India,"Other citrus fruit, n.e.c.",2021,239217
India,"Other fruits, n.e.c.",2019,3132160
India,"Other fruits, n.e.c.",2020,3401594
India,"Other fruits, n.e.c.",2021,3542032
India,"Other oil seeds, n.e.c.",2019,19974
India,"Other oil seeds, n.e.c.",2020,19498
India,"Other oil seeds, n.e.c.",2021,19974
India,"Other stimulant, spice and aromatic crops, n.e.c.",2019,1007013
India,"Other stimulant, spice and aromatic crops, n.e.c.",2020,1027612
India,"Other stimulant, spice and aromatic crops, n.e.c.",2021,997493
India,Other stone fruits,2019,878
India,Other stone fruits,2020,912
India,Other stone fruits,2021,897
India,"Other tropical fruits, n.e.c.",2019,1178642
India,"Other tropical fruits, n.e.c.",2020,1080304
India,"Other tropical fruits, n.e.c.",2021,1020904
India,"Other vegetables, fresh n.e.c.",2019,8651273
India,"Other vegetables, fresh n.e.c.",2020,8604058
India,"Other vegetables, fresh n.e.c.",2021,8848149
India,Papayas,2019,2281391
India,Papayas,2020,2179577
India,Papayas,2021,2089076
India,Peaches and nectarines,2019,47284
India,Peaches and nectarines,2020,47869
India,Peaches and nectarines,2021,44731
India,Pears,2019,123994
India,Pears,2020,119861
India,Pears,2021,114074
India,"Peas, dry",2019,368941
India,"Peas, dry",2020,390914
India,"Peas, dry",2021,398359
India,"Peas, green",2019,3232503
India,"Peas, green",2020,3398719
India,"Peas, green",2021,3397557
India,"Pepper (Piper spp.), raw",2019,372950
India,"Pepper (Piper spp.), raw",2020,283115
India,"Pepper (Piper spp.), raw",2021,383839
India,"Pigeon peas, dry",2019,2718664
India,"Pigeon peas, dry",2020,3014981
India,"Pigeon peas, dry",2021,2948123
India,Pineapples,2019,702818
India,Pineapples,2020,711444
India,Pineapples,2021,738965
India,Plums and sloes,2019,34306
India,Plums and sloes,2020,35349
India,Plums and sloes,2021,33962
India,Potatoes,2019,9419474
India,Potatoes,2020,9113937
India,Potatoes,2021,10177686
India,"Pumpkins, squash and gourds",2019,1053499
India,"Pumpkins, squash and gourds",2020,1097771
India,"Pumpkins, squash and gourds",2021,1115852
India,Rape or colza seed,2019,4452796
India,Rape or colza seed,2020,4389283
India,Rape or colza seed,2021,4911923
India,Raw milk of buffalo,2019,52895406
India,Raw milk of buffalo,2020,52591488
India,Raw milk of buffalo,2021,54926353
India,Raw milk of cattle,2019,40548624
India,Raw milk of cattle,2020,45440513
India,Raw milk of cattle,2021,48601005
India,Raw milk of goats,2019,2203294
India,Raw milk of goats,2020,2358362
India,Raw milk of goats,2021,2486672
India,Rice,2019,77231123
India,Rice,2020,80597651
India,Rice,2021,86128901
India,Safflower seed,2019,10688
India,Safflower seed,2020,18943
India,Safflower seed,2021,15568
India,"Seed cotton, unginned",2019,14636145
India,"Seed cotton, unginned",2020,13983954
India,"Seed cotton, unginned",2021,13568286
India,Sesame seed,2019,475337
India,Sesame seed,2020,590513
India,Sesame seed,2021,570221
India,"Shorn wool, greasy, including fleece-washed shorn wool",2019,62293
India,"Shorn wool, greasy, including fleece-washed shorn wool",2020,62395
India,"Shorn wool, greasy, including fleece-washed shorn wool",2021,62684
India,Silk-worm cocoons suitable for reeling,2019,853747
India,Silk-worm cocoons suitable for reeling,2020,867279
India,Silk-worm cocoons suitable for reeling,2021,817895
India,Sorghum,2019,777131
India,Sorghum,2020,1144325
India,Sorghum,2021,1000186
India,Soya beans,2019,4102124
India,Soya beans,2020,4608024
India,Soya beans,2021,4745576
India,Sugar cane,2019,8632940
India,Sugar cane,2020,7889440
India,Sugar cane,2021,8632568
India,Sunflower seed,2019,126793
India,Sunflower seed,2020,115552
India,Sunflower seed,2021,152204
India,Sweet potatoes,2019,233622
India,Sweet potatoes,2020,230591
India,Sweet potatoes,2021,226549
India,Tea leaves,2019,2904092
India,Tea leaves,2020,2635497
India,Tea leaves,2021,2926195
India,Tomatoes,2019,5677617
India,Tomatoes,2020,6138530
India,Tomatoes,2021,6327017
India,Unmanufactured tobacco,2019,947145
India,Unmanufactured tobacco,2020,938606
India,Unmanufactured tobacco,2021,927210
India,"Walnuts, in shell",2019,592752
India,"Walnuts, in shell",2020,567479
India,"Walnuts, in shell",2021,557693
India,Watermelons,2019,404942
India,Watermelons,2020,512385
India,Watermelons,2021,528128
India,Wheat,2019,29413180
India,Wheat,2020,30623900
India,Wheat,2021,31113945
Indonesia,"Abaca, manila hemp, raw",2019,180
Indonesia,"Abaca, manila hemp, raw",2020,177
Indonesia,"Abaca, manila hemp, raw",2021,178
Indonesia,Areca nuts,2019,27013
Indonesia,Areca nuts,2020,27609
Indonesia,Areca nuts,2021,34714
Indonesia,Avocados,2019,261800
Indonesia,Avocados,2020,345417
Indonesia,Avocados,2021,379418
Indonesia,Bananas,2019,3677448
Indonesia,Bananas,2020,4133095
Indonesia,Bananas,2021,4415137
Indonesia,"Beans, dry",2019,68532
Indonesia,"Beans, dry",2020,77623
Indonesia,"Beans, dry",2021,78048
Indonesia,Cabbages,2019,527966
Indonesia,Cabbages,2020,525696
Indonesia,Cabbages,2021,536041
Indonesia,Cantaloupes and other melons,2019,58262
Indonesia,Cantaloupes and other melons,2020,65930
Indonesia,Cantaloupes and other melons,2021,61622
Indonesia,Carrots and turnips,2019,407117
Indonesia,Carrots and turnips,2020,392770
Indonesia,Carrots and turnips,2021,434549
Indonesia,"Cashew nuts, in shell",2019,128681
Indonesia,"Cashew nuts, in shell",2020,131340
Indonesia,"Cashew nuts, in shell",2021,131713
Indonesia,"Cassava, fresh",2019,3185915
Indonesia,"Cassava, fresh",2020,3170521
Indonesia,"Cassava, fresh",2021,3408347
Indonesia,Castor oil seeds,2019,398
Indonesia,Castor oil seeds,2020,345
Indonesia,Castor oil seeds,2021,318
Indonesia,"Chillies and peppers, green (Capsicum spp. and Pimenta spp.)",2019,5687188
Indonesia,"Chillies and peppers, green (Capsicum spp. and Pimenta spp.)",2020,6091348
Indonesia,"Chillies and peppers, green (Capsicum spp. and Pimenta spp.)",2021,6035159
Indonesia,"Cinnamon and cinnamon-tree flowers, raw",2019,193120
Indonesia,"Cinnamon and cinnamon-tree flowers, raw",2020,129597
Indonesia,"Cinnamon and cinnamon-tree flowers, raw",2021,138683
Indonesia,"Cloves (whole stems), raw",2019,66494
Indonesia,"Cloves (whole stems), raw",2020,68944
Indonesia,"Cloves (whole stems), raw",2021,64112
Indonesia,Cocoa beans,2019,1366321
Indonesia,Cocoa beans,2020,1340038
Indonesia,Cocoa beans,2021,1209786
Indonesia,"Coconuts, in shell",2019,2924811
Indonesia,"Coconuts, in shell",2020,2890402
Indonesia,"Coconuts, in shell",2021,3114064
Indonesia,"Coffee, green",2019,1102091
Indonesia,"Coffee, green",2020,1116543
Indonesia,"Coffee, green",2021,1151415
Indonesia,Cucumbers and gherkins,2019,150812
Indonesia,Cucumbers and gherkins,2020,152650
Indonesia,Cucumbers and gherkins,2021,163254
Indonesia,"Edible roots and tubers with high starch or inulin content, n.e.c., fresh",2019,39358
Indonesia,"Edible roots and tubers with high starch or inulin content, n.e.c., fresh",2020,39995
Indonesia,"Edible roots and tubers with high starch or inulin content, n.e.c., fresh",2021,40141
Indonesia,Eggplants (aubergines),2019,207721
Indonesia,Eggplants (aubergines),2020,223176
Indonesia,Eggplants (aubergines),2021,244164
Indonesia,"Eggs from other birds in shell, fresh, n.e.c.",2019,1038067
Indonesia,"Eggs from other birds in shell, fresh, n.e.c.",2020,1103161
Indonesia,"Eggs from other birds in shell, fresh, n.e.c.",2021,1164560
Indonesia,"Ginger, raw",2019,94401
Indonesia,"Ginger, raw",2020,99348
Indonesia,"Ginger, raw",2021,166326
Indonesia,Green corn (maize),2019,196800
Indonesia,Green corn (maize),2020,247347
Indonesia,Green corn (maize),2021,153396
Indonesia,Green garlic,2019,125676
Indonesia,Green garlic,2020,115754
Indonesia,Green garlic,2021,63805
Indonesia,"Groundnuts, excluding shelled",2019,756326
Indonesia,"Groundnuts, excluding shelled",2020,745894
Indonesia,"Groundnuts, excluding shelled",2021,728160
Indonesia,"Hen eggs in shell, fresh",2019,8290651
Indonesia,"Hen eggs in shell, fresh",2020,8967713
Indonesia,"Hen eggs in shell, fresh",2021,9635942
Indonesia,"Horse meat, fresh or chilled (indigenous)",2019,3969
Indonesia,"Horse meat, fresh or chilled (indigenous)",2020,2665
Indonesia,"Horse meat, fresh or chilled (indigenous)",2021,2751
Indonesia,"Kenaf, and other textile bast fibres, raw or retted",2019,1193
Indonesia,"Kenaf, and other textile bast fibres, raw or retted",2020,1187
Indonesia,"Kenaf, and other textile bast fibres, raw or retted",2021,1188
Indonesia,Leeks and other alliaceous vegetables,2019,477821
Indonesia,Leeks and other alliaceous vegetables,2020,469045
Indonesia,Leeks and other alliaceous vegetables,2021,507964
Indonesia,Maize (corn),2019,5889524
Indonesia,Maize (corn),2020,3875079
Indonesia,Maize (corn),2021,4020738
Indonesia,"Mangoes, guavas and mangosteens",2019,1847267
Indonesia,"Mangoes, guavas and mangosteens",2020,2028053
Indonesia,"Mangoes, guavas and mangosteens",2021,1996991
Indonesia,"Meat of buffalo, fresh or chilled (indigenous)",2019,191417
Indonesia,"Meat of buffalo, fresh or chilled (indigenous)",2020,135085
Indonesia,"Meat of buffalo, fresh or chilled (indigenous)",2021,137242
Indonesia,"Meat of cattle with the bone, fresh or chilled (indigenous)",2019,1472692
Indonesia,"Meat of cattle with the bone, fresh or chilled (indigenous)",2020,2653162
Indonesia,"Meat of cattle with the bone, fresh or chilled (indigenous)",2021,2980443
Indonesia,"Meat of chickens, fresh or chilled (indigenous)",2019,13914912
Indonesia,"Meat of chickens, fresh or chilled (indigenous)",2020,12900787
Indonesia,"Meat of chickens, fresh or chilled (indigenous)",2021,12819778
Indonesia,"Meat of ducks, fresh or chilled (indigenous)",2019,211410
Indonesia,"Meat of ducks, fresh or chilled (indigenous)",2020,186679
Indonesia,"Meat of ducks, fresh or chilled (indigenous)",2021,207405
Indonesia,"Meat of goat, fresh or chilled (indigenous)",2019,459134
Indonesia,"Meat of goat, fresh or chilled (indigenous)",2020,388908
Indonesia,"Meat of goat, fresh or chilled (indigenous)",2021,376438
Indonesia,"Meat of pig with the bone, fresh or chilled (indigenous)",2019,666050
Indonesia,"Meat of pig with the bone, fresh or chilled (indigenous)",2020,791947
Indonesia,"Meat of pig with the bone, fresh or chilled (indigenous)",2021,735326
Indonesia,"Meat of sheep, fresh or chilled (indigenous)",2019,429934
Indonesia,"Meat of sheep, fresh or chilled (indigenous)",2020,332471
Indonesia,"Meat of sheep, fresh or chilled (indigenous)",2021,311083
Indonesia,Mushrooms and truffles,2019,12338
Indonesia,Mushrooms and truffles,2020,12533
Indonesia,Mushrooms and truffles,2021,33639
Indonesia,Natural rubber in primary forms,2019,1844808
Indonesia,Natural rubber in primary forms,2020,1624725
Indonesia,Natural rubber in primary forms,2021,1628986
Indonesia,"Nutmeg, mace, cardamoms, raw",2019,169824
Indonesia,"Nutmeg, mace, cardamoms, raw",2020,159227
Indonesia,"Nutmeg, mace, cardamoms, raw",2021,169615
Indonesia,Oil palm fruit,2019,24283745
Indonesia,Oil palm fruit,2020,25402812
Indonesia,Oil palm fruit,2021,28200478
Indonesia,"Onions and shallots, dry (excluding dehydrated)",2019,2010212
Indonesia,"Onions and shallots, dry (excluding dehydrated)",2020,2309411
Indonesia,"Onions and shallots, dry (excluding dehydrated)",2021,2550021
Indonesia,Oranges,2019,1448306
Indonesia,Oranges,2020,1538400
Indonesia,Oranges,2021,1420269
Indonesia,"Other beans, green",2019,907981
Indonesia,"Other beans, green",2020,894201
Indonesia,"Other beans, green",2021,894968
Indonesia,"Other fruits, n.e.c.",2019,769493
Indonesia,"Other fruits, n.e.c.",2020,783875
Indonesia,"Other fruits, n.e.c.",2021,782922
Indonesia,"Other nuts (excluding wild edible nuts and groundnuts), in shell, n.e.c.",2019,47692
Indonesia,"Other nuts (excluding wild edible nuts and groundnuts), in shell, n.e.c.",2020,47740
Indonesia,"Other nuts (excluding wild edible nuts and groundnuts), in shell, n.e.c.",2021,47455
Indonesia,Other pulses n.e.c.,2019,515
Indonesia,Other pulses n.e.c.,2020,519
Indonesia,Other pulses n.e.c.,2021,522
Indonesia,"Other stimulant, spice and aromatic crops, n.e.c.",2019,172198
Indonesia,"Other stimulant, spice and aromatic crops, n.e.c.",2020,187644
Indonesia,"Other stimulant, spice and aromatic crops, n.e.c.",2021,200091
Indonesia,Other sugar crops n.e.c.,2019,8998
Indonesia,Other sugar crops n.e.c.,2020,9038
Indonesia,Other sugar crops n.e.c.,2021,8513
Indonesia,"Other tropical fruits, n.e.c.",2019,1192389
Indonesia,"Other tropical fruits, n.e.c.",2020,1241419
Indonesia,"Other tropical fruits, n.e.c.",2021,1221536
Indonesia,"Other vegetables, fresh n.e.c.",2019,257280
Indonesia,"Other vegetables, fresh n.e.c.",2020,258752
Indonesia,"Other vegetables, fresh n.e.c.",2021,256138
Indonesia,Papayas,2019,280181
Indonesia,Papayas,2020,288526
Indonesia,Papayas,2021,331640
Indonesia,"Pepper (Piper spp.), raw",2019,554227
Indonesia,"Pepper (Piper spp.), raw",2020,544511
Indonesia,"Pepper (Piper spp.), raw",2021,527009
Indonesia,Pineapples,2019,758342
Indonesia,Pineapples,2020,844928
Indonesia,Pineapples,2021,996556
Indonesia,Potatoes,2019,929944
Indonesia,Potatoes,2020,907388
Indonesia,Potatoes,2021,962772
Indonesia,"Pumpkins, squash and gourds",2019,264376
Indonesia,"Pumpkins, squash and gourds",2020,254295
Indonesia,"Pumpkins, squash and gourds",2021,246790
Indonesia,Raw milk of cattle,2019,548005
Indonesia,Raw milk of cattle,2020,549384
Indonesia,Raw milk of cattle,2021,549079
Indonesia,Raw milk of goats,2019,170473
Indonesia,Raw milk of goats,2020,171598
Indonesia,Raw milk of goats,2021,173047
Indonesia,Raw milk of sheep,2019,78466
Indonesia,Raw milk of sheep,2020,76922
Indonesia,Raw milk of sheep,2021,71726
Indonesia,Rice,2019,38071533
Indonesia,Rice,2020,38103027
Indonesia,Rice,2021,37939939
Indonesia,"Seed cotton, unginned",2019,58
Indonesia,"Seed cotton, unginned",2020,30
Indonesia,"Seed cotton, unginned",2021,21
Indonesia,"Shorn wool, greasy, including fleece-washed shorn wool",2019,86876
Indonesia,"Shorn wool, greasy, including fleece-washed shorn wool",2020,87962
Indonesia,"Shorn wool, greasy, including fleece-washed shorn wool",2021,82093
Indonesia,"Sisal, raw",2019,94
Indonesia,"Sisal, raw",2020,93
Indonesia,"Sisal, raw",2021,93
Indonesia,Soya beans,2019,275056
Indonesia,Soya beans,2020,188776
Indonesia,Soya beans,2021,140391
Indonesia,Spinach,2019,64514
Indonesia,Spinach,2020,63193
Indonesia,Spinach,2021,69101
Indonesia,Sugar cane,2019,1264222
Indonesia,Sugar cane,2020,1272911
Indonesia,Sugar cane,2021,1398898
Indonesia,Sweet potatoes,2019,437264
Indonesia,Sweet potatoes,2020,462646
Indonesia,Sweet potatoes,2021,445837
Indonesia,Tea leaves,2019,246978
Indonesia,Tea leaves,2020,276087
Indonesia,Tea leaves,2021,292405
Indonesia,Tomatoes,2019,622695
Indonesia,Tomatoes,2020,662158
Indonesia,Tomatoes,2021,680104
Indonesia,Unmanufactured tobacco,2019,377273
Indonesia,Unmanufactured tobacco,2020,364987
Indonesia,Unmanufactured tobacco,2021,343062
Indonesia,"Vanilla, raw",2019,719
Indonesia,"Vanilla, raw",2020,695
Indonesia,"Vanilla, raw",2021,963
Indonesia,Watermelons,2019,188093
Indonesia,Watermelons,2020,201385
Indonesia,Watermelons,2021,148884
"Iran, Islamic Rep.","Almonds, in shell",2019,750276
"Iran, Islamic Rep.","Almonds, in shell",2020,600752
"Iran, Islamic Rep.","Almonds, in shell",2021,424056
"Iran, Islamic Rep.","Anise, badian, coriander, cumin, caraway, fennel and juniper berries, raw",2019,190530
"Iran, Islamic Rep.","Anise, badian, coriander, cumin, caraway, fennel and juniper berries, raw",2020,194606
"Iran, Islamic Rep.","Anise, badian, coriander, cumin, caraway, fennel and juniper berries, raw",2021,194735
"Iran, Islamic Rep.",Apples,2019,1136309
"Iran, Islamic Rep.",Apples,2020,1136297
"Iran, Islamic Rep.",Apples,2021,1403359
"Iran, Islamic Rep.",Apricots,2019,466624
"Iran, Islamic Rep.",Apricots,2020,432018
"Iran, Islamic Rep.",Apricots,2021,364310
"Iran, Islamic Rep.",Artichokes,2019,9221
"Iran, Islamic Rep.",Artichokes,2020,9363
"Iran, Islamic Rep.",Artichokes,2021,9204
"Iran, Islamic Rep.",Asparagus,2019,43608
"Iran, Islamic Rep.",Asparagus,2020,43880
"Iran, Islamic Rep.",Asparagus,2021,43586
"Iran, Islamic Rep.",Bananas,2019,82988
"Iran, Islamic Rep.",Bananas,2020,81171
"Iran, Islamic Rep.",Bananas,2021,81779
"Iran, Islamic Rep.",Barley,2019,1074562
"Iran, Islamic Rep.",Barley,2020,1184761
"Iran, Islamic Rep.",Barley,2021,758000
"Iran, Islamic Rep.","Beans, dry",2019,210375
"Iran, Islamic Rep.","Beans, dry",2020,231300
"Iran, Islamic Rep.","Beans, dry",2021,234871
"Iran, Islamic Rep.",Cabbages,2019,34093
"Iran, Islamic Rep.",Cabbages,2020,34221
"Iran, Islamic Rep.",Cabbages,2021,34530
"Iran, Islamic Rep.",Cantaloupes and other melons,2019,236453
"Iran, Islamic Rep.",Cantaloupes and other melons,2020,227139
"Iran, Islamic Rep.",Cantaloupes and other melons,2021,191622
"Iran, Islamic Rep.",Carrots and turnips,2019,46880
"Iran, Islamic Rep.",Carrots and turnips,2020,48229
"Iran, Islamic Rep.",Carrots and turnips,2021,45749
"Iran, Islamic Rep.",Cauliflowers and broccoli,2019,14071
"Iran, Islamic Rep.",Cauliflowers and broccoli,2020,14515
"Iran, Islamic Rep.",Cauliflowers and broccoli,2021,14406
"Iran, Islamic Rep.",Cherries,2019,194573
"Iran, Islamic Rep.",Cherries,2020,222677
"Iran, Islamic Rep.",Cherries,2021,181576
"Iran, Islamic Rep.","Chick peas, dry",2019,190131
"Iran, Islamic Rep.","Chick peas, dry",2020,185979
"Iran, Islamic Rep.","Chick peas, dry",2021,169126
"Iran, Islamic Rep.","Chillies and peppers, dry (Capsicum spp., Pimenta spp.), raw",2019,1143
"Iran, Islamic Rep.","Chillies and peppers, dry (Capsicum spp., Pimenta spp.), raw",2020,1157
"Iran, Islamic Rep.","Chillies and peppers, dry (Capsicum spp., Pimenta spp.), raw",2021,1144
"Iran, Islamic Rep.","Chillies and peppers, green (Capsicum spp. and Pimenta spp.)",2019,27197
"Iran, Islamic Rep.","Chillies and peppers, green (Capsicum spp. and Pimenta spp.)",2020,27325
"Iran, Islamic Rep.","Chillies and peppers, green (Capsicum spp. and Pimenta spp.)",2021,27164
"Iran, Islamic Rep.",Cucumbers and gherkins,2019,257589
"Iran, Islamic Rep.",Cucumbers and gherkins,2020,237982
"Iran, Islamic Rep.",Cucumbers and gherkins,2021,209209
"Iran, Islamic Rep.",Dates,2019,866587
"Iran, Islamic Rep.",Dates,2020,819974
"Iran, Islamic Rep.",Dates,2021,773932
"Iran, Islamic Rep.",Eggplants (aubergines),2019,160502
"Iran, Islamic Rep.",Eggplants (aubergines),2020,160826
"Iran, Islamic Rep.",Eggplants (aubergines),2021,161642
"Iran, Islamic Rep.",Figs,2019,101261
"Iran, Islamic Rep.",Figs,2020,66788
"Iran, Islamic Rep.",Figs,2021,51893
"Iran, Islamic Rep.","Game meat, fresh, chilled or frozen",2019,6903
"Iran, Islamic Rep.","Game meat, fresh, chilled or frozen",2020,7087
"Iran, Islamic Rep.","Game meat, fresh, chilled or frozen",2021,6317
"Iran, Islamic Rep.",Grapes,2019,775883
"Iran, Islamic Rep.",Grapes,2020,729736
"Iran, Islamic Rep.",Grapes,2021,643757
"Iran, Islamic Rep.",Green garlic,2019,38669
"Iran, Islamic Rep.",Green garlic,2020,38740
"Iran, Islamic Rep.",Green garlic,2021,38739
"Iran, Islamic Rep.","Groundnuts, excluding shelled",2019,39953
"Iran, Islamic Rep.","Groundnuts, excluding shelled",2020,37982
"Iran, Islamic Rep.","Groundnuts, excluding shelled",2021,39256
"Iran, Islamic Rep.","Hazelnuts, in shell",2019,75059
"Iran, Islamic Rep.","Hazelnuts, in shell",2020,76389
"Iran, Islamic Rep.","Hazelnuts, in shell",2021,74273
"Iran, Islamic Rep.","Hen eggs in shell, fresh",2019,1658099
"Iran, Islamic Rep.","Hen eggs in shell, fresh",2020,1440970
"Iran, Islamic Rep.","Hen eggs in shell, fresh",2021,1493023
"Iran, Islamic Rep.",Kiwi fruit,2019,141417
"Iran, Islamic Rep.",Kiwi fruit,2020,143221
"Iran, Islamic Rep.",Kiwi fruit,2021,142096
"Iran, Islamic Rep.",Leeks and other alliaceous vegetables,2019,2794
"Iran, Islamic Rep.",Leeks and other alliaceous vegetables,2020,2569
"Iran, Islamic Rep.",Leeks and other alliaceous vegetables,2021,2659
"Iran, Islamic Rep.",Lemons and limes,2019,747328
"Iran, Islamic Rep.",Lemons and limes,2020,750613
"Iran, Islamic Rep.",Lemons and limes,2021,783316
"Iran, Islamic Rep.","Lentils, dry",2019,102532
"Iran, Islamic Rep.","Lentils, dry",2020,97521
"Iran, Islamic Rep.","Lentils, dry",2021,100601
"Iran, Islamic Rep.",Lettuce and chicory,2019,73803
"Iran, Islamic Rep.",Lettuce and chicory,2020,76252
"Iran, Islamic Rep.",Lettuce and chicory,2021,75864
"Iran, Islamic Rep.",Maize (corn),2019,247879
"Iran, Islamic Rep.",Maize (corn),2020,215027
"Iran, Islamic Rep.",Maize (corn),2021,167051
"Iran, Islamic Rep.","Mangoes, guavas and mangosteens",2019,47573
"Iran, Islamic Rep.","Mangoes, guavas and mangosteens",2020,47620
"Iran, Islamic Rep.","Mangoes, guavas and mangosteens",2021,49426
"Iran, Islamic Rep.","Meat of buffalo, fresh or chilled (indigenous)",2019,19810
"Iran, Islamic Rep.","Meat of buffalo, fresh or chilled (indigenous)",2020,34546
"Iran, Islamic Rep.","Meat of buffalo, fresh or chilled (indigenous)",2021,48761
"Iran, Islamic Rep.","Meat of camels, fresh or chilled (indigenous)",2019,17261
"Iran, Islamic Rep.","Meat of camels, fresh or chilled (indigenous)",2020,10872
"Iran, Islamic Rep.","Meat of camels, fresh or chilled (indigenous)",2021,9429
"Iran, Islamic Rep.","Meat of cattle with the bone, fresh or chilled (indigenous)",2019,1359329
"Iran, Islamic Rep.","Meat of cattle with the bone, fresh or chilled (indigenous)",2020,1963516
"Iran, Islamic Rep.","Meat of cattle with the bone, fresh or chilled (indigenous)",2021,2655205
"Iran, Islamic Rep.","Meat of chickens, fresh or chilled (indigenous)",2019,9829753
"Iran, Islamic Rep.","Meat of chickens, fresh or chilled (indigenous)",2020,10244877
"Iran, Islamic Rep.","Meat of chickens, fresh or chilled (indigenous)",2021,8878484
"Iran, Islamic Rep.","Meat of ducks, fresh or chilled (indigenous)",2019,16636
"Iran, Islamic Rep.","Meat of ducks, fresh or chilled (indigenous)",2020,16641
"Iran, Islamic Rep.","Meat of ducks, fresh or chilled (indigenous)",2021,16471
"Iran, Islamic Rep.","Meat of geese, fresh or chilled (indigenous)",2019,14605
"Iran, Islamic Rep.","Meat of geese, fresh or chilled (indigenous)",2020,14561
"Iran, Islamic Rep.","Meat of geese, fresh or chilled (indigenous)",2021,14652
"Iran, Islamic Rep.","Meat of goat, fresh or chilled (indigenous)",2019,179295
"Iran, Islamic Rep.","Meat of goat, fresh or chilled (indigenous)",2020,229007
"Iran, Islamic Rep.","Meat of goat, fresh or chilled (indigenous)",2021,286985
"Iran, Islamic Rep.","Meat of sheep, fresh or chilled (indigenous)",2019,926556
"Iran, Islamic Rep.","Meat of sheep, fresh or chilled (indigenous)",2020,1206074
"Iran, Islamic Rep.","Meat of sheep, fresh or chilled (indigenous)",2021,1894212
"Iran, Islamic Rep.","Meat of turkeys, fresh or chilled (indigenous)",2019,15150
"Iran, Islamic Rep.","Meat of turkeys, fresh or chilled (indigenous)",2020,18829
"Iran, Islamic Rep.","Meat of turkeys, fresh or chilled (indigenous)",2021,18331
"Iran, Islamic Rep.",Millet,2019,7059
"Iran, Islamic Rep.",Millet,2020,7203
"Iran, Islamic Rep.",Millet,2021,7241
"Iran, Islamic Rep.",Mushrooms and truffles,2019,126842
"Iran, Islamic Rep.",Mushrooms and truffles,2020,142164
"Iran, Islamic Rep.",Mushrooms and truffles,2021,133936
"Iran, Islamic Rep.",Natural honey,2019,566096
"Iran, Islamic Rep.",Natural honey,2020,577998
"Iran, Islamic Rep.",Natural honey,2021,583296
"Iran, Islamic Rep.",Olives,2019,149555
"Iran, Islamic Rep.",Olives,2020,149292
"Iran, Islamic Rep.",Olives,2021,115440
"Iran, Islamic Rep.","Onions and shallots, dry (excluding dehydrated)",2019,448620
"Iran, Islamic Rep.","Onions and shallots, dry (excluding dehydrated)",2020,481903
"Iran, Islamic Rep.","Onions and shallots, dry (excluding dehydrated)",2021,535790
"Iran, Islamic Rep.",Oranges,2019,1083168
"Iran, Islamic Rep.",Oranges,2020,1044266
"Iran, Islamic Rep.",Oranges,2021,1056131
"Iran, Islamic Rep.","Other beans, green",2019,21869
"Iran, Islamic Rep.","Other beans, green",2020,21332
"Iran, Islamic Rep.","Other beans, green",2021,21535
"Iran, Islamic Rep.",Other berries and fruits of the genus vaccinium n.e.c.,2019,9407
"Iran, Islamic Rep.",Other berries and fruits of the genus vaccinium n.e.c.,2020,9382
"Iran, Islamic Rep.",Other berries and fruits of the genus vaccinium n.e.c.,2021,9283
"Iran, Islamic Rep.","Other citrus fruit, n.e.c.",2019,377404
"Iran, Islamic Rep.","Other citrus fruit, n.e.c.",2020,379226
"Iran, Islamic Rep.","Other citrus fruit, n.e.c.",2021,379131
"Iran, Islamic Rep.","Other fruits, n.e.c.",2019,1607473
"Iran, Islamic Rep.","Other fruits, n.e.c.",2020,1683377
"Iran, Islamic Rep.","Other fruits, n.e.c.",2021,1817376
"Iran, Islamic Rep.","Other nuts (excluding wild edible nuts and groundnuts), in shell, n.e.c.",2019,16568
"Iran, Islamic Rep.","Other nuts (excluding wild edible nuts and groundnuts), in shell, n.e.c.",2020,15836
"Iran, Islamic Rep.","Other nuts (excluding wild edible nuts and groundnuts), in shell, n.e.c.",2021,16391
"Iran, Islamic Rep.",Other pulses n.e.c.,2019,38992
"Iran, Islamic Rep.",Other pulses n.e.c.,2020,36781
"Iran, Islamic Rep.",Other pulses n.e.c.,2021,36976
"Iran, Islamic Rep.",Other stone fruits,2019,143598
"Iran, Islamic Rep.",Other stone fruits,2020,139948
"Iran, Islamic Rep.",Other stone fruits,2021,140093
"Iran, Islamic Rep.","Other vegetables, fresh n.e.c.",2019,198021
"Iran, Islamic Rep.","Other vegetables, fresh n.e.c.",2020,202230
"Iran, Islamic Rep.","Other vegetables, fresh n.e.c.",2021,200339
"Iran, Islamic Rep.",Papayas,2019,131
"Iran, Islamic Rep.",Papayas,2020,128
"Iran, Islamic Rep.",Papayas,2021,128
"Iran, Islamic Rep.",Peaches and nectarines,2019,526190
"Iran, Islamic Rep.",Peaches and nectarines,2020,536050
"Iran, Islamic Rep.",Peaches and nectarines,2021,487368
"Iran, Islamic Rep.",Pears,2019,151744
"Iran, Islamic Rep.",Pears,2020,153199
"Iran, Islamic Rep.",Pears,2021,121501
"Iran, Islamic Rep.","Peas, green",2019,5491
"Iran, Islamic Rep.","Peas, green",2020,5364
"Iran, Islamic Rep.","Peas, green",2021,5432
"Iran, Islamic Rep.",Persimmons,2019,19187
"Iran, Islamic Rep.",Persimmons,2020,19152
"Iran, Islamic Rep.",Persimmons,2021,19572
"Iran, Islamic Rep.","Pistachios, in shell",2019,3321777
"Iran, Islamic Rep.","Pistachios, in shell",2020,1868292
"Iran, Islamic Rep.","Pistachios, in shell",2021,4227339
"Iran, Islamic Rep.",Plums and sloes,2019,271032
"Iran, Islamic Rep.",Plums and sloes,2020,258549
"Iran, Islamic Rep.",Plums and sloes,2021,244825
"Iran, Islamic Rep.",Pomelos and grapefruits,2019,32277
"Iran, Islamic Rep.",Pomelos and grapefruits,2020,32670
"Iran, Islamic Rep.",Pomelos and grapefruits,2021,33852
"Iran, Islamic Rep.",Potatoes,2019,757063
"Iran, Islamic Rep.",Potatoes,2020,735131
"Iran, Islamic Rep.",Potatoes,2021,683167
"Iran, Islamic Rep.","Pumpkins, squash and gourds",2019,44359
"Iran, Islamic Rep.","Pumpkins, squash and gourds",2020,45269
"Iran, Islamic Rep.","Pumpkins, squash and gourds",2021,44532
"Iran, Islamic Rep.",Quinces,2019,85351
"Iran, Islamic Rep.",Quinces,2020,85764
"Iran, Islamic Rep.",Quinces,2021,86623
"Iran, Islamic Rep.",Rape or colza seed,2019,257498
"Iran, Islamic Rep.",Rape or colza seed,2020,216942
"Iran, Islamic Rep.",Rape or colza seed,2021,174956
"Iran, Islamic Rep.",Raw milk of buffalo,2019,119425
"Iran, Islamic Rep.",Raw milk of buffalo,2020,100768
"Iran, Islamic Rep.",Raw milk of buffalo,2021,114305
"Iran, Islamic Rep.",Raw milk of cattle,2019,2682124
"Iran, Islamic Rep.",Raw milk of cattle,2020,2961772
"Iran, Islamic Rep.",Raw milk of cattle,2021,3138479
"Iran, Islamic Rep.",Raw milk of goats,2019,258841
"Iran, Islamic Rep.",Raw milk of goats,2020,325757
"Iran, Islamic Rep.",Raw milk of goats,2021,297477
"Iran, Islamic Rep.",Raw milk of sheep,2019,345013
"Iran, Islamic Rep.",Raw milk of sheep,2020,394599
"Iran, Islamic Rep.",Raw milk of sheep,2021,410510
"Iran, Islamic Rep.",Rice,2019,4378172
"Iran, Islamic Rep.",Rice,2020,4515191
"Iran, Islamic Rep.",Rice,2021,3002636
"Iran, Islamic Rep.",Safflower seed,2019,4287
"Iran, Islamic Rep.",Safflower seed,2020,4065
"Iran, Islamic Rep.",Safflower seed,2021,4227
"Iran, Islamic Rep.","Seed cotton, unginned",2019,116857
"Iran, Islamic Rep.","Seed cotton, unginned",2020,98879
"Iran, Islamic Rep.","Seed cotton, unginned",2021,125454
"Iran, Islamic Rep.",Sesame seed,2019,61441
"Iran, Islamic Rep.",Sesame seed,2020,61441
"Iran, Islamic Rep.",Sesame seed,2021,61441
"Iran, Islamic Rep.","Shorn wool, greasy, including fleece-washed shorn wool",2019,39719
"Iran, Islamic Rep.","Shorn wool, greasy, including fleece-washed shorn wool",2020,39587
"Iran, Islamic Rep.","Shorn wool, greasy, including fleece-washed shorn wool",2021,38429
"Iran, Islamic Rep.",Silk-worm cocoons suitable for reeling,2019,10178
"Iran, Islamic Rep.",Silk-worm cocoons suitable for reeling,2020,12705
"Iran, Islamic Rep.",Silk-worm cocoons suitable for reeling,2021,11958
"Iran, Islamic Rep.",Sour cherries,2019,140661
"Iran, Islamic Rep.",Sour cherries,2020,138950
"Iran, Islamic Rep.",Sour cherries,2021,146346
"Iran, Islamic Rep.",Soya beans,2019,120516
"Iran, Islamic Rep.",Soya beans,2020,127211
"Iran, Islamic Rep.",Soya beans,2021,133906
"Iran, Islamic Rep.",Spinach,2019,21942
"Iran, Islamic Rep.",Spinach,2020,21483
"Iran, Islamic Rep.",Spinach,2021,21869
"Iran, Islamic Rep.",Strawberries,2019,118923
"Iran, Islamic Rep.",Strawberries,2020,115395
"Iran, Islamic Rep.",Strawberries,2021,116353
"Iran, Islamic Rep.",Sugar beet,2019,524333
"Iran, Islamic Rep.",Sugar beet,2020,520430
"Iran, Islamic Rep.",Sugar beet,2021,520674
"Iran, Islamic Rep.",Sugar cane,2019,328409
"Iran, Islamic Rep.",Sugar cane,2020,316300
"Iran, Islamic Rep.",Sugar cane,2021,300355
"Iran, Islamic Rep.",Sunflower seed,2019,70929
"Iran, Islamic Rep.",Sunflower seed,2020,69785
"Iran, Islamic Rep.",Sunflower seed,2021,68641
"Iran, Islamic Rep.","Tangerines, mandarins, clementines",2019,240037
"Iran, Islamic Rep.","Tangerines, mandarins, clementines",2020,262222
"Iran, Islamic Rep.","Tangerines, mandarins, clementines",2021,315741
"Iran, Islamic Rep.",Tea leaves,2019,50322
"Iran, Islamic Rep.",Tea leaves,2020,52119
"Iran, Islamic Rep.",Tea leaves,2021,63101
"Iran, Islamic Rep.",Tomatoes,2019,763386
"Iran, Islamic Rep.",Tomatoes,2020,696543
"Iran, Islamic Rep.",Tomatoes,2021,603670
"Iran, Islamic Rep.",Unmanufactured tobacco,2019,83432
"Iran, Islamic Rep.",Unmanufactured tobacco,2020,83926
"Iran, Islamic Rep.",Unmanufactured tobacco,2021,84314
"Iran, Islamic Rep.","Walnuts, in shell",2019,2114014
"Iran, Islamic Rep.","Walnuts, in shell",2020,2392191
"Iran, Islamic Rep.","Walnuts, in shell",2021,2535744
"Iran, Islamic Rep.",Watermelons,2019,240137
"Iran, Islamic Rep.",Watermelons,2020,234441
"Iran, Islamic Rep.",Watermelons,2021,197100
"Iran, Islamic Rep.",Wheat,2019,5500935
"Iran, Islamic Rep.",Wheat,2020,5430827
"Iran, Islamic Rep.",Wheat,2021,4464825
Iraq,Apples,2019,53815
Iraq,Apples,2020,56357
Iraq,Apples,2021,56005
Iraq,Apricots,2019,35692
Iraq,Apricots,2020,35570
Iraq,Apricots,2021,35101
Iraq,Barley,2019,529391
Iraq,Barley,2020,612272
Iraq,Barley,2021,92939
Iraq,"Broad beans and horse beans, dry",2019,129
Iraq,"Broad beans and horse beans, dry",2020,531
Iraq,"Broad beans and horse beans, dry",2021,10168
Iraq,"Broad beans and horse beans, green",2019,18878
Iraq,"Broad beans and horse beans, green",2020,22034
Iraq,"Broad beans and horse beans, green",2021,16310
Iraq,Cabbages,2019,2379
Iraq,Cabbages,2020,3624
Iraq,Cabbages,2021,4819
Iraq,Cantaloupes and other melons,2019,64983
Iraq,Cantaloupes and other melons,2020,82676
Iraq,Cantaloupes and other melons,2021,84475
Iraq,Carrots and turnips,2019,7198
Iraq,Carrots and turnips,2020,7243
Iraq,Carrots and turnips,2021,687
Iraq,Cauliflowers and broccoli,2019,3539
Iraq,Cauliflowers and broccoli,2020,6086
Iraq,Cauliflowers and broccoli,2021,7429
Iraq,"Chick peas, dry",2019,265
Iraq,"Chick peas, dry",2020,17
Iraq,"Chick peas, dry",2021,42
Iraq,"Chillies and peppers, green (Capsicum spp. and Pimenta spp.)",2019,36043
Iraq,"Chillies and peppers, green (Capsicum spp. and Pimenta spp.)",2020,72512
Iraq,"Chillies and peppers, green (Capsicum spp. and Pimenta spp.)",2021,91667
Iraq,Cucumbers and gherkins,2019,139083
Iraq,Cucumbers and gherkins,2020,226007
Iraq,Cucumbers and gherkins,2021,172788
Iraq,Dates,2019,249623
Iraq,Dates,2020,287122
Iraq,Dates,2021,292929
Iraq,Eggplants (aubergines),2019,68499
Iraq,Eggplants (aubergines),2020,103790
Iraq,Eggplants (aubergines),2021,108040
Iraq,Figs,2019,10577
Iraq,Figs,2020,10642
Iraq,Figs,2021,11052
Iraq,Grapes,2019,302468
Iraq,Grapes,2020,303477
Iraq,Grapes,2021,307424
Iraq,Green garlic,2019,2997
Iraq,Green garlic,2020,3144
Iraq,Green garlic,2021,3546
Iraq,"Hen eggs in shell, fresh",2019,150348
Iraq,"Hen eggs in shell, fresh",2020,151132
Iraq,"Hen eggs in shell, fresh",2021,132565
Iraq,Lemons and limes,2019,6268
Iraq,Lemons and limes,2020,6507
Iraq,Lemons and limes,2021,6825
Iraq,"Lentils, dry",2019,11
Iraq,"Lentils, dry",2020,3
Iraq,"Lentils, dry",2021,3
Iraq,Lettuce and chicory,2019,13907
Iraq,Lettuce and chicory,2020,13657
Iraq,Lettuce and chicory,2021,16836
Iraq,Maize (corn),2019,268050
Iraq,Maize (corn),2020,237611
Iraq,Maize (corn),2021,212144
Iraq,Millet,2019,927
Iraq,Millet,2020,2018
Iraq,Millet,2021,1981
Iraq,Okra,2019,110597
Iraq,Okra,2020,174634
Iraq,Okra,2021,174032
Iraq,Olives,2019,26021
Iraq,Olives,2020,25577
Iraq,Olives,2021,25126
Iraq,"Onions and shallots, dry (excluding dehydrated)",2019,11860
Iraq,"Onions and shallots, dry (excluding dehydrated)",2020,26492
Iraq,"Onions and shallots, dry (excluding dehydrated)",2021,29851
Iraq,"Onions and shallots, green",2019,18938
Iraq,"Onions and shallots, green",2020,15504
Iraq,"Onions and shallots, green",2021,22866
Iraq,Oranges,2019,83984
Iraq,Oranges,2020,89783
Iraq,Oranges,2021,99202
Iraq,"Other beans, green",2019,3098
Iraq,"Other beans, green",2020,3662
Iraq,"Other beans, green",2021,4932
Iraq,Peaches and nectarines,2019,3396
Iraq,Peaches and nectarines,2020,3629
Iraq,Peaches and nectarines,2021,3714
Iraq,Pears,2019,9623
Iraq,Pears,2020,9571
Iraq,Pears,2021,9566
Iraq,Plums and sloes,2019,11307
Iraq,Plums and sloes,2020,12215
Iraq,Plums and sloes,2021,11044
Iraq,Potatoes,2019,213709
Iraq,Potatoes,2020,367581
Iraq,Potatoes,2021,253896
Iraq,"Pumpkins, squash and gourds",2019,20308
Iraq,"Pumpkins, squash and gourds",2020,35180
Iraq,"Pumpkins, squash and gourds",2021,32312
Iraq,Raw milk of cattle,2019,180418
Iraq,Raw milk of cattle,2020,184040
Iraq,Raw milk of cattle,2021,188173
Iraq,Raw milk of goats,2019,17826
Iraq,Raw milk of goats,2020,18144
Iraq,Raw milk of goats,2021,18461
Iraq,Raw milk of sheep,2019,47699
Iraq,Raw milk of sheep,2020,47903
Iraq,Raw milk of sheep,2021,48130
Iraq,Rice,2019,321632
Iraq,Rice,2020,259766
Iraq,Rice,2021,236431
Iraq,Sorghum,2019,1426
Iraq,Sorghum,2020,2331
Iraq,Sorghum,2021,1020
Iraq,Spinach,2019,1491
Iraq,Spinach,2020,1796
Iraq,Spinach,2021,1816
Iraq,String beans,2019,31154
Iraq,String beans,2020,46344
Iraq,String beans,2021,4691
Iraq,"Tangerines, mandarins, clementines",2019,2952
Iraq,"Tangerines, mandarins, clementines",2020,3184
Iraq,"Tangerines, mandarins, clementines",2021,3066
Iraq,Tomatoes,2019,266818
Iraq,Tomatoes,2020,325051
Iraq,Tomatoes,2021,320489
Iraq,Watermelons,2019,109687
Iraq,Watermelons,2020,136475
Iraq,Watermelons,2021,122679
Iraq,Wheat,2019,1972977
Iraq,Wheat,2020,2833724
Iraq,Wheat,2021,1923120
Israel,"Almonds, in shell",2019,68599
Israel,"Almonds, in shell",2020,63265
Israel,"Almonds, in shell",2021,68750
Israel,Apples,2019,144944
Israel,Apples,2020,144944
Israel,Apples,2021,140763
Israel,Apricots,2019,23650
Israel,Apricots,2020,16881
Israel,Apricots,2021,15193
Israel,Artichokes,2019,3247
Israel,Artichokes,2020,2526
Israel,Artichokes,2021,3538
Israel,Asparagus,2019,441
Israel,Asparagus,2020,428
Israel,Asparagus,2021,457
Israel,Avocados,2019,282861
Israel,Avocados,2020,299645
Israel,Avocados,2021,336336
Israel,Bananas,2019,165570
Israel,Bananas,2020,175918
Israel,Bananas,2021,198914
Israel,Barley,2019,2825
Israel,Barley,2020,4048
Israel,Barley,2021,2563
Israel,"Broad beans and horse beans, green",2019,1089
Israel,"Broad beans and horse beans, green",2020,565
Israel,"Broad beans and horse beans, green",2021,378
Israel,Cabbages,2019,29082
Israel,Cabbages,2020,27560
Israel,Cabbages,2021,29878
Israel,Cantaloupes and other melons,2019,27447
Israel,Cantaloupes and other melons,2020,27638
Israel,Cantaloupes and other melons,2021,27716
Israel,Carrots and turnips,2019,136104
Israel,Carrots and turnips,2020,103380
Israel,Carrots and turnips,2021,101537
Israel,Cauliflowers and broccoli,2019,25117
Israel,Cauliflowers and broccoli,2020,19628
Israel,Cauliflowers and broccoli,2021,27939
Israel,Cherries,2019,20937
Israel,Cherries,2020,22126
Israel,Cherries,2021,11966
Israel,"Chick peas, dry",2019,13549
Israel,"Chick peas, dry",2020,5311
Israel,"Chick peas, dry",2021,5323
Israel,"Chillies and peppers, green (Capsicum spp. and Pimenta spp.)",2019,180583
Israel,"Chillies and peppers, green (Capsicum spp. and Pimenta spp.)",2020,154792
Israel,"Chillies and peppers, green (Capsicum spp. and Pimenta spp.)",2021,159062
Israel,Cucumbers and gherkins,2019,78542
Israel,Cucumbers and gherkins,2020,76291
Israel,Cucumbers and gherkins,2021,78903
Israel,Dates,2019,156908
Israel,Dates,2020,177048
Israel,Dates,2021,200122
Israel,Eggplants (aubergines),2019,39077
Israel,Eggplants (aubergines),2020,37707
Israel,Eggplants (aubergines),2021,40699
Israel,Figs,2019,6758
Israel,Figs,2020,6741
Israel,Figs,2021,6670
Israel,Grapes,2019,149102
Israel,Grapes,2020,120572
Israel,Grapes,2021,158032
Israel,Green corn (maize),2019,40756
Israel,Green corn (maize),2020,39015
Israel,Green corn (maize),2021,35774
Israel,Green garlic,2019,4254
Israel,Green garlic,2020,3432
Israel,Green garlic,2021,1917
Israel,"Groundnuts, excluding shelled",2019,23245
Israel,"Groundnuts, excluding shelled",2020,23856
Israel,"Groundnuts, excluding shelled",2021,27044
Israel,"Hen eggs in shell, fresh",2019,165892
Israel,"Hen eggs in shell, fresh",2020,166404
Israel,"Hen eggs in shell, fresh",2021,185908
Israel,Kiwi fruit,2019,12730
Israel,Kiwi fruit,2020,14289
Israel,Kiwi fruit,2021,16107
Israel,Lemons and limes,2019,71951
Israel,Lemons and limes,2020,67901
Israel,Lemons and limes,2021,71260
Israel,"Lentils, dry",2019,19
Israel,"Lentils, dry",2020,19
Israel,"Lentils, dry",2021,19
Israel,Lettuce and chicory,2019,37943
Israel,Lettuce and chicory,2020,42232
Israel,Lettuce and chicory,2021,35946
Israel,Locust beans (carobs),2019,60
Israel,Locust beans (carobs),2020,61
Israel,Locust beans (carobs),2021,60
Israel,Maize (corn),2019,86118
Israel,Maize (corn),2020,82438
Israel,Maize (corn),2021,75591
Israel,"Mangoes, guavas and mangosteens",2019,116097
Israel,"Mangoes, guavas and mangosteens",2020,77109
Israel,"Mangoes, guavas and mangosteens",2021,127357
Israel,"Meat of camels, fresh or chilled (indigenous)",2019,264
Israel,"Meat of camels, fresh or chilled (indigenous)",2020,265
Israel,"Meat of camels, fresh or chilled (indigenous)",2021,267
Israel,"Meat of cattle with the bone, fresh or chilled (indigenous)",2019,666658
Israel,"Meat of cattle with the bone, fresh or chilled (indigenous)",2020,664679
Israel,"Meat of cattle with the bone, fresh or chilled (indigenous)",2021,654149
Israel,"Meat of chickens, fresh or chilled (indigenous)",2019,1115813
Israel,"Meat of chickens, fresh or chilled (indigenous)",2020,1246427
Israel,"Meat of chickens, fresh or chilled (indigenous)",2021,1167814
Israel,"Meat of ducks, fresh or chilled (indigenous)",2019,7738
Israel,"Meat of ducks, fresh or chilled (indigenous)",2020,8786
Israel,"Meat of ducks, fresh or chilled (indigenous)",2021,9131
Israel,"Meat of geese, fresh or chilled (indigenous)",2019,10251
Israel,"Meat of geese, fresh or chilled (indigenous)",2020,10247
Israel,"Meat of geese, fresh or chilled (indigenous)",2021,10210
Israel,"Meat of goat, fresh or chilled (indigenous)",2019,26947
Israel,"Meat of goat, fresh or chilled (indigenous)",2020,27574
Israel,"Meat of goat, fresh or chilled (indigenous)",2021,27574
Israel,"Meat of pig with the bone, fresh or chilled (indigenous)",2019,76056
Israel,"Meat of pig with the bone, fresh or chilled (indigenous)",2020,84831
Israel,"Meat of pig with the bone, fresh or chilled (indigenous)",2021,75685
Israel,"Meat of sheep, fresh or chilled (indigenous)",2019,295993
Israel,"Meat of sheep, fresh or chilled (indigenous)",2020,318798
Israel,"Meat of sheep, fresh or chilled (indigenous)",2021,251751
Israel,"Meat of turkeys, fresh or chilled (indigenous)",2019,208558
Israel,"Meat of turkeys, fresh or chilled (indigenous)",2020,179661
Israel,"Meat of turkeys, fresh or chilled (indigenous)",2021,189105
Israel,Mushrooms and truffles,2019,70377
Israel,Mushrooms and truffles,2020,73192
Israel,Mushrooms and truffles,2021,78822
Israel,Natural honey,2019,18246
Israel,Natural honey,2020,19206
Israel,Natural honey,2021,19206
Israel,Oats,2019,90
Israel,Oats,2020,86
Israel,Oats,2021,89
Israel,Olives,2019,123307
Israel,Olives,2020,94764
Israel,Olives,2021,79922
Israel,"Onions and shallots, dry (excluding dehydrated)",2019,39175
Israel,"Onions and shallots, dry (excluding dehydrated)",2020,45002
Israel,"Onions and shallots, dry (excluding dehydrated)",2021,45734
Israel,"Onions and shallots, green",2019,2285
Israel,"Onions and shallots, green",2020,1525
Israel,"Onions and shallots, green",2021,1514
Israel,Oranges,2019,57862
Israel,Oranges,2020,58555
Israel,Oranges,2021,35989
Israel,"Other beans, green",2019,20896
Israel,"Other beans, green",2020,25520
Israel,"Other beans, green",2021,20692
Israel,"Other citrus fruit, n.e.c.",2019,9850
Israel,"Other citrus fruit, n.e.c.",2020,10703
Israel,"Other citrus fruit, n.e.c.",2021,10814
Israel,"Other fruits, n.e.c.",2019,118434
Israel,"Other fruits, n.e.c.",2020,125371
Israel,"Other fruits, n.e.c.",2021,128757
Israel,"Other nuts (excluding wild edible nuts and groundnuts), in shell, n.e.c.",2019,10052
Israel,"Other nuts (excluding wild edible nuts and groundnuts), in shell, n.e.c.",2020,10721
Israel,"Other nuts (excluding wild edible nuts and groundnuts), in shell, n.e.c.",2021,10052
Israel,"Other oil seeds, n.e.c.",2019,2042
Israel,"Other oil seeds, n.e.c.",2020,1987
Israel,"Other oil seeds, n.e.c.",2021,2002
Israel,Other pulses n.e.c.,2019,257
Israel,Other pulses n.e.c.,2020,260
Israel,Other pulses n.e.c.,2021,256
Israel,"Other vegetables, fresh n.e.c.",2019,100887
Israel,"Other vegetables, fresh n.e.c.",2020,101571
Israel,"Other vegetables, fresh n.e.c.",2021,104141
Israel,Papayas,2019,256
Israel,Papayas,2020,210
Israel,Papayas,2021,4078
Israel,Peaches and nectarines,2019,98709
Israel,Peaches and nectarines,2020,102172
Israel,Peaches and nectarines,2021,68771
Israel,Pears,2019,40782
Israel,Pears,2020,41650
Israel,Pears,2021,42865
Israel,"Peas, dry",2019,277
Israel,"Peas, dry",2020,4230
Israel,"Peas, dry",2021,6080
Israel,"Peas, green",2019,1448
Israel,"Peas, green",2020,998
Israel,"Peas, green",2021,331
Israel,Persimmons,2019,46131
Israel,Persimmons,2020,37431
Israel,Persimmons,2021,51257
Israel,Pineapples,2019,18741
Israel,Pineapples,2020,26778
Israel,Pineapples,2021,34001
Israel,Plums and sloes,2019,56707
Israel,Plums and sloes,2020,47566
Israel,Plums and sloes,2021,38561
Israel,Pomelos and grapefruits,2019,113796
Israel,Pomelos and grapefruits,2020,111433
Israel,Pomelos and grapefruits,2021,98634
Israel,Potatoes,2019,318568
Israel,Potatoes,2020,320737
Israel,Potatoes,2021,304449
Israel,"Pumpkins, squash and gourds",2019,5168
Israel,"Pumpkins, squash and gourds",2020,6375
Israel,"Pumpkins, squash and gourds",2021,5116
Israel,Quinces,2019,6384
Israel,Quinces,2020,5829
Israel,Quinces,2021,7580
Israel,Raw milk of cattle,2019,856602
Israel,Raw milk of cattle,2020,868289
Israel,Raw milk of cattle,2021,879193
Israel,Raw milk of goats,2019,25727
Israel,Raw milk of goats,2020,25803
Israel,Raw milk of goats,2021,26383
Israel,Raw milk of sheep,2019,18169
Israel,Raw milk of sheep,2020,18711
Israel,Raw milk of sheep,2021,19719
Israel,Safflower seed,2019,3
Israel,Safflower seed,2020,3
Israel,Safflower seed,2021,4
Israel,"Seed cotton, unginned",2019,24526
Israel,"Seed cotton, unginned",2020,16733
Israel,"Seed cotton, unginned",2021,14775
Israel,Sesame seed,2019,243
Israel,Sesame seed,2020,240
Israel,Sesame seed,2021,233
Israel,"Shorn wool, greasy, including fleece-washed shorn wool",2019,2827
Israel,"Shorn wool, greasy, including fleece-washed shorn wool",2020,2865
Israel,"Shorn wool, greasy, including fleece-washed shorn wool",2021,2918
Israel,Sorghum,2019,2047
Israel,Sorghum,2020,7779
Israel,Sorghum,2021,7799
Israel,Spinach,2019,1359
Israel,Spinach,2020,955
Israel,Spinach,2021,807
Israel,Strawberries,2019,81645
Israel,Strawberries,2020,89743
Israel,Strawberries,2021,80697
Israel,Sunflower seed,2019,22354
Israel,Sunflower seed,2020,22998
Israel,Sunflower seed,2021,7359
Israel,Sweet potatoes,2019,42120
Israel,Sweet potatoes,2020,41194
Israel,Sweet potatoes,2021,45008
Israel,"Tangerines, mandarins, clementines",2019,178573
Israel,"Tangerines, mandarins, clementines",2020,162401
Israel,"Tangerines, mandarins, clementines",2021,136521
Israel,Tomatoes,2019,307664
Israel,Tomatoes,2020,353218
Israel,Tomatoes,2021,374753
Israel,Unmanufactured tobacco,2019,20
Israel,Unmanufactured tobacco,2020,20
Israel,Unmanufactured tobacco,2021,16
Israel,Watermelons,2019,50836
Israel,Watermelons,2020,53357
Israel,Watermelons,2021,60450
Israel,Wheat,2019,22184
Israel,Wheat,2020,30545
Israel,Wheat,2021,39264
Jamaica,Avocados,2019,815
Jamaica,Avocados,2020,836
Jamaica,Avocados,2021,828
Jamaica,Bananas,2019,39988
Jamaica,Bananas,2020,39111
Jamaica,Bananas,2021,40666
Jamaica,"Beans, dry",2019,295
Jamaica,"Beans, dry",2020,277
Jamaica,"Beans, dry",2021,279
Jamaica,"Broad beans and horse beans, dry",2019,483
Jamaica,"Broad beans and horse beans, dry",2020,472
Jamaica,"Broad beans and horse beans, dry",2021,536
Jamaica,Cabbages,2019,23312
Jamaica,Cabbages,2020,22034
Jamaica,Cabbages,2021,27112
Jamaica,Cantaloupes and other melons,2019,3552
Jamaica,Cantaloupes and other melons,2020,3348
Jamaica,Cantaloupes and other melons,2021,3970
Jamaica,Carrots and turnips,2019,28303
Jamaica,Carrots and turnips,2020,28586
Jamaica,Carrots and turnips,2021,36056
Jamaica,"Cassava, fresh",2019,10635
Jamaica,"Cassava, fresh",2020,12761
Jamaica,"Cassava, fresh",2021,9651
Jamaica,Cauliflowers and broccoli,2019,3458
Jamaica,Cauliflowers and broccoli,2020,3336
Jamaica,Cauliflowers and broccoli,2021,4230
Jamaica,"Chillies and peppers, dry (Capsicum spp., Pimenta spp.), raw",2019,65687
Jamaica,"Chillies and peppers, dry (Capsicum spp., Pimenta spp.), raw",2020,68376
Jamaica,"Chillies and peppers, dry (Capsicum spp., Pimenta spp.), raw",2021,72015
Jamaica,"Chillies and peppers, green (Capsicum spp. and Pimenta spp.)",2019,41117
Jamaica,"Chillies and peppers, green (Capsicum spp. and Pimenta spp.)",2020,40256
Jamaica,"Chillies and peppers, green (Capsicum spp. and Pimenta spp.)",2021,45288
Jamaica,Cocoa beans,2019,608
Jamaica,Cocoa beans,2020,360
Jamaica,Cocoa beans,2021,393
Jamaica,"Coconuts, in shell",2019,9354
Jamaica,"Coconuts, in shell",2020,8215
Jamaica,"Coconuts, in shell",2021,9212
Jamaica,"Coffee, green",2019,15465
Jamaica,"Coffee, green",2020,14311
Jamaica,"Coffee, green",2021,15019
Jamaica,"Cow peas, dry",2019,851
Jamaica,"Cow peas, dry",2020,828
Jamaica,"Cow peas, dry",2021,984
Jamaica,Cucumbers and gherkins,2019,13829
Jamaica,Cucumbers and gherkins,2020,14338
Jamaica,Cucumbers and gherkins,2021,15712
Jamaica,"Edible roots and tubers with high starch or inulin content, n.e.c., fresh",2019,32409
Jamaica,"Edible roots and tubers with high starch or inulin content, n.e.c., fresh",2020,29294
Jamaica,"Edible roots and tubers with high starch or inulin content, n.e.c., fresh",2021,32503
Jamaica,Eggplants (aubergines),2019,311
Jamaica,Eggplants (aubergines),2020,307
Jamaica,Eggplants (aubergines),2021,369
Jamaica,"Ginger, raw",2019,1080
Jamaica,"Ginger, raw",2020,1318
Jamaica,"Ginger, raw",2021,1485
Jamaica,Green corn (maize),2019,156
Jamaica,Green corn (maize),2020,158
Jamaica,Green corn (maize),2021,156
Jamaica,"Groundnuts, excluding shelled",2019,5281
Jamaica,"Groundnuts, excluding shelled",2020,4400
Jamaica,"Groundnuts, excluding shelled",2021,4560
Jamaica,"Hen eggs in shell, fresh",2019,29526
Jamaica,"Hen eggs in shell, fresh",2020,36878
Jamaica,"Hen eggs in shell, fresh",2021,38957
Jamaica,"Horse meat, fresh or chilled (indigenous)",2019,31
Jamaica,"Horse meat, fresh or chilled (indigenous)",2020,29
Jamaica,"Horse meat, fresh or chilled (indigenous)",2021,27
Jamaica,Lemons and limes,2019,77146
Jamaica,Lemons and limes,2020,77862
Jamaica,Lemons and limes,2021,78186
Jamaica,Lettuce and chicory,2019,25665
Jamaica,Lettuce and chicory,2020,25970
Jamaica,Lettuce and chicory,2021,29377
Jamaica,Maize (corn),2019,6723
Jamaica,Maize (corn),2020,6592
Jamaica,Maize (corn),2021,6932
Jamaica,"Mangoes, guavas and mangosteens",2019,1054
Jamaica,"Mangoes, guavas and mangosteens",2020,1047
Jamaica,"Mangoes, guavas and mangosteens",2021,1038
Jamaica,"Meat of cattle with the bone, fresh or chilled (indigenous)",2019,3830
Jamaica,"Meat of cattle with the bone, fresh or chilled (indigenous)",2020,3833
Jamaica,"Meat of cattle with the bone, fresh or chilled (indigenous)",2021,4226
Jamaica,"Meat of chickens, fresh or chilled (indigenous)",2019,64416
Jamaica,"Meat of chickens, fresh or chilled (indigenous)",2020,59073
Jamaica,"Meat of chickens, fresh or chilled (indigenous)",2021,60092
Jamaica,"Meat of goat, fresh or chilled (indigenous)",2019,1712
Jamaica,"Meat of goat, fresh or chilled (indigenous)",2020,1414
Jamaica,"Meat of goat, fresh or chilled (indigenous)",2021,1289
Jamaica,"Meat of pig with the bone, fresh or chilled (indigenous)",2019,4120
Jamaica,"Meat of pig with the bone, fresh or chilled (indigenous)",2020,3938
Jamaica,"Meat of pig with the bone, fresh or chilled (indigenous)",2021,4260
Jamaica,"Meat of sheep, fresh or chilled (indigenous)",2019,9
Jamaica,"Meat of sheep, fresh or chilled (indigenous)",2020,7
Jamaica,"Meat of sheep, fresh or chilled (indigenous)",2021,9
Jamaica,Natural honey,2019,6556
Jamaica,Natural honey,2020,6570
Jamaica,Natural honey,2021,6578
Jamaica,Okra,2019,10012
Jamaica,Okra,2020,9999
Jamaica,Okra,2021,10138
Jamaica,"Onions and shallots, dry (excluding dehydrated)",2019,2218
Jamaica,"Onions and shallots, dry (excluding dehydrated)",2020,2381
Jamaica,"Onions and shallots, dry (excluding dehydrated)",2021,3191
Jamaica,"Onions and shallots, green",2019,11916
Jamaica,"Onions and shallots, green",2020,10882
Jamaica,"Onions and shallots, green",2021,11269
Jamaica,Oranges,2019,175126
Jamaica,Oranges,2020,171347
Jamaica,Oranges,2021,170090
Jamaica,"Other fibre crops, raw, n.e.c.",2019,154
Jamaica,"Other fibre crops, raw, n.e.c.",2020,165
Jamaica,"Other fibre crops, raw, n.e.c.",2021,176
Jamaica,"Other stimulant, spice and aromatic crops, n.e.c.",2019,1938
Jamaica,"Other stimulant, spice and aromatic crops, n.e.c.",2020,2154
Jamaica,"Other stimulant, spice and aromatic crops, n.e.c.",2021,2083
Jamaica,"Other tropical fruits, n.e.c.",2019,11218
Jamaica,"Other tropical fruits, n.e.c.",2020,11110
Jamaica,"Other tropical fruits, n.e.c.",2021,11257
Jamaica,"Other vegetables, fresh n.e.c.",2019,19943
Jamaica,"Other vegetables, fresh n.e.c.",2020,20399
Jamaica,"Other vegetables, fresh n.e.c.",2021,19970
Jamaica,Papayas,2019,11502
Jamaica,Papayas,2020,11320
Jamaica,Papayas,2021,10721
Jamaica,"Peas, dry",2019,2273
Jamaica,"Peas, dry",2020,2406
Jamaica,"Peas, dry",2021,2596
Jamaica,"Pigeon peas, dry",2019,1479
Jamaica,"Pigeon peas, dry",2020,1099
Jamaica,"Pigeon peas, dry",2021,1569
Jamaica,Pineapples,2019,34301
Jamaica,Pineapples,2020,41980
Jamaica,Pineapples,2021,49154
Jamaica,Plantains and cooking bananas,2019,37213
Jamaica,Plantains and cooking bananas,2020,36172
Jamaica,Plantains and cooking bananas,2021,41267
Jamaica,Pomelos and grapefruits,2019,40428
Jamaica,Pomelos and grapefruits,2020,40492
Jamaica,Pomelos and grapefruits,2021,40653
Jamaica,Potatoes,2019,17192
Jamaica,Potatoes,2020,16063
Jamaica,Potatoes,2021,18323
Jamaica,"Pumpkins, squash and gourds",2019,40812
Jamaica,"Pumpkins, squash and gourds",2020,41999
Jamaica,"Pumpkins, squash and gourds",2021,41026
Jamaica,Raw milk of cattle,2019,7497
Jamaica,Raw milk of cattle,2020,7689
Jamaica,Raw milk of cattle,2021,7434
Jamaica,Rice,2019,1
Jamaica,"Sisal, raw",2019,195
Jamaica,"Sisal, raw",2020,195
Jamaica,"Sisal, raw",2021,195
Jamaica,Spinach,2019,9831
Jamaica,Spinach,2020,9400
Jamaica,Spinach,2021,9854
Jamaica,String beans,2019,7393
Jamaica,String beans,2020,6513
Jamaica,String beans,2021,6395
Jamaica,Sugar cane,2019,26143
Jamaica,Sugar cane,2020,18356
Jamaica,Sugar cane,2021,17531
Jamaica,Sweet potatoes,2019,42170
Jamaica,Sweet potatoes,2020,48794
Jamaica,Sweet potatoes,2021,56130
Jamaica,"Tangerines, mandarins, clementines",2019,4808
Jamaica,"Tangerines, mandarins, clementines",2020,4688
Jamaica,"Tangerines, mandarins, clementines",2021,4571
Jamaica,Tomatoes,2019,34653
Jamaica,Tomatoes,2020,31251
Jamaica,Tomatoes,2021,36190
Jamaica,Unmanufactured tobacco,2019,1604
Jamaica,Unmanufactured tobacco,2020,1621
Jamaica,Unmanufactured tobacco,2021,1578
Jamaica,Watermelons,2019,12090
Jamaica,Watermelons,2020,12054
Jamaica,Watermelons,2021,11997
Jamaica,Yams,2019,190306
Jamaica,Yams,2020,190447
Jamaica,Yams,2021,214048
Japan,Apples,2019,1599784
Japan,Apples,2020,1740472
Japan,Apples,2021,1509260
Japan,Apricots,2019,180286
Japan,Apricots,2020,145497
Japan,Apricots,2021,214051
Japan,Asparagus,2019,228044
Japan,Asparagus,2020,227193
Japan,Asparagus,2021,214430
Japan,Bananas,2019,28
Japan,Bananas,2020,26
Japan,Bananas,2021,26
Japan,Barley,2019,277713
Japan,Barley,2020,276466
Japan,Barley,2021,292802
Japan,"Beans, dry",2019,331226
Japan,"Beans, dry",2020,259499
Japan,"Beans, dry",2021,225691
Japan,"Broad beans and horse beans, dry",2019,296
Japan,"Broad beans and horse beans, dry",2020,297
Japan,"Broad beans and horse beans, dry",2021,291
Japan,"Broad beans and horse beans, green",2019,79781
Japan,"Broad beans and horse beans, green",2020,86571
Japan,"Broad beans and horse beans, green",2021,78650
Japan,Buckwheat,2019,115015
Japan,Buckwheat,2020,120955
Japan,Buckwheat,2021,110425
Japan,Cabbages,2019,1009947
Japan,Cabbages,2020,983875
Japan,Cabbages,2021,1018866
Japan,Cantaloupes and other melons,2019,531830
Japan,Cantaloupes and other melons,2020,504216
Japan,Cantaloupes and other melons,2021,511375
Japan,Carrots and turnips,2019,585101
Japan,Carrots and turnips,2020,576249
Japan,Carrots and turnips,2021,625032
Japan,Cauliflowers and broccoli,2019,473120
Japan,Cauliflowers and broccoli,2020,484521
Japan,Cauliflowers and broccoli,2021,478820
Japan,Cherries,2019,282399
Japan,Cherries,2020,301693
Japan,Cherries,2021,229778
Japan,"Chestnuts, in shell",2019,68440
Japan,"Chestnuts, in shell",2020,73671
Japan,"Chestnuts, in shell",2021,68440
Japan,"Chillies and peppers, green (Capsicum spp. and Pimenta spp.)",2019,503794
Japan,"Chillies and peppers, green (Capsicum spp. and Pimenta spp.)",2020,494804
Japan,"Chillies and peppers, green (Capsicum spp. and Pimenta spp.)",2021,513475
Japan,Cucumbers and gherkins,2019,1363509
Japan,Cucumbers and gherkins,2020,1341369
Japan,Cucumbers and gherkins,2021,1371470
Japan,"Edible roots and tubers with high starch or inulin content, n.e.c., fresh",2019,145672
Japan,"Edible roots and tubers with high starch or inulin content, n.e.c., fresh",2020,152030
Japan,"Edible roots and tubers with high starch or inulin content, n.e.c., fresh",2021,152788
Japan,Eggplants (aubergines),2019,871008
Japan,Eggplants (aubergines),2020,857439
Japan,Eggplants (aubergines),2021,859460
Japan,"Ginger, raw",2019,236650
Japan,"Ginger, raw",2020,227490
Japan,"Ginger, raw",2021,246829
Japan,Grapes,2019,948987
Japan,Grapes,2020,897883
Japan,Grapes,2021,907225
Japan,Green corn (maize),2019,440508
Japan,Green corn (maize),2020,432583
Japan,Green corn (maize),2021,403277
Japan,Green garlic,2019,280501
Japan,Green garlic,2020,285895
Japan,Green garlic,2021,272409
Japan,"Groundnuts, excluding shelled",2019,84076
Japan,"Groundnuts, excluding shelled",2020,89500
Japan,"Groundnuts, excluding shelled",2021,100348
Japan,"Hen eggs in shell, fresh",2019,5154504
Japan,"Hen eggs in shell, fresh",2020,5141126
Japan,"Hen eggs in shell, fresh",2021,5026648
Japan,Hop cones,2019,17178
Japan,Hop cones,2020,16827
Japan,Hop cones,2021,17177
Japan,"Horse meat, fresh or chilled (indigenous)",2019,28124
Japan,"Horse meat, fresh or chilled (indigenous)",2020,37779
Japan,"Horse meat, fresh or chilled (indigenous)",2021,39211
Japan,Kiwi fruit,2019,89756
Japan,Kiwi fruit,2020,79823
Japan,Kiwi fruit,2021,69889
Japan,Lettuce and chicory,2019,809767
Japan,Lettuce and chicory,2020,789876
Japan,Lettuce and chicory,2021,765923
Japan,Maize (corn),2019,39
Japan,Maize (corn),2020,40
Japan,Maize (corn),2021,39
Japan,"Mangoes, guavas and mangosteens",2019,81658
Japan,"Mangoes, guavas and mangosteens",2020,82159
Japan,"Mangoes, guavas and mangosteens",2021,81723
Japan,"Meat of cattle with the bone, fresh or chilled (indigenous)",2019,11617231
Japan,"Meat of cattle with the bone, fresh or chilled (indigenous)",2020,11813333
Japan,"Meat of cattle with the bone, fresh or chilled (indigenous)",2021,11840463
Japan,"Meat of chickens, fresh or chilled (indigenous)",2019,6699369
Japan,"Meat of chickens, fresh or chilled (indigenous)",2020,6798954
Japan,"Meat of chickens, fresh or chilled (indigenous)",2021,6902498
Japan,"Meat of goat, fresh or chilled (indigenous)",2019,165
Japan,"Meat of goat, fresh or chilled (indigenous)",2020,134
Japan,"Meat of goat, fresh or chilled (indigenous)",2021,131
Japan,"Meat of pig with the bone, fresh or chilled (indigenous)",2019,6385038
Japan,"Meat of pig with the bone, fresh or chilled (indigenous)",2020,6518743
Japan,"Meat of pig with the bone, fresh or chilled (indigenous)",2021,6580972
Japan,"Meat of sheep, fresh or chilled (indigenous)",2019,714
Japan,"Meat of sheep, fresh or chilled (indigenous)",2020,720
Japan,"Meat of sheep, fresh or chilled (indigenous)",2021,812
Japan,"Meat of turkeys, fresh or chilled (indigenous)",2019,30
Japan,"Meat of turkeys, fresh or chilled (indigenous)",2020,26
Japan,"Meat of turkeys, fresh or chilled (indigenous)",2021,25
Japan,Millet,2019,55
Japan,Millet,2020,56
Japan,Millet,2021,55
Japan,Mushrooms and truffles,2019,2017881
Japan,Mushrooms and truffles,2020,2044432
Japan,Mushrooms and truffles,2021,2044523
Japan,Natural honey,2019,58505
Japan,Natural honey,2020,58867
Japan,Natural honey,2021,55169
Japan,Oats,2019,52
Japan,Oats,2020,52
Japan,Oats,2021,51
Japan,"Onions and shallots, dry (excluding dehydrated)",2019,964342
Japan,"Onions and shallots, dry (excluding dehydrated)",2020,980969
Japan,"Onions and shallots, dry (excluding dehydrated)",2021,792293
Japan,"Onions and shallots, green",2019,428048
Japan,"Onions and shallots, green",2020,407202
Japan,"Onions and shallots, green",2021,406057
Japan,Oranges,2019,28412
Japan,Oranges,2020,28225
Japan,Oranges,2021,28285
Japan,"Other citrus fruit, n.e.c.",2019,58439
Japan,"Other citrus fruit, n.e.c.",2020,57725
Japan,"Other citrus fruit, n.e.c.",2021,57754
Japan,Other stone fruits,2019,28579
Japan,Other stone fruits,2020,22080
Japan,Other stone fruits,2021,24080
Japan,"Other vegetables, fresh n.e.c.",2019,1607807
Japan,"Other vegetables, fresh n.e.c.",2020,1607160
Japan,"Other vegetables, fresh n.e.c.",2021,1603426
Japan,Peaches and nectarines,2019,390495
Japan,Peaches and nectarines,2020,357923
Japan,Peaches and nectarines,2021,388323
Japan,Pears,2019,683906
Japan,Pears,2020,568106
Japan,Pears,2021,591037
Japan,"Peas, dry",2019,5144
Japan,"Peas, dry",2020,5109
Japan,"Peas, dry",2021,5054
Japan,"Peas, green",2019,304705
Japan,"Peas, green",2020,290802
Japan,"Peas, green",2021,294278
Japan,Persimmons,2019,390274
Japan,Persimmons,2020,362156
Japan,Persimmons,2021,352221
Japan,Pineapples,2019,8869
Japan,Pineapples,2020,8786
Japan,Pineapples,2021,8310
Japan,Plums and sloes,2019,68775
Japan,Plums and sloes,2020,62695
Japan,Plums and sloes,2021,71434
Japan,Potatoes,2019,2408541
Japan,Potatoes,2020,2213769
Japan,Potatoes,2021,2183650
Japan,"Pumpkins, squash and gourds",2019,280479
Japan,"Pumpkins, squash and gourds",2020,281990
Japan,"Pumpkins, squash and gourds",2021,263402
Japan,Quinces,2019,628
Japan,Quinces,2020,620
Japan,Quinces,2021,616
Japan,Rape or colza seed,2019,5008
Japan,Rape or colza seed,2020,4341
Japan,Rape or colza seed,2021,3917
Japan,Raw milk of cattle,2019,6473871
Japan,Raw milk of cattle,2020,6584243
Japan,Raw milk of cattle,2021,6720424
Japan,Rice,2019,18594788
Japan,Rice,2020,18481880
Japan,Rice,2021,18729044
Japan,Silk-worm cocoons suitable for reeling,2019,1674
Japan,Silk-worm cocoons suitable for reeling,2020,1455
Japan,Silk-worm cocoons suitable for reeling,2021,1110
Japan,Soya beans,2019,301650
Japan,Soya beans,2020,303174
Japan,Soya beans,2021,341399
Japan,Spinach,2019,870853
Japan,Spinach,2020,855259
Japan,Spinach,2021,841665
Japan,Strawberries,2019,1588753
Japan,Strawberries,2020,1531050
Japan,Strawberries,2021,1584906
Japan,String beans,2019,268980
Japan,String beans,2020,273194
Japan,String beans,2021,257041
Japan,Sugar beet,2019,406762
Japan,Sugar beet,2020,399210
Japan,Sugar beet,2021,414415
Japan,Sugar cane,2019,225826
Japan,Sugar cane,2020,256988
Japan,Sugar cane,2021,261412
Japan,Sweet potatoes,2019,1466693
Japan,Sweet potatoes,2020,1346999
Japan,Sweet potatoes,2021,1316243
Japan,"Tangerines, mandarins, clementines",2019,1461559
Japan,"Tangerines, mandarins, clementines",2020,1498945
Japan,"Tangerines, mandarins, clementines",2021,1466061
Japan,Taro,2019,402895
Japan,Taro,2020,400312
Japan,Taro,2021,409495
Japan,Tea leaves,2019,4792999
Japan,Tea leaves,2020,4409452
Japan,Tea leaves,2021,4455049
Japan,Tomatoes,2019,1803446
Japan,Tomatoes,2020,1766907
Japan,Tomatoes,2021,1814959
Japan,Unmanufactured tobacco,2019,333639
Japan,Unmanufactured tobacco,2020,273060
Japan,Unmanufactured tobacco,2021,282773
Japan,Watermelons,2019,443004
Japan,Watermelons,2020,424830
Japan,Watermelons,2021,436718
Japan,Wheat,2019,281508
Japan,Wheat,2020,257701
Japan,Wheat,2021,297796
Japan,Yams,2019,428303
Japan,Yams,2020,422847
Japan,Yams,2021,439959
Jordan,"Almonds, in shell",2019,2582
Jordan,"Almonds, in shell",2020,2571
Jordan,"Almonds, in shell",2021,2813
Jordan,Apples,2019,16200
Jordan,Apples,2020,15094
Jordan,Apples,2021,13088
Jordan,Apricots,2019,31978
Jordan,Apricots,2020,25371
Jordan,Apricots,2021,23235
Jordan,Bananas,2019,23821
Jordan,Bananas,2020,23947
Jordan,Bananas,2021,32624
Jordan,Barley,2019,27878
Jordan,Barley,2020,36247
Jordan,Barley,2021,31926
Jordan,"Broad beans and horse beans, green",2019,19570
Jordan,"Broad beans and horse beans, green",2020,9521
Jordan,"Broad beans and horse beans, green",2021,12666
Jordan,Cabbages,2019,5725
Jordan,Cabbages,2020,8589
Jordan,Cabbages,2021,9335
Jordan,Cantaloupes and other melons,2019,21869
Jordan,Cantaloupes and other melons,2020,18771
Jordan,Cantaloupes and other melons,2021,33700
Jordan,Carrots and turnips,2019,10993
Jordan,Carrots and turnips,2020,10052
Jordan,Carrots and turnips,2021,11768
Jordan,Cauliflowers and broccoli,2019,15666
Jordan,Cauliflowers and broccoli,2020,19017
Jordan,Cauliflowers and broccoli,2021,28646
Jordan,Cherries,2019,1190
Jordan,Cherries,2020,963
Jordan,Cherries,2021,1325
Jordan,"Chick peas, dry",2019,2177
Jordan,"Chick peas, dry",2020,862
Jordan,"Chick peas, dry",2021,1037
Jordan,"Chillies and peppers, green (Capsicum spp. and Pimenta spp.)",2019,32677
Jordan,"Chillies and peppers, green (Capsicum spp. and Pimenta spp.)",2020,47348
Jordan,"Chillies and peppers, green (Capsicum spp. and Pimenta spp.)",2021,51172
Jordan,Cucumbers and gherkins,2019,117678
Jordan,Cucumbers and gherkins,2020,88883
Jordan,Cucumbers and gherkins,2021,79748
Jordan,Dates,2019,34609
Jordan,Dates,2020,37066
Jordan,Dates,2021,34451
Jordan,Eggplants (aubergines),2019,17415
Jordan,Eggplants (aubergines),2020,17955
Jordan,Eggplants (aubergines),2021,22636
Jordan,Figs,2019,799
Jordan,Figs,2020,816
Jordan,Figs,2021,1076
Jordan,Grapes,2019,56489
Jordan,Grapes,2020,45080
Jordan,Grapes,2021,41263
Jordan,Green garlic,2019,2734
Jordan,Green garlic,2020,2290
Jordan,Green garlic,2021,2701
Jordan,"Hen eggs in shell, fresh",2019,158159
Jordan,"Hen eggs in shell, fresh",2020,147744
Jordan,"Hen eggs in shell, fresh",2021,143133
Jordan,Lemons and limes,2019,28971
Jordan,Lemons and limes,2020,22620
Jordan,Lemons and limes,2021,21639
Jordan,"Lentils, dry",2019,212
Jordan,"Lentils, dry",2020,583
Jordan,"Lentils, dry",2021,1332
Jordan,Lettuce and chicory,2019,14675
Jordan,Lettuce and chicory,2020,17607
Jordan,Lettuce and chicory,2021,16128
Jordan,"Meat of camels, fresh or chilled (indigenous)",2019,3297
Jordan,"Meat of camels, fresh or chilled (indigenous)",2020,3237
Jordan,"Meat of camels, fresh or chilled (indigenous)",2021,3074
Jordan,"Meat of cattle with the bone, fresh or chilled (indigenous)",2019,326240
Jordan,"Meat of cattle with the bone, fresh or chilled (indigenous)",2020,357093
Jordan,"Meat of cattle with the bone, fresh or chilled (indigenous)",2021,312241
Jordan,"Meat of chickens, fresh or chilled (indigenous)",2019,558368
Jordan,"Meat of chickens, fresh or chilled (indigenous)",2020,658549
Jordan,"Meat of chickens, fresh or chilled (indigenous)",2021,746570
Jordan,"Meat of ducks, fresh or chilled (indigenous)",2019,359
Jordan,"Meat of ducks, fresh or chilled (indigenous)",2020,411
Jordan,"Meat of ducks, fresh or chilled (indigenous)",2021,406
Jordan,"Meat of geese, fresh or chilled (indigenous)",2019,10
Jordan,"Meat of geese, fresh or chilled (indigenous)",2020,10
Jordan,"Meat of geese, fresh or chilled (indigenous)",2021,10
Jordan,"Meat of goat, fresh or chilled (indigenous)",2019,73226
Jordan,"Meat of goat, fresh or chilled (indigenous)",2020,29416
Jordan,"Meat of goat, fresh or chilled (indigenous)",2021,52814
Jordan,"Meat of rabbits and hares, fresh or chilled (indigenous)",2019,84
Jordan,"Meat of rabbits and hares, fresh or chilled (indigenous)",2020,80
Jordan,"Meat of rabbits and hares, fresh or chilled (indigenous)",2021,86
Jordan,"Meat of sheep, fresh or chilled (indigenous)",2019,206121
Jordan,"Meat of sheep, fresh or chilled (indigenous)",2020,199729
Jordan,"Meat of sheep, fresh or chilled (indigenous)",2021,247604
Jordan,"Meat of turkeys, fresh or chilled (indigenous)",2019,771
Jordan,"Meat of turkeys, fresh or chilled (indigenous)",2020,726
Jordan,"Meat of turkeys, fresh or chilled (indigenous)",2021,628
Jordan,Mushrooms and truffles,2019,4228
Jordan,Mushrooms and truffles,2020,4307
Jordan,Mushrooms and truffles,2021,4461
Jordan,Natural honey,2019,8840
Jordan,Natural honey,2020,9091
Jordan,Natural honey,2021,6804
Jordan,Okra,2019,13438
Jordan,Okra,2020,9867
Jordan,Okra,2021,20953
Jordan,Olives,2019,250806
Jordan,Olives,2020,197460
Jordan,Olives,2021,176512
Jordan,"Onions and shallots, dry (excluding dehydrated)",2019,20313
Jordan,"Onions and shallots, dry (excluding dehydrated)",2020,30624
Jordan,"Onions and shallots, dry (excluding dehydrated)",2021,31361
Jordan,"Onions and shallots, green",2019,4112
Jordan,"Onions and shallots, green",2020,5050
Jordan,"Onions and shallots, green",2021,6065
Jordan,Oranges,2019,25925
Jordan,Oranges,2020,22343
Jordan,Oranges,2021,23281
Jordan,"Other beans, green",2019,235
Jordan,"Other beans, green",2020,480
Jordan,"Other beans, green",2021,577
Jordan,"Other citrus fruit, n.e.c.",2019,788
Jordan,"Other citrus fruit, n.e.c.",2020,810
Jordan,"Other citrus fruit, n.e.c.",2021,927
Jordan,"Other fruits, n.e.c.",2019,12471
Jordan,"Other fruits, n.e.c.",2020,11167
Jordan,"Other fruits, n.e.c.",2021,13186
Jordan,"Other vegetables, fresh n.e.c.",2019,27992
Jordan,"Other vegetables, fresh n.e.c.",2020,33126
Jordan,"Other vegetables, fresh n.e.c.",2021,12987
Jordan,Peaches and nectarines,2019,63688
Jordan,Peaches and nectarines,2020,70281
Jordan,Peaches and nectarines,2021,81187
Jordan,Pears,2019,1856
Jordan,Pears,2020,1467
Jordan,Pears,2021,1559
Jordan,"Peas, green",2019,2500
Jordan,"Peas, green",2020,1436
Jordan,"Peas, green",2021,3263
Jordan,Plums and sloes,2019,2594
Jordan,Plums and sloes,2020,2302
Jordan,Plums and sloes,2021,2515
Jordan,Pomelos and grapefruits,2019,3974
Jordan,Pomelos and grapefruits,2020,3297
Jordan,Pomelos and grapefruits,2021,3271
Jordan,Potatoes,2019,72249
Jordan,Potatoes,2020,61540
Jordan,Potatoes,2021,78789
Jordan,"Pumpkins, squash and gourds",2019,23018
Jordan,"Pumpkins, squash and gourds",2020,37108
Jordan,"Pumpkins, squash and gourds",2021,43934
Jordan,Quinces,2019,17
Jordan,Quinces,2020,19
Jordan,Quinces,2021,25
Jordan,Raw milk of cattle,2019,233124
Jordan,Raw milk of cattle,2020,201470
Jordan,Raw milk of cattle,2021,207688
Jordan,Raw milk of goats,2019,12877
Jordan,Raw milk of goats,2020,8261
Jordan,Raw milk of goats,2021,10620
Jordan,Raw milk of sheep,2019,119581
Jordan,Raw milk of sheep,2020,125969
Jordan,Raw milk of sheep,2021,130435
Jordan,Sesame seed,2021,953
Jordan,"Shorn wool, greasy, including fleece-washed shorn wool",2019,7456
Jordan,"Shorn wool, greasy, including fleece-washed shorn wool",2020,7369
Jordan,"Shorn wool, greasy, including fleece-washed shorn wool",2021,7406
Jordan,Sorghum,2019,29
Jordan,Sorghum,2020,191
Jordan,Sorghum,2021,48
Jordan,Spinach,2019,889
Jordan,Spinach,2020,2565
Jordan,Spinach,2021,3792
Jordan,Strawberries,2019,4138
Jordan,Strawberries,2020,9799
Jordan,Strawberries,2021,11435
Jordan,String beans,2019,7873
Jordan,String beans,2020,9336
Jordan,String beans,2021,10565
Jordan,"Tangerines, mandarins, clementines",2019,10465
Jordan,"Tangerines, mandarins, clementines",2020,9492
Jordan,"Tangerines, mandarins, clementines",2021,10006
Jordan,Tomatoes,2019,133000
Jordan,Tomatoes,2020,154729
Jordan,Tomatoes,2021,190681
Jordan,Unmanufactured tobacco,2019,717
Jordan,Unmanufactured tobacco,2020,580
Jordan,Vetches,2019,757
Jordan,Vetches,2020,858
Jordan,Vetches,2021,1927
Jordan,"Walnuts, in shell",2019,30
Jordan,"Walnuts, in shell",2020,34
Jordan,"Walnuts, in shell",2021,38
Jordan,Watermelons,2019,22235
Jordan,Watermelons,2020,20741
Jordan,Watermelons,2021,33455
Jordan,Wheat,2019,14561
Jordan,Wheat,2020,14223
Jordan,Wheat,2021,14254
Kazakhstan,"Almonds, in shell",2019,125
Kazakhstan,"Almonds, in shell",2020,123
Kazakhstan,"Almonds, in shell",2021,121
Kazakhstan,Apples,2019,118198
Kazakhstan,Apples,2020,141444
Kazakhstan,Apples,2021,143454
Kazakhstan,Apricots,2019,10367
Kazakhstan,Apricots,2020,10837
Kazakhstan,Apricots,2021,11217
Kazakhstan,Artichokes,2019,414
Kazakhstan,Artichokes,2020,451
Kazakhstan,Artichokes,2021,437
Kazakhstan,Barley,2019,399959
Kazakhstan,Barley,2020,382122
Kazakhstan,Barley,2021,247156
Kazakhstan,"Beans, dry",2019,35263
Kazakhstan,"Beans, dry",2020,32323
Kazakhstan,"Beans, dry",2021,28455
Kazakhstan,"Broad beans and horse beans, green",2019,10025
Kazakhstan,"Broad beans and horse beans, green",2020,10122
Kazakhstan,"Broad beans and horse beans, green",2021,10179
Kazakhstan,Buckwheat,2019,9059
Kazakhstan,Buckwheat,2020,8071
Kazakhstan,Buckwheat,2021,15712
Kazakhstan,Cabbages,2019,113909
Kazakhstan,Cabbages,2020,110958
Kazakhstan,Cabbages,2021,109172
Kazakhstan,Cantaloupes and other melons,2019,239963
Kazakhstan,Cantaloupes and other melons,2020,268599
Kazakhstan,Cantaloupes and other melons,2021,321557
Kazakhstan,Carrots and turnips,2019,144774
Kazakhstan,Carrots and turnips,2020,154265
Kazakhstan,Carrots and turnips,2021,149637
Kazakhstan,Cauliflowers and broccoli,2019,939
Kazakhstan,Cauliflowers and broccoli,2020,977
Kazakhstan,Cauliflowers and broccoli,2021,963
Kazakhstan,Cereals n.e.c.,2019,18688
Kazakhstan,Cereals n.e.c.,2020,16661
Kazakhstan,Cereals n.e.c.,2021,10008
Kazakhstan,Cherries,2019,256
Kazakhstan,Cherries,2020,258
Kazakhstan,Cherries,2021,255
Kazakhstan,"Chick peas, dry",2019,1575
Kazakhstan,"Chick peas, dry",2020,1192
Kazakhstan,"Chick peas, dry",2021,1300
Kazakhstan,Chicory roots,2019,589
Kazakhstan,Chicory roots,2020,582
Kazakhstan,Chicory roots,2021,571
Kazakhstan,"Chillies and peppers, dry (Capsicum spp., Pimenta spp.), raw",2019,1203
Kazakhstan,"Chillies and peppers, dry (Capsicum spp., Pimenta spp.), raw",2020,1176
Kazakhstan,"Chillies and peppers, dry (Capsicum spp., Pimenta spp.), raw",2021,1185
Kazakhstan,"Chillies and peppers, green (Capsicum spp. and Pimenta spp.)",2019,61838
Kazakhstan,"Chillies and peppers, green (Capsicum spp. and Pimenta spp.)",2020,65781
Kazakhstan,"Chillies and peppers, green (Capsicum spp. and Pimenta spp.)",2021,68471
Kazakhstan,Cucumbers and gherkins,2019,319500
Kazakhstan,Cucumbers and gherkins,2020,347339
Kazakhstan,Cucumbers and gherkins,2021,375990
Kazakhstan,Eggplants (aubergines),2019,31240
Kazakhstan,Eggplants (aubergines),2020,36151
Kazakhstan,Eggplants (aubergines),2021,37122
Kazakhstan,"Eggs from other birds in shell, fresh, n.e.c.",2019,2878
Kazakhstan,"Eggs from other birds in shell, fresh, n.e.c.",2020,2966
Kazakhstan,"Eggs from other birds in shell, fresh, n.e.c.",2021,3678
Kazakhstan,Grapes,2019,47871
Kazakhstan,Grapes,2020,50336
Kazakhstan,Grapes,2021,46087
Kazakhstan,Green corn (maize),2019,172
Kazakhstan,Green corn (maize),2020,180
Kazakhstan,Green corn (maize),2021,179
Kazakhstan,"Groundnuts, excluding shelled",2019,9
Kazakhstan,"Groundnuts, excluding shelled",2020,9
Kazakhstan,"Groundnuts, excluding shelled",2021,9
Kazakhstan,"Hen eggs in shell, fresh",2019,288328
Kazakhstan,"Hen eggs in shell, fresh",2020,295627
Kazakhstan,"Hen eggs in shell, fresh",2021,282004
Kazakhstan,"Horse meat, fresh or chilled (indigenous)",2019,584877
Kazakhstan,"Horse meat, fresh or chilled (indigenous)",2020,630481
Kazakhstan,"Horse meat, fresh or chilled (indigenous)",2021,668069
Kazakhstan,Leeks and other alliaceous vegetables,2019,164424
Kazakhstan,Leeks and other alliaceous vegetables,2020,169248
Kazakhstan,Leeks and other alliaceous vegetables,2021,167181
Kazakhstan,Linseed,2019,272230
Kazakhstan,Linseed,2020,286014
Kazakhstan,Linseed,2021,209614
Kazakhstan,Maize (corn),2019,129428
Kazakhstan,Maize (corn),2020,138403
Kazakhstan,Maize (corn),2021,163163
Kazakhstan,"Meat of camels, fresh or chilled (indigenous)",2019,29950
Kazakhstan,"Meat of camels, fresh or chilled (indigenous)",2020,31870
Kazakhstan,"Meat of camels, fresh or chilled (indigenous)",2021,33629
Kazakhstan,"Meat of cattle with the bone, fresh or chilled (indigenous)",2019,1285035
Kazakhstan,"Meat of cattle with the bone, fresh or chilled (indigenous)",2020,1336535
Kazakhstan,"Meat of cattle with the bone, fresh or chilled (indigenous)",2021,1384933
Kazakhstan,"Meat of chickens, fresh or chilled (indigenous)",2019,361323
Kazakhstan,"Meat of chickens, fresh or chilled (indigenous)",2020,385531
Kazakhstan,"Meat of chickens, fresh or chilled (indigenous)",2021,444463
Kazakhstan,"Meat of goat, fresh or chilled (indigenous)",2019,76193
Kazakhstan,"Meat of goat, fresh or chilled (indigenous)",2020,76640
Kazakhstan,"Meat of goat, fresh or chilled (indigenous)",2021,78848
Kazakhstan,"Meat of pig with the bone, fresh or chilled (indigenous)",2019,181607
Kazakhstan,"Meat of pig with the bone, fresh or chilled (indigenous)",2020,183871
Kazakhstan,"Meat of pig with the bone, fresh or chilled (indigenous)",2021,176298
Kazakhstan,"Meat of rabbits and hares, fresh or chilled (indigenous)",2019,136
Kazakhstan,"Meat of rabbits and hares, fresh or chilled (indigenous)",2020,117
Kazakhstan,"Meat of rabbits and hares, fresh or chilled (indigenous)",2021,129
Kazakhstan,"Meat of sheep, fresh or chilled (indigenous)",2019,585300
Kazakhstan,"Meat of sheep, fresh or chilled (indigenous)",2020,589115
Kazakhstan,"Meat of sheep, fresh or chilled (indigenous)",2021,598673
Kazakhstan,Millet,2019,5012
Kazakhstan,Millet,2020,4687
Kazakhstan,Millet,2021,4214
Kazakhstan,Mushrooms and truffles,2019,1156
Kazakhstan,Mushrooms and truffles,2020,1160
Kazakhstan,Mushrooms and truffles,2021,1167
Kazakhstan,Mustard seed,2019,4662
Kazakhstan,Mustard seed,2020,3901
Kazakhstan,Mustard seed,2021,3059
Kazakhstan,Natural honey,2019,12787
Kazakhstan,Natural honey,2020,13856
Kazakhstan,Natural honey,2021,16100
Kazakhstan,Oats,2019,20698
Kazakhstan,Oats,2020,18617
Kazakhstan,Oats,2021,14130
Kazakhstan,"Onions and shallots, dry (excluding dehydrated)",2019,116113
Kazakhstan,"Onions and shallots, dry (excluding dehydrated)",2020,125907
Kazakhstan,"Onions and shallots, dry (excluding dehydrated)",2021,134285
Kazakhstan,"Other beans, green",2019,736
Kazakhstan,"Other beans, green",2020,755
Kazakhstan,"Other beans, green",2021,747
Kazakhstan,Other berries and fruits of the genus vaccinium n.e.c.,2019,21629
Kazakhstan,Other berries and fruits of the genus vaccinium n.e.c.,2020,21588
Kazakhstan,Other berries and fruits of the genus vaccinium n.e.c.,2021,21538
Kazakhstan,"Other citrus fruit, n.e.c.",2019,290
Kazakhstan,"Other citrus fruit, n.e.c.",2020,293
Kazakhstan,"Other citrus fruit, n.e.c.",2021,294
Kazakhstan,"Other fruits, n.e.c.",2019,5737
Kazakhstan,"Other fruits, n.e.c.",2020,5541
Kazakhstan,"Other fruits, n.e.c.",2021,5690
Kazakhstan,"Other nuts (excluding wild edible nuts and groundnuts), in shell, n.e.c.",2019,711
Kazakhstan,"Other nuts (excluding wild edible nuts and groundnuts), in shell, n.e.c.",2020,684
Kazakhstan,"Other nuts (excluding wild edible nuts and groundnuts), in shell, n.e.c.",2021,697
Kazakhstan,"Other oil seeds, n.e.c.",2019,5428
Kazakhstan,"Other oil seeds, n.e.c.",2020,10856
Kazakhstan,"Other oil seeds, n.e.c.",2021,11480
Kazakhstan,Peaches and nectarines,2019,2889
Kazakhstan,Peaches and nectarines,2020,3326
Kazakhstan,Peaches and nectarines,2021,2638
Kazakhstan,Pears,2019,8092
Kazakhstan,Pears,2020,8373
Kazakhstan,Pears,2021,9574
Kazakhstan,"Peas, dry",2019,19415
Kazakhstan,"Peas, dry",2020,21268
Kazakhstan,"Peas, dry",2021,16611
Kazakhstan,"Peas, green",2019,477
Kazakhstan,"Peas, green",2020,491
Kazakhstan,"Peas, green",2021,485
Kazakhstan,Plums and sloes,2019,5955
Kazakhstan,Plums and sloes,2020,6274
Kazakhstan,Plums and sloes,2021,6405
Kazakhstan,Potatoes,2019,464688
Kazakhstan,Potatoes,2020,475934
Kazakhstan,Potatoes,2021,478880
Kazakhstan,Quinces,2019,401
Kazakhstan,Quinces,2020,419
Kazakhstan,Quinces,2021,407
Kazakhstan,Rape or colza seed,2019,56392
Kazakhstan,Rape or colza seed,2020,35871
Kazakhstan,Rape or colza seed,2021,34129
Kazakhstan,Raspberries,2019,13908
Kazakhstan,Raspberries,2020,13992
Kazakhstan,Raspberries,2021,13744
Kazakhstan,Raw milk of camel,2019,31822
Kazakhstan,Raw milk of camel,2020,32590
Kazakhstan,Raw milk of camel,2021,34080
Kazakhstan,Raw milk of cattle,2019,1049463
Kazakhstan,Raw milk of cattle,2020,1082834
Kazakhstan,Raw milk of cattle,2021,1117907
Kazakhstan,Raw milk of goats,2019,397
Kazakhstan,Raw milk of goats,2020,399
Kazakhstan,Raw milk of goats,2021,384
Kazakhstan,Rice,2019,125346
Kazakhstan,Rice,2020,124476
Kazakhstan,Rice,2021,112626
Kazakhstan,Rye,2019,2849
Kazakhstan,Rye,2020,3660
Kazakhstan,Rye,2021,4883
Kazakhstan,Safflower seed,2019,35496
Kazakhstan,Safflower seed,2020,40285
Kazakhstan,Safflower seed,2021,39779
Kazakhstan,"Seed cotton, unginned",2019,140811
Kazakhstan,"Seed cotton, unginned",2020,133540
Kazakhstan,"Seed cotton, unginned",2021,118737
Kazakhstan,"Shorn wool, greasy, including fleece-washed shorn wool",2019,30034
Kazakhstan,"Shorn wool, greasy, including fleece-washed shorn wool",2020,30580
Kazakhstan,"Shorn wool, greasy, including fleece-washed shorn wool",2021,31332
Kazakhstan,Sorghum,2019,839
Kazakhstan,Sorghum,2020,528
Kazakhstan,Sorghum,2021,574
Kazakhstan,Sour cherries,2019,118
Kazakhstan,Sour cherries,2020,118
Kazakhstan,Sour cherries,2021,118
Kazakhstan,Soya beans,2019,86436
Kazakhstan,Soya beans,2020,79836
Kazakhstan,Soya beans,2021,72854
Kazakhstan,Strawberries,2019,7554
Kazakhstan,Strawberries,2020,7606
Kazakhstan,Strawberries,2021,7752
Kazakhstan,Sugar beet,2019,18826
Kazakhstan,Sugar beet,2020,18082
Kazakhstan,Sugar beet,2021,12881
Kazakhstan,Sunflower seed,2019,236872
Kazakhstan,Sunflower seed,2020,238439
Kazakhstan,Sunflower seed,2021,291393
Kazakhstan,Tomatoes,2019,579675
Kazakhstan,Tomatoes,2020,578399
Kazakhstan,Tomatoes,2021,599878
Kazakhstan,Unmanufactured tobacco,2019,2015
Kazakhstan,Unmanufactured tobacco,2020,1997
Kazakhstan,Unmanufactured tobacco,2021,1945
Kazakhstan,"Walnuts, in shell",2019,6038
Kazakhstan,"Walnuts, in shell",2020,4460
Kazakhstan,"Walnuts, in shell",2021,5013
Kazakhstan,Watermelons,2019,177227
Kazakhstan,Watermelons,2020,166483
Kazakhstan,Watermelons,2021,182841
Kazakhstan,Wheat,2019,1619955
Kazakhstan,Wheat,2020,2016936
Kazakhstan,Wheat,2021,1671231
Kenya,"Anise, badian, coriander, cumin, caraway, fennel and juniper berries, raw",2019,8259
Kenya,"Anise, badian, coriander, cumin, caraway, fennel and juniper berries, raw",2020,9496
Kenya,"Anise, badian, coriander, cumin, caraway, fennel and juniper berries, raw",2021,16572
Kenya,Apples,2019,100
Kenya,Apples,2020,41
Kenya,Apples,2021,395
Kenya,Apricots,2019,44
Kenya,Apricots,2020,44
Kenya,Apricots,2021,44
Kenya,Asparagus,2019,333
Kenya,Asparagus,2020,283
Kenya,Asparagus,2021,283
Kenya,Avocados,2019,52457
Kenya,Avocados,2020,64084
Kenya,Avocados,2021,82809
Kenya,Bananas,2019,717031
Kenya,Bananas,2020,775909
Kenya,Bananas,2021,829650
Kenya,Barley,2019,22909
Kenya,Barley,2020,13450
Kenya,Barley,2021,12743
Kenya,"Beans, dry",2019,596428
Kenya,"Beans, dry",2020,618278
Kenya,"Beans, dry",2021,534083
Kenya,Beeswax,2019,6860
Kenya,Beeswax,2020,8567
Kenya,Beeswax,2021,28864
Kenya,"Broad beans and horse beans, green",2019,402
Kenya,"Broad beans and horse beans, green",2020,1444
Kenya,"Broad beans and horse beans, green",2021,2770
Kenya,Cabbages,2019,241833
Kenya,Cabbages,2020,275156
Kenya,Cabbages,2021,320725
Kenya,Carrots and turnips,2019,57871
Kenya,Carrots and turnips,2020,15447
Kenya,Carrots and turnips,2021,17120
Kenya,"Cashew nuts, in shell",2019,5085
Kenya,"Cashew nuts, in shell",2020,5031
Kenya,"Cashew nuts, in shell",2021,3623
Kenya,"Cassava, fresh",2019,215029
Kenya,"Cassava, fresh",2020,225555
Kenya,"Cassava, fresh",2021,181083
Kenya,Castor oil seeds,2019,520
Kenya,Castor oil seeds,2020,1040
Kenya,Castor oil seeds,2021,1300
Kenya,Cauliflowers and broccoli,2019,350
Kenya,Cauliflowers and broccoli,2020,281
Kenya,Cauliflowers and broccoli,2021,268
Kenya,"Chick peas, dry",2019,1195
Kenya,"Chick peas, dry",2020,1136
Kenya,"Chick peas, dry",2021,1166
Kenya,"Chillies and peppers, dry (Capsicum spp., Pimenta spp.), raw",2019,1346
Kenya,"Chillies and peppers, dry (Capsicum spp., Pimenta spp.), raw",2020,1345
Kenya,"Chillies and peppers, dry (Capsicum spp., Pimenta spp.), raw",2021,1302
Kenya,"Chillies and peppers, green (Capsicum spp. and Pimenta spp.)",2019,3635
Kenya,"Chillies and peppers, green (Capsicum spp. and Pimenta spp.)",2020,4629
Kenya,"Chillies and peppers, green (Capsicum spp. and Pimenta spp.)",2021,5438
Kenya,"Cloves (whole stems), raw",2019,4560
Kenya,"Cloves (whole stems), raw",2020,4653
Kenya,"Cloves (whole stems), raw",2021,4563
Kenya,"Coconuts, in shell",2019,20106
Kenya,"Coconuts, in shell",2020,20128
Kenya,"Coconuts, in shell",2021,15836
Kenya,"Coffee, green",2019,182383
Kenya,"Coffee, green",2020,151234
Kenya,"Coffee, green",2021,141398
Kenya,"Cow peas, dry",2019,160136
Kenya,"Cow peas, dry",2020,190211
Kenya,"Cow peas, dry",2021,90325
Kenya,Cucumbers and gherkins,2019,1148
Kenya,Cucumbers and gherkins,2020,1445
Kenya,Cucumbers and gherkins,2021,1303
Kenya,Dates,2019,549
Kenya,Dates,2020,549
Kenya,Dates,2021,555
Kenya,"Edible roots and tubers with high starch or inulin content, n.e.c., fresh",2019,4429
Kenya,"Edible roots and tubers with high starch or inulin content, n.e.c., fresh",2020,4421
Kenya,"Edible roots and tubers with high starch or inulin content, n.e.c., fresh",2021,4438
Kenya,"Game meat, fresh, chilled or frozen",2019,46032
Kenya,"Game meat, fresh, chilled or frozen",2020,46564
Kenya,"Game meat, fresh, chilled or frozen",2021,46203
Kenya,"Ginger, raw",2019,283
Kenya,"Ginger, raw",2020,1336
Kenya,"Ginger, raw",2021,729
Kenya,Green garlic,2019,4249
Kenya,Green garlic,2020,7542
Kenya,Green garlic,2021,7254
Kenya,"Groundnuts, excluding shelled",2019,11864
Kenya,"Groundnuts, excluding shelled",2020,11973
Kenya,"Groundnuts, excluding shelled",2021,9895
Kenya,"Hen eggs in shell, fresh",2019,223247
Kenya,"Hen eggs in shell, fresh",2020,250037
Kenya,"Hen eggs in shell, fresh",2021,203007
Kenya,Leeks and other alliaceous vegetables,2019,100
Kenya,Leeks and other alliaceous vegetables,2020,95
Kenya,Leeks and other alliaceous vegetables,2021,99
Kenya,Lemons and limes,2019,5940
Kenya,Lemons and limes,2020,22672
Kenya,Lemons and limes,2021,15660
Kenya,"Lentils, dry",2019,878
Kenya,"Lentils, dry",2020,906
Kenya,"Lentils, dry",2021,917
Kenya,Lettuce and chicory,2019,938
Kenya,Lettuce and chicory,2020,486
Kenya,Lettuce and chicory,2021,427
Kenya,Linseed,2019,85
Kenya,Linseed,2020,86
Kenya,Linseed,2021,86
Kenya,Maize (corn),2019,1148924
Kenya,Maize (corn),2020,1215319
Kenya,Maize (corn),2021,1059894
Kenya,"Mangoes, guavas and mangosteens",2019,105300
Kenya,"Mangoes, guavas and mangosteens",2020,107026
Kenya,"Mangoes, guavas and mangosteens",2021,98257
Kenya,"Meat of camels, fresh or chilled (indigenous)",2019,253621
Kenya,"Meat of camels, fresh or chilled (indigenous)",2020,211303
Kenya,"Meat of camels, fresh or chilled (indigenous)",2021,134727
Kenya,"Meat of cattle with the bone, fresh or chilled (indigenous)",2019,1060947
Kenya,"Meat of cattle with the bone, fresh or chilled (indigenous)",2020,787560
Kenya,"Meat of cattle with the bone, fresh or chilled (indigenous)",2021,799116
Kenya,"Meat of chickens, fresh or chilled (indigenous)",2019,385979
Kenya,"Meat of chickens, fresh or chilled (indigenous)",2020,304118
Kenya,"Meat of chickens, fresh or chilled (indigenous)",2021,393357
Kenya,"Meat of goat, fresh or chilled (indigenous)",2019,236075
Kenya,"Meat of goat, fresh or chilled (indigenous)",2020,333996
Kenya,"Meat of goat, fresh or chilled (indigenous)",2021,308973
Kenya,"Meat of pig with the bone, fresh or chilled (indigenous)",2019,32273
Kenya,"Meat of pig with the bone, fresh or chilled (indigenous)",2020,57625
Kenya,"Meat of pig with the bone, fresh or chilled (indigenous)",2021,51620
Kenya,"Meat of rabbits and hares, fresh or chilled (indigenous)",2019,3581
Kenya,"Meat of rabbits and hares, fresh or chilled (indigenous)",2020,10522
Kenya,"Meat of rabbits and hares, fresh or chilled (indigenous)",2021,4068
Kenya,"Meat of sheep, fresh or chilled (indigenous)",2019,215903
Kenya,"Meat of sheep, fresh or chilled (indigenous)",2020,338505
Kenya,"Meat of sheep, fresh or chilled (indigenous)",2021,216039
Kenya,Millet,2019,117412
Kenya,Millet,2020,133067
Kenya,Millet,2021,51470
Kenya,Natural honey,2019,80839
Kenya,Natural honey,2020,103699
Kenya,Natural honey,2021,100577
Kenya,"Nutmeg, mace, cardamoms, raw",2019,145
Kenya,"Nutmeg, mace, cardamoms, raw",2020,149
Kenya,"Nutmeg, mace, cardamoms, raw",2021,149
Kenya,Oats,2019,576
Kenya,Oats,2020,569
Kenya,Oats,2021,571
Kenya,Okra,2019,4090
Kenya,Okra,2020,4891
Kenya,Okra,2021,6043
Kenya,"Onions and shallots, dry (excluding dehydrated)",2019,53622
Kenya,"Onions and shallots, dry (excluding dehydrated)",2020,90632
Kenya,"Onions and shallots, dry (excluding dehydrated)",2021,75449
Kenya,Oranges,2019,18397
Kenya,Oranges,2020,36413
Kenya,Oranges,2021,30260
Kenya,"Other beans, green",2019,21419
Kenya,"Other beans, green",2020,21515
Kenya,"Other beans, green",2021,21444
Kenya,"Other citrus fruit, n.e.c.",2019,43370
Kenya,"Other citrus fruit, n.e.c.",2020,44411
Kenya,"Other citrus fruit, n.e.c.",2021,44371
Kenya,"Other fruits, n.e.c.",2019,11100
Kenya,"Other fruits, n.e.c.",2020,10862
Kenya,"Other fruits, n.e.c.",2021,10943
Kenya,"Other nuts (excluding wild edible nuts and groundnuts), in shell, n.e.c.",2019,47175
Kenya,"Other nuts (excluding wild edible nuts and groundnuts), in shell, n.e.c.",2020,49291
Kenya,"Other nuts (excluding wild edible nuts and groundnuts), in shell, n.e.c.",2021,47970
Kenya,Other pulses n.e.c.,2019,89790
Kenya,Other pulses n.e.c.,2020,92630
Kenya,Other pulses n.e.c.,2021,93343
Kenya,"Other stimulant, spice and aromatic crops, n.e.c.",2019,663
Kenya,"Other stimulant, spice and aromatic crops, n.e.c.",2020,678
Kenya,"Other stimulant, spice and aromatic crops, n.e.c.",2021,674
Kenya,"Other vegetables, fresh n.e.c.",2019,430487
Kenya,"Other vegetables, fresh n.e.c.",2020,431734
Kenya,"Other vegetables, fresh n.e.c.",2021,429585
Kenya,Papayas,2019,33450
Kenya,Papayas,2020,35129
Kenya,Papayas,2021,25934
Kenya,Peaches and nectarines,2019,53
Kenya,Peaches and nectarines,2020,40
Kenya,Peaches and nectarines,2021,9
Kenya,Pears,2019,221
Kenya,Pears,2020,226
Kenya,Pears,2021,267
Kenya,"Peas, green",2019,48334
Kenya,"Peas, green",2020,49543
Kenya,"Peas, green",2021,75402
Kenya,"Pepper (Piper spp.), raw",2019,8230
Kenya,"Pepper (Piper spp.), raw",2020,12344
Kenya,"Pepper (Piper spp.), raw",2021,15970
Kenya,"Pigeon peas, dry",2019,64464
Kenya,"Pigeon peas, dry",2020,74101
Kenya,"Pigeon peas, dry",2021,62264
Kenya,Pineapples,2019,48252
Kenya,Pineapples,2020,47529
Kenya,Pineapples,2021,40670
Kenya,Plantains and cooking bananas,2019,9971
Kenya,Plantains and cooking bananas,2020,10112
Kenya,Plantains and cooking bananas,2021,9995
Kenya,Plums and sloes,2019,120
Kenya,Plums and sloes,2020,97
Kenya,Plums and sloes,2021,232
Kenya,Pomelos and grapefruits,2019,415
Kenya,Pomelos and grapefruits,2020,360
Kenya,Pomelos and grapefruits,2021,362
Kenya,Potatoes,2019,716152
Kenya,Potatoes,2020,673024
Kenya,Potatoes,2021,762789
Kenya,"Pyrethrum, dried flowers",2019,583
Kenya,"Pyrethrum, dried flowers",2020,528
Kenya,"Pyrethrum, dried flowers",2021,928
Kenya,Raw milk of camel,2019,819860
Kenya,Raw milk of camel,2020,794155
Kenya,Raw milk of camel,2021,762435
Kenya,Raw milk of cattle,2019,2275255
Kenya,Raw milk of cattle,2020,2312306
Kenya,Raw milk of cattle,2021,2650886
Kenya,Raw milk of goats,2019,144170
Kenya,Raw milk of goats,2020,145148
Kenya,Raw milk of goats,2021,136455
Kenya,Raw milk of sheep,2019,60039
Kenya,Raw milk of sheep,2020,56796
Kenya,Raw milk of sheep,2021,56134
Kenya,Rice,2019,89672
Kenya,Rice,2020,101010
Kenya,Rice,2021,103864
Kenya,"Seed cotton, unginned",2019,2672
Kenya,"Seed cotton, unginned",2020,2712
Kenya,"Seed cotton, unginned",2021,572
Kenya,Sesame seed,2019,2154
Kenya,Sesame seed,2020,2178
Kenya,Sesame seed,2021,575
Kenya,"Shorn wool, greasy, including fleece-washed shorn wool",2019,1865
Kenya,"Shorn wool, greasy, including fleece-washed shorn wool",2020,1843
Kenya,"Shorn wool, greasy, including fleece-washed shorn wool",2021,1846
Kenya,"Sisal, raw",2019,43569
Kenya,"Sisal, raw",2020,49920
Kenya,"Sisal, raw",2021,52676
Kenya,Sorghum,2019,162924
Kenya,Sorghum,2020,178198
Kenya,Sorghum,2021,78577
Kenya,Spinach,2019,29599
Kenya,Spinach,2020,39938
Kenya,Spinach,2021,29918
Kenya,Strawberries,2019,1141
Kenya,Strawberries,2020,1131
Kenya,Strawberries,2021,864
Kenya,Sugar cane,2019,154103
Kenya,Sugar cane,2020,227867
Kenya,Sugar cane,2021,256244
Kenya,Sunflower seed,2019,1276
Kenya,Sunflower seed,2020,1276
Kenya,Sunflower seed,2021,1276
Kenya,Sweet potatoes,2019,336878
Kenya,Sweet potatoes,2020,236506
Kenya,Sweet potatoes,2021,268049
Kenya,"Tangerines, mandarins, clementines",2019,3299
Kenya,"Tangerines, mandarins, clementines",2020,7001
Kenya,"Tangerines, mandarins, clementines",2021,8926
Kenya,Tea leaves,2019,5070962
Kenya,Tea leaves,2020,7752598
Kenya,Tea leaves,2021,6178948
Kenya,Tomatoes,2019,369767
Kenya,Tomatoes,2020,681133
Kenya,Tomatoes,2021,457182
Kenya,Unmanufactured tobacco,2019,18478
Kenya,Unmanufactured tobacco,2020,18419
Kenya,Unmanufactured tobacco,2021,18212
Kenya,"Vanilla, raw",2019,8
Kenya,"Vanilla, raw",2020,8
Kenya,"Vanilla, raw",2021,8
Kenya,Watermelons,2019,67853
Kenya,Watermelons,2020,77603
Kenya,Watermelons,2021,71121
Kenya,Wheat,2019,137526
Kenya,Wheat,2020,151985
Kenya,Wheat,2021,131105
Kenya,Yams,2019,2400
Kenya,Yams,2020,1950
Kenya,Yams,2021,1867
Kuwait,Barley,2019,3690
Kuwait,Barley,2020,3690
Kuwait,Barley,2021,3081
Kuwait,"Broad beans and horse beans, green",2019,462
Kuwait,"Broad beans and horse beans, green",2020,247
Kuwait,"Broad beans and horse beans, green",2021,44
Kuwait,Cabbages,2019,5011
Kuwait,Cabbages,2020,3730
Kuwait,Cabbages,2021,2365
Kuwait,Cantaloupes and other melons,2019,1348
Kuwait,Cantaloupes and other melons,2020,816
Kuwait,Cantaloupes and other melons,2021,500
Kuwait,Carrots and turnips,2019,592
Kuwait,Carrots and turnips,2020,381
Kuwait,Carrots and turnips,2021,86
Kuwait,Cauliflowers and broccoli,2019,3688
Kuwait,Cauliflowers and broccoli,2020,3638
Kuwait,Cauliflowers and broccoli,2021,3258
Kuwait,"Chillies and peppers, green (Capsicum spp. and Pimenta spp.)",2019,7721
Kuwait,"Chillies and peppers, green (Capsicum spp. and Pimenta spp.)",2020,3046
Kuwait,"Chillies and peppers, green (Capsicum spp. and Pimenta spp.)",2021,4629
Kuwait,Cucumbers and gherkins,2019,32018
Kuwait,Cucumbers and gherkins,2020,16236
Kuwait,Cucumbers and gherkins,2021,13925
Kuwait,Dates,2019,120281
Kuwait,Dates,2020,127228
Kuwait,Dates,2021,129254
Kuwait,Eggplants (aubergines),2019,5994
Kuwait,Eggplants (aubergines),2020,3287
Kuwait,Eggplants (aubergines),2021,2594
Kuwait,Grapes,2019,282
Kuwait,Grapes,2020,323
Kuwait,Grapes,2021,367
Kuwait,Green garlic,2019,561
Kuwait,Green garlic,2020,441
Kuwait,Green garlic,2021,405
Kuwait,Lemons and limes,2019,177
Kuwait,Lemons and limes,2020,225
Kuwait,Lemons and limes,2021,236
Kuwait,Lettuce and chicory,2019,5209
Kuwait,Lettuce and chicory,2020,5903
Kuwait,Lettuce and chicory,2021,5169
Kuwait,Maize (corn),2019,20294
Kuwait,Maize (corn),2020,20294
Kuwait,Maize (corn),2021,15753
Kuwait,Okra,2019,4409
Kuwait,Okra,2020,783
Kuwait,Okra,2021,481
Kuwait,Olives,2019,1784
Kuwait,Olives,2020,1632
Kuwait,Olives,2021,1411
Kuwait,"Onions and shallots, dry (excluding dehydrated)",2019,4581
Kuwait,"Onions and shallots, dry (excluding dehydrated)",2020,7263
Kuwait,"Onions and shallots, dry (excluding dehydrated)",2021,6227
Kuwait,Oranges,2019,177
Kuwait,Oranges,2020,222
Kuwait,Oranges,2021,253
Kuwait,"Other beans, green",2019,1838
Kuwait,"Other beans, green",2020,811
Kuwait,"Other beans, green",2021,616
Kuwait,Potatoes,2019,15306
Kuwait,Potatoes,2020,8215
Kuwait,Potatoes,2021,10499
Kuwait,"Pumpkins, squash and gourds",2019,10514
Kuwait,"Pumpkins, squash and gourds",2020,3979
Kuwait,"Pumpkins, squash and gourds",2021,4560
Kuwait,Raw milk of cattle,2019,37943
Kuwait,Raw milk of cattle,2020,27903
Kuwait,Raw milk of cattle,2021,28150
Kuwait,Raw milk of goats,2019,5406
Kuwait,Raw milk of goats,2020,5100
Kuwait,Raw milk of goats,2021,5146
Kuwait,"Shorn wool, greasy, including fleece-washed shorn wool",2019,744
Kuwait,"Shorn wool, greasy, including fleece-washed shorn wool",2020,760
Kuwait,"Shorn wool, greasy, including fleece-washed shorn wool",2021,752
Kuwait,Spinach,2019,319
Kuwait,Spinach,2020,319
Kuwait,Spinach,2021,139
Kuwait,Strawberries,2019,827
Kuwait,Strawberries,2020,174
Kuwait,Strawberries,2021,179
Kuwait,Tomatoes,2019,53484
Kuwait,Tomatoes,2020,27062
Kuwait,Tomatoes,2021,24741
Kuwait,Watermelons,2019,353
Kuwait,Watermelons,2020,516
Kuwait,Watermelons,2021,491
Kuwait,Wheat,2019,44
Kuwait,Wheat,2020,55
Kuwait,Wheat,2021,31
Kyrgyz Republic,"Almonds, in shell",2019,1497
Kyrgyz Republic,"Almonds, in shell",2020,1490
Kyrgyz Republic,"Almonds, in shell",2021,1546
Kyrgyz Republic,Apples,2019,23881
Kyrgyz Republic,Apples,2020,23127
Kyrgyz Republic,Apples,2021,23185
Kyrgyz Republic,Apricots,2019,3830
Kyrgyz Republic,Apricots,2020,3840
Kyrgyz Republic,Apricots,2021,3811
Kyrgyz Republic,Barley,2019,77940
Kyrgyz Republic,Barley,2020,85358
Kyrgyz Republic,Barley,2021,45854
Kyrgyz Republic,"Beans, dry",2019,86395
Kyrgyz Republic,"Beans, dry",2020,87895
Kyrgyz Republic,"Beans, dry",2021,86447
Kyrgyz Republic,"Broad beans and horse beans, green",2019,248
Kyrgyz Republic,"Broad beans and horse beans, green",2020,223
Kyrgyz Republic,"Broad beans and horse beans, green",2021,230
Kyrgyz Republic,Buckwheat,2019,2
Kyrgyz Republic,Buckwheat,2020,7
Kyrgyz Republic,Buckwheat,2021,5
Kyrgyz Republic,Cabbages,2019,26892
Kyrgyz Republic,Cabbages,2020,26528
Kyrgyz Republic,Cabbages,2021,27247
Kyrgyz Republic,Carrots and turnips,2019,48247
Kyrgyz Republic,Carrots and turnips,2020,47375
Kyrgyz Republic,Carrots and turnips,2021,44795
Kyrgyz Republic,Cauliflowers and broccoli,2019,177
Kyrgyz Republic,Cauliflowers and broccoli,2020,163
Kyrgyz Republic,Cauliflowers and broccoli,2021,168
Kyrgyz Republic,Cherries,2019,1818
Kyrgyz Republic,Cherries,2020,1827
Kyrgyz Republic,Cherries,2021,1812
Kyrgyz Republic,"Chillies and peppers, dry (Capsicum spp., Pimenta spp.), raw",2019,1169
Kyrgyz Republic,"Chillies and peppers, dry (Capsicum spp., Pimenta spp.), raw",2020,1189
Kyrgyz Republic,"Chillies and peppers, dry (Capsicum spp., Pimenta spp.), raw",2021,1157
Kyrgyz Republic,"Chillies and peppers, green (Capsicum spp. and Pimenta spp.)",2019,1361
Kyrgyz Republic,"Chillies and peppers, green (Capsicum spp. and Pimenta spp.)",2020,1370
Kyrgyz Republic,"Chillies and peppers, green (Capsicum spp. and Pimenta spp.)",2021,1379
Kyrgyz Republic,Cucumbers and gherkins,2019,48877
Kyrgyz Republic,Cucumbers and gherkins,2020,48545
Kyrgyz Republic,Cucumbers and gherkins,2021,48559
Kyrgyz Republic,Currants,2019,15
Kyrgyz Republic,Currants,2020,15
Kyrgyz Republic,Currants,2021,15
Kyrgyz Republic,Eggplants (aubergines),2019,51
Kyrgyz Republic,Eggplants (aubergines),2020,47
Kyrgyz Republic,Eggplants (aubergines),2021,48
Kyrgyz Republic,"Eggs from other birds in shell, fresh, n.e.c.",2019,255
Kyrgyz Republic,"Eggs from other birds in shell, fresh, n.e.c.",2020,255
Kyrgyz Republic,"Eggs from other birds in shell, fresh, n.e.c.",2021,255
Kyrgyz Republic,Gooseberries,2019,16
Kyrgyz Republic,Gooseberries,2020,15
Kyrgyz Republic,Gooseberries,2021,15
Kyrgyz Republic,Grapes,2019,8583
Kyrgyz Republic,Grapes,2020,8981
Kyrgyz Republic,Grapes,2021,7175
Kyrgyz Republic,Green garlic,2019,119968
Kyrgyz Republic,Green garlic,2020,118492
Kyrgyz Republic,Green garlic,2021,116971
Kyrgyz Republic,"Groundnuts, excluding shelled",2019,184
Kyrgyz Republic,"Groundnuts, excluding shelled",2020,166
Kyrgyz Republic,"Groundnuts, excluding shelled",2021,136
Kyrgyz Republic,"Hazelnuts, in shell",2019,4417
Kyrgyz Republic,"Hazelnuts, in shell",2020,4519
Kyrgyz Republic,"Hazelnuts, in shell",2021,4430
Kyrgyz Republic,"Hen eggs in shell, fresh",2019,65954
Kyrgyz Republic,"Hen eggs in shell, fresh",2020,67245
Kyrgyz Republic,"Hen eggs in shell, fresh",2021,67499
Kyrgyz Republic,"Horse meat, fresh or chilled (indigenous)",2019,91820
Kyrgyz Republic,"Horse meat, fresh or chilled (indigenous)",2020,98048
Kyrgyz Republic,"Horse meat, fresh or chilled (indigenous)",2021,104358
Kyrgyz Republic,Kiwi fruit,2019,69
Kyrgyz Republic,Kiwi fruit,2020,71
Kyrgyz Republic,Kiwi fruit,2021,70
Kyrgyz Republic,Linseed,2019,21
Kyrgyz Republic,Linseed,2020,21
Kyrgyz Republic,Linseed,2021,21
Kyrgyz Republic,Maize (corn),2019,167653
Kyrgyz Republic,Maize (corn),2020,168195
Kyrgyz Republic,Maize (corn),2021,162790
Kyrgyz Republic,"Meat of cattle with the bone, fresh or chilled (indigenous)",2019,488567
Kyrgyz Republic,"Meat of cattle with the bone, fresh or chilled (indigenous)",2020,501730
Kyrgyz Republic,"Meat of cattle with the bone, fresh or chilled (indigenous)",2021,481767
Kyrgyz Republic,"Meat of chickens, fresh or chilled (indigenous)",2019,24370
Kyrgyz Republic,"Meat of chickens, fresh or chilled (indigenous)",2020,24442
Kyrgyz Republic,"Meat of chickens, fresh or chilled (indigenous)",2021,28369
Kyrgyz Republic,"Meat of goat, fresh or chilled (indigenous)",2019,44484
Kyrgyz Republic,"Meat of goat, fresh or chilled (indigenous)",2020,43717
Kyrgyz Republic,"Meat of goat, fresh or chilled (indigenous)",2021,43992
Kyrgyz Republic,"Meat of pig with the bone, fresh or chilled (indigenous)",2019,45173
Kyrgyz Republic,"Meat of pig with the bone, fresh or chilled (indigenous)",2020,41712
Kyrgyz Republic,"Meat of pig with the bone, fresh or chilled (indigenous)",2021,34826
Kyrgyz Republic,"Meat of rabbits and hares, fresh or chilled (indigenous)",2019,501
Kyrgyz Republic,"Meat of rabbits and hares, fresh or chilled (indigenous)",2020,365
Kyrgyz Republic,"Meat of rabbits and hares, fresh or chilled (indigenous)",2021,355
Kyrgyz Republic,"Meat of sheep, fresh or chilled (indigenous)",2019,369161
Kyrgyz Republic,"Meat of sheep, fresh or chilled (indigenous)",2020,373002
Kyrgyz Republic,"Meat of sheep, fresh or chilled (indigenous)",2021,397272
Kyrgyz Republic,Millet,2019,40
Kyrgyz Republic,Millet,2020,78
Kyrgyz Republic,Millet,2021,23
Kyrgyz Republic,Mushrooms and truffles,2019,204
Kyrgyz Republic,Mushrooms and truffles,2020,205
Kyrgyz Republic,Mushrooms and truffles,2021,209
Kyrgyz Republic,Mustard seed,2019,3
Kyrgyz Republic,Mustard seed,2020,4
Kyrgyz Republic,Mustard seed,2021,4
Kyrgyz Republic,Natural honey,2019,8343
Kyrgyz Republic,Natural honey,2020,7049
Kyrgyz Republic,Natural honey,2021,8688
Kyrgyz Republic,Oats,2019,402
Kyrgyz Republic,Oats,2020,426
Kyrgyz Republic,Oats,2021,213
Kyrgyz Republic,"Onions and shallots, dry (excluding dehydrated)",2019,54058
Kyrgyz Republic,"Onions and shallots, dry (excluding dehydrated)",2020,57239
Kyrgyz Republic,"Onions and shallots, dry (excluding dehydrated)",2021,55023
Kyrgyz Republic,"Other beans, green",2019,1601
Kyrgyz Republic,"Other beans, green",2020,1479
Kyrgyz Republic,"Other beans, green",2021,1522
Kyrgyz Republic,Other berries and fruits of the genus vaccinium n.e.c.,2019,549
Kyrgyz Republic,Other berries and fruits of the genus vaccinium n.e.c.,2020,531
Kyrgyz Republic,Other berries and fruits of the genus vaccinium n.e.c.,2021,536
Kyrgyz Republic,"Other citrus fruit, n.e.c.",2019,35
Kyrgyz Republic,"Other citrus fruit, n.e.c.",2020,35
Kyrgyz Republic,"Other citrus fruit, n.e.c.",2021,34
Kyrgyz Republic,"Other fruits, n.e.c.",2019,5379
Kyrgyz Republic,"Other fruits, n.e.c.",2020,5321
Kyrgyz Republic,"Other fruits, n.e.c.",2021,5312
Kyrgyz Republic,"Other nuts (excluding wild edible nuts and groundnuts), in shell, n.e.c.",2019,2997
Kyrgyz Republic,"Other nuts (excluding wild edible nuts and groundnuts), in shell, n.e.c.",2020,2930
Kyrgyz Republic,"Other nuts (excluding wild edible nuts and groundnuts), in shell, n.e.c.",2021,2954
Kyrgyz Republic,"Other oil seeds, n.e.c.",2019,3
Kyrgyz Republic,"Other oil seeds, n.e.c.",2020,4
Kyrgyz Republic,"Other oil seeds, n.e.c.",2021,5
Kyrgyz Republic,Other pulses n.e.c.,2019,92042
Kyrgyz Republic,Other pulses n.e.c.,2020,90914
Kyrgyz Republic,Other pulses n.e.c.,2021,70179
Kyrgyz Republic,"Other stimulant, spice and aromatic crops, n.e.c.",2019,220
Kyrgyz Republic,"Other stimulant, spice and aromatic crops, n.e.c.",2020,218
Kyrgyz Republic,"Other stimulant, spice and aromatic crops, n.e.c.",2021,228
Kyrgyz Republic,"Other vegetables, fresh n.e.c.",2019,11425
Kyrgyz Republic,"Other vegetables, fresh n.e.c.",2020,11190
Kyrgyz Republic,"Other vegetables, fresh n.e.c.",2021,12118
Kyrgyz Republic,Peaches and nectarines,2019,1643
Kyrgyz Republic,Peaches and nectarines,2020,1673
Kyrgyz Republic,Peaches and nectarines,2021,1633
Kyrgyz Republic,Pears,2019,1833
Kyrgyz Republic,Pears,2020,1833
Kyrgyz Republic,Pears,2021,1833
Kyrgyz Republic,"Peas, dry",2019,120
Kyrgyz Republic,"Peas, dry",2020,90
Kyrgyz Republic,"Peas, dry",2021,170
Kyrgyz Republic,"Pepper (Piper spp.), raw",2019,565
Kyrgyz Republic,"Pepper (Piper spp.), raw",2020,572
Kyrgyz Republic,"Pepper (Piper spp.), raw",2021,565
Kyrgyz Republic,"Pistachios, in shell",2019,5418
Kyrgyz Republic,"Pistachios, in shell",2020,5372
Kyrgyz Republic,"Pistachios, in shell",2021,5579
Kyrgyz Republic,Plums and sloes,2019,1801
Kyrgyz Republic,Plums and sloes,2020,1789
Kyrgyz Republic,Plums and sloes,2021,1786
Kyrgyz Republic,Potatoes,2019,365399
Kyrgyz Republic,Potatoes,2020,352995
Kyrgyz Republic,Potatoes,2021,342873
Kyrgyz Republic,"Pumpkins, squash and gourds",2019,313
Kyrgyz Republic,"Pumpkins, squash and gourds",2020,303
Kyrgyz Republic,"Pumpkins, squash and gourds",2021,307
Kyrgyz Republic,Quinces,2019,374
Kyrgyz Republic,Quinces,2020,369
Kyrgyz Republic,Quinces,2021,366
Kyrgyz Republic,Rape or colza seed,2019,38
Kyrgyz Republic,Rape or colza seed,2020,26
Kyrgyz Republic,Rape or colza seed,2021,15
Kyrgyz Republic,Raspberries,2019,355
Kyrgyz Republic,Raspberries,2020,367
Kyrgyz Republic,Raspberries,2021,361
Kyrgyz Republic,Raw milk of cattle,2019,535326
Kyrgyz Republic,Raw milk of cattle,2020,548532
Kyrgyz Republic,Raw milk of cattle,2021,558723
Kyrgyz Republic,Raw milk of goats,2019,213
Kyrgyz Republic,Raw milk of goats,2020,207
Kyrgyz Republic,Raw milk of goats,2021,193
Kyrgyz Republic,Rice,2019,50742
Kyrgyz Republic,Rice,2020,54748
Kyrgyz Republic,Rice,2021,57043
Kyrgyz Republic,Rye,2019,168
Kyrgyz Republic,Rye,2020,157
Kyrgyz Republic,Rye,2021,174
Kyrgyz Republic,Safflower seed,2019,2938
Kyrgyz Republic,Safflower seed,2020,2344
Kyrgyz Republic,Safflower seed,2021,1426
Kyrgyz Republic,"Seed cotton, unginned",2019,43095
Kyrgyz Republic,"Seed cotton, unginned",2020,39094
Kyrgyz Republic,"Seed cotton, unginned",2021,35938
Kyrgyz Republic,"Shorn wool, greasy, including fleece-washed shorn wool",2019,4800
Kyrgyz Republic,"Shorn wool, greasy, including fleece-washed shorn wool",2020,4801
Kyrgyz Republic,"Shorn wool, greasy, including fleece-washed shorn wool",2021,4649
Kyrgyz Republic,Silk-worm cocoons suitable for reeling,2019,239
Kyrgyz Republic,Silk-worm cocoons suitable for reeling,2020,239
Kyrgyz Republic,Silk-worm cocoons suitable for reeling,2021,208
Kyrgyz Republic,Sorghum,2019,4
Kyrgyz Republic,Sorghum,2020,4
Kyrgyz Republic,Sorghum,2021,1
Kyrgyz Republic,Soya beans,2019,532
Kyrgyz Republic,Soya beans,2020,445
Kyrgyz Republic,Soya beans,2021,528
Kyrgyz Republic,Strawberries,2019,292
Kyrgyz Republic,Strawberries,2020,292
Kyrgyz Republic,Strawberries,2021,290
Kyrgyz Republic,Sugar beet,2019,35774
Kyrgyz Republic,Sugar beet,2020,21662
Kyrgyz Republic,Sugar beet,2021,17647
Kyrgyz Republic,Sunflower seed,2019,2774
Kyrgyz Republic,Sunflower seed,2020,2015
Kyrgyz Republic,Sunflower seed,2021,1560
Kyrgyz Republic,Tomatoes,2019,106956
Kyrgyz Republic,Tomatoes,2020,105366
Kyrgyz Republic,Tomatoes,2021,102654
Kyrgyz Republic,Triticale,2019,38
Kyrgyz Republic,Triticale,2020,24
Kyrgyz Republic,Triticale,2021,2
Kyrgyz Republic,Unmanufactured tobacco,2019,335
Kyrgyz Republic,Unmanufactured tobacco,2020,361
Kyrgyz Republic,Unmanufactured tobacco,2021,417
Kyrgyz Republic,"Walnuts, in shell",2019,6729
Kyrgyz Republic,"Walnuts, in shell",2020,7014
Kyrgyz Republic,"Walnuts, in shell",2021,6901
Kyrgyz Republic,Watermelons,2019,36689
Kyrgyz Republic,Watermelons,2020,38917
Kyrgyz Republic,Watermelons,2021,32293
Kyrgyz Republic,Wheat,2019,133359
Kyrgyz Republic,Wheat,2020,139533
Kyrgyz Republic,Wheat,2021,80455
Lao People's Democratic Republic,Bananas,2019,340766
Lao People's Democratic Republic,Bananas,2020,399558
Lao People's Democratic Republic,Bananas,2021,325821
Lao People's Democratic Republic,"Beans, dry",2019,4867
Lao People's Democratic Republic,"Beans, dry",2020,5027
Lao People's Democratic Republic,"Beans, dry",2021,5086
Lao People's Democratic Republic,Cantaloupes and other melons,2019,9664
Lao People's Democratic Republic,Cantaloupes and other melons,2020,10186
Lao People's Democratic Republic,Cantaloupes and other melons,2021,11167
Lao People's Democratic Republic,"Cassava, fresh",2019,398953
Lao People's Democratic Republic,"Cassava, fresh",2020,471571
Lao People's Democratic Republic,"Cassava, fresh",2021,565987
Lao People's Democratic Republic,"Chillies and peppers, dry (Capsicum spp., Pimenta spp.), raw",2019,45831
Lao People's Democratic Republic,"Chillies and peppers, dry (Capsicum spp., Pimenta spp.), raw",2020,46423
Lao People's Democratic Republic,"Chillies and peppers, dry (Capsicum spp., Pimenta spp.), raw",2021,47911
Lao People's Democratic Republic,"Chillies and peppers, green (Capsicum spp. and Pimenta spp.)",2019,11871
Lao People's Democratic Republic,"Chillies and peppers, green (Capsicum spp. and Pimenta spp.)",2020,11954
Lao People's Democratic Republic,"Chillies and peppers, green (Capsicum spp. and Pimenta spp.)",2021,12028
Lao People's Democratic Republic,"Coffee, green",2019,98667
Lao People's Democratic Republic,"Coffee, green",2020,91073
Lao People's Democratic Republic,"Coffee, green",2021,92806
Lao People's Democratic Republic,"Eggs from other birds in shell, fresh, n.e.c.",2019,959
Lao People's Democratic Republic,"Eggs from other birds in shell, fresh, n.e.c.",2020,959
Lao People's Democratic Republic,"Eggs from other birds in shell, fresh, n.e.c.",2021,959
Lao People's Democratic Republic,"Groundnuts, excluding shelled",2019,48903
Lao People's Democratic Republic,"Groundnuts, excluding shelled",2020,52473
Lao People's Democratic Republic,"Groundnuts, excluding shelled",2021,51877
Lao People's Democratic Republic,"Hen eggs in shell, fresh",2019,77190
Lao People's Democratic Republic,"Hen eggs in shell, fresh",2020,81091
Lao People's Democratic Republic,"Hen eggs in shell, fresh",2021,77425
Lao People's Democratic Republic,Lemons and limes,2019,10520
Lao People's Democratic Republic,Lemons and limes,2020,10441
Lao People's Democratic Republic,Lemons and limes,2021,10421
Lao People's Democratic Republic,Maize (corn),2019,150954
Lao People's Democratic Republic,Maize (corn),2020,130031
Lao People's Democratic Republic,Maize (corn),2021,101810
Lao People's Democratic Republic,"Mangoes, guavas and mangosteens",2019,2501
Lao People's Democratic Republic,"Mangoes, guavas and mangosteens",2020,2568
Lao People's Democratic Republic,"Mangoes, guavas and mangosteens",2021,2502
Lao People's Democratic Republic,"Meat of buffalo, fresh or chilled (indigenous)",2019,137996
Lao People's Democratic Republic,"Meat of buffalo, fresh or chilled (indigenous)",2020,133933
Lao People's Democratic Republic,"Meat of buffalo, fresh or chilled (indigenous)",2021,136655
Lao People's Democratic Republic,"Meat of cattle with the bone, fresh or chilled (indigenous)",2019,228507
Lao People's Democratic Republic,"Meat of cattle with the bone, fresh or chilled (indigenous)",2020,225468
Lao People's Democratic Republic,"Meat of cattle with the bone, fresh or chilled (indigenous)",2021,252339
Lao People's Democratic Republic,"Meat of chickens, fresh or chilled (indigenous)",2019,162894
Lao People's Democratic Republic,"Meat of chickens, fresh or chilled (indigenous)",2020,158995
Lao People's Democratic Republic,"Meat of chickens, fresh or chilled (indigenous)",2021,179022
Lao People's Democratic Republic,"Meat of ducks, fresh or chilled (indigenous)",2019,18123
Lao People's Democratic Republic,"Meat of ducks, fresh or chilled (indigenous)",2020,17656
Lao People's Democratic Republic,"Meat of ducks, fresh or chilled (indigenous)",2021,18234
Lao People's Democratic Republic,"Meat of geese, fresh or chilled (indigenous)",2019,2154
Lao People's Democratic Republic,"Meat of geese, fresh or chilled (indigenous)",2020,2171
Lao People's Democratic Republic,"Meat of geese, fresh or chilled (indigenous)",2021,2199
Lao People's Democratic Republic,"Meat of goat, fresh or chilled (indigenous)",2019,12662
Lao People's Democratic Republic,"Meat of goat, fresh or chilled (indigenous)",2020,13442
Lao People's Democratic Republic,"Meat of goat, fresh or chilled (indigenous)",2021,13551
Lao People's Democratic Republic,"Meat of pig with the bone, fresh or chilled (indigenous)",2019,362022
Lao People's Democratic Republic,"Meat of pig with the bone, fresh or chilled (indigenous)",2020,347946
Lao People's Democratic Republic,"Meat of pig with the bone, fresh or chilled (indigenous)",2021,370431
Lao People's Democratic Republic,"Nutmeg, mace, cardamoms, raw",2019,23553
Lao People's Democratic Republic,"Nutmeg, mace, cardamoms, raw",2020,24767
Lao People's Democratic Republic,"Nutmeg, mace, cardamoms, raw",2021,25936
Lao People's Democratic Republic,Oranges,2019,85719
Lao People's Democratic Republic,Oranges,2020,85841
Lao People's Democratic Republic,Oranges,2021,86865
Lao People's Democratic Republic,"Other fruits, n.e.c.",2019,29057
Lao People's Democratic Republic,"Other fruits, n.e.c.",2020,29462
Lao People's Democratic Republic,"Other fruits, n.e.c.",2021,29651
Lao People's Democratic Republic,Other pulses n.e.c.,2019,2727
Lao People's Democratic Republic,Other pulses n.e.c.,2020,2448
Lao People's Democratic Republic,Other pulses n.e.c.,2021,2129
Lao People's Democratic Republic,Other stone fruits,2019,23247
Lao People's Democratic Republic,Other stone fruits,2020,23524
Lao People's Democratic Republic,Other stone fruits,2021,23248
Lao People's Democratic Republic,"Other vegetables, fresh n.e.c.",2019,1201632
Lao People's Democratic Republic,"Other vegetables, fresh n.e.c.",2020,1199136
Lao People's Democratic Republic,"Other vegetables, fresh n.e.c.",2021,1188452
Lao People's Democratic Republic,Pineapples,2019,33947
Lao People's Democratic Republic,Pineapples,2020,32764
Lao People's Democratic Republic,Pineapples,2021,37863
Lao People's Democratic Republic,Pomelos and grapefruits,2019,8801
Lao People's Democratic Republic,Pomelos and grapefruits,2020,8823
Lao People's Democratic Republic,Pomelos and grapefruits,2021,8820
Lao People's Democratic Republic,Potatoes,2019,1581
Lao People's Democratic Republic,Potatoes,2020,2349
Lao People's Democratic Republic,Potatoes,2021,1733
Lao People's Democratic Republic,"Ramie, raw or retted",2019,5161
Lao People's Democratic Republic,"Ramie, raw or retted",2020,5061
Lao People's Democratic Republic,"Ramie, raw or retted",2021,5094
Lao People's Democratic Republic,Raw milk of cattle,2019,14070
Lao People's Democratic Republic,Raw milk of cattle,2020,14245
Lao People's Democratic Republic,Raw milk of cattle,2021,14616
Lao People's Democratic Republic,Rice,2019,1196145
Lao People's Democratic Republic,Rice,2020,1190933
Lao People's Democratic Republic,Rice,2021,1238802
Lao People's Democratic Republic,"Seed cotton, unginned",2019,1019
Lao People's Democratic Republic,"Seed cotton, unginned",2020,962
Lao People's Democratic Republic,"Seed cotton, unginned",2021,859
Lao People's Democratic Republic,Sesame seed,2019,22575
Lao People's Democratic Republic,Sesame seed,2020,19557
Lao People's Democratic Republic,Sesame seed,2021,16269
Lao People's Democratic Republic,Soya beans,2019,5216
Lao People's Democratic Republic,Soya beans,2020,7548
Lao People's Democratic Republic,Soya beans,2021,6484
Lao People's Democratic Republic,Sugar cane,2019,292565
Lao People's Democratic Republic,Sugar cane,2020,262505
Lao People's Democratic Republic,Sugar cane,2021,224006
Lao People's Democratic Republic,Sweet potatoes,2019,58521
Lao People's Democratic Republic,Sweet potatoes,2020,62370
Lao People's Democratic Republic,Sweet potatoes,2021,67867
Lao People's Democratic Republic,"Tangerines, mandarins, clementines",2019,80705
Lao People's Democratic Republic,"Tangerines, mandarins, clementines",2020,82343
Lao People's Democratic Republic,"Tangerines, mandarins, clementines",2021,84676
Lao People's Democratic Republic,Tea leaves,2019,43974
Lao People's Democratic Republic,Tea leaves,2020,42618
Lao People's Democratic Republic,Tea leaves,2021,44009
Lao People's Democratic Republic,Unmanufactured tobacco,2019,91370
Lao People's Democratic Republic,Unmanufactured tobacco,2020,82421
Lao People's Democratic Republic,Unmanufactured tobacco,2021,67408
Lao People's Democratic Republic,Watermelons,2019,88018
Lao People's Democratic Republic,Watermelons,2020,90982
Lao People's Democratic Republic,Watermelons,2021,78557
Lebanon,"Almonds, in shell",2019,17124
Lebanon,"Almonds, in shell",2020,11938
Lebanon,"Almonds, in shell",2021,11159
Lebanon,"Anise, badian, coriander, cumin, caraway, fennel and juniper berries, raw",2019,184
Lebanon,"Anise, badian, coriander, cumin, caraway, fennel and juniper berries, raw",2020,184
Lebanon,"Anise, badian, coriander, cumin, caraway, fennel and juniper berries, raw",2021,185
Lebanon,Apples,2019,193661
Lebanon,Apples,2020,305225
Lebanon,Apples,2021,245081
Lebanon,Apricots,2019,40593
Lebanon,Apricots,2020,44882
Lebanon,Apricots,2021,23512
Lebanon,Artichokes,2019,1130
Lebanon,Artichokes,2020,1580
Lebanon,Artichokes,2021,1496
Lebanon,Avocados,2019,53225
Lebanon,Avocados,2020,60228
Lebanon,Avocados,2021,59283
Lebanon,Bananas,2019,48156
Lebanon,Bananas,2020,39396
Lebanon,Bananas,2021,27188
Lebanon,Barley,2019,7040
Lebanon,Barley,2020,8531
Lebanon,Barley,2021,8345
Lebanon,"Beans, dry",2019,5570
Lebanon,"Beans, dry",2020,6256
Lebanon,"Beans, dry",2021,6237
Lebanon,"Broad beans and horse beans, dry",2019,453
Lebanon,"Broad beans and horse beans, dry",2020,717
Lebanon,"Broad beans and horse beans, dry",2021,665
Lebanon,"Broad beans and horse beans, green",2019,10384
Lebanon,"Broad beans and horse beans, green",2020,11521
Lebanon,"Broad beans and horse beans, green",2021,11058
Lebanon,Cabbages,2019,18928
Lebanon,Cabbages,2020,17649
Lebanon,Cabbages,2021,18804
Lebanon,Cantaloupes and other melons,2019,13357
Lebanon,Cantaloupes and other melons,2020,15492
Lebanon,Cantaloupes and other melons,2021,14697
Lebanon,Carrots and turnips,2019,3315
Lebanon,Carrots and turnips,2020,5315
Lebanon,Carrots and turnips,2021,4842
Lebanon,Cauliflowers and broccoli,2019,10183
Lebanon,Cauliflowers and broccoli,2020,10707
Lebanon,Cauliflowers and broccoli,2021,10551
Lebanon,Cherries,2019,60323
Lebanon,Cherries,2020,55535
Lebanon,Cherries,2021,52857
Lebanon,"Chick peas, dry",2019,3622
Lebanon,"Chick peas, dry",2020,5132
Lebanon,"Chick peas, dry",2021,7175
Lebanon,"Chillies and peppers, green (Capsicum spp. and Pimenta spp.)",2019,8168
Lebanon,"Chillies and peppers, green (Capsicum spp. and Pimenta spp.)",2020,7032
Lebanon,"Chillies and peppers, green (Capsicum spp. and Pimenta spp.)",2021,7461
Lebanon,Cucumbers and gherkins,2019,87823
Lebanon,Cucumbers and gherkins,2020,84371
Lebanon,Cucumbers and gherkins,2021,85018
Lebanon,Eggplants (aubergines),2019,52417
Lebanon,Eggplants (aubergines),2020,50748
Lebanon,Eggplants (aubergines),2021,34768
Lebanon,Figs,2019,6409
Lebanon,Figs,2020,6269
Lebanon,Figs,2021,6258
Lebanon,Grapes,2019,151255
Lebanon,Grapes,2020,157335
Lebanon,Grapes,2021,166142
Lebanon,Green garlic,2019,5127
Lebanon,Green garlic,2020,6794
Lebanon,Green garlic,2021,6160
Lebanon,"Groundnuts, excluding shelled",2019,8390
Lebanon,"Groundnuts, excluding shelled",2020,8232
Lebanon,"Groundnuts, excluding shelled",2021,8353
Lebanon,"Hen eggs in shell, fresh",2019,75083
Lebanon,"Hen eggs in shell, fresh",2020,71329
Lebanon,"Hen eggs in shell, fresh",2021,71292
Lebanon,Lemons and limes,2019,48433
Lebanon,Lemons and limes,2020,49327
Lebanon,Lemons and limes,2021,45213
Lebanon,"Lentils, dry",2019,1331
Lebanon,"Lentils, dry",2020,2009
Lebanon,"Lentils, dry",2021,2586
Lebanon,Lettuce and chicory,2019,12477
Lebanon,Lettuce and chicory,2020,12347
Lebanon,Lettuce and chicory,2021,12326
Lebanon,Locust beans (carobs),2019,4087
Lebanon,Locust beans (carobs),2020,3979
Lebanon,Locust beans (carobs),2021,3897
Lebanon,Lupins,2019,37
Lebanon,Lupins,2020,37
Lebanon,Lupins,2021,36
Lebanon,Maize (corn),2019,603
Lebanon,Maize (corn),2020,603
Lebanon,Maize (corn),2021,603
Lebanon,"Meat of cattle with the bone, fresh or chilled (indigenous)",2019,1
Lebanon,"Meat of cattle with the bone, fresh or chilled (indigenous)",2020,1
Lebanon,"Meat of cattle with the bone, fresh or chilled (indigenous)",2021,25232
Lebanon,"Meat of chickens, fresh or chilled (indigenous)",2019,313692
Lebanon,"Meat of chickens, fresh or chilled (indigenous)",2020,340422
Lebanon,"Meat of chickens, fresh or chilled (indigenous)",2021,356818
Lebanon,"Meat of goat, fresh or chilled (indigenous)",2019,20245
Lebanon,"Meat of goat, fresh or chilled (indigenous)",2020,14317
Lebanon,"Meat of goat, fresh or chilled (indigenous)",2021,12577
Lebanon,"Meat of pig with the bone, fresh or chilled (indigenous)",2019,2203
Lebanon,"Meat of pig with the bone, fresh or chilled (indigenous)",2020,2164
Lebanon,"Meat of pig with the bone, fresh or chilled (indigenous)",2021,2156
Lebanon,"Meat of sheep, fresh or chilled (indigenous)",2019,0
Lebanon,"Meat of sheep, fresh or chilled (indigenous)",2020,0
Lebanon,"Meat of sheep, fresh or chilled (indigenous)",2021,37593
Lebanon,Natural honey,2019,25236
Lebanon,Natural honey,2020,27364
Lebanon,Natural honey,2021,24571
Lebanon,Oats,2019,30
Lebanon,Oats,2020,31
Lebanon,Oats,2021,31
Lebanon,Okra,2019,2505
Lebanon,Okra,2020,2217
Lebanon,Okra,2021,2356
Lebanon,Olives,2019,204980
Lebanon,Olives,2020,221624
Lebanon,Olives,2021,147086
Lebanon,"Onions and shallots, dry (excluding dehydrated)",2019,65611
Lebanon,"Onions and shallots, dry (excluding dehydrated)",2020,81004
Lebanon,"Onions and shallots, dry (excluding dehydrated)",2021,52692
Lebanon,Oranges,2019,78933
Lebanon,Oranges,2020,65015
Lebanon,Oranges,2021,47246
Lebanon,"Other beans, green",2019,29519
Lebanon,"Other beans, green",2020,24850
Lebanon,"Other beans, green",2021,26252
Lebanon,"Other fruits, n.e.c.",2019,28337
Lebanon,"Other fruits, n.e.c.",2020,30210
Lebanon,"Other fruits, n.e.c.",2021,29898
Lebanon,"Other nuts (excluding wild edible nuts and groundnuts), in shell, n.e.c.",2019,5855
Lebanon,"Other nuts (excluding wild edible nuts and groundnuts), in shell, n.e.c.",2020,6029
Lebanon,"Other nuts (excluding wild edible nuts and groundnuts), in shell, n.e.c.",2021,5975
Lebanon,Other pulses n.e.c.,2019,514
Lebanon,Other pulses n.e.c.,2020,523
Lebanon,Other pulses n.e.c.,2021,525
Lebanon,"Other stimulant, spice and aromatic crops, n.e.c.",2019,1389
Lebanon,"Other stimulant, spice and aromatic crops, n.e.c.",2020,1387
Lebanon,"Other stimulant, spice and aromatic crops, n.e.c.",2021,1429
Lebanon,"Other vegetables, fresh n.e.c.",2019,4984
Lebanon,"Other vegetables, fresh n.e.c.",2020,5177
Lebanon,"Other vegetables, fresh n.e.c.",2021,5113
Lebanon,Peaches and nectarines,2019,69961
Lebanon,Peaches and nectarines,2020,76858
Lebanon,Peaches and nectarines,2021,78585
Lebanon,Pears,2019,58297
Lebanon,Pears,2020,67992
Lebanon,Pears,2021,57729
Lebanon,"Peas, dry",2019,2507
Lebanon,"Peas, dry",2020,2559
Lebanon,"Peas, dry",2021,2509
Lebanon,"Peas, green",2019,13053
Lebanon,"Peas, green",2020,12921
Lebanon,"Peas, green",2021,12801
Lebanon,Plums and sloes,2019,41796
Lebanon,Plums and sloes,2020,40565
Lebanon,Plums and sloes,2021,25817
Lebanon,Pomelos and grapefruits,2019,4060
Lebanon,Pomelos and grapefruits,2020,4547
Lebanon,Pomelos and grapefruits,2021,3910
Lebanon,Potatoes,2019,200274
Lebanon,Potatoes,2020,279545
Lebanon,Potatoes,2021,234750
Lebanon,"Pumpkins, squash and gourds",2019,18422
Lebanon,"Pumpkins, squash and gourds",2020,21872
Lebanon,"Pumpkins, squash and gourds",2021,18895
Lebanon,Raw milk of cattle,2019,208342
Lebanon,Raw milk of cattle,2020,190350
Lebanon,Raw milk of cattle,2021,189961
Lebanon,Raw milk of goats,2019,12623
Lebanon,Raw milk of goats,2020,21138
Lebanon,Raw milk of goats,2021,13501
Lebanon,Raw milk of sheep,2019,8807
Lebanon,Raw milk of sheep,2020,13738
Lebanon,Raw milk of sheep,2021,7921
Lebanon,Sesame seed,2019,340
Lebanon,Sesame seed,2020,337
Lebanon,Sesame seed,2021,340
Lebanon,"Shorn wool, greasy, including fleece-washed shorn wool",2019,17434
Lebanon,"Shorn wool, greasy, including fleece-washed shorn wool",2020,17807
Lebanon,"Shorn wool, greasy, including fleece-washed shorn wool",2021,17463
Lebanon,Sorghum,2019,872
Lebanon,Sorghum,2020,1214
Lebanon,Sorghum,2021,1041
Lebanon,Spinach,2019,1646
Lebanon,Spinach,2020,1486
Lebanon,Spinach,2021,1743
Lebanon,Strawberries,2019,6281
Lebanon,Strawberries,2020,7102
Lebanon,Strawberries,2021,6741
Lebanon,Sugar beet,2019,5326
Lebanon,Sugar beet,2020,5210
Lebanon,Sugar beet,2021,5248
Lebanon,"Tangerines, mandarins, clementines",2019,26678
Lebanon,"Tangerines, mandarins, clementines",2020,25139
Lebanon,"Tangerines, mandarins, clementines",2021,25680
Lebanon,Taro,2019,500
Lebanon,Taro,2020,482
Lebanon,Taro,2021,480
Lebanon,Tomatoes,2019,146781
Lebanon,Tomatoes,2020,139412
Lebanon,Tomatoes,2021,144310
Lebanon,Unmanufactured tobacco,2019,80501
Lebanon,Unmanufactured tobacco,2020,80834
Lebanon,Unmanufactured tobacco,2021,82614
Lebanon,Vetches,2019,170
Lebanon,Vetches,2020,162
Lebanon,Vetches,2021,162
Lebanon,"Walnuts, in shell",2019,23556
Lebanon,"Walnuts, in shell",2020,22232
Lebanon,"Walnuts, in shell",2021,22412
Lebanon,Watermelons,2019,28707
Lebanon,Watermelons,2020,28881
Lebanon,Watermelons,2021,28236
Lebanon,Wheat,2019,34737
Lebanon,Wheat,2020,49903
Lebanon,Wheat,2021,50825
Madagascar,"Anise, badian, coriander, cumin, caraway, fennel and juniper berries, raw",2019,133
Madagascar,"Anise, badian, coriander, cumin, caraway, fennel and juniper berries, raw",2020,121
Madagascar,"Anise, badian, coriander, cumin, caraway, fennel and juniper berries, raw",2021,124
Madagascar,Apples,2019,243
Madagascar,Apples,2020,243
Madagascar,Apples,2021,246
Madagascar,Apricots,2019,79
Madagascar,Apricots,2020,79
Madagascar,Apricots,2021,80
Madagascar,Avocados,2019,12198
Madagascar,Avocados,2020,12318
Madagascar,Avocados,2021,12411
Madagascar,Bananas,2019,82748
Madagascar,Bananas,2020,83997
Madagascar,Bananas,2021,82782
Madagascar,"Beans, dry",2019,33840
Madagascar,"Beans, dry",2020,37063
Madagascar,"Beans, dry",2021,47769
Madagascar,Cabbages,2019,2957
Madagascar,Cabbages,2020,3023
Madagascar,Cabbages,2021,2955
Madagascar,Carrots and turnips,2019,1536
Madagascar,Carrots and turnips,2020,1542
Madagascar,Carrots and turnips,2021,1577
Madagascar,"Cashew nuts, in shell",2019,3190
Madagascar,"Cashew nuts, in shell",2020,3205
Madagascar,"Cashew nuts, in shell",2021,3223
Madagascar,Cashewapple,2019,3438
Madagascar,Cashewapple,2020,3451
Madagascar,Cashewapple,2021,3454
Madagascar,"Cassava, fresh",2019,370829
Madagascar,"Cassava, fresh",2020,330845
Madagascar,"Cassava, fresh",2021,326774
Madagascar,Castor oil seeds,2019,92
Madagascar,Castor oil seeds,2020,92
Madagascar,Castor oil seeds,2021,93
Madagascar,Cauliflowers and broccoli,2019,11
Madagascar,Cauliflowers and broccoli,2020,11
Madagascar,Cauliflowers and broccoli,2021,11
Madagascar,"Chillies and peppers, dry (Capsicum spp., Pimenta spp.), raw",2019,795
Madagascar,"Chillies and peppers, dry (Capsicum spp., Pimenta spp.), raw",2020,788
Madagascar,"Chillies and peppers, dry (Capsicum spp., Pimenta spp.), raw",2021,764
Madagascar,"Chillies and peppers, green (Capsicum spp. and Pimenta spp.)",2019,33
Madagascar,"Chillies and peppers, green (Capsicum spp. and Pimenta spp.)",2020,35
Madagascar,"Chillies and peppers, green (Capsicum spp. and Pimenta spp.)",2021,35
Madagascar,"Cinnamon and cinnamon-tree flowers, raw",2019,11518
Madagascar,"Cinnamon and cinnamon-tree flowers, raw",2020,11659
Madagascar,"Cinnamon and cinnamon-tree flowers, raw",2021,11472
Madagascar,"Cloves (whole stems), raw",2019,32797
Madagascar,"Cloves (whole stems), raw",2020,33947
Madagascar,"Cloves (whole stems), raw",2021,34229
Madagascar,Cocoa beans,2019,10257
Madagascar,Cocoa beans,2020,12665
Madagascar,Cocoa beans,2021,11088
Madagascar,"Coconuts, in shell",2019,962
Madagascar,"Coconuts, in shell",2020,929
Madagascar,"Coconuts, in shell",2021,929
Madagascar,"Coffee, green",2019,16825
Madagascar,"Coffee, green",2020,10802
Madagascar,"Coffee, green",2021,11871
Madagascar,"Cow peas, dry",2019,3619
Madagascar,"Cow peas, dry",2020,3493
Madagascar,"Cow peas, dry",2021,3267
Madagascar,Cucumbers and gherkins,2019,109
Madagascar,Cucumbers and gherkins,2020,109
Madagascar,Cucumbers and gherkins,2021,109
Madagascar,Eggplants (aubergines),2019,105
Madagascar,Eggplants (aubergines),2020,105
Madagascar,Eggplants (aubergines),2021,105
Madagascar,"Eggs from other birds in shell, fresh, n.e.c.",2019,3349
Madagascar,"Eggs from other birds in shell, fresh, n.e.c.",2020,3349
Madagascar,"Eggs from other birds in shell, fresh, n.e.c.",2021,3349
Madagascar,"Game meat, fresh, chilled or frozen",2019,6522
Madagascar,"Game meat, fresh, chilled or frozen",2020,6535
Madagascar,"Game meat, fresh, chilled or frozen",2021,6646
Madagascar,"Ginger, raw",2019,108
Madagascar,"Ginger, raw",2020,172
Madagascar,"Ginger, raw",2021,133
Madagascar,Grapes,2019,2798
Madagascar,Grapes,2020,2807
Madagascar,Grapes,2021,2819
Madagascar,Green garlic,2019,202
Madagascar,Green garlic,2020,202
Madagascar,Green garlic,2021,202
Madagascar,"Groundnuts, excluding shelled",2019,9061
Madagascar,"Groundnuts, excluding shelled",2020,8787
Madagascar,"Groundnuts, excluding shelled",2021,8638
Madagascar,"Hen eggs in shell, fresh",2019,31659
Madagascar,"Hen eggs in shell, fresh",2020,31799
Madagascar,"Hen eggs in shell, fresh",2021,31776
Madagascar,"Horse meat, fresh or chilled (indigenous)",2019,1
Madagascar,"Horse meat, fresh or chilled (indigenous)",2020,1
Madagascar,"Horse meat, fresh or chilled (indigenous)",2021,1
Madagascar,"Kenaf, and other textile bast fibres, raw or retted",2019,7
Madagascar,"Kenaf, and other textile bast fibres, raw or retted",2020,7
Madagascar,"Kenaf, and other textile bast fibres, raw or retted",2021,7
Madagascar,Lemons and limes,2019,268
Madagascar,Lemons and limes,2020,264
Madagascar,Lemons and limes,2021,259
Madagascar,"Lentils, dry",2019,322
Madagascar,"Lentils, dry",2020,326
Madagascar,"Lentils, dry",2021,328
Madagascar,Lettuce and chicory,2019,7
Madagascar,Lettuce and chicory,2020,7
Madagascar,Lettuce and chicory,2021,7
Madagascar,Maize (corn),2019,35022
Madagascar,Maize (corn),2020,35926
Madagascar,Maize (corn),2021,37067
Madagascar,"Mangoes, guavas and mangosteens",2019,62095
Madagascar,"Mangoes, guavas and mangosteens",2020,62068
Madagascar,"Mangoes, guavas and mangosteens",2021,64402
Madagascar,"Meat of cattle with the bone, fresh or chilled (indigenous)",2019,81066
Madagascar,"Meat of cattle with the bone, fresh or chilled (indigenous)",2020,67943
Madagascar,"Meat of cattle with the bone, fresh or chilled (indigenous)",2021,57690
Madagascar,"Meat of chickens, fresh or chilled (indigenous)",2019,65696
Madagascar,"Meat of chickens, fresh or chilled (indigenous)",2020,67075
Madagascar,"Meat of chickens, fresh or chilled (indigenous)",2021,69150
Madagascar,"Meat of ducks, fresh or chilled (indigenous)",2019,17908
Madagascar,"Meat of ducks, fresh or chilled (indigenous)",2020,17969
Madagascar,"Meat of ducks, fresh or chilled (indigenous)",2021,18230
Madagascar,"Meat of geese, fresh or chilled (indigenous)",2019,15011
Madagascar,"Meat of geese, fresh or chilled (indigenous)",2020,15010
Madagascar,"Meat of geese, fresh or chilled (indigenous)",2021,15002
Madagascar,"Meat of goat, fresh or chilled (indigenous)",2019,4302
Madagascar,"Meat of goat, fresh or chilled (indigenous)",2020,4518
Madagascar,"Meat of goat, fresh or chilled (indigenous)",2021,5168
Madagascar,"Meat of pig with the bone, fresh or chilled (indigenous)",2019,67815
Madagascar,"Meat of pig with the bone, fresh or chilled (indigenous)",2020,70480
Madagascar,"Meat of pig with the bone, fresh or chilled (indigenous)",2021,67123
Madagascar,"Meat of rabbits and hares, fresh or chilled (indigenous)",2019,31
Madagascar,"Meat of rabbits and hares, fresh or chilled (indigenous)",2020,31
Madagascar,"Meat of rabbits and hares, fresh or chilled (indigenous)",2021,31
Madagascar,"Meat of sheep, fresh or chilled (indigenous)",2019,1290
Madagascar,"Meat of sheep, fresh or chilled (indigenous)",2020,1317
Madagascar,"Meat of sheep, fresh or chilled (indigenous)",2021,1414
Madagascar,"Meat of turkeys, fresh or chilled (indigenous)",2019,12050
Madagascar,"Meat of turkeys, fresh or chilled (indigenous)",2020,12172
Madagascar,"Meat of turkeys, fresh or chilled (indigenous)",2021,12253
Madagascar,Mushrooms and truffles,2019,890
Madagascar,Mushrooms and truffles,2020,919
Madagascar,Mushrooms and truffles,2021,959
Madagascar,Natural honey,2019,4516
Madagascar,Natural honey,2020,4510
Madagascar,Natural honey,2021,4513
Madagascar,"Nutmeg, mace, cardamoms, raw",2019,64
Madagascar,"Nutmeg, mace, cardamoms, raw",2020,65
Madagascar,"Nutmeg, mace, cardamoms, raw",2021,67
Madagascar,Oil palm fruit,2019,168
Madagascar,Oil palm fruit,2020,168
Madagascar,Oil palm fruit,2021,168
Madagascar,"Onions and shallots, dry (excluding dehydrated)",2019,3993
Madagascar,"Onions and shallots, dry (excluding dehydrated)",2020,4025
Madagascar,"Onions and shallots, dry (excluding dehydrated)",2021,3993
Madagascar,"Onions and shallots, green",2019,51
Madagascar,"Onions and shallots, green",2020,51
Madagascar,"Onions and shallots, green",2021,52
Madagascar,Oranges,2019,4956
Madagascar,Oranges,2020,4956
Madagascar,Oranges,2021,4955
Madagascar,"Other beans, green",2019,64
Madagascar,"Other beans, green",2020,64
Madagascar,"Other beans, green",2021,64
Madagascar,"Other fibre crops, raw, n.e.c.",2019,260
Madagascar,"Other fibre crops, raw, n.e.c.",2020,282
Madagascar,"Other fibre crops, raw, n.e.c.",2021,319
Madagascar,"Other fruits, n.e.c.",2019,669
Madagascar,"Other fruits, n.e.c.",2020,667
Madagascar,"Other fruits, n.e.c.",2021,667
Madagascar,"Other nuts (excluding wild edible nuts and groundnuts), in shell, n.e.c.",2019,3621
Madagascar,"Other nuts (excluding wild edible nuts and groundnuts), in shell, n.e.c.",2020,3276
Madagascar,"Other nuts (excluding wild edible nuts and groundnuts), in shell, n.e.c.",2021,2614
Madagascar,Other pulses n.e.c.,2019,1775
Madagascar,Other pulses n.e.c.,2020,1807
Madagascar,Other pulses n.e.c.,2021,1848
Madagascar,"Other stimulant, spice and aromatic crops, n.e.c.",2019,14
Madagascar,"Other stimulant, spice and aromatic crops, n.e.c.",2020,16
Madagascar,"Other stimulant, spice and aromatic crops, n.e.c.",2021,16
Madagascar,"Other tropical fruits, n.e.c.",2019,11065
Madagascar,"Other tropical fruits, n.e.c.",2020,11105
Madagascar,"Other tropical fruits, n.e.c.",2021,11514
Madagascar,"Other vegetables, fresh n.e.c.",2019,18242
Madagascar,"Other vegetables, fresh n.e.c.",2020,18287
Madagascar,"Other vegetables, fresh n.e.c.",2021,18496
Madagascar,Peaches and nectarines,2019,266
Madagascar,Peaches and nectarines,2020,266
Madagascar,Peaches and nectarines,2021,271
Madagascar,Pears,2019,76
Madagascar,Pears,2020,75
Madagascar,Pears,2021,76
Madagascar,"Peas, dry",2019,416
Madagascar,"Peas, dry",2020,426
Madagascar,"Peas, dry",2021,417
Madagascar,"Peas, green",2019,84
Madagascar,"Peas, green",2020,84
Madagascar,"Peas, green",2021,87
Madagascar,"Pepper (Piper spp.), raw",2019,2691
Madagascar,"Pepper (Piper spp.), raw",2020,3001
Madagascar,"Pepper (Piper spp.), raw",2021,2894
Madagascar,Pineapples,2019,17397
Madagascar,Pineapples,2020,17519
Madagascar,Pineapples,2021,18061
Madagascar,"Pistachios, in shell",2019,10184
Madagascar,"Pistachios, in shell",2020,7980
Madagascar,"Pistachios, in shell",2021,8627
Madagascar,Plums and sloes,2019,124
Madagascar,Plums and sloes,2020,126
Madagascar,Plums and sloes,2021,124
Madagascar,Pomelos and grapefruits,2019,755
Madagascar,Pomelos and grapefruits,2020,764
Madagascar,Pomelos and grapefruits,2021,755
Madagascar,Potatoes,2019,54150
Madagascar,Potatoes,2020,53811
Madagascar,Potatoes,2021,53914
Madagascar,Raw milk of cattle,2019,120182
Madagascar,Raw milk of cattle,2020,113479
Madagascar,Raw milk of cattle,2021,104002
Madagascar,Rice,2019,1117242
Madagascar,Rice,2020,1207892
Madagascar,Rice,2021,1305812
Madagascar,"Seed cotton, unginned",2019,1943
Madagascar,"Seed cotton, unginned",2020,1885
Madagascar,"Seed cotton, unginned",2021,1916
Madagascar,Silk-worm cocoons suitable for reeling,2019,63
Madagascar,Silk-worm cocoons suitable for reeling,2020,68
Madagascar,Silk-worm cocoons suitable for reeling,2021,68
Madagascar,"Sisal, raw",2019,1973
Madagascar,"Sisal, raw",2020,1974
Madagascar,"Sisal, raw",2021,1973
Madagascar,Sorghum,2019,39
Madagascar,Sorghum,2020,40
Madagascar,Sorghum,2021,40
Madagascar,Soya beans,2019,3
Madagascar,Soya beans,2020,3
Madagascar,Soya beans,2021,3
Madagascar,Sugar cane,2019,63463
Madagascar,Sugar cane,2020,64395
Madagascar,Sugar cane,2021,63568
Madagascar,Sweet potatoes,2019,157899
Madagascar,Sweet potatoes,2020,171689
Madagascar,Sweet potatoes,2021,188679
Madagascar,Taro,2019,16077
Madagascar,Taro,2020,16090
Madagascar,Taro,2021,16118
Madagascar,Tea leaves,2019,8
Madagascar,Tea leaves,2020,8
Madagascar,Tea leaves,2021,8
Madagascar,Tomatoes,2019,8844
Madagascar,Tomatoes,2020,8920
Madagascar,Tomatoes,2021,8976
Madagascar,Tung nuts,2019,102
Madagascar,Tung nuts,2020,102
Madagascar,Tung nuts,2021,103
Madagascar,Unmanufactured tobacco,2019,349
Madagascar,Unmanufactured tobacco,2020,350
Madagascar,Unmanufactured tobacco,2021,352
Madagascar,"Vanilla, raw",2019,3498
Madagascar,"Vanilla, raw",2020,3649
Madagascar,"Vanilla, raw",2021,3580
Madagascar,Wheat,2019,629
Madagascar,Wheat,2020,126
Madagascar,Wheat,2021,126
Malawi,"Anise, badian, coriander, cumin, caraway, fennel and juniper berries, raw",2019,17
Malawi,"Anise, badian, coriander, cumin, caraway, fennel and juniper berries, raw",2020,16
Malawi,"Anise, badian, coriander, cumin, caraway, fennel and juniper berries, raw",2021,16
Malawi,Avocados,2019,35876
Malawi,Avocados,2020,36372
Malawi,Avocados,2021,33249
Malawi,Bananas,2019,398733
Malawi,Bananas,2020,364071
Malawi,Bananas,2021,425298
Malawi,"Beans, dry",2019,234705
Malawi,"Beans, dry",2020,254447
Malawi,"Beans, dry",2021,248041
Malawi,"Broad beans and horse beans, green",2019,68
Malawi,"Broad beans and horse beans, green",2020,66
Malawi,"Broad beans and horse beans, green",2021,67
Malawi,Cabbages,2019,80782
Malawi,Cabbages,2020,80851
Malawi,Cabbages,2021,81616
Malawi,"Cassava, fresh",2019,1979043
Malawi,"Cassava, fresh",2020,2031297
Malawi,"Cassava, fresh",2021,2115427
Malawi,"Chick peas, dry",2019,2336
Malawi,"Chick peas, dry",2020,1172
Malawi,"Chick peas, dry",2021,2144
Malawi,"Chillies and peppers, dry (Capsicum spp., Pimenta spp.), raw",2019,529
Malawi,"Chillies and peppers, dry (Capsicum spp., Pimenta spp.), raw",2020,531
Malawi,"Chillies and peppers, dry (Capsicum spp., Pimenta spp.), raw",2021,514
Malawi,"Coffee, green",2019,4618
Malawi,"Coffee, green",2020,4198
Malawi,"Coffee, green",2021,4234
Malawi,"Cow peas, dry",2019,34180
Malawi,"Cow peas, dry",2020,36225
Malawi,"Cow peas, dry",2021,36126
Malawi,Cucumbers and gherkins,2019,6215
Malawi,Cucumbers and gherkins,2020,8440
Malawi,Cucumbers and gherkins,2021,8002
Malawi,Eggplants (aubergines),2019,10146
Malawi,Eggplants (aubergines),2020,9570
Malawi,Eggplants (aubergines),2021,9809
Malawi,"Groundnuts, excluding shelled",2019,349728
Malawi,"Groundnuts, excluding shelled",2020,329084
Malawi,"Groundnuts, excluding shelled",2021,311395
Malawi,"Hen eggs in shell, fresh",2019,68768
Malawi,"Hen eggs in shell, fresh",2020,69779
Malawi,"Hen eggs in shell, fresh",2021,70560
Malawi,"Lentils, dry",2019,258
Malawi,"Lentils, dry",2020,324
Malawi,"Lentils, dry",2021,369
Malawi,Maize (corn),2019,868557
Malawi,Maize (corn),2020,945362
Malawi,Maize (corn),2021,1173040
Malawi,"Mangoes, guavas and mangosteens",2019,355857
Malawi,"Mangoes, guavas and mangosteens",2020,301329
Malawi,"Mangoes, guavas and mangosteens",2021,363752
Malawi,"Meat of cattle with the bone, fresh or chilled (indigenous)",2019,168789
Malawi,"Meat of cattle with the bone, fresh or chilled (indigenous)",2020,172373
Malawi,"Meat of cattle with the bone, fresh or chilled (indigenous)",2021,178676
Malawi,"Meat of chickens, fresh or chilled (indigenous)",2019,568102
Malawi,"Meat of chickens, fresh or chilled (indigenous)",2020,657458
Malawi,"Meat of chickens, fresh or chilled (indigenous)",2021,668837
Malawi,"Meat of goat, fresh or chilled (indigenous)",2019,131814
Malawi,"Meat of goat, fresh or chilled (indigenous)",2020,140594
Malawi,"Meat of goat, fresh or chilled (indigenous)",2021,155622
Malawi,"Meat of pig with the bone, fresh or chilled (indigenous)",2019,688432
Malawi,"Meat of pig with the bone, fresh or chilled (indigenous)",2020,892414
Malawi,"Meat of pig with the bone, fresh or chilled (indigenous)",2021,792969
Malawi,"Meat of sheep, fresh or chilled (indigenous)",2019,3348
Malawi,"Meat of sheep, fresh or chilled (indigenous)",2020,3343
Malawi,"Meat of sheep, fresh or chilled (indigenous)",2021,3460
Malawi,Millet,2019,32199
Malawi,Millet,2020,35232
Malawi,Millet,2021,30450
Malawi,"Nutmeg, mace, cardamoms, raw",2019,129
Malawi,"Nutmeg, mace, cardamoms, raw",2020,126
Malawi,"Nutmeg, mace, cardamoms, raw",2021,128
Malawi,Okra,2019,960
Malawi,Okra,2020,934
Malawi,Okra,2021,972
Malawi,"Onions and shallots, dry (excluding dehydrated)",2019,168253
Malawi,"Onions and shallots, dry (excluding dehydrated)",2020,189259
Malawi,"Onions and shallots, dry (excluding dehydrated)",2021,181913
Malawi,"Other citrus fruit, n.e.c.",2019,99
Malawi,"Other citrus fruit, n.e.c.",2020,100
Malawi,"Other citrus fruit, n.e.c.",2021,100
Malawi,"Other fruits, n.e.c.",2019,9275
Malawi,"Other fruits, n.e.c.",2020,9370
Malawi,"Other fruits, n.e.c.",2021,9274
Malawi,"Other nuts (excluding wild edible nuts and groundnuts), in shell, n.e.c.",2019,3485
Malawi,"Other nuts (excluding wild edible nuts and groundnuts), in shell, n.e.c.",2020,3605
Malawi,"Other nuts (excluding wild edible nuts and groundnuts), in shell, n.e.c.",2021,3459
Malawi,Other pulses n.e.c.,2019,4904
Malawi,Other pulses n.e.c.,2020,9386
Malawi,Other pulses n.e.c.,2021,7730
Malawi,"Other stimulant, spice and aromatic crops, n.e.c.",2019,80
Malawi,"Other stimulant, spice and aromatic crops, n.e.c.",2020,81
Malawi,"Other stimulant, spice and aromatic crops, n.e.c.",2021,80
Malawi,"Other vegetables, fresh n.e.c.",2019,9734
Malawi,"Other vegetables, fresh n.e.c.",2020,9928
Malawi,"Other vegetables, fresh n.e.c.",2021,9739
Malawi,"Peas, dry",2019,18973
Malawi,"Peas, dry",2020,19903
Malawi,"Peas, dry",2021,20795
Malawi,"Peas, green",2019,1738
Malawi,"Peas, green",2020,1897
Malawi,"Peas, green",2021,1732
Malawi,"Pepper (Piper spp.), raw",2019,236
Malawi,"Pepper (Piper spp.), raw",2020,194
Malawi,"Pepper (Piper spp.), raw",2021,201
Malawi,"Pigeon peas, dry",2019,305406
Malawi,"Pigeon peas, dry",2020,320932
Malawi,"Pigeon peas, dry",2021,318941
Malawi,Pineapples,2019,177544
Malawi,Pineapples,2020,162416
Malawi,Pineapples,2021,153537
Malawi,Plantains and cooking bananas,2019,77586
Malawi,Plantains and cooking bananas,2020,78350
Malawi,Plantains and cooking bananas,2021,77627
Malawi,Potatoes,2019,499674
Malawi,Potatoes,2020,591773
Malawi,Potatoes,2021,637243
Malawi,Raw milk of cattle,2019,41434
Malawi,Raw milk of cattle,2020,42070
Malawi,Raw milk of cattle,2021,42288
Malawi,Rice,2019,122877
Malawi,Rice,2020,134650
Malawi,Rice,2021,143496
Malawi,"Seed cotton, unginned",2019,2205
Malawi,"Seed cotton, unginned",2020,5851
Malawi,"Seed cotton, unginned",2021,2311
Malawi,"Sisal, raw",2019,9
Malawi,"Sisal, raw",2020,9
Malawi,"Sisal, raw",2021,10
Malawi,Sorghum,2019,80797
Malawi,Sorghum,2020,85686
Malawi,Sorghum,2021,71784
Malawi,Soya beans,2019,164720
Malawi,Soya beans,2020,165292
Malawi,Soya beans,2021,165370
Malawi,Sugar cane,2019,280659
Malawi,Sugar cane,2020,288236
Malawi,Sugar cane,2021,289351
Malawi,Sunflower seed,2019,6046
Malawi,Sunflower seed,2020,6205
Malawi,Sunflower seed,2021,6309
Malawi,Sweet potatoes,2019,2132809
Malawi,Sweet potatoes,2020,2316598
Malawi,Sweet potatoes,2021,2494008
Malawi,Tea leaves,2019,46060
Malawi,Tea leaves,2020,55667
Malawi,Tea leaves,2021,53188
Malawi,Tomatoes,2019,365090
Malawi,Tomatoes,2020,388972
Malawi,Tomatoes,2021,373037
Malawi,Tung nuts,2019,292
Malawi,Tung nuts,2020,292
Malawi,Tung nuts,2021,295
Malawi,Unmanufactured tobacco,2019,25132
Malawi,Unmanufactured tobacco,2020,20239
Malawi,Unmanufactured tobacco,2021,19346
Malawi,"Vanilla, raw",2019,22
Malawi,"Vanilla, raw",2020,22
Malawi,"Vanilla, raw",2021,22
Malawi,Wheat,2019,280
Malawi,Wheat,2020,345
Malawi,Wheat,2021,149
Malaysia,Areca nuts,2019,725
Malaysia,Areca nuts,2020,8
Malaysia,Areca nuts,2021,136
Malaysia,Bananas,2019,160048
Malaysia,Bananas,2020,154325
Malaysia,Bananas,2021,162411
Malaysia,Cabbages,2019,27735
Malaysia,Cabbages,2020,28144
Malaysia,Cabbages,2021,31895
Malaysia,"Cashew nuts, in shell",2019,31755
Malaysia,"Cashew nuts, in shell",2020,32061
Malaysia,"Cashew nuts, in shell",2021,32370
Malaysia,"Cassava, fresh",2019,12298
Malaysia,"Cassava, fresh",2020,10910
Malaysia,"Cassava, fresh",2021,11455
Malaysia,"Chillies and peppers, dry (Capsicum spp., Pimenta spp.), raw",2019,5920
Malaysia,"Chillies and peppers, dry (Capsicum spp., Pimenta spp.), raw",2020,5989
Malaysia,"Chillies and peppers, dry (Capsicum spp., Pimenta spp.), raw",2021,6062
Malaysia,"Chillies and peppers, green (Capsicum spp. and Pimenta spp.)",2019,39140
Malaysia,"Chillies and peppers, green (Capsicum spp. and Pimenta spp.)",2020,40037
Malaysia,"Chillies and peppers, green (Capsicum spp. and Pimenta spp.)",2021,51566
Malaysia,"Cloves (whole stems), raw",2019,642
Malaysia,"Cloves (whole stems), raw",2020,640
Malaysia,"Cloves (whole stems), raw",2021,641
Malaysia,Cocoa beans,2019,2265
Malaysia,Cocoa beans,2020,1572
Malaysia,Cocoa beans,2021,1196
Malaysia,"Coconuts, in shell",2019,135815
Malaysia,"Coconuts, in shell",2020,141985
Malaysia,"Coconuts, in shell",2021,141066
Malaysia,"Coffee, green",2019,6804
Malaysia,"Coffee, green",2020,8110
Malaysia,"Coffee, green",2021,7936
Malaysia,Cucumbers and gherkins,2019,34978
Malaysia,Cucumbers and gherkins,2020,34342
Malaysia,Cucumbers and gherkins,2021,32606
Malaysia,"Edible roots and tubers with high starch or inulin content, n.e.c., fresh",2019,6742
Malaysia,"Edible roots and tubers with high starch or inulin content, n.e.c., fresh",2020,8267
Malaysia,"Edible roots and tubers with high starch or inulin content, n.e.c., fresh",2021,9064
Malaysia,Eggplants (aubergines),2020,26784
Malaysia,Eggplants (aubergines),2021,28767
Malaysia,"Eggs from other birds in shell, fresh, n.e.c.",2019,22367
Malaysia,"Eggs from other birds in shell, fresh, n.e.c.",2020,22367
Malaysia,"Eggs from other birds in shell, fresh, n.e.c.",2021,22367
Malaysia,"Ginger, raw",2019,20447
Malaysia,"Ginger, raw",2020,21054
Malaysia,"Ginger, raw",2021,15620
Malaysia,"Groundnuts, excluding shelled",2019,220
Malaysia,"Groundnuts, excluding shelled",2020,191
Malaysia,"Groundnuts, excluding shelled",2021,139
Malaysia,"Hen eggs in shell, fresh",2019,1007186
Malaysia,"Hen eggs in shell, fresh",2020,1191352
Malaysia,"Hen eggs in shell, fresh",2021,1258397
Malaysia,"Horse meat, fresh or chilled (indigenous)",2019,666
Malaysia,"Horse meat, fresh or chilled (indigenous)",2020,788
Malaysia,"Horse meat, fresh or chilled (indigenous)",2021,901
Malaysia,Lemons and limes,2019,17037
Malaysia,Lemons and limes,2020,15762
Malaysia,Lemons and limes,2021,16176
Malaysia,Lettuce and chicory,2019,32077
Malaysia,Lettuce and chicory,2020,35924
Malaysia,Lettuce and chicory,2021,49720
Malaysia,Maize (corn),2021,82
Malaysia,"Mangoes, guavas and mangosteens",2019,82479
Malaysia,"Mangoes, guavas and mangosteens",2020,75147
Malaysia,"Mangoes, guavas and mangosteens",2021,77104
Malaysia,"Meat of buffalo, fresh or chilled (indigenous)",2019,23044
Malaysia,"Meat of buffalo, fresh or chilled (indigenous)",2020,21906
Malaysia,"Meat of buffalo, fresh or chilled (indigenous)",2021,16312
Malaysia,"Meat of cattle with the bone, fresh or chilled (indigenous)",2019,135113
Malaysia,"Meat of cattle with the bone, fresh or chilled (indigenous)",2020,139652
Malaysia,"Meat of cattle with the bone, fresh or chilled (indigenous)",2021,133432
Malaysia,"Meat of chickens, fresh or chilled (indigenous)",2019,3394926
Malaysia,"Meat of chickens, fresh or chilled (indigenous)",2020,3479374
Malaysia,"Meat of chickens, fresh or chilled (indigenous)",2021,3382404
Malaysia,"Meat of ducks, fresh or chilled (indigenous)",2019,170408
Malaysia,"Meat of ducks, fresh or chilled (indigenous)",2020,190866
Malaysia,"Meat of ducks, fresh or chilled (indigenous)",2021,179545
Malaysia,"Meat of goat, fresh or chilled (indigenous)",2019,15041
Malaysia,"Meat of goat, fresh or chilled (indigenous)",2020,14009
Malaysia,"Meat of goat, fresh or chilled (indigenous)",2021,13250
Malaysia,"Meat of pig with the bone, fresh or chilled (indigenous)",2019,1007609
Malaysia,"Meat of pig with the bone, fresh or chilled (indigenous)",2020,997638
Malaysia,"Meat of pig with the bone, fresh or chilled (indigenous)",2021,892645
Malaysia,"Meat of sheep, fresh or chilled (indigenous)",2019,0
Malaysia,"Meat of sheep, fresh or chilled (indigenous)",2020,2637
Malaysia,"Meat of sheep, fresh or chilled (indigenous)",2021,639
Malaysia,Natural rubber in primary forms,2019,937712
Malaysia,Natural rubber in primary forms,2020,754329
Malaysia,Natural rubber in primary forms,2021,688330
Malaysia,"Nutmeg, mace, cardamoms, raw",2019,132
Malaysia,"Nutmeg, mace, cardamoms, raw",2020,167
Malaysia,"Nutmeg, mace, cardamoms, raw",2021,128
Malaysia,Oil palm fruit,2019,13845859
Malaysia,Oil palm fruit,2020,13552905
Malaysia,Oil palm fruit,2021,12773625
Malaysia,Okra,2019,50251
Malaysia,Okra,2020,49955
Malaysia,Okra,2021,54446
Malaysia,Oranges,2019,7787
Malaysia,Oranges,2020,7437
Malaysia,Oranges,2021,6889
Malaysia,"Other vegetables, fresh n.e.c.",2019,362886
Malaysia,"Other vegetables, fresh n.e.c.",2020,308971
Malaysia,"Other vegetables, fresh n.e.c.",2021,308277
Malaysia,Papayas,2019,19058
Malaysia,Papayas,2020,21932
Malaysia,Papayas,2021,21649
Malaysia,"Pepper (Piper spp.), raw",2019,231029
Malaysia,"Pepper (Piper spp.), raw",2020,209683
Malaysia,"Pepper (Piper spp.), raw",2021,215346
Malaysia,Pineapples,2019,102742
Malaysia,Pineapples,2020,105613
Malaysia,Pineapples,2021,122595
Malaysia,Pomelos and grapefruits,2019,8606
Malaysia,Pomelos and grapefruits,2020,9122
Malaysia,Pomelos and grapefruits,2021,9007
Malaysia,"Pumpkins, squash and gourds",2019,8565
Malaysia,"Pumpkins, squash and gourds",2020,19794
Malaysia,"Pumpkins, squash and gourds",2021,22109
Malaysia,Raw milk of buffalo,2019,4976
Malaysia,Raw milk of buffalo,2020,3794
Malaysia,Raw milk of buffalo,2021,3881
Malaysia,Raw milk of cattle,2019,22367
Malaysia,Raw milk of cattle,2020,23027
Malaysia,Raw milk of cattle,2021,21346
Malaysia,Rice,2019,755417
Malaysia,Rice,2020,756548
Malaysia,Rice,2021,783904
Malaysia,"Shorn wool, greasy, including fleece-washed shorn wool",2019,645
Malaysia,"Shorn wool, greasy, including fleece-washed shorn wool",2020,649
Malaysia,"Shorn wool, greasy, including fleece-washed shorn wool",2021,660
Malaysia,Spinach,2019,33765
Malaysia,Spinach,2020,51653
Malaysia,Spinach,2021,53507
Malaysia,Sugar cane,2019,4933
Malaysia,Sugar cane,2020,5588
Malaysia,Sugar cane,2021,6081
Malaysia,Sweet potatoes,2019,20092
Malaysia,Sweet potatoes,2020,19524
Malaysia,Sweet potatoes,2021,19119
Malaysia,Tea leaves,2019,12902
Malaysia,Tea leaves,2020,18307
Malaysia,Tea leaves,2021,14082
Malaysia,Tomatoes,2019,106036
Malaysia,Tomatoes,2020,115397
Malaysia,Tomatoes,2021,112114
Malaysia,Unmanufactured tobacco,2019,585
Malaysia,Unmanufactured tobacco,2020,953
Malaysia,Unmanufactured tobacco,2021,777
Malaysia,Watermelons,2019,40919
Malaysia,Watermelons,2020,38103
Malaysia,Watermelons,2021,36306
Malaysia,Yams,2020,2150
Malaysia,Yams,2021,3846
Maldives,Areca nuts,2019,15
Maldives,Areca nuts,2020,16
Maldives,Areca nuts,2021,17
Maldives,Bananas,2019,391
Maldives,Bananas,2020,430
Maldives,Bananas,2021,279
Maldives,"Cassava, fresh",2019,8
Maldives,"Cassava, fresh",2020,9
Maldives,"Cassava, fresh",2021,9
Maldives,"Chillies and peppers, green (Capsicum spp. and Pimenta spp.)",2019,631
Maldives,"Chillies and peppers, green (Capsicum spp. and Pimenta spp.)",2020,759
Maldives,"Chillies and peppers, green (Capsicum spp. and Pimenta spp.)",2021,24
Maldives,"Coconuts, in shell",2019,191
Maldives,"Coconuts, in shell",2020,210
Maldives,"Coconuts, in shell",2021,155
Maldives,"Mangoes, guavas and mangosteens",2019,252
Maldives,"Mangoes, guavas and mangosteens",2020,266
Maldives,"Mangoes, guavas and mangosteens",2021,21
Maldives,"Onions and shallots, dry (excluding dehydrated)",2019,120
Maldives,"Onions and shallots, dry (excluding dehydrated)",2020,121
Maldives,"Onions and shallots, dry (excluding dehydrated)",2021,121
Maldives,Papayas,2019,4093
Maldives,Papayas,2020,4297
Maldives,Papayas,2021,294
Maldives,Sweet potatoes,2020,4
Maldives,Sweet potatoes,2021,0
Maldives,Taro,2019,14
Maldives,Taro,2020,14
Maldives,Taro,2021,1
Maldives,Tomatoes,2019,511
Maldives,Tomatoes,2020,536
Maldives,Tomatoes,2021,530
Mali,"Bambara beans, dry",2019,4625
Mali,"Bambara beans, dry",2020,5505
Mali,"Bambara beans, dry",2021,4060
Mali,Bananas,2019,161660
Mali,Bananas,2020,165007
Mali,Bananas,2021,412324
Mali,Beeswax,2019,76
Mali,Beeswax,2020,74
Mali,Beeswax,2021,73
Mali,Cashewapple,2019,95037
Mali,Cashewapple,2020,98204
Mali,Cashewapple,2021,97780
Mali,"Cassava, fresh",2019,27805
Mali,"Cassava, fresh",2020,65187
Mali,"Cassava, fresh",2021,47737
Mali,Cereals n.e.c.,2019,47
Mali,Cereals n.e.c.,2020,48
Mali,Cereals n.e.c.,2021,49
Mali,"Chillies and peppers, dry (Capsicum spp., Pimenta spp.), raw",2019,6775
Mali,"Chillies and peppers, dry (Capsicum spp., Pimenta spp.), raw",2020,6607
Mali,"Chillies and peppers, dry (Capsicum spp., Pimenta spp.), raw",2021,6663
Mali,"Chillies and peppers, green (Capsicum spp. and Pimenta spp.)",2019,18896
Mali,"Chillies and peppers, green (Capsicum spp. and Pimenta spp.)",2020,17150
Mali,"Chillies and peppers, green (Capsicum spp. and Pimenta spp.)",2021,15602
Mali,"Cow peas, dry",2019,98024
Mali,"Cow peas, dry",2020,135516
Mali,"Cow peas, dry",2021,104955
Mali,Cucumbers and gherkins,2019,39080
Mali,Cucumbers and gherkins,2020,52905
Mali,Cucumbers and gherkins,2021,44980
Mali,Dates,2019,1065
Mali,Dates,2020,1345
Mali,Dates,2021,1160
Mali,Fonio,2019,34265
Mali,Fonio,2020,37203
Mali,Fonio,2021,40288
Mali,"Game meat, fresh, chilled or frozen",2019,75154
Mali,"Game meat, fresh, chilled or frozen",2020,76702
Mali,"Game meat, fresh, chilled or frozen",2021,75254
Mali,"Groundnuts, excluding shelled",2019,182268
Mali,"Groundnuts, excluding shelled",2020,242593
Mali,"Groundnuts, excluding shelled",2021,170687
Mali,"Hen eggs in shell, fresh",2019,46070
Mali,"Hen eggs in shell, fresh",2020,38540
Mali,"Hen eggs in shell, fresh",2021,39695
Mali,"Horse meat, fresh or chilled (indigenous)",2019,11286
Mali,"Horse meat, fresh or chilled (indigenous)",2020,11487
Mali,"Horse meat, fresh or chilled (indigenous)",2021,11713
Mali,Karite nuts (sheanuts),2019,67919
Mali,Karite nuts (sheanuts),2020,50457
Mali,Karite nuts (sheanuts),2021,53079
Mali,"Kenaf, and other textile bast fibres, raw or retted",2019,404
Mali,"Kenaf, and other textile bast fibres, raw or retted",2020,401
Mali,"Kenaf, and other textile bast fibres, raw or retted",2021,401
Mali,Lemons and limes,2019,31955
Mali,Lemons and limes,2020,29130
Mali,Lemons and limes,2021,28244
Mali,Lettuce and chicory,2019,61269
Mali,Lettuce and chicory,2020,55657
Mali,Lettuce and chicory,2021,51672
Mali,Maize (corn),2019,672010
Mali,Maize (corn),2020,619245
Mali,Maize (corn),2021,634411
Mali,"Mangoes, guavas and mangosteens",2019,218385
Mali,"Mangoes, guavas and mangosteens",2020,212570
Mali,"Mangoes, guavas and mangosteens",2021,237703
Mali,"Meat of asses, fresh or chilled (indigenous)",2019,2526
Mali,"Meat of asses, fresh or chilled (indigenous)",2020,2581
Mali,"Meat of asses, fresh or chilled (indigenous)",2021,2638
Mali,"Meat of camels, fresh or chilled (indigenous)",2019,974
Mali,"Meat of camels, fresh or chilled (indigenous)",2020,1702
Mali,"Meat of camels, fresh or chilled (indigenous)",2021,5456
Mali,"Meat of cattle with the bone, fresh or chilled (indigenous)",2019,179730
Mali,"Meat of cattle with the bone, fresh or chilled (indigenous)",2020,234745
Mali,"Meat of cattle with the bone, fresh or chilled (indigenous)",2021,183631
Mali,"Meat of chickens, fresh or chilled (indigenous)",2019,177483
Mali,"Meat of chickens, fresh or chilled (indigenous)",2020,172215
Mali,"Meat of chickens, fresh or chilled (indigenous)",2021,196217
Mali,"Meat of goat, fresh or chilled (indigenous)",2019,38962
Mali,"Meat of goat, fresh or chilled (indigenous)",2020,54013
Mali,"Meat of goat, fresh or chilled (indigenous)",2021,49152
Mali,"Meat of pig with the bone, fresh or chilled (indigenous)",2019,5116
Mali,"Meat of pig with the bone, fresh or chilled (indigenous)",2020,2841
Mali,"Meat of pig with the bone, fresh or chilled (indigenous)",2021,3465
Mali,"Meat of sheep, fresh or chilled (indigenous)",2019,32694
Mali,"Meat of sheep, fresh or chilled (indigenous)",2020,38556
Mali,"Meat of sheep, fresh or chilled (indigenous)",2021,35494
Mali,Melonseed,2019,40238
Mali,Melonseed,2020,43010
Mali,Melonseed,2021,41616
Mali,Millet,2019,446553
Mali,Millet,2020,456690
Mali,Millet,2021,353644
Mali,Natural honey,2019,1213
Mali,Natural honey,2020,1169
Mali,Natural honey,2021,707
Mali,Okra,2019,418381
Mali,Okra,2020,538265
Mali,Okra,2021,546323
Mali,"Onions and shallots, dry (excluding dehydrated)",2019,227651
Mali,"Onions and shallots, dry (excluding dehydrated)",2020,226098
Mali,"Onions and shallots, dry (excluding dehydrated)",2021,227644
Mali,"Onions and shallots, green",2019,394917
Mali,"Onions and shallots, green",2020,525612
Mali,"Onions and shallots, green",2021,516984
Mali,Oranges,2019,55454
Mali,Oranges,2020,269931
Mali,Oranges,2021,293053
Mali,"Other beans, green",2019,2128
Mali,"Other beans, green",2020,2635
Mali,"Other beans, green",2021,3170
Mali,"Other fruits, n.e.c.",2019,850
Mali,"Other fruits, n.e.c.",2020,832
Mali,"Other fruits, n.e.c.",2021,838
Mali,"Other nuts (excluding wild edible nuts and groundnuts), in shell, n.e.c.",2019,1762
Mali,"Other nuts (excluding wild edible nuts and groundnuts), in shell, n.e.c.",2020,1732
Mali,"Other nuts (excluding wild edible nuts and groundnuts), in shell, n.e.c.",2021,1742
Mali,Other pulses n.e.c.,2019,73
Mali,Other pulses n.e.c.,2020,74
Mali,Other pulses n.e.c.,2021,75
Mali,"Other vegetables, fresh n.e.c.",2019,653896
Mali,"Other vegetables, fresh n.e.c.",2020,660898
Mali,"Other vegetables, fresh n.e.c.",2021,674481
Mali,Papayas,2019,46569
Mali,Papayas,2020,39760
Mali,Papayas,2021,44289
Mali,Pomelos and grapefruits,2019,1257
Mali,Pomelos and grapefruits,2020,1006
Mali,Pomelos and grapefruits,2021,1300
Mali,Potatoes,2019,249464
Mali,Potatoes,2020,185812
Mali,Potatoes,2021,179381
Mali,Raw milk of camel,2019,194709
Mali,Raw milk of camel,2020,194709
Mali,Raw milk of camel,2021,202575
Mali,Raw milk of cattle,2019,273417
Mali,Raw milk of cattle,2020,281619
Mali,Raw milk of cattle,2021,290068
Mali,Raw milk of goats,2019,174647
Mali,Raw milk of goats,2020,183379
Mali,Raw milk of goats,2021,192548
Mali,Raw milk of sheep,2019,181543
Mali,Raw milk of sheep,2020,190620
Mali,Raw milk of sheep,2021,200151
Mali,Rice,2019,915910
Mali,Rice,2020,862523
Mali,Rice,2021,693521
Mali,"Seed cotton, unginned",2019,297508
Mali,"Seed cotton, unginned",2020,61617
Mali,"Seed cotton, unginned",2021,325298
Mali,Sesame seed,2019,63891
Mali,Sesame seed,2020,43959
Mali,Sesame seed,2021,53497
Mali,"Shorn wool, greasy, including fleece-washed shorn wool",2019,761
Mali,"Shorn wool, greasy, including fleece-washed shorn wool",2020,780
Mali,"Shorn wool, greasy, including fleece-washed shorn wool",2021,758
Mali,Sorghum,2019,316893
Mali,Sorghum,2020,382235
Mali,Sorghum,2021,259967
Mali,Soya beans,2019,1558
Mali,Soya beans,2020,2191
Mali,Soya beans,2021,2373
Mali,Sugar cane,2019,15156
Mali,Sugar cane,2020,15389
Mali,Sugar cane,2021,15506
Mali,Sweet potatoes,2019,88873
Mali,Sweet potatoes,2020,163022
Mali,Sweet potatoes,2021,147836
Mali,"Tangerines, mandarins, clementines",2019,57744
Mali,"Tangerines, mandarins, clementines",2020,87095
Mali,"Tangerines, mandarins, clementines",2021,85197
Mali,Tea leaves,2019,591
Mali,Tea leaves,2020,562
Mali,Tea leaves,2021,580
Mali,Tomatoes,2019,119199
Mali,Tomatoes,2020,174134
Mali,Tomatoes,2021,163206
Mali,Unmanufactured tobacco,2019,997
Mali,Unmanufactured tobacco,2020,687
Mali,Unmanufactured tobacco,2021,743
Mali,Watermelons,2019,195332
Mali,Watermelons,2020,210602
Mali,Watermelons,2021,143023
Mali,Wheat,2019,2821
Mali,Wheat,2020,12733
Mali,Wheat,2021,7202
Mali,Yams,2019,38239
Mali,Yams,2020,65682
Mali,Yams,2021,58526
Mauritius,Bananas,2019,1802
Mauritius,Bananas,2020,1972
Mauritius,Bananas,2021,2390
Mauritius,Cabbages,2019,1228
Mauritius,Cabbages,2020,1415
Mauritius,Cabbages,2021,1248
Mauritius,Carrots and turnips,2019,2937
Mauritius,Carrots and turnips,2020,1985
Mauritius,Carrots and turnips,2021,2338
Mauritius,"Cassava, fresh",2019,232
Mauritius,"Cassava, fresh",2020,193
Mauritius,"Cassava, fresh",2021,361
Mauritius,Cauliflowers and broccoli,2019,486
Mauritius,Cauliflowers and broccoli,2020,541
Mauritius,Cauliflowers and broccoli,2021,603
Mauritius,"Chillies and peppers, green (Capsicum spp. and Pimenta spp.)",2019,4750
Mauritius,"Chillies and peppers, green (Capsicum spp. and Pimenta spp.)",2020,6100
Mauritius,"Chillies and peppers, green (Capsicum spp. and Pimenta spp.)",2021,7030
Mauritius,"Coconuts, in shell",2019,506
Mauritius,"Coconuts, in shell",2020,506
Mauritius,"Coconuts, in shell",2021,506
Mauritius,Cucumbers and gherkins,2019,2908
Mauritius,Cucumbers and gherkins,2020,1763
Mauritius,Cucumbers and gherkins,2021,2663
Mauritius,Eggplants (aubergines),2019,1758
Mauritius,Eggplants (aubergines),2020,1816
Mauritius,Eggplants (aubergines),2021,1607
Mauritius,"Game meat, fresh, chilled or frozen",2019,1048
Mauritius,"Game meat, fresh, chilled or frozen",2020,1048
Mauritius,"Game meat, fresh, chilled or frozen",2021,1048
Mauritius,"Ginger, raw",2019,400
Mauritius,"Ginger, raw",2020,1618
Mauritius,"Ginger, raw",2021,3854
Mauritius,Green corn (maize),2019,157
Mauritius,Green corn (maize),2020,247
Mauritius,Green corn (maize),2021,352
Mauritius,Green garlic,2019,123
Mauritius,Green garlic,2020,100
Mauritius,Green garlic,2021,79
Mauritius,"Groundnuts, excluding shelled",2019,459
Mauritius,"Groundnuts, excluding shelled",2020,426
Mauritius,"Groundnuts, excluding shelled",2021,368
Mauritius,"Hen eggs in shell, fresh",2019,32506
Mauritius,"Hen eggs in shell, fresh",2020,28894
Mauritius,"Hen eggs in shell, fresh",2021,29376
Mauritius,Leeks and other alliaceous vegetables,2019,180
Mauritius,Leeks and other alliaceous vegetables,2020,145
Mauritius,Leeks and other alliaceous vegetables,2021,115
Mauritius,Lettuce and chicory,2019,1691
Mauritius,Lettuce and chicory,2020,1097
Mauritius,Lettuce and chicory,2021,1467
Mauritius,Maize (corn),2019,92
Mauritius,Maize (corn),2020,145
Mauritius,Maize (corn),2021,206
Mauritius,"Meat of cattle with the bone, fresh or chilled (indigenous)",2019,2
Mauritius,"Meat of cattle with the bone, fresh or chilled (indigenous)",2020,2
Mauritius,"Meat of cattle with the bone, fresh or chilled (indigenous)",2021,2
Mauritius,"Meat of chickens, fresh or chilled (indigenous)",2019,102234
Mauritius,"Meat of chickens, fresh or chilled (indigenous)",2020,95062
Mauritius,"Meat of chickens, fresh or chilled (indigenous)",2021,97946
Mauritius,"Meat of ducks, fresh or chilled (indigenous)",2019,77
Mauritius,"Meat of ducks, fresh or chilled (indigenous)",2020,77
Mauritius,"Meat of ducks, fresh or chilled (indigenous)",2021,77
Mauritius,"Meat of geese, fresh or chilled (indigenous)",2019,73
Mauritius,"Meat of geese, fresh or chilled (indigenous)",2020,73
Mauritius,"Meat of geese, fresh or chilled (indigenous)",2021,73
Mauritius,"Meat of goat, fresh or chilled (indigenous)",2019,0
Mauritius,"Meat of goat, fresh or chilled (indigenous)",2020,0
Mauritius,"Meat of goat, fresh or chilled (indigenous)",2021,0
Mauritius,"Meat of pig with the bone, fresh or chilled (indigenous)",2019,1028
Mauritius,"Meat of pig with the bone, fresh or chilled (indigenous)",2020,1024
Mauritius,"Meat of pig with the bone, fresh or chilled (indigenous)",2021,983
Mauritius,"Meat of rabbits and hares, fresh or chilled (indigenous)",2019,36
Mauritius,"Meat of rabbits and hares, fresh or chilled (indigenous)",2020,36
Mauritius,"Meat of rabbits and hares, fresh or chilled (indigenous)",2021,36
Mauritius,"Meat of sheep, fresh or chilled (indigenous)",2019,0
Mauritius,"Meat of sheep, fresh or chilled (indigenous)",2020,0
Mauritius,"Meat of sheep, fresh or chilled (indigenous)",2021,0
Mauritius,"Meat of turkeys, fresh or chilled (indigenous)",2019,5
Mauritius,"Meat of turkeys, fresh or chilled (indigenous)",2020,5
Mauritius,"Meat of turkeys, fresh or chilled (indigenous)",2021,5
Mauritius,Okra,2019,1687
Mauritius,Okra,2020,1606
Mauritius,Okra,2021,1707
Mauritius,"Onions and shallots, dry (excluding dehydrated)",2019,2971
Mauritius,"Onions and shallots, dry (excluding dehydrated)",2020,3309
Mauritius,"Onions and shallots, dry (excluding dehydrated)",2021,4687
Mauritius,"Other beans, green",2019,1447
Mauritius,"Other beans, green",2020,1480
Mauritius,"Other beans, green",2021,1617
Mauritius,"Other citrus fruit, n.e.c.",2019,691
Mauritius,"Other citrus fruit, n.e.c.",2020,676
Mauritius,"Other citrus fruit, n.e.c.",2021,681
Mauritius,"Other fibre crops, raw, n.e.c.",2019,39
Mauritius,"Other fibre crops, raw, n.e.c.",2020,39
Mauritius,"Other fibre crops, raw, n.e.c.",2021,39
Mauritius,"Other fruits, n.e.c.",2019,3489
Mauritius,"Other fruits, n.e.c.",2020,3520
Mauritius,"Other fruits, n.e.c.",2021,3490
Mauritius,"Other stimulant, spice and aromatic crops, n.e.c.",2019,480
Mauritius,"Other stimulant, spice and aromatic crops, n.e.c.",2020,480
Mauritius,"Other stimulant, spice and aromatic crops, n.e.c.",2021,483
Mauritius,"Other vegetables, fresh n.e.c.",2019,1958
Mauritius,"Other vegetables, fresh n.e.c.",2020,1781
Mauritius,"Other vegetables, fresh n.e.c.",2021,2076
Mauritius,"Peas, green",2020,1
Mauritius,Pineapples,2019,5257
Mauritius,Pineapples,2020,6013
Mauritius,Pineapples,2021,4069
Mauritius,"Pistachios, in shell",2019,32
Mauritius,"Pistachios, in shell",2020,31
Mauritius,"Pistachios, in shell",2021,33
Mauritius,Potatoes,2019,9633
Mauritius,Potatoes,2020,9223
Mauritius,Potatoes,2021,8390
Mauritius,"Pumpkins, squash and gourds",2019,15232
Mauritius,"Pumpkins, squash and gourds",2020,13859
Mauritius,"Pumpkins, squash and gourds",2021,14431
Mauritius,Raw milk of cattle,2019,1593
Mauritius,Raw milk of cattle,2020,1593
Mauritius,Raw milk of cattle,2021,1658
Mauritius,Sugar cane,2019,140318
Mauritius,Sugar cane,2020,107996
Mauritius,Sugar cane,2021,110007
Mauritius,Sweet potatoes,2019,174
Mauritius,Sweet potatoes,2020,206
Mauritius,Sweet potatoes,2021,670
Mauritius,Taro,2019,1294
Mauritius,Taro,2020,1600
Mauritius,Taro,2021,2788
Mauritius,Tea leaves,2019,3437
Mauritius,Tea leaves,2020,2107
Mauritius,Tea leaves,2021,2077
Mauritius,Tomatoes,2019,7946
Mauritius,Tomatoes,2020,7642
Mauritius,Tomatoes,2021,12656
Mauritius,Unmanufactured tobacco,2019,435
Mexico,"Agave fibres, raw, n.e.c.",2019,1120
Mexico,"Agave fibres, raw, n.e.c.",2020,1163
Mexico,"Agave fibres, raw, n.e.c.",2021,1155
Mexico,"Almonds, in shell",2019,88
Mexico,"Almonds, in shell",2020,87
Mexico,"Almonds, in shell",2021,87
Mexico,"Anise, badian, coriander, cumin, caraway, fennel and juniper berries, raw",2019,149041
Mexico,"Anise, badian, coriander, cumin, caraway, fennel and juniper berries, raw",2020,196639
Mexico,"Anise, badian, coriander, cumin, caraway, fennel and juniper berries, raw",2021,196993
Mexico,Apples,2019,292674
Mexico,Apples,2020,274502
Mexico,Apples,2021,242818
Mexico,Apricots,2019,509
Mexico,Apricots,2020,576
Mexico,Apricots,2021,574
Mexico,Artichokes,2019,1404
Mexico,Artichokes,2020,2014
Mexico,Artichokes,2021,1917
Mexico,Asparagus,2019,600732
Mexico,Asparagus,2020,663351
Mexico,Asparagus,2021,726061
Mexico,Avocados,2019,2107964
Mexico,Avocados,2020,2193129
Mexico,Avocados,2021,2238108
Mexico,Bananas,2019,458925
Mexico,Bananas,2020,471296
Mexico,Bananas,2021,460150
Mexico,Barley,2019,232465
Mexico,Barley,2020,208403
Mexico,Barley,2021,249037
Mexico,"Beans, dry",2019,564224
Mexico,"Beans, dry",2020,677573
Mexico,"Beans, dry",2021,826896
Mexico,Beeswax,2019,6613
Mexico,Beeswax,2020,5182
Mexico,Beeswax,2021,6112
Mexico,Blueberries,2019,171507
Mexico,Blueberries,2020,176037
Mexico,Blueberries,2021,232702
Mexico,"Broad beans and horse beans, dry",2019,23936
Mexico,"Broad beans and horse beans, dry",2020,29057
Mexico,"Broad beans and horse beans, dry",2021,29426
Mexico,"Broad beans and horse beans, green",2019,22449
Mexico,"Broad beans and horse beans, green",2020,25811
Mexico,"Broad beans and horse beans, green",2021,25776
Mexico,Cabbages,2019,29683
Mexico,Cabbages,2020,35594
Mexico,Cabbages,2021,34415
Mexico,Canary seed,2019,1
Mexico,Canary seed,2020,1
Mexico,Canary seed,2021,1
Mexico,Cantaloupes and other melons,2019,186160
Mexico,Cantaloupes and other melons,2020,181946
Mexico,Cantaloupes and other melons,2021,163346
Mexico,Carrots and turnips,2019,58357
Mexico,Carrots and turnips,2020,59567
Mexico,Carrots and turnips,2021,56896
Mexico,"Cashew nuts, in shell",2019,1067
Mexico,"Cashew nuts, in shell",2020,1222
Mexico,"Cashew nuts, in shell",2021,1133
Mexico,"Cassava, fresh",2019,6299
Mexico,"Cassava, fresh",2020,6193
Mexico,"Cassava, fresh",2021,6201
Mexico,Castor oil seeds,2019,80
Mexico,Castor oil seeds,2020,2109
Mexico,Castor oil seeds,2021,1747
Mexico,Cauliflowers and broccoli,2019,188258
Mexico,Cauliflowers and broccoli,2020,180219
Mexico,Cauliflowers and broccoli,2021,182743
Mexico,Cherries,2019,457
Mexico,Cherries,2020,710
Mexico,Cherries,2021,770
Mexico,"Chick peas, dry",2019,133154
Mexico,"Chick peas, dry",2020,82593
Mexico,"Chick peas, dry",2021,112884
Mexico,"Chillies and peppers, dry (Capsicum spp., Pimenta spp.), raw",2019,188574
Mexico,"Chillies and peppers, dry (Capsicum spp., Pimenta spp.), raw",2020,189148
Mexico,"Chillies and peppers, dry (Capsicum spp., Pimenta spp.), raw",2021,190137
Mexico,"Chillies and peppers, green (Capsicum spp. and Pimenta spp.)",2019,1391651
Mexico,"Chillies and peppers, green (Capsicum spp. and Pimenta spp.)",2020,1443401
Mexico,"Chillies and peppers, green (Capsicum spp. and Pimenta spp.)",2021,1323410
Mexico,Cocoa beans,2019,67332
Mexico,Cocoa beans,2020,69643
Mexico,Cocoa beans,2021,66512
Mexico,"Coconuts, in shell",2019,136052
Mexico,"Coconuts, in shell",2020,134105
Mexico,"Coconuts, in shell",2021,134105
Mexico,"Coffee, green",2019,54321
Mexico,"Coffee, green",2020,57547
Mexico,"Coffee, green",2021,57150
Mexico,Cucumbers and gherkins,2019,388883
Mexico,Cucumbers and gherkins,2020,378546
Mexico,Cucumbers and gherkins,2021,339079
Mexico,Dates,2019,32600
Mexico,Dates,2020,52369
Mexico,Dates,2021,50737
Mexico,"Edible roots and tubers with high starch or inulin content, n.e.c., fresh",2019,43676
Mexico,"Edible roots and tubers with high starch or inulin content, n.e.c., fresh",2020,41875
Mexico,"Edible roots and tubers with high starch or inulin content, n.e.c., fresh",2021,41126
Mexico,Eggplants (aubergines),2019,78400
Mexico,Eggplants (aubergines),2020,47486
Mexico,Eggplants (aubergines),2021,53131
Mexico,Figs,2019,5327
Mexico,Figs,2020,6758
Mexico,Figs,2021,6694
Mexico,"Ginger, raw",2019,3383
Mexico,"Ginger, raw",2020,3860
Mexico,"Ginger, raw",2021,3895
Mexico,Grapes,2019,439856
Mexico,Grapes,2020,422002
Mexico,Grapes,2021,403824
Mexico,Green corn (maize),2019,140173
Mexico,Green corn (maize),2020,146089
Mexico,Green corn (maize),2021,152845
Mexico,Green garlic,2019,71546
Mexico,Green garlic,2020,74807
Mexico,Green garlic,2021,77485
Mexico,"Groundnuts, excluding shelled",2019,53467
Mexico,"Groundnuts, excluding shelled",2020,66496
Mexico,"Groundnuts, excluding shelled",2021,67499
Mexico,"Hen eggs in shell, fresh",2019,3602608
Mexico,"Hen eggs in shell, fresh",2020,3683432
Mexico,"Hen eggs in shell, fresh",2021,3721231
Mexico,"Horse meat, fresh or chilled (indigenous)",2019,145937
Mexico,"Horse meat, fresh or chilled (indigenous)",2020,157196
Mexico,"Horse meat, fresh or chilled (indigenous)",2021,152899
Mexico,Leeks and other alliaceous vegetables,2019,8816
Mexico,Leeks and other alliaceous vegetables,2020,9426
Mexico,Leeks and other alliaceous vegetables,2021,10698
Mexico,Lemons and limes,2019,702717
Mexico,Lemons and limes,2020,748804
Mexico,Lemons and limes,2021,776056
Mexico,"Lentils, dry",2019,4074
Mexico,"Lentils, dry",2020,4341
Mexico,"Lentils, dry",2021,4351
Mexico,Lettuce and chicory,2019,103714
Mexico,Lettuce and chicory,2020,108976
Mexico,Lettuce and chicory,2021,102394
Mexico,Linseed,2019,5
Mexico,Linseed,2020,4
Mexico,Linseed,2021,4
Mexico,Locust beans (carobs),2019,98
Mexico,Locust beans (carobs),2020,125
Mexico,Locust beans (carobs),2021,117
Mexico,Maize (corn),2019,5804580
Mexico,Maize (corn),2020,5846424
Mexico,Maize (corn),2021,5863255
Mexico,"Mangoes, guavas and mangosteens",2019,491534
Mexico,"Mangoes, guavas and mangosteens",2020,486701
Mexico,"Mangoes, guavas and mangosteens",2021,500726
Mexico,"Meat of cattle with the bone, fresh or chilled (indigenous)",2019,7491949
Mexico,"Meat of cattle with the bone, fresh or chilled (indigenous)",2020,7690098
Mexico,"Meat of cattle with the bone, fresh or chilled (indigenous)",2021,7872364
Mexico,"Meat of chickens, fresh or chilled (indigenous)",2019,6687596
Mexico,"Meat of chickens, fresh or chilled (indigenous)",2020,6887785
Mexico,"Meat of chickens, fresh or chilled (indigenous)",2021,7058452
Mexico,"Meat of goat, fresh or chilled (indigenous)",2019,138782
Mexico,"Meat of goat, fresh or chilled (indigenous)",2020,139002
Mexico,"Meat of goat, fresh or chilled (indigenous)",2021,140664
Mexico,"Meat of pig with the bone, fresh or chilled (indigenous)",2019,4077799
Mexico,"Meat of pig with the bone, fresh or chilled (indigenous)",2020,4214200
Mexico,"Meat of pig with the bone, fresh or chilled (indigenous)",2021,4318855
Mexico,"Meat of rabbits and hares, fresh or chilled (indigenous)",2019,8516
Mexico,"Meat of rabbits and hares, fresh or chilled (indigenous)",2020,8538
Mexico,"Meat of rabbits and hares, fresh or chilled (indigenous)",2021,8623
Mexico,"Meat of sheep, fresh or chilled (indigenous)",2019,245661
Mexico,"Meat of sheep, fresh or chilled (indigenous)",2020,248914
Mexico,"Meat of sheep, fresh or chilled (indigenous)",2021,253089
Mexico,"Meat of turkeys, fresh or chilled (indigenous)",2019,51222
Mexico,"Meat of turkeys, fresh or chilled (indigenous)",2020,58930
Mexico,"Meat of turkeys, fresh or chilled (indigenous)",2021,63180
Mexico,Melonseed,2019,86
Mexico,Melonseed,2020,85
Mexico,Melonseed,2021,85
Mexico,Millet,2019,7
Mexico,Millet,2020,7
Mexico,Millet,2021,7
Mexico,Natural honey,2019,154698
Mexico,Natural honey,2020,135180
Mexico,Natural honey,2021,154930
Mexico,Natural rubber in primary forms,2019,65245
Mexico,Natural rubber in primary forms,2020,75631
Mexico,Natural rubber in primary forms,2021,78149
Mexico,Oats,2019,24998
Mexico,Oats,2020,17137
Mexico,Oats,2021,25096
Mexico,Oil palm fruit,2019,105255
Mexico,Oil palm fruit,2020,138485
Mexico,Oil palm fruit,2021,141070
Mexico,Okra,2019,16027
Mexico,Okra,2020,15274
Mexico,Okra,2021,14718
Mexico,Olives,2019,13078
Mexico,Olives,2020,13767
Mexico,Olives,2021,16628
Mexico,"Onions and shallots, dry (excluding dehydrated)",2019,412316
Mexico,"Onions and shallots, dry (excluding dehydrated)",2020,415820
Mexico,"Onions and shallots, dry (excluding dehydrated)",2021,402375
Mexico,"Onions and shallots, green",2019,27218
Mexico,"Onions and shallots, green",2020,26988
Mexico,"Onions and shallots, green",2021,27284
Mexico,Oranges,2019,472198
Mexico,Oranges,2020,463416
Mexico,Oranges,2021,458084
Mexico,Other berries and fruits of the genus vaccinium n.e.c.,2019,368256
Mexico,Other berries and fruits of the genus vaccinium n.e.c.,2020,266808
Mexico,Other berries and fruits of the genus vaccinium n.e.c.,2021,261166
Mexico,"Other citrus fruit, n.e.c.",2019,48616
Mexico,"Other citrus fruit, n.e.c.",2020,50578
Mexico,"Other citrus fruit, n.e.c.",2021,52849
Mexico,"Other fruits, n.e.c.",2019,166047
Mexico,"Other fruits, n.e.c.",2020,173516
Mexico,"Other fruits, n.e.c.",2021,170504
Mexico,"Other nuts (excluding wild edible nuts and groundnuts), in shell, n.e.c.",2019,303909
Mexico,"Other nuts (excluding wild edible nuts and groundnuts), in shell, n.e.c.",2020,314466
Mexico,"Other nuts (excluding wild edible nuts and groundnuts), in shell, n.e.c.",2021,310450
Mexico,Other pulses n.e.c.,2019,197
Mexico,Other pulses n.e.c.,2020,194
Mexico,Other pulses n.e.c.,2021,211
Mexico,"Other stimulant, spice and aromatic crops, n.e.c.",2019,7328
Mexico,"Other stimulant, spice and aromatic crops, n.e.c.",2020,7958
Mexico,"Other stimulant, spice and aromatic crops, n.e.c.",2021,13263
Mexico,"Other tropical fruits, n.e.c.",2019,309394
Mexico,"Other tropical fruits, n.e.c.",2020,303433
Mexico,"Other tropical fruits, n.e.c.",2021,305327
Mexico,"Other vegetables, fresh n.e.c.",2019,235589
Mexico,"Other vegetables, fresh n.e.c.",2020,235787
Mexico,"Other vegetables, fresh n.e.c.",2021,241871
Mexico,Papayas,2019,315585
Mexico,Papayas,2020,325580
Mexico,Papayas,2021,330625
Mexico,Peaches and nectarines,2019,79135
Mexico,Peaches and nectarines,2020,86110
Mexico,Peaches and nectarines,2021,108174
Mexico,Pears,2019,6662
Mexico,Pears,2020,6642
Mexico,Pears,2021,6627
Mexico,"Peas, dry",2019,850
Mexico,"Peas, dry",2020,950
Mexico,"Peas, dry",2021,875
Mexico,"Peas, green",2019,26507
Mexico,"Peas, green",2020,30699
Mexico,"Peas, green",2021,30458
Mexico,"Pepper (Piper spp.), raw",2019,10346
Mexico,"Pepper (Piper spp.), raw",2020,11465
Mexico,"Pepper (Piper spp.), raw",2021,10850
Mexico,Persimmons,2019,50
Mexico,Persimmons,2020,183
Mexico,Persimmons,2021,220
Mexico,Pineapples,2019,233352
Mexico,Pineapples,2020,270801
Mexico,Pineapples,2021,284982
Mexico,"Pistachios, in shell",2019,235
Mexico,"Pistachios, in shell",2020,636
Mexico,"Pistachios, in shell",2021,609
Mexico,Plums and sloes,2019,21973
Mexico,Plums and sloes,2020,27258
Mexico,Plums and sloes,2021,25372
Mexico,Pomelos and grapefruits,2019,55755
Mexico,Pomelos and grapefruits,2020,55990
Mexico,Pomelos and grapefruits,2021,51698
Mexico,Potatoes,2019,764700
Mexico,Potatoes,2020,833293
Mexico,Potatoes,2021,834944
Mexico,"Pumpkins, squash and gourds",2019,271725
Mexico,"Pumpkins, squash and gourds",2020,250386
Mexico,"Pumpkins, squash and gourds",2021,244176
Mexico,Quinces,2019,2532
Mexico,Quinces,2020,2887
Mexico,Quinces,2021,2730
Mexico,Rape or colza seed,2019,751
Mexico,Rape or colza seed,2020,751
Mexico,Rape or colza seed,2021,751
Mexico,Raspberries,2019,309152
Mexico,Raspberries,2020,351146
Mexico,Raspberries,2021,397518
Mexico,Raw milk of cattle,2019,4732716
Mexico,Raw milk of cattle,2020,4843685
Mexico,Raw milk of cattle,2021,4955663
Mexico,Raw milk of goats,2019,53114
Mexico,Raw milk of goats,2020,53668
Mexico,Raw milk of goats,2021,54639
Mexico,Rice,2019,59750
Mexico,Rice,2020,71963
Mexico,Rice,2021,62631
Mexico,Rye,2019,3
Mexico,Rye,2020,4
Mexico,Rye,2021,3
Mexico,Safflower seed,2019,18334
Mexico,Safflower seed,2020,30805
Mexico,Safflower seed,2021,18653
Mexico,"Seed cotton, unginned",2019,613420
Mexico,"Seed cotton, unginned",2020,451347
Mexico,"Seed cotton, unginned",2021,543836
Mexico,Sesame seed,2019,58690
Mexico,Sesame seed,2020,52788
Mexico,Sesame seed,2021,53825
Mexico,"Shorn wool, greasy, including fleece-washed shorn wool",2019,1202
Mexico,"Shorn wool, greasy, including fleece-washed shorn wool",2020,1214
Mexico,"Shorn wool, greasy, including fleece-washed shorn wool",2021,1234
Mexico,"Sisal, raw",2019,3729
Mexico,"Sisal, raw",2020,8763
Mexico,"Sisal, raw",2021,7301
Mexico,Sorghum,2019,773032
Mexico,Sorghum,2020,835321
Mexico,Sorghum,2021,776072
Mexico,Soya beans,2019,88270
Mexico,Soya beans,2020,93330
Mexico,Soya beans,2021,109333
Mexico,Spinach,2019,11786
Mexico,Spinach,2020,15005
Mexico,Spinach,2021,14771
Mexico,Strawberries,2019,781344
Mexico,Strawberries,2020,505738
Mexico,Strawberries,2021,492472
Mexico,String beans,2019,31228
Mexico,String beans,2020,39229
Mexico,String beans,2021,39455
Mexico,Sugar beet,2019,147
Mexico,Sugar beet,2020,143
Mexico,Sugar beet,2021,144
Mexico,Sugar cane,2019,1871373
Mexico,Sugar cane,2020,1698141
Mexico,Sugar cane,2021,1742485
Mexico,Sunflower seed,2019,1836
Mexico,Sunflower seed,2020,3113
Mexico,Sunflower seed,2021,2866
Mexico,Sweet potatoes,2019,14797
Mexico,Sweet potatoes,2020,18795
Mexico,Sweet potatoes,2021,19695
Mexico,"Tangerines, mandarins, clementines",2019,54594
Mexico,"Tangerines, mandarins, clementines",2020,59528
Mexico,"Tangerines, mandarins, clementines",2021,50713
Mexico,Tomatoes,2019,1728646
Mexico,Tomatoes,2020,1674191
Mexico,Tomatoes,2021,1679006
Mexico,Triticale,2019,4989
Mexico,Triticale,2020,5479
Mexico,Triticale,2021,5974
Mexico,Unmanufactured tobacco,2019,34799
Mexico,Unmanufactured tobacco,2020,29717
Mexico,Unmanufactured tobacco,2021,36587
Mexico,"Vanilla, raw",2019,3024
Mexico,"Vanilla, raw",2020,3411
Mexico,"Vanilla, raw",2021,3532
Mexico,Vetches,2019,5015
Mexico,Vetches,2020,5642
Mexico,Vetches,2021,5640
Mexico,"Walnuts, in shell",2019,675343
Mexico,"Walnuts, in shell",2020,648874
Mexico,"Walnuts, in shell",2021,535752
Mexico,Watermelons,2019,252907
Mexico,Watermelons,2020,256043
Mexico,Watermelons,2021,224402
Mexico,Wheat,2019,748628
Mexico,Wheat,2020,689234
Mexico,Wheat,2021,757755
Mexico,Yautia,2019,11190
Mexico,Yautia,2020,15784
Mexico,Yautia,2021,14850
Mongolia,Barley,2019,738
Mongolia,Barley,2020,950
Mongolia,Barley,2021,3432
Mongolia,Cabbages,2019,14709
Mongolia,Cabbages,2020,16384
Mongolia,Cabbages,2021,18014
Mongolia,Carrots and turnips,2019,34680
Mongolia,Carrots and turnips,2020,43952
Mongolia,Carrots and turnips,2021,36087
Mongolia,Cereals n.e.c.,2019,1525
Mongolia,Cereals n.e.c.,2020,1087
Mongolia,Cereals n.e.c.,2021,844
Mongolia,Cucumbers and gherkins,2019,9025
Mongolia,Cucumbers and gherkins,2020,11608
Mongolia,Cucumbers and gherkins,2021,11813
Mongolia,Green garlic,2019,2727
Mongolia,Green garlic,2020,4733
Mongolia,Green garlic,2021,5067
Mongolia,"Hazelnuts, in shell",2019,396
Mongolia,"Hazelnuts, in shell",2020,397
Mongolia,"Hazelnuts, in shell",2021,399
Mongolia,"Hen eggs in shell, fresh",2019,14544
Mongolia,"Hen eggs in shell, fresh",2020,13804
Mongolia,"Hen eggs in shell, fresh",2021,16855
Mongolia,"Horse meat, fresh or chilled (indigenous)",2019,126794
Mongolia,"Horse meat, fresh or chilled (indigenous)",2020,189732
Mongolia,"Horse meat, fresh or chilled (indigenous)",2021,115562
Mongolia,"Meat of camels, fresh or chilled (indigenous)",2019,26837
Mongolia,"Meat of camels, fresh or chilled (indigenous)",2020,36312
Mongolia,"Meat of camels, fresh or chilled (indigenous)",2021,28140
Mongolia,"Meat of cattle with the bone, fresh or chilled (indigenous)",2019,269356
Mongolia,"Meat of cattle with the bone, fresh or chilled (indigenous)",2020,372429
Mongolia,"Meat of cattle with the bone, fresh or chilled (indigenous)",2021,259966
Mongolia,"Meat of chickens, fresh or chilled (indigenous)",2019,1002
Mongolia,"Meat of chickens, fresh or chilled (indigenous)",2020,1149
Mongolia,"Meat of chickens, fresh or chilled (indigenous)",2021,513
Mongolia,"Meat of goat, fresh or chilled (indigenous)",2019,147521
Mongolia,"Meat of goat, fresh or chilled (indigenous)",2020,212579
Mongolia,"Meat of goat, fresh or chilled (indigenous)",2021,160853
Mongolia,"Meat of pig with the bone, fresh or chilled (indigenous)",2019,2242
Mongolia,"Meat of pig with the bone, fresh or chilled (indigenous)",2020,1058
Mongolia,"Meat of pig with the bone, fresh or chilled (indigenous)",2021,935
Mongolia,"Meat of sheep, fresh or chilled (indigenous)",2019,378146
Mongolia,"Meat of sheep, fresh or chilled (indigenous)",2020,480199
Mongolia,"Meat of sheep, fresh or chilled (indigenous)",2021,321107
Mongolia,Mushrooms and truffles,2019,517
Mongolia,Mushrooms and truffles,2020,526
Mongolia,Mushrooms and truffles,2021,577
Mongolia,Natural honey,2019,2832
Mongolia,Natural honey,2020,2313
Mongolia,Natural honey,2021,6132
Mongolia,Oats,2019,3558
Mongolia,Oats,2020,4452
Mongolia,Oats,2021,8893
Mongolia,"Onions and shallots, dry (excluding dehydrated)",2019,9149
Mongolia,"Onions and shallots, dry (excluding dehydrated)",2020,10917
Mongolia,"Onions and shallots, dry (excluding dehydrated)",2021,19582
Mongolia,"Other nuts (excluding wild edible nuts and groundnuts), in shell, n.e.c.",2019,6800
Mongolia,"Other nuts (excluding wild edible nuts and groundnuts), in shell, n.e.c.",2020,6614
Mongolia,"Other nuts (excluding wild edible nuts and groundnuts), in shell, n.e.c.",2021,6695
Mongolia,Other pulses n.e.c.,2019,713
Mongolia,Other pulses n.e.c.,2020,711
Mongolia,Other pulses n.e.c.,2021,711
Mongolia,Potatoes,2019,99899
Mongolia,Potatoes,2020,126932
Mongolia,Potatoes,2021,94909
Mongolia,Raw milk of camel,2019,997
Mongolia,Raw milk of camel,2020,1244
Mongolia,Raw milk of camel,2021,885
Mongolia,Raw milk of cattle,2019,52624
Mongolia,Raw milk of cattle,2020,55655
Mongolia,Raw milk of cattle,2021,53964
Mongolia,Raw milk of goats,2019,22299
Mongolia,Raw milk of goats,2020,23197
Mongolia,Raw milk of goats,2021,19606
Mongolia,Raw milk of sheep,2019,11510
Mongolia,Raw milk of sheep,2020,11210
Mongolia,Raw milk of sheep,2021,9736
Mongolia,"Shorn wool, greasy, including fleece-washed shorn wool",2019,3422
Mongolia,"Shorn wool, greasy, including fleece-washed shorn wool",2020,3357
Mongolia,"Shorn wool, greasy, including fleece-washed shorn wool",2021,3317
Mongolia,Wheat,2019,101881
Mongolia,Wheat,2020,100573
Mongolia,Wheat,2021,140230
Morocco,"Almonds, in shell",2019,42913
Morocco,"Almonds, in shell",2020,56457
Morocco,"Almonds, in shell",2021,71079
Morocco,"Anise, badian, coriander, cumin, caraway, fennel and juniper berries, raw",2019,24622
Morocco,"Anise, badian, coriander, cumin, caraway, fennel and juniper berries, raw",2020,24740
Morocco,"Anise, badian, coriander, cumin, caraway, fennel and juniper berries, raw",2021,25332
Morocco,Apples,2019,657562
Morocco,Apples,2020,632474
Morocco,Apples,2021,722505
Morocco,Apricots,2019,90096
Morocco,Apricots,2020,76321
Morocco,Apricots,2021,64374
Morocco,Artichokes,2019,19787
Morocco,Artichokes,2020,19893
Morocco,Artichokes,2021,17918
Morocco,Asparagus,2019,133
Morocco,Asparagus,2020,9
Morocco,Asparagus,2021,4
Morocco,Avocados,2019,126650
Morocco,Avocados,2020,162304
Morocco,Avocados,2021,191147
Morocco,Bananas,2019,253219
Morocco,Bananas,2020,246731
Morocco,Bananas,2021,243243
Morocco,Barley,2019,300102
Morocco,Barley,2020,166705
Morocco,Barley,2021,718566
Morocco,Beeswax,2019,213
Morocco,Beeswax,2020,216
Morocco,Beeswax,2021,211
Morocco,"Broad beans and horse beans, dry",2019,36436
Morocco,"Broad beans and horse beans, dry",2020,24532
Morocco,"Broad beans and horse beans, dry",2021,65725
Morocco,"Broad beans and horse beans, green",2019,31971
Morocco,"Broad beans and horse beans, green",2020,36931
Morocco,"Broad beans and horse beans, green",2021,26911
Morocco,Cabbages,2019,9239
Morocco,Cabbages,2020,15881
Morocco,Cabbages,2021,22719
Morocco,Cantaloupes and other melons,2019,216225
Morocco,Cantaloupes and other melons,2020,279499
Morocco,Cantaloupes and other melons,2021,299262
Morocco,Carrots and turnips,2019,111298
Morocco,Carrots and turnips,2020,108916
Morocco,Carrots and turnips,2021,104626
Morocco,Castor oil seeds,2019,58
Morocco,Castor oil seeds,2020,58
Morocco,Castor oil seeds,2021,58
Morocco,Cauliflowers and broccoli,2019,15794
Morocco,Cauliflowers and broccoli,2020,17904
Morocco,Cauliflowers and broccoli,2021,18122
Morocco,Cereals n.e.c.,2019,1173
Morocco,Cereals n.e.c.,2020,1332
Morocco,Cereals n.e.c.,2021,1344
Morocco,Cherries,2019,35442
Morocco,Cherries,2020,18754
Morocco,Cherries,2021,24043
Morocco,"Chick peas, dry",2019,79565
Morocco,"Chick peas, dry",2020,52451
Morocco,"Chick peas, dry",2021,76541
Morocco,"Chillies and peppers, dry (Capsicum spp., Pimenta spp.), raw",2019,24473
Morocco,"Chillies and peppers, dry (Capsicum spp., Pimenta spp.), raw",2020,25190
Morocco,"Chillies and peppers, dry (Capsicum spp., Pimenta spp.), raw",2021,24512
Morocco,"Chillies and peppers, green (Capsicum spp. and Pimenta spp.)",2019,94286
Morocco,"Chillies and peppers, green (Capsicum spp. and Pimenta spp.)",2020,54789
Morocco,"Chillies and peppers, green (Capsicum spp. and Pimenta spp.)",2021,81159
Morocco,Cucumbers and gherkins,2019,18800
Morocco,Cucumbers and gherkins,2020,15190
Morocco,Cucumbers and gherkins,2021,19586
Morocco,Dates,2019,84325
Morocco,Dates,2020,118893
Morocco,Dates,2021,124823
Morocco,"Edible roots and tubers with high starch or inulin content, n.e.c., fresh",2019,35
Morocco,"Edible roots and tubers with high starch or inulin content, n.e.c., fresh",2020,34
Morocco,"Edible roots and tubers with high starch or inulin content, n.e.c., fresh",2021,35
Morocco,Eggplants (aubergines),2019,20987
Morocco,Eggplants (aubergines),2020,18726
Morocco,Eggplants (aubergines),2021,24915
Morocco,Figs,2019,152664
Morocco,Figs,2020,143487
Morocco,Figs,2021,143394
Morocco,"Game meat, fresh, chilled or frozen",2019,179503
Morocco,"Game meat, fresh, chilled or frozen",2020,182390
Morocco,"Game meat, fresh, chilled or frozen",2021,185298
Morocco,Grapes,2019,202181
Morocco,Grapes,2020,174638
Morocco,Grapes,2021,184850
Morocco,Green garlic,2019,10090
Morocco,Green garlic,2020,11688
Morocco,Green garlic,2021,10834
Morocco,"Groundnuts, excluding shelled",2019,43888
Morocco,"Groundnuts, excluding shelled",2020,40630
Morocco,"Groundnuts, excluding shelled",2021,40699
Morocco,"Hen eggs in shell, fresh",2019,428256
Morocco,"Hen eggs in shell, fresh",2020,429290
Morocco,"Hen eggs in shell, fresh",2021,429290
Morocco,"Horse meat, fresh or chilled (indigenous)",2019,8660
Morocco,"Horse meat, fresh or chilled (indigenous)",2020,8644
Morocco,"Horse meat, fresh or chilled (indigenous)",2021,7870
Morocco,Leeks and other alliaceous vegetables,2019,2755
Morocco,Leeks and other alliaceous vegetables,2020,2738
Morocco,Leeks and other alliaceous vegetables,2021,2847
Morocco,Lemons and limes,2019,26004
Morocco,Lemons and limes,2020,20030
Morocco,Lemons and limes,2021,23849
Morocco,"Lentils, dry",2019,33065
Morocco,"Lentils, dry",2020,8061
Morocco,"Lentils, dry",2021,37083
Morocco,Lettuce and chicory,2019,1229
Morocco,Lettuce and chicory,2020,1243
Morocco,Lettuce and chicory,2021,1229
Morocco,Locust beans (carobs),2019,6570
Morocco,Locust beans (carobs),2020,6627
Morocco,Locust beans (carobs),2021,6643
Morocco,Lupins,2019,17370
Morocco,Lupins,2020,17565
Morocco,Lupins,2021,17608
Morocco,Maize (corn),2019,10852
Morocco,Maize (corn),2020,8010
Morocco,Maize (corn),2021,13035
Morocco,"Mangoes, guavas and mangosteens",2019,375
Morocco,"Mangoes, guavas and mangosteens",2020,528
Morocco,"Mangoes, guavas and mangosteens",2021,139
Morocco,"Meat of camels, fresh or chilled (indigenous)",2019,14881
Morocco,"Meat of camels, fresh or chilled (indigenous)",2020,14050
Morocco,"Meat of camels, fresh or chilled (indigenous)",2021,14055
Morocco,"Meat of cattle with the bone, fresh or chilled (indigenous)",2019,1684025
Morocco,"Meat of cattle with the bone, fresh or chilled (indigenous)",2020,1693699
Morocco,"Meat of cattle with the bone, fresh or chilled (indigenous)",2021,1676920
Morocco,"Meat of chickens, fresh or chilled (indigenous)",2019,1048374
Morocco,"Meat of chickens, fresh or chilled (indigenous)",2020,896084
Morocco,"Meat of chickens, fresh or chilled (indigenous)",2021,880434
Morocco,"Meat of goat, fresh or chilled (indigenous)",2019,157988
Morocco,"Meat of goat, fresh or chilled (indigenous)",2020,152489
Morocco,"Meat of goat, fresh or chilled (indigenous)",2021,152489
Morocco,"Meat of pig with the bone, fresh or chilled (indigenous)",2019,4315
Morocco,"Meat of pig with the bone, fresh or chilled (indigenous)",2020,4295
Morocco,"Meat of pig with the bone, fresh or chilled (indigenous)",2021,4315
Morocco,"Meat of sheep, fresh or chilled (indigenous)",2019,1008686
Morocco,"Meat of sheep, fresh or chilled (indigenous)",2020,1009984
Morocco,"Meat of sheep, fresh or chilled (indigenous)",2021,1009984
Morocco,"Meat of turkeys, fresh or chilled (indigenous)",2019,193280
Morocco,"Meat of turkeys, fresh or chilled (indigenous)",2020,205024
Morocco,"Meat of turkeys, fresh or chilled (indigenous)",2021,225381
Morocco,Millet,2019,1560
Morocco,Millet,2020,1545
Morocco,Millet,2021,1542
Morocco,Mushrooms and truffles,2019,3460
Morocco,Mushrooms and truffles,2020,3493
Morocco,Mushrooms and truffles,2021,3531
Morocco,Natural honey,2019,32774
Morocco,Natural honey,2020,32939
Morocco,Natural honey,2021,30057
Morocco,Oats,2019,2656
Morocco,Oats,2020,1737
Morocco,Oats,2021,2000
Morocco,Olives,2019,1048544
Morocco,Olives,2020,772748
Morocco,Olives,2021,872127
Morocco,"Onions and shallots, dry (excluding dehydrated)",2019,308472
Morocco,"Onions and shallots, dry (excluding dehydrated)",2020,290428
Morocco,"Onions and shallots, dry (excluding dehydrated)",2021,299689
Morocco,"Onions and shallots, green",2019,14799
Morocco,"Onions and shallots, green",2020,31777
Morocco,"Onions and shallots, green",2021,35364
Morocco,Oranges,2019,405212
Morocco,Oranges,2020,276318
Morocco,Oranges,2021,356176
Morocco,"Other beans, green",2019,88246
Morocco,"Other beans, green",2020,86166
Morocco,"Other beans, green",2021,87205
Morocco,Other berries and fruits of the genus vaccinium n.e.c.,2019,1110
Morocco,Other berries and fruits of the genus vaccinium n.e.c.,2020,1090
Morocco,Other berries and fruits of the genus vaccinium n.e.c.,2021,1089
Morocco,"Other citrus fruit, n.e.c.",2019,6145
Morocco,"Other citrus fruit, n.e.c.",2020,6166
Morocco,"Other citrus fruit, n.e.c.",2021,6149
Morocco,"Other fruits, n.e.c.",2019,29198
Morocco,"Other fruits, n.e.c.",2020,28611
Morocco,"Other fruits, n.e.c.",2021,28807
Morocco,"Other nuts (excluding wild edible nuts and groundnuts), in shell, n.e.c.",2019,263
Morocco,"Other nuts (excluding wild edible nuts and groundnuts), in shell, n.e.c.",2020,263
Morocco,"Other nuts (excluding wild edible nuts and groundnuts), in shell, n.e.c.",2021,264
Morocco,"Other oil seeds, n.e.c.",2019,197
Morocco,"Other oil seeds, n.e.c.",2020,192
Morocco,"Other oil seeds, n.e.c.",2021,194
Morocco,Other pulses n.e.c.,2019,6187
Morocco,Other pulses n.e.c.,2020,9371
Morocco,Other pulses n.e.c.,2021,6757
Morocco,"Other stimulant, spice and aromatic crops, n.e.c.",2019,11917
Morocco,"Other stimulant, spice and aromatic crops, n.e.c.",2020,11932
Morocco,"Other stimulant, spice and aromatic crops, n.e.c.",2021,11910
Morocco,Other stone fruits,2019,228
Morocco,Other stone fruits,2020,228
Morocco,Other stone fruits,2021,228
Morocco,"Other tropical fruits, n.e.c.",2019,881
Morocco,"Other tropical fruits, n.e.c.",2020,891
Morocco,"Other tropical fruits, n.e.c.",2021,901
Morocco,"Other vegetables, fresh n.e.c.",2019,86397
Morocco,"Other vegetables, fresh n.e.c.",2020,56091
Morocco,"Other vegetables, fresh n.e.c.",2021,29085
Morocco,Papayas,2019,1253
Morocco,Papayas,2020,1242
Morocco,Papayas,2021,1259
Morocco,Peaches and nectarines,2019,161843
Morocco,Peaches and nectarines,2020,162561
Morocco,Peaches and nectarines,2021,172183
Morocco,Pears,2019,51069
Morocco,Pears,2020,49661
Morocco,Pears,2021,69992
Morocco,"Peas, dry",2019,15180
Morocco,"Peas, dry",2020,11805
Morocco,"Peas, dry",2021,28879
Morocco,"Peas, green",2019,85932
Morocco,"Peas, green",2020,77746
Morocco,"Peas, green",2021,62922
Morocco,"Pistachios, in shell",2019,213
Morocco,"Pistachios, in shell",2020,212
Morocco,"Pistachios, in shell",2021,213
Morocco,Plums and sloes,2019,139777
Morocco,Plums and sloes,2020,132367
Morocco,Plums and sloes,2021,164942
Morocco,Pomelos and grapefruits,2019,758
Morocco,Pomelos and grapefruits,2020,576
Morocco,Pomelos and grapefruits,2021,795
Morocco,Potatoes,2019,402708
Morocco,Potatoes,2020,351329
Morocco,Potatoes,2021,337907
Morocco,"Pumpkins, squash and gourds",2019,87382
Morocco,"Pumpkins, squash and gourds",2020,67658
Morocco,"Pumpkins, squash and gourds",2021,144606
Morocco,"Pyrethrum, dried flowers",2019,167
Morocco,"Pyrethrum, dried flowers",2020,167
Morocco,"Pyrethrum, dried flowers",2021,167
Morocco,Quinces,2019,19848
Morocco,Quinces,2020,28919
Morocco,Quinces,2021,27386
Morocco,Rape or colza seed,2019,941
Morocco,Rape or colza seed,2020,1412
Morocco,Rape or colza seed,2021,1412
Morocco,Raw milk of camel,2019,2763
Morocco,Raw milk of camel,2020,2751
Morocco,Raw milk of camel,2021,2778
Morocco,Raw milk of cattle,2019,863119
Morocco,Raw milk of cattle,2020,863119
Morocco,Raw milk of cattle,2021,846195
Morocco,Raw milk of goats,2019,14670
Morocco,Raw milk of goats,2020,14625
Morocco,Raw milk of goats,2021,14988
Morocco,Raw milk of sheep,2019,11619
Morocco,Raw milk of sheep,2020,11737
Morocco,Raw milk of sheep,2021,11924
Morocco,Rice,2019,20018
Morocco,Rice,2020,20359
Morocco,Rice,2021,15773
Morocco,Rye,2019,739
Morocco,Rye,2020,742
Morocco,Rye,2021,740
Morocco,"Seed cotton, unginned",2019,161
Morocco,"Seed cotton, unginned",2020,164
Morocco,"Seed cotton, unginned",2021,170
Morocco,Sesame seed,2019,1164
Morocco,Sesame seed,2020,967
Morocco,Sesame seed,2021,923
Morocco,"Shorn wool, greasy, including fleece-washed shorn wool",2019,140924
Morocco,"Shorn wool, greasy, including fleece-washed shorn wool",2020,141757
Morocco,"Shorn wool, greasy, including fleece-washed shorn wool",2021,144804
Morocco,"Sisal, raw",2019,1695
Morocco,"Sisal, raw",2020,1711
Morocco,"Sisal, raw",2021,1693
Morocco,Sorghum,2019,1371
Morocco,Sorghum,2020,1671
Morocco,Sorghum,2021,3695
Morocco,Soya beans,2019,354
Morocco,Soya beans,2020,354
Morocco,Soya beans,2021,354
Morocco,Strawberries,2019,157820
Morocco,Strawberries,2020,157000
Morocco,Strawberries,2021,132663
Morocco,String beans,2019,89452
Morocco,String beans,2020,81625
Morocco,String beans,2021,95116
Morocco,Sugar beet,2019,139287
Morocco,Sugar beet,2020,136974
Morocco,Sugar beet,2021,97085
Morocco,Sugar cane,2019,12871
Morocco,Sugar cane,2020,19655
Morocco,Sugar cane,2021,15209
Morocco,Sunflower seed,2019,14974
Morocco,Sunflower seed,2020,11385
Morocco,Sunflower seed,2021,12506
Morocco,Sweet potatoes,2019,1106
Morocco,Sweet potatoes,2020,878
Morocco,Sweet potatoes,2021,1094
Morocco,"Tangerines, mandarins, clementines",2019,452710
Morocco,"Tangerines, mandarins, clementines",2020,305148
Morocco,"Tangerines, mandarins, clementines",2021,411145
Morocco,Tomatoes,2019,288324
Morocco,Tomatoes,2020,299399
Morocco,Tomatoes,2021,280622
Morocco,Unmanufactured tobacco,2019,1592
Morocco,Unmanufactured tobacco,2020,1579
Morocco,Unmanufactured tobacco,2021,1568
Morocco,Vetches,2019,6891
Morocco,Vetches,2020,6953
Morocco,Vetches,2021,6837
Morocco,"Walnuts, in shell",2019,18842
Morocco,"Walnuts, in shell",2020,22877
Morocco,"Walnuts, in shell",2021,47800
Morocco,Watermelons,2019,213979
Morocco,Watermelons,2020,214776
Morocco,Watermelons,2021,261311
Morocco,Wheat,2019,1088396
Morocco,Wheat,2020,692708
Morocco,Wheat,2021,2039771
Mozambique,Bananas,2019,183643
Mozambique,Bananas,2020,194553
Mozambique,Bananas,2021,167100
Mozambique,"Beans, dry",2019,543512
Mozambique,"Beans, dry",2020,443331
Mozambique,"Beans, dry",2021,565711
Mozambique,"Cashew nuts, in shell",2019,56880
Mozambique,"Cashew nuts, in shell",2020,58098
Mozambique,"Cashew nuts, in shell",2021,58260
Mozambique,"Cassava, fresh",2019,1570090
Mozambique,"Cassava, fresh",2020,1571864
Mozambique,"Cassava, fresh",2021,1621983
Mozambique,Castor oil seeds,2019,18860
Mozambique,Castor oil seeds,2020,19001
Mozambique,Castor oil seeds,2021,19073
Mozambique,"Coconuts, in shell",2019,93641
Mozambique,"Coconuts, in shell",2020,93269
Mozambique,"Coconuts, in shell",2021,93269
Mozambique,"Coffee, green",2019,209
Mozambique,"Coffee, green",2020,210
Mozambique,"Coffee, green",2021,211
Mozambique,"Edible roots and tubers with high starch or inulin content, n.e.c., fresh",2019,653
Mozambique,"Edible roots and tubers with high starch or inulin content, n.e.c., fresh",2020,660
Mozambique,"Edible roots and tubers with high starch or inulin content, n.e.c., fresh",2021,652
Mozambique,"Groundnuts, excluding shelled",2019,138963
Mozambique,"Groundnuts, excluding shelled",2020,94651
Mozambique,"Groundnuts, excluding shelled",2021,102852
Mozambique,"Hen eggs in shell, fresh",2019,36918
Mozambique,"Hen eggs in shell, fresh",2020,42429
Mozambique,"Hen eggs in shell, fresh",2021,50024
Mozambique,"Kenaf, and other textile bast fibres, raw or retted",2019,1272
Mozambique,"Kenaf, and other textile bast fibres, raw or retted",2020,1264
Mozambique,"Kenaf, and other textile bast fibres, raw or retted",2021,1265
Mozambique,Lemons and limes,2019,1557
Mozambique,Lemons and limes,2020,1594
Mozambique,Lemons and limes,2021,1551
Mozambique,Maize (corn),2019,530783
Mozambique,Maize (corn),2020,596830
Mozambique,Maize (corn),2021,667016
Mozambique,"Mangoes, guavas and mangosteens",2019,18425
Mozambique,"Mangoes, guavas and mangosteens",2020,18504
Mozambique,"Mangoes, guavas and mangosteens",2021,18677
Mozambique,"Meat of cattle with the bone, fresh or chilled (indigenous)",2019,55640
Mozambique,"Meat of cattle with the bone, fresh or chilled (indigenous)",2020,60556
Mozambique,"Meat of cattle with the bone, fresh or chilled (indigenous)",2021,71866
Mozambique,"Meat of chickens, fresh or chilled (indigenous)",2019,402773
Mozambique,"Meat of chickens, fresh or chilled (indigenous)",2020,444375
Mozambique,"Meat of chickens, fresh or chilled (indigenous)",2021,503754
Mozambique,"Meat of ducks, fresh or chilled (indigenous)",2019,4171
Mozambique,"Meat of ducks, fresh or chilled (indigenous)",2020,4320
Mozambique,"Meat of ducks, fresh or chilled (indigenous)",2021,4668
Mozambique,"Meat of goat, fresh or chilled (indigenous)",2019,8397
Mozambique,"Meat of goat, fresh or chilled (indigenous)",2020,8807
Mozambique,"Meat of goat, fresh or chilled (indigenous)",2021,9634
Mozambique,"Meat of pig with the bone, fresh or chilled (indigenous)",2019,314813
Mozambique,"Meat of pig with the bone, fresh or chilled (indigenous)",2020,427461
Mozambique,"Meat of pig with the bone, fresh or chilled (indigenous)",2021,523952
Mozambique,"Meat of sheep, fresh or chilled (indigenous)",2019,1016
Mozambique,"Meat of sheep, fresh or chilled (indigenous)",2020,948
Mozambique,"Meat of sheep, fresh or chilled (indigenous)",2021,1025
Mozambique,Millet,2019,4868
Mozambique,Millet,2020,2654
Mozambique,Millet,2021,2741
Mozambique,Natural honey,2019,816
Mozambique,Natural honey,2020,817
Mozambique,Natural honey,2021,837
Mozambique,"Onions and shallots, dry (excluding dehydrated)",2019,251071
Mozambique,"Onions and shallots, dry (excluding dehydrated)",2020,294795
Mozambique,"Onions and shallots, dry (excluding dehydrated)",2021,376092
Mozambique,Oranges,2019,60938
Mozambique,Oranges,2020,61848
Mozambique,Oranges,2021,60938
Mozambique,"Other fruits, n.e.c.",2019,15046
Mozambique,"Other fruits, n.e.c.",2020,15134
Mozambique,"Other fruits, n.e.c.",2021,15265
Mozambique,"Other oil seeds, n.e.c.",2019,5355
Mozambique,"Other oil seeds, n.e.c.",2020,5296
Mozambique,"Other oil seeds, n.e.c.",2021,5211
Mozambique,Other pulses n.e.c.,2019,10421
Mozambique,Other pulses n.e.c.,2020,13057
Mozambique,Other pulses n.e.c.,2021,14967
Mozambique,"Other tropical fruits, n.e.c.",2019,2571
Mozambique,"Other tropical fruits, n.e.c.",2020,2616
Mozambique,"Other tropical fruits, n.e.c.",2021,2573
Mozambique,"Other vegetables, fresh n.e.c.",2019,26923
Mozambique,"Other vegetables, fresh n.e.c.",2020,27004
Mozambique,"Other vegetables, fresh n.e.c.",2021,27402
Mozambique,Papayas,2019,16053
Mozambique,Papayas,2020,16077
Mozambique,Papayas,2021,16111
Mozambique,Pineapples,2019,91611
Mozambique,Pineapples,2020,91544
Mozambique,Pineapples,2021,90781
Mozambique,Pomelos and grapefruits,2019,962
Mozambique,Pomelos and grapefruits,2020,940
Mozambique,Pomelos and grapefruits,2021,947
Mozambique,Potatoes,2019,277957
Mozambique,Potatoes,2020,360616
Mozambique,Potatoes,2021,367829
Mozambique,"Pumpkins, squash and gourds",2019,145
Mozambique,"Pumpkins, squash and gourds",2020,148
Mozambique,"Pumpkins, squash and gourds",2021,146
Mozambique,Raw milk of cattle,2019,2708
Mozambique,Raw milk of cattle,2020,2727
Mozambique,Raw milk of cattle,2021,3157
Mozambique,Raw milk of goats,2019,4776
Mozambique,Raw milk of goats,2020,4852
Mozambique,Raw milk of goats,2021,5019
Mozambique,Rice,2019,124644
Mozambique,Rice,2020,121515
Mozambique,Rice,2021,144040
Mozambique,"Seed cotton, unginned",2019,19270
Mozambique,"Seed cotton, unginned",2020,16970
Mozambique,"Seed cotton, unginned",2021,14810
Mozambique,Sesame seed,2019,85383
Mozambique,Sesame seed,2020,132753
Mozambique,Sesame seed,2021,166565
Mozambique,"Sisal, raw",2019,137
Mozambique,"Sisal, raw",2020,134
Mozambique,"Sisal, raw",2021,137
Mozambique,Sorghum,2019,21681
Mozambique,Sorghum,2020,19462
Mozambique,Sorghum,2021,20097
Mozambique,Sugar cane,2019,20402
Mozambique,Sugar cane,2020,14274
Mozambique,Sugar cane,2021,14503
Mozambique,Sunflower seed,2019,4428
Mozambique,Sunflower seed,2020,4744
Mozambique,Sunflower seed,2021,2131
Mozambique,Sweet potatoes,2019,200571
Mozambique,Sweet potatoes,2020,178249
Mozambique,Sweet potatoes,2021,196821
Mozambique,"Tangerines, mandarins, clementines",2019,44
Mozambique,"Tangerines, mandarins, clementines",2020,45
Mozambique,"Tangerines, mandarins, clementines",2021,45
Mozambique,Tea leaves,2019,79958
Mozambique,Tea leaves,2020,12184
Mozambique,Tea leaves,2021,12119
Mozambique,Tomatoes,2019,913078
Mozambique,Tomatoes,2020,1133007
Mozambique,Tomatoes,2021,1447720
Mozambique,Unmanufactured tobacco,2019,67226
Mozambique,Unmanufactured tobacco,2020,31710
Mozambique,Unmanufactured tobacco,2021,39053
Mozambique,Wheat,2019,14261
Mozambique,Wheat,2020,11884
Mozambique,Wheat,2021,11884
Namibia,Cantaloupes and other melons,2019,186
Namibia,Cantaloupes and other melons,2020,186
Namibia,Cantaloupes and other melons,2021,186
Namibia,Dates,2019,518
Namibia,Dates,2020,661
Namibia,Dates,2021,763
Namibia,"Edible roots and tubers with high starch or inulin content, n.e.c., fresh",2019,61968
Namibia,"Edible roots and tubers with high starch or inulin content, n.e.c., fresh",2020,62901
Namibia,"Edible roots and tubers with high starch or inulin content, n.e.c., fresh",2021,61955
Namibia,"Eggs from other birds in shell, fresh, n.e.c.",2019,1485
Namibia,"Eggs from other birds in shell, fresh, n.e.c.",2020,1485
Namibia,"Eggs from other birds in shell, fresh, n.e.c.",2021,1787
Namibia,"Game meat, fresh, chilled or frozen",2019,9346
Namibia,"Game meat, fresh, chilled or frozen",2020,9409
Namibia,"Game meat, fresh, chilled or frozen",2021,9639
Namibia,Grapes,2019,28562
Namibia,Grapes,2020,30176
Namibia,Grapes,2021,34703
Namibia,"Groundnuts, excluding shelled",2019,124
Namibia,"Groundnuts, excluding shelled",2020,136
Namibia,"Groundnuts, excluding shelled",2021,161
Namibia,"Hen eggs in shell, fresh",2019,1246
Namibia,"Hen eggs in shell, fresh",2020,1253
Namibia,"Hen eggs in shell, fresh",2021,1248
Namibia,Maize (corn),2019,17036
Namibia,Maize (corn),2020,22768
Namibia,Maize (corn),2021,29577
Namibia,"Meat of cattle with the bone, fresh or chilled (indigenous)",2019,49976
Namibia,"Meat of cattle with the bone, fresh or chilled (indigenous)",2020,39575
Namibia,"Meat of cattle with the bone, fresh or chilled (indigenous)",2021,39100
Namibia,"Meat of chickens, fresh or chilled (indigenous)",2019,9146
Namibia,"Meat of chickens, fresh or chilled (indigenous)",2020,8775
Namibia,"Meat of chickens, fresh or chilled (indigenous)",2021,8082
Namibia,"Meat of goat, fresh or chilled (indigenous)",2019,5058
Namibia,"Meat of goat, fresh or chilled (indigenous)",2020,4522
Namibia,"Meat of goat, fresh or chilled (indigenous)",2021,3601
Namibia,"Meat of pig with the bone, fresh or chilled (indigenous)",2019,10734
Namibia,"Meat of pig with the bone, fresh or chilled (indigenous)",2020,12172
Namibia,"Meat of pig with the bone, fresh or chilled (indigenous)",2021,9765
Namibia,"Meat of pigeons and other birds n.e.c., fresh, chilled or frozen (indigenous)",2019,2257
Namibia,"Meat of pigeons and other birds n.e.c., fresh, chilled or frozen (indigenous)",2020,2279
Namibia,"Meat of pigeons and other birds n.e.c., fresh, chilled or frozen (indigenous)",2021,2331
Namibia,"Meat of sheep, fresh or chilled (indigenous)",2019,14882
Namibia,"Meat of sheep, fresh or chilled (indigenous)",2020,12460
Namibia,"Meat of sheep, fresh or chilled (indigenous)",2021,14740
Namibia,Millet,2019,2487
Namibia,Millet,2020,24288
Namibia,Millet,2021,14757
Namibia,"Other fruits, n.e.c.",2019,9313
Namibia,"Other fruits, n.e.c.",2020,9507
Namibia,"Other fruits, n.e.c.",2021,9466
Namibia,Other pulses n.e.c.,2019,14685
Namibia,Other pulses n.e.c.,2020,15119
Namibia,Other pulses n.e.c.,2021,15021
Namibia,"Other vegetables, fresh n.e.c.",2019,12638
Namibia,"Other vegetables, fresh n.e.c.",2020,12369
Namibia,"Other vegetables, fresh n.e.c.",2021,12364
Namibia,Raw milk of cattle,2019,41491
Namibia,Raw milk of cattle,2020,38628
Namibia,Raw milk of cattle,2021,39406
Namibia,"Shorn wool, greasy, including fleece-washed shorn wool",2019,419
Namibia,"Shorn wool, greasy, including fleece-washed shorn wool",2020,412
Namibia,"Shorn wool, greasy, including fleece-washed shorn wool",2021,408
Namibia,Sorghum,2019,240
Namibia,Sorghum,2020,1705
Namibia,Sorghum,2021,1971
Namibia,Sunflower seed,2019,16
Namibia,Sunflower seed,2020,16
Namibia,Sunflower seed,2021,16
Namibia,Tomatoes,2019,2762
Namibia,Tomatoes,2020,2691
Namibia,Tomatoes,2021,2712
Namibia,Watermelons,2019,574
Namibia,Watermelons,2020,561
Namibia,Watermelons,2021,575
Namibia,Wheat,2019,2167
Namibia,Wheat,2020,4084
Namibia,Wheat,2021,4084
Nepal,"Almonds, in shell",2019,23
Nepal,"Almonds, in shell",2020,23
Nepal,"Almonds, in shell",2021,23
Nepal,Apples,2019,21037
Nepal,Apples,2020,30300
Nepal,Apples,2021,32083
Nepal,Apricots,2019,940
Nepal,Apricots,2020,871
Nepal,Apricots,2021,982
Nepal,Areca nuts,2019,3028
Nepal,Areca nuts,2020,4798
Nepal,Areca nuts,2021,7968
Nepal,Bananas,2019,74784
Nepal,Bananas,2020,68153
Nepal,Bananas,2021,85362
Nepal,Barley,2019,8130
Nepal,Barley,2020,8289
Nepal,Barley,2021,7833
Nepal,"Beans, dry",2019,10847
Nepal,"Beans, dry",2020,10649
Nepal,"Beans, dry",2021,10839
Nepal,Buckwheat,2019,4855
Nepal,Buckwheat,2020,4965
Nepal,Buckwheat,2021,6741
Nepal,"Chick peas, dry",2019,8613
Nepal,"Chick peas, dry",2020,9105
Nepal,"Chick peas, dry",2021,8928
Nepal,"Chillies and peppers, dry (Capsicum spp., Pimenta spp.), raw",2019,27171
Nepal,"Chillies and peppers, dry (Capsicum spp., Pimenta spp.), raw",2020,27518
Nepal,"Chillies and peppers, dry (Capsicum spp., Pimenta spp.), raw",2021,35490
Nepal,"Chillies and peppers, green (Capsicum spp. and Pimenta spp.)",2019,142568
Nepal,"Chillies and peppers, green (Capsicum spp. and Pimenta spp.)",2020,138262
Nepal,"Chillies and peppers, green (Capsicum spp. and Pimenta spp.)",2021,115029
Nepal,"Coconuts, in shell",2019,4131
Nepal,"Coconuts, in shell",2020,4045
Nepal,"Coconuts, in shell",2021,4041
Nepal,"Coffee, green",2019,758
Nepal,"Coffee, green",2020,425
Nepal,"Coffee, green",2021,450
Nepal,"Edible roots and tubers with high starch or inulin content, n.e.c., fresh",2019,53877
Nepal,"Edible roots and tubers with high starch or inulin content, n.e.c., fresh",2020,53610
Nepal,"Edible roots and tubers with high starch or inulin content, n.e.c., fresh",2021,54014
Nepal,"Eggs from other birds in shell, fresh, n.e.c.",2019,3316
Nepal,"Eggs from other birds in shell, fresh, n.e.c.",2020,3418
Nepal,"Eggs from other birds in shell, fresh, n.e.c.",2021,3959
Nepal,"Ginger, raw",2019,127882
Nepal,"Ginger, raw",2020,128498
Nepal,"Ginger, raw",2021,120013
Nepal,Green garlic,2019,52169
Nepal,Green garlic,2020,53589
Nepal,Green garlic,2021,53321
Nepal,"Hen eggs in shell, fresh",2019,164243
Nepal,"Hen eggs in shell, fresh",2020,171641
Nepal,"Hen eggs in shell, fresh",2021,157923
Nepal,"Jute, raw or retted",2019,4204
Nepal,"Jute, raw or retted",2020,4040
Nepal,"Jute, raw or retted",2021,4154
Nepal,Lemons and limes,2019,12900
Nepal,Lemons and limes,2020,16363
Nepal,Lemons and limes,2021,16257
Nepal,"Lentils, dry",2019,202663
Nepal,"Lentils, dry",2020,212062
Nepal,"Lentils, dry",2021,198553
Nepal,Linseed,2019,9203
Nepal,Linseed,2020,8289
Nepal,Linseed,2021,9472
Nepal,Maize (corn),2019,709653
Nepal,Maize (corn),2020,758447
Nepal,Maize (corn),2021,801793
Nepal,"Mangoes, guavas and mangosteens",2019,120307
Nepal,"Mangoes, guavas and mangosteens",2020,147877
Nepal,"Mangoes, guavas and mangosteens",2021,148062
Nepal,"Meat of buffalo, fresh or chilled (indigenous)",2019,518549
Nepal,"Meat of buffalo, fresh or chilled (indigenous)",2020,521143
Nepal,"Meat of buffalo, fresh or chilled (indigenous)",2021,517444
Nepal,"Meat of chickens, fresh or chilled (indigenous)",2019,153842
Nepal,"Meat of chickens, fresh or chilled (indigenous)",2020,636028
Nepal,"Meat of chickens, fresh or chilled (indigenous)",2021,564593
Nepal,"Meat of ducks, fresh or chilled (indigenous)",2019,1224
Nepal,"Meat of ducks, fresh or chilled (indigenous)",2020,1345
Nepal,"Meat of ducks, fresh or chilled (indigenous)",2021,1537
Nepal,"Meat of goat, fresh or chilled (indigenous)",2019,438225
Nepal,"Meat of goat, fresh or chilled (indigenous)",2020,450761
Nepal,"Meat of goat, fresh or chilled (indigenous)",2021,421737
Nepal,"Meat of pig with the bone, fresh or chilled (indigenous)",2019,71930
Nepal,"Meat of pig with the bone, fresh or chilled (indigenous)",2020,74231
Nepal,"Meat of pig with the bone, fresh or chilled (indigenous)",2021,79156
Nepal,"Meat of sheep, fresh or chilled (indigenous)",2019,11464
Nepal,"Meat of sheep, fresh or chilled (indigenous)",2020,11432
Nepal,"Meat of sheep, fresh or chilled (indigenous)",2021,12380
Nepal,Millet,2019,94199
Nepal,Millet,2020,96216
Nepal,Millet,2021,97862
Nepal,Mustard seed,2019,206472
Nepal,Mustard seed,2020,210715
Nepal,Mustard seed,2021,216813
Nepal,Natural honey,2019,16480
Nepal,Natural honey,2020,15714
Nepal,Natural honey,2021,16820
Nepal,"Nutmeg, mace, cardamoms, raw",2019,48824
Nepal,"Nutmeg, mace, cardamoms, raw",2020,58590
Nepal,"Nutmeg, mace, cardamoms, raw",2021,50880
Nepal,Oranges,2019,21060
Nepal,Oranges,2020,23753
Nepal,Oranges,2021,22881
Nepal,"Other citrus fruit, n.e.c.",2019,1757
Nepal,"Other citrus fruit, n.e.c.",2020,3229
Nepal,"Other citrus fruit, n.e.c.",2021,5306
Nepal,"Other fruits, n.e.c.",2019,117070
Nepal,"Other fruits, n.e.c.",2020,106965
Nepal,"Other fruits, n.e.c.",2021,117240
Nepal,"Other oil seeds, n.e.c.",2019,49736
Nepal,"Other oil seeds, n.e.c.",2020,43955
Nepal,"Other oil seeds, n.e.c.",2021,44710
Nepal,Other pulses n.e.c.,2019,59619
Nepal,Other pulses n.e.c.,2020,64967
Nepal,Other pulses n.e.c.,2021,74418
Nepal,"Other stimulant, spice and aromatic crops, n.e.c.",2019,7759
Nepal,"Other stimulant, spice and aromatic crops, n.e.c.",2020,7605
Nepal,"Other stimulant, spice and aromatic crops, n.e.c.",2021,7657
Nepal,"Other vegetables, fresh n.e.c.",2019,1512440
Nepal,"Other vegetables, fresh n.e.c.",2020,1469234
Nepal,"Other vegetables, fresh n.e.c.",2021,1480648
Nepal,Papayas,2019,4795
Nepal,Papayas,2020,5655
Nepal,Papayas,2021,5234
Nepal,Peaches and nectarines,2019,3061
Nepal,Peaches and nectarines,2020,2914
Nepal,Peaches and nectarines,2021,2674
Nepal,Pears,2019,7560
Nepal,Pears,2020,5398
Nepal,Pears,2021,6542
Nepal,Persimmons,2019,793
Nepal,Persimmons,2020,662
Nepal,Persimmons,2021,764
Nepal,"Pigeon peas, dry",2019,13170
Nepal,"Pigeon peas, dry",2020,13588
Nepal,"Pigeon peas, dry",2021,13258
Nepal,Pineapples,2019,6222
Nepal,Pineapples,2020,6494
Nepal,Pineapples,2021,6279
Nepal,Plums and sloes,2019,2545
Nepal,Plums and sloes,2020,2879
Nepal,Plums and sloes,2021,2486
Nepal,Potatoes,2019,874232
Nepal,Potatoes,2020,879535
Nepal,Potatoes,2021,933849
Nepal,Raw milk of buffalo,2019,671694
Nepal,Raw milk of buffalo,2020,675458
Nepal,Raw milk of buffalo,2021,694447
Nepal,Raw milk of cattle,2019,365125
Nepal,Raw milk of cattle,2020,422437
Nepal,Raw milk of cattle,2021,486733
Nepal,Raw milk of goats,2019,56626
Nepal,Raw milk of goats,2020,57741
Nepal,Raw milk of goats,2021,59530
Nepal,Raw milk of sheep,2019,7768
Nepal,Raw milk of sheep,2020,7842
Nepal,Raw milk of sheep,2021,7776
Nepal,Rice,2019,1442486
Nepal,Rice,2020,1460893
Nepal,Rice,2021,1333277
Nepal,"Seed cotton, unginned",2019,32
Nepal,"Seed cotton, unginned",2020,32
Nepal,"Seed cotton, unginned",2021,32
Nepal,"Shorn wool, greasy, including fleece-washed shorn wool",2019,937
Nepal,"Shorn wool, greasy, including fleece-washed shorn wool",2020,942
Nepal,"Shorn wool, greasy, including fleece-washed shorn wool",2021,929
Nepal,Soya beans,2019,27929
Nepal,Soya beans,2020,30563
Nepal,Soya beans,2021,27116
Nepal,Sugar cane,2019,168091
Nepal,Sugar cane,2020,160638
Nepal,Sugar cane,2021,150423
Nepal,Tea leaves,2019,47624
Nepal,Tea leaves,2020,51780
Nepal,Tea leaves,2021,51217
Nepal,Unmanufactured tobacco,2019,1603
Nepal,Unmanufactured tobacco,2020,1925
Nepal,Unmanufactured tobacco,2021,1812
Nepal,"Walnuts, in shell",2019,10961
Nepal,"Walnuts, in shell",2020,12331
Nepal,"Walnuts, in shell",2021,11108
Nepal,Wheat,2019,534210
Nepal,Wheat,2020,582053
Nepal,Wheat,2021,566602
New Caledonia,"Cassava, fresh",2019,2235
New Caledonia,"Cassava, fresh",2020,2184
New Caledonia,"Cassava, fresh",2021,2155
New Caledonia,"Coconuts, in shell",2019,14372
New Caledonia,"Coconuts, in shell",2020,14372
New Caledonia,"Coconuts, in shell",2021,14372
New Caledonia,"Coffee, green",2019,19
New Caledonia,"Coffee, green",2020,19
New Caledonia,"Coffee, green",2021,18
New Caledonia,Eggplants (aubergines),2019,334
New Caledonia,Eggplants (aubergines),2020,453
New Caledonia,Eggplants (aubergines),2021,283
New Caledonia,"Hen eggs in shell, fresh",2019,10283
New Caledonia,"Hen eggs in shell, fresh",2020,11213
New Caledonia,"Hen eggs in shell, fresh",2021,11349
New Caledonia,Lemons and limes,2019,3065
New Caledonia,Lemons and limes,2020,3168
New Caledonia,Lemons and limes,2021,3059
New Caledonia,Maize (corn),2019,4508
New Caledonia,Maize (corn),2020,5135
New Caledonia,Maize (corn),2021,3782
New Caledonia,"Mangoes, guavas and mangosteens",2019,3045
New Caledonia,"Mangoes, guavas and mangosteens",2020,3136
New Caledonia,"Mangoes, guavas and mangosteens",2021,3134
New Caledonia,Natural honey,2019,2551
New Caledonia,Natural honey,2020,2944
New Caledonia,Natural honey,2021,2711
New Caledonia,Oranges,2019,3253
New Caledonia,Oranges,2020,3148
New Caledonia,Oranges,2021,2652
New Caledonia,"Other fruits, n.e.c.",2019,22811
New Caledonia,"Other fruits, n.e.c.",2020,22713
New Caledonia,"Other fruits, n.e.c.",2021,22204
New Caledonia,Other pulses n.e.c.,2019,17
New Caledonia,Other pulses n.e.c.,2020,13
New Caledonia,Other pulses n.e.c.,2021,0
New Caledonia,"Other vegetables, fresh n.e.c.",2019,24320
New Caledonia,"Other vegetables, fresh n.e.c.",2020,21864
New Caledonia,"Other vegetables, fresh n.e.c.",2021,17383
New Caledonia,Potatoes,2019,2176
New Caledonia,Potatoes,2020,2291
New Caledonia,Potatoes,2021,1982
New Caledonia,Raw milk of cattle,2019,501
New Caledonia,Raw milk of cattle,2020,565
New Caledonia,Raw milk of cattle,2021,548
New Caledonia,Sweet potatoes,2019,2062
New Caledonia,Sweet potatoes,2020,2385
New Caledonia,Sweet potatoes,2021,1872
New Caledonia,Taro,2019,2143
New Caledonia,Taro,2020,2176
New Caledonia,Taro,2021,2270
New Caledonia,Watermelons,2019,1236
New Caledonia,Watermelons,2020,1514
New Caledonia,Watermelons,2021,950
New Caledonia,Yams,2019,11594
New Caledonia,Yams,2020,11827
New Caledonia,Yams,2021,11746
New Zealand,Apples,2019,307289
New Zealand,Apples,2020,313120
New Zealand,Apples,2021,317692
New Zealand,Apricots,2019,7909
New Zealand,Apricots,2020,7629
New Zealand,Apricots,2021,7621
New Zealand,Asparagus,2019,4954
New Zealand,Asparagus,2020,4028
New Zealand,Asparagus,2021,4021
New Zealand,Avocados,2019,72714
New Zealand,Avocados,2020,80994
New Zealand,Avocados,2021,83334
New Zealand,Barley,2019,102377
New Zealand,Barley,2020,90106
New Zealand,Barley,2021,86742
New Zealand,Blueberries,2019,32104
New Zealand,Blueberries,2020,32342
New Zealand,Blueberries,2021,32309
New Zealand,"Broad beans and horse beans, green",2019,629
New Zealand,"Broad beans and horse beans, green",2020,640
New Zealand,"Broad beans and horse beans, green",2021,637
New Zealand,Cabbages,2019,52547
New Zealand,Cabbages,2020,47085
New Zealand,Cabbages,2021,48313
New Zealand,Cantaloupes and other melons,2019,1891
New Zealand,Cantaloupes and other melons,2020,1963
New Zealand,Cantaloupes and other melons,2021,1933
New Zealand,Carrots and turnips,2019,38274
New Zealand,Carrots and turnips,2020,38170
New Zealand,Carrots and turnips,2021,38657
New Zealand,Cauliflowers and broccoli,2019,30666
New Zealand,Cauliflowers and broccoli,2020,26797
New Zealand,Cauliflowers and broccoli,2021,26974
New Zealand,Cereals n.e.c.,2019,4773
New Zealand,Cereals n.e.c.,2020,4850
New Zealand,Cereals n.e.c.,2021,4224
New Zealand,Cherries,2019,21948
New Zealand,Cherries,2020,25606
New Zealand,Cherries,2021,26774
New Zealand,"Chillies and peppers, green (Capsicum spp. and Pimenta spp.)",2019,5266
New Zealand,"Chillies and peppers, green (Capsicum spp. and Pimenta spp.)",2020,5195
New Zealand,"Chillies and peppers, green (Capsicum spp. and Pimenta spp.)",2021,3771
New Zealand,Currants,2019,6397
New Zealand,Currants,2020,4831
New Zealand,Currants,2021,4902
New Zealand,"Eggs from other birds in shell, fresh, n.e.c.",2019,5442
New Zealand,"Eggs from other birds in shell, fresh, n.e.c.",2020,5442
New Zealand,"Eggs from other birds in shell, fresh, n.e.c.",2021,5442
New Zealand,"Game meat, fresh, chilled or frozen",2019,56155
New Zealand,"Game meat, fresh, chilled or frozen",2020,53767
New Zealand,"Game meat, fresh, chilled or frozen",2021,53788
New Zealand,Gooseberries,2019,5
New Zealand,Gooseberries,2020,5
New Zealand,Gooseberries,2021,5
New Zealand,Grapes,2019,574602
New Zealand,Grapes,2020,635818
New Zealand,Grapes,2021,514776
New Zealand,Green corn (maize),2019,3430
New Zealand,Green corn (maize),2020,2949
New Zealand,Green corn (maize),2021,2958
New Zealand,Green garlic,2019,20438
New Zealand,Green garlic,2020,20940
New Zealand,Green garlic,2021,20810
New Zealand,"Hen eggs in shell, fresh",2019,155754
New Zealand,"Hen eggs in shell, fresh",2020,169175
New Zealand,"Hen eggs in shell, fresh",2021,168731
New Zealand,Hop cones,2019,9243
New Zealand,Hop cones,2020,9323
New Zealand,Hop cones,2021,9476
New Zealand,Kiwi fruit,2019,792499
New Zealand,Kiwi fruit,2020,847721
New Zealand,Kiwi fruit,2021,909445
New Zealand,Leeks and other alliaceous vegetables,2019,4001
New Zealand,Leeks and other alliaceous vegetables,2020,4032
New Zealand,Leeks and other alliaceous vegetables,2021,4068
New Zealand,Lemons and limes,2019,5975
New Zealand,Lemons and limes,2020,5766
New Zealand,Lemons and limes,2021,5868
New Zealand,"Lentils, dry",2019,1657
New Zealand,"Lentils, dry",2020,1672
New Zealand,"Lentils, dry",2021,1692
New Zealand,Lettuce and chicory,2019,29333
New Zealand,Lettuce and chicory,2020,30870
New Zealand,Lettuce and chicory,2021,30915
New Zealand,Linseed,2019,1203
New Zealand,Linseed,2020,1219
New Zealand,Linseed,2021,1218
New Zealand,Maize (corn),2019,60421
New Zealand,Maize (corn),2020,58615
New Zealand,Maize (corn),2021,64530
New Zealand,"Meat of cattle with the bone, fresh or chilled (indigenous)",2019,2265733
New Zealand,"Meat of cattle with the bone, fresh or chilled (indigenous)",2020,2309450
New Zealand,"Meat of cattle with the bone, fresh or chilled (indigenous)",2021,2398220
New Zealand,"Meat of chickens, fresh or chilled (indigenous)",2019,428064
New Zealand,"Meat of chickens, fresh or chilled (indigenous)",2020,411981
New Zealand,"Meat of chickens, fresh or chilled (indigenous)",2021,425644
New Zealand,"Meat of ducks, fresh or chilled (indigenous)",2019,1655
New Zealand,"Meat of ducks, fresh or chilled (indigenous)",2020,1653
New Zealand,"Meat of ducks, fresh or chilled (indigenous)",2021,1637
New Zealand,"Meat of geese, fresh or chilled (indigenous)",2019,323
New Zealand,"Meat of geese, fresh or chilled (indigenous)",2020,326
New Zealand,"Meat of geese, fresh or chilled (indigenous)",2021,330
New Zealand,"Meat of goat, fresh or chilled (indigenous)",2019,5487
New Zealand,"Meat of goat, fresh or chilled (indigenous)",2020,5970
New Zealand,"Meat of goat, fresh or chilled (indigenous)",2021,6060
New Zealand,"Meat of pig with the bone, fresh or chilled (indigenous)",2019,137094
New Zealand,"Meat of pig with the bone, fresh or chilled (indigenous)",2020,135723
New Zealand,"Meat of pig with the bone, fresh or chilled (indigenous)",2021,134698
New Zealand,"Meat of sheep, fresh or chilled (indigenous)",2019,1450083
New Zealand,"Meat of sheep, fresh or chilled (indigenous)",2020,1484594
New Zealand,"Meat of sheep, fresh or chilled (indigenous)",2021,1427745
New Zealand,"Meat of turkeys, fresh or chilled (indigenous)",2019,2197
New Zealand,"Meat of turkeys, fresh or chilled (indigenous)",2020,2219
New Zealand,"Meat of turkeys, fresh or chilled (indigenous)",2021,2230
New Zealand,Mushrooms and truffles,2019,4538
New Zealand,Mushrooms and truffles,2020,5363
New Zealand,Mushrooms and truffles,2021,5238
New Zealand,Natural honey,2019,109658
New Zealand,Natural honey,2020,128729
New Zealand,Natural honey,2021,97739
New Zealand,Oats,2019,8454
New Zealand,Oats,2020,7332
New Zealand,Oats,2021,7818
New Zealand,Oranges,2019,2788
New Zealand,Oranges,2020,2812
New Zealand,Oranges,2021,2846
New Zealand,"Other beans, green",2019,1506
New Zealand,"Other beans, green",2020,1642
New Zealand,"Other beans, green",2021,1708
New Zealand,Other berries and fruits of the genus vaccinium n.e.c.,2019,20518
New Zealand,Other berries and fruits of the genus vaccinium n.e.c.,2020,20595
New Zealand,Other berries and fruits of the genus vaccinium n.e.c.,2021,20669
New Zealand,"Other citrus fruit, n.e.c.",2019,8760
New Zealand,"Other citrus fruit, n.e.c.",2020,8767
New Zealand,"Other citrus fruit, n.e.c.",2021,8776
New Zealand,"Other fibre crops, raw, n.e.c.",2019,8498
New Zealand,"Other fibre crops, raw, n.e.c.",2020,8419
New Zealand,"Other fibre crops, raw, n.e.c.",2021,8925
New Zealand,"Other fruits, n.e.c.",2019,11760
New Zealand,"Other fruits, n.e.c.",2020,11867
New Zealand,"Other fruits, n.e.c.",2021,11966
New Zealand,Other stone fruits,2019,2719
New Zealand,Other stone fruits,2020,2704
New Zealand,Other stone fruits,2021,2721
New Zealand,"Other tropical fruits, n.e.c.",2019,4830
New Zealand,"Other tropical fruits, n.e.c.",2020,4856
New Zealand,"Other tropical fruits, n.e.c.",2021,4636
New Zealand,"Other vegetables, fresh n.e.c.",2019,372776
New Zealand,"Other vegetables, fresh n.e.c.",2020,377538
New Zealand,"Other vegetables, fresh n.e.c.",2021,382095
New Zealand,Peaches and nectarines,2019,173
New Zealand,Peaches and nectarines,2020,228
New Zealand,Peaches and nectarines,2021,189
New Zealand,Pears,2019,11097
New Zealand,Pears,2020,10288
New Zealand,Pears,2021,10421
New Zealand,"Peas, dry",2019,12819
New Zealand,"Peas, dry",2020,12775
New Zealand,"Peas, dry",2021,12694
New Zealand,"Peas, green",2019,8972
New Zealand,"Peas, green",2020,8024
New Zealand,"Peas, green",2021,8059
New Zealand,Persimmons,2019,3950
New Zealand,Persimmons,2020,3383
New Zealand,Persimmons,2021,3441
New Zealand,Plums and sloes,2019,4452
New Zealand,Plums and sloes,2020,4911
New Zealand,Plums and sloes,2021,4931
New Zealand,Pomelos and grapefruits,2019,298
New Zealand,Pomelos and grapefruits,2020,385
New Zealand,Pomelos and grapefruits,2021,387
New Zealand,Potatoes,2019,159488
New Zealand,Potatoes,2020,169709
New Zealand,Potatoes,2021,171295
New Zealand,"Pumpkins, squash and gourds",2019,58286
New Zealand,"Pumpkins, squash and gourds",2020,59600
New Zealand,"Pumpkins, squash and gourds",2021,57974
New Zealand,Quinces,2019,923
New Zealand,Quinces,2020,906
New Zealand,Quinces,2021,912
New Zealand,Rape or colza seed,2019,697
New Zealand,Rape or colza seed,2020,682
New Zealand,Rape or colza seed,2021,677
New Zealand,Raspberries,2019,98
New Zealand,Raspberries,2020,83
New Zealand,Raspberries,2021,66
New Zealand,Raw milk of cattle,2019,7901972
New Zealand,Raw milk of cattle,2020,7932852
New Zealand,Raw milk of cattle,2021,7938318
New Zealand,"Shorn wool, greasy, including fleece-washed shorn wool",2019,494855
New Zealand,"Shorn wool, greasy, including fleece-washed shorn wool",2020,493713
New Zealand,"Shorn wool, greasy, including fleece-washed shorn wool",2021,477575
New Zealand,Spinach,2019,1035
New Zealand,Spinach,2020,1039
New Zealand,Spinach,2021,1018
New Zealand,Strawberries,2019,12587
New Zealand,Strawberries,2020,11127
New Zealand,Strawberries,2021,9733
New Zealand,Sweet potatoes,2019,16630
New Zealand,Sweet potatoes,2020,16405
New Zealand,Sweet potatoes,2021,16705
New Zealand,"Tangerines, mandarins, clementines",2019,394
New Zealand,"Tangerines, mandarins, clementines",2020,511
New Zealand,"Tangerines, mandarins, clementines",2021,914
New Zealand,Tomatoes,2019,52807
New Zealand,Tomatoes,2020,40352
New Zealand,Tomatoes,2021,50908
New Zealand,Watermelons,2019,1262
New Zealand,Watermelons,2020,1251
New Zealand,Watermelons,2021,1271
New Zealand,Wheat,2019,108523
New Zealand,Wheat,2020,123696
New Zealand,Wheat,2021,115268
Nicaragua,"Agave fibres, raw, n.e.c.",2019,620
Nicaragua,"Agave fibres, raw, n.e.c.",2020,617
Nicaragua,"Agave fibres, raw, n.e.c.",2021,639
Nicaragua,Bananas,2019,23796
Nicaragua,Bananas,2020,24725
Nicaragua,Bananas,2021,25020
Nicaragua,"Beans, dry",2019,148477
Nicaragua,"Beans, dry",2020,158945
Nicaragua,"Beans, dry",2021,163565
Nicaragua,Cabbages,2019,6265
Nicaragua,Cabbages,2020,6497
Nicaragua,Cabbages,2021,6315
Nicaragua,"Cassava, fresh",2019,48798
Nicaragua,"Cassava, fresh",2020,50016
Nicaragua,"Cassava, fresh",2021,59751
Nicaragua,Cocoa beans,2019,11791
Nicaragua,Cocoa beans,2020,12047
Nicaragua,Cocoa beans,2021,12861
Nicaragua,"Coconuts, in shell",2019,649
Nicaragua,"Coconuts, in shell",2020,541
Nicaragua,"Coconuts, in shell",2021,541
Nicaragua,"Coffee, green",2019,287873
Nicaragua,"Coffee, green",2020,283301
Nicaragua,"Coffee, green",2021,303755
Nicaragua,"Edible roots and tubers with high starch or inulin content, n.e.c., fresh",2019,2758
Nicaragua,"Edible roots and tubers with high starch or inulin content, n.e.c., fresh",2020,2913
Nicaragua,"Edible roots and tubers with high starch or inulin content, n.e.c., fresh",2021,2937
Nicaragua,"Groundnuts, excluding shelled",2019,92011
Nicaragua,"Groundnuts, excluding shelled",2020,109164
Nicaragua,"Groundnuts, excluding shelled",2021,121267
Nicaragua,"Hen eggs in shell, fresh",2019,72558
Nicaragua,"Hen eggs in shell, fresh",2020,76099
Nicaragua,"Hen eggs in shell, fresh",2021,72442
Nicaragua,"Horse meat, fresh or chilled (indigenous)",2019,3385
Nicaragua,"Horse meat, fresh or chilled (indigenous)",2020,3390
Nicaragua,"Horse meat, fresh or chilled (indigenous)",2021,3751
Nicaragua,Maize (corn),2019,123859
Nicaragua,Maize (corn),2020,114883
Nicaragua,Maize (corn),2021,116300
Nicaragua,"Meat of cattle with the bone, fresh or chilled (indigenous)",2019,321986
Nicaragua,"Meat of cattle with the bone, fresh or chilled (indigenous)",2020,331518
Nicaragua,"Meat of cattle with the bone, fresh or chilled (indigenous)",2021,362925
Nicaragua,"Meat of chickens, fresh or chilled (indigenous)",2019,201551
Nicaragua,"Meat of chickens, fresh or chilled (indigenous)",2020,199914
Nicaragua,"Meat of chickens, fresh or chilled (indigenous)",2021,201685
Nicaragua,"Meat of goat, fresh or chilled (indigenous)",2019,61
Nicaragua,"Meat of goat, fresh or chilled (indigenous)",2020,62
Nicaragua,"Meat of goat, fresh or chilled (indigenous)",2021,62
Nicaragua,"Meat of pig with the bone, fresh or chilled (indigenous)",2019,23835
Nicaragua,"Meat of pig with the bone, fresh or chilled (indigenous)",2020,23401
Nicaragua,"Meat of pig with the bone, fresh or chilled (indigenous)",2021,25485
Nicaragua,"Meat of sheep, fresh or chilled (indigenous)",2019,41
Nicaragua,"Meat of sheep, fresh or chilled (indigenous)",2020,41
Nicaragua,"Meat of sheep, fresh or chilled (indigenous)",2021,42
Nicaragua,Natural honey,2019,282
Nicaragua,Natural honey,2020,315
Nicaragua,Natural honey,2021,378
Nicaragua,Oil palm fruit,2019,48586
Nicaragua,Oil palm fruit,2020,56061
Nicaragua,Oil palm fruit,2021,58397
Nicaragua,"Onions and shallots, dry (excluding dehydrated)",2019,13263
Nicaragua,"Onions and shallots, dry (excluding dehydrated)",2020,9246
Nicaragua,"Onions and shallots, dry (excluding dehydrated)",2021,10136
Nicaragua,Oranges,2019,1866
Nicaragua,Oranges,2020,1882
Nicaragua,Oranges,2021,1919
Nicaragua,"Other fruits, n.e.c.",2019,2391
Nicaragua,"Other fruits, n.e.c.",2020,2420
Nicaragua,"Other fruits, n.e.c.",2021,2391
Nicaragua,"Other vegetables, fresh n.e.c.",2019,817
Nicaragua,"Other vegetables, fresh n.e.c.",2020,828
Nicaragua,"Other vegetables, fresh n.e.c.",2021,816
Nicaragua,Pineapples,2019,9693
Nicaragua,Pineapples,2020,9499
Nicaragua,Pineapples,2021,9565
Nicaragua,Plantains and cooking bananas,2019,76829
Nicaragua,Plantains and cooking bananas,2020,81878
Nicaragua,Plantains and cooking bananas,2021,85975
Nicaragua,Potatoes,2019,43868
Nicaragua,Potatoes,2020,45154
Nicaragua,Potatoes,2021,50989
Nicaragua,Raw milk of cattle,2019,565955
Nicaragua,Raw milk of cattle,2020,601148
Nicaragua,Raw milk of cattle,2021,614179
Nicaragua,Rice,2019,167974
Nicaragua,Rice,2020,171085
Nicaragua,Rice,2021,176478
Nicaragua,"Seed cotton, unginned",2019,3414
Nicaragua,"Seed cotton, unginned",2020,3414
Nicaragua,"Seed cotton, unginned",2021,3432
Nicaragua,Sesame seed,2019,4062
Nicaragua,Sesame seed,2020,4080
Nicaragua,Sesame seed,2021,4313
Nicaragua,Sorghum,2019,18358
Nicaragua,Sorghum,2020,18330
Nicaragua,Sorghum,2021,18111
Nicaragua,Soya beans,2019,9251
Nicaragua,Soya beans,2020,9251
Nicaragua,Soya beans,2021,9251
Nicaragua,Sugar cane,2019,179915
Nicaragua,Sugar cane,2020,178634
Nicaragua,Sugar cane,2021,174480
Nicaragua,Tomatoes,2019,52980
Nicaragua,Tomatoes,2020,55322
Nicaragua,Tomatoes,2021,55902
Nicaragua,Unmanufactured tobacco,2019,21070
Nicaragua,Unmanufactured tobacco,2020,34618
Nicaragua,Unmanufactured tobacco,2021,34618
Niger,"Bambara beans, dry",2019,23448
Niger,"Bambara beans, dry",2020,29081
Niger,"Bambara beans, dry",2021,21555
Niger,"Beans, dry",2019,7947
Niger,"Beans, dry",2020,7949
Niger,"Beans, dry",2021,8013
Niger,"Broad beans and horse beans, green",2019,1845
Niger,"Broad beans and horse beans, green",2020,1876
Niger,"Broad beans and horse beans, green",2021,1845
Niger,Cabbages,2019,224006
Niger,Cabbages,2020,297254
Niger,Cabbages,2021,284600
Niger,Carrots and turnips,2019,53943
Niger,Carrots and turnips,2020,69051
Niger,Carrots and turnips,2021,73255
Niger,"Cassava, fresh",2019,161876
Niger,"Cassava, fresh",2020,207434
Niger,"Cassava, fresh",2021,117926
Niger,Cereals n.e.c.,2019,406
Niger,Cereals n.e.c.,2020,399
Niger,Cereals n.e.c.,2021,411
Niger,"Chick peas, dry",2019,52
Niger,"Chick peas, dry",2020,53
Niger,"Chick peas, dry",2021,54
Niger,"Chillies and peppers, dry (Capsicum spp., Pimenta spp.), raw",2019,47208
Niger,"Chillies and peppers, dry (Capsicum spp., Pimenta spp.), raw",2020,64526
Niger,"Chillies and peppers, dry (Capsicum spp., Pimenta spp.), raw",2021,62494
Niger,"Chillies and peppers, green (Capsicum spp. and Pimenta spp.)",2019,789921
Niger,"Chillies and peppers, green (Capsicum spp. and Pimenta spp.)",2020,725257
Niger,"Chillies and peppers, green (Capsicum spp. and Pimenta spp.)",2021,811434
Niger,"Cow peas, dry",2019,376335
Niger,"Cow peas, dry",2020,414656
Niger,"Cow peas, dry",2021,261122
Niger,Cucumbers and gherkins,2019,338
Niger,Cucumbers and gherkins,2020,643
Niger,Cucumbers and gherkins,2021,1216
Niger,Dates,2019,17745
Niger,Dates,2020,18775
Niger,Dates,2021,18330
Niger,Eggplants (aubergines),2019,6167
Niger,Eggplants (aubergines),2020,9149
Niger,Eggplants (aubergines),2021,8878
Niger,Fonio,2019,5261
Niger,Fonio,2020,4936
Niger,Fonio,2021,3494
Niger,"Game meat, fresh, chilled or frozen",2019,75761
Niger,"Game meat, fresh, chilled or frozen",2020,78244
Niger,"Game meat, fresh, chilled or frozen",2021,77499
Niger,Green garlic,2019,12945
Niger,Green garlic,2020,21395
Niger,Green garlic,2021,26340
Niger,"Groundnuts, excluding shelled",2019,422600
Niger,"Groundnuts, excluding shelled",2020,461226
Niger,"Groundnuts, excluding shelled",2021,403047
Niger,"Hen eggs in shell, fresh",2019,24349
Niger,"Hen eggs in shell, fresh",2020,24782
Niger,"Hen eggs in shell, fresh",2021,24874
Niger,"Horse meat, fresh or chilled (indigenous)",2019,1336
Niger,"Horse meat, fresh or chilled (indigenous)",2020,1147
Niger,"Horse meat, fresh or chilled (indigenous)",2021,1335
Niger,Leeks and other alliaceous vegetables,2019,2355
Niger,Leeks and other alliaceous vegetables,2020,2378
Niger,Leeks and other alliaceous vegetables,2021,2355
Niger,Lettuce and chicory,2019,19859
Niger,Lettuce and chicory,2020,28571
Niger,Lettuce and chicory,2021,28026
Niger,Maize (corn),2019,16826
Niger,Maize (corn),2020,2850
Niger,Maize (corn),2021,2522
Niger,"Mangoes, guavas and mangosteens",2019,104978
Niger,"Mangoes, guavas and mangosteens",2020,102818
Niger,"Mangoes, guavas and mangosteens",2021,103601
Niger,"Meat of asses, fresh or chilled (indigenous)",2019,5958
Niger,"Meat of asses, fresh or chilled (indigenous)",2020,6203
Niger,"Meat of asses, fresh or chilled (indigenous)",2021,6444
Niger,"Meat of camels, fresh or chilled (indigenous)",2019,34104
Niger,"Meat of camels, fresh or chilled (indigenous)",2020,39051
Niger,"Meat of camels, fresh or chilled (indigenous)",2021,43637
Niger,"Meat of cattle with the bone, fresh or chilled (indigenous)",2019,182887
Niger,"Meat of cattle with the bone, fresh or chilled (indigenous)",2020,201792
Niger,"Meat of cattle with the bone, fresh or chilled (indigenous)",2021,226929
Niger,"Meat of chickens, fresh or chilled (indigenous)",2019,102759
Niger,"Meat of chickens, fresh or chilled (indigenous)",2020,105792
Niger,"Meat of chickens, fresh or chilled (indigenous)",2021,105858
Niger,"Meat of goat, fresh or chilled (indigenous)",2019,92764
Niger,"Meat of goat, fresh or chilled (indigenous)",2020,95372
Niger,"Meat of goat, fresh or chilled (indigenous)",2021,92219
Niger,"Meat of pig with the bone, fresh or chilled (indigenous)",2019,4250
Niger,"Meat of pig with the bone, fresh or chilled (indigenous)",2020,4252
Niger,"Meat of pig with the bone, fresh or chilled (indigenous)",2021,4261
Niger,"Meat of sheep, fresh or chilled (indigenous)",2019,74281
Niger,"Meat of sheep, fresh or chilled (indigenous)",2020,78064
Niger,"Meat of sheep, fresh or chilled (indigenous)",2021,72640
Niger,Millet,2019,1507377
Niger,Millet,2020,1617281
Niger,Millet,2021,989434
Niger,"Onions and shallots, dry (excluding dehydrated)",2019,296163
Niger,"Onions and shallots, dry (excluding dehydrated)",2020,295546
Niger,"Onions and shallots, dry (excluding dehydrated)",2021,319495
Niger,"Other beans, green",2019,17998
Niger,"Other beans, green",2020,17767
Niger,"Other beans, green",2021,18876
Niger,Other pulses n.e.c.,2019,3880
Niger,Other pulses n.e.c.,2020,3922
Niger,Other pulses n.e.c.,2021,3874
Niger,"Other stimulant, spice and aromatic crops, n.e.c.",2019,709
Niger,"Other stimulant, spice and aromatic crops, n.e.c.",2020,710
Niger,"Other stimulant, spice and aromatic crops, n.e.c.",2021,715
Niger,"Peas, dry",2019,117
Niger,"Peas, dry",2020,117
Niger,"Peas, dry",2021,115
Niger,"Pepper (Piper spp.), raw",2019,2388
Niger,"Pepper (Piper spp.), raw",2020,3205
Niger,"Pepper (Piper spp.), raw",2021,3342
Niger,Potatoes,2019,179037
Niger,Potatoes,2020,212647
Niger,Potatoes,2021,306401
Niger,"Pumpkins, squash and gourds",2019,51728
Niger,"Pumpkins, squash and gourds",2020,69122
Niger,"Pumpkins, squash and gourds",2021,70217
Niger,Raw milk of camel,2019,54917
Niger,Raw milk of camel,2020,55631
Niger,Raw milk of camel,2021,52399
Niger,Raw milk of cattle,2019,306531
Niger,Raw milk of cattle,2020,324923
Niger,Raw milk of cattle,2021,331698
Niger,Raw milk of goats,2019,178988
Niger,Raw milk of goats,2020,186147
Niger,Raw milk of goats,2021,179080
Niger,Raw milk of sheep,2019,86246
Niger,Raw milk of sheep,2020,89265
Niger,Raw milk of sheep,2021,77269
Niger,Rice,2019,92502
Niger,Rice,2020,87366
Niger,Rice,2021,101800
Niger,"Seed cotton, unginned",2019,2643
Niger,"Seed cotton, unginned",2020,2591
Niger,"Seed cotton, unginned",2021,2580
Niger,Sesame seed,2019,66379
Niger,Sesame seed,2020,59918
Niger,Sesame seed,2021,57531
Niger,Sorghum,2019,798626
Niger,Sorghum,2020,897855
Niger,Sorghum,2021,508337
Niger,Sugar cane,2019,51184
Niger,Sugar cane,2020,69753
Niger,Sugar cane,2021,104288
Niger,Sweet potatoes,2019,56774
Niger,Sweet potatoes,2020,68804
Niger,Sweet potatoes,2021,74349
Niger,Tomatoes,2019,284426
Niger,Tomatoes,2020,305656
Niger,Tomatoes,2021,351630
Niger,Unmanufactured tobacco,2019,1098
Niger,Unmanufactured tobacco,2020,623
Niger,Unmanufactured tobacco,2021,630
Niger,Wheat,2019,2691
Niger,Wheat,2020,3019
Niger,Wheat,2021,2993
Nigeria,Carrots and turnips,2019,74965
Nigeria,Carrots and turnips,2020,75018
Nigeria,Carrots and turnips,2021,75161
Nigeria,"Cashew nuts, in shell",2019,32853
Nigeria,"Cashew nuts, in shell",2020,29751
Nigeria,"Cashew nuts, in shell",2021,29131
Nigeria,"Cassava, fresh",2019,8248361
Nigeria,"Cassava, fresh",2020,8045146
Nigeria,"Cassava, fresh",2021,8432000
Nigeria,"Chillies and peppers, dry (Capsicum spp., Pimenta spp.), raw",2019,22800
Nigeria,"Chillies and peppers, dry (Capsicum spp., Pimenta spp.), raw",2020,22845
Nigeria,"Chillies and peppers, dry (Capsicum spp., Pimenta spp.), raw",2021,23214
Nigeria,"Chillies and peppers, green (Capsicum spp. and Pimenta spp.)",2019,590976
Nigeria,"Chillies and peppers, green (Capsicum spp. and Pimenta spp.)",2020,593222
Nigeria,"Chillies and peppers, green (Capsicum spp. and Pimenta spp.)",2021,597080
Nigeria,Cocoa beans,2019,77410
Nigeria,Cocoa beans,2020,110730
Nigeria,Cocoa beans,2021,86699
Nigeria,"Coconuts, in shell",2019,67139
Nigeria,"Coconuts, in shell",2020,66259
Nigeria,"Coconuts, in shell",2021,66259
Nigeria,"Coffee, green",2019,573
Nigeria,"Coffee, green",2020,559
Nigeria,"Coffee, green",2021,557
Nigeria,"Cow peas, dry",2019,1131866
Nigeria,"Cow peas, dry",2020,1150841
Nigeria,"Cow peas, dry",2021,1173187
Nigeria,Fonio,2019,20431
Nigeria,Fonio,2020,20327
Nigeria,Fonio,2021,20221
Nigeria,"Game meat, fresh, chilled or frozen",2019,569884
Nigeria,"Game meat, fresh, chilled or frozen",2020,577289
Nigeria,"Game meat, fresh, chilled or frozen",2021,590252
Nigeria,"Ginger, raw",2019,376387
Nigeria,"Ginger, raw",2020,377689
Nigeria,"Ginger, raw",2021,391940
Nigeria,Green corn (maize),2019,498755
Nigeria,Green corn (maize),2020,502028
Nigeria,Green corn (maize),2021,509053
Nigeria,"Groundnuts, excluding shelled",2019,968573
Nigeria,"Groundnuts, excluding shelled",2020,940458
Nigeria,"Groundnuts, excluding shelled",2021,939782
Nigeria,"Hen eggs in shell, fresh",2019,673300
Nigeria,"Hen eggs in shell, fresh",2020,673300
Nigeria,"Hen eggs in shell, fresh",2021,673300
Nigeria,Karite nuts (sheanuts),2019,136423
Nigeria,Karite nuts (sheanuts),2020,137285
Nigeria,Karite nuts (sheanuts),2021,134261
Nigeria,Kola nuts,2019,118143
Nigeria,Kola nuts,2020,119021
Nigeria,Kola nuts,2021,119414
Nigeria,Maize (corn),2019,4387030
Nigeria,Maize (corn),2020,4318905
Nigeria,Maize (corn),2021,4437695
Nigeria,"Mangoes, guavas and mangosteens",2019,135066
Nigeria,"Mangoes, guavas and mangosteens",2020,136954
Nigeria,"Mangoes, guavas and mangosteens",2021,137499
Nigeria,"Meat of cattle with the bone, fresh or chilled (indigenous)",2019,838620
Nigeria,"Meat of cattle with the bone, fresh or chilled (indigenous)",2020,853471
Nigeria,"Meat of cattle with the bone, fresh or chilled (indigenous)",2021,849302
Nigeria,"Meat of chickens, fresh or chilled (indigenous)",2019,695732
Nigeria,"Meat of chickens, fresh or chilled (indigenous)",2020,755365
Nigeria,"Meat of chickens, fresh or chilled (indigenous)",2021,811764
Nigeria,"Meat of goat, fresh or chilled (indigenous)",2019,694030
Nigeria,"Meat of goat, fresh or chilled (indigenous)",2020,694369
Nigeria,"Meat of goat, fresh or chilled (indigenous)",2021,702798
Nigeria,"Meat of pig with the bone, fresh or chilled (indigenous)",2019,550113
Nigeria,"Meat of pig with the bone, fresh or chilled (indigenous)",2020,578901
Nigeria,"Meat of pig with the bone, fresh or chilled (indigenous)",2021,606849
Nigeria,"Meat of sheep, fresh or chilled (indigenous)",2019,378792
Nigeria,"Meat of sheep, fresh or chilled (indigenous)",2020,378712
Nigeria,"Meat of sheep, fresh or chilled (indigenous)",2021,391694
Nigeria,Melonseed,2019,111762
Nigeria,Melonseed,2020,116749
Nigeria,Melonseed,2021,114575
Nigeria,Millet,2019,578063
Nigeria,Millet,2020,572164
Nigeria,Millet,2021,578626
Nigeria,Natural rubber in primary forms,2019,24976
Nigeria,Natural rubber in primary forms,2020,22758
Nigeria,Natural rubber in primary forms,2021,25376
Nigeria,Oil palm fruit,2019,898081
Nigeria,Oil palm fruit,2020,917260
Nigeria,Oil palm fruit,2021,963123
Nigeria,Okra,2019,1402205
Nigeria,Okra,2020,1434858
Nigeria,Okra,2021,1471460
Nigeria,"Onions and shallots, dry (excluding dehydrated)",2019,587290
Nigeria,"Onions and shallots, dry (excluding dehydrated)",2020,608543
Nigeria,"Onions and shallots, dry (excluding dehydrated)",2021,615426
Nigeria,"Onions and shallots, green",2019,58165
Nigeria,"Onions and shallots, green",2020,58165
Nigeria,"Onions and shallots, green",2021,60830
Nigeria,"Other citrus fruit, n.e.c.",2019,1450722
Nigeria,"Other citrus fruit, n.e.c.",2020,1475054
Nigeria,"Other citrus fruit, n.e.c.",2021,1452527
Nigeria,"Other fruits, n.e.c.",2019,187490
Nigeria,"Other fruits, n.e.c.",2020,183025
Nigeria,"Other fruits, n.e.c.",2021,192952
Nigeria,"Other nuts (excluding wild edible nuts and groundnuts), in shell, n.e.c.",2019,5095
Nigeria,"Other nuts (excluding wild edible nuts and groundnuts), in shell, n.e.c.",2020,5117
Nigeria,"Other nuts (excluding wild edible nuts and groundnuts), in shell, n.e.c.",2021,5098
Nigeria,"Other oil seeds, n.e.c.",2019,180
Nigeria,"Other oil seeds, n.e.c.",2020,183
Nigeria,"Other oil seeds, n.e.c.",2021,190
Nigeria,Other pulses n.e.c.,2019,17833
Nigeria,Other pulses n.e.c.,2020,17483
Nigeria,Other pulses n.e.c.,2021,17594
Nigeria,"Other stimulant, spice and aromatic crops, n.e.c.",2019,22318
Nigeria,"Other stimulant, spice and aromatic crops, n.e.c.",2020,27689
Nigeria,"Other stimulant, spice and aromatic crops, n.e.c.",2021,41534
Nigeria,"Other vegetables, fresh n.e.c.",2019,5800780
Nigeria,"Other vegetables, fresh n.e.c.",2020,5682060
Nigeria,"Other vegetables, fresh n.e.c.",2021,5681728
Nigeria,Papayas,2019,239481
Nigeria,Papayas,2020,241928
Nigeria,Papayas,2021,246979
Nigeria,Pineapples,2019,1202536
Nigeria,Pineapples,2020,1199462
Nigeria,Pineapples,2021,1226535
Nigeria,Potatoes,2019,501190
Nigeria,Potatoes,2020,515864
Nigeria,Potatoes,2021,507099
Nigeria,Raw milk of cattle,2019,116111
Nigeria,Raw milk of cattle,2020,116724
Nigeria,Raw milk of cattle,2021,117513
Nigeria,Rice,2019,3467572
Nigeria,Rice,2020,3359170
Nigeria,Rice,2021,3429133
Nigeria,"Seed cotton, unginned",2019,172805
Nigeria,"Seed cotton, unginned",2020,372066
Nigeria,"Seed cotton, unginned",2021,381334
Nigeria,Sesame seed,2019,169137
Nigeria,Sesame seed,2020,63149
Nigeria,Sesame seed,2021,142178
Nigeria,Sorghum,2019,2363072
Nigeria,Sorghum,2020,2336693
Nigeria,Sorghum,2021,2384522
Nigeria,Soya beans,2019,545111
Nigeria,Soya beans,2020,656248
Nigeria,Soya beans,2021,606219
Nigeria,Sugar cane,2019,174836
Nigeria,Sugar cane,2020,176467
Nigeria,Sugar cane,2021,175213
Nigeria,Sweet potatoes,2019,930874
Nigeria,Sweet potatoes,2020,913158
Nigeria,Sweet potatoes,2021,918922
Nigeria,Taro,2019,1389998
Nigeria,Taro,2020,1384208
Nigeria,Taro,2021,1443235
Nigeria,Tomatoes,2019,2506455
Nigeria,Tomatoes,2020,2738452
Nigeria,Tomatoes,2021,2809383
Nigeria,Unmanufactured tobacco,2019,1487
Nigeria,Unmanufactured tobacco,2020,1455
Nigeria,Unmanufactured tobacco,2021,1462
Nigeria,Wheat,2019,20775
Nigeria,Wheat,2020,13149
Nigeria,Wheat,2021,8832
Nigeria,Yams,2019,21680036
Nigeria,Yams,2020,23085613
Nigeria,Yams,2021,24535398
North Macedonia,"Almonds, in shell",2019,4530
North Macedonia,"Almonds, in shell",2020,6388
North Macedonia,"Almonds, in shell",2021,5048
North Macedonia,Apples,2019,23854
North Macedonia,Apples,2020,28450
North Macedonia,Apples,2021,24973
North Macedonia,Apricots,2019,4989
North Macedonia,Apricots,2020,2822
North Macedonia,Apricots,2021,2124
North Macedonia,Barley,2019,26064
North Macedonia,Barley,2020,27806
North Macedonia,Barley,2021,28507
North Macedonia,"Beans, dry",2019,12729
North Macedonia,"Beans, dry",2020,12208
North Macedonia,"Beans, dry",2021,12399
North Macedonia,Cabbages,2019,42971
North Macedonia,Cabbages,2020,41682
North Macedonia,Cabbages,2021,37995
North Macedonia,Carrots and turnips,2019,1116
North Macedonia,Carrots and turnips,2020,1325
North Macedonia,Carrots and turnips,2021,1320
North Macedonia,Cauliflowers and broccoli,2019,236
North Macedonia,Cauliflowers and broccoli,2020,237
North Macedonia,Cauliflowers and broccoli,2021,237
North Macedonia,Cherries,2019,4653
North Macedonia,Cherries,2020,4817
North Macedonia,Cherries,2021,3630
North Macedonia,"Chestnuts, in shell",2019,4004
North Macedonia,"Chestnuts, in shell",2020,4048
North Macedonia,"Chestnuts, in shell",2021,4321
North Macedonia,"Chick peas, dry",2019,739
North Macedonia,"Chick peas, dry",2020,738
North Macedonia,"Chick peas, dry",2021,761
North Macedonia,"Chillies and peppers, dry (Capsicum spp., Pimenta spp.), raw",2019,16226
North Macedonia,"Chillies and peppers, dry (Capsicum spp., Pimenta spp.), raw",2020,16310
North Macedonia,"Chillies and peppers, dry (Capsicum spp., Pimenta spp.), raw",2021,16453
North Macedonia,"Chillies and peppers, green (Capsicum spp. and Pimenta spp.)",2019,83733
North Macedonia,"Chillies and peppers, green (Capsicum spp. and Pimenta spp.)",2020,92522
North Macedonia,"Chillies and peppers, green (Capsicum spp. and Pimenta spp.)",2021,100652
North Macedonia,"Cow peas, dry",2019,5404
North Macedonia,"Cow peas, dry",2020,5415
North Macedonia,"Cow peas, dry",2021,5420
North Macedonia,Cucumbers and gherkins,2019,28865
North Macedonia,Cucumbers and gherkins,2020,27786
North Macedonia,Cucumbers and gherkins,2021,29957
North Macedonia,Eggplants (aubergines),2019,110
North Macedonia,Eggplants (aubergines),2020,147
North Macedonia,Eggplants (aubergines),2021,183
North Macedonia,Figs,2019,467
North Macedonia,Figs,2020,656
North Macedonia,Figs,2021,667
North Macedonia,Grapes,2019,68733
North Macedonia,Grapes,2020,84284
North Macedonia,Grapes,2021,71433
North Macedonia,Green corn (maize),2019,65
North Macedonia,Green corn (maize),2020,64
North Macedonia,Green corn (maize),2021,64
North Macedonia,Green garlic,2019,10668
North Macedonia,Green garlic,2020,11588
North Macedonia,Green garlic,2021,10333
North Macedonia,"Hen eggs in shell, fresh",2019,11212
North Macedonia,"Hen eggs in shell, fresh",2020,14535
North Macedonia,"Hen eggs in shell, fresh",2021,10389
North Macedonia,Leeks and other alliaceous vegetables,2019,2041
North Macedonia,Leeks and other alliaceous vegetables,2020,2083
North Macedonia,Leeks and other alliaceous vegetables,2021,2053
North Macedonia,"Lentils, dry",2019,69
North Macedonia,"Lentils, dry",2020,57
North Macedonia,"Lentils, dry",2021,47
North Macedonia,Lettuce and chicory,2019,56
North Macedonia,Lettuce and chicory,2020,57
North Macedonia,Lettuce and chicory,2021,57
North Macedonia,Maize (corn),2019,30146
North Macedonia,Maize (corn),2020,30478
North Macedonia,Maize (corn),2021,27291
North Macedonia,"Meat of cattle with the bone, fresh or chilled (indigenous)",2019,14735
North Macedonia,"Meat of cattle with the bone, fresh or chilled (indigenous)",2020,14024
North Macedonia,"Meat of cattle with the bone, fresh or chilled (indigenous)",2021,15208
North Macedonia,"Meat of chickens, fresh or chilled (indigenous)",2019,993
North Macedonia,"Meat of chickens, fresh or chilled (indigenous)",2020,948
North Macedonia,"Meat of chickens, fresh or chilled (indigenous)",2021,1082
North Macedonia,"Meat of pig with the bone, fresh or chilled (indigenous)",2019,41304
North Macedonia,"Meat of pig with the bone, fresh or chilled (indigenous)",2020,45988
North Macedonia,"Meat of pig with the bone, fresh or chilled (indigenous)",2021,47500
North Macedonia,"Meat of sheep, fresh or chilled (indigenous)",2019,13650
North Macedonia,"Meat of sheep, fresh or chilled (indigenous)",2020,11979
North Macedonia,"Meat of sheep, fresh or chilled (indigenous)",2021,9563
North Macedonia,Millet,2019,12
North Macedonia,Millet,2020,12
North Macedonia,Millet,2021,11
North Macedonia,Mushrooms and truffles,2019,3425
North Macedonia,Mushrooms and truffles,2020,3432
North Macedonia,Mushrooms and truffles,2021,3445
North Macedonia,Natural honey,2019,10832
North Macedonia,Natural honey,2020,11904
North Macedonia,Natural honey,2021,12024
North Macedonia,Oats,2019,1807
North Macedonia,Oats,2020,1706
North Macedonia,Oats,2021,1497
North Macedonia,Olives,2019,9509
North Macedonia,Olives,2020,9398
North Macedonia,Olives,2021,9465
North Macedonia,"Onions and shallots, dry (excluding dehydrated)",2019,12323
North Macedonia,"Onions and shallots, dry (excluding dehydrated)",2020,13182
North Macedonia,"Onions and shallots, dry (excluding dehydrated)",2021,13268
North Macedonia,"Onions and shallots, green",2019,188
North Macedonia,"Onions and shallots, green",2020,185
North Macedonia,"Onions and shallots, green",2021,186
North Macedonia,"Other beans, green",2019,6606
North Macedonia,"Other beans, green",2020,6780
North Macedonia,"Other beans, green",2021,5926
North Macedonia,Other pulses n.e.c.,2019,78
North Macedonia,Other pulses n.e.c.,2020,80
North Macedonia,Other pulses n.e.c.,2021,79
North Macedonia,"Other stimulant, spice and aromatic crops, n.e.c.",2019,448
North Macedonia,"Other stimulant, spice and aromatic crops, n.e.c.",2020,437
North Macedonia,"Other stimulant, spice and aromatic crops, n.e.c.",2021,439
North Macedonia,"Other vegetables, fresh n.e.c.",2019,13255
North Macedonia,"Other vegetables, fresh n.e.c.",2020,13586
North Macedonia,"Other vegetables, fresh n.e.c.",2021,13309
North Macedonia,Peaches and nectarines,2019,6553
North Macedonia,Peaches and nectarines,2020,6969
North Macedonia,Peaches and nectarines,2021,3388
North Macedonia,Pears,2019,4436
North Macedonia,Pears,2020,4845
North Macedonia,Pears,2021,3655
North Macedonia,"Peas, dry",2019,1468
North Macedonia,"Peas, dry",2020,1485
North Macedonia,"Peas, dry",2021,1463
North Macedonia,"Peas, green",2019,1317
North Macedonia,"Peas, green",2020,1259
North Macedonia,"Peas, green",2021,1501
North Macedonia,Plums and sloes,2019,9216
North Macedonia,Plums and sloes,2020,9980
North Macedonia,Plums and sloes,2021,7712
North Macedonia,Poppy seed,2019,37
North Macedonia,Poppy seed,2020,42
North Macedonia,Poppy seed,2021,41
North Macedonia,Potatoes,2019,53756
North Macedonia,Potatoes,2020,54574
North Macedonia,Potatoes,2021,50733
North Macedonia,Quinces,2019,403
North Macedonia,Quinces,2020,458
North Macedonia,Quinces,2021,441
North Macedonia,Rape or colza seed,2019,59
North Macedonia,Rape or colza seed,2020,71
North Macedonia,Rape or colza seed,2021,239
North Macedonia,Raw milk of cattle,2019,148596
North Macedonia,Raw milk of cattle,2020,154038
North Macedonia,Raw milk of cattle,2021,124123
North Macedonia,Raw milk of goats,2019,6335
North Macedonia,Raw milk of goats,2020,5848
North Macedonia,Raw milk of goats,2021,6212
North Macedonia,Raw milk of sheep,2019,22817
North Macedonia,Raw milk of sheep,2020,17509
North Macedonia,Raw milk of sheep,2021,22637
North Macedonia,Rice,2019,8425
North Macedonia,Rice,2020,7728
North Macedonia,Rice,2021,7508
North Macedonia,Rye,2019,1780
North Macedonia,Rye,2020,1956
North Macedonia,Rye,2021,1754
North Macedonia,Sesame seed,2019,91
North Macedonia,Sesame seed,2020,86
North Macedonia,Sesame seed,2021,89
North Macedonia,"Shorn wool, greasy, including fleece-washed shorn wool",2019,543
North Macedonia,"Shorn wool, greasy, including fleece-washed shorn wool",2020,494
North Macedonia,"Shorn wool, greasy, including fleece-washed shorn wool",2021,556
North Macedonia,Sorghum,2019,13
North Macedonia,Sorghum,2020,13
North Macedonia,Sorghum,2021,13
North Macedonia,Sour cherries,2019,4001
North Macedonia,Sour cherries,2020,4552
North Macedonia,Sour cherries,2021,3852
North Macedonia,Soya beans,2019,32
North Macedonia,Soya beans,2020,20
North Macedonia,Soya beans,2021,20
North Macedonia,Spinach,2019,20
North Macedonia,Spinach,2020,22
North Macedonia,Spinach,2021,24
North Macedonia,Strawberries,2019,5138
North Macedonia,Strawberries,2020,5843
North Macedonia,Strawberries,2021,5769
North Macedonia,Sugar beet,2019,287
North Macedonia,Sugar beet,2020,277
North Macedonia,Sugar beet,2021,277
North Macedonia,Sunflower seed,2019,2351
North Macedonia,Sunflower seed,2020,2183
North Macedonia,Sunflower seed,2021,1989
North Macedonia,Tomatoes,2019,103173
North Macedonia,Tomatoes,2020,105058
North Macedonia,Tomatoes,2021,104403
North Macedonia,Unmanufactured tobacco,2019,81768
North Macedonia,Unmanufactured tobacco,2020,81388
North Macedonia,Unmanufactured tobacco,2021,75831
North Macedonia,Vetches,2019,2048
North Macedonia,Vetches,2020,2044
North Macedonia,Vetches,2021,2046
North Macedonia,"Walnuts, in shell",2019,8226
North Macedonia,"Walnuts, in shell",2020,8838
North Macedonia,"Walnuts, in shell",2021,7657
North Macedonia,Watermelons,2019,14027
North Macedonia,Watermelons,2020,13888
North Macedonia,Watermelons,2021,14093
North Macedonia,Wheat,2019,48108
North Macedonia,Wheat,2020,49335
North Macedonia,Wheat,2021,48862
Norway,Apples,2019,21386
Norway,Apples,2020,16366
Norway,Apples,2021,25416
Norway,Barley,2019,195499
Norway,Barley,2020,220736
Norway,Barley,2021,211505
Norway,Cabbages,2019,36856
Norway,Cabbages,2020,40151
Norway,Cabbages,2021,41722
Norway,Carrots and turnips,2019,50797
Norway,Carrots and turnips,2020,54924
Norway,Carrots and turnips,2021,55708
Norway,Cauliflowers and broccoli,2019,16356
Norway,Cauliflowers and broccoli,2020,16829
Norway,Cauliflowers and broccoli,2021,15718
Norway,Cherries,2019,6064
Norway,Cherries,2020,5627
Norway,Cherries,2021,7867
Norway,Cucumbers and gherkins,2019,45547
Norway,Cucumbers and gherkins,2020,50619
Norway,Cucumbers and gherkins,2021,51722
Norway,Currants,2019,871
Norway,Currants,2020,884
Norway,Currants,2021,712
Norway,"Game meat, fresh, chilled or frozen",2019,23362
Norway,"Game meat, fresh, chilled or frozen",2020,25787
Norway,"Game meat, fresh, chilled or frozen",2021,25707
Norway,"Hen eggs in shell, fresh",2019,148684
Norway,"Hen eggs in shell, fresh",2020,147887
Norway,"Hen eggs in shell, fresh",2021,148682
Norway,"Horse meat, fresh or chilled (indigenous)",2019,0
Norway,"Horse meat, fresh or chilled (indigenous)",2020,0
Norway,"Horse meat, fresh or chilled (indigenous)",2021,0
Norway,Leeks and other alliaceous vegetables,2019,5060
Norway,Leeks and other alliaceous vegetables,2020,5295
Norway,Leeks and other alliaceous vegetables,2021,5922
Norway,Lettuce and chicory,2019,110548
Norway,Lettuce and chicory,2020,102435
Norway,Lettuce and chicory,2021,76953
Norway,"Meat of cattle with the bone, fresh or chilled (indigenous)",2019,582778
Norway,"Meat of cattle with the bone, fresh or chilled (indigenous)",2020,571305
Norway,"Meat of cattle with the bone, fresh or chilled (indigenous)",2021,587655
Norway,"Meat of chickens, fresh or chilled (indigenous)",2019,262544
Norway,"Meat of chickens, fresh or chilled (indigenous)",2020,261478
Norway,"Meat of chickens, fresh or chilled (indigenous)",2021,282497
Norway,"Meat of ducks, fresh or chilled (indigenous)",2019,2918
Norway,"Meat of ducks, fresh or chilled (indigenous)",2020,3079
Norway,"Meat of ducks, fresh or chilled (indigenous)",2021,2584
Norway,"Meat of goat, fresh or chilled (indigenous)",2019,256
Norway,"Meat of goat, fresh or chilled (indigenous)",2020,260
Norway,"Meat of goat, fresh or chilled (indigenous)",2021,260
Norway,"Meat of pig with the bone, fresh or chilled (indigenous)",2019,470860
Norway,"Meat of pig with the bone, fresh or chilled (indigenous)",2020,466565
Norway,"Meat of pig with the bone, fresh or chilled (indigenous)",2021,477731
Norway,"Meat of rabbits and hares, fresh or chilled (indigenous)",2019,456
Norway,"Meat of rabbits and hares, fresh or chilled (indigenous)",2020,437
Norway,"Meat of rabbits and hares, fresh or chilled (indigenous)",2021,441
Norway,"Meat of sheep, fresh or chilled (indigenous)",2019,153865
Norway,"Meat of sheep, fresh or chilled (indigenous)",2020,155614
Norway,"Meat of sheep, fresh or chilled (indigenous)",2021,154382
Norway,"Meat of turkeys, fresh or chilled (indigenous)",2019,25356
Norway,"Meat of turkeys, fresh or chilled (indigenous)",2020,27081
Norway,"Meat of turkeys, fresh or chilled (indigenous)",2021,28524
Norway,Natural honey,2019,24765
Norway,Natural honey,2020,26284
Norway,Natural honey,2021,25677
Norway,Oats,2019,72120
Norway,Oats,2020,99015
Norway,Oats,2021,84422
Norway,"Onions and shallots, green",2019,25841
Norway,"Onions and shallots, green",2020,25701
Norway,"Onions and shallots, green",2021,25253
Norway,"Other beans, green",2019,751
Norway,"Other beans, green",2020,665
Norway,"Other beans, green",2021,607
Norway,Other berries and fruits of the genus vaccinium n.e.c.,2019,1080
Norway,Other berries and fruits of the genus vaccinium n.e.c.,2020,1099
Norway,Other berries and fruits of the genus vaccinium n.e.c.,2021,1515
Norway,"Other vegetables, fresh n.e.c.",2019,5788
Norway,"Other vegetables, fresh n.e.c.",2020,7633
Norway,"Other vegetables, fresh n.e.c.",2021,7330
Norway,Pears,2019,850
Norway,Pears,2020,1000
Norway,Pears,2021,1154
Norway,"Peas, dry",2019,1836
Norway,"Peas, dry",2020,2563
Norway,"Peas, dry",2021,1847
Norway,"Peas, green",2019,1619
Norway,"Peas, green",2020,1731
Norway,"Peas, green",2021,1564
Norway,Plums and sloes,2019,10789
Norway,Plums and sloes,2020,3042
Norway,Plums and sloes,2021,10642
Norway,Potatoes,2019,121688
Norway,Potatoes,2020,132310
Norway,Potatoes,2021,135131
Norway,Rape or colza seed,2019,10317
Norway,Rape or colza seed,2020,4938
Norway,Rape or colza seed,2021,6190
Norway,Raspberries,2019,18347
Norway,Raspberries,2020,15829
Norway,Raspberries,2021,13802
Norway,Raw milk of cattle,2019,1080945
Norway,Raw milk of cattle,2020,1093130
Norway,Raw milk of cattle,2021,1111096
Norway,Raw milk of goats,2019,15166
Norway,Raw milk of goats,2020,15131
Norway,Raw milk of goats,2021,13856
Norway,Rye,2019,18185
Norway,Rye,2020,12409
Norway,Rye,2021,13907
Norway,"Shorn wool, greasy, including fleece-washed shorn wool",2019,15617
Norway,"Shorn wool, greasy, including fleece-washed shorn wool",2020,15400
Norway,"Shorn wool, greasy, including fleece-washed shorn wool",2021,14709
Norway,Strawberries,2019,52489
Norway,Strawberries,2020,40157
Norway,Strawberries,2021,35739
Norway,Tomatoes,2019,34774
Norway,Tomatoes,2020,38802
Norway,Tomatoes,2021,36300
Norway,Wheat,2019,173224
Norway,Wheat,2020,124116
Norway,Wheat,2021,101948
Oman,Bananas,2019,11150
Oman,Bananas,2020,11150
Oman,Bananas,2021,11132
Oman,Barley,2019,316
Oman,Barley,2020,655
Oman,Barley,2021,363
Oman,Cabbages,2019,4246
Oman,Cabbages,2020,6638
Oman,Cabbages,2021,5752
Oman,Cantaloupes and other melons,2019,15903
Oman,Cantaloupes and other melons,2020,23943
Oman,Cantaloupes and other melons,2021,22088
Oman,Carrots and turnips,2019,7000
Oman,Carrots and turnips,2020,4788
Oman,Carrots and turnips,2021,7366
Oman,Cauliflowers and broccoli,2019,13018
Oman,Cauliflowers and broccoli,2020,6181
Oman,Cauliflowers and broccoli,2021,10412
Oman,"Chillies and peppers, green (Capsicum spp. and Pimenta spp.)",2019,37383
Oman,"Chillies and peppers, green (Capsicum spp. and Pimenta spp.)",2020,53109
Oman,"Chillies and peppers, green (Capsicum spp. and Pimenta spp.)",2021,51220
Oman,Cucumbers and gherkins,2019,29181
Oman,Cucumbers and gherkins,2020,40500
Oman,Cucumbers and gherkins,2021,36727
Oman,Eggplants (aubergines),2019,9786
Oman,Eggplants (aubergines),2020,12425
Oman,Eggplants (aubergines),2021,11514
Oman,Green garlic,2019,7526
Oman,Green garlic,2020,15357
Oman,Green garlic,2021,13340
Oman,Lemons and limes,2019,9209
Oman,Lemons and limes,2020,10747
Oman,Lemons and limes,2021,10672
Oman,Maize (corn),2019,3666
Oman,Maize (corn),2020,11002
Oman,Maize (corn),2021,6392
Oman,"Mangoes, guavas and mangosteens",2019,21539
Oman,"Mangoes, guavas and mangosteens",2020,21539
Oman,"Mangoes, guavas and mangosteens",2021,21609
Oman,Okra,2019,16936
Oman,Okra,2020,13184
Oman,Okra,2021,19724
Oman,"Onions and shallots, dry (excluding dehydrated)",2019,4554
Oman,"Onions and shallots, dry (excluding dehydrated)",2020,7144
Oman,"Onions and shallots, dry (excluding dehydrated)",2021,7327
Oman,Papayas,2019,4732
Oman,Papayas,2020,4732
Oman,Papayas,2021,4738
Oman,Potatoes,2019,5875
Oman,Potatoes,2020,6017
Oman,Potatoes,2021,4644
Oman,"Pumpkins, squash and gourds",2019,3025
Oman,"Pumpkins, squash and gourds",2020,4494
Oman,"Pumpkins, squash and gourds",2021,4423
Oman,Sorghum,2019,6627
Oman,Sorghum,2020,19802
Oman,Sorghum,2021,14283
Oman,Sugar cane,2019,156
Oman,Sugar cane,2020,142
Oman,Sugar cane,2021,153
Oman,Tomatoes,2019,55500
Oman,Tomatoes,2020,93807
Oman,Tomatoes,2021,78104
Oman,Watermelons,2019,15288
Oman,Watermelons,2020,10015
Oman,Watermelons,2021,12039
Oman,Wheat,2019,3860
Oman,Wheat,2020,3059
Oman,Wheat,2021,3782
Pakistan,"Almonds, in shell",2019,72984
Pakistan,"Almonds, in shell",2020,76872
Pakistan,"Almonds, in shell",2021,67674
Pakistan,Apples,2019,586706
Pakistan,Apples,2020,652567
Pakistan,Apples,2021,711411
Pakistan,Apricots,2019,39237
Pakistan,Apricots,2020,51607
Pakistan,Apricots,2021,66091
Pakistan,Bananas,2019,34522
Pakistan,Bananas,2020,38406
Pakistan,Bananas,2021,36129
Pakistan,Barley,2019,16763
Pakistan,Barley,2020,14468
Pakistan,Barley,2021,12830
Pakistan,"Beans, dry",2019,35394
Pakistan,"Beans, dry",2020,56517
Pakistan,"Beans, dry",2021,72144
Pakistan,Cabbages,2019,23817
Pakistan,Cabbages,2020,30804
Pakistan,Cabbages,2021,33675
Pakistan,Cantaloupes and other melons,2019,97418
Pakistan,Cantaloupes and other melons,2020,106454
Pakistan,Cantaloupes and other melons,2021,98591
Pakistan,Carrots and turnips,2019,69303
Pakistan,Carrots and turnips,2020,39833
Pakistan,Carrots and turnips,2021,100039
Pakistan,Castor oil seeds,2019,428
Pakistan,Castor oil seeds,2020,979
Pakistan,Castor oil seeds,2021,1468
Pakistan,Cauliflowers and broccoli,2019,68518
Pakistan,Cauliflowers and broccoli,2020,59849
Pakistan,Cauliflowers and broccoli,2021,101191
Pakistan,Cherries,2019,1856
Pakistan,Cherries,2020,1916
Pakistan,Cherries,2021,2159
Pakistan,"Chick peas, dry",2019,104719
Pakistan,"Chick peas, dry",2020,116683
Pakistan,"Chick peas, dry",2021,54855
Pakistan,"Chillies and peppers, dry (Capsicum spp., Pimenta spp.), raw",2019,442009
Pakistan,"Chillies and peppers, dry (Capsicum spp., Pimenta spp.), raw",2020,615414
Pakistan,"Chillies and peppers, dry (Capsicum spp., Pimenta spp.), raw",2021,458279
Pakistan,"Coconuts, in shell",2019,1105
Pakistan,"Coconuts, in shell",2020,1292
Pakistan,"Coconuts, in shell",2021,1386
Pakistan,Cucumbers and gherkins,2019,27077
Pakistan,Cucumbers and gherkins,2020,16061
Pakistan,Cucumbers and gherkins,2021,16551
Pakistan,Dates,2019,382560
Pakistan,Dates,2020,379363
Pakistan,Dates,2021,567674
Pakistan,"Edible roots and tubers with high starch or inulin content, n.e.c., fresh",2019,170532
Pakistan,"Edible roots and tubers with high starch or inulin content, n.e.c., fresh",2020,143819
Pakistan,"Edible roots and tubers with high starch or inulin content, n.e.c., fresh",2021,155676
Pakistan,Eggplants (aubergines),2019,19517
Pakistan,Eggplants (aubergines),2020,21792
Pakistan,Eggplants (aubergines),2021,23095
Pakistan,"Eggs from other birds in shell, fresh, n.e.c.",2019,10472
Pakistan,"Eggs from other birds in shell, fresh, n.e.c.",2020,12126
Pakistan,"Eggs from other birds in shell, fresh, n.e.c.",2021,12126
Pakistan,Figs,2019,78
Pakistan,Figs,2020,67
Pakistan,Figs,2021,82
Pakistan,"Ginger, raw",2019,26
Pakistan,"Ginger, raw",2020,6
Pakistan,"Ginger, raw",2021,13
Pakistan,Grapes,2019,87313
Pakistan,Grapes,2020,95078
Pakistan,Grapes,2021,114269
Pakistan,Green garlic,2019,205476
Pakistan,Green garlic,2020,233567
Pakistan,Green garlic,2021,347623
Pakistan,"Groundnuts, excluding shelled",2019,65578
Pakistan,"Groundnuts, excluding shelled",2020,84407
Pakistan,"Groundnuts, excluding shelled",2021,100561
Pakistan,"Hen eggs in shell, fresh",2019,803734
Pakistan,"Hen eggs in shell, fresh",2020,849337
Pakistan,"Hen eggs in shell, fresh",2021,897809
Pakistan,"Jute, raw or retted",2019,4
Pakistan,"Jute, raw or retted",2020,4
Pakistan,"Jute, raw or retted",2021,4
Pakistan,Lemons and limes,2019,28453
Pakistan,Lemons and limes,2020,26849
Pakistan,Lemons and limes,2021,36468
Pakistan,"Lentils, dry",2019,3069
Pakistan,"Lentils, dry",2020,2504
Pakistan,"Lentils, dry",2021,2110
Pakistan,Lettuce and chicory,2019,146
Pakistan,Lettuce and chicory,2020,146
Pakistan,Lettuce and chicory,2021,127
Pakistan,Linseed,2019,737
Pakistan,Linseed,2020,665
Pakistan,Linseed,2021,653
Pakistan,Maize (corn),2019,1786417
Pakistan,Maize (corn),2020,2025901
Pakistan,Maize (corn),2021,2158414
Pakistan,"Mangoes, guavas and mangosteens",2019,1711313
Pakistan,"Mangoes, guavas and mangosteens",2020,1767410
Pakistan,"Mangoes, guavas and mangosteens",2021,2017953
Pakistan,"Meat of buffalo, fresh or chilled (indigenous)",2019,4499253
Pakistan,"Meat of buffalo, fresh or chilled (indigenous)",2020,4636096
Pakistan,"Meat of buffalo, fresh or chilled (indigenous)",2021,4772940
Pakistan,"Meat of cattle with the bone, fresh or chilled (indigenous)",2019,2663574
Pakistan,"Meat of cattle with the bone, fresh or chilled (indigenous)",2020,2765390
Pakistan,"Meat of cattle with the bone, fresh or chilled (indigenous)",2021,2522030
Pakistan,"Meat of chickens, fresh or chilled (indigenous)",2019,3893907
Pakistan,"Meat of chickens, fresh or chilled (indigenous)",2020,4250464
Pakistan,"Meat of chickens, fresh or chilled (indigenous)",2021,4640368
Pakistan,"Meat of ducks, fresh or chilled (indigenous)",2019,15973
Pakistan,"Meat of ducks, fresh or chilled (indigenous)",2020,15983
Pakistan,"Meat of ducks, fresh or chilled (indigenous)",2021,15935
Pakistan,"Meat of goat, fresh or chilled (indigenous)",2019,2794843
Pakistan,"Meat of goat, fresh or chilled (indigenous)",2020,2868834
Pakistan,"Meat of goat, fresh or chilled (indigenous)",2021,2948530
Pakistan,"Meat of sheep, fresh or chilled (indigenous)",2019,540115
Pakistan,"Meat of sheep, fresh or chilled (indigenous)",2020,546890
Pakistan,"Meat of sheep, fresh or chilled (indigenous)",2021,553642
Pakistan,Millet,2019,158158
Pakistan,Millet,2020,109481
Pakistan,Millet,2021,93121
Pakistan,Natural honey,2019,1240
Pakistan,Natural honey,2020,1275
Pakistan,Natural honey,2021,1317
Pakistan,Okra,2019,49593
Pakistan,Okra,2020,111869
Pakistan,Okra,2021,104706
Pakistan,"Onions and shallots, dry (excluding dehydrated)",2019,737090
Pakistan,"Onions and shallots, dry (excluding dehydrated)",2020,752121
Pakistan,"Onions and shallots, dry (excluding dehydrated)",2021,817231
Pakistan,Oranges,2019,26247
Pakistan,Oranges,2020,17031
Pakistan,Oranges,2021,18253
Pakistan,"Other beans, green",2019,1976
Pakistan,"Other beans, green",2020,4581
Pakistan,"Other beans, green",2021,5003
Pakistan,"Other fruits, n.e.c.",2019,26135
Pakistan,"Other fruits, n.e.c.",2020,28246
Pakistan,"Other fruits, n.e.c.",2021,27493
Pakistan,"Other nuts (excluding wild edible nuts and groundnuts), in shell, n.e.c.",2019,8057
Pakistan,"Other nuts (excluding wild edible nuts and groundnuts), in shell, n.e.c.",2020,7925
Pakistan,"Other nuts (excluding wild edible nuts and groundnuts), in shell, n.e.c.",2021,7908
Pakistan,"Other oil seeds, n.e.c.",2019,247612
Pakistan,"Other oil seeds, n.e.c.",2020,257895
Pakistan,"Other oil seeds, n.e.c.",2021,261043
Pakistan,Other pulses n.e.c.,2019,92295
Pakistan,Other pulses n.e.c.,2020,90978
Pakistan,Other pulses n.e.c.,2021,91040
Pakistan,"Other stimulant, spice and aromatic crops, n.e.c.",2019,1444193
Pakistan,"Other stimulant, spice and aromatic crops, n.e.c.",2020,1509701
Pakistan,"Other stimulant, spice and aromatic crops, n.e.c.",2021,2170257
Pakistan,"Other tropical fruits, n.e.c.",2019,14076
Pakistan,"Other tropical fruits, n.e.c.",2020,14529
Pakistan,"Other tropical fruits, n.e.c.",2021,13466
Pakistan,"Other vegetables, fresh n.e.c.",2019,316613
Pakistan,"Other vegetables, fresh n.e.c.",2020,308655
Pakistan,"Other vegetables, fresh n.e.c.",2021,220695
Pakistan,Papayas,2019,3173
Pakistan,Papayas,2020,3550
Pakistan,Papayas,2021,3859
Pakistan,Peaches and nectarines,2019,97522
Pakistan,Peaches and nectarines,2020,97417
Pakistan,Peaches and nectarines,2021,118359
Pakistan,Pears,2019,4296
Pakistan,Pears,2020,4194
Pakistan,Pears,2021,3459
Pakistan,"Peas, dry",2019,7010
Pakistan,"Peas, dry",2020,5798
Pakistan,"Peas, dry",2021,5872
Pakistan,"Peas, green",2019,132796
Pakistan,"Peas, green",2020,169285
Pakistan,"Peas, green",2021,423073
Pakistan,"Pigeon peas, dry",2019,3
Pakistan,"Pigeon peas, dry",2020,3
Pakistan,"Pigeon peas, dry",2021,3
Pakistan,"Pistachios, in shell",2019,5776
Pakistan,"Pistachios, in shell",2020,6192
Pakistan,"Pistachios, in shell",2021,5216
Pakistan,Plums and sloes,2019,30407
Pakistan,Plums and sloes,2020,30881
Pakistan,Plums and sloes,2021,35746
Pakistan,Potatoes,2019,1574181
Pakistan,Potatoes,2020,1471810
Pakistan,Potatoes,2021,1898646
Pakistan,"Pumpkins, squash and gourds",2019,37344
Pakistan,"Pumpkins, squash and gourds",2020,53849
Pakistan,"Pumpkins, squash and gourds",2021,65002
Pakistan,Rape or colza seed,2019,131876
Pakistan,Rape or colza seed,2020,217757
Pakistan,Rape or colza seed,2021,131964
Pakistan,Raw milk of buffalo,2019,10396211
Pakistan,Raw milk of buffalo,2020,10705397
Pakistan,Raw milk of buffalo,2021,11023490
Pakistan,Raw milk of cattle,2019,9772471
Pakistan,Raw milk of cattle,2020,10140777
Pakistan,Raw milk of cattle,2021,10523286
Pakistan,Raw milk of goats,2019,416427
Pakistan,Raw milk of goats,2020,427503
Pakistan,Raw milk of goats,2021,439021
Pakistan,Raw milk of sheep,2019,17760
Pakistan,Raw milk of sheep,2020,18114
Pakistan,Raw milk of sheep,2021,18114
Pakistan,Rice,2019,4064290
Pakistan,Rice,2020,4615808
Pakistan,Rice,2021,5110845
Pakistan,Safflower seed,2020,96
Pakistan,"Seed cotton, unginned",2019,2977595
Pakistan,"Seed cotton, unginned",2020,2295777
Pakistan,"Seed cotton, unginned",2021,2722304
Pakistan,Sesame seed,2019,43141
Pakistan,Sesame seed,2020,68408
Pakistan,Sesame seed,2021,85731
Pakistan,"Shorn wool, greasy, including fleece-washed shorn wool",2019,34269
Pakistan,"Shorn wool, greasy, including fleece-washed shorn wool",2020,33655
Pakistan,"Shorn wool, greasy, including fleece-washed shorn wool",2021,34212
Pakistan,Sorghum,2019,47001
Pakistan,Sorghum,2020,37422
Pakistan,Sorghum,2021,24934
Pakistan,Soya beans,2019,7
Pakistan,Soya beans,2020,90
Pakistan,Soya beans,2021,21
Pakistan,Spinach,2019,17902
Pakistan,Spinach,2020,11430
Pakistan,Spinach,2021,13414
Pakistan,Sugar beet,2019,951
Pakistan,Sugar beet,2020,428
Pakistan,Sugar beet,2021,601
Pakistan,Sugar cane,2019,2415870
Pakistan,Sugar cane,2020,2948313
Pakistan,Sugar cane,2021,3226418
Pakistan,Sunflower seed,2019,66027
Pakistan,Sunflower seed,2020,73282
Pakistan,Sunflower seed,2021,45539
Pakistan,Sweet potatoes,2019,7315
Pakistan,Sweet potatoes,2020,6599
Pakistan,Sweet potatoes,2021,6971
Pakistan,"Tangerines, mandarins, clementines",2019,371850
Pakistan,"Tangerines, mandarins, clementines",2020,361892
Pakistan,"Tangerines, mandarins, clementines",2021,395817
Pakistan,Tomatoes,2019,233803
Pakistan,Tomatoes,2020,247514
Pakistan,Tomatoes,2021,334131
Pakistan,Unmanufactured tobacco,2019,129858
Pakistan,Unmanufactured tobacco,2020,165344
Pakistan,Unmanufactured tobacco,2021,209262
Pakistan,"Walnuts, in shell",2019,30239
Pakistan,"Walnuts, in shell",2020,31512
Pakistan,"Walnuts, in shell",2021,31749
Pakistan,Watermelons,2019,283553
Pakistan,Watermelons,2020,329246
Pakistan,Watermelons,2021,208440
Pakistan,Wheat,2019,7086314
Pakistan,Wheat,2020,7347814
Pakistan,Wheat,2021,7992905
West Bank and Gaza,"Almonds, in shell",2019,39582
West Bank and Gaza,"Almonds, in shell",2020,39172
West Bank and Gaza,"Almonds, in shell",2021,36421
West Bank and Gaza,"Anise, badian, coriander, cumin, caraway, fennel and juniper berries, raw",2019,924
West Bank and Gaza,"Anise, badian, coriander, cumin, caraway, fennel and juniper berries, raw",2020,886
West Bank and Gaza,"Anise, badian, coriander, cumin, caraway, fennel and juniper berries, raw",2021,377
West Bank and Gaza,Apples,2019,1118
West Bank and Gaza,Apples,2020,1118
West Bank and Gaza,Apples,2021,739
West Bank and Gaza,Apricots,2019,2265
West Bank and Gaza,Apricots,2020,2244
West Bank and Gaza,Apricots,2021,2066
West Bank and Gaza,Avocados,2019,3540
West Bank and Gaza,Avocados,2020,8479
West Bank and Gaza,Avocados,2021,13217
West Bank and Gaza,Bananas,2019,1219
West Bank and Gaza,Bananas,2020,1384
West Bank and Gaza,Bananas,2021,3686
West Bank and Gaza,Barley,2019,10001
West Bank and Gaza,Barley,2020,9955
West Bank and Gaza,Barley,2021,6361
West Bank and Gaza,"Broad beans and horse beans, dry",2019,463
West Bank and Gaza,"Broad beans and horse beans, dry",2020,463
West Bank and Gaza,"Broad beans and horse beans, dry",2021,555
West Bank and Gaza,"Broad beans and horse beans, green",2019,7802
West Bank and Gaza,"Broad beans and horse beans, green",2020,8642
West Bank and Gaza,"Broad beans and horse beans, green",2021,10862
West Bank and Gaza,Cabbages,2019,10106
West Bank and Gaza,Cabbages,2020,10112
West Bank and Gaza,Cabbages,2021,15632
West Bank and Gaza,Cantaloupes and other melons,2019,2712
West Bank and Gaza,Cantaloupes and other melons,2020,2690
West Bank and Gaza,Cantaloupes and other melons,2021,7622
West Bank and Gaza,Carrots and turnips,2019,2525
West Bank and Gaza,Carrots and turnips,2020,2540
West Bank and Gaza,Carrots and turnips,2021,4250
West Bank and Gaza,Cauliflowers and broccoli,2019,26322
West Bank and Gaza,Cauliflowers and broccoli,2020,26560
West Bank and Gaza,Cauliflowers and broccoli,2021,22433
West Bank and Gaza,Cherries,2019,2742
West Bank and Gaza,Cherries,2020,2780
West Bank and Gaza,Cherries,2021,2404
West Bank and Gaza,"Chick peas, dry",2019,2926
West Bank and Gaza,"Chick peas, dry",2020,2622
West Bank and Gaza,"Chick peas, dry",2021,711
West Bank and Gaza,"Chillies and peppers, green (Capsicum spp. and Pimenta spp.)",2019,15236
West Bank and Gaza,"Chillies and peppers, green (Capsicum spp. and Pimenta spp.)",2020,14825
West Bank and Gaza,"Chillies and peppers, green (Capsicum spp. and Pimenta spp.)",2021,39531
West Bank and Gaza,Cucumbers and gherkins,2019,76799
West Bank and Gaza,Cucumbers and gherkins,2020,74755
West Bank and Gaza,Cucumbers and gherkins,2021,99280
West Bank and Gaza,Dates,2019,5992
West Bank and Gaza,Dates,2020,6263
West Bank and Gaza,Dates,2021,19445
West Bank and Gaza,Eggplants (aubergines),2019,30434
West Bank and Gaza,Eggplants (aubergines),2020,30792
West Bank and Gaza,Eggplants (aubergines),2021,39854
West Bank and Gaza,Figs,2019,5022
West Bank and Gaza,Figs,2020,4842
West Bank and Gaza,Figs,2021,5212
West Bank and Gaza,Grapes,2019,46492
West Bank and Gaza,Grapes,2020,49379
West Bank and Gaza,Grapes,2021,63718
West Bank and Gaza,Green corn (maize),2019,9848
West Bank and Gaza,Green corn (maize),2020,11451
West Bank and Gaza,Green corn (maize),2021,14553
West Bank and Gaza,Green garlic,2019,3385
West Bank and Gaza,Green garlic,2020,3568
West Bank and Gaza,Green garlic,2021,4899
West Bank and Gaza,"Groundnuts, excluding shelled",2019,34
West Bank and Gaza,"Groundnuts, excluding shelled",2020,67
West Bank and Gaza,"Groundnuts, excluding shelled",2021,13
West Bank and Gaza,"Hen eggs in shell, fresh",2019,46829
West Bank and Gaza,"Hen eggs in shell, fresh",2020,42529
West Bank and Gaza,"Hen eggs in shell, fresh",2021,42495
West Bank and Gaza,Lemons and limes,2019,10813
West Bank and Gaza,Lemons and limes,2020,10776
West Bank and Gaza,Lemons and limes,2021,8473
West Bank and Gaza,"Lentils, dry",2019,2864
West Bank and Gaza,"Lentils, dry",2020,2927
West Bank and Gaza,"Lentils, dry",2021,88
West Bank and Gaza,Lettuce and chicory,2019,913
West Bank and Gaza,Lettuce and chicory,2020,1071
West Bank and Gaza,Lettuce and chicory,2021,2160
West Bank and Gaza,"Mangoes, guavas and mangosteens",2019,4017
West Bank and Gaza,"Mangoes, guavas and mangosteens",2020,7779
West Bank and Gaza,"Mangoes, guavas and mangosteens",2021,11726
West Bank and Gaza,"Meat of cattle with the bone, fresh or chilled (indigenous)",2019,3
West Bank and Gaza,"Meat of cattle with the bone, fresh or chilled (indigenous)",2020,5094
West Bank and Gaza,"Meat of cattle with the bone, fresh or chilled (indigenous)",2021,158884
West Bank and Gaza,"Meat of chickens, fresh or chilled (indigenous)",2019,312545
West Bank and Gaza,"Meat of chickens, fresh or chilled (indigenous)",2020,176706
West Bank and Gaza,"Meat of chickens, fresh or chilled (indigenous)",2021,129200
West Bank and Gaza,"Meat of goat, fresh or chilled (indigenous)",2019,64819
West Bank and Gaza,"Meat of goat, fresh or chilled (indigenous)",2020,75948
West Bank and Gaza,"Meat of goat, fresh or chilled (indigenous)",2021,86886
West Bank and Gaza,"Meat of sheep, fresh or chilled (indigenous)",2019,153981
West Bank and Gaza,"Meat of sheep, fresh or chilled (indigenous)",2020,129331
West Bank and Gaza,"Meat of sheep, fresh or chilled (indigenous)",2021,148307
West Bank and Gaza,Natural honey,2019,7406
West Bank and Gaza,Natural honey,2020,8126
West Bank and Gaza,Natural honey,2021,9289
West Bank and Gaza,Okra,2019,10952
West Bank and Gaza,Okra,2020,10881
West Bank and Gaza,Okra,2021,18611
West Bank and Gaza,Olives,2019,296662
West Bank and Gaza,Olives,2020,127995
West Bank and Gaza,Olives,2021,291705
West Bank and Gaza,"Onions and shallots, dry (excluding dehydrated)",2019,14609
West Bank and Gaza,"Onions and shallots, dry (excluding dehydrated)",2020,14661
West Bank and Gaza,"Onions and shallots, dry (excluding dehydrated)",2021,15763
West Bank and Gaza,"Onions and shallots, green",2019,3178
West Bank and Gaza,"Onions and shallots, green",2020,3124
West Bank and Gaza,"Onions and shallots, green",2021,18341
West Bank and Gaza,Oranges,2019,5644
West Bank and Gaza,Oranges,2020,4914
West Bank and Gaza,Oranges,2021,5356
West Bank and Gaza,"Other beans, green",2019,14382
West Bank and Gaza,"Other beans, green",2020,9173
West Bank and Gaza,"Other beans, green",2021,10779
West Bank and Gaza,"Other citrus fruit, n.e.c.",2019,1336
West Bank and Gaza,"Other citrus fruit, n.e.c.",2020,1301
West Bank and Gaza,"Other citrus fruit, n.e.c.",2021,2191
West Bank and Gaza,"Other fruits, n.e.c.",2019,5857
West Bank and Gaza,"Other fruits, n.e.c.",2020,5892
West Bank and Gaza,"Other fruits, n.e.c.",2021,3698
West Bank and Gaza,"Other stimulant, spice and aromatic crops, n.e.c.",2019,7422
West Bank and Gaza,"Other stimulant, spice and aromatic crops, n.e.c.",2020,7456
West Bank and Gaza,"Other stimulant, spice and aromatic crops, n.e.c.",2021,6394
West Bank and Gaza,"Other vegetables, fresh n.e.c.",2019,8984
West Bank and Gaza,"Other vegetables, fresh n.e.c.",2020,10066
West Bank and Gaza,"Other vegetables, fresh n.e.c.",2021,52412
West Bank and Gaza,Peaches and nectarines,2019,2881
West Bank and Gaza,Peaches and nectarines,2020,2922
West Bank and Gaza,Peaches and nectarines,2021,2804
West Bank and Gaza,Pears,2019,182
West Bank and Gaza,Pears,2020,182
West Bank and Gaza,Pears,2021,40
West Bank and Gaza,"Peas, dry",2019,106
West Bank and Gaza,"Peas, dry",2020,106
West Bank and Gaza,"Peas, dry",2021,123
West Bank and Gaza,"Peas, green",2019,2795
West Bank and Gaza,"Peas, green",2020,3035
West Bank and Gaza,"Peas, green",2021,7371
West Bank and Gaza,Plums and sloes,2019,1852
West Bank and Gaza,Plums and sloes,2020,1908
West Bank and Gaza,Plums and sloes,2021,2187
West Bank and Gaza,Pomelos and grapefruits,2019,383
West Bank and Gaza,Pomelos and grapefruits,2020,505
West Bank and Gaza,Pomelos and grapefruits,2021,940
West Bank and Gaza,Poppy seed,2019,2724
West Bank and Gaza,Poppy seed,2020,2694
West Bank and Gaza,Poppy seed,2021,2696
West Bank and Gaza,Potatoes,2019,30481
West Bank and Gaza,Potatoes,2020,30706
West Bank and Gaza,Potatoes,2021,41888
West Bank and Gaza,"Pumpkins, squash and gourds",2019,49278
West Bank and Gaza,"Pumpkins, squash and gourds",2020,49393
West Bank and Gaza,"Pumpkins, squash and gourds",2021,67216
West Bank and Gaza,Quinces,2019,92
West Bank and Gaza,Quinces,2020,69
West Bank and Gaza,Quinces,2021,28
West Bank and Gaza,Raw milk of cattle,2019,65274
West Bank and Gaza,Raw milk of cattle,2020,56873
West Bank and Gaza,Raw milk of cattle,2021,137307
West Bank and Gaza,Raw milk of goats,2019,24779
West Bank and Gaza,Raw milk of goats,2020,25016
West Bank and Gaza,Raw milk of goats,2021,49531
West Bank and Gaza,Raw milk of sheep,2019,65514
West Bank and Gaza,Raw milk of sheep,2020,64568
West Bank and Gaza,Raw milk of sheep,2021,110028
West Bank and Gaza,Sesame seed,2019,1694
West Bank and Gaza,Sesame seed,2020,1694
West Bank and Gaza,Sesame seed,2021,823
West Bank and Gaza,Sorghum,2019,247
West Bank and Gaza,Sorghum,2020,303
West Bank and Gaza,Sorghum,2021,143
West Bank and Gaza,Spinach,2019,4365
West Bank and Gaza,Spinach,2020,4542
West Bank and Gaza,Spinach,2021,4854
West Bank and Gaza,Strawberries,2019,5326
West Bank and Gaza,Strawberries,2020,5309
West Bank and Gaza,Strawberries,2021,28438
West Bank and Gaza,Sunflower seed,2019,2
West Bank and Gaza,Sunflower seed,2020,1
West Bank and Gaza,Sunflower seed,2021,2
West Bank and Gaza,Sweet potatoes,2019,464
West Bank and Gaza,Sweet potatoes,2020,642
West Bank and Gaza,Sweet potatoes,2021,599
West Bank and Gaza,"Tangerines, mandarins, clementines",2019,1779
West Bank and Gaza,"Tangerines, mandarins, clementines",2020,2127
West Bank and Gaza,"Tangerines, mandarins, clementines",2021,2780
West Bank and Gaza,Tomatoes,2019,96249
West Bank and Gaza,Tomatoes,2020,228887
West Bank and Gaza,Tomatoes,2021,178722
West Bank and Gaza,Vetches,2019,7279
West Bank and Gaza,Vetches,2020,5869
West Bank and Gaza,Vetches,2021,494
West Bank and Gaza,"Walnuts, in shell",2019,3592
West Bank and Gaza,"Walnuts, in shell",2020,6065
West Bank and Gaza,"Walnuts, in shell",2021,10391
West Bank and Gaza,Watermelons,2019,6077
West Bank and Gaza,Watermelons,2020,6073
West Bank and Gaza,Watermelons,2021,11749
West Bank and Gaza,Wheat,2019,21229
West Bank and Gaza,Wheat,2020,21229
West Bank and Gaza,Wheat,2021,16022
Panama,Avocados,2019,18121
Panama,Avocados,2020,21850
Panama,Avocados,2021,17805
Panama,Bananas,2019,44500
Panama,Bananas,2020,51648
Panama,Bananas,2021,51136
Panama,"Beans, dry",2019,8351
Panama,"Beans, dry",2020,8641
Panama,"Beans, dry",2021,9065
Panama,Cabbages,2019,3650
Panama,Cabbages,2020,1390
Panama,Cabbages,2021,3651
Panama,Cantaloupes and other melons,2019,8683
Panama,Cantaloupes and other melons,2020,7769
Panama,Cantaloupes and other melons,2021,8226
Panama,Carrots and turnips,2019,1809
Panama,Carrots and turnips,2020,1776
Panama,Carrots and turnips,2021,1776
Panama,"Cassava, fresh",2019,13662
Panama,"Cassava, fresh",2020,14171
Panama,"Cassava, fresh",2021,16004
Panama,"Chillies and peppers, green (Capsicum spp. and Pimenta spp.)",2019,15078
Panama,"Chillies and peppers, green (Capsicum spp. and Pimenta spp.)",2020,14035
Panama,"Chillies and peppers, green (Capsicum spp. and Pimenta spp.)",2021,14556
Panama,Cocoa beans,2019,2812
Panama,Cocoa beans,2020,2527
Panama,Cocoa beans,2021,3000
Panama,"Coconuts, in shell",2019,8857
Panama,"Coconuts, in shell",2020,8924
Panama,"Coconuts, in shell",2021,8991
Panama,"Coffee, green",2019,25934
Panama,"Coffee, green",2020,19375
Panama,"Coffee, green",2021,18650
Panama,Cucumbers and gherkins,2019,2864
Panama,Cucumbers and gherkins,2020,6955
Panama,Cucumbers and gherkins,2021,4910
Panama,"Hen eggs in shell, fresh",2019,140043
Panama,"Hen eggs in shell, fresh",2020,148447
Panama,"Hen eggs in shell, fresh",2021,147445
Panama,Lettuce and chicory,2019,1473
Panama,Lettuce and chicory,2020,4164
Panama,Lettuce and chicory,2021,2764
Panama,Maize (corn),2019,69799
Panama,Maize (corn),2020,75499
Panama,Maize (corn),2021,76809
Panama,"Mangoes, guavas and mangosteens",2019,2929
Panama,"Mangoes, guavas and mangosteens",2020,3075
Panama,"Mangoes, guavas and mangosteens",2021,4252
Panama,"Meat of cattle with the bone, fresh or chilled (indigenous)",2019,198824
Panama,"Meat of cattle with the bone, fresh or chilled (indigenous)",2020,190882
Panama,"Meat of cattle with the bone, fresh or chilled (indigenous)",2021,204844
Panama,"Meat of chickens, fresh or chilled (indigenous)",2019,1446082
Panama,"Meat of chickens, fresh or chilled (indigenous)",2020,1263018
Panama,"Meat of chickens, fresh or chilled (indigenous)",2021,1357768
Panama,"Meat of pig with the bone, fresh or chilled (indigenous)",2019,43990
Panama,"Meat of pig with the bone, fresh or chilled (indigenous)",2020,45556
Panama,"Meat of pig with the bone, fresh or chilled (indigenous)",2021,51470
Panama,Oil palm fruit,2019,94618
Panama,Oil palm fruit,2020,105824
Panama,Oil palm fruit,2021,100724
Panama,"Onions and shallots, dry (excluding dehydrated)",2019,14429
Panama,"Onions and shallots, dry (excluding dehydrated)",2020,22276
Panama,"Onions and shallots, dry (excluding dehydrated)",2021,28931
Panama,Oranges,2019,13665
Panama,Oranges,2020,14264
Panama,Oranges,2021,14264
Panama,"Other vegetables, fresh n.e.c.",2019,206
Panama,"Other vegetables, fresh n.e.c.",2020,105
Panama,"Other vegetables, fresh n.e.c.",2021,1097
Panama,Papayas,2019,7197
Panama,Papayas,2020,8897
Panama,Papayas,2021,10953
Panama,"Pigeon peas, dry",2019,2647
Panama,"Pigeon peas, dry",2020,1928
Panama,"Pigeon peas, dry",2021,2465
Panama,Pineapples,2019,54542
Panama,Pineapples,2020,57371
Panama,Pineapples,2021,60223
Panama,Plantains and cooking bananas,2019,93901
Panama,Plantains and cooking bananas,2020,81868
Panama,Plantains and cooking bananas,2021,124350
Panama,Potatoes,2019,26756
Panama,Potatoes,2020,37099
Panama,Potatoes,2021,31296
Panama,Raw milk of cattle,2019,143476
Panama,Raw milk of cattle,2020,162418
Panama,Raw milk of cattle,2021,145979
Panama,Rice,2019,200757
Panama,Rice,2020,211195
Panama,Rice,2021,219161
Panama,Sorghum,2019,1118
Panama,Sorghum,2020,1115
Panama,Sorghum,2021,249
Panama,Soya beans,2019,58
Panama,Soya beans,2020,59
Panama,Soya beans,2021,55
Panama,Sugar cane,2019,58140
Panama,Sugar cane,2020,60497
Panama,Sugar cane,2021,52565
Panama,Tomatoes,2019,30109
Panama,Tomatoes,2020,36118
Panama,Tomatoes,2021,38752
Panama,Unmanufactured tobacco,2019,9781
Panama,Unmanufactured tobacco,2020,9802
Panama,Unmanufactured tobacco,2021,9895
Panama,Watermelons,2019,23057
Panama,Watermelons,2020,23759
Panama,Watermelons,2021,29311
Panama,Yams,2019,19723
Panama,Yams,2020,27204
Panama,Yams,2021,28280
Panama,Yautia,2019,4650
Panama,Yautia,2020,8389
Panama,Yautia,2021,6514
Paraguay,Apples,2019,249
Paraguay,Apples,2020,249
Paraguay,Apples,2021,247
Paraguay,Avocados,2019,5952
Paraguay,Avocados,2020,5893
Paraguay,Avocados,2021,6032
Paraguay,Bananas,2019,33019
Paraguay,Bananas,2020,34666
Paraguay,Bananas,2021,35761
Paraguay,"Beans, dry",2019,51504
Paraguay,"Beans, dry",2020,54850
Paraguay,"Beans, dry",2021,54562
Paraguay,"Broad beans and horse beans, dry",2019,10756
Paraguay,"Broad beans and horse beans, dry",2020,10856
Paraguay,"Broad beans and horse beans, dry",2021,10797
Paraguay,Cantaloupes and other melons,2019,8626
Paraguay,Cantaloupes and other melons,2020,8653
Paraguay,Cantaloupes and other melons,2021,8687
Paraguay,Carrots and turnips,2019,6515
Paraguay,Carrots and turnips,2020,6891
Paraguay,Carrots and turnips,2021,6730
Paraguay,"Cassava, fresh",2019,200100
Paraguay,"Cassava, fresh",2020,196868
Paraguay,"Cassava, fresh",2021,200101
Paraguay,Castor oil seeds,2019,1864
Paraguay,Castor oil seeds,2020,1864
Paraguay,Castor oil seeds,2021,2175
Paraguay,"Chillies and peppers, green (Capsicum spp. and Pimenta spp.)",2019,12624
Paraguay,"Chillies and peppers, green (Capsicum spp. and Pimenta spp.)",2020,13255
Paraguay,"Chillies and peppers, green (Capsicum spp. and Pimenta spp.)",2021,14540
Paraguay,"Coffee, green",2019,197
Paraguay,"Coffee, green",2020,188
Paraguay,"Coffee, green",2021,192
Paraguay,"Eggs from other birds in shell, fresh, n.e.c.",2019,4565
Paraguay,"Eggs from other birds in shell, fresh, n.e.c.",2020,4565
Paraguay,"Eggs from other birds in shell, fresh, n.e.c.",2021,4565
Paraguay,Grapes,2019,1697
Paraguay,Grapes,2020,1694
Paraguay,Grapes,2021,1701
Paraguay,Green garlic,2019,148
Paraguay,Green garlic,2020,149
Paraguay,Green garlic,2021,151
Paraguay,"Groundnuts, excluding shelled",2019,10430
Paraguay,"Groundnuts, excluding shelled",2020,12275
Paraguay,"Groundnuts, excluding shelled",2021,12335
Paraguay,"Hen eggs in shell, fresh",2019,532324
Paraguay,"Hen eggs in shell, fresh",2020,518219
Paraguay,"Hen eggs in shell, fresh",2021,508110
Paraguay,"Horse meat, fresh or chilled (indigenous)",2019,1138
Paraguay,"Horse meat, fresh or chilled (indigenous)",2020,1391
Paraguay,"Horse meat, fresh or chilled (indigenous)",2021,1493
Paraguay,Lemons and limes,2019,6684
Paraguay,Lemons and limes,2020,6643
Paraguay,Lemons and limes,2021,6685
Paraguay,Maize (corn),2019,838577
Paraguay,Maize (corn),2020,877325
Paraguay,Maize (corn),2021,614711
Paraguay,"Mangoes, guavas and mangosteens",2019,5482
Paraguay,"Mangoes, guavas and mangosteens",2020,5514
Paraguay,"Mangoes, guavas and mangosteens",2021,5478
Paraguay,Maté leaves,2019,47152
Paraguay,Maté leaves,2020,49674
Paraguay,Maté leaves,2021,43492
Paraguay,"Meat of cattle with the bone, fresh or chilled (indigenous)",2019,1443513
Paraguay,"Meat of cattle with the bone, fresh or chilled (indigenous)",2020,1545344
Paraguay,"Meat of cattle with the bone, fresh or chilled (indigenous)",2021,1566816
Paraguay,"Meat of chickens, fresh or chilled (indigenous)",2019,444739
Paraguay,"Meat of chickens, fresh or chilled (indigenous)",2020,420576
Paraguay,"Meat of chickens, fresh or chilled (indigenous)",2021,433454
Paraguay,"Meat of ducks, fresh or chilled (indigenous)",2019,5849
Paraguay,"Meat of ducks, fresh or chilled (indigenous)",2020,5826
Paraguay,"Meat of ducks, fresh or chilled (indigenous)",2021,5919
Paraguay,"Meat of geese, fresh or chilled (indigenous)",2019,1765
Paraguay,"Meat of geese, fresh or chilled (indigenous)",2020,1807
Paraguay,"Meat of geese, fresh or chilled (indigenous)",2021,1868
Paraguay,"Meat of goat, fresh or chilled (indigenous)",2019,2527
Paraguay,"Meat of goat, fresh or chilled (indigenous)",2020,2526
Paraguay,"Meat of goat, fresh or chilled (indigenous)",2021,2509
Paraguay,"Meat of pig with the bone, fresh or chilled (indigenous)",2019,130625
Paraguay,"Meat of pig with the bone, fresh or chilled (indigenous)",2020,142549
Paraguay,"Meat of pig with the bone, fresh or chilled (indigenous)",2021,149558
Paraguay,"Meat of sheep, fresh or chilled (indigenous)",2019,8553
Paraguay,"Meat of sheep, fresh or chilled (indigenous)",2020,8815
Paraguay,"Meat of sheep, fresh or chilled (indigenous)",2021,8922
Paraguay,"Meat of turkeys, fresh or chilled (indigenous)",2019,2092
Paraguay,"Meat of turkeys, fresh or chilled (indigenous)",2020,2114
Paraguay,"Meat of turkeys, fresh or chilled (indigenous)",2021,2183
Paraguay,Natural honey,2019,8303
Paraguay,Natural honey,2020,8341
Paraguay,Natural honey,2021,8367
Paraguay,Oil palm fruit,2019,2457
Paraguay,Oil palm fruit,2020,2505
Paraguay,Oil palm fruit,2021,2491
Paraguay,"Onions and shallots, dry (excluding dehydrated)",2019,10761
Paraguay,"Onions and shallots, dry (excluding dehydrated)",2020,10786
Paraguay,"Onions and shallots, dry (excluding dehydrated)",2021,10846
Paraguay,"Onions and shallots, green",2019,3970
Paraguay,"Onions and shallots, green",2020,4161
Paraguay,"Onions and shallots, green",2021,4322
Paraguay,Oranges,2019,82552
Paraguay,Oranges,2020,83466
Paraguay,Oranges,2021,83355
Paraguay,"Other fruits, n.e.c.",2019,2541
Paraguay,"Other fruits, n.e.c.",2020,2449
Paraguay,"Other fruits, n.e.c.",2021,2557
Paraguay,"Other tropical fruits, n.e.c.",2019,3067
Paraguay,"Other tropical fruits, n.e.c.",2020,3080
Paraguay,"Other tropical fruits, n.e.c.",2021,3097
Paraguay,"Other vegetables, fresh n.e.c.",2019,19809
Paraguay,"Other vegetables, fresh n.e.c.",2020,19440
Paraguay,"Other vegetables, fresh n.e.c.",2021,19563
Paraguay,Papayas,2019,4147
Paraguay,Papayas,2020,4113
Paraguay,Papayas,2021,4021
Paraguay,Peaches and nectarines,2019,1677
Paraguay,Peaches and nectarines,2020,1686
Paraguay,Peaches and nectarines,2021,1703
Paraguay,Pears,2019,76
Paraguay,Pears,2020,75
Paraguay,Pears,2021,75
Paraguay,"Peas, dry",2019,5026
Paraguay,"Peas, dry",2020,5112
Paraguay,"Peas, dry",2021,5100
Paraguay,Pineapples,2019,29261
Paraguay,Pineapples,2020,29234
Paraguay,Pineapples,2021,29562
Paraguay,Plums and sloes,2019,419
Paraguay,Plums and sloes,2020,423
Paraguay,Plums and sloes,2021,423
Paraguay,Pomelos and grapefruits,2019,8056
Paraguay,Pomelos and grapefruits,2020,8074
Paraguay,Pomelos and grapefruits,2021,8051
Paraguay,Potatoes,2019,1920
Paraguay,Potatoes,2020,1978
Paraguay,Potatoes,2021,2031
Paraguay,"Pumpkins, squash and gourds",2019,2952
Paraguay,"Pumpkins, squash and gourds",2020,2975
Paraguay,"Pumpkins, squash and gourds",2021,3024
Paraguay,Rape or colza seed,2019,18963
Paraguay,Rape or colza seed,2020,21205
Paraguay,Rape or colza seed,2021,19399
Paraguay,Raw milk of cattle,2019,225058
Paraguay,Raw milk of cattle,2020,253626
Paraguay,Raw milk of cattle,2021,251645
Paraguay,Rice,2019,216956
Paraguay,Rice,2020,241015
Paraguay,Rice,2021,239560
Paraguay,"Seed cotton, unginned",2019,12144
Paraguay,"Seed cotton, unginned",2020,13062
Paraguay,"Seed cotton, unginned",2021,13404
Paraguay,Sesame seed,2019,24856
Paraguay,Sesame seed,2020,38670
Paraguay,Sesame seed,2021,37157
Paraguay,"Shorn wool, greasy, including fleece-washed shorn wool",2019,3197
Paraguay,"Shorn wool, greasy, including fleece-washed shorn wool",2020,3039
Paraguay,"Shorn wool, greasy, including fleece-washed shorn wool",2021,2813
Paraguay,Sorghum,2019,10977
Paraguay,Sorghum,2020,10980
Paraguay,Sorghum,2021,10978
Paraguay,Soya beans,2019,3145193
Paraguay,Soya beans,2020,4069557
Paraguay,Soya beans,2021,3889647
Paraguay,Strawberries,2019,11823
Paraguay,Strawberries,2020,12415
Paraguay,Strawberries,2021,12759
Paraguay,Sugar cane,2019,137941
Paraguay,Sugar cane,2020,176139
Paraguay,Sugar cane,2021,171164
Paraguay,Sunflower seed,2019,19118
Paraguay,Sunflower seed,2020,16952
Paraguay,Sunflower seed,2021,16635
Paraguay,Sweet potatoes,2019,13041
Paraguay,Sweet potatoes,2020,13434
Paraguay,Sweet potatoes,2021,13523
Paraguay,"Tangerines, mandarins, clementines",2019,3344
Paraguay,"Tangerines, mandarins, clementines",2020,3445
Paraguay,"Tangerines, mandarins, clementines",2021,3408
Paraguay,Tomatoes,2019,42010
Paraguay,Tomatoes,2020,42804
Paraguay,Tomatoes,2021,45808
Paraguay,Tung nuts,2019,6049
Paraguay,Tung nuts,2020,6054
Paraguay,Tung nuts,2021,6149
Paraguay,Unmanufactured tobacco,2019,13219
Paraguay,Unmanufactured tobacco,2020,13729
Paraguay,Unmanufactured tobacco,2021,13742
Paraguay,Watermelons,2019,50693
Paraguay,Watermelons,2020,50671
Paraguay,Watermelons,2021,50631
Paraguay,Wheat,2019,187245
Paraguay,Wheat,2020,179643
Paraguay,Wheat,2021,127924
Peru,"Anise, badian, coriander, cumin, caraway, fennel and juniper berries, raw",2019,308
Peru,"Anise, badian, coriander, cumin, caraway, fennel and juniper berries, raw",2020,374
Peru,"Anise, badian, coriander, cumin, caraway, fennel and juniper berries, raw",2021,343
Peru,Apples,2019,36253
Peru,Apples,2020,34913
Peru,Apples,2021,35852
Peru,Apricots,2019,990
Peru,Apricots,2020,1096
Peru,Apricots,2021,1062
Peru,Artichokes,2019,85882
Peru,Artichokes,2020,53532
Peru,Artichokes,2021,64893
Peru,Asparagus,2019,399492
Peru,Asparagus,2020,413578
Peru,Asparagus,2021,413335
Peru,Avocados,2019,417405
Peru,Avocados,2020,490554
Peru,Avocados,2021,566752
Peru,Barley,2019,83050
Peru,Barley,2020,80334
Peru,Barley,2021,87037
Peru,"Beans, dry",2019,93100
Peru,"Beans, dry",2020,94709
Peru,"Beans, dry",2021,100552
Peru,"Brazil nuts, in shell",2019,10060
Peru,"Brazil nuts, in shell",2020,14601
Peru,"Brazil nuts, in shell",2021,12239
Peru,"Broad beans and horse beans, dry",2019,53464
Peru,"Broad beans and horse beans, dry",2020,53211
Peru,"Broad beans and horse beans, dry",2021,52834
Peru,"Broad beans and horse beans, green",2019,21307
Peru,"Broad beans and horse beans, green",2020,22142
Peru,"Broad beans and horse beans, green",2021,23807
Peru,Cabbages,2019,8573
Peru,Cabbages,2020,8109
Peru,Cabbages,2021,7540
Peru,Cantaloupes and other melons,2019,4313
Peru,Cantaloupes and other melons,2020,4616
Peru,Cantaloupes and other melons,2021,5944
Peru,Carrots and turnips,2019,44928
Peru,Carrots and turnips,2020,45559
Peru,Carrots and turnips,2021,46845
Peru,"Cashew nuts, in shell",2019,315
Peru,"Cashew nuts, in shell",2020,677
Peru,"Cashew nuts, in shell",2021,693
Peru,"Cassava, fresh",2019,239600
Peru,"Cassava, fresh",2020,252003
Peru,"Cassava, fresh",2021,251707
Peru,Cauliflowers and broccoli,2019,23423
Peru,Cauliflowers and broccoli,2020,20501
Peru,Cauliflowers and broccoli,2021,18999
Peru,Cereals n.e.c.,2019,21665
Peru,Cereals n.e.c.,2020,21761
Peru,Cereals n.e.c.,2021,21961
Peru,Cherries,2019,2
Peru,Cherries,2020,2
Peru,Cherries,2021,2
Peru,"Chestnuts, in shell",2019,221
Peru,"Chestnuts, in shell",2020,222
Peru,"Chestnuts, in shell",2021,222
Peru,"Chick peas, dry",2019,907
Peru,"Chick peas, dry",2020,680
Peru,"Chick peas, dry",2021,605
Peru,"Chillies and peppers, dry (Capsicum spp., Pimenta spp.), raw",2019,108934
Peru,"Chillies and peppers, dry (Capsicum spp., Pimenta spp.), raw",2020,115594
Peru,"Chillies and peppers, dry (Capsicum spp., Pimenta spp.), raw",2021,112242
Peru,"Chillies and peppers, green (Capsicum spp. and Pimenta spp.)",2019,137198
Peru,"Chillies and peppers, green (Capsicum spp. and Pimenta spp.)",2020,132357
Peru,"Chillies and peppers, green (Capsicum spp. and Pimenta spp.)",2021,160495
Peru,Cocoa beans,2019,327271
Peru,Cocoa beans,2020,366902
Peru,Cocoa beans,2021,370545
Peru,"Coconuts, in shell",2019,4222
Peru,"Coconuts, in shell",2020,4449
Peru,"Coconuts, in shell",2021,4756
Peru,"Coffee, green",2019,752126
Peru,"Coffee, green",2020,731189
Peru,"Coffee, green",2021,753528
Peru,"Cow peas, dry",2019,15610
Peru,"Cow peas, dry",2020,11965
Peru,"Cow peas, dry",2021,18661
Peru,Cucumbers and gherkins,2019,9919
Peru,Cucumbers and gherkins,2020,11372
Peru,Cucumbers and gherkins,2021,12007
Peru,Dates,2019,149
Peru,Dates,2020,161
Peru,Dates,2021,158
Peru,"Edible roots and tubers with high starch or inulin content, n.e.c., fresh",2019,78187
Peru,"Edible roots and tubers with high starch or inulin content, n.e.c., fresh",2020,78587
Peru,"Edible roots and tubers with high starch or inulin content, n.e.c., fresh",2021,78859
Peru,Eggplants (aubergines),2019,137
Peru,Eggplants (aubergines),2020,164
Peru,Eggplants (aubergines),2021,189
Peru,Figs,2019,1840
Peru,Figs,2020,1805
Peru,Figs,2021,1713
Peru,"Game meat, fresh, chilled or frozen",2019,14006
Peru,"Game meat, fresh, chilled or frozen",2020,14172
Peru,"Game meat, fresh, chilled or frozen",2021,14377
Peru,Grapes,2019,478649
Peru,Grapes,2020,548714
Peru,Grapes,2021,618211
Peru,Green corn (maize),2019,137847
Peru,Green corn (maize),2020,136601
Peru,Green corn (maize),2021,156007
Peru,Green garlic,2019,82284
Peru,Green garlic,2020,89945
Peru,Green garlic,2021,108629
Peru,"Groundnuts, excluding shelled",2019,6116
Peru,"Groundnuts, excluding shelled",2020,5311
Peru,"Groundnuts, excluding shelled",2021,6130
Peru,"Hen eggs in shell, fresh",2019,731602
Peru,"Hen eggs in shell, fresh",2020,745143
Peru,"Hen eggs in shell, fresh",2021,755007
Peru,"Jute, raw or retted",2019,120
Peru,"Jute, raw or retted",2020,118
Peru,"Jute, raw or retted",2021,118
Peru,Leeks and other alliaceous vegetables,2019,5856
Peru,Leeks and other alliaceous vegetables,2020,4987
Peru,Leeks and other alliaceous vegetables,2021,4823
Peru,Lemons and limes,2019,86532
Peru,Lemons and limes,2020,90300
Peru,Lemons and limes,2021,96749
Peru,"Lentils, dry",2019,2911
Peru,"Lentils, dry",2020,2590
Peru,"Lentils, dry",2021,2751
Peru,Lettuce and chicory,2019,20163
Peru,Lettuce and chicory,2020,17553
Peru,Lettuce and chicory,2021,17563
Peru,Linseed,2019,1502
Peru,Linseed,2020,1467
Peru,Linseed,2021,1138
Peru,Lupins,2019,20323
Peru,Lupins,2020,19588
Peru,Lupins,2021,19522
Peru,Maize (corn),2019,805069
Peru,Maize (corn),2020,739899
Peru,Maize (corn),2021,808441
Peru,"Mangoes, guavas and mangosteens",2019,83908
Peru,"Mangoes, guavas and mangosteens",2020,100676
Peru,"Mangoes, guavas and mangosteens",2021,86912
Peru,"Meat of cattle with the bone, fresh or chilled (indigenous)",2019,650449
Peru,"Meat of cattle with the bone, fresh or chilled (indigenous)",2020,620200
Peru,"Meat of cattle with the bone, fresh or chilled (indigenous)",2021,640439
Peru,"Meat of chickens, fresh or chilled (indigenous)",2019,4319994
Peru,"Meat of chickens, fresh or chilled (indigenous)",2020,4223866
Peru,"Meat of chickens, fresh or chilled (indigenous)",2021,4292773
Peru,"Meat of goat, fresh or chilled (indigenous)",2019,15672
Peru,"Meat of goat, fresh or chilled (indigenous)",2020,15227
Peru,"Meat of goat, fresh or chilled (indigenous)",2021,15199
Peru,"Meat of other domestic camelids, fresh or chilled (indigenous)",2019,56519
Peru,"Meat of other domestic camelids, fresh or chilled (indigenous)",2020,55670
Peru,"Meat of other domestic camelids, fresh or chilled (indigenous)",2021,56839
Peru,"Meat of pig with the bone, fresh or chilled (indigenous)",2019,474446
Peru,"Meat of pig with the bone, fresh or chilled (indigenous)",2020,464901
Peru,"Meat of pig with the bone, fresh or chilled (indigenous)",2021,482461
Peru,"Meat of rabbits and hares, fresh or chilled (indigenous)",2019,5918
Peru,"Meat of rabbits and hares, fresh or chilled (indigenous)",2020,5870
Peru,"Meat of rabbits and hares, fresh or chilled (indigenous)",2021,5830
Peru,"Meat of sheep, fresh or chilled (indigenous)",2019,139150
Peru,"Meat of sheep, fresh or chilled (indigenous)",2020,133295
Peru,"Meat of sheep, fresh or chilled (indigenous)",2021,137008
Peru,Natural honey,2019,6665
Peru,Natural honey,2020,6758
Peru,Natural honey,2021,6918
Peru,Oats,2019,10798
Peru,Oats,2020,11669
Peru,Oats,2021,11469
Peru,Oil palm fruit,2019,113620
Peru,Oil palm fruit,2020,109509
Peru,Oil palm fruit,2021,142918
Peru,Olives,2019,167744
Peru,Olives,2020,153103
Peru,Olives,2021,129121
Peru,"Onions and shallots, dry (excluding dehydrated)",2019,188176
Peru,"Onions and shallots, dry (excluding dehydrated)",2020,178884
Peru,"Onions and shallots, dry (excluding dehydrated)",2021,178137
Peru,Oranges,2019,97123
Peru,Oranges,2020,106429
Peru,Oranges,2021,109785
Peru,"Other beans, green",2019,4652
Peru,"Other beans, green",2020,5480
Peru,"Other beans, green",2021,7316
Peru,"Other citrus fruit, n.e.c.",2019,33398
Peru,"Other citrus fruit, n.e.c.",2020,31724
Peru,"Other citrus fruit, n.e.c.",2021,31920
Peru,"Other fruits, n.e.c.",2019,44386
Peru,"Other fruits, n.e.c.",2020,45069
Peru,"Other fruits, n.e.c.",2021,44546
Peru,"Other nuts (excluding wild edible nuts and groundnuts), in shell, n.e.c.",2019,2496
Peru,"Other nuts (excluding wild edible nuts and groundnuts), in shell, n.e.c.",2020,2558
Peru,"Other nuts (excluding wild edible nuts and groundnuts), in shell, n.e.c.",2021,2497
Peru,Other pulses n.e.c.,2019,2233
Peru,Other pulses n.e.c.,2020,1431
Peru,Other pulses n.e.c.,2021,1897
Peru,"Other stimulant, spice and aromatic crops, n.e.c.",2019,13231
Peru,"Other stimulant, spice and aromatic crops, n.e.c.",2020,11402
Peru,"Other stimulant, spice and aromatic crops, n.e.c.",2021,12197
Peru,"Other vegetables, fresh n.e.c.",2019,24315
Peru,"Other vegetables, fresh n.e.c.",2020,24180
Peru,"Other vegetables, fresh n.e.c.",2021,24505
Peru,Papayas,2019,36885
Peru,Papayas,2020,41765
Peru,Papayas,2021,42188
Peru,Peaches and nectarines,2019,29291
Peru,Peaches and nectarines,2020,26410
Peru,Peaches and nectarines,2021,30168
Peru,Pears,2019,2383
Peru,Pears,2020,2306
Peru,Pears,2021,2441
Peru,"Peas, dry",2019,37732
Peru,"Peas, dry",2020,36616
Peru,"Peas, dry",2021,38961
Peru,"Peas, green",2019,65117
Peru,"Peas, green",2020,68100
Peru,"Peas, green",2021,70591
Peru,"Pepper (Piper spp.), raw",2019,773
Peru,"Pepper (Piper spp.), raw",2020,903
Peru,"Pepper (Piper spp.), raw",2021,1752
Peru,Pineapples,2019,121386
Peru,Pineapples,2020,125343
Peru,Pineapples,2021,126462
Peru,Plums and sloes,2019,3994
Peru,Plums and sloes,2020,3495
Peru,Plums and sloes,2021,3972
Peru,Pomelos and grapefruits,2019,1191
Peru,Pomelos and grapefruits,2020,1159
Peru,Pomelos and grapefruits,2021,1136
Peru,Potatoes,2019,1524611
Peru,Potatoes,2020,1560298
Peru,Potatoes,2021,1613192
Peru,"Pumpkins, squash and gourds",2019,45925
Peru,"Pumpkins, squash and gourds",2020,38573
Peru,"Pumpkins, squash and gourds",2021,43866
Peru,Quinces,2019,3041
Peru,Quinces,2020,3022
Peru,Quinces,2021,1800
Peru,Quinoa,2019,163789
Peru,Quinoa,2020,183561
Peru,Quinoa,2021,195568
Peru,Raw milk of cattle,2019,814466
Peru,Raw milk of cattle,2020,820863
Peru,Raw milk of cattle,2021,838872
Peru,Raw milk of goats,2019,7316
Peru,Raw milk of goats,2020,7331
Peru,Raw milk of goats,2021,7229
Peru,Rice,2019,1138299
Peru,Rice,2020,1225065
Peru,Rice,2021,1262252
Peru,Rye,2019,21
Peru,Rye,2020,13
Peru,Rye,2021,14
Peru,"Seed cotton, unginned",2019,51664
Peru,"Seed cotton, unginned",2020,17651
Peru,"Seed cotton, unginned",2021,13753
Peru,Sesame seed,2019,481
Peru,Sesame seed,2020,369
Peru,Sesame seed,2021,458
Peru,"Shorn wool, greasy, including fleece-washed shorn wool",2019,17484
Peru,"Shorn wool, greasy, including fleece-washed shorn wool",2020,16844
Peru,"Shorn wool, greasy, including fleece-washed shorn wool",2021,16844
Peru,Sorghum,2019,19
Peru,Sorghum,2020,28
Peru,Sorghum,2021,25
Peru,Sour cherries,2019,787
Peru,Sour cherries,2020,723
Peru,Sour cherries,2021,620
Peru,Soya beans,2019,1120
Peru,Soya beans,2020,1165
Peru,Soya beans,2021,1279
Peru,Spinach,2019,8673
Peru,Spinach,2020,9040
Peru,Spinach,2021,9485
Peru,Strawberries,2019,15368
Peru,Strawberries,2020,11831
Peru,Strawberries,2021,20803
Peru,String beans,2019,12486
Peru,String beans,2020,12613
Peru,String beans,2021,12896
Peru,Sugar cane,2019,489352
Peru,Sugar cane,2020,466767
Peru,Sugar cane,2021,448508
Peru,Sweet potatoes,2019,58299
Peru,Sweet potatoes,2020,47098
Peru,Sweet potatoes,2021,59223
Peru,"Tangerines, mandarins, clementines",2019,181687
Peru,"Tangerines, mandarins, clementines",2020,189963
Peru,"Tangerines, mandarins, clementines",2021,212426
Peru,Tea leaves,2019,394
Peru,Tea leaves,2020,405
Peru,Tea leaves,2021,438
Peru,Tomatoes,2019,59643
Peru,Tomatoes,2020,60297
Peru,Tomatoes,2021,72040
Peru,Unmanufactured tobacco,2019,517
Peru,Unmanufactured tobacco,2020,441
Peru,Unmanufactured tobacco,2021,518
Peru,"Walnuts, in shell",2019,140
Peru,"Walnuts, in shell",2020,124
Peru,"Walnuts, in shell",2021,113
Peru,Watermelons,2019,27222
Peru,Watermelons,2020,24783
Peru,Watermelons,2021,27563
Peru,Wheat,2019,90922
Peru,Wheat,2020,90134
Peru,Wheat,2021,97968
Peru,Yautia,2019,602
Peru,Yautia,2020,430
Peru,Yautia,2021,541
Philippines,"Abaca, manila hemp, raw",2019,78338
Philippines,"Abaca, manila hemp, raw",2020,76935
Philippines,"Abaca, manila hemp, raw",2021,67677
Philippines,"Agave fibres, raw, n.e.c.",2019,1876
Philippines,"Agave fibres, raw, n.e.c.",2020,1877
Philippines,"Agave fibres, raw, n.e.c.",2021,1878
Philippines,Asparagus,2019,2403
Philippines,Asparagus,2020,1909
Philippines,Asparagus,2021,1568
Philippines,Avocados,2019,7958
Philippines,Avocados,2020,8144
Philippines,Avocados,2021,8071
Philippines,Bananas,2019,1672631
Philippines,Bananas,2020,1646561
Philippines,Bananas,2021,1642940
Philippines,"Beans, dry",2019,43517
Philippines,"Beans, dry",2020,44463
Philippines,"Beans, dry",2021,42598
Philippines,Cabbages,2019,51236
Philippines,Cabbages,2020,51937
Philippines,Cabbages,2021,49812
Philippines,Cantaloupes and other melons,2019,3396
Philippines,Cantaloupes and other melons,2020,3483
Philippines,Cantaloupes and other melons,2021,3418
Philippines,Carrots and turnips,2019,41002
Philippines,Carrots and turnips,2020,40284
Philippines,Carrots and turnips,2021,40688
Philippines,"Cashew nuts, in shell",2019,158378
Philippines,"Cashew nuts, in shell",2020,167258
Philippines,"Cashew nuts, in shell",2021,167268
Philippines,"Cassava, fresh",2019,349888
Philippines,"Cassava, fresh",2020,346823
Philippines,"Cassava, fresh",2021,340447
Philippines,Castor oil seeds,2019,14
Philippines,Castor oil seeds,2020,13
Philippines,Castor oil seeds,2021,13
Philippines,Cauliflowers and broccoli,2019,10218
Philippines,Cauliflowers and broccoli,2020,10579
Philippines,Cauliflowers and broccoli,2021,10324
Philippines,"Chillies and peppers, green (Capsicum spp. and Pimenta spp.)",2019,16268
Philippines,"Chillies and peppers, green (Capsicum spp. and Pimenta spp.)",2020,16861
Philippines,"Chillies and peppers, green (Capsicum spp. and Pimenta spp.)",2021,17658
Philippines,Cocoa beans,2019,17312
Philippines,Cocoa beans,2020,19050
Philippines,Cocoa beans,2021,20394
Philippines,"Coconuts, in shell",2019,2305455
Philippines,"Coconuts, in shell",2020,2262651
Philippines,"Coconuts, in shell",2021,2297997
Philippines,"Coffee, green",2019,104663
Philippines,"Coffee, green",2020,105704
Philippines,"Coffee, green",2021,105645
Philippines,"Cow peas, dry",2019,271
Philippines,"Cow peas, dry",2020,264
Philippines,"Cow peas, dry",2021,241
Philippines,Cucumbers and gherkins,2019,4491
Philippines,Cucumbers and gherkins,2020,4461
Philippines,Cucumbers and gherkins,2021,4621
Philippines,"Edible roots and tubers with high starch or inulin content, n.e.c., fresh",2019,1540
Philippines,"Edible roots and tubers with high starch or inulin content, n.e.c., fresh",2020,1501
Philippines,"Edible roots and tubers with high starch or inulin content, n.e.c., fresh",2021,1575
Philippines,Eggplants (aubergines),2019,101306
Philippines,Eggplants (aubergines),2020,98403
Philippines,Eggplants (aubergines),2021,98932
Philippines,"Eggs from other birds in shell, fresh, n.e.c.",2019,97640
Philippines,"Eggs from other birds in shell, fresh, n.e.c.",2020,99441
Philippines,"Eggs from other birds in shell, fresh, n.e.c.",2021,99375
Philippines,"Ginger, raw",2019,33735
Philippines,"Ginger, raw",2020,33982
Philippines,"Ginger, raw",2021,35258
Philippines,Grapes,2019,264
Philippines,Grapes,2020,262
Philippines,Grapes,2021,256
Philippines,Green garlic,2019,16641
Philippines,Green garlic,2020,15518
Philippines,Green garlic,2021,13508
Philippines,"Groundnuts, excluding shelled",2019,24976
Philippines,"Groundnuts, excluding shelled",2020,25049
Philippines,"Groundnuts, excluding shelled",2021,26054
Philippines,"Hen eggs in shell, fresh",2019,1365000
Philippines,"Hen eggs in shell, fresh",2020,1417780
Philippines,"Hen eggs in shell, fresh",2021,1547917
Philippines,"Horse meat, fresh or chilled (indigenous)",2019,0
Philippines,"Horse meat, fresh or chilled (indigenous)",2020,774
Philippines,"Horse meat, fresh or chilled (indigenous)",2021,773
Philippines,Leeks and other alliaceous vegetables,2019,3226
Philippines,Leeks and other alliaceous vegetables,2020,3245
Philippines,Leeks and other alliaceous vegetables,2021,3229
Philippines,Lemons and limes,2019,599
Philippines,Lemons and limes,2020,604
Philippines,Lemons and limes,2021,612
Philippines,Lettuce and chicory,2019,3411
Philippines,Lettuce and chicory,2020,3458
Philippines,Lettuce and chicory,2021,3623
Philippines,Maize (corn),2019,2301379
Philippines,Maize (corn),2020,2341674
Philippines,Maize (corn),2021,2390317
Philippines,"Mangoes, guavas and mangosteens",2019,347325
Philippines,"Mangoes, guavas and mangosteens",2020,346918
Philippines,"Mangoes, guavas and mangosteens",2021,346794
Philippines,"Meat of buffalo, fresh or chilled (indigenous)",2019,236635
Philippines,"Meat of buffalo, fresh or chilled (indigenous)",2020,202566
Philippines,"Meat of buffalo, fresh or chilled (indigenous)",2021,217597
Philippines,"Meat of cattle with the bone, fresh or chilled (indigenous)",2019,517742
Philippines,"Meat of cattle with the bone, fresh or chilled (indigenous)",2020,453377
Philippines,"Meat of cattle with the bone, fresh or chilled (indigenous)",2021,465221
Philippines,"Meat of chickens, fresh or chilled (indigenous)",2019,3947398
Philippines,"Meat of chickens, fresh or chilled (indigenous)",2020,3706691
Philippines,"Meat of chickens, fresh or chilled (indigenous)",2021,3573610
Philippines,"Meat of ducks, fresh or chilled (indigenous)",2019,62765
Philippines,"Meat of ducks, fresh or chilled (indigenous)",2020,61606
Philippines,"Meat of ducks, fresh or chilled (indigenous)",2021,60673
Philippines,"Meat of geese, fresh or chilled (indigenous)",2019,1228
Philippines,"Meat of geese, fresh or chilled (indigenous)",2020,1243
Philippines,"Meat of geese, fresh or chilled (indigenous)",2021,1248
Philippines,"Meat of goat, fresh or chilled (indigenous)",2019,197106
Philippines,"Meat of goat, fresh or chilled (indigenous)",2020,185167
Philippines,"Meat of goat, fresh or chilled (indigenous)",2021,188372
Philippines,"Meat of pig with the bone, fresh or chilled (indigenous)",2019,4898502
Philippines,"Meat of pig with the bone, fresh or chilled (indigenous)",2020,4570169
Philippines,"Meat of pig with the bone, fresh or chilled (indigenous)",2021,3618155
Philippines,"Meat of sheep, fresh or chilled (indigenous)",2019,508
Philippines,"Meat of sheep, fresh or chilled (indigenous)",2020,422
Philippines,"Meat of sheep, fresh or chilled (indigenous)",2021,501
Philippines,"Meat of turkeys, fresh or chilled (indigenous)",2019,5255
Philippines,"Meat of turkeys, fresh or chilled (indigenous)",2020,5240
Philippines,"Meat of turkeys, fresh or chilled (indigenous)",2021,5195
Philippines,Mushrooms and truffles,2019,1811
Philippines,Mushrooms and truffles,2020,1946
Philippines,Mushrooms and truffles,2021,2046
Philippines,Natural rubber in primary forms,2019,217353
Philippines,Natural rubber in primary forms,2020,212687
Philippines,Natural rubber in primary forms,2021,216830
Philippines,Oil palm fruit,2019,41801
Philippines,Oil palm fruit,2020,41278
Philippines,Oil palm fruit,2021,43773
Philippines,Okra,2019,13255
Philippines,Okra,2020,13642
Philippines,Okra,2021,13554
Philippines,"Onions and shallots, dry (excluding dehydrated)",2019,193668
Philippines,"Onions and shallots, dry (excluding dehydrated)",2020,200171
Philippines,"Onions and shallots, dry (excluding dehydrated)",2021,190149
Philippines,Oranges,2019,1784
Philippines,Oranges,2020,1505
Philippines,Oranges,2021,1356
Philippines,"Other beans, green",2019,7422
Philippines,"Other beans, green",2020,7100
Philippines,"Other beans, green",2021,7503
Philippines,"Other citrus fruit, n.e.c.",2019,54954
Philippines,"Other citrus fruit, n.e.c.",2020,47416
Philippines,"Other citrus fruit, n.e.c.",2021,48915
Philippines,"Other fibre crops, raw, n.e.c.",2019,266
Philippines,"Other fibre crops, raw, n.e.c.",2020,521
Philippines,"Other fibre crops, raw, n.e.c.",2021,595
Philippines,"Other fruits, n.e.c.",2019,86856
Philippines,"Other fruits, n.e.c.",2020,87578
Philippines,"Other fruits, n.e.c.",2021,89136
Philippines,"Other nuts (excluding wild edible nuts and groundnuts), in shell, n.e.c.",2019,48474
Philippines,"Other nuts (excluding wild edible nuts and groundnuts), in shell, n.e.c.",2020,42875
Philippines,"Other nuts (excluding wild edible nuts and groundnuts), in shell, n.e.c.",2021,39679
Philippines,"Other oil seeds, n.e.c.",2019,2781
Philippines,"Other oil seeds, n.e.c.",2020,2814
Philippines,"Other oil seeds, n.e.c.",2021,2782
Philippines,Other pulses n.e.c.,2019,24655
Philippines,Other pulses n.e.c.,2020,24320
Philippines,Other pulses n.e.c.,2021,24574
Philippines,"Other tropical fruits, n.e.c.",2019,1795460
Philippines,"Other tropical fruits, n.e.c.",2020,1797931
Philippines,"Other tropical fruits, n.e.c.",2021,1800492
Philippines,"Other vegetables, fresh n.e.c.",2019,1845221
Philippines,"Other vegetables, fresh n.e.c.",2020,1859510
Philippines,"Other vegetables, fresh n.e.c.",2021,1865384
Philippines,Papayas,2019,26846
Philippines,Papayas,2020,26383
Philippines,Papayas,2021,26805
Philippines,"Peas, green",2019,9845
Philippines,"Peas, green",2020,9725
Philippines,"Peas, green",2021,9725
Philippines,"Pepper (Piper spp.), raw",2019,9266
Philippines,"Pepper (Piper spp.), raw",2020,8411
Philippines,"Pepper (Piper spp.), raw",2021,7895
Philippines,"Pigeon peas, dry",2019,1065
Philippines,"Pigeon peas, dry",2020,1091
Philippines,"Pigeon peas, dry",2021,1081
Philippines,Pineapples,2019,510392
Philippines,Pineapples,2020,501978
Philippines,Pineapples,2021,531260
Philippines,Pomelos and grapefruits,2019,15538
Philippines,Pomelos and grapefruits,2020,15603
Philippines,Pomelos and grapefruits,2021,15642
Philippines,Potatoes,2019,72341
Philippines,Potatoes,2020,70783
Philippines,Potatoes,2021,64236
Philippines,"Pumpkins, squash and gourds",2019,60589
Philippines,"Pumpkins, squash and gourds",2020,59578
Philippines,"Pumpkins, squash and gourds",2021,59814
Philippines,Raw milk of cattle,2019,15711
Philippines,Raw milk of cattle,2020,17213
Philippines,Raw milk of cattle,2021,16949
Philippines,Rice,2019,7525682
Philippines,Rice,2020,7717687
Philippines,Rice,2021,7983804
Philippines,"Seed cotton, unginned",2019,84
Philippines,"Seed cotton, unginned",2020,150
Philippines,"Seed cotton, unginned",2021,99
Philippines,Sorghum,2019,166
Philippines,Sorghum,2020,160
Philippines,Sorghum,2021,171
Philippines,Soya beans,2019,339
Philippines,Soya beans,2020,285
Philippines,Soya beans,2021,209
Philippines,String beans,2019,60453
Philippines,String beans,2020,58949
Philippines,String beans,2021,58553
Philippines,Sugar cane,2019,1325624
Philippines,Sugar cane,2020,1561048
Philippines,Sugar cane,2021,1681233
Philippines,Sweet potatoes,2019,165374
Philippines,Sweet potatoes,2020,171987
Philippines,Sweet potatoes,2021,171556
Philippines,"Tangerines, mandarins, clementines",2019,3259
Philippines,"Tangerines, mandarins, clementines",2020,3089
Philippines,"Tangerines, mandarins, clementines",2021,3006
Philippines,Taro,2019,34951
Philippines,Taro,2020,35777
Philippines,Taro,2021,36819
Philippines,Tomatoes,2019,72289
Philippines,Tomatoes,2020,71871
Philippines,Tomatoes,2021,72987
Philippines,Unmanufactured tobacco,2019,114797
Philippines,Unmanufactured tobacco,2020,117887
Philippines,Unmanufactured tobacco,2021,114505
Philippines,Watermelons,2019,36879
Philippines,Watermelons,2020,38161
Philippines,Watermelons,2021,34918
Philippines,Yams,2019,8021
Philippines,Yams,2020,7975
Philippines,Yams,2021,8085
Puerto Rico,Avocados,2019,2694
Puerto Rico,Avocados,2020,3466
Puerto Rico,Avocados,2021,4091
Puerto Rico,Bananas,2019,38303
Puerto Rico,Bananas,2020,38196
Puerto Rico,Bananas,2021,38829
Puerto Rico,"Beans, dry",2019,277
Puerto Rico,"Beans, dry",2020,222
Puerto Rico,"Beans, dry",2021,180
Puerto Rico,Cabbages,2019,68
Puerto Rico,Cabbages,2020,78
Puerto Rico,Cabbages,2021,73
Puerto Rico,Cantaloupes and other melons,2019,137
Puerto Rico,Cantaloupes and other melons,2020,109
Puerto Rico,Cantaloupes and other melons,2021,81
Puerto Rico,"Cassava, fresh",2019,461
Puerto Rico,"Cassava, fresh",2020,404
Puerto Rico,"Cassava, fresh",2021,405
Puerto Rico,Chicory roots,2019,1947
Puerto Rico,Chicory roots,2020,1948
Puerto Rico,Chicory roots,2021,1912
Puerto Rico,"Chillies and peppers, green (Capsicum spp. and Pimenta spp.)",2019,3406
Puerto Rico,"Chillies and peppers, green (Capsicum spp. and Pimenta spp.)",2020,3391
Puerto Rico,"Chillies and peppers, green (Capsicum spp. and Pimenta spp.)",2021,3242
Puerto Rico,"Coconuts, in shell",2019,68
Puerto Rico,"Coconuts, in shell",2020,71
Puerto Rico,"Coconuts, in shell",2021,59
Puerto Rico,"Coffee, green",2019,10017
Puerto Rico,"Coffee, green",2020,10736
Puerto Rico,"Coffee, green",2021,10250
Puerto Rico,Cucumbers and gherkins,2019,902
Puerto Rico,Cucumbers and gherkins,2020,999
Puerto Rico,Cucumbers and gherkins,2021,1067
Puerto Rico,"Edible roots and tubers with high starch or inulin content, n.e.c., fresh",2019,674
Puerto Rico,"Edible roots and tubers with high starch or inulin content, n.e.c., fresh",2020,726
Puerto Rico,"Edible roots and tubers with high starch or inulin content, n.e.c., fresh",2021,811
Puerto Rico,Eggplants (aubergines),2019,949
Puerto Rico,Eggplants (aubergines),2020,962
Puerto Rico,Eggplants (aubergines),2021,959
Puerto Rico,"Ginger, raw",2019,177
Puerto Rico,"Ginger, raw",2020,179
Puerto Rico,"Ginger, raw",2021,179
Puerto Rico,Green corn (maize),2019,1514
Puerto Rico,Green corn (maize),2020,1529
Puerto Rico,Green corn (maize),2021,1547
Puerto Rico,"Hen eggs in shell, fresh",2019,27736
Puerto Rico,"Hen eggs in shell, fresh",2020,26091
Puerto Rico,"Hen eggs in shell, fresh",2021,27698
Puerto Rico,Lemons and limes,2019,983
Puerto Rico,Lemons and limes,2020,1310
Puerto Rico,Lemons and limes,2021,1653
Puerto Rico,Lettuce and chicory,2019,4288
Puerto Rico,Lettuce and chicory,2020,4558
Puerto Rico,Lettuce and chicory,2021,4811
Puerto Rico,Maize (corn),2019,105
Puerto Rico,Maize (corn),2020,211
Puerto Rico,Maize (corn),2021,311
Puerto Rico,"Mangoes, guavas and mangosteens",2019,23175
Puerto Rico,"Mangoes, guavas and mangosteens",2020,21682
Puerto Rico,"Mangoes, guavas and mangosteens",2021,19994
Puerto Rico,"Meat of cattle with the bone, fresh or chilled (indigenous)",2019,31488
Puerto Rico,"Meat of cattle with the bone, fresh or chilled (indigenous)",2020,30033
Puerto Rico,"Meat of cattle with the bone, fresh or chilled (indigenous)",2021,28288
Puerto Rico,"Meat of chickens, fresh or chilled (indigenous)",2019,35342
Puerto Rico,"Meat of chickens, fresh or chilled (indigenous)",2020,29486
Puerto Rico,"Meat of chickens, fresh or chilled (indigenous)",2021,21611
Puerto Rico,"Meat of goat, fresh or chilled (indigenous)",2019,136
Puerto Rico,"Meat of goat, fresh or chilled (indigenous)",2020,114
Puerto Rico,"Meat of goat, fresh or chilled (indigenous)",2021,112
Puerto Rico,"Meat of pig with the bone, fresh or chilled (indigenous)",2019,41266
Puerto Rico,"Meat of pig with the bone, fresh or chilled (indigenous)",2020,43754
Puerto Rico,"Meat of pig with the bone, fresh or chilled (indigenous)",2021,43369
Puerto Rico,"Meat of rabbits and hares, fresh or chilled (indigenous)",2019,1438
Puerto Rico,"Meat of rabbits and hares, fresh or chilled (indigenous)",2020,1338
Puerto Rico,"Meat of rabbits and hares, fresh or chilled (indigenous)",2021,1339
Puerto Rico,"Meat of sheep, fresh or chilled (indigenous)",2019,345
Puerto Rico,"Meat of sheep, fresh or chilled (indigenous)",2020,366
Puerto Rico,"Meat of sheep, fresh or chilled (indigenous)",2021,391
Puerto Rico,Natural honey,2019,800
Puerto Rico,Natural honey,2020,1202
Puerto Rico,Natural honey,2021,1692
Puerto Rico,Okra,2019,232
Puerto Rico,Okra,2020,232
Puerto Rico,Okra,2021,233
Puerto Rico,"Onions and shallots, green",2019,732
Puerto Rico,"Onions and shallots, green",2020,649
Puerto Rico,"Onions and shallots, green",2021,565
Puerto Rico,Oranges,2019,6876
Puerto Rico,Oranges,2020,7673
Puerto Rico,Oranges,2021,8018
Puerto Rico,"Other beans, green",2019,542
Puerto Rico,"Other beans, green",2020,547
Puerto Rico,"Other beans, green",2021,559
Puerto Rico,"Other fruits, n.e.c.",2019,1562
Puerto Rico,"Other fruits, n.e.c.",2020,1543
Puerto Rico,"Other fruits, n.e.c.",2021,1518
Puerto Rico,Papayas,2019,5442
Puerto Rico,Papayas,2020,5193
Puerto Rico,Papayas,2021,5742
Puerto Rico,"Pigeon peas, dry",2019,439
Puerto Rico,"Pigeon peas, dry",2020,434
Puerto Rico,"Pigeon peas, dry",2021,397
Puerto Rico,Pineapples,2019,5751
Puerto Rico,Pineapples,2020,6814
Puerto Rico,Pineapples,2021,8192
Puerto Rico,Plantains and cooking bananas,2019,106606
Puerto Rico,Plantains and cooking bananas,2020,113004
Puerto Rico,Plantains and cooking bananas,2021,117038
Puerto Rico,Pomelos and grapefruits,2019,96
Puerto Rico,Pomelos and grapefruits,2020,92
Puerto Rico,Pomelos and grapefruits,2021,85
Puerto Rico,"Pumpkins, squash and gourds",2019,4555
Puerto Rico,"Pumpkins, squash and gourds",2020,5188
Puerto Rico,"Pumpkins, squash and gourds",2021,5773
Puerto Rico,Raw milk of cattle,2019,196003
Puerto Rico,Raw milk of cattle,2020,201841
Puerto Rico,Raw milk of cattle,2021,177901
Puerto Rico,Raw milk of goats,2019,106
Puerto Rico,Raw milk of goats,2020,107
Puerto Rico,Raw milk of goats,2021,107
Puerto Rico,Rice,2019,2766
Puerto Rico,Rice,2020,3442
Puerto Rico,Rice,2021,4118
Puerto Rico,Sweet potatoes,2019,591
Puerto Rico,Sweet potatoes,2020,489
Puerto Rico,Sweet potatoes,2021,404
Puerto Rico,Tomatoes,2019,19405
Puerto Rico,Tomatoes,2020,19600
Puerto Rico,Tomatoes,2021,19849
Puerto Rico,Unmanufactured tobacco,2019,11
Puerto Rico,Unmanufactured tobacco,2020,10
Puerto Rico,Unmanufactured tobacco,2021,12
Puerto Rico,Watermelons,2019,2799
Puerto Rico,Watermelons,2020,2965
Puerto Rico,Watermelons,2021,3014
Puerto Rico,Yams,2019,4146
Puerto Rico,Yams,2020,3912
Puerto Rico,Yams,2021,3735
Puerto Rico,Yautia,2019,2094
Puerto Rico,Yautia,2020,2131
Puerto Rico,Yautia,2021,2194
Qatar,Barley,2019,55
Qatar,Barley,2020,64
Qatar,Barley,2021,28
Qatar,Cabbages,2019,828
Qatar,Cabbages,2020,936
Qatar,Cabbages,2021,952
Qatar,Cantaloupes and other melons,2019,1216
Qatar,Cantaloupes and other melons,2020,571
Qatar,Cantaloupes and other melons,2021,212
Qatar,Carrots and turnips,2019,26
Qatar,Carrots and turnips,2020,46
Qatar,Carrots and turnips,2021,18
Qatar,Cauliflowers and broccoli,2019,1218
Qatar,Cauliflowers and broccoli,2020,1130
Qatar,Cauliflowers and broccoli,2021,934
Qatar,Cereals n.e.c.,2019,39
Qatar,Cereals n.e.c.,2020,70
Qatar,Cereals n.e.c.,2021,31
Qatar,Chicory roots,2019,80
Qatar,Chicory roots,2020,79
Qatar,Chicory roots,2021,78
Qatar,"Chillies and peppers, green (Capsicum spp. and Pimenta spp.)",2019,2027
Qatar,"Chillies and peppers, green (Capsicum spp. and Pimenta spp.)",2020,2852
Qatar,"Chillies and peppers, green (Capsicum spp. and Pimenta spp.)",2021,3493
Qatar,Cucumbers and gherkins,2019,17431
Qatar,Cucumbers and gherkins,2020,19845
Qatar,Cucumbers and gherkins,2021,15280
Qatar,Dates,2019,21563
Qatar,Dates,2020,22200
Qatar,Dates,2021,23960
Qatar,Eggplants (aubergines),2019,3538
Qatar,Eggplants (aubergines),2020,3785
Qatar,Eggplants (aubergines),2021,4099
Qatar,Figs,2019,15
Qatar,Figs,2020,11
Qatar,Figs,2021,17
Qatar,Grapes,2020,1
Qatar,Grapes,2021,7
Qatar,Green corn (maize),2019,916
Qatar,Green corn (maize),2020,895
Qatar,Green corn (maize),2021,899
Qatar,"Hen eggs in shell, fresh",2019,18006
Qatar,"Hen eggs in shell, fresh",2020,20694
Qatar,"Hen eggs in shell, fresh",2021,21219
Qatar,Lettuce and chicory,2019,224
Qatar,Lettuce and chicory,2020,331
Qatar,Lettuce and chicory,2021,201
Qatar,Maize (corn),2019,213
Qatar,Maize (corn),2020,326
Qatar,Maize (corn),2021,968
Qatar,"Meat of camels, fresh or chilled (indigenous)",2019,1
Qatar,"Meat of camels, fresh or chilled (indigenous)",2020,5793
Qatar,"Meat of camels, fresh or chilled (indigenous)",2021,1
Qatar,"Meat of cattle with the bone, fresh or chilled (indigenous)",2019,2333
Qatar,"Meat of cattle with the bone, fresh or chilled (indigenous)",2020,1
Qatar,"Meat of cattle with the bone, fresh or chilled (indigenous)",2021,482
Qatar,"Meat of chickens, fresh or chilled (indigenous)",2019,150912
Qatar,"Meat of chickens, fresh or chilled (indigenous)",2020,193521
Qatar,"Meat of chickens, fresh or chilled (indigenous)",2021,196934
Qatar,"Meat of goat, fresh or chilled (indigenous)",2019,0
Qatar,"Meat of goat, fresh or chilled (indigenous)",2020,4230
Qatar,"Meat of goat, fresh or chilled (indigenous)",2021,3957
Qatar,"Meat of sheep, fresh or chilled (indigenous)",2019,0
Qatar,"Meat of sheep, fresh or chilled (indigenous)",2020,0
Qatar,"Meat of sheep, fresh or chilled (indigenous)",2021,3505
Qatar,Okra,2019,333
Qatar,Okra,2020,431
Qatar,Okra,2021,1282
Qatar,"Onions and shallots, dry (excluding dehydrated)",2019,1818
Qatar,"Onions and shallots, dry (excluding dehydrated)",2020,1907
Qatar,"Onions and shallots, dry (excluding dehydrated)",2021,1092
Qatar,"Other beans, green",2019,118
Qatar,"Other beans, green",2020,133
Qatar,"Other beans, green",2021,153
Qatar,"Other citrus fruit, n.e.c.",2019,491
Qatar,"Other citrus fruit, n.e.c.",2020,227
Qatar,"Other citrus fruit, n.e.c.",2021,952
Qatar,"Other fruits, n.e.c.",2019,115
Qatar,"Other fruits, n.e.c.",2020,55
Qatar,"Other fruits, n.e.c.",2021,281
Qatar,"Other vegetables, fresh n.e.c.",2019,3575
Qatar,"Other vegetables, fresh n.e.c.",2020,6026
Qatar,"Other vegetables, fresh n.e.c.",2021,6640
Qatar,Potatoes,2019,64
Qatar,Potatoes,2020,153
Qatar,Potatoes,2021,363
Qatar,"Pumpkins, squash and gourds",2019,5520
Qatar,"Pumpkins, squash and gourds",2020,3800
Qatar,"Pumpkins, squash and gourds",2021,5067
Qatar,Raw milk of camel,2019,81886
Qatar,Raw milk of camel,2020,77699
Qatar,Raw milk of camel,2021,75081
Qatar,Raw milk of cattle,2019,8026
Qatar,Raw milk of cattle,2020,8026
Qatar,Raw milk of cattle,2021,8026
Qatar,Raw milk of goats,2019,15016
Qatar,Raw milk of goats,2020,15084
Qatar,Raw milk of goats,2021,13618
Qatar,Raw milk of sheep,2019,23607
Qatar,Raw milk of sheep,2020,23055
Qatar,Raw milk of sheep,2021,21763
Qatar,Spinach,2019,76
Qatar,Spinach,2020,106
Qatar,Spinach,2021,54
Qatar,Tomatoes,2019,18803
Qatar,Tomatoes,2020,21133
Qatar,Tomatoes,2021,26237
Qatar,Watermelons,2019,226
Qatar,Watermelons,2020,211
Qatar,Watermelons,2021,109
Qatar,Wheat,2019,1
Qatar,Wheat,2020,1
Qatar,Wheat,2021,98
"Korea, Rep.",Apples,2019,784681
"Korea, Rep.",Apples,2020,618739
"Korea, Rep.",Apples,2021,756255
"Korea, Rep.",Barley,2019,87916
"Korea, Rep.",Barley,2020,63182
"Korea, Rep.",Barley,2021,56843
"Korea, Rep.","Beans, dry",2019,36380
"Korea, Rep.","Beans, dry",2020,29492
"Korea, Rep.","Beans, dry",2021,29472
"Korea, Rep.",Buckwheat,2019,8648
"Korea, Rep.",Buckwheat,2020,4952
"Korea, Rep.",Buckwheat,2021,6288
"Korea, Rep.",Cabbages,2019,218668
"Korea, Rep.",Cabbages,2020,255444
"Korea, Rep.",Cabbages,2021,240210
"Korea, Rep.",Cantaloupes and other melons,2019,36634
"Korea, Rep.",Cantaloupes and other melons,2020,36302
"Korea, Rep.",Cantaloupes and other melons,2021,48427
"Korea, Rep.",Carrots and turnips,2019,39828
"Korea, Rep.",Carrots and turnips,2020,59674
"Korea, Rep.",Carrots and turnips,2021,66317
"Korea, Rep.",Cauliflowers and broccoli,2019,64
"Korea, Rep.",Cauliflowers and broccoli,2020,59
"Korea, Rep.",Cauliflowers and broccoli,2021,59
"Korea, Rep.",Cereals n.e.c.,2019,18752
"Korea, Rep.",Cereals n.e.c.,2020,16742
"Korea, Rep.",Cereals n.e.c.,2021,13788
"Korea, Rep.","Chestnuts, in shell",2019,101212
"Korea, Rep.","Chestnuts, in shell",2020,99270
"Korea, Rep.","Chestnuts, in shell",2021,98461
"Korea, Rep.","Chillies and peppers, green (Capsicum spp. and Pimenta spp.)",2019,7121123
"Korea, Rep.","Chillies and peppers, green (Capsicum spp. and Pimenta spp.)",2020,6817100
"Korea, Rep.","Chillies and peppers, green (Capsicum spp. and Pimenta spp.)",2021,7313014
"Korea, Rep.",Cucumbers and gherkins,2019,288718
"Korea, Rep.",Cucumbers and gherkins,2020,264687
"Korea, Rep.",Cucumbers and gherkins,2021,223940
"Korea, Rep.",Eggplants (aubergines),2019,4381
"Korea, Rep.",Eggplants (aubergines),2020,4295
"Korea, Rep.",Eggplants (aubergines),2021,4376
"Korea, Rep.","Eggs from other birds in shell, fresh, n.e.c.",2019,53425
"Korea, Rep.","Eggs from other birds in shell, fresh, n.e.c.",2020,53425
"Korea, Rep.","Eggs from other birds in shell, fresh, n.e.c.",2021,53425
"Korea, Rep.","Ginger, raw",2019,77061
"Korea, Rep.","Ginger, raw",2020,97346
"Korea, Rep.","Ginger, raw",2021,110631
"Korea, Rep.",Grapes,2019,463247
"Korea, Rep.",Grapes,2020,462542
"Korea, Rep.",Grapes,2021,468798
"Korea, Rep.",Green garlic,2019,971862
"Korea, Rep.",Green garlic,2020,911096
"Korea, Rep.",Green garlic,2021,773466
"Korea, Rep.","Groundnuts, excluding shelled",2019,45406
"Korea, Rep.","Groundnuts, excluding shelled",2020,52549
"Korea, Rep.","Groundnuts, excluding shelled",2021,58952
"Korea, Rep.","Hen eggs in shell, fresh",2019,1104714
"Korea, Rep.","Hen eggs in shell, fresh",2020,1108653
"Korea, Rep.","Hen eggs in shell, fresh",2021,1110047
"Korea, Rep.",Kiwi fruit,2019,11897
"Korea, Rep.",Kiwi fruit,2020,12118
"Korea, Rep.",Kiwi fruit,2021,11692
"Korea, Rep.",Leeks and other alliaceous vegetables,2019,141020
"Korea, Rep.",Leeks and other alliaceous vegetables,2020,140984
"Korea, Rep.",Leeks and other alliaceous vegetables,2021,142420
"Korea, Rep.",Lettuce and chicory,2019,367430
"Korea, Rep.",Lettuce and chicory,2020,372012
"Korea, Rep.",Lettuce and chicory,2021,373407
"Korea, Rep.",Maize (corn),2019,48796
"Korea, Rep.",Maize (corn),2020,58659
"Korea, Rep.",Maize (corn),2021,60817
"Korea, Rep.","Meat of cattle with the bone, fresh or chilled (indigenous)",2019,3746140
"Korea, Rep.","Meat of cattle with the bone, fresh or chilled (indigenous)",2020,3811650
"Korea, Rep.","Meat of cattle with the bone, fresh or chilled (indigenous)",2021,3981944
"Korea, Rep.","Meat of chickens, fresh or chilled (indigenous)",2019,2389381
"Korea, Rep.","Meat of chickens, fresh or chilled (indigenous)",2020,2685021
"Korea, Rep.","Meat of chickens, fresh or chilled (indigenous)",2021,2609618
"Korea, Rep.","Meat of ducks, fresh or chilled (indigenous)",2019,256404
"Korea, Rep.","Meat of ducks, fresh or chilled (indigenous)",2020,228765
"Korea, Rep.","Meat of ducks, fresh or chilled (indigenous)",2021,195603
"Korea, Rep.","Meat of geese, fresh or chilled (indigenous)",2019,46
"Korea, Rep.","Meat of geese, fresh or chilled (indigenous)",2020,43
"Korea, Rep.","Meat of geese, fresh or chilled (indigenous)",2021,44
"Korea, Rep.","Meat of goat, fresh or chilled (indigenous)",2019,30373
"Korea, Rep.","Meat of goat, fresh or chilled (indigenous)",2020,30077
"Korea, Rep.","Meat of goat, fresh or chilled (indigenous)",2021,33378
"Korea, Rep.","Meat of pig with the bone, fresh or chilled (indigenous)",2019,5287065
"Korea, Rep.","Meat of pig with the bone, fresh or chilled (indigenous)",2020,5438295
"Korea, Rep.","Meat of pig with the bone, fresh or chilled (indigenous)",2021,5453538
"Korea, Rep.","Meat of rabbits and hares, fresh or chilled (indigenous)",2019,22201
"Korea, Rep.","Meat of rabbits and hares, fresh or chilled (indigenous)",2020,20213
"Korea, Rep.","Meat of rabbits and hares, fresh or chilled (indigenous)",2021,22477
"Korea, Rep.","Meat of sheep, fresh or chilled (indigenous)",2019,282
"Korea, Rep.","Meat of sheep, fresh or chilled (indigenous)",2020,261
"Korea, Rep.","Meat of sheep, fresh or chilled (indigenous)",2021,236
"Korea, Rep.",Millet,2019,669
"Korea, Rep.",Millet,2020,669
"Korea, Rep.",Millet,2021,669
"Korea, Rep.",Mushrooms and truffles,2019,73864
"Korea, Rep.",Mushrooms and truffles,2020,74423
"Korea, Rep.",Mushrooms and truffles,2021,69514
"Korea, Rep.",Natural honey,2019,462147
"Korea, Rep.",Natural honey,2020,472717
"Korea, Rep.",Natural honey,2021,469575
"Korea, Rep.","Onions and shallots, dry (excluding dehydrated)",2019,310080
"Korea, Rep.","Onions and shallots, dry (excluding dehydrated)",2020,227190
"Korea, Rep.","Onions and shallots, dry (excluding dehydrated)",2021,306638
"Korea, Rep.","Onions and shallots, green",2019,485027
"Korea, Rep.","Onions and shallots, green",2020,437081
"Korea, Rep.","Onions and shallots, green",2021,515821
"Korea, Rep.","Other citrus fruit, n.e.c.",2019,896
"Korea, Rep.","Other citrus fruit, n.e.c.",2020,896
"Korea, Rep.","Other citrus fruit, n.e.c.",2021,896
"Korea, Rep.","Other fruits, n.e.c.",2019,70053
"Korea, Rep.","Other fruits, n.e.c.",2020,71933
"Korea, Rep.","Other fruits, n.e.c.",2021,61994
"Korea, Rep.","Other nuts (excluding wild edible nuts and groundnuts), in shell, n.e.c.",2019,95080
"Korea, Rep.","Other nuts (excluding wild edible nuts and groundnuts), in shell, n.e.c.",2020,96072
"Korea, Rep.","Other nuts (excluding wild edible nuts and groundnuts), in shell, n.e.c.",2021,98128
"Korea, Rep.","Other oil seeds, n.e.c.",2019,71225
"Korea, Rep.","Other oil seeds, n.e.c.",2020,65241
"Korea, Rep.","Other oil seeds, n.e.c.",2021,71481
"Korea, Rep.",Other pulses n.e.c.,2019,36692
"Korea, Rep.",Other pulses n.e.c.,2020,35557
"Korea, Rep.",Other pulses n.e.c.,2021,33976
"Korea, Rep.","Other vegetables, fresh n.e.c.",2019,2152524
"Korea, Rep.","Other vegetables, fresh n.e.c.",2020,2135088
"Korea, Rep.","Other vegetables, fresh n.e.c.",2021,2123534
"Korea, Rep.",Peaches and nectarines,2019,356763
"Korea, Rep.",Peaches and nectarines,2020,320658
"Korea, Rep.",Peaches and nectarines,2021,325808
"Korea, Rep.",Pears,2019,183925
"Korea, Rep.",Pears,2020,121479
"Korea, Rep.",Pears,2021,192685
"Korea, Rep.",Persimmons,2019,178627
"Korea, Rep.",Persimmons,2020,137186
"Korea, Rep.",Persimmons,2021,138424
"Korea, Rep.",Pineapples,2019,1089
"Korea, Rep.",Pineapples,2020,1069
"Korea, Rep.",Pineapples,2021,1095
"Korea, Rep.",Plums and sloes,2019,88089
"Korea, Rep.",Plums and sloes,2020,86263
"Korea, Rep.",Plums and sloes,2021,86658
"Korea, Rep.",Potatoes,2019,120824
"Korea, Rep.",Potatoes,2020,106070
"Korea, Rep.",Potatoes,2021,106396
"Korea, Rep.","Pumpkins, squash and gourds",2019,541982
"Korea, Rep.","Pumpkins, squash and gourds",2020,513289
"Korea, Rep.","Pumpkins, squash and gourds",2021,383263
"Korea, Rep.",Rape or colza seed,2019,726
"Korea, Rep.",Rape or colza seed,2020,726
"Korea, Rep.",Rape or colza seed,2021,726
"Korea, Rep.",Raw milk of cattle,2019,1385794
"Korea, Rep.",Raw milk of cattle,2020,1412403
"Korea, Rep.",Raw milk of cattle,2021,1375618
"Korea, Rep.",Raw milk of goats,2019,6609
"Korea, Rep.",Raw milk of goats,2020,6811
"Korea, Rep.",Raw milk of goats,2021,6751
"Korea, Rep.",Rice,2019,8607273
"Korea, Rep.",Rice,2020,8087481
"Korea, Rep.",Rice,2021,8941802
"Korea, Rep.",Rye,2019,2
"Korea, Rep.",Rye,2020,2
"Korea, Rep.",Rye,2021,2
"Korea, Rep.",Sesame seed,2019,166651
"Korea, Rep.",Sesame seed,2020,87201
"Korea, Rep.",Sesame seed,2021,129486
"Korea, Rep.",Silk-worm cocoons suitable for reeling,2019,86
"Korea, Rep.",Silk-worm cocoons suitable for reeling,2020,76
"Korea, Rep.",Silk-worm cocoons suitable for reeling,2021,75
"Korea, Rep.",Sorghum,2019,8898
"Korea, Rep.",Sorghum,2020,9039
"Korea, Rep.",Sorghum,2021,8904
"Korea, Rep.",Soya beans,2019,361347
"Korea, Rep.",Soya beans,2020,277600
"Korea, Rep.",Soya beans,2021,380011
"Korea, Rep.",Spinach,2019,135187
"Korea, Rep.",Spinach,2020,120228
"Korea, Rep.",Spinach,2021,103892
"Korea, Rep.",Strawberries,2019,1651615
"Korea, Rep.",Strawberries,2020,1153934
"Korea, Rep.",Strawberries,2021,1251483
"Korea, Rep.",Sweet potatoes,2019,186879
"Korea, Rep.",Sweet potatoes,2020,167397
"Korea, Rep.",Sweet potatoes,2021,177030
"Korea, Rep.","Tangerines, mandarins, clementines",2019,421170
"Korea, Rep.","Tangerines, mandarins, clementines",2020,440613
"Korea, Rep.","Tangerines, mandarins, clementines",2021,425215
"Korea, Rep.",Tea leaves,2019,65097
"Korea, Rep.",Tea leaves,2020,67767
"Korea, Rep.",Tea leaves,2021,69763
"Korea, Rep.",Tomatoes,2019,697260
"Korea, Rep.",Tomatoes,2020,669002
"Korea, Rep.",Tomatoes,2021,718266
"Korea, Rep.",Unmanufactured tobacco,2019,220193
"Korea, Rep.",Unmanufactured tobacco,2020,227244
"Korea, Rep.",Unmanufactured tobacco,2021,225620
"Korea, Rep.","Walnuts, in shell",2019,4249
"Korea, Rep.","Walnuts, in shell",2020,4130
"Korea, Rep.","Walnuts, in shell",2021,4234
"Korea, Rep.",Watermelons,2019,191478
"Korea, Rep.",Watermelons,2020,187741
"Korea, Rep.",Watermelons,2021,196795
"Korea, Rep.",Wheat,2019,10495
"Korea, Rep.",Wheat,2020,11865
"Korea, Rep.",Wheat,2021,18388
Moldova,"Almonds, in shell",2019,357
Moldova,"Almonds, in shell",2020,367
Moldova,"Almonds, in shell",2021,364
Moldova,Apples,2019,76379
Moldova,Apples,2020,60057
Moldova,Apples,2021,80973
Moldova,Apricots,2019,4616
Moldova,Apricots,2020,1514
Moldova,Apricots,2021,2395
Moldova,Barley,2019,21152
Moldova,Barley,2020,13437
Moldova,Barley,2021,31892
Moldova,"Beans, dry",2019,9324
Moldova,"Beans, dry",2020,8700
Moldova,"Beans, dry",2021,9255
Moldova,Buckwheat,2019,14
Moldova,Buckwheat,2020,2
Moldova,Buckwheat,2021,3
Moldova,Cabbages,2019,2602
Moldova,Cabbages,2020,2180
Moldova,Cabbages,2021,2069
Moldova,Cantaloupes and other melons,2019,530
Moldova,Cantaloupes and other melons,2020,394
Moldova,Cantaloupes and other melons,2021,516
Moldova,Carrots and turnips,2019,4626
Moldova,Carrots and turnips,2020,3327
Moldova,Carrots and turnips,2021,3744
Moldova,Cauliflowers and broccoli,2019,312
Moldova,Cauliflowers and broccoli,2020,310
Moldova,Cauliflowers and broccoli,2021,309
Moldova,Cherries,2019,4798
Moldova,Cherries,2020,4402
Moldova,Cherries,2021,4348
Moldova,"Chick peas, dry",2019,372
Moldova,"Chick peas, dry",2020,374
Moldova,"Chick peas, dry",2021,373
Moldova,"Chillies and peppers, green (Capsicum spp. and Pimenta spp.)",2019,2186
Moldova,"Chillies and peppers, green (Capsicum spp. and Pimenta spp.)",2020,1606
Moldova,"Chillies and peppers, green (Capsicum spp. and Pimenta spp.)",2021,1549
Moldova,Cucumbers and gherkins,2019,10324
Moldova,Cucumbers and gherkins,2020,5488
Moldova,Cucumbers and gherkins,2021,6977
Moldova,Currants,2019,169
Moldova,Currants,2020,150
Moldova,Currants,2021,274
Moldova,Eggplants (aubergines),2019,1174
Moldova,Eggplants (aubergines),2020,909
Moldova,Eggplants (aubergines),2021,1051
Moldova,"Eggs from other birds in shell, fresh, n.e.c.",2019,24
Moldova,"Eggs from other birds in shell, fresh, n.e.c.",2020,24
Moldova,"Eggs from other birds in shell, fresh, n.e.c.",2021,24
Moldova,Gooseberries,2019,35
Moldova,Gooseberries,2020,22
Moldova,Gooseberries,2021,21
Moldova,Grapes,2019,141946
Moldova,Grapes,2020,99565
Moldova,Grapes,2021,105734
Moldova,Green corn (maize),2019,1015
Moldova,Green corn (maize),2020,1083
Moldova,Green corn (maize),2021,1046
Moldova,Green garlic,2019,9653
Moldova,Green garlic,2020,10002
Moldova,Green garlic,2021,10504
Moldova,"Hazelnuts, in shell",2019,215
Moldova,"Hazelnuts, in shell",2020,213
Moldova,"Hazelnuts, in shell",2021,212
Moldova,"Hen eggs in shell, fresh",2019,40767
Moldova,"Hen eggs in shell, fresh",2020,37252
Moldova,"Hen eggs in shell, fresh",2021,34340
Moldova,"Horse meat, fresh or chilled (indigenous)",2019,121
Moldova,"Horse meat, fresh or chilled (indigenous)",2020,894
Moldova,"Horse meat, fresh or chilled (indigenous)",2021,778
Moldova,Leeks and other alliaceous vegetables,2019,196
Moldova,Leeks and other alliaceous vegetables,2020,196
Moldova,Leeks and other alliaceous vegetables,2021,192
Moldova,Maize (corn),2019,291683
Moldova,Maize (corn),2020,107527
Moldova,Maize (corn),2021,382456
Moldova,"Meat of cattle with the bone, fresh or chilled (indigenous)",2019,17484
Moldova,"Meat of cattle with the bone, fresh or chilled (indigenous)",2020,5730
Moldova,"Meat of cattle with the bone, fresh or chilled (indigenous)",2021,5212
Moldova,"Meat of chickens, fresh or chilled (indigenous)",2019,71679
Moldova,"Meat of chickens, fresh or chilled (indigenous)",2020,65860
Moldova,"Meat of chickens, fresh or chilled (indigenous)",2021,59902
Moldova,"Meat of pig with the bone, fresh or chilled (indigenous)",2019,125527
Moldova,"Meat of pig with the bone, fresh or chilled (indigenous)",2020,39895
Moldova,"Meat of pig with the bone, fresh or chilled (indigenous)",2021,37619
Moldova,"Meat of rabbits and hares, fresh or chilled (indigenous)",2019,910
Moldova,"Meat of rabbits and hares, fresh or chilled (indigenous)",2020,667
Moldova,"Meat of rabbits and hares, fresh or chilled (indigenous)",2021,861
Moldova,"Meat of sheep, fresh or chilled (indigenous)",2019,6249
Moldova,"Meat of sheep, fresh or chilled (indigenous)",2020,2674
Moldova,"Meat of sheep, fresh or chilled (indigenous)",2021,2632
Moldova,"Meat of turkeys, fresh or chilled (indigenous)",2019,1185
Moldova,"Meat of turkeys, fresh or chilled (indigenous)",2020,1029
Moldova,"Meat of turkeys, fresh or chilled (indigenous)",2021,959
Moldova,Millet,2019,48
Moldova,Millet,2020,4
Moldova,Millet,2021,174
Moldova,Mixed grain,2019,213
Moldova,Mixed grain,2020,88
Moldova,Mixed grain,2021,558
Moldova,Mushrooms and truffles,2019,2665
Moldova,Mushrooms and truffles,2020,2502
Moldova,Mushrooms and truffles,2021,2428
Moldova,Natural honey,2019,9578
Moldova,Natural honey,2020,7137
Moldova,Natural honey,2021,12167
Moldova,Oats,2019,200
Moldova,Oats,2020,206
Moldova,Oats,2021,321
Moldova,"Onions and shallots, dry (excluding dehydrated)",2019,9077
Moldova,"Onions and shallots, dry (excluding dehydrated)",2020,8871
Moldova,"Onions and shallots, dry (excluding dehydrated)",2021,8181
Moldova,"Other beans, green",2019,174
Moldova,"Other beans, green",2020,162
Moldova,"Other beans, green",2021,167
Moldova,"Other nuts (excluding wild edible nuts and groundnuts), in shell, n.e.c.",2019,149
Moldova,"Other nuts (excluding wild edible nuts and groundnuts), in shell, n.e.c.",2020,148
Moldova,"Other nuts (excluding wild edible nuts and groundnuts), in shell, n.e.c.",2021,147
Moldova,"Other vegetables, fresh n.e.c.",2019,7923
Moldova,"Other vegetables, fresh n.e.c.",2020,6131
Moldova,"Other vegetables, fresh n.e.c.",2021,6710
Moldova,Peaches and nectarines,2019,4799
Moldova,Peaches and nectarines,2020,4023
Moldova,Peaches and nectarines,2021,3981
Moldova,Pears,2019,1244
Moldova,Pears,2020,1032
Moldova,Pears,2021,1184
Moldova,"Peas, dry",2019,7870
Moldova,"Peas, dry",2020,3012
Moldova,"Peas, dry",2021,5450
Moldova,"Peas, green",2019,666
Moldova,"Peas, green",2020,880
Moldova,"Peas, green",2021,819
Moldova,Plums and sloes,2019,16691
Moldova,Plums and sloes,2020,13051
Moldova,Plums and sloes,2021,17218
Moldova,Potatoes,2019,23238
Moldova,Potatoes,2020,22587
Moldova,Potatoes,2021,28683
Moldova,"Pumpkins, squash and gourds",2019,7065
Moldova,"Pumpkins, squash and gourds",2020,4002
Moldova,"Pumpkins, squash and gourds",2021,3164
Moldova,Quinces,2019,799
Moldova,Quinces,2020,929
Moldova,Quinces,2021,882
Moldova,Rape or colza seed,2019,26703
Moldova,Rape or colza seed,2020,16287
Moldova,Rape or colza seed,2021,31917
Moldova,Raspberries,2019,3263
Moldova,Raspberries,2020,3190
Moldova,Raspberries,2021,3603
Moldova,Raw milk of cattle,2019,93063
Moldova,Raw milk of cattle,2020,91341
Moldova,Raw milk of cattle,2021,83299
Moldova,Raw milk of goats,2019,4967
Moldova,Raw milk of goats,2020,1826
Moldova,Raw milk of goats,2021,1859
Moldova,Raw milk of sheep,2019,8810
Moldova,Raw milk of sheep,2020,12933
Moldova,Raw milk of sheep,2021,12382
Moldova,Rye,2019,115
Moldova,Rye,2020,226
Moldova,Rye,2021,369
Moldova,"Shorn wool, greasy, including fleece-washed shorn wool",2019,863
Moldova,"Shorn wool, greasy, including fleece-washed shorn wool",2020,720
Moldova,"Shorn wool, greasy, including fleece-washed shorn wool",2021,622
Moldova,Sorghum,2019,5808
Moldova,Sorghum,2020,1489
Moldova,Sorghum,2021,3481
Moldova,Sour cherries,2019,3077
Moldova,Sour cherries,2020,3251
Moldova,Sour cherries,2021,3083
Moldova,Soya beans,2019,20950
Moldova,Soya beans,2020,10880
Moldova,Soya beans,2021,16477
Moldova,Strawberries,2019,7668
Moldova,Strawberries,2020,7496
Moldova,Strawberries,2021,9170
Moldova,Sugar beet,2019,22477
Moldova,Sugar beet,2020,15673
Moldova,Sugar beet,2021,28063
Moldova,Sunflower seed,2019,264525
Moldova,Sunflower seed,2020,160563
Moldova,Sunflower seed,2021,312993
Moldova,Tomatoes,2019,5783
Moldova,Tomatoes,2020,3562
Moldova,Tomatoes,2021,3862
Moldova,Unmanufactured tobacco,2019,600
Moldova,Unmanufactured tobacco,2020,564
Moldova,Unmanufactured tobacco,2021,646
Moldova,Vetches,2019,99
Moldova,Vetches,2020,65
Moldova,Vetches,2021,158
Moldova,"Walnuts, in shell",2019,17565
Moldova,"Walnuts, in shell",2020,14553
Moldova,"Walnuts, in shell",2021,18973
Moldova,Watermelons,2019,3568
Moldova,Watermelons,2020,2297
Moldova,Watermelons,2021,3230
Moldova,Wheat,2019,145249
Moldova,Wheat,2020,72117
Moldova,Wheat,2021,198126
Russian Federation,"Anise, badian, coriander, cumin, caraway, fennel and juniper berries, raw",2019,63917
Russian Federation,"Anise, badian, coriander, cumin, caraway, fennel and juniper berries, raw",2020,62808
Russian Federation,"Anise, badian, coriander, cumin, caraway, fennel and juniper berries, raw",2021,153189
Russian Federation,Apples,2019,701552
Russian Federation,Apples,2020,733882
Russian Federation,Apples,2021,796672
Russian Federation,Apricots,2019,46161
Russian Federation,Apricots,2020,48283
Russian Federation,Apricots,2021,52396
Russian Federation,Barley,2019,2593165
Russian Federation,Barley,2020,2650106
Russian Federation,Barley,2021,2277683
Russian Federation,"Beans, dry",2019,1303
Russian Federation,"Beans, dry",2020,1433
Russian Federation,"Beans, dry",2021,1598
Russian Federation,"Broad beans and horse beans, dry",2019,1834
Russian Federation,"Broad beans and horse beans, dry",2020,1923
Russian Federation,"Broad beans and horse beans, dry",2021,1702
Russian Federation,"Broad beans and horse beans, green",2019,97
Russian Federation,"Broad beans and horse beans, green",2020,97
Russian Federation,"Broad beans and horse beans, green",2021,98
Russian Federation,Buckwheat,2019,244705
Russian Federation,Buckwheat,2020,277861
Russian Federation,Buckwheat,2021,286266
Russian Federation,Cabbages,2019,607762
Russian Federation,Cabbages,2020,609232
Russian Federation,Cabbages,2021,505141
Russian Federation,Carrots and turnips,2019,374449
Russian Federation,Carrots and turnips,2020,328773
Russian Federation,Carrots and turnips,2021,303373
Russian Federation,Castor oil seeds,2019,61
Russian Federation,Castor oil seeds,2020,1
Russian Federation,Castor oil seeds,2021,24
Russian Federation,Cauliflowers and broccoli,2019,9001
Russian Federation,Cauliflowers and broccoli,2020,8546
Russian Federation,Cauliflowers and broccoli,2021,8365
Russian Federation,Cereals n.e.c.,2019,2864
Russian Federation,Cereals n.e.c.,2020,2588
Russian Federation,Cereals n.e.c.,2021,2540
Russian Federation,Cherries,2019,31901
Russian Federation,Cherries,2020,33407
Russian Federation,Cherries,2021,36224
Russian Federation,"Chick peas, dry",2019,115397
Russian Federation,"Chick peas, dry",2020,66373
Russian Federation,"Chick peas, dry",2021,72234
Russian Federation,Chicory roots,2020,6
Russian Federation,Chicory roots,2021,8
Russian Federation,Cucumbers and gherkins,2019,2088953
Russian Federation,Cucumbers and gherkins,2020,2166741
Russian Federation,Cucumbers and gherkins,2021,2058377
Russian Federation,Currants,2019,585804
Russian Federation,Currants,2020,612878
Russian Federation,Currants,2021,665342
Russian Federation,"Eggs from other birds in shell, fresh, n.e.c.",2019,31095
Russian Federation,"Eggs from other birds in shell, fresh, n.e.c.",2020,34453
Russian Federation,"Eggs from other birds in shell, fresh, n.e.c.",2021,26768
Russian Federation,Gooseberries,2019,95429
Russian Federation,Gooseberries,2020,99816
Russian Federation,Gooseberries,2021,108317
Russian Federation,Grapes,2019,263846
Russian Federation,Grapes,2020,265368
Russian Federation,Grapes,2021,292448
Russian Federation,Green garlic,2019,242032
Russian Federation,Green garlic,2020,227174
Russian Federation,Green garlic,2021,178358
Russian Federation,Hempseed,2019,7838
Russian Federation,Hempseed,2020,8475
Russian Federation,Hempseed,2021,8777
Russian Federation,"Hen eggs in shell, fresh",2019,3257051
Russian Federation,"Hen eggs in shell, fresh",2020,3257901
Russian Federation,"Hen eggs in shell, fresh",2021,3263384
Russian Federation,Hop cones,2019,6717
Russian Federation,Hop cones,2020,7244
Russian Federation,Hop cones,2021,6412
Russian Federation,"Horse meat, fresh or chilled (indigenous)",2019,68348
Russian Federation,"Horse meat, fresh or chilled (indigenous)",2020,71516
Russian Federation,"Horse meat, fresh or chilled (indigenous)",2021,69929
Russian Federation,"Lentils, dry",2019,25078
Russian Federation,"Lentils, dry",2020,24850
Russian Federation,"Lentils, dry",2021,37876
Russian Federation,Linseed,2019,169581
Russian Federation,Linseed,2020,202867
Russian Federation,Linseed,2021,334756
Russian Federation,Lupins,2019,37907
Russian Federation,Lupins,2020,23663
Russian Federation,Lupins,2021,15896
Russian Federation,Maize (corn),2019,1925526
Russian Federation,Maize (corn),2020,1871175
Russian Federation,Maize (corn),2021,2054308
Russian Federation,"Meat of camels, fresh or chilled (indigenous)",2019,279
Russian Federation,"Meat of camels, fresh or chilled (indigenous)",2020,257
Russian Federation,"Meat of camels, fresh or chilled (indigenous)",2021,222
Russian Federation,"Meat of cattle with the bone, fresh or chilled (indigenous)",2019,6521146
Russian Federation,"Meat of cattle with the bone, fresh or chilled (indigenous)",2020,6609270
Russian Federation,"Meat of cattle with the bone, fresh or chilled (indigenous)",2021,6769049
Russian Federation,"Meat of chickens, fresh or chilled (indigenous)",2019,7847008
Russian Federation,"Meat of chickens, fresh or chilled (indigenous)",2020,7801496
Russian Federation,"Meat of chickens, fresh or chilled (indigenous)",2021,7879081
Russian Federation,"Meat of goat, fresh or chilled (indigenous)",2019,59975
Russian Federation,"Meat of goat, fresh or chilled (indigenous)",2020,59815
Russian Federation,"Meat of goat, fresh or chilled (indigenous)",2021,59708
Russian Federation,"Meat of pig with the bone, fresh or chilled (indigenous)",2019,11706832
Russian Federation,"Meat of pig with the bone, fresh or chilled (indigenous)",2020,12734669
Russian Federation,"Meat of pig with the bone, fresh or chilled (indigenous)",2021,12801412
Russian Federation,"Meat of rabbits and hares, fresh or chilled (indigenous)",2019,32377
Russian Federation,"Meat of rabbits and hares, fresh or chilled (indigenous)",2020,33043
Russian Federation,"Meat of rabbits and hares, fresh or chilled (indigenous)",2021,33731
Russian Federation,"Meat of sheep, fresh or chilled (indigenous)",2019,766806
Russian Federation,"Meat of sheep, fresh or chilled (indigenous)",2020,759277
Russian Federation,"Meat of sheep, fresh or chilled (indigenous)",2021,761959
Russian Federation,Millet,2019,53217
Russian Federation,Millet,2020,47975
Russian Federation,Millet,2021,44568
Russian Federation,Mushrooms and truffles,2019,79894
Russian Federation,Mushrooms and truffles,2020,143920
Russian Federation,Mushrooms and truffles,2021,184906
Russian Federation,Mustard seed,2019,32453
Russian Federation,Mustard seed,2020,20282
Russian Federation,Mustard seed,2021,28464
Russian Federation,Natural honey,2019,285516
Russian Federation,Natural honey,2020,298289
Russian Federation,Natural honey,2021,290042
Russian Federation,Oats,2019,464517
Russian Federation,Oats,2020,433824
Russian Federation,Oats,2021,396411
Russian Federation,"Onions and shallots, dry (excluding dehydrated)",2019,361976
Russian Federation,"Onions and shallots, dry (excluding dehydrated)",2020,376753
Russian Federation,"Onions and shallots, dry (excluding dehydrated)",2021,334403
Russian Federation,Other berries and fruits of the genus vaccinium n.e.c.,2019,8013
Russian Federation,Other berries and fruits of the genus vaccinium n.e.c.,2020,8394
Russian Federation,Other berries and fruits of the genus vaccinium n.e.c.,2021,8967
Russian Federation,"Other fruits, n.e.c.",2019,379
Russian Federation,"Other fruits, n.e.c.",2020,455
Russian Federation,"Other fruits, n.e.c.",2021,493
Russian Federation,"Other nuts (excluding wild edible nuts and groundnuts), in shell, n.e.c.",2019,73477
Russian Federation,"Other nuts (excluding wild edible nuts and groundnuts), in shell, n.e.c.",2020,76990
Russian Federation,"Other nuts (excluding wild edible nuts and groundnuts), in shell, n.e.c.",2021,118361
Russian Federation,Other pulses n.e.c.,2019,1999
Russian Federation,Other pulses n.e.c.,2020,888
Russian Federation,Other pulses n.e.c.,2021,707
Russian Federation,"Other vegetables, fresh n.e.c.",2019,454660
Russian Federation,"Other vegetables, fresh n.e.c.",2020,430877
Russian Federation,"Other vegetables, fresh n.e.c.",2021,402878
Russian Federation,Peaches and nectarines,2019,25041
Russian Federation,Peaches and nectarines,2020,26152
Russian Federation,Peaches and nectarines,2021,28441
Russian Federation,Pears,2019,25054
Russian Federation,Pears,2020,26206
Russian Federation,Pears,2021,28438
Russian Federation,"Peas, dry",2019,498118
Russian Federation,"Peas, dry",2020,576026
Russian Federation,"Peas, dry",2021,665942
Russian Federation,"Peas, green",2019,34872
Russian Federation,"Peas, green",2020,46764
Russian Federation,"Peas, green",2021,55553
Russian Federation,Plums and sloes,2019,116645
Russian Federation,Plums and sloes,2020,122008
Russian Federation,Plums and sloes,2021,132466
Russian Federation,Potatoes,2019,5191065
Russian Federation,Potatoes,2020,4610811
Russian Federation,Potatoes,2021,4302326
Russian Federation,"Pumpkins, squash and gourds",2019,86352
Russian Federation,"Pumpkins, squash and gourds",2020,82600
Russian Federation,"Pumpkins, squash and gourds",2021,79851
Russian Federation,Quinces,2019,2550
Russian Federation,Quinces,2020,2659
Russian Federation,Quinces,2021,2878
Russian Federation,Rape or colza seed,2019,641840
Russian Federation,Rape or colza seed,2020,801394
Russian Federation,Rape or colza seed,2021,870335
Russian Federation,Raspberries,2019,240051
Russian Federation,Raspberries,2020,251088
Russian Federation,Raspberries,2021,272609
Russian Federation,Raw milk of camel,2019,10
Russian Federation,Raw milk of camel,2020,10
Russian Federation,Raw milk of camel,2021,10
Russian Federation,Raw milk of cattle,2019,12183457
Russian Federation,Raw milk of cattle,2020,12520032
Russian Federation,Raw milk of cattle,2021,12566565
Russian Federation,Raw milk of goats,2019,85019
Russian Federation,Raw milk of goats,2020,87294
Russian Federation,Raw milk of goats,2021,85553
Russian Federation,Raw milk of sheep,2019,3165
Russian Federation,Raw milk of sheep,2020,2714
Russian Federation,Raw milk of sheep,2021,2932
Russian Federation,Rice,2019,328107
Russian Federation,Rice,2020,340996
Russian Federation,Rice,2021,321462
Russian Federation,Rye,2019,142861
Russian Federation,Rye,2020,237794
Russian Federation,Rye,2021,172216
Russian Federation,Safflower seed,2019,34437
Russian Federation,Safflower seed,2020,40989
Russian Federation,Safflower seed,2021,64211
Russian Federation,"Shorn wool, greasy, including fleece-washed shorn wool",2019,63449
Russian Federation,"Shorn wool, greasy, including fleece-washed shorn wool",2020,65280
Russian Federation,"Shorn wool, greasy, including fleece-washed shorn wool",2021,60450
Russian Federation,Sorghum,2019,32731
Russian Federation,Sorghum,2020,17591
Russian Federation,Sorghum,2021,38270
Russian Federation,Sour cherries,2019,163394
Russian Federation,Sour cherries,2020,170906
Russian Federation,Sour cherries,2021,185595
Russian Federation,Soya beans,2019,1605073
Russian Federation,Soya beans,2020,1585796
Russian Federation,Soya beans,2021,1752311
Russian Federation,Strawberries,2019,290202
Russian Federation,Strawberries,2020,303544
Russian Federation,Strawberries,2021,329535
Russian Federation,Sugar beet,2019,2587828
Russian Federation,Sugar beet,2020,1614834
Russian Federation,Sugar beet,2021,1961778
Russian Federation,Sunflower seed,2019,4920232
Russian Federation,Sunflower seed,2020,4259627
Russian Federation,Sunflower seed,2021,5008806
Russian Federation,Tea leaves,2019,14509
Russian Federation,Tea leaves,2020,16651
Russian Federation,Tea leaves,2021,11164
Russian Federation,Tomatoes,2019,3493358
Russian Federation,Tomatoes,2020,3447705
Russian Federation,Tomatoes,2021,3535345
Russian Federation,"True hemp, raw or retted",2019,426
Russian Federation,"True hemp, raw or retted",2020,420
Russian Federation,"True hemp, raw or retted",2021,421
Russian Federation,Unmanufactured tobacco,2019,63
Russian Federation,Unmanufactured tobacco,2020,675
Russian Federation,Unmanufactured tobacco,2021,51
Russian Federation,Vetches,2019,37198
Russian Federation,Vetches,2020,40480
Russian Federation,Vetches,2021,20758
Russian Federation,Watermelons,2019,235260
Russian Federation,Watermelons,2020,208777
Russian Federation,Watermelons,2021,250223
Russian Federation,Wheat,2019,11270255
Russian Federation,Wheat,2020,13002532
Russian Federation,Wheat,2021,11513705
Rwanda,Avocados,2019,2059
Rwanda,Avocados,2020,2021
Rwanda,Avocados,2021,1856
Rwanda,Bananas,2019,1263064
Rwanda,Bananas,2020,1388700
Rwanda,Bananas,2021,1465098
Rwanda,"Beans, dry",2019,271520
Rwanda,"Beans, dry",2020,246000
Rwanda,"Beans, dry",2021,275852
Rwanda,Cabbages,2019,10645
Rwanda,Cabbages,2020,11148
Rwanda,Cabbages,2021,11382
Rwanda,Carrots and turnips,2019,13825
Rwanda,Carrots and turnips,2020,20641
Rwanda,Carrots and turnips,2021,19880
Rwanda,"Cassava, fresh",2019,360078
Rwanda,"Cassava, fresh",2020,389862
Rwanda,"Cassava, fresh",2021,402139
Rwanda,"Chillies and peppers, green (Capsicum spp. and Pimenta spp.)",2019,4725
Rwanda,"Chillies and peppers, green (Capsicum spp. and Pimenta spp.)",2020,3205
Rwanda,"Chillies and peppers, green (Capsicum spp. and Pimenta spp.)",2021,3728
Rwanda,"Coffee, green",2019,28533
Rwanda,"Coffee, green",2020,19879
Rwanda,"Coffee, green",2021,18915
Rwanda,Eggplants (aubergines),2019,29560
Rwanda,Eggplants (aubergines),2020,31729
Rwanda,Eggplants (aubergines),2021,35965
Rwanda,"Game meat, fresh, chilled or frozen",2019,26036
Rwanda,"Game meat, fresh, chilled or frozen",2020,26829
Rwanda,"Game meat, fresh, chilled or frozen",2021,26678
Rwanda,"Groundnuts, excluding shelled",2019,27520
Rwanda,"Groundnuts, excluding shelled",2020,22937
Rwanda,"Groundnuts, excluding shelled",2021,24023
Rwanda,"Hen eggs in shell, fresh",2019,24669
Rwanda,"Hen eggs in shell, fresh",2020,24353
Rwanda,"Hen eggs in shell, fresh",2021,24564
Rwanda,Lemons and limes,2019,4863
Rwanda,Lemons and limes,2020,4980
Rwanda,Lemons and limes,2021,4933
Rwanda,Maize (corn),2019,147291
Rwanda,Maize (corn),2020,156877
Rwanda,Maize (corn),2021,168784
Rwanda,"Mangoes, guavas and mangosteens",2019,3351
Rwanda,"Mangoes, guavas and mangosteens",2020,1920
Rwanda,"Mangoes, guavas and mangosteens",2021,1672
Rwanda,"Meat of cattle with the bone, fresh or chilled (indigenous)",2019,91801
Rwanda,"Meat of cattle with the bone, fresh or chilled (indigenous)",2020,105992
Rwanda,"Meat of cattle with the bone, fresh or chilled (indigenous)",2021,101424
Rwanda,"Meat of chickens, fresh or chilled (indigenous)",2019,96693
Rwanda,"Meat of chickens, fresh or chilled (indigenous)",2020,89728
Rwanda,"Meat of chickens, fresh or chilled (indigenous)",2021,75346
Rwanda,"Meat of goat, fresh or chilled (indigenous)",2019,65807
Rwanda,"Meat of goat, fresh or chilled (indigenous)",2020,49747
Rwanda,"Meat of goat, fresh or chilled (indigenous)",2021,47402
Rwanda,"Meat of pig with the bone, fresh or chilled (indigenous)",2019,24082
Rwanda,"Meat of pig with the bone, fresh or chilled (indigenous)",2020,21872
Rwanda,"Meat of pig with the bone, fresh or chilled (indigenous)",2021,18289
Rwanda,"Meat of rabbits and hares, fresh or chilled (indigenous)",2019,3164
Rwanda,"Meat of rabbits and hares, fresh or chilled (indigenous)",2020,2559
Rwanda,"Meat of rabbits and hares, fresh or chilled (indigenous)",2021,1792
Rwanda,"Meat of sheep, fresh or chilled (indigenous)",2019,10393
Rwanda,"Meat of sheep, fresh or chilled (indigenous)",2020,8294
Rwanda,"Meat of sheep, fresh or chilled (indigenous)",2021,7671
Rwanda,Millet,2019,1842
Rwanda,Millet,2020,1597
Rwanda,Millet,2021,1537
Rwanda,Natural honey,2019,22187
Rwanda,Natural honey,2020,22462
Rwanda,Natural honey,2021,22574
Rwanda,"Onions and shallots, dry (excluding dehydrated)",2019,28972
Rwanda,"Onions and shallots, dry (excluding dehydrated)",2020,24389
Rwanda,"Onions and shallots, dry (excluding dehydrated)",2021,26481
Rwanda,Oranges,2019,2623
Rwanda,Oranges,2020,2630
Rwanda,Oranges,2021,2635
Rwanda,"Other beans, green",2019,6323
Rwanda,"Other beans, green",2020,6420
Rwanda,"Other beans, green",2021,6328
Rwanda,"Other fruits, n.e.c.",2019,21623
Rwanda,"Other fruits, n.e.c.",2020,21750
Rwanda,"Other fruits, n.e.c.",2021,22022
Rwanda,"Other stimulant, spice and aromatic crops, n.e.c.",2019,24
Rwanda,"Other stimulant, spice and aromatic crops, n.e.c.",2020,25
Rwanda,"Other stimulant, spice and aromatic crops, n.e.c.",2021,24
Rwanda,"Other vegetables, fresh n.e.c.",2019,5869
Rwanda,"Other vegetables, fresh n.e.c.",2020,5925
Rwanda,"Other vegetables, fresh n.e.c.",2021,6023
Rwanda,Papayas,2019,1303
Rwanda,Papayas,2020,1343
Rwanda,Papayas,2021,771
Rwanda,"Peas, dry",2019,23933
Rwanda,"Peas, dry",2020,21684
Rwanda,"Peas, dry",2021,24298
Rwanda,Pineapples,2019,12589
Rwanda,Pineapples,2020,6171
Rwanda,Pineapples,2021,7195
Rwanda,Potatoes,2019,271561
Rwanda,Potatoes,2020,239510
Rwanda,Potatoes,2021,261762
Rwanda,"Pumpkins, squash and gourds",2019,106065
Rwanda,"Pumpkins, squash and gourds",2020,107129
Rwanda,"Pumpkins, squash and gourds",2021,108298
Rwanda,"Pyrethrum, dried flowers",2019,561
Rwanda,"Pyrethrum, dried flowers",2020,240
Rwanda,"Pyrethrum, dried flowers",2021,280
Rwanda,Raw milk of cattle,2019,93809
Rwanda,Raw milk of cattle,2020,102725
Rwanda,Raw milk of cattle,2021,97667
Rwanda,Raw milk of goats,2019,28074
Rwanda,Raw milk of goats,2020,23520
Rwanda,Raw milk of goats,2021,23026
Rwanda,Raw milk of sheep,2019,3273
Rwanda,Raw milk of sheep,2020,2913
Rwanda,Raw milk of sheep,2021,2800
Rwanda,Rice,2019,116341
Rwanda,Rice,2020,103014
Rwanda,Rice,2021,116501
Rwanda,Sorghum,2019,70736
Rwanda,Sorghum,2020,75550
Rwanda,Sorghum,2021,79043
Rwanda,Soya beans,2019,15878
Rwanda,Soya beans,2020,15379
Rwanda,Soya beans,2021,17388
Rwanda,Sugar cane,2019,11767
Rwanda,Sugar cane,2020,12742
Rwanda,Sugar cane,2021,12980
Rwanda,Sweet potatoes,2019,267559
Rwanda,Sweet potatoes,2020,273570
Rwanda,Sweet potatoes,2021,284966
Rwanda,Taro,2019,62803
Rwanda,Taro,2020,68739
Rwanda,Taro,2021,73423
Rwanda,Tea leaves,2019,24433
Rwanda,Tea leaves,2020,25456
Rwanda,Tea leaves,2021,27206
Rwanda,Tomatoes,2019,55953
Rwanda,Tomatoes,2020,47886
Rwanda,Tomatoes,2021,49514
Rwanda,Unmanufactured tobacco,2019,2535
Rwanda,Unmanufactured tobacco,2020,2515
Rwanda,Unmanufactured tobacco,2021,2494
Rwanda,Wheat,2019,10311
Rwanda,Wheat,2020,8421
Rwanda,Wheat,2021,8995
Rwanda,Yams,2019,19979
Rwanda,Yams,2020,21093
Rwanda,Yams,2021,20706
St. Kitts and Nevis,Cabbages,2019,25
St. Kitts and Nevis,Cabbages,2020,24
St. Kitts and Nevis,Cabbages,2021,33
St. Kitts and Nevis,Carrots and turnips,2019,321
St. Kitts and Nevis,Carrots and turnips,2020,160
St. Kitts and Nevis,Carrots and turnips,2021,189
St. Kitts and Nevis,"Chillies and peppers, green (Capsicum spp. and Pimenta spp.)",2019,152
St. Kitts and Nevis,"Chillies and peppers, green (Capsicum spp. and Pimenta spp.)",2020,160
St. Kitts and Nevis,"Chillies and peppers, green (Capsicum spp. and Pimenta spp.)",2021,125
St. Kitts and Nevis,"Coconuts, in shell",2019,7302
St. Kitts and Nevis,"Coconuts, in shell",2020,7302
St. Kitts and Nevis,"Coconuts, in shell",2021,7302
St. Kitts and Nevis,Cucumbers and gherkins,2019,180
St. Kitts and Nevis,Cucumbers and gherkins,2020,76
St. Kitts and Nevis,Cucumbers and gherkins,2021,71
St. Kitts and Nevis,"Edible roots and tubers with high starch or inulin content, n.e.c., fresh",2019,1169
St. Kitts and Nevis,"Edible roots and tubers with high starch or inulin content, n.e.c., fresh",2020,1190
St. Kitts and Nevis,"Edible roots and tubers with high starch or inulin content, n.e.c., fresh",2021,1172
St. Kitts and Nevis,"Hen eggs in shell, fresh",2019,1072
St. Kitts and Nevis,"Hen eggs in shell, fresh",2020,1512
St. Kitts and Nevis,"Hen eggs in shell, fresh",2021,1826
St. Kitts and Nevis,"Onions and shallots, dry (excluding dehydrated)",2019,130
St. Kitts and Nevis,"Onions and shallots, dry (excluding dehydrated)",2020,113
St. Kitts and Nevis,"Onions and shallots, dry (excluding dehydrated)",2021,122
St. Kitts and Nevis,Pineapples,2021,44
St. Kitts and Nevis,Sweet potatoes,2019,891
St. Kitts and Nevis,Sweet potatoes,2020,465
St. Kitts and Nevis,Sweet potatoes,2021,512
St. Kitts and Nevis,Tomatoes,2019,331
St. Kitts and Nevis,Tomatoes,2020,315
St. Kitts and Nevis,Tomatoes,2021,556
St. Kitts and Nevis,Watermelons,2019,347
St. Kitts and Nevis,Watermelons,2020,264
St. Kitts and Nevis,Watermelons,2021,353
St. Kitts and Nevis,Yams,2020,38
St. Kitts and Nevis,Yams,2021,62
St. Lucia,Avocados,2019,528
St. Lucia,Avocados,2020,407
St. Lucia,Avocados,2021,466
St. Lucia,Bananas,2019,11904
St. Lucia,Bananas,2020,7100
St. Lucia,Bananas,2021,4420
St. Lucia,Cabbages,2019,284
St. Lucia,Cabbages,2020,200
St. Lucia,Cabbages,2021,242
St. Lucia,Carrots and turnips,2019,48
St. Lucia,Carrots and turnips,2020,44
St. Lucia,Carrots and turnips,2021,52
St. Lucia,"Cassava, fresh",2019,702
St. Lucia,"Cassava, fresh",2020,705
St. Lucia,"Cassava, fresh",2021,712
St. Lucia,Cocoa beans,2019,153
St. Lucia,Cocoa beans,2020,138
St. Lucia,Cocoa beans,2021,253
St. Lucia,"Coconuts, in shell",2019,18592
St. Lucia,"Coconuts, in shell",2020,18592
St. Lucia,"Coconuts, in shell",2021,18592
St. Lucia,Cucumbers and gherkins,2019,949
St. Lucia,Cucumbers and gherkins,2020,1107
St. Lucia,Cucumbers and gherkins,2021,1190
St. Lucia,"Edible roots and tubers with high starch or inulin content, n.e.c., fresh",2019,1998
St. Lucia,"Edible roots and tubers with high starch or inulin content, n.e.c., fresh",2020,1974
St. Lucia,"Edible roots and tubers with high starch or inulin content, n.e.c., fresh",2021,1929
St. Lucia,"Ginger, raw",2019,29
St. Lucia,"Ginger, raw",2020,19
St. Lucia,"Ginger, raw",2021,29
St. Lucia,"Hen eggs in shell, fresh",2019,3486
St. Lucia,"Hen eggs in shell, fresh",2020,3269
St. Lucia,"Hen eggs in shell, fresh",2021,3995
St. Lucia,Lemons and limes,2019,825
St. Lucia,Lemons and limes,2020,624
St. Lucia,Lemons and limes,2021,593
St. Lucia,"Mangoes, guavas and mangosteens",2019,1297
St. Lucia,"Mangoes, guavas and mangosteens",2020,1010
St. Lucia,"Mangoes, guavas and mangosteens",2021,632
St. Lucia,"Meat of cattle with the bone, fresh or chilled (indigenous)",2019,2529
St. Lucia,"Meat of cattle with the bone, fresh or chilled (indigenous)",2020,2492
St. Lucia,"Meat of cattle with the bone, fresh or chilled (indigenous)",2021,1
St. Lucia,"Meat of chickens, fresh or chilled (indigenous)",2019,5596
St. Lucia,"Meat of chickens, fresh or chilled (indigenous)",2020,5966
St. Lucia,"Meat of chickens, fresh or chilled (indigenous)",2021,6215
St. Lucia,"Meat of goat, fresh or chilled (indigenous)",2019,645
St. Lucia,"Meat of goat, fresh or chilled (indigenous)",2020,603
St. Lucia,"Meat of goat, fresh or chilled (indigenous)",2021,631
St. Lucia,"Meat of pig with the bone, fresh or chilled (indigenous)",2019,3642
St. Lucia,"Meat of pig with the bone, fresh or chilled (indigenous)",2020,4006
St. Lucia,"Meat of pig with the bone, fresh or chilled (indigenous)",2021,4290
St. Lucia,"Meat of sheep, fresh or chilled (indigenous)",2019,875
St. Lucia,"Meat of sheep, fresh or chilled (indigenous)",2020,944
St. Lucia,"Meat of sheep, fresh or chilled (indigenous)",2021,909
St. Lucia,"Nutmeg, mace, cardamoms, raw",2019,251
St. Lucia,"Nutmeg, mace, cardamoms, raw",2020,254
St. Lucia,"Nutmeg, mace, cardamoms, raw",2021,251
St. Lucia,Oranges,2019,516
St. Lucia,Oranges,2020,246
St. Lucia,Oranges,2021,430
St. Lucia,"Other fruits, n.e.c.",2019,4572
St. Lucia,"Other fruits, n.e.c.",2020,4628
St. Lucia,"Other fruits, n.e.c.",2021,4569
St. Lucia,Other pulses n.e.c.,2019,407
St. Lucia,Other pulses n.e.c.,2020,408
St. Lucia,Other pulses n.e.c.,2021,410
St. Lucia,"Other stimulant, spice and aromatic crops, n.e.c.",2019,629
St. Lucia,"Other stimulant, spice and aromatic crops, n.e.c.",2020,627
St. Lucia,"Other stimulant, spice and aromatic crops, n.e.c.",2021,628
St. Lucia,"Other tropical fruits, n.e.c.",2019,5370
St. Lucia,"Other tropical fruits, n.e.c.",2020,5433
St. Lucia,"Other tropical fruits, n.e.c.",2021,5496
St. Lucia,"Other vegetables, fresh n.e.c.",2019,3555
St. Lucia,"Other vegetables, fresh n.e.c.",2020,3588
St. Lucia,"Other vegetables, fresh n.e.c.",2021,3626
St. Lucia,"Pepper (Piper spp.), raw",2019,4
St. Lucia,"Pepper (Piper spp.), raw",2020,4
St. Lucia,"Pepper (Piper spp.), raw",2021,9
St. Lucia,Pineapples,2019,142
St. Lucia,Pineapples,2020,78
St. Lucia,Pineapples,2021,135
St. Lucia,Plantains and cooking bananas,2019,2335
St. Lucia,Plantains and cooking bananas,2020,1477
St. Lucia,Plantains and cooking bananas,2021,1995
St. Lucia,Pomelos and grapefruits,2019,622
St. Lucia,Pomelos and grapefruits,2020,451
St. Lucia,Pomelos and grapefruits,2021,524
St. Lucia,"Pumpkins, squash and gourds",2019,874
St. Lucia,"Pumpkins, squash and gourds",2020,900
St. Lucia,"Pumpkins, squash and gourds",2021,781
St. Lucia,Raw milk of cattle,2019,1348
St. Lucia,Raw milk of cattle,2020,1350
St. Lucia,Raw milk of cattle,2021,1354
St. Lucia,Sweet potatoes,2019,947
St. Lucia,Sweet potatoes,2020,1045
St. Lucia,Sweet potatoes,2021,1222
St. Lucia,Taro,2019,507
St. Lucia,Taro,2020,506
St. Lucia,Taro,2021,791
St. Lucia,Tomatoes,2019,752
St. Lucia,Tomatoes,2020,612
St. Lucia,Tomatoes,2021,640
St. Lucia,Watermelons,2019,934
St. Lucia,Watermelons,2020,730
St. Lucia,Watermelons,2021,658
St. Lucia,Yams,2019,973
St. Lucia,Yams,2020,900
St. Lucia,Yams,2021,872
St. Lucia,Yautia,2019,127
St. Lucia,Yautia,2020,206
St. Lucia,Yautia,2021,358
Saint Vincent and the Grenadines,Bananas,2019,38607
Saint Vincent and the Grenadines,Bananas,2020,38835
Saint Vincent and the Grenadines,Bananas,2021,38752
Saint Vincent and the Grenadines,Carrots and turnips,2019,1224
Saint Vincent and the Grenadines,Carrots and turnips,2020,1163
Saint Vincent and the Grenadines,Carrots and turnips,2021,689
Saint Vincent and the Grenadines,"Cassava, fresh",2019,1306
Saint Vincent and the Grenadines,"Cassava, fresh",2020,1263
Saint Vincent and the Grenadines,"Cassava, fresh",2021,651
Saint Vincent and the Grenadines,"Chillies and peppers, green (Capsicum spp. and Pimenta spp.)",2019,2384
Saint Vincent and the Grenadines,"Chillies and peppers, green (Capsicum spp. and Pimenta spp.)",2020,1723
Saint Vincent and the Grenadines,"Chillies and peppers, green (Capsicum spp. and Pimenta spp.)",2021,802
Saint Vincent and the Grenadines,Cocoa beans,2019,383
Saint Vincent and the Grenadines,Cocoa beans,2020,385
Saint Vincent and the Grenadines,Cocoa beans,2021,387
Saint Vincent and the Grenadines,"Coconuts, in shell",2019,1824
Saint Vincent and the Grenadines,"Coconuts, in shell",2020,1923
Saint Vincent and the Grenadines,"Coconuts, in shell",2021,1385
Saint Vincent and the Grenadines,"Edible roots and tubers with high starch or inulin content, n.e.c., fresh",2019,10913
Saint Vincent and the Grenadines,"Edible roots and tubers with high starch or inulin content, n.e.c., fresh",2020,10887
Saint Vincent and the Grenadines,"Edible roots and tubers with high starch or inulin content, n.e.c., fresh",2021,10763
Saint Vincent and the Grenadines,"Groundnuts, excluding shelled",2019,1757
Saint Vincent and the Grenadines,"Groundnuts, excluding shelled",2020,1500
Saint Vincent and the Grenadines,"Groundnuts, excluding shelled",2021,727
Saint Vincent and the Grenadines,"Hen eggs in shell, fresh",2019,1716
Saint Vincent and the Grenadines,"Hen eggs in shell, fresh",2020,1677
Saint Vincent and the Grenadines,"Hen eggs in shell, fresh",2021,1528
Saint Vincent and the Grenadines,Lemons and limes,2019,1507
Saint Vincent and the Grenadines,Lemons and limes,2020,1248
Saint Vincent and the Grenadines,Lemons and limes,2021,400
Saint Vincent and the Grenadines,Maize (corn),2019,1274
Saint Vincent and the Grenadines,Maize (corn),2020,1200
Saint Vincent and the Grenadines,Maize (corn),2021,1126
Saint Vincent and the Grenadines,"Mangoes, guavas and mangosteens",2019,2120
Saint Vincent and the Grenadines,"Mangoes, guavas and mangosteens",2020,4299
Saint Vincent and the Grenadines,"Mangoes, guavas and mangosteens",2021,1610
Saint Vincent and the Grenadines,"Meat of cattle with the bone, fresh or chilled (indigenous)",2019,1466
Saint Vincent and the Grenadines,"Meat of cattle with the bone, fresh or chilled (indigenous)",2020,1626
Saint Vincent and the Grenadines,"Meat of cattle with the bone, fresh or chilled (indigenous)",2021,1267
Saint Vincent and the Grenadines,"Meat of chickens, fresh or chilled (indigenous)",2019,931
Saint Vincent and the Grenadines,"Meat of chickens, fresh or chilled (indigenous)",2020,970
Saint Vincent and the Grenadines,"Meat of chickens, fresh or chilled (indigenous)",2021,977
Saint Vincent and the Grenadines,"Meat of goat, fresh or chilled (indigenous)",2019,534
Saint Vincent and the Grenadines,"Meat of goat, fresh or chilled (indigenous)",2020,561
Saint Vincent and the Grenadines,"Meat of goat, fresh or chilled (indigenous)",2021,518
Saint Vincent and the Grenadines,"Meat of pig with the bone, fresh or chilled (indigenous)",2019,2946
Saint Vincent and the Grenadines,"Meat of pig with the bone, fresh or chilled (indigenous)",2020,2416
Saint Vincent and the Grenadines,"Meat of pig with the bone, fresh or chilled (indigenous)",2021,3083
Saint Vincent and the Grenadines,"Meat of sheep, fresh or chilled (indigenous)",2019,983
Saint Vincent and the Grenadines,"Meat of sheep, fresh or chilled (indigenous)",2020,920
Saint Vincent and the Grenadines,"Meat of sheep, fresh or chilled (indigenous)",2021,785
Saint Vincent and the Grenadines,"Nutmeg, mace, cardamoms, raw",2019,997
Saint Vincent and the Grenadines,"Nutmeg, mace, cardamoms, raw",2020,704
Saint Vincent and the Grenadines,"Nutmeg, mace, cardamoms, raw",2021,226
Saint Vincent and the Grenadines,Oranges,2019,1822
Saint Vincent and the Grenadines,Oranges,2020,1168
Saint Vincent and the Grenadines,Oranges,2021,289
Saint Vincent and the Grenadines,"Other stimulant, spice and aromatic crops, n.e.c.",2019,22548
Saint Vincent and the Grenadines,"Other stimulant, spice and aromatic crops, n.e.c.",2020,21516
Saint Vincent and the Grenadines,"Other stimulant, spice and aromatic crops, n.e.c.",2021,16511
Saint Vincent and the Grenadines,"Pigeon peas, dry",2019,1455
Saint Vincent and the Grenadines,"Pigeon peas, dry",2020,1900
Saint Vincent and the Grenadines,"Pigeon peas, dry",2021,591
Saint Vincent and the Grenadines,Plantains and cooking bananas,2019,2947
Saint Vincent and the Grenadines,Plantains and cooking bananas,2020,2585
Saint Vincent and the Grenadines,Plantains and cooking bananas,2021,1767
Saint Vincent and the Grenadines,Pomelos and grapefruits,2019,152
Saint Vincent and the Grenadines,Pomelos and grapefruits,2020,104
Saint Vincent and the Grenadines,Pomelos and grapefruits,2021,60
Saint Vincent and the Grenadines,"Pumpkins, squash and gourds",2019,823
Saint Vincent and the Grenadines,"Pumpkins, squash and gourds",2020,763
Saint Vincent and the Grenadines,"Pumpkins, squash and gourds",2021,162
Saint Vincent and the Grenadines,Raw milk of cattle,2019,1271
Saint Vincent and the Grenadines,Raw milk of cattle,2020,1518
Saint Vincent and the Grenadines,Raw milk of cattle,2021,1409
Saint Vincent and the Grenadines,Sweet potatoes,2019,2697
Saint Vincent and the Grenadines,Sweet potatoes,2020,2394
Saint Vincent and the Grenadines,Sweet potatoes,2021,1557
Saint Vincent and the Grenadines,Yams,2019,3267
Saint Vincent and the Grenadines,Yams,2020,3037
Saint Vincent and the Grenadines,Yams,2021,1621
Samoa,Avocados,2019,3847
Samoa,Avocados,2020,3761
Samoa,Avocados,2021,3790
Samoa,Bananas,2019,23099
Samoa,Bananas,2020,23351
Samoa,Bananas,2021,21967
Samoa,"Coconuts, in shell",2019,15436
Samoa,"Coconuts, in shell",2020,15436
Samoa,"Coconuts, in shell",2021,15436
Samoa,"Hen eggs in shell, fresh",2019,987
Samoa,"Hen eggs in shell, fresh",2020,1005
Samoa,"Hen eggs in shell, fresh",2021,979
Samoa,"Mangoes, guavas and mangosteens",2019,8446
Samoa,"Mangoes, guavas and mangosteens",2020,8450
Samoa,"Mangoes, guavas and mangosteens",2021,8475
Samoa,"Other citrus fruit, n.e.c.",2019,666
Samoa,"Other citrus fruit, n.e.c.",2020,667
Samoa,"Other citrus fruit, n.e.c.",2021,674
Samoa,Papayas,2019,3558
Samoa,Papayas,2020,3536
Samoa,Papayas,2021,3553
Samoa,Pineapples,2019,11990
Samoa,Pineapples,2020,12099
Samoa,Pineapples,2021,12073
Samoa,Taro,2019,13071
Samoa,Taro,2020,16868
Samoa,Taro,2021,15983
Samoa,Yams,2019,281
Samoa,Yams,2020,269
Samoa,Yams,2021,269
Saudi Arabia,Barley,2019,155876
Saudi Arabia,Barley,2020,110842
Saudi Arabia,Barley,2021,1012
Saudi Arabia,Cabbages,2019,19984
Saudi Arabia,Cabbages,2020,12625
Saudi Arabia,Cabbages,2021,12757
Saudi Arabia,Cantaloupes and other melons,2019,40552
Saudi Arabia,Cantaloupes and other melons,2020,43504
Saudi Arabia,Cantaloupes and other melons,2021,45476
Saudi Arabia,Carrots and turnips,2019,11879
Saudi Arabia,Carrots and turnips,2020,19511
Saudi Arabia,Carrots and turnips,2021,21734
Saudi Arabia,Cucumbers and gherkins,2019,72141
Saudi Arabia,Cucumbers and gherkins,2020,200963
Saudi Arabia,Cucumbers and gherkins,2021,204983
Saudi Arabia,Dates,2019,4545086
Saudi Arabia,Dates,2020,4551028
Saudi Arabia,Dates,2021,4622052
Saudi Arabia,Eggplants (aubergines),2019,45421
Saudi Arabia,Eggplants (aubergines),2020,98467
Saudi Arabia,Eggplants (aubergines),2021,101049
Saudi Arabia,Grapes,2019,251486
Saudi Arabia,Grapes,2020,217134
Saudi Arabia,Grapes,2021,227460
Saudi Arabia,"Groundnuts, excluding shelled",2019,2196
Saudi Arabia,"Groundnuts, excluding shelled",2020,2215
Saudi Arabia,"Groundnuts, excluding shelled",2021,2121
Saudi Arabia,"Hen eggs in shell, fresh",2019,849523
Saudi Arabia,"Hen eggs in shell, fresh",2020,778359
Saudi Arabia,"Hen eggs in shell, fresh",2021,798810
Saudi Arabia,Lemons and limes,2019,52477
Saudi Arabia,Lemons and limes,2020,58039
Saudi Arabia,Lemons and limes,2021,64238
Saudi Arabia,Maize (corn),2019,24607
Saudi Arabia,Maize (corn),2020,30582
Saudi Arabia,Maize (corn),2021,30478
Saudi Arabia,"Meat of camels, fresh or chilled (indigenous)",2019,460610
Saudi Arabia,"Meat of camels, fresh or chilled (indigenous)",2020,576672
Saudi Arabia,"Meat of camels, fresh or chilled (indigenous)",2021,488922
Saudi Arabia,"Meat of cattle with the bone, fresh or chilled (indigenous)",2019,211867
Saudi Arabia,"Meat of cattle with the bone, fresh or chilled (indigenous)",2020,45373
Saudi Arabia,"Meat of cattle with the bone, fresh or chilled (indigenous)",2021,96738
Saudi Arabia,"Meat of chickens, fresh or chilled (indigenous)",2019,2739955
Saudi Arabia,"Meat of chickens, fresh or chilled (indigenous)",2020,3082449
Saudi Arabia,"Meat of chickens, fresh or chilled (indigenous)",2021,3870974
Saudi Arabia,"Meat of goat, fresh or chilled (indigenous)",2019,173026
Saudi Arabia,"Meat of goat, fresh or chilled (indigenous)",2020,301029
Saudi Arabia,"Meat of goat, fresh or chilled (indigenous)",2021,254267
Saudi Arabia,"Meat of pigeons and other birds n.e.c., fresh, chilled or frozen (indigenous)",2019,1546
Saudi Arabia,"Meat of pigeons and other birds n.e.c., fresh, chilled or frozen (indigenous)",2020,1388
Saudi Arabia,"Meat of pigeons and other birds n.e.c., fresh, chilled or frozen (indigenous)",2021,1382
Saudi Arabia,"Meat of sheep, fresh or chilled (indigenous)",2019,575779
Saudi Arabia,"Meat of sheep, fresh or chilled (indigenous)",2020,1545353
Saudi Arabia,"Meat of sheep, fresh or chilled (indigenous)",2021,1276235
Saudi Arabia,Millet,2019,4742
Saudi Arabia,Millet,2020,4352
Saudi Arabia,Millet,2021,4524
Saudi Arabia,Natural honey,2019,626
Saudi Arabia,Natural honey,2020,9847
Saudi Arabia,Natural honey,2021,22790
Saudi Arabia,Okra,2019,71608
Saudi Arabia,Okra,2020,75629
Saudi Arabia,Okra,2021,82105
Saudi Arabia,"Onions and shallots, dry (excluding dehydrated)",2019,54276
Saudi Arabia,"Onions and shallots, dry (excluding dehydrated)",2020,162275
Saudi Arabia,"Onions and shallots, dry (excluding dehydrated)",2021,132297
Saudi Arabia,"Other citrus fruit, n.e.c.",2019,101755
Saudi Arabia,"Other citrus fruit, n.e.c.",2020,112334
Saudi Arabia,"Other citrus fruit, n.e.c.",2021,119332
Saudi Arabia,Other pulses n.e.c.,2019,9556
Saudi Arabia,Other pulses n.e.c.,2020,9501
Saudi Arabia,Other pulses n.e.c.,2021,9833
Saudi Arabia,Potatoes,2019,319836
Saudi Arabia,Potatoes,2020,379372
Saudi Arabia,Potatoes,2021,390030
Saudi Arabia,"Pumpkins, squash and gourds",2019,76673
Saudi Arabia,"Pumpkins, squash and gourds",2020,72205
Saudi Arabia,"Pumpkins, squash and gourds",2021,74649
Saudi Arabia,Raw milk of camel,2019,216043
Saudi Arabia,Raw milk of camel,2020,218056
Saudi Arabia,Raw milk of camel,2021,220745
Saudi Arabia,Raw milk of cattle,2019,2543191
Saudi Arabia,Raw milk of cattle,2020,2755675
Saudi Arabia,Raw milk of cattle,2021,3394905
Saudi Arabia,Raw milk of goats,2019,101372
Saudi Arabia,Raw milk of goats,2020,139241
Saudi Arabia,Raw milk of goats,2021,139295
Saudi Arabia,Raw milk of sheep,2019,116460
Saudi Arabia,Raw milk of sheep,2020,117546
Saudi Arabia,Raw milk of sheep,2021,123550
Saudi Arabia,Sesame seed,2019,6105
Saudi Arabia,Sesame seed,2020,5947
Saudi Arabia,Sesame seed,2021,6059
Saudi Arabia,"Shorn wool, greasy, including fleece-washed shorn wool",2019,54421
Saudi Arabia,"Shorn wool, greasy, including fleece-washed shorn wool",2020,56210
Saudi Arabia,"Shorn wool, greasy, including fleece-washed shorn wool",2021,54967
Saudi Arabia,Sorghum,2019,34733
Saudi Arabia,Sorghum,2020,34984
Saudi Arabia,Sorghum,2021,35552
Saudi Arabia,Tomatoes,2019,310783
Saudi Arabia,Tomatoes,2020,715868
Saudi Arabia,Tomatoes,2021,742280
Saudi Arabia,Watermelons,2019,500658
Saudi Arabia,Watermelons,2020,380180
Saudi Arabia,Watermelons,2021,454352
Saudi Arabia,Wheat,2019,209651
Saudi Arabia,Wheat,2020,232448
Saudi Arabia,Wheat,2021,256767
Senegal,Bananas,2019,18735
Senegal,Bananas,2020,21762
Senegal,Bananas,2021,21166
Senegal,Cabbages,2019,61219
Senegal,Cabbages,2020,92276
Senegal,Cabbages,2021,92716
Senegal,"Cashew nuts, in shell",2019,3218
Senegal,"Cashew nuts, in shell",2020,3242
Senegal,"Cashew nuts, in shell",2021,3324
Senegal,"Cassava, fresh",2019,299843
Senegal,"Cassava, fresh",2020,394369
Senegal,"Cassava, fresh",2021,389219
Senegal,"Cow peas, dry",2019,90079
Senegal,"Cow peas, dry",2020,149723
Senegal,"Cow peas, dry",2021,141053
Senegal,Fonio,2019,3180
Senegal,Fonio,2020,4173
Senegal,Fonio,2021,4122
Senegal,"Groundnuts, excluding shelled",2019,504529
Senegal,"Groundnuts, excluding shelled",2020,638072
Senegal,"Groundnuts, excluding shelled",2021,595587
Senegal,"Hen eggs in shell, fresh",2019,4015
Senegal,"Hen eggs in shell, fresh",2020,5768
Senegal,"Hen eggs in shell, fresh",2021,6220
Senegal,Maize (corn),2019,159443
Senegal,Maize (corn),2020,228898
Senegal,Maize (corn),2021,226716
Senegal,"Mangoes, guavas and mangosteens",2019,51263
Senegal,"Mangoes, guavas and mangosteens",2020,47714
Senegal,"Mangoes, guavas and mangosteens",2021,48465
Senegal,"Meat of asses, fresh or chilled (indigenous)",2019,603
Senegal,"Meat of asses, fresh or chilled (indigenous)",2020,612
Senegal,"Meat of asses, fresh or chilled (indigenous)",2021,617
Senegal,Millet,2019,260591
Senegal,Millet,2020,369669
Senegal,Millet,2021,335766
Senegal,Natural honey,2019,7527
Senegal,Natural honey,2020,7552
Senegal,Natural honey,2021,7695
Senegal,Oranges,2019,29525
Senegal,Oranges,2020,31895
Senegal,Oranges,2021,32568
Senegal,Other pulses n.e.c.,2019,36
Senegal,Other pulses n.e.c.,2020,38
Senegal,Other pulses n.e.c.,2021,37
Senegal,"Other tropical fruits, n.e.c.",2019,10360
Senegal,"Other tropical fruits, n.e.c.",2020,10001
Senegal,"Other tropical fruits, n.e.c.",2021,10125
Senegal,"Other vegetables, fresh n.e.c.",2019,95238
Senegal,"Other vegetables, fresh n.e.c.",2020,94879
Senegal,"Other vegetables, fresh n.e.c.",2021,93081
Senegal,Potatoes,2019,47036
Senegal,Potatoes,2020,49718
Senegal,Potatoes,2021,48259
Senegal,Raw milk of cattle,2019,147718
Senegal,Raw milk of cattle,2020,144873
Senegal,Raw milk of cattle,2021,145894
Senegal,Raw milk of goats,2019,8247
Senegal,Raw milk of goats,2020,8538
Senegal,Raw milk of goats,2021,8475
Senegal,Raw milk of sheep,2019,7160
Senegal,Raw milk of sheep,2020,7328
Senegal,Raw milk of sheep,2021,7346
Senegal,Rice,2019,257184
Senegal,Rice,2020,300353
Senegal,Rice,2021,307563
Senegal,"Seed cotton, unginned",2019,5860
Senegal,"Seed cotton, unginned",2020,6946
Senegal,"Seed cotton, unginned",2021,7827
Senegal,Sorghum,2019,85272
Senegal,Sorghum,2020,119093
Senegal,Sorghum,2021,111250
Senegal,Sugar cane,2019,19652
Senegal,Sugar cane,2020,18379
Senegal,Sugar cane,2021,17814
Senegal,Sweet potatoes,2019,33557
Senegal,Sweet potatoes,2020,33682
Senegal,Sweet potatoes,2021,40416
Senegal,Tomatoes,2019,57521
Senegal,Tomatoes,2020,52628
Senegal,Tomatoes,2021,60261
Senegal,Watermelons,2019,523792
Senegal,Watermelons,2020,738062
Senegal,Watermelons,2021,708896
Serbia,Apples,2019,211452
Serbia,Apples,2020,207155
Serbia,Apples,2021,217234
Serbia,Apricots,2019,32244
Serbia,Apricots,2020,24023
Serbia,Apricots,2021,24707
Serbia,Barley,2019,62952
Serbia,Barley,2020,82643
Serbia,Barley,2021,93402
Serbia,"Beans, dry",2019,18549
Serbia,"Beans, dry",2020,19013
Serbia,"Beans, dry",2021,18465
Serbia,Cabbages,2019,34162
Serbia,Cabbages,2020,34367
Serbia,Cabbages,2021,35505
Serbia,Carrots and turnips,2019,11724
Serbia,Carrots and turnips,2020,15638
Serbia,Carrots and turnips,2021,16220
Serbia,Cherries,2019,27605
Serbia,Cherries,2020,24098
Serbia,Cherries,2021,25550
Serbia,"Chillies and peppers, dry (Capsicum spp., Pimenta spp.), raw",2019,14410
Serbia,"Chillies and peppers, dry (Capsicum spp., Pimenta spp.), raw",2020,14094
Serbia,"Chillies and peppers, dry (Capsicum spp., Pimenta spp.), raw",2021,14188
Serbia,"Chillies and peppers, green (Capsicum spp. and Pimenta spp.)",2019,49568
Serbia,"Chillies and peppers, green (Capsicum spp. and Pimenta spp.)",2020,44667
Serbia,"Chillies and peppers, green (Capsicum spp. and Pimenta spp.)",2021,61894
Serbia,"Cow peas, dry",2019,12191
Serbia,"Cow peas, dry",2020,12151
Serbia,"Cow peas, dry",2021,12254
Serbia,Cucumbers and gherkins,2019,10045
Serbia,Cucumbers and gherkins,2020,10576
Serbia,Cucumbers and gherkins,2021,9865
Serbia,Grapes,2019,115486
Serbia,Grapes,2020,113220
Serbia,Grapes,2021,109979
Serbia,Green garlic,2019,5521
Serbia,Green garlic,2020,5672
Serbia,Green garlic,2021,6697
Serbia,"Hen eggs in shell, fresh",2019,138383
Serbia,"Hen eggs in shell, fresh",2020,132975
Serbia,"Hen eggs in shell, fresh",2021,133366
Serbia,Hop cones,2019,329
Serbia,Hop cones,2020,349
Serbia,Hop cones,2021,350
Serbia,"Horse meat, fresh or chilled (indigenous)",2019,39
Serbia,"Horse meat, fresh or chilled (indigenous)",2020,25
Serbia,"Horse meat, fresh or chilled (indigenous)",2021,11
Serbia,Maize (corn),2019,1065095
Serbia,Maize (corn),2020,1141675
Serbia,Maize (corn),2021,874046
Serbia,"Meat of cattle with the bone, fresh or chilled (indigenous)",2019,266534
Serbia,"Meat of cattle with the bone, fresh or chilled (indigenous)",2020,274397
Serbia,"Meat of cattle with the bone, fresh or chilled (indigenous)",2021,286119
Serbia,"Meat of chickens, fresh or chilled (indigenous)",2019,172421
Serbia,"Meat of chickens, fresh or chilled (indigenous)",2020,173030
Serbia,"Meat of chickens, fresh or chilled (indigenous)",2021,167793
Serbia,"Meat of goat, fresh or chilled (indigenous)",2019,12140
Serbia,"Meat of goat, fresh or chilled (indigenous)",2020,11259
Serbia,"Meat of goat, fresh or chilled (indigenous)",2021,12387
Serbia,"Meat of pig with the bone, fresh or chilled (indigenous)",2019,589762
Serbia,"Meat of pig with the bone, fresh or chilled (indigenous)",2020,592889
Serbia,"Meat of pig with the bone, fresh or chilled (indigenous)",2021,610805
Serbia,"Meat of sheep, fresh or chilled (indigenous)",2019,163227
Serbia,"Meat of sheep, fresh or chilled (indigenous)",2020,148370
Serbia,"Meat of sheep, fresh or chilled (indigenous)",2021,138740
Serbia,Natural honey,2019,25937
Serbia,Natural honey,2020,23336
Serbia,Natural honey,2021,25384
Serbia,Oats,2019,10414
Serbia,Oats,2020,9653
Serbia,Oats,2021,10360
Serbia,"Onions and shallots, dry (excluding dehydrated)",2019,6527
Serbia,"Onions and shallots, dry (excluding dehydrated)",2020,7282
Serbia,"Onions and shallots, dry (excluding dehydrated)",2021,8228
Serbia,"Other beans, green",2019,70968
Serbia,"Other beans, green",2020,70494
Serbia,"Other beans, green",2021,70562
Serbia,Peaches and nectarines,2019,41543
Serbia,Peaches and nectarines,2020,34742
Serbia,Peaches and nectarines,2021,26006
Serbia,Pears,2019,38141
Serbia,Pears,2020,46658
Serbia,Pears,2021,38891
Serbia,"Peas, green",2019,8535
Serbia,"Peas, green",2020,9202
Serbia,"Peas, green",2021,7895
Serbia,Plums and sloes,2019,262635
Serbia,Plums and sloes,2020,273732
Serbia,Plums and sloes,2021,193960
Serbia,Poppy seed,2019,1713
Serbia,Poppy seed,2020,1718
Serbia,Poppy seed,2021,1751
Serbia,Potatoes,2019,158485
Serbia,Potatoes,2020,150089
Serbia,Potatoes,2021,138552
Serbia,Quinces,2019,7372
Serbia,Quinces,2020,7403
Serbia,Quinces,2021,6942
Serbia,Rape or colza seed,2019,31239
Serbia,Rape or colza seed,2020,27295
Serbia,Rape or colza seed,2021,27232
Serbia,Raw milk of cattle,2019,483229
Serbia,Raw milk of cattle,2020,478752
Serbia,Raw milk of cattle,2021,471986
Serbia,Raw milk of goats,2019,17743
Serbia,Raw milk of goats,2020,19219
Serbia,Raw milk of goats,2021,19599
Serbia,Raw milk of sheep,2019,7939
Serbia,Raw milk of sheep,2020,6820
Serbia,Raw milk of sheep,2021,7393
Serbia,Rye,2019,2399
Serbia,Rye,2020,2820
Serbia,Rye,2021,3457
Serbia,"Shorn wool, greasy, including fleece-washed shorn wool",2019,3060
Serbia,"Shorn wool, greasy, including fleece-washed shorn wool",2020,3077
Serbia,"Shorn wool, greasy, including fleece-washed shorn wool",2021,3126
Serbia,Sorghum,2019,7427
Serbia,Sorghum,2020,7472
Serbia,Sorghum,2021,7496
Serbia,Sour cherries,2019,93567
Serbia,Sour cherries,2020,159931
Serbia,Sour cherries,2021,149701
Serbia,Soya beans,2019,261322
Serbia,Soya beans,2020,280376
Serbia,Soya beans,2021,201523
Serbia,Strawberries,2019,19981
Serbia,Strawberries,2020,31062
Serbia,Strawberries,2021,22853
Serbia,Sugar beet,2019,81323
Serbia,Sugar beet,2020,71195
Serbia,Sugar beet,2021,72252
Serbia,Sunflower seed,2019,222413
Serbia,Sunflower seed,2020,194228
Serbia,Sunflower seed,2021,185347
Serbia,Tomatoes,2019,58702
Serbia,Tomatoes,2020,54305
Serbia,Tomatoes,2021,71043
Serbia,Unmanufactured tobacco,2019,18369
Serbia,Unmanufactured tobacco,2020,20510
Serbia,Unmanufactured tobacco,2021,23207
Serbia,Vetches,2019,14812
Serbia,Vetches,2020,14816
Serbia,Vetches,2021,14801
Serbia,"Walnuts, in shell",2019,19132
Serbia,"Walnuts, in shell",2020,18308
Serbia,"Walnuts, in shell",2021,16556
Serbia,Watermelons,2019,21108
Serbia,Watermelons,2020,18239
Serbia,Watermelons,2021,18733
Serbia,Wheat,2019,421455
Serbia,Wheat,2020,477799
Serbia,Wheat,2021,572379
Seychelles,Avocados,2019,18
Seychelles,Avocados,2020,18
Seychelles,Avocados,2021,18
Seychelles,Bananas,2019,3220
Seychelles,Bananas,2020,3239
Seychelles,Bananas,2021,3243
Seychelles,"Cassava, fresh",2019,440
Seychelles,"Cassava, fresh",2020,445
Seychelles,"Cassava, fresh",2021,450
Seychelles,"Cinnamon and cinnamon-tree flowers, raw",2019,3
Seychelles,"Cinnamon and cinnamon-tree flowers, raw",2020,1
Seychelles,"Cinnamon and cinnamon-tree flowers, raw",2021,7
Seychelles,"Coconuts, in shell",2019,8501
Seychelles,"Coconuts, in shell",2020,8501
Seychelles,"Coconuts, in shell",2021,8501
Seychelles,"Hen eggs in shell, fresh",2019,9375
Seychelles,"Hen eggs in shell, fresh",2020,9094
Seychelles,"Hen eggs in shell, fresh",2021,9351
Seychelles,Lemons and limes,2019,287
Seychelles,Lemons and limes,2020,290
Seychelles,Lemons and limes,2021,287
Seychelles,"Mangoes, guavas and mangosteens",2019,133
Seychelles,"Mangoes, guavas and mangosteens",2020,135
Seychelles,"Mangoes, guavas and mangosteens",2021,132
Seychelles,Oranges,2019,121
Seychelles,Oranges,2020,119
Seychelles,Oranges,2021,120
Seychelles,Pineapples,2019,232
Seychelles,Pineapples,2020,234
Seychelles,Pineapples,2021,227
Seychelles,Tea leaves,2019,119
Seychelles,Tea leaves,2020,107
Seychelles,Tea leaves,2021,48
Seychelles,Tomatoes,2019,1588
Seychelles,Tomatoes,2020,1549
Seychelles,Tomatoes,2021,1563
Sierra Leone,"Broad beans and horse beans, dry",2019,3266
Sierra Leone,"Broad beans and horse beans, dry",2020,5298
Sierra Leone,"Broad beans and horse beans, dry",2021,5538
Sierra Leone,"Cassava, fresh",2019,375194
Sierra Leone,"Cassava, fresh",2020,719615
Sierra Leone,"Cassava, fresh",2021,1297558
Sierra Leone,"Coconuts, in shell",2019,3139
Sierra Leone,"Coconuts, in shell",2020,3139
Sierra Leone,"Coconuts, in shell",2021,3139
Sierra Leone,"Groundnuts, excluding shelled",2019,82965
Sierra Leone,"Groundnuts, excluding shelled",2020,45862
Sierra Leone,"Groundnuts, excluding shelled",2021,94767
Sierra Leone,"Hen eggs in shell, fresh",2019,44176
Sierra Leone,"Hen eggs in shell, fresh",2020,44428
Sierra Leone,"Hen eggs in shell, fresh",2021,44204
Sierra Leone,Kola nuts,2019,27537
Sierra Leone,Kola nuts,2020,26021
Sierra Leone,Kola nuts,2021,24745
Sierra Leone,Maize (corn),2019,41568
Sierra Leone,Maize (corn),2020,28528
Sierra Leone,Maize (corn),2021,24225
Sierra Leone,"Mangoes, guavas and mangosteens",2019,29471
Sierra Leone,"Mangoes, guavas and mangosteens",2020,32398
Sierra Leone,"Mangoes, guavas and mangosteens",2021,35590
Sierra Leone,"Other citrus fruit, n.e.c.",2019,63390
Sierra Leone,"Other citrus fruit, n.e.c.",2020,64288
Sierra Leone,"Other citrus fruit, n.e.c.",2021,63415
Sierra Leone,"Other vegetables, fresh n.e.c.",2019,550554
Sierra Leone,"Other vegetables, fresh n.e.c.",2020,535234
Sierra Leone,"Other vegetables, fresh n.e.c.",2021,530394
Sierra Leone,Plantains and cooking bananas,2019,50686
Sierra Leone,Plantains and cooking bananas,2020,51345
Sierra Leone,Plantains and cooking bananas,2021,50692
Sierra Leone,Rice,2019,651009
Sierra Leone,Rice,2020,721322
Sierra Leone,Rice,2021,1359720
Sierra Leone,Sesame seed,2019,7934
Sierra Leone,Sesame seed,2020,8094
Sierra Leone,Sesame seed,2021,8207
Sierra Leone,Sweet potatoes,2019,178113
Sierra Leone,Sweet potatoes,2020,194318
Sierra Leone,Sweet potatoes,2021,263888
Sierra Leone,Tomatoes,2019,60488
Sierra Leone,Tomatoes,2020,60498
Sierra Leone,Tomatoes,2021,61967
Sierra Leone,Unmanufactured tobacco,2019,593
Sierra Leone,Unmanufactured tobacco,2020,580
Sierra Leone,Unmanufactured tobacco,2021,593
Singapore,Cabbages,2019,742
Singapore,Cabbages,2020,724
Singapore,Cabbages,2021,726
Singapore,"Cassava, fresh",2019,0
Singapore,"Cassava, fresh",2020,0
Singapore,"Cassava, fresh",2021,0
Singapore,"Coconuts, in shell",2019,54
Singapore,"Coconuts, in shell",2020,55
Singapore,"Coconuts, in shell",2021,54
Singapore,"Edible roots and tubers with high starch or inulin content, n.e.c., fresh",2019,5
Singapore,"Edible roots and tubers with high starch or inulin content, n.e.c., fresh",2020,5
Singapore,"Edible roots and tubers with high starch or inulin content, n.e.c., fresh",2021,5
Singapore,"Eggs from other birds in shell, fresh, n.e.c.",2019,7463
Singapore,"Eggs from other birds in shell, fresh, n.e.c.",2020,7463
Singapore,"Eggs from other birds in shell, fresh, n.e.c.",2021,7463
Singapore,"Hen eggs in shell, fresh",2019,53196
Singapore,"Hen eggs in shell, fresh",2020,62040
Singapore,"Hen eggs in shell, fresh",2021,64845
Singapore,Lettuce and chicory,2019,1532
Singapore,Lettuce and chicory,2020,1239
Singapore,Lettuce and chicory,2021,1407
Singapore,"Meat of cattle with the bone, fresh or chilled (indigenous)",2019,421
Singapore,"Meat of cattle with the bone, fresh or chilled (indigenous)",2020,413
Singapore,"Meat of cattle with the bone, fresh or chilled (indigenous)",2021,411
Singapore,"Meat of chickens, fresh or chilled (indigenous)",2019,2103
Singapore,"Meat of chickens, fresh or chilled (indigenous)",2020,3
Singapore,"Meat of chickens, fresh or chilled (indigenous)",2021,2935
Singapore,"Meat of ducks, fresh or chilled (indigenous)",2019,65
Singapore,"Meat of ducks, fresh or chilled (indigenous)",2020,476
Singapore,"Meat of ducks, fresh or chilled (indigenous)",2021,56
Singapore,"Meat of goat, fresh or chilled (indigenous)",2019,45
Singapore,"Meat of goat, fresh or chilled (indigenous)",2020,42
Singapore,"Meat of goat, fresh or chilled (indigenous)",2021,48
Singapore,"Meat of pig with the bone, fresh or chilled (indigenous)",2019,12127
Singapore,"Meat of pig with the bone, fresh or chilled (indigenous)",2020,0
Singapore,"Meat of pig with the bone, fresh or chilled (indigenous)",2021,0
Singapore,"Meat of sheep, fresh or chilled (indigenous)",2019,39
Singapore,"Meat of sheep, fresh or chilled (indigenous)",2020,16
Singapore,"Meat of sheep, fresh or chilled (indigenous)",2021,124
Singapore,Mushrooms and truffles,2019,1112
Singapore,Mushrooms and truffles,2020,1346
Singapore,Mushrooms and truffles,2021,1443
Singapore,"Other fruits, n.e.c.",2019,9
Singapore,"Other fruits, n.e.c.",2020,9
Singapore,"Other fruits, n.e.c.",2021,8
Singapore,"Other vegetables, fresh n.e.c.",2019,23004
Singapore,"Other vegetables, fresh n.e.c.",2020,21653
Singapore,"Other vegetables, fresh n.e.c.",2021,22253
Singapore,Spinach,2019,1583
Singapore,Spinach,2020,1592
Singapore,Spinach,2021,1613
Singapore,Sweet potatoes,2019,0
Singapore,Sweet potatoes,2020,0
Singapore,Sweet potatoes,2021,0
Singapore,Tomatoes,2019,146
Singapore,Tomatoes,2020,76
Singapore,Tomatoes,2021,120
South Africa,Apples,2019,440243
South Africa,Apples,2020,491075
South Africa,Apples,2021,564819
South Africa,Apricots,2019,26470
South Africa,Apricots,2020,16746
South Africa,Apricots,2021,30671
South Africa,Asparagus,2019,1606
South Africa,Asparagus,2020,1197
South Africa,Asparagus,2021,1144
South Africa,Avocados,2019,64911
South Africa,Avocados,2020,65805
South Africa,Avocados,2021,64177
South Africa,Bananas,2019,170802
South Africa,Bananas,2020,132529
South Africa,Bananas,2021,144292
South Africa,Barley,2019,82146
South Africa,Barley,2020,140006
South Africa,Barley,2021,79527
South Africa,"Beans, dry",2019,63622
South Africa,"Beans, dry",2020,62131
South Africa,"Beans, dry",2021,55297
South Africa,Buckwheat,2019,21
South Africa,Buckwheat,2020,20
South Africa,Buckwheat,2021,20
South Africa,Cabbages,2019,24720
South Africa,Cabbages,2020,24443
South Africa,Cabbages,2021,27791
South Africa,Cantaloupes and other melons,2019,10414
South Africa,Cantaloupes and other melons,2020,8427
South Africa,Cantaloupes and other melons,2021,7805
South Africa,Carrots and turnips,2019,54214
South Africa,Carrots and turnips,2020,51143
South Africa,Carrots and turnips,2021,54016
South Africa,Castor oil seeds,2019,2140
South Africa,Castor oil seeds,2020,2160
South Africa,Castor oil seeds,2021,2212
South Africa,Cauliflowers and broccoli,2019,6182
South Africa,Cauliflowers and broccoli,2020,6359
South Africa,Cauliflowers and broccoli,2021,6538
South Africa,Cereals n.e.c.,2019,2913
South Africa,Cereals n.e.c.,2020,2754
South Africa,Cereals n.e.c.,2021,2860
South Africa,Cherries,2019,2091
South Africa,Cherries,2020,3336
South Africa,Cherries,2021,4517
South Africa,Chicory roots,2019,1457
South Africa,Chicory roots,2020,1179
South Africa,Chicory roots,2021,1318
South Africa,"Chillies and peppers, dry (Capsicum spp., Pimenta spp.), raw",2019,14144
South Africa,"Chillies and peppers, dry (Capsicum spp., Pimenta spp.), raw",2020,14340
South Africa,"Chillies and peppers, dry (Capsicum spp., Pimenta spp.), raw",2021,14142
South Africa,"Chillies and peppers, green (Capsicum spp. and Pimenta spp.)",2019,1290
South Africa,"Chillies and peppers, green (Capsicum spp. and Pimenta spp.)",2020,1341
South Africa,"Chillies and peppers, green (Capsicum spp. and Pimenta spp.)",2021,1341
South Africa,"Cow peas, dry",2019,1846
South Africa,"Cow peas, dry",2020,1826
South Africa,"Cow peas, dry",2021,1838
South Africa,Cucumbers and gherkins,2019,17178
South Africa,Cucumbers and gherkins,2020,17488
South Africa,Cucumbers and gherkins,2021,17161
South Africa,Figs,2019,3316
South Africa,Figs,2020,3134
South Africa,Figs,2021,3028
South Africa,"Game meat, fresh, chilled or frozen",2019,122282
South Africa,"Game meat, fresh, chilled or frozen",2020,125275
South Africa,"Game meat, fresh, chilled or frozen",2021,124454
South Africa,Grapes,2019,1977373
South Africa,Grapes,2020,2107919
South Africa,Grapes,2021,2099580
South Africa,Green corn (maize),2019,357791
South Africa,Green corn (maize),2020,370062
South Africa,Green corn (maize),2021,373135
South Africa,"Groundnuts, excluding shelled",2019,12144
South Africa,"Groundnuts, excluding shelled",2020,31349
South Africa,"Groundnuts, excluding shelled",2021,40250
South Africa,"Hen eggs in shell, fresh",2019,760171
South Africa,"Hen eggs in shell, fresh",2020,799188
South Africa,"Hen eggs in shell, fresh",2021,738644
South Africa,Hop cones,2019,652
South Africa,Hop cones,2020,639
South Africa,Hop cones,2021,643
South Africa,"Horse meat, fresh or chilled (indigenous)",2019,2222
South Africa,"Horse meat, fresh or chilled (indigenous)",2020,2008
South Africa,"Horse meat, fresh or chilled (indigenous)",2021,2350
South Africa,"Kenaf, and other textile bast fibres, raw or retted",2019,494
South Africa,"Kenaf, and other textile bast fibres, raw or retted",2020,490
South Africa,"Kenaf, and other textile bast fibres, raw or retted",2021,490
South Africa,Lemons and limes,2019,310334
South Africa,Lemons and limes,2020,393959
South Africa,Lemons and limes,2021,401953
South Africa,Lettuce and chicory,2019,13183
South Africa,Lettuce and chicory,2020,13034
South Africa,Lettuce and chicory,2021,13194
South Africa,Lupins,2019,3147
South Africa,Lupins,2020,4410
South Africa,Lupins,2021,5161
South Africa,Maize (corn),2019,2279169
South Africa,Maize (corn),2020,3053921
South Africa,Maize (corn),2021,3144796
South Africa,"Mangoes, guavas and mangosteens",2019,72991
South Africa,"Mangoes, guavas and mangosteens",2020,66599
South Africa,"Mangoes, guavas and mangosteens",2021,60799
South Africa,"Meat of cattle with the bone, fresh or chilled (indigenous)",2019,2574727
South Africa,"Meat of cattle with the bone, fresh or chilled (indigenous)",2020,2542373
South Africa,"Meat of cattle with the bone, fresh or chilled (indigenous)",2021,2527309
South Africa,"Meat of chickens, fresh or chilled (indigenous)",2019,3068878
South Africa,"Meat of chickens, fresh or chilled (indigenous)",2020,3192378
South Africa,"Meat of chickens, fresh or chilled (indigenous)",2021,3231288
South Africa,"Meat of ducks, fresh or chilled (indigenous)",2019,1005
South Africa,"Meat of ducks, fresh or chilled (indigenous)",2020,1015
South Africa,"Meat of ducks, fresh or chilled (indigenous)",2021,1022
South Africa,"Meat of geese, fresh or chilled (indigenous)",2019,421
South Africa,"Meat of geese, fresh or chilled (indigenous)",2020,423
South Africa,"Meat of geese, fresh or chilled (indigenous)",2021,426
South Africa,"Meat of goat, fresh or chilled (indigenous)",2019,36816
South Africa,"Meat of goat, fresh or chilled (indigenous)",2020,39956
South Africa,"Meat of goat, fresh or chilled (indigenous)",2021,39012
South Africa,"Meat of pig with the bone, fresh or chilled (indigenous)",2019,493945
South Africa,"Meat of pig with the bone, fresh or chilled (indigenous)",2020,518619
South Africa,"Meat of pig with the bone, fresh or chilled (indigenous)",2021,569485
South Africa,"Meat of sheep, fresh or chilled (indigenous)",2019,627144
South Africa,"Meat of sheep, fresh or chilled (indigenous)",2020,654069
South Africa,"Meat of sheep, fresh or chilled (indigenous)",2021,617276
South Africa,"Meat of turkeys, fresh or chilled (indigenous)",2019,4574
South Africa,"Meat of turkeys, fresh or chilled (indigenous)",2020,4587
South Africa,"Meat of turkeys, fresh or chilled (indigenous)",2021,4689
South Africa,Millet,2019,803
South Africa,Millet,2020,800
South Africa,Millet,2021,801
South Africa,Mushrooms and truffles,2019,33737
South Africa,Mushrooms and truffles,2020,36589
South Africa,Mushrooms and truffles,2021,40096
South Africa,Natural honey,2019,2333
South Africa,Natural honey,2020,2334
South Africa,Natural honey,2021,2333
South Africa,Oats,2019,4307
South Africa,Oats,2020,14878
South Africa,Oats,2021,15400
South Africa,"Onions and shallots, dry (excluding dehydrated)",2019,177024
South Africa,"Onions and shallots, dry (excluding dehydrated)",2020,171774
South Africa,"Onions and shallots, dry (excluding dehydrated)",2021,173467
South Africa,Oranges,2019,460006
South Africa,Oranges,2020,408577
South Africa,Oranges,2021,439333
South Africa,"Other beans, green",2019,11284
South Africa,"Other beans, green",2020,11183
South Africa,"Other beans, green",2021,10387
South Africa,Other berries and fruits of the genus vaccinium n.e.c.,2019,14250
South Africa,Other berries and fruits of the genus vaccinium n.e.c.,2020,21274
South Africa,Other berries and fruits of the genus vaccinium n.e.c.,2021,27862
South Africa,"Other citrus fruit, n.e.c.",2019,4437
South Africa,"Other citrus fruit, n.e.c.",2020,4490
South Africa,"Other citrus fruit, n.e.c.",2021,4437
South Africa,"Other fibre crops, raw, n.e.c.",2019,1150
South Africa,"Other fibre crops, raw, n.e.c.",2020,1140
South Africa,"Other fibre crops, raw, n.e.c.",2021,1125
South Africa,"Other fruits, n.e.c.",2019,12219
South Africa,"Other fruits, n.e.c.",2020,12731
South Africa,"Other fruits, n.e.c.",2021,11675
South Africa,"Other nuts (excluding wild edible nuts and groundnuts), in shell, n.e.c.",2019,788972
South Africa,"Other nuts (excluding wild edible nuts and groundnuts), in shell, n.e.c.",2020,743019
South Africa,"Other nuts (excluding wild edible nuts and groundnuts), in shell, n.e.c.",2021,758737
South Africa,"Other oil seeds, n.e.c.",2019,4638
South Africa,"Other oil seeds, n.e.c.",2020,4677
South Africa,"Other oil seeds, n.e.c.",2021,4779
South Africa,"Other vegetables, fresh n.e.c.",2019,71421
South Africa,"Other vegetables, fresh n.e.c.",2020,71641
South Africa,"Other vegetables, fresh n.e.c.",2021,77229
South Africa,Papayas,2019,7459
South Africa,Papayas,2020,5994
South Africa,Papayas,2021,5337
South Africa,Peaches and nectarines,2019,102872
South Africa,Peaches and nectarines,2020,114203
South Africa,Peaches and nectarines,2021,117952
South Africa,Pears,2019,201650
South Africa,Pears,2020,214640
South Africa,Pears,2021,226959
South Africa,"Peas, dry",2019,754
South Africa,"Peas, dry",2020,718
South Africa,"Peas, dry",2021,747
South Africa,"Peas, green",2019,491
South Africa,"Peas, green",2020,1521
South Africa,"Peas, green",2021,1808
South Africa,Pineapples,2019,46860
South Africa,Pineapples,2020,46715
South Africa,Pineapples,2021,52954
South Africa,Plums and sloes,2019,46343
South Africa,Plums and sloes,2020,48429
South Africa,Plums and sloes,2021,75540
South Africa,Pomelos and grapefruits,2019,118338
South Africa,Pomelos and grapefruits,2020,109079
South Africa,Pomelos and grapefruits,2021,110026
South Africa,Potatoes,2019,636815
South Africa,Potatoes,2020,635715
South Africa,Potatoes,2021,618122
South Africa,"Pumpkins, squash and gourds",2019,99172
South Africa,"Pumpkins, squash and gourds",2020,98760
South Africa,"Pumpkins, squash and gourds",2021,101315
South Africa,Quinces,2019,110
South Africa,Quinces,2020,53
South Africa,Quinces,2021,126
South Africa,Raw milk of cattle,2019,1299913
South Africa,Raw milk of cattle,2020,1293200
South Africa,Raw milk of cattle,2021,1283803
South Africa,Rice,2019,1372
South Africa,Rice,2020,1372
South Africa,Rice,2021,1372
South Africa,Rye,2019,348
South Africa,Rye,2020,342
South Africa,Rye,2021,344
South Africa,"Seed cotton, unginned",2019,80008
South Africa,"Seed cotton, unginned",2020,45081
South Africa,"Seed cotton, unginned",2021,25528
South Africa,"Shorn wool, greasy, including fleece-washed shorn wool",2019,421550
South Africa,"Shorn wool, greasy, including fleece-washed shorn wool",2020,415380
South Africa,"Shorn wool, greasy, including fleece-washed shorn wool",2021,407061
South Africa,"Sisal, raw",2019,1092
South Africa,"Sisal, raw",2020,1114
South Africa,"Sisal, raw",2021,1137
South Africa,Sorghum,2019,28030
South Africa,Sorghum,2020,34872
South Africa,Sorghum,2021,47452
South Africa,Soya beans,2019,508503
South Africa,Soya beans,2020,541157
South Africa,Soya beans,2021,824228
South Africa,Strawberries,2019,19169
South Africa,Strawberries,2020,20248
South Africa,Strawberries,2021,21665
South Africa,Sugar cane,2019,732162
South Africa,Sugar cane,2020,693274
South Africa,Sugar cane,2021,654425
South Africa,Sunflower seed,2019,266154
South Africa,Sunflower seed,2020,309532
South Africa,Sunflower seed,2021,266154
South Africa,Sweet potatoes,2019,27573
South Africa,Sweet potatoes,2020,25727
South Africa,Sweet potatoes,2021,24960
South Africa,"Tangerines, mandarins, clementines",2019,223332
South Africa,"Tangerines, mandarins, clementines",2020,274549
South Africa,"Tangerines, mandarins, clementines",2021,351971
South Africa,Tea leaves,2019,2717
South Africa,Tea leaves,2020,2756
South Africa,Tea leaves,2021,2738
South Africa,Tomatoes,2019,188032
South Africa,Tomatoes,2020,192811
South Africa,Tomatoes,2021,170785
South Africa,Unmanufactured tobacco,2019,47857
South Africa,Unmanufactured tobacco,2020,48176
South Africa,Unmanufactured tobacco,2021,36691
South Africa,Watermelons,2019,14870
South Africa,Watermelons,2020,11323
South Africa,Watermelons,2021,15303
South Africa,Wheat,2019,424083
South Africa,Wheat,2020,585704
South Africa,Wheat,2021,631289
Sri Lanka,Areca nuts,2019,50088
Sri Lanka,Areca nuts,2020,59743
Sri Lanka,Areca nuts,2021,76685
Sri Lanka,"Beans, dry",2019,3254
Sri Lanka,"Beans, dry",2020,3253
Sri Lanka,"Beans, dry",2021,3255
Sri Lanka,Cabbages,2019,46604
Sri Lanka,Cabbages,2020,50269
Sri Lanka,Cabbages,2021,51613
Sri Lanka,Carrots and turnips,2019,54609
Sri Lanka,Carrots and turnips,2020,61004
Sri Lanka,Carrots and turnips,2021,64514
Sri Lanka,"Cashew nuts, in shell",2019,88698
Sri Lanka,"Cashew nuts, in shell",2020,85165
Sri Lanka,"Cashew nuts, in shell",2021,26153
Sri Lanka,"Cassava, fresh",2019,76658
Sri Lanka,"Cassava, fresh",2020,85868
Sri Lanka,"Cassava, fresh",2021,85742
Sri Lanka,"Chillies and peppers, green (Capsicum spp. and Pimenta spp.)",2019,97557
Sri Lanka,"Chillies and peppers, green (Capsicum spp. and Pimenta spp.)",2020,178446
Sri Lanka,"Chillies and peppers, green (Capsicum spp. and Pimenta spp.)",2021,154648
Sri Lanka,"Cinnamon and cinnamon-tree flowers, raw",2019,206643
Sri Lanka,"Cinnamon and cinnamon-tree flowers, raw",2020,190734
Sri Lanka,"Cinnamon and cinnamon-tree flowers, raw",2021,197558
Sri Lanka,"Cloves (whole stems), raw",2019,37183
Sri Lanka,"Cloves (whole stems), raw",2020,57007
Sri Lanka,"Cloves (whole stems), raw",2021,48474
Sri Lanka,Cocoa beans,2019,3033
Sri Lanka,Cocoa beans,2020,2943
Sri Lanka,Cocoa beans,2021,2728
Sri Lanka,"Coconuts, in shell",2019,887889
Sri Lanka,"Coconuts, in shell",2020,803301
Sri Lanka,"Coconuts, in shell",2021,897672
Sri Lanka,"Coffee, green",2019,9869
Sri Lanka,"Coffee, green",2020,13580
Sri Lanka,"Coffee, green",2021,10716
Sri Lanka,"Cow peas, dry",2019,9556
Sri Lanka,"Cow peas, dry",2020,15655
Sri Lanka,"Cow peas, dry",2021,14071
Sri Lanka,Cucumbers and gherkins,2019,9432
Sri Lanka,Cucumbers and gherkins,2020,10201
Sri Lanka,Cucumbers and gherkins,2021,9444
Sri Lanka,Eggplants (aubergines),2019,55062
Sri Lanka,Eggplants (aubergines),2020,57928
Sri Lanka,Eggplants (aubergines),2021,52879
Sri Lanka,"Eggs from other birds in shell, fresh, n.e.c.",2019,64
Sri Lanka,"Eggs from other birds in shell, fresh, n.e.c.",2020,64
Sri Lanka,"Eggs from other birds in shell, fresh, n.e.c.",2021,64
Sri Lanka,"Ginger, raw",2019,24504
Sri Lanka,"Ginger, raw",2020,65637
Sri Lanka,"Ginger, raw",2021,88791
Sri Lanka,"Groundnuts, excluding shelled",2019,28318
Sri Lanka,"Groundnuts, excluding shelled",2020,40487
Sri Lanka,"Groundnuts, excluding shelled",2021,38863
Sri Lanka,"Hen eggs in shell, fresh",2019,177315
Sri Lanka,"Hen eggs in shell, fresh",2020,159065
Sri Lanka,"Hen eggs in shell, fresh",2021,166213
Sri Lanka,Leeks and other alliaceous vegetables,2019,18133
Sri Lanka,Leeks and other alliaceous vegetables,2020,20303
Sri Lanka,Leeks and other alliaceous vegetables,2021,25444
Sri Lanka,Lemons and limes,2019,8183
Sri Lanka,Lemons and limes,2020,19136
Sri Lanka,Lemons and limes,2021,16292
Sri Lanka,Maize (corn),2019,66345
Sri Lanka,Maize (corn),2020,84676
Sri Lanka,Maize (corn),2021,127598
Sri Lanka,"Mangoes, guavas and mangosteens",2019,37364
Sri Lanka,"Mangoes, guavas and mangosteens",2020,78768
Sri Lanka,"Mangoes, guavas and mangosteens",2021,74214
Sri Lanka,"Meat of buffalo, fresh or chilled (indigenous)",2019,23975
Sri Lanka,"Meat of buffalo, fresh or chilled (indigenous)",2020,23734
Sri Lanka,"Meat of buffalo, fresh or chilled (indigenous)",2021,22369
Sri Lanka,"Meat of cattle with the bone, fresh or chilled (indigenous)",2019,32669
Sri Lanka,"Meat of cattle with the bone, fresh or chilled (indigenous)",2020,32325
Sri Lanka,"Meat of cattle with the bone, fresh or chilled (indigenous)",2021,30480
Sri Lanka,"Meat of chickens, fresh or chilled (indigenous)",2019,574660
Sri Lanka,"Meat of chickens, fresh or chilled (indigenous)",2020,554844
Sri Lanka,"Meat of chickens, fresh or chilled (indigenous)",2021,607550
Sri Lanka,"Meat of ducks, fresh or chilled (indigenous)",2019,22
Sri Lanka,"Meat of ducks, fresh or chilled (indigenous)",2020,26
Sri Lanka,"Meat of ducks, fresh or chilled (indigenous)",2021,37
Sri Lanka,"Meat of goat, fresh or chilled (indigenous)",2019,12351
Sri Lanka,"Meat of goat, fresh or chilled (indigenous)",2020,13396
Sri Lanka,"Meat of goat, fresh or chilled (indigenous)",2021,17087
Sri Lanka,"Meat of pig with the bone, fresh or chilled (indigenous)",2019,3300
Sri Lanka,"Meat of pig with the bone, fresh or chilled (indigenous)",2020,3901
Sri Lanka,"Meat of pig with the bone, fresh or chilled (indigenous)",2021,5978
Sri Lanka,Millet,2019,4654
Sri Lanka,Millet,2020,5336
Sri Lanka,Millet,2021,7064
Sri Lanka,Mustard seed,2019,188
Sri Lanka,Mustard seed,2020,78
Sri Lanka,Mustard seed,2021,464
Sri Lanka,Natural rubber in primary forms,2019,135225
Sri Lanka,Natural rubber in primary forms,2020,141474
Sri Lanka,Natural rubber in primary forms,2021,139086
Sri Lanka,"Nutmeg, mace, cardamoms, raw",2019,40366
Sri Lanka,"Nutmeg, mace, cardamoms, raw",2020,42851
Sri Lanka,"Nutmeg, mace, cardamoms, raw",2021,46785
Sri Lanka,"Onions and shallots, dry (excluding dehydrated)",2019,46672
Sri Lanka,"Onions and shallots, dry (excluding dehydrated)",2020,66137
Sri Lanka,"Onions and shallots, dry (excluding dehydrated)",2021,72695
Sri Lanka,Oranges,2019,5118
Sri Lanka,Oranges,2020,5290
Sri Lanka,Oranges,2021,5069
Sri Lanka,"Other beans, green",2019,111690
Sri Lanka,"Other beans, green",2020,135638
Sri Lanka,"Other beans, green",2021,122859
Sri Lanka,"Other fruits, n.e.c.",2019,11758
Sri Lanka,"Other fruits, n.e.c.",2020,11753
Sri Lanka,"Other fruits, n.e.c.",2021,11783
Sri Lanka,"Other stimulant, spice and aromatic crops, n.e.c.",2019,3602
Sri Lanka,"Other stimulant, spice and aromatic crops, n.e.c.",2020,3560
Sri Lanka,"Other stimulant, spice and aromatic crops, n.e.c.",2021,3512
Sri Lanka,"Other vegetables, fresh n.e.c.",2019,41208
Sri Lanka,"Other vegetables, fresh n.e.c.",2020,49335
Sri Lanka,"Other vegetables, fresh n.e.c.",2021,51203
Sri Lanka,"Pepper (Piper spp.), raw",2019,345848
Sri Lanka,"Pepper (Piper spp.), raw",2020,363614
Sri Lanka,"Pepper (Piper spp.), raw",2021,354666
Sri Lanka,Pineapples,2019,20282
Sri Lanka,Pineapples,2020,25066
Sri Lanka,Pineapples,2021,23161
Sri Lanka,Plantains and cooking bananas,2019,144276
Sri Lanka,Plantains and cooking bananas,2020,250689
Sri Lanka,Plantains and cooking bananas,2021,209127
Sri Lanka,Potatoes,2019,65947
Sri Lanka,Potatoes,2020,42229
Sri Lanka,Potatoes,2021,49253
Sri Lanka,"Pumpkins, squash and gourds",2019,67794
Sri Lanka,"Pumpkins, squash and gourds",2020,78328
Sri Lanka,"Pumpkins, squash and gourds",2021,77360
Sri Lanka,Raw milk of buffalo,2019,36699
Sri Lanka,Raw milk of buffalo,2020,38865
Sri Lanka,Raw milk of buffalo,2021,43868
Sri Lanka,Raw milk of cattle,2019,164420
Sri Lanka,Raw milk of cattle,2020,181833
Sri Lanka,Raw milk of cattle,2021,186993
Sri Lanka,Raw milk of goats,2019,5906
Sri Lanka,Raw milk of goats,2020,6207
Sri Lanka,Raw milk of goats,2021,6526
Sri Lanka,Rice,2019,1319737
Sri Lanka,Rice,2020,1471731
Sri Lanka,Rice,2021,1479971
Sri Lanka,Sesame seed,2019,7361
Sri Lanka,Sesame seed,2020,9947
Sri Lanka,Sesame seed,2021,14516
Sri Lanka,Sorghum,2019,122
Sri Lanka,Sorghum,2020,302
Sri Lanka,Sorghum,2021,289
Sri Lanka,Soya beans,2019,2133
Sri Lanka,Soya beans,2020,7648
Sri Lanka,Soya beans,2021,3683
Sri Lanka,Sugar cane,2019,20808
Sri Lanka,Sugar cane,2020,27244
Sri Lanka,Sugar cane,2021,26304
Sri Lanka,Sweet potatoes,2019,11435
Sri Lanka,Sweet potatoes,2020,14317
Sri Lanka,Sweet potatoes,2021,13943
Sri Lanka,Tea leaves,2019,731257
Sri Lanka,Tea leaves,2020,736165
Sri Lanka,Tea leaves,2021,883398
Sri Lanka,Tomatoes,2019,38367
Sri Lanka,Tomatoes,2020,44567
Sri Lanka,Tomatoes,2021,44154
Sri Lanka,Unmanufactured tobacco,2019,183099
Sri Lanka,Unmanufactured tobacco,2020,178164
Sri Lanka,Unmanufactured tobacco,2021,198641
Sudan,Bananas,2019,741806
Sudan,Bananas,2020,746148
Sudan,Bananas,2021,754417
Sudan,Eggplants (aubergines),2019,74430
Sudan,Eggplants (aubergines),2020,75924
Sudan,Eggplants (aubergines),2021,74386
Sudan,"Groundnuts, excluding shelled",2019,1379508
Sudan,"Groundnuts, excluding shelled",2020,1352721
Sudan,"Groundnuts, excluding shelled",2021,1148874
Sudan,Lemons and limes,2019,402048
Sudan,Lemons and limes,2020,422150
Sudan,Lemons and limes,2021,442982
Sudan,Melonseed,2019,118109
Sudan,Melonseed,2020,87895
Sudan,Melonseed,2021,101577
Sudan,Millet,2019,519015
Sudan,Millet,2020,878614
Sudan,Millet,2021,412624
Sudan,Okra,2019,421116
Sudan,Okra,2020,410891
Sudan,Okra,2021,414566
Sudan,Potatoes,2019,480068
Sudan,Potatoes,2020,508873
Sudan,Potatoes,2021,519585
Sudan,Sesame seed,2019,2104846
Sudan,Sesame seed,2020,2652983
Sudan,Sesame seed,2021,1829999
Sudan,Sorghum,2019,1158361
Sudan,Sorghum,2020,938376
Sudan,Sorghum,2021,1100717
Sudan,Sweet potatoes,2019,208355
Sudan,Sweet potatoes,2020,216689
Sudan,Sweet potatoes,2021,222044
Sudan,Tomatoes,2019,971805
Sudan,Tomatoes,2020,1006821
Sudan,Tomatoes,2021,993621
Sudan,Wheat,2019,312052
Sudan,Wheat,2020,308432
Sudan,Wheat,2021,290724
Suriname,Avocados,2019,101
Suriname,Avocados,2020,196
Suriname,Avocados,2021,150
Suriname,Bananas,2019,8871
Suriname,Bananas,2020,2231
Suriname,Bananas,2021,2840
Suriname,Cabbages,2019,1023
Suriname,Cabbages,2020,912
Suriname,Cabbages,2021,562
Suriname,"Cassava, fresh",2019,3419
Suriname,"Cassava, fresh",2020,2532
Suriname,"Cassava, fresh",2021,2323
Suriname,Cocoa beans,2019,9
Suriname,Cocoa beans,2020,9
Suriname,Cocoa beans,2021,9
Suriname,"Coconuts, in shell",2019,10570
Suriname,"Coconuts, in shell",2020,10762
Suriname,"Coconuts, in shell",2021,7023
Suriname,"Coffee, green",2019,7
Suriname,"Coffee, green",2020,7
Suriname,"Coffee, green",2021,8
Suriname,Cucumbers and gherkins,2019,549
Suriname,Cucumbers and gherkins,2020,421
Suriname,Cucumbers and gherkins,2021,168
Suriname,"Edible roots and tubers with high starch or inulin content, n.e.c., fresh",2019,2429
Suriname,"Edible roots and tubers with high starch or inulin content, n.e.c., fresh",2020,2385
Suriname,"Edible roots and tubers with high starch or inulin content, n.e.c., fresh",2021,2400
Suriname,"Groundnuts, excluding shelled",2019,88
Suriname,"Groundnuts, excluding shelled",2020,64
Suriname,"Groundnuts, excluding shelled",2021,44
Suriname,"Hen eggs in shell, fresh",2019,14061
Suriname,"Hen eggs in shell, fresh",2020,11728
Suriname,"Hen eggs in shell, fresh",2021,15312
Suriname,Lemons and limes,2019,1434
Suriname,Lemons and limes,2020,1283
Suriname,Lemons and limes,2021,1370
Suriname,Maize (corn),2019,265
Suriname,Maize (corn),2020,71
Suriname,Maize (corn),2021,50
Suriname,"Mangoes, guavas and mangosteens",2019,1286
Suriname,"Mangoes, guavas and mangosteens",2020,1346
Suriname,"Mangoes, guavas and mangosteens",2021,310
Suriname,"Meat of cattle with the bone, fresh or chilled (indigenous)",2019,9017
Suriname,"Meat of cattle with the bone, fresh or chilled (indigenous)",2020,9691
Suriname,"Meat of cattle with the bone, fresh or chilled (indigenous)",2021,9883
Suriname,"Meat of chickens, fresh or chilled (indigenous)",2019,41684
Suriname,"Meat of chickens, fresh or chilled (indigenous)",2020,39351
Suriname,"Meat of chickens, fresh or chilled (indigenous)",2021,44752
Suriname,"Meat of ducks, fresh or chilled (indigenous)",2019,8863
Suriname,"Meat of ducks, fresh or chilled (indigenous)",2020,8863
Suriname,"Meat of ducks, fresh or chilled (indigenous)",2021,8863
Suriname,"Meat of goat, fresh or chilled (indigenous)",2019,62
Suriname,"Meat of goat, fresh or chilled (indigenous)",2020,53
Suriname,"Meat of goat, fresh or chilled (indigenous)",2021,62
Suriname,"Meat of pig with the bone, fresh or chilled (indigenous)",2019,5510
Suriname,"Meat of pig with the bone, fresh or chilled (indigenous)",2020,5252
Suriname,"Meat of pig with the bone, fresh or chilled (indigenous)",2021,5239
Suriname,"Meat of sheep, fresh or chilled (indigenous)",2019,116
Suriname,"Meat of sheep, fresh or chilled (indigenous)",2020,116
Suriname,"Meat of sheep, fresh or chilled (indigenous)",2021,116
Suriname,Natural honey,2019,71
Suriname,Natural honey,2020,73
Suriname,Natural honey,2021,87
Suriname,Oil palm fruit,2019,1074
Suriname,Oil palm fruit,2020,1074
Suriname,Oil palm fruit,2021,1074
Suriname,Oranges,2019,19137
Suriname,Oranges,2020,19391
Suriname,Oranges,2021,18901
Suriname,"Other beans, green",2019,8168
Suriname,"Other beans, green",2020,6462
Suriname,"Other beans, green",2021,3478
Suriname,"Other citrus fruit, n.e.c.",2019,8995
Suriname,"Other citrus fruit, n.e.c.",2020,4500
Suriname,"Other citrus fruit, n.e.c.",2021,5963
Suriname,Other pulses n.e.c.,2019,285
Suriname,Other pulses n.e.c.,2020,228
Suriname,Other pulses n.e.c.,2021,174
Suriname,"Other vegetables, fresh n.e.c.",2019,19362
Suriname,"Other vegetables, fresh n.e.c.",2020,19062
Suriname,"Other vegetables, fresh n.e.c.",2021,11696
Suriname,Papayas,2019,995
Suriname,Papayas,2020,889
Suriname,Papayas,2021,460
Suriname,Pineapples,2019,5107
Suriname,Pineapples,2020,4971
Suriname,Pineapples,2021,5013
Suriname,Plantains and cooking bananas,2019,9697
Suriname,Plantains and cooking bananas,2020,12212
Suriname,Plantains and cooking bananas,2021,7022
Suriname,Pomelos and grapefruits,2019,1356
Suriname,Pomelos and grapefruits,2020,1278
Suriname,Pomelos and grapefruits,2021,1086
Suriname,Raw milk of cattle,2019,1909
Suriname,Raw milk of cattle,2020,1923
Suriname,Raw milk of cattle,2021,1592
Suriname,Rice,2019,46154
Suriname,Rice,2020,42043
Suriname,Rice,2021,44385
Suriname,Soya beans,2019,36
Suriname,Soya beans,2020,16
Suriname,Soya beans,2021,16
Suriname,Sugar cane,2019,5208
Suriname,Sugar cane,2020,4882
Suriname,Sugar cane,2021,5901
Suriname,Sweet potatoes,2019,600
Suriname,Sweet potatoes,2020,400
Suriname,Sweet potatoes,2021,172
Suriname,Tomatoes,2019,2060
Suriname,Tomatoes,2020,1518
Suriname,Tomatoes,2021,667
Suriname,Watermelons,2019,2732
Suriname,Watermelons,2020,2264
Suriname,Watermelons,2021,1615
Switzerland,Apples,2019,204771
Switzerland,Apples,2020,247567
Switzerland,Apples,2021,184266
Switzerland,Apricots,2019,24508
Switzerland,Apricots,2020,22532
Switzerland,Apricots,2021,9097
Switzerland,Artichokes,2019,19
Switzerland,Artichokes,2020,9
Switzerland,Asparagus,2019,6887
Switzerland,Asparagus,2020,8117
Switzerland,Asparagus,2021,7207
Switzerland,Barley,2019,61818
Switzerland,Barley,2020,62898
Switzerland,Barley,2021,55632
Switzerland,"Broad beans and horse beans, dry",2019,1780
Switzerland,"Broad beans and horse beans, dry",2020,1086
Switzerland,"Broad beans and horse beans, dry",2021,868
Switzerland,"Broad beans and horse beans, green",2019,229
Switzerland,"Broad beans and horse beans, green",2020,358
Switzerland,"Broad beans and horse beans, green",2021,125
Switzerland,Cabbages,2019,41004
Switzerland,Cabbages,2020,46011
Switzerland,Cabbages,2021,34845
Switzerland,Cantaloupes and other melons,2019,3
Switzerland,Cantaloupes and other melons,2020,13
Switzerland,Cantaloupes and other melons,2021,29
Switzerland,Carrots and turnips,2019,52799
Switzerland,Carrots and turnips,2020,51717
Switzerland,Carrots and turnips,2021,35867
Switzerland,Cauliflowers and broccoli,2019,29145
Switzerland,Cauliflowers and broccoli,2020,32783
Switzerland,Cauliflowers and broccoli,2021,27462
Switzerland,Cereals n.e.c.,2019,458
Switzerland,Cereals n.e.c.,2020,470
Switzerland,Cereals n.e.c.,2021,327
Switzerland,Cherries,2019,37416
Switzerland,Cherries,2020,32258
Switzerland,Cherries,2021,15049
Switzerland,"Chestnuts, in shell",2019,704
Switzerland,"Chestnuts, in shell",2020,704
Switzerland,"Chestnuts, in shell",2021,704
Switzerland,"Chillies and peppers, green (Capsicum spp. and Pimenta spp.)",2019,4436
Switzerland,"Chillies and peppers, green (Capsicum spp. and Pimenta spp.)",2020,4259
Switzerland,"Chillies and peppers, green (Capsicum spp. and Pimenta spp.)",2021,3646
Switzerland,Cucumbers and gherkins,2019,21985
Switzerland,Cucumbers and gherkins,2020,24778
Switzerland,Cucumbers and gherkins,2021,26092
Switzerland,Currants,2019,309
Switzerland,Currants,2020,289
Switzerland,Currants,2021,165
Switzerland,"Game meat, fresh, chilled or frozen",2019,10431
Switzerland,"Game meat, fresh, chilled or frozen",2020,10103
Switzerland,"Game meat, fresh, chilled or frozen",2021,10591
Switzerland,Gooseberries,2019,2191
Switzerland,Gooseberries,2020,2945
Switzerland,Gooseberries,2021,2461
Switzerland,Grapes,2019,429625
Switzerland,Grapes,2020,366177
Switzerland,Grapes,2021,267656
Switzerland,Green corn (maize),2019,1173
Switzerland,Green corn (maize),2020,1115
Switzerland,Green corn (maize),2021,1146
Switzerland,"Hen eggs in shell, fresh",2019,334603
Switzerland,"Hen eggs in shell, fresh",2020,356160
Switzerland,"Hen eggs in shell, fresh",2021,383376
Switzerland,Hop cones,2019,325
Switzerland,Hop cones,2020,369
Switzerland,Hop cones,2021,396
Switzerland,"Horse meat, fresh or chilled (indigenous)",2019,1
Switzerland,"Horse meat, fresh or chilled (indigenous)",2020,1
Switzerland,"Horse meat, fresh or chilled (indigenous)",2021,1
Switzerland,Kiwi fruit,2019,571
Switzerland,Kiwi fruit,2020,814
Switzerland,Kiwi fruit,2021,812
Switzerland,Lettuce and chicory,2019,169029
Switzerland,Lettuce and chicory,2020,184083
Switzerland,Lettuce and chicory,2021,152094
Switzerland,Lupins,2019,213
Switzerland,Lupins,2020,194
Switzerland,Lupins,2021,228
Switzerland,Maize (corn),2019,56523
Switzerland,Maize (corn),2020,71110
Switzerland,Maize (corn),2021,31790
Switzerland,"Meat of cattle with the bone, fresh or chilled (indigenous)",2019,1401150
Switzerland,"Meat of cattle with the bone, fresh or chilled (indigenous)",2020,1388918
Switzerland,"Meat of cattle with the bone, fresh or chilled (indigenous)",2021,1382911
Switzerland,"Meat of chickens, fresh or chilled (indigenous)",2019,367867
Switzerland,"Meat of chickens, fresh or chilled (indigenous)",2020,387597
Switzerland,"Meat of chickens, fresh or chilled (indigenous)",2021,401935
Switzerland,"Meat of goat, fresh or chilled (indigenous)",2019,4880
Switzerland,"Meat of goat, fresh or chilled (indigenous)",2020,4046
Switzerland,"Meat of goat, fresh or chilled (indigenous)",2021,4209
Switzerland,"Meat of pig with the bone, fresh or chilled (indigenous)",2019,779054
Switzerland,"Meat of pig with the bone, fresh or chilled (indigenous)",2020,790197
Switzerland,"Meat of pig with the bone, fresh or chilled (indigenous)",2021,810106
Switzerland,"Meat of rabbits and hares, fresh or chilled (indigenous)",2019,16513
Switzerland,"Meat of rabbits and hares, fresh or chilled (indigenous)",2020,14836
Switzerland,"Meat of rabbits and hares, fresh or chilled (indigenous)",2021,14472
Switzerland,"Meat of sheep, fresh or chilled (indigenous)",2019,62174
Switzerland,"Meat of sheep, fresh or chilled (indigenous)",2020,57221
Switzerland,"Meat of sheep, fresh or chilled (indigenous)",2021,56652
Switzerland,"Meat of turkeys, fresh or chilled (indigenous)",2019,9542
Switzerland,"Meat of turkeys, fresh or chilled (indigenous)",2020,9590
Switzerland,"Meat of turkeys, fresh or chilled (indigenous)",2021,9930
Switzerland,Mixed grain,2019,441
Switzerland,Mixed grain,2020,444
Switzerland,Mixed grain,2021,265
Switzerland,Mushrooms and truffles,2019,33052
Switzerland,Mushrooms and truffles,2020,36307
Switzerland,Mushrooms and truffles,2021,39522
Switzerland,Natural honey,2019,42586
Switzerland,Natural honey,2020,98758
Switzerland,Natural honey,2021,23777
Switzerland,Oats,2019,2705
Switzerland,Oats,2020,2497
Switzerland,Oats,2021,2064
Switzerland,"Onions and shallots, dry (excluding dehydrated)",2019,34041
Switzerland,"Onions and shallots, dry (excluding dehydrated)",2020,36843
Switzerland,"Onions and shallots, dry (excluding dehydrated)",2021,31754
Switzerland,"Onions and shallots, green",2019,9401
Switzerland,"Onions and shallots, green",2020,10643
Switzerland,"Onions and shallots, green",2021,10676
Switzerland,"Other beans, green",2019,9443
Switzerland,"Other beans, green",2020,11878
Switzerland,"Other beans, green",2021,6424
Switzerland,Other berries and fruits of the genus vaccinium n.e.c.,2019,1526
Switzerland,Other berries and fruits of the genus vaccinium n.e.c.,2020,1531
Switzerland,Other berries and fruits of the genus vaccinium n.e.c.,2021,1546
Switzerland,"Other fruits, n.e.c.",2019,63
Switzerland,"Other fruits, n.e.c.",2020,62
Switzerland,"Other fruits, n.e.c.",2021,62
Switzerland,"Other vegetables, fresh n.e.c.",2019,96032
Switzerland,"Other vegetables, fresh n.e.c.",2020,107188
Switzerland,"Other vegetables, fresh n.e.c.",2021,96101
Switzerland,Peaches and nectarines,2019,1052
Switzerland,Peaches and nectarines,2020,1014
Switzerland,Peaches and nectarines,2021,816
Switzerland,Pears,2019,51965
Switzerland,Pears,2020,60292
Switzerland,Pears,2021,43224
Switzerland,"Peas, dry",2019,10933
Switzerland,"Peas, dry",2020,9126
Switzerland,"Peas, dry",2021,6357
Switzerland,"Peas, green",2019,3731
Switzerland,"Peas, green",2020,5148
Switzerland,"Peas, green",2021,2538
Switzerland,Plums and sloes,2019,12894
Switzerland,Plums and sloes,2020,16921
Switzerland,Plums and sloes,2021,6707
Switzerland,Potatoes,2019,210388
Switzerland,Potatoes,2020,248328
Switzerland,Potatoes,2021,174188
Switzerland,"Pumpkins, squash and gourds",2019,27511
Switzerland,"Pumpkins, squash and gourds",2020,21084
Switzerland,"Pumpkins, squash and gourds",2021,13325
Switzerland,Quinces,2019,863
Switzerland,Quinces,2020,937
Switzerland,Quinces,2021,919
Switzerland,Rape or colza seed,2019,53533
Switzerland,Rape or colza seed,2020,69503
Switzerland,Rape or colza seed,2021,60782
Switzerland,Raspberries,2019,49598
Switzerland,Raspberries,2020,57949
Switzerland,Raspberries,2021,53246
Switzerland,Raw milk of cattle,2019,2471679
Switzerland,Raw milk of cattle,2020,2464053
Switzerland,Raw milk of cattle,2021,2484258
Switzerland,Raw milk of goats,2019,15056
Switzerland,Raw milk of goats,2020,14861
Switzerland,Raw milk of goats,2021,14535
Switzerland,Raw milk of sheep,2019,4165
Switzerland,Raw milk of sheep,2020,3972
Switzerland,Raw milk of sheep,2021,4100
Switzerland,Rye,2019,4163
Switzerland,Rye,2020,3846
Switzerland,Rye,2021,2959
Switzerland,"Shorn wool, greasy, including fleece-washed shorn wool",2019,524
Switzerland,"Shorn wool, greasy, including fleece-washed shorn wool",2020,494
Switzerland,"Shorn wool, greasy, including fleece-washed shorn wool",2021,540
Switzerland,Soya beans,2019,5080
Switzerland,Soya beans,2020,4982
Switzerland,Soya beans,2021,5538
Switzerland,Spinach,2019,17313
Switzerland,Spinach,2020,18529
Switzerland,Spinach,2021,21191
Switzerland,Strawberries,2019,55596
Switzerland,Strawberries,2020,59038
Switzerland,Strawberries,2021,57158
Switzerland,Sugar beet,2019,94132
Switzerland,Sugar beet,2020,84422
Switzerland,Sugar beet,2021,71324
Switzerland,Sunflower seed,2019,14407
Switzerland,Sunflower seed,2020,10006
Switzerland,Sunflower seed,2021,9069
Switzerland,Tomatoes,2019,98572
Switzerland,Tomatoes,2020,100206
Switzerland,Tomatoes,2021,90493
Switzerland,Triticale,2019,14710
Switzerland,Triticale,2020,14904
Switzerland,Triticale,2021,12003
Switzerland,Unmanufactured tobacco,2019,14740
Switzerland,Unmanufactured tobacco,2020,14598
Switzerland,Unmanufactured tobacco,2021,14028
Switzerland,"Walnuts, in shell",2019,7817
Switzerland,"Walnuts, in shell",2020,7316
Switzerland,"Walnuts, in shell",2021,6587
Switzerland,Wheat,2019,240670
Switzerland,Wheat,2020,255794
Switzerland,Wheat,2021,222107
Tajikistan,"Almonds, in shell",2019,7566
Tajikistan,"Almonds, in shell",2020,7534
Tajikistan,"Almonds, in shell",2021,7576
Tajikistan,Apples,2019,194143
Tajikistan,Apples,2020,197092
Tajikistan,Apples,2021,199085
Tajikistan,Apricots,2019,28229
Tajikistan,Apricots,2020,36496
Tajikistan,Apricots,2021,42935
Tajikistan,Barley,2019,46805
Tajikistan,Barley,2020,44936
Tajikistan,Barley,2021,38825
Tajikistan,Cabbages,2019,38767
Tajikistan,Cabbages,2020,34858
Tajikistan,Cabbages,2021,36229
Tajikistan,Carrots and turnips,2019,81469
Tajikistan,Carrots and turnips,2020,76515
Tajikistan,Carrots and turnips,2021,78844
Tajikistan,Cucumbers and gherkins,2019,66869
Tajikistan,Cucumbers and gherkins,2020,59130
Tajikistan,Cucumbers and gherkins,2021,62008
Tajikistan,Figs,2019,587
Tajikistan,Figs,2020,588
Tajikistan,Figs,2021,588
Tajikistan,Grapes,2019,85278
Tajikistan,Grapes,2020,82495
Tajikistan,Grapes,2021,92293
Tajikistan,Green garlic,2019,16210
Tajikistan,Green garlic,2020,12474
Tajikistan,Green garlic,2021,14697
Tajikistan,"Groundnuts, excluding shelled",2019,11698
Tajikistan,"Groundnuts, excluding shelled",2020,11943
Tajikistan,"Groundnuts, excluding shelled",2021,12084
Tajikistan,"Hazelnuts, in shell",2019,2824
Tajikistan,"Hazelnuts, in shell",2020,2820
Tajikistan,"Hazelnuts, in shell",2021,2838
Tajikistan,"Hen eggs in shell, fresh",2019,34970
Tajikistan,"Hen eggs in shell, fresh",2020,48958
Tajikistan,"Hen eggs in shell, fresh",2021,68770
Tajikistan,Lemons and limes,2019,4455
Tajikistan,Lemons and limes,2020,4840
Tajikistan,Lemons and limes,2021,4929
Tajikistan,"Lentils, dry",2019,847
Tajikistan,"Lentils, dry",2020,818
Tajikistan,"Lentils, dry",2021,853
Tajikistan,Maize (corn),2019,58919
Tajikistan,Maize (corn),2020,46042
Tajikistan,Maize (corn),2021,85963
Tajikistan,"Meat of cattle with the bone, fresh or chilled (indigenous)",2019,494303
Tajikistan,"Meat of cattle with the bone, fresh or chilled (indigenous)",2020,488618
Tajikistan,"Meat of cattle with the bone, fresh or chilled (indigenous)",2021,481559
Tajikistan,"Meat of chickens, fresh or chilled (indigenous)",2019,20973
Tajikistan,"Meat of chickens, fresh or chilled (indigenous)",2020,18886
Tajikistan,"Meat of chickens, fresh or chilled (indigenous)",2021,40019
Tajikistan,"Meat of pig with the bone, fresh or chilled (indigenous)",2019,8
Tajikistan,"Meat of pig with the bone, fresh or chilled (indigenous)",2020,44
Tajikistan,"Meat of pig with the bone, fresh or chilled (indigenous)",2021,8
Tajikistan,"Meat of sheep, fresh or chilled (indigenous)",2019,158471
Tajikistan,"Meat of sheep, fresh or chilled (indigenous)",2020,146657
Tajikistan,"Meat of sheep, fresh or chilled (indigenous)",2021,145535
Tajikistan,Natural honey,2019,19894
Tajikistan,Natural honey,2020,19924
Tajikistan,Natural honey,2021,20722
Tajikistan,Oats,2019,634
Tajikistan,Oats,2020,498
Tajikistan,Oats,2021,506
Tajikistan,"Onions and shallots, dry (excluding dehydrated)",2019,161622
Tajikistan,"Onions and shallots, dry (excluding dehydrated)",2020,158656
Tajikistan,"Onions and shallots, dry (excluding dehydrated)",2021,163693
Tajikistan,Oranges,2019,1146
Tajikistan,Oranges,2020,1165
Tajikistan,Oranges,2021,1163
Tajikistan,"Other beans, green",2019,13475
Tajikistan,"Other beans, green",2020,12108
Tajikistan,"Other beans, green",2021,13229
Tajikistan,"Other fruits, n.e.c.",2019,17062
Tajikistan,"Other fruits, n.e.c.",2020,17345
Tajikistan,"Other fruits, n.e.c.",2021,17303
Tajikistan,"Other nuts (excluding wild edible nuts and groundnuts), in shell, n.e.c.",2019,779
Tajikistan,"Other nuts (excluding wild edible nuts and groundnuts), in shell, n.e.c.",2020,780
Tajikistan,"Other nuts (excluding wild edible nuts and groundnuts), in shell, n.e.c.",2021,779
Tajikistan,Other pulses n.e.c.,2019,10374
Tajikistan,Other pulses n.e.c.,2020,33070
Tajikistan,Other pulses n.e.c.,2021,17949
Tajikistan,"Other vegetables, fresh n.e.c.",2019,70275
Tajikistan,"Other vegetables, fresh n.e.c.",2020,70869
Tajikistan,"Other vegetables, fresh n.e.c.",2021,73772
Tajikistan,Peaches and nectarines,2019,31542
Tajikistan,Peaches and nectarines,2020,31876
Tajikistan,Peaches and nectarines,2021,31547
Tajikistan,"Peas, dry",2019,13974
Tajikistan,"Peas, dry",2020,11821
Tajikistan,"Peas, dry",2021,12092
Tajikistan,"Pepper (Piper spp.), raw",2019,163241
Tajikistan,"Pepper (Piper spp.), raw",2020,97029
Tajikistan,"Pepper (Piper spp.), raw",2021,125854
Tajikistan,Plums and sloes,2019,3018
Tajikistan,Plums and sloes,2020,3033
Tajikistan,Plums and sloes,2021,3023
Tajikistan,Potatoes,2019,236981
Tajikistan,Potatoes,2020,243431
Tajikistan,Potatoes,2021,248150
Tajikistan,Rape or colza seed,2019,4
Tajikistan,Rape or colza seed,2020,89
Tajikistan,Rape or colza seed,2021,78
Tajikistan,Raw milk of cattle,2019,328803
Tajikistan,Raw milk of cattle,2020,335486
Tajikistan,Raw milk of cattle,2021,342617
Tajikistan,Raw milk of goats,2019,12391
Tajikistan,Raw milk of goats,2020,12386
Tajikistan,Raw milk of goats,2021,12653
Tajikistan,Rice,2019,50969
Tajikistan,Rice,2020,63878
Tajikistan,Rice,2021,67853
Tajikistan,Rye,2019,150
Tajikistan,Rye,2020,91
Tajikistan,Rye,2021,61
Tajikistan,Safflower seed,2019,3448
Tajikistan,Safflower seed,2020,1898
Tajikistan,Safflower seed,2021,2322
Tajikistan,"Seed cotton, unginned",2019,148412
Tajikistan,"Seed cotton, unginned",2020,145831
Tajikistan,"Seed cotton, unginned",2021,143180
Tajikistan,Sesame seed,2019,602
Tajikistan,Sesame seed,2020,388
Tajikistan,Sesame seed,2021,411
Tajikistan,"Shorn wool, greasy, including fleece-washed shorn wool",2019,5303
Tajikistan,"Shorn wool, greasy, including fleece-washed shorn wool",2020,5431
Tajikistan,"Shorn wool, greasy, including fleece-washed shorn wool",2021,5342
Tajikistan,Silk-worm cocoons suitable for reeling,2019,638
Tajikistan,Silk-worm cocoons suitable for reeling,2020,638
Tajikistan,Silk-worm cocoons suitable for reeling,2021,637
Tajikistan,Sorghum,2019,3
Tajikistan,Sorghum,2020,6
Tajikistan,Sorghum,2021,7
Tajikistan,Soya beans,2019,9
Tajikistan,Soya beans,2020,9
Tajikistan,Soya beans,2021,9
Tajikistan,Sunflower seed,2019,10996
Tajikistan,Sunflower seed,2020,11512
Tajikistan,Sunflower seed,2021,12471
Tajikistan,Tomatoes,2019,100850
Tajikistan,Tomatoes,2020,92030
Tajikistan,Tomatoes,2021,94678
Tajikistan,Unmanufactured tobacco,2019,137
Tajikistan,Unmanufactured tobacco,2020,97
Tajikistan,Unmanufactured tobacco,2021,97
Tajikistan,Watermelons,2019,206046
Tajikistan,Watermelons,2020,193377
Tajikistan,Watermelons,2021,195998
Tajikistan,Wheat,2019,202789
Tajikistan,Wheat,2020,204998
Tajikistan,Wheat,2021,206452
Thailand,Areca nuts,2019,57236
Thailand,Areca nuts,2020,57154
Thailand,Areca nuts,2021,57307
Thailand,Asparagus,2019,55771
Thailand,Asparagus,2020,54909
Thailand,Asparagus,2021,55295
Thailand,Bananas,2019,397360
Thailand,Bananas,2020,416677
Thailand,Bananas,2021,406762
Thailand,Barley,2019,24294
Thailand,Barley,2020,27142
Thailand,Barley,2021,28711
Thailand,"Beans, dry",2019,47686
Thailand,"Beans, dry",2020,48240
Thailand,"Beans, dry",2021,47301
Thailand,"Broad beans and horse beans, green",2019,1544
Thailand,"Broad beans and horse beans, green",2020,1551
Thailand,"Broad beans and horse beans, green",2021,1571
Thailand,Cabbages,2019,102851
Thailand,Cabbages,2020,102851
Thailand,Cabbages,2021,99875
Thailand,Canary seed,2019,14382
Thailand,Canary seed,2020,14315
Thailand,Canary seed,2021,14345
Thailand,"Cashew nuts, in shell",2019,22444
Thailand,"Cashew nuts, in shell",2020,21618
Thailand,"Cashew nuts, in shell",2021,21932
Thailand,"Cassava, fresh",2019,1891019
Thailand,"Cassava, fresh",2020,1764413
Thailand,"Cassava, fresh",2021,2135277
Thailand,Castor oil seeds,2019,4040
Thailand,Castor oil seeds,2020,4040
Thailand,Castor oil seeds,2021,4040
Thailand,Cauliflowers and broccoli,2019,9454
Thailand,Cauliflowers and broccoli,2020,9132
Thailand,Cauliflowers and broccoli,2021,8677
Thailand,Cereals n.e.c.,2019,21291
Thailand,Cereals n.e.c.,2020,21558
Thailand,Cereals n.e.c.,2021,22082
Thailand,"Chillies and peppers, dry (Capsicum spp., Pimenta spp.), raw",2019,709806
Thailand,"Chillies and peppers, dry (Capsicum spp., Pimenta spp.), raw",2020,699791
Thailand,"Chillies and peppers, dry (Capsicum spp., Pimenta spp.), raw",2021,718633
Thailand,"Chillies and peppers, green (Capsicum spp. and Pimenta spp.)",2019,16404
Thailand,"Chillies and peppers, green (Capsicum spp. and Pimenta spp.)",2020,16600
Thailand,"Chillies and peppers, green (Capsicum spp. and Pimenta spp.)",2021,16382
Thailand,Cocoa beans,2019,128
Thailand,Cocoa beans,2020,131
Thailand,Cocoa beans,2021,130
Thailand,"Coconuts, in shell",2019,241025
Thailand,"Coconuts, in shell",2020,171987
Thailand,"Coconuts, in shell",2021,261125
Thailand,"Coffee, green",2019,50744
Thailand,"Coffee, green",2020,43175
Thailand,"Coffee, green",2021,41814
Thailand,Cucumbers and gherkins,2019,70494
Thailand,Cucumbers and gherkins,2020,70248
Thailand,Cucumbers and gherkins,2021,70020
Thailand,"Edible roots and tubers with high starch or inulin content, n.e.c., fresh",2019,43327
Thailand,"Edible roots and tubers with high starch or inulin content, n.e.c., fresh",2020,45442
Thailand,"Edible roots and tubers with high starch or inulin content, n.e.c., fresh",2021,44105
Thailand,Eggplants (aubergines),2019,8911
Thailand,Eggplants (aubergines),2020,8799
Thailand,Eggplants (aubergines),2021,8832
Thailand,"Eggs from other birds in shell, fresh, n.e.c.",2019,470268
Thailand,"Eggs from other birds in shell, fresh, n.e.c.",2020,470268
Thailand,"Eggs from other birds in shell, fresh, n.e.c.",2021,470268
Thailand,"Ginger, raw",2019,185437
Thailand,"Ginger, raw",2020,188946
Thailand,"Ginger, raw",2021,185724
Thailand,Grapes,2019,99660
Thailand,Grapes,2020,100843
Thailand,Grapes,2021,99158
Thailand,Green corn (maize),2019,169012
Thailand,Green corn (maize),2020,172024
Thailand,Green corn (maize),2021,168962
Thailand,Green garlic,2019,179743
Thailand,Green garlic,2020,164343
Thailand,Green garlic,2021,161360
Thailand,"Groundnuts, excluding shelled",2019,41343
Thailand,"Groundnuts, excluding shelled",2020,38952
Thailand,"Groundnuts, excluding shelled",2021,33335
Thailand,"Hen eggs in shell, fresh",2019,950783
Thailand,"Hen eggs in shell, fresh",2020,968896
Thailand,"Hen eggs in shell, fresh",2021,964854
Thailand,"Jute, raw or retted",2019,58
Thailand,"Jute, raw or retted",2020,58
Thailand,"Jute, raw or retted",2021,58
Thailand,Kapok fruit,2019,4867
Thailand,Kapok fruit,2020,4907
Thailand,Kapok fruit,2021,4745
Thailand,"Kenaf, and other textile bast fibres, raw or retted",2019,762
Thailand,"Kenaf, and other textile bast fibres, raw or retted",2020,729
Thailand,"Kenaf, and other textile bast fibres, raw or retted",2021,728
Thailand,Lemons and limes,2019,261387
Thailand,Lemons and limes,2020,252839
Thailand,Lemons and limes,2021,277657
Thailand,Lettuce and chicory,2019,21844
Thailand,Lettuce and chicory,2020,22074
Thailand,Lettuce and chicory,2021,22036
Thailand,Maize (corn),2019,975227
Thailand,Maize (corn),2020,1073103
Thailand,Maize (corn),2021,1042489
Thailand,"Mangoes, guavas and mangosteens",2019,1129190
Thailand,"Mangoes, guavas and mangosteens",2020,907669
Thailand,"Mangoes, guavas and mangosteens",2021,1127331
Thailand,"Meat of buffalo, fresh or chilled (indigenous)",2019,137488
Thailand,"Meat of buffalo, fresh or chilled (indigenous)",2020,131178
Thailand,"Meat of buffalo, fresh or chilled (indigenous)",2021,135573
Thailand,"Meat of cattle with the bone, fresh or chilled (indigenous)",2019,721953
Thailand,"Meat of cattle with the bone, fresh or chilled (indigenous)",2020,624325
Thailand,"Meat of cattle with the bone, fresh or chilled (indigenous)",2021,676136
Thailand,"Meat of chickens, fresh or chilled (indigenous)",2019,2225285
Thailand,"Meat of chickens, fresh or chilled (indigenous)",2020,2274707
Thailand,"Meat of chickens, fresh or chilled (indigenous)",2021,2423900
Thailand,"Meat of ducks, fresh or chilled (indigenous)",2019,177251
Thailand,"Meat of ducks, fresh or chilled (indigenous)",2020,155730
Thailand,"Meat of ducks, fresh or chilled (indigenous)",2021,185679
Thailand,"Meat of geese, fresh or chilled (indigenous)",2019,1916
Thailand,"Meat of geese, fresh or chilled (indigenous)",2020,1673
Thailand,"Meat of geese, fresh or chilled (indigenous)",2021,1757
Thailand,"Meat of goat, fresh or chilled (indigenous)",2019,3170
Thailand,"Meat of goat, fresh or chilled (indigenous)",2020,2852
Thailand,"Meat of goat, fresh or chilled (indigenous)",2021,3307
Thailand,"Meat of pig with the bone, fresh or chilled (indigenous)",2019,2227048
Thailand,"Meat of pig with the bone, fresh or chilled (indigenous)",2020,2246747
Thailand,"Meat of pig with the bone, fresh or chilled (indigenous)",2021,2262034
Thailand,"Meat of sheep, fresh or chilled (indigenous)",2019,80
Thailand,"Meat of sheep, fresh or chilled (indigenous)",2020,230
Thailand,"Meat of sheep, fresh or chilled (indigenous)",2021,179
Thailand,Mushrooms and truffles,2019,3216
Thailand,Mushrooms and truffles,2020,3394
Thailand,Mushrooms and truffles,2021,2613
Thailand,Natural honey,2019,31398
Thailand,Natural honey,2020,32284
Thailand,Natural honey,2021,32236
Thailand,Natural rubber in primary forms,2019,6990499
Thailand,Natural rubber in primary forms,2020,7018973
Thailand,Natural rubber in primary forms,2021,7066326
Thailand,Oil palm fruit,2019,3044030
Thailand,Oil palm fruit,2020,3009437
Thailand,Oil palm fruit,2021,3136095
Thailand,"Onions and shallots, dry (excluding dehydrated)",2019,11348
Thailand,"Onions and shallots, dry (excluding dehydrated)",2020,11227
Thailand,"Onions and shallots, dry (excluding dehydrated)",2021,11280
Thailand,"Onions and shallots, green",2019,81085
Thailand,"Onions and shallots, green",2020,94385
Thailand,"Onions and shallots, green",2021,103641
Thailand,Oranges,2019,411005
Thailand,Oranges,2020,403177
Thailand,Oranges,2021,405822
Thailand,"Other beans, green",2019,186138
Thailand,"Other beans, green",2020,180680
Thailand,"Other beans, green",2021,182840
Thailand,"Other citrus fruit, n.e.c.",2019,54338
Thailand,"Other citrus fruit, n.e.c.",2020,54338
Thailand,"Other citrus fruit, n.e.c.",2021,54338
Thailand,"Other fibre crops, raw, n.e.c.",2019,348
Thailand,"Other fibre crops, raw, n.e.c.",2020,353
Thailand,"Other fibre crops, raw, n.e.c.",2021,354
Thailand,"Other fruits, n.e.c.",2019,793774
Thailand,"Other fruits, n.e.c.",2020,793774
Thailand,"Other fruits, n.e.c.",2021,793774
Thailand,"Other nuts (excluding wild edible nuts and groundnuts), in shell, n.e.c.",2019,26210
Thailand,"Other nuts (excluding wild edible nuts and groundnuts), in shell, n.e.c.",2020,26119
Thailand,"Other nuts (excluding wild edible nuts and groundnuts), in shell, n.e.c.",2021,25982
Thailand,Other pulses n.e.c.,2019,71945
Thailand,Other pulses n.e.c.,2020,72899
Thailand,Other pulses n.e.c.,2021,71809
Thailand,"Other stimulant, spice and aromatic crops, n.e.c.",2019,27946
Thailand,"Other stimulant, spice and aromatic crops, n.e.c.",2020,30307
Thailand,"Other stimulant, spice and aromatic crops, n.e.c.",2021,32422
Thailand,"Other tropical fruits, n.e.c.",2019,444785
Thailand,"Other tropical fruits, n.e.c.",2020,457463
Thailand,"Other tropical fruits, n.e.c.",2021,539466
Thailand,"Other vegetables, fresh n.e.c.",2019,499898
Thailand,"Other vegetables, fresh n.e.c.",2020,503828
Thailand,"Other vegetables, fresh n.e.c.",2021,501695
Thailand,Papayas,2019,24745
Thailand,Papayas,2020,25557
Thailand,Papayas,2021,25435
Thailand,"Peas, green",2019,4152
Thailand,"Peas, green",2020,4196
Thailand,"Peas, green",2021,4232
Thailand,"Pepper (Piper spp.), raw",2019,20337
Thailand,"Pepper (Piper spp.), raw",2020,9449
Thailand,"Pepper (Piper spp.), raw",2021,9476
Thailand,Pineapples,2019,492217
Thailand,Pineapples,2020,453284
Thailand,Pineapples,2021,472092
Thailand,Pomelos and grapefruits,2019,279666
Thailand,Pomelos and grapefruits,2020,262635
Thailand,Pomelos and grapefruits,2021,264484
Thailand,Potatoes,2019,46530
Thailand,Potatoes,2020,46140
Thailand,Potatoes,2021,43606
Thailand,"Pumpkins, squash and gourds",2019,47924
Thailand,"Pumpkins, squash and gourds",2020,47361
Thailand,"Pumpkins, squash and gourds",2021,45716
Thailand,Raw milk of cattle,2019,667048
Thailand,Raw milk of cattle,2020,679955
Thailand,Raw milk of cattle,2021,669113
Thailand,Rice,2019,7643678
Thailand,Rice,2020,7580827
Thailand,Rice,2021,7859667
Thailand,"Seed cotton, unginned",2019,3896
Thailand,"Seed cotton, unginned",2020,2552
Thailand,"Seed cotton, unginned",2021,2552
Thailand,Sesame seed,2019,36627
Thailand,Sesame seed,2020,36627
Thailand,Sesame seed,2021,36627
Thailand,Silk-worm cocoons suitable for reeling,2019,23002
Thailand,Silk-worm cocoons suitable for reeling,2020,17051
Thailand,Silk-worm cocoons suitable for reeling,2021,16493
Thailand,Sorghum,2019,7459
Thailand,Sorghum,2020,9827
Thailand,Sorghum,2021,9827
Thailand,Soya beans,2019,11973
Thailand,Soya beans,2020,10387
Thailand,Soya beans,2021,9673
Thailand,Sugar cane,2019,3145079
Thailand,Sugar cane,2020,1799822
Thailand,Sugar cane,2021,1601934
Thailand,Sunflower seed,2019,9730
Thailand,Sunflower seed,2020,9730
Thailand,Sunflower seed,2021,9730
Thailand,"Tangerines, mandarins, clementines",2019,231524
Thailand,"Tangerines, mandarins, clementines",2020,259397
Thailand,"Tangerines, mandarins, clementines",2021,304485
Thailand,Taro,2019,75770
Thailand,Taro,2020,76941
Thailand,Taro,2021,75767
Thailand,Tea leaves,2019,481704
Thailand,Tea leaves,2020,516048
Thailand,Tea leaves,2021,516048
Thailand,Tomatoes,2019,49389
Thailand,Tomatoes,2020,48975
Thailand,Tomatoes,2021,51763
Thailand,Unmanufactured tobacco,2019,65618
Thailand,Unmanufactured tobacco,2020,65595
Thailand,Unmanufactured tobacco,2021,66004
Thailand,Watermelons,2019,65349
Thailand,Watermelons,2020,65349
Thailand,Watermelons,2021,65750
Thailand,Wheat,2019,308
Thailand,Wheat,2020,309
Thailand,Wheat,2021,307
Timor-Leste,Bananas,2019,330
Timor-Leste,Bananas,2020,372
Timor-Leste,Bananas,2021,932
Timor-Leste,"Beans, dry",2019,16913
Timor-Leste,"Beans, dry",2020,17059
Timor-Leste,"Beans, dry",2021,17221
Timor-Leste,Cabbages,2019,1873
Timor-Leste,Cabbages,2020,1843
Timor-Leste,Cabbages,2021,1853
Timor-Leste,"Cassava, fresh",2019,14595
Timor-Leste,"Cassava, fresh",2020,13711
Timor-Leste,"Cassava, fresh",2021,11654
Timor-Leste,"Coffee, green",2019,14895
Timor-Leste,"Coffee, green",2020,21905
Timor-Leste,"Coffee, green",2021,32090
Timor-Leste,Cucumbers and gherkins,2019,393
Timor-Leste,Cucumbers and gherkins,2020,400
Timor-Leste,Cucumbers and gherkins,2021,400
Timor-Leste,Green garlic,2019,502
Timor-Leste,Green garlic,2020,501
Timor-Leste,Green garlic,2021,501
Timor-Leste,Maize (corn),2019,110434
Timor-Leste,Maize (corn),2020,113229
Timor-Leste,Maize (corn),2021,81790
Timor-Leste,"Mangoes, guavas and mangosteens",2019,2775
Timor-Leste,"Mangoes, guavas and mangosteens",2020,2786
Timor-Leste,"Mangoes, guavas and mangosteens",2021,2786
Timor-Leste,"Meat of buffalo, fresh or chilled (indigenous)",2019,6414
Timor-Leste,"Meat of buffalo, fresh or chilled (indigenous)",2020,6292
Timor-Leste,"Meat of buffalo, fresh or chilled (indigenous)",2021,6303
Timor-Leste,"Meat of cattle with the bone, fresh or chilled (indigenous)",2019,17001
Timor-Leste,"Meat of cattle with the bone, fresh or chilled (indigenous)",2020,13567
Timor-Leste,"Meat of cattle with the bone, fresh or chilled (indigenous)",2021,11765
Timor-Leste,"Meat of goat, fresh or chilled (indigenous)",2019,2490
Timor-Leste,"Meat of goat, fresh or chilled (indigenous)",2020,2619
Timor-Leste,"Meat of goat, fresh or chilled (indigenous)",2021,2732
Timor-Leste,"Meat of pig with the bone, fresh or chilled (indigenous)",2019,124667
Timor-Leste,"Meat of pig with the bone, fresh or chilled (indigenous)",2020,100050
Timor-Leste,"Meat of pig with the bone, fresh or chilled (indigenous)",2021,65703
Timor-Leste,"Meat of sheep, fresh or chilled (indigenous)",2019,194
Timor-Leste,"Meat of sheep, fresh or chilled (indigenous)",2020,262
Timor-Leste,"Meat of sheep, fresh or chilled (indigenous)",2021,322
Timor-Leste,Oranges,2019,3037
Timor-Leste,Oranges,2020,3088
Timor-Leste,Oranges,2021,3029
Timor-Leste,"Other beans, green",2019,4577
Timor-Leste,"Other beans, green",2020,4711
Timor-Leste,"Other beans, green",2021,5080
Timor-Leste,Papayas,2019,1205
Timor-Leste,Papayas,2020,1198
Timor-Leste,Papayas,2021,1187
Timor-Leste,Pineapples,2019,76
Timor-Leste,Pineapples,2020,75
Timor-Leste,Pineapples,2021,74
Timor-Leste,Potatoes,2019,1222
Timor-Leste,Potatoes,2020,1175
Timor-Leste,Potatoes,2021,1026
Timor-Leste,Rice,2019,63597
Timor-Leste,Rice,2020,66470
Timor-Leste,Rice,2021,60449
Timor-Leste,Soya beans,2019,2137
Timor-Leste,Soya beans,2020,2058
Timor-Leste,Soya beans,2021,885
Timor-Leste,Sweet potatoes,2019,2667
Timor-Leste,Sweet potatoes,2020,2626
Timor-Leste,Sweet potatoes,2021,2299
Timor-Leste,Tomatoes,2019,535
Timor-Leste,Tomatoes,2020,524
Timor-Leste,Tomatoes,2021,527
Togo,"Bambara beans, dry",2019,13580
Togo,"Bambara beans, dry",2020,13765
Togo,"Bambara beans, dry",2021,13642
Togo,Bananas,2019,11496
Togo,Bananas,2020,11537
Togo,Bananas,2021,11803
Togo,"Beans, dry",2019,143804
Togo,"Beans, dry",2020,143474
Togo,"Beans, dry",2021,150291
Togo,Cabbages,2019,423
Togo,Cabbages,2020,414
Togo,Cabbages,2021,417
Togo,"Cashew nuts, in shell",2019,6023
Togo,"Cashew nuts, in shell",2020,6069
Togo,"Cashew nuts, in shell",2021,6285
Togo,"Cassava, fresh",2019,225127
Togo,"Cassava, fresh",2020,233216
Togo,"Cassava, fresh",2021,242521
Togo,Castor oil seeds,2019,25
Togo,Castor oil seeds,2020,26
Togo,Castor oil seeds,2021,26
Togo,"Chillies and peppers, dry (Capsicum spp., Pimenta spp.), raw",2019,13084
Togo,"Chillies and peppers, dry (Capsicum spp., Pimenta spp.), raw",2020,13257
Togo,"Chillies and peppers, dry (Capsicum spp., Pimenta spp.), raw",2021,13086
Togo,Cocoa beans,2019,22069
Togo,Cocoa beans,2020,27066
Togo,Cocoa beans,2021,20820
Togo,"Coconuts, in shell",2019,4090
Togo,"Coconuts, in shell",2020,4090
Togo,"Coconuts, in shell",2021,4910
Togo,"Coffee, green",2019,23575
Togo,"Coffee, green",2020,24338
Togo,"Coffee, green",2021,25555
Togo,"Edible roots and tubers with high starch or inulin content, n.e.c., fresh",2019,2308
Togo,"Edible roots and tubers with high starch or inulin content, n.e.c., fresh",2020,2533
Togo,"Edible roots and tubers with high starch or inulin content, n.e.c., fresh",2021,2517
Togo,Fonio,2019,5577
Togo,Fonio,2020,6232
Togo,Fonio,2021,6387
Togo,"Game meat, fresh, chilled or frozen",2019,16224
Togo,"Game meat, fresh, chilled or frozen",2020,16473
Togo,"Game meat, fresh, chilled or frozen",2021,16744
Togo,"Groundnuts, excluding shelled",2019,26965
Togo,"Groundnuts, excluding shelled",2020,26255
Togo,"Groundnuts, excluding shelled",2021,26835
Togo,"Hen eggs in shell, fresh",2019,150152
Togo,"Hen eggs in shell, fresh",2020,129813
Togo,"Hen eggs in shell, fresh",2021,143213
Togo,Karite nuts (sheanuts),2019,4607
Togo,Karite nuts (sheanuts),2020,4514
Togo,Karite nuts (sheanuts),2021,4543
Togo,Maize (corn),2019,248143
Togo,Maize (corn),2020,240782
Togo,Maize (corn),2021,252750
Togo,"Meat of cattle with the bone, fresh or chilled (indigenous)",2019,14093
Togo,"Meat of cattle with the bone, fresh or chilled (indigenous)",2020,17510
Togo,"Meat of cattle with the bone, fresh or chilled (indigenous)",2021,20799
Togo,"Meat of chickens, fresh or chilled (indigenous)",2019,61829
Togo,"Meat of chickens, fresh or chilled (indigenous)",2020,65944
Togo,"Meat of chickens, fresh or chilled (indigenous)",2021,71442
Togo,"Meat of goat, fresh or chilled (indigenous)",2019,14455
Togo,"Meat of goat, fresh or chilled (indigenous)",2020,15911
Togo,"Meat of goat, fresh or chilled (indigenous)",2021,17153
Togo,"Meat of pig with the bone, fresh or chilled (indigenous)",2019,33524
Togo,"Meat of pig with the bone, fresh or chilled (indigenous)",2020,39321
Togo,"Meat of pig with the bone, fresh or chilled (indigenous)",2021,38610
Togo,"Meat of sheep, fresh or chilled (indigenous)",2019,34188
Togo,"Meat of sheep, fresh or chilled (indigenous)",2020,16751
Togo,"Meat of sheep, fresh or chilled (indigenous)",2021,17808
Togo,Millet,2019,9765
Togo,Millet,2020,9922
Togo,Millet,2021,10068
Togo,"Nutmeg, mace, cardamoms, raw",2019,19
Togo,"Nutmeg, mace, cardamoms, raw",2020,18
Togo,"Nutmeg, mace, cardamoms, raw",2021,18
Togo,Oil palm fruit,2019,19639
Togo,Oil palm fruit,2020,19808
Togo,Oil palm fruit,2021,20316
Togo,Oranges,2019,5411
Togo,Oranges,2020,5413
Togo,Oranges,2021,5455
Togo,"Other fruits, n.e.c.",2019,14756
Togo,"Other fruits, n.e.c.",2020,14390
Togo,"Other fruits, n.e.c.",2021,14494
Togo,"Other stimulant, spice and aromatic crops, n.e.c.",2019,610
Togo,"Other stimulant, spice and aromatic crops, n.e.c.",2020,614
Togo,"Other stimulant, spice and aromatic crops, n.e.c.",2021,620
Togo,"Other vegetables, fresh n.e.c.",2019,107792
Togo,"Other vegetables, fresh n.e.c.",2020,108214
Togo,"Other vegetables, fresh n.e.c.",2021,108777
Togo,Pineapples,2019,609
Togo,Pineapples,2020,624
Togo,Pineapples,2021,620
Togo,Raw milk of cattle,2019,13823
Togo,Raw milk of cattle,2020,13961
Togo,Raw milk of cattle,2021,14101
Togo,Rice,2019,57873
Togo,Rice,2020,62910
Togo,Rice,2021,65149
Togo,"Seed cotton, unginned",2019,36525
Togo,"Seed cotton, unginned",2020,21356
Togo,"Seed cotton, unginned",2021,15810
Togo,Sesame seed,2019,1759
Togo,Sesame seed,2020,1731
Togo,Sesame seed,2021,1819
Togo,Sorghum,2019,104815
Togo,Sorghum,2020,103526
Togo,Sorghum,2021,102740
Togo,Soya beans,2019,45474
Togo,Soya beans,2020,57113
Togo,Soya beans,2021,76721
Togo,Sweet potatoes,2019,2463
Togo,Sweet potatoes,2020,2642
Togo,Sweet potatoes,2021,2754
Togo,Taro,2019,7063
Togo,Taro,2020,7655
Togo,Taro,2021,7775
Togo,Tomatoes,2019,3208
Togo,Tomatoes,2020,3158
Togo,Tomatoes,2021,3212
Togo,Unmanufactured tobacco,2019,2424
Togo,Unmanufactured tobacco,2020,2434
Togo,Unmanufactured tobacco,2021,2439
Togo,Yams,2019,349488
Togo,Yams,2020,376115
Togo,Yams,2021,383932
Trinidad and Tobago,Avocados,2019,102
Trinidad and Tobago,Avocados,2020,104
Trinidad and Tobago,Avocados,2021,104
Trinidad and Tobago,Bananas,2019,1508
Trinidad and Tobago,Bananas,2020,1490
Trinidad and Tobago,Bananas,2021,1470
Trinidad and Tobago,Cabbages,2019,421
Trinidad and Tobago,Cabbages,2020,854
Trinidad and Tobago,Cabbages,2021,1576
Trinidad and Tobago,"Cassava, fresh",2019,906
Trinidad and Tobago,"Cassava, fresh",2020,2782
Trinidad and Tobago,"Cassava, fresh",2021,2500
Trinidad and Tobago,Cauliflowers and broccoli,2019,146
Trinidad and Tobago,Cauliflowers and broccoli,2020,327
Trinidad and Tobago,Cauliflowers and broccoli,2021,476
Trinidad and Tobago,"Chillies and peppers, green (Capsicum spp. and Pimenta spp.)",2019,6105
Trinidad and Tobago,"Chillies and peppers, green (Capsicum spp. and Pimenta spp.)",2020,12283
Trinidad and Tobago,"Chillies and peppers, green (Capsicum spp. and Pimenta spp.)",2021,20360
Trinidad and Tobago,Cocoa beans,2019,1788
Trinidad and Tobago,Cocoa beans,2020,1055
Trinidad and Tobago,Cocoa beans,2021,969
Trinidad and Tobago,"Coconuts, in shell",2019,14499
Trinidad and Tobago,"Coconuts, in shell",2020,13532
Trinidad and Tobago,"Coconuts, in shell",2021,13532
Trinidad and Tobago,"Coffee, green",2019,1251
Trinidad and Tobago,"Coffee, green",2020,1161
Trinidad and Tobago,"Coffee, green",2021,1180
Trinidad and Tobago,"Cow peas, dry",2019,439
Trinidad and Tobago,"Cow peas, dry",2020,442
Trinidad and Tobago,"Cow peas, dry",2021,446
Trinidad and Tobago,Cucumbers and gherkins,2019,742
Trinidad and Tobago,Cucumbers and gherkins,2020,935
Trinidad and Tobago,Cucumbers and gherkins,2021,932
Trinidad and Tobago,Eggplants (aubergines),2019,2019
Trinidad and Tobago,Eggplants (aubergines),2020,3200
Trinidad and Tobago,Eggplants (aubergines),2021,1835
Trinidad and Tobago,"Ginger, raw",2020,68
Trinidad and Tobago,"Ginger, raw",2021,90
Trinidad and Tobago,Green corn (maize),2019,4640
Trinidad and Tobago,Green corn (maize),2020,5307
Trinidad and Tobago,Green corn (maize),2021,1879
Trinidad and Tobago,"Hen eggs in shell, fresh",2019,11498
Trinidad and Tobago,"Hen eggs in shell, fresh",2020,11307
Trinidad and Tobago,"Hen eggs in shell, fresh",2021,9733
Trinidad and Tobago,Lemons and limes,2019,434
Trinidad and Tobago,Lemons and limes,2020,436
Trinidad and Tobago,Lemons and limes,2021,439
Trinidad and Tobago,Lettuce and chicory,2019,4805
Trinidad and Tobago,Lettuce and chicory,2020,6206
Trinidad and Tobago,Lettuce and chicory,2021,9012
Trinidad and Tobago,"Mangoes, guavas and mangosteens",2019,1095
Trinidad and Tobago,"Mangoes, guavas and mangosteens",2020,1097
Trinidad and Tobago,"Mangoes, guavas and mangosteens",2021,1128
Trinidad and Tobago,"Meat of cattle with the bone, fresh or chilled (indigenous)",2019,12807
Trinidad and Tobago,"Meat of cattle with the bone, fresh or chilled (indigenous)",2020,12824
Trinidad and Tobago,"Meat of cattle with the bone, fresh or chilled (indigenous)",2021,12585
Trinidad and Tobago,"Meat of chickens, fresh or chilled (indigenous)",2019,143316
Trinidad and Tobago,"Meat of chickens, fresh or chilled (indigenous)",2020,131306
Trinidad and Tobago,"Meat of chickens, fresh or chilled (indigenous)",2021,138938
Trinidad and Tobago,"Meat of goat, fresh or chilled (indigenous)",2019,621
Trinidad and Tobago,"Meat of goat, fresh or chilled (indigenous)",2020,1312
Trinidad and Tobago,"Meat of goat, fresh or chilled (indigenous)",2021,797
Trinidad and Tobago,"Meat of pig with the bone, fresh or chilled (indigenous)",2019,17471
Trinidad and Tobago,"Meat of pig with the bone, fresh or chilled (indigenous)",2020,15916
Trinidad and Tobago,"Meat of pig with the bone, fresh or chilled (indigenous)",2021,18153
Trinidad and Tobago,"Meat of sheep, fresh or chilled (indigenous)",2019,327
Trinidad and Tobago,"Meat of sheep, fresh or chilled (indigenous)",2020,989
Trinidad and Tobago,"Meat of sheep, fresh or chilled (indigenous)",2021,742
Trinidad and Tobago,Natural honey,2019,1416
Trinidad and Tobago,Natural honey,2020,1483
Trinidad and Tobago,Natural honey,2021,590
Trinidad and Tobago,"Nutmeg, mace, cardamoms, raw",2019,1437
Trinidad and Tobago,"Nutmeg, mace, cardamoms, raw",2020,1439
Trinidad and Tobago,"Nutmeg, mace, cardamoms, raw",2021,1438
Trinidad and Tobago,Okra,2019,3788
Trinidad and Tobago,Okra,2020,3068
Trinidad and Tobago,Okra,2021,4970
Trinidad and Tobago,Oranges,2019,1348
Trinidad and Tobago,Oranges,2020,1362
Trinidad and Tobago,Oranges,2021,1300
Trinidad and Tobago,"Other citrus fruit, n.e.c.",2019,1310
Trinidad and Tobago,"Other citrus fruit, n.e.c.",2020,1321
Trinidad and Tobago,"Other citrus fruit, n.e.c.",2021,1308
Trinidad and Tobago,"Other fruits, n.e.c.",2019,42456
Trinidad and Tobago,"Other fruits, n.e.c.",2020,42905
Trinidad and Tobago,"Other fruits, n.e.c.",2021,43019
Trinidad and Tobago,Other pulses n.e.c.,2019,313
Trinidad and Tobago,Other pulses n.e.c.,2020,322
Trinidad and Tobago,Other pulses n.e.c.,2021,336
Trinidad and Tobago,"Other vegetables, fresh n.e.c.",2019,896
Trinidad and Tobago,"Other vegetables, fresh n.e.c.",2020,2560
Trinidad and Tobago,"Other vegetables, fresh n.e.c.",2021,2036
Trinidad and Tobago,Papayas,2019,1273
Trinidad and Tobago,Papayas,2020,1289
Trinidad and Tobago,Papayas,2021,1087
Trinidad and Tobago,"Pigeon peas, dry",2019,2766
Trinidad and Tobago,"Pigeon peas, dry",2020,1409
Trinidad and Tobago,"Pigeon peas, dry",2021,3642
Trinidad and Tobago,Pineapples,2019,2486
Trinidad and Tobago,Pineapples,2020,2493
Trinidad and Tobago,Pineapples,2021,1922
Trinidad and Tobago,Plantains and cooking bananas,2019,6719
Trinidad and Tobago,Plantains and cooking bananas,2020,6787
Trinidad and Tobago,Plantains and cooking bananas,2021,6855
Trinidad and Tobago,Pomelos and grapefruits,2019,207
Trinidad and Tobago,Pomelos and grapefruits,2020,205
Trinidad and Tobago,Pomelos and grapefruits,2021,205
Trinidad and Tobago,"Pumpkins, squash and gourds",2019,1013
Trinidad and Tobago,"Pumpkins, squash and gourds",2020,753
Trinidad and Tobago,"Pumpkins, squash and gourds",2021,311
Trinidad and Tobago,Raw milk of cattle,2019,1958
Trinidad and Tobago,Raw milk of cattle,2020,1458
Trinidad and Tobago,Raw milk of cattle,2021,1140
Trinidad and Tobago,Rice,2019,260
Trinidad and Tobago,Rice,2020,332
Trinidad and Tobago,Rice,2021,159
Trinidad and Tobago,Sweet potatoes,2019,1010
Trinidad and Tobago,Sweet potatoes,2020,3807
Trinidad and Tobago,Sweet potatoes,2021,2528
Trinidad and Tobago,Taro,2019,5299
Trinidad and Tobago,Taro,2020,5346
Trinidad and Tobago,Taro,2021,5690
Trinidad and Tobago,Tomatoes,2019,2992
Trinidad and Tobago,Tomatoes,2020,4619
Trinidad and Tobago,Tomatoes,2021,3855
Trinidad and Tobago,Unmanufactured tobacco,2019,1748
Trinidad and Tobago,Unmanufactured tobacco,2020,1742
Trinidad and Tobago,Unmanufactured tobacco,2021,1757
Trinidad and Tobago,Watermelons,2019,1183
Trinidad and Tobago,Watermelons,2020,759
Trinidad and Tobago,Watermelons,2021,228
Trinidad and Tobago,Yams,2019,39
Trinidad and Tobago,Yams,2020,87
Trinidad and Tobago,Yams,2021,45
Trinidad and Tobago,Yautia,2019,1005
Trinidad and Tobago,Yautia,2020,1004
Trinidad and Tobago,Yautia,2021,1014
Tunisia,"Almonds, in shell",2019,163268
Tunisia,"Almonds, in shell",2020,134968
Tunisia,"Almonds, in shell",2021,143676
Tunisia,"Anise, badian, coriander, cumin, caraway, fennel and juniper berries, raw",2019,6082
Tunisia,"Anise, badian, coriander, cumin, caraway, fennel and juniper berries, raw",2020,6061
Tunisia,"Anise, badian, coriander, cumin, caraway, fennel and juniper berries, raw",2021,6023
Tunisia,Apples,2019,61255
Tunisia,Apples,2020,80793
Tunisia,Apples,2021,67591
Tunisia,Apricots,2019,19438
Tunisia,Apricots,2020,19438
Tunisia,Apricots,2021,19438
Tunisia,Artichokes,2019,9429
Tunisia,Artichokes,2020,13918
Tunisia,Artichokes,2021,13469
Tunisia,Asparagus,2019,145
Tunisia,Asparagus,2020,148
Tunisia,Asparagus,2021,152
Tunisia,Avocados,2019,73
Tunisia,Avocados,2020,72
Tunisia,Avocados,2021,72
Tunisia,Barley,2019,179641
Tunisia,Barley,2020,91790
Tunisia,Barley,2021,84719
Tunisia,"Beans, dry",2019,49
Tunisia,"Beans, dry",2020,44
Tunisia,"Beans, dry",2021,46
Tunisia,"Broad beans and horse beans, dry",2019,43927
Tunisia,"Broad beans and horse beans, dry",2020,28971
Tunisia,"Broad beans and horse beans, dry",2021,32796
Tunisia,"Broad beans and horse beans, green",2019,19797
Tunisia,"Broad beans and horse beans, green",2020,20175
Tunisia,"Broad beans and horse beans, green",2021,20077
Tunisia,Cabbages,2019,5284
Tunisia,Cabbages,2020,5578
Tunisia,Cabbages,2021,5395
Tunisia,Cantaloupes and other melons,2019,30287
Tunisia,Cantaloupes and other melons,2020,30551
Tunisia,Cantaloupes and other melons,2021,30880
Tunisia,Carrots and turnips,2019,36524
Tunisia,Carrots and turnips,2020,36637
Tunisia,Carrots and turnips,2021,36565
Tunisia,Cauliflowers and broccoli,2019,1362
Tunisia,Cauliflowers and broccoli,2020,1432
Tunisia,Cauliflowers and broccoli,2021,1387
Tunisia,Cereals n.e.c.,2019,1822
Tunisia,Cereals n.e.c.,2020,1962
Tunisia,Cereals n.e.c.,2021,2102
Tunisia,Cherries,2019,9658
Tunisia,Cherries,2020,9300
Tunisia,Cherries,2021,9677
Tunisia,"Chick peas, dry",2019,12608
Tunisia,"Chick peas, dry",2020,9687
Tunisia,"Chick peas, dry",2021,12329
Tunisia,"Chillies and peppers, dry (Capsicum spp., Pimenta spp.), raw",2019,14069
Tunisia,"Chillies and peppers, dry (Capsicum spp., Pimenta spp.), raw",2020,14223
Tunisia,"Chillies and peppers, dry (Capsicum spp., Pimenta spp.), raw",2021,14026
Tunisia,"Chillies and peppers, green (Capsicum spp. and Pimenta spp.)",2019,175174
Tunisia,"Chillies and peppers, green (Capsicum spp. and Pimenta spp.)",2020,169133
Tunisia,"Chillies and peppers, green (Capsicum spp. and Pimenta spp.)",2021,185241
Tunisia,Cranberries,2019,54
Tunisia,Cranberries,2020,56
Tunisia,Cranberries,2021,57
Tunisia,Cucumbers and gherkins,2019,23259
Tunisia,Cucumbers and gherkins,2020,22860
Tunisia,Cucumbers and gherkins,2021,22884
Tunisia,Dates,2019,504362
Tunisia,Dates,2020,579405
Tunisia,Dates,2021,602093
Tunisia,Eggplants (aubergines),2019,209
Tunisia,Eggplants (aubergines),2020,215
Tunisia,Eggplants (aubergines),2021,214
Tunisia,Figs,2019,19719
Tunisia,Figs,2020,14314
Tunisia,Figs,2021,17637
Tunisia,"Game meat, fresh, chilled or frozen",2019,794
Tunisia,"Game meat, fresh, chilled or frozen",2020,802
Tunisia,"Game meat, fresh, chilled or frozen",2021,808
Tunisia,Grapes,2019,69158
Tunisia,Grapes,2020,70092
Tunisia,Grapes,2021,65420
Tunisia,Green garlic,2019,12397
Tunisia,Green garlic,2020,12450
Tunisia,Green garlic,2021,13055
Tunisia,"Hazelnuts, in shell",2019,105
Tunisia,"Hazelnuts, in shell",2020,106
Tunisia,"Hazelnuts, in shell",2021,107
Tunisia,"Hen eggs in shell, fresh",2019,155370
Tunisia,"Hen eggs in shell, fresh",2020,158112
Tunisia,"Hen eggs in shell, fresh",2021,148972
Tunisia,"Horse meat, fresh or chilled (indigenous)",2019,1370
Tunisia,"Horse meat, fresh or chilled (indigenous)",2020,1380
Tunisia,"Horse meat, fresh or chilled (indigenous)",2021,1389
Tunisia,Kiwi fruit,2019,13
Tunisia,Kiwi fruit,2020,14
Tunisia,Kiwi fruit,2021,13
Tunisia,Lemons and limes,2019,19466
Tunisia,Lemons and limes,2020,18104
Tunisia,Lemons and limes,2021,19717
Tunisia,"Lentils, dry",2019,1336
Tunisia,"Lentils, dry",2020,1157
Tunisia,"Lentils, dry",2021,1210
Tunisia,Lettuce and chicory,2019,22932
Tunisia,Lettuce and chicory,2020,23426
Tunisia,Lettuce and chicory,2021,23001
Tunisia,Linseed,2019,691
Tunisia,Linseed,2020,684
Tunisia,Linseed,2021,675
Tunisia,Locust beans (carobs),2019,210
Tunisia,Locust beans (carobs),2020,208
Tunisia,Locust beans (carobs),2021,209
Tunisia,"Meat of camels, fresh or chilled (indigenous)",2019,3917
Tunisia,"Meat of camels, fresh or chilled (indigenous)",2020,3924
Tunisia,"Meat of camels, fresh or chilled (indigenous)",2021,3929
Tunisia,"Meat of cattle with the bone, fresh or chilled (indigenous)",2019,152751
Tunisia,"Meat of cattle with the bone, fresh or chilled (indigenous)",2020,173524
Tunisia,"Meat of cattle with the bone, fresh or chilled (indigenous)",2021,182529
Tunisia,"Meat of chickens, fresh or chilled (indigenous)",2019,393760
Tunisia,"Meat of chickens, fresh or chilled (indigenous)",2020,396674
Tunisia,"Meat of chickens, fresh or chilled (indigenous)",2021,414099
Tunisia,"Meat of goat, fresh or chilled (indigenous)",2019,38255
Tunisia,"Meat of goat, fresh or chilled (indigenous)",2020,40646
Tunisia,"Meat of goat, fresh or chilled (indigenous)",2021,44631
Tunisia,"Meat of pig with the bone, fresh or chilled (indigenous)",2019,255
Tunisia,"Meat of pig with the bone, fresh or chilled (indigenous)",2020,254
Tunisia,"Meat of pig with the bone, fresh or chilled (indigenous)",2021,252
Tunisia,"Meat of sheep, fresh or chilled (indigenous)",2019,222128
Tunisia,"Meat of sheep, fresh or chilled (indigenous)",2020,225366
Tunisia,"Meat of sheep, fresh or chilled (indigenous)",2021,242360
Tunisia,"Meat of turkeys, fresh or chilled (indigenous)",2019,201698
Tunisia,"Meat of turkeys, fresh or chilled (indigenous)",2020,216662
Tunisia,"Meat of turkeys, fresh or chilled (indigenous)",2021,202269
Tunisia,Mushrooms and truffles,2019,510
Tunisia,Mushrooms and truffles,2020,522
Tunisia,Mushrooms and truffles,2021,533
Tunisia,Natural honey,2019,1974
Tunisia,Natural honey,2020,1970
Tunisia,Natural honey,2021,2011
Tunisia,Oats,2019,277
Tunisia,Oats,2020,276
Tunisia,Oats,2021,276
Tunisia,Olives,2019,375675
Tunisia,Olives,2020,1073356
Tunisia,Olives,2021,375675
Tunisia,"Onions and shallots, dry (excluding dehydrated)",2019,10413
Tunisia,"Onions and shallots, dry (excluding dehydrated)",2020,10637
Tunisia,"Onions and shallots, dry (excluding dehydrated)",2021,11007
Tunisia,"Onions and shallots, green",2019,70709
Tunisia,"Onions and shallots, green",2020,72471
Tunisia,"Onions and shallots, green",2021,74565
Tunisia,Oranges,2019,153020
Tunisia,Oranges,2020,127285
Tunisia,Oranges,2021,153020
Tunisia,"Other beans, green",2019,698
Tunisia,"Other beans, green",2020,693
Tunisia,"Other beans, green",2021,693
Tunisia,"Other citrus fruit, n.e.c.",2019,50458
Tunisia,"Other citrus fruit, n.e.c.",2020,52670
Tunisia,"Other citrus fruit, n.e.c.",2021,51310
Tunisia,"Other fruits, n.e.c.",2019,23149
Tunisia,"Other fruits, n.e.c.",2020,23458
Tunisia,"Other fruits, n.e.c.",2021,23866
Tunisia,"Other nuts (excluding wild edible nuts and groundnuts), in shell, n.e.c.",2019,33
Tunisia,"Other nuts (excluding wild edible nuts and groundnuts), in shell, n.e.c.",2020,33
Tunisia,"Other nuts (excluding wild edible nuts and groundnuts), in shell, n.e.c.",2021,33
Tunisia,Other pulses n.e.c.,2019,11076
Tunisia,Other pulses n.e.c.,2020,11175
Tunisia,Other pulses n.e.c.,2021,11287
Tunisia,"Other stimulant, spice and aromatic crops, n.e.c.",2019,690
Tunisia,"Other stimulant, spice and aromatic crops, n.e.c.",2020,704
Tunisia,"Other stimulant, spice and aromatic crops, n.e.c.",2021,696
Tunisia,Other stone fruits,2019,2352
Tunisia,Other stone fruits,2020,2352
Tunisia,Other stone fruits,2021,2352
Tunisia,"Other tropical fruits, n.e.c.",2019,66781
Tunisia,"Other tropical fruits, n.e.c.",2020,67616
Tunisia,"Other tropical fruits, n.e.c.",2021,66751
Tunisia,"Other vegetables, fresh n.e.c.",2019,18080
Tunisia,"Other vegetables, fresh n.e.c.",2020,17693
Tunisia,"Other vegetables, fresh n.e.c.",2021,17822
Tunisia,Papayas,2019,8
Tunisia,Papayas,2020,8
Tunisia,Papayas,2021,8
Tunisia,Peaches and nectarines,2019,69156
Tunisia,Peaches and nectarines,2020,72614
Tunisia,Peaches and nectarines,2021,75577
Tunisia,Pears,2019,12867
Tunisia,Pears,2020,6740
Tunisia,Pears,2021,9191
Tunisia,"Peas, dry",2019,387
Tunisia,"Peas, dry",2020,362
Tunisia,"Peas, dry",2021,375
Tunisia,"Peas, green",2019,32592
Tunisia,"Peas, green",2020,32195
Tunisia,"Peas, green",2021,32776
Tunisia,"Pistachios, in shell",2019,15523
Tunisia,"Pistachios, in shell",2020,15032
Tunisia,"Pistachios, in shell",2021,15240
Tunisia,Plums and sloes,2019,10731
Tunisia,Plums and sloes,2020,11296
Tunisia,Plums and sloes,2021,10449
Tunisia,Pomelos and grapefruits,2019,21088
Tunisia,Pomelos and grapefruits,2020,22134
Tunisia,Pomelos and grapefruits,2021,21444
Tunisia,Potatoes,2019,106118
Tunisia,Potatoes,2020,109778
Tunisia,Potatoes,2021,109778
Tunisia,"Pumpkins, squash and gourds",2019,19098
Tunisia,"Pumpkins, squash and gourds",2020,19187
Tunisia,"Pumpkins, squash and gourds",2021,19572
Tunisia,Quinces,2019,1335
Tunisia,Quinces,2020,1256
Tunisia,Quinces,2021,1325
Tunisia,Rape or colza seed,2019,984
Tunisia,Rape or colza seed,2020,1126
Tunisia,Rape or colza seed,2021,1257
Tunisia,Raw milk of camel,2019,378
Tunisia,Raw milk of camel,2020,379
Tunisia,Raw milk of camel,2021,379
Tunisia,Raw milk of cattle,2019,527398
Tunisia,Raw milk of cattle,2020,539527
Tunisia,Raw milk of cattle,2021,549699
Tunisia,Raw milk of goats,2019,3999
Tunisia,Raw milk of goats,2020,3990
Tunisia,Raw milk of goats,2021,3907
Tunisia,Raw milk of sheep,2019,7553
Tunisia,Raw milk of sheep,2020,7210
Tunisia,Raw milk of sheep,2021,8583
Tunisia,"Seed cotton, unginned",2019,4388
Tunisia,"Seed cotton, unginned",2020,4388
Tunisia,"Seed cotton, unginned",2021,4388
Tunisia,"Shorn wool, greasy, including fleece-washed shorn wool",2019,15632
Tunisia,"Shorn wool, greasy, including fleece-washed shorn wool",2020,15543
Tunisia,"Shorn wool, greasy, including fleece-washed shorn wool",2021,15498
Tunisia,Sorghum,2019,116
Tunisia,Sorghum,2020,116
Tunisia,Sorghum,2021,112
Tunisia,Spinach,2019,2776
Tunisia,Spinach,2020,2763
Tunisia,Spinach,2021,2813
Tunisia,Strawberries,2019,7309
Tunisia,Strawberries,2020,7416
Tunisia,Strawberries,2021,7417
Tunisia,Sugar beet,2019,2425
Tunisia,Sugar beet,2020,2370
Tunisia,Sugar beet,2021,2413
Tunisia,Sunflower seed,2019,1397
Tunisia,Sunflower seed,2020,1368
Tunisia,Sunflower seed,2021,1394
Tunisia,"Tangerines, mandarins, clementines",2019,39016
Tunisia,"Tangerines, mandarins, clementines",2020,30770
Tunisia,"Tangerines, mandarins, clementines",2021,36528
Tunisia,Tomatoes,2019,224270
Tunisia,Tomatoes,2020,208042
Tunisia,Tomatoes,2021,213451
Tunisia,Triticale,2019,5716
Tunisia,Triticale,2020,4794
Tunisia,Triticale,2021,4296
Tunisia,Unmanufactured tobacco,2019,2409
Tunisia,Unmanufactured tobacco,2020,2092
Tunisia,Unmanufactured tobacco,2021,2205
Tunisia,Vetches,2019,87
Tunisia,Vetches,2020,88
Tunisia,Vetches,2021,89
Tunisia,Watermelons,2019,71464
Tunisia,Watermelons,2020,65496
Tunisia,Watermelons,2021,77286
Tunisia,Wheat,2019,451101
Tunisia,Wheat,2020,323056
Tunisia,Wheat,2021,369871
Turkiye,"Almonds, in shell",2019,456029
Turkiye,"Almonds, in shell",2020,483959
Turkiye,"Almonds, in shell",2021,541154
Turkiye,"Anise, badian, coriander, cumin, caraway, fennel and juniper berries, raw",2019,96373
Turkiye,"Anise, badian, coriander, cumin, caraway, fennel and juniper berries, raw",2020,68159
Turkiye,"Anise, badian, coriander, cumin, caraway, fennel and juniper berries, raw",2021,51240
Turkiye,Apples,2019,1651698
Turkiye,Apples,2020,1962861
Turkiye,Apples,2021,2050850
Turkiye,Apricots,2019,771736
Turkiye,Apricots,2020,759696
Turkiye,Apricots,2021,729252
Turkiye,Artichokes,2019,52590
Turkiye,Artichokes,2020,52872
Turkiye,Artichokes,2021,53994
Turkiye,Asparagus,2019,1257
Turkiye,Asparagus,2020,7793
Turkiye,Asparagus,2021,8349
Turkiye,Avocados,2019,5820
Turkiye,Avocados,2020,8189
Turkiye,Avocados,2021,12556
Turkiye,Bananas,2019,417309
Turkiye,Bananas,2020,554156
Turkiye,Bananas,2021,672365
Turkiye,Barley,2019,1890184
Turkiye,Barley,2020,2064280
Turkiye,Barley,2021,1430073
Turkiye,"Beans, dry",2019,305247
Turkiye,"Beans, dry",2020,379209
Turkiye,"Beans, dry",2021,413779
Turkiye,Beeswax,2019,24098
Turkiye,Beeswax,2020,22848
Turkiye,Beeswax,2021,22854
Turkiye,"Broad beans and horse beans, dry",2019,9209
Turkiye,"Broad beans and horse beans, dry",2020,6814
Turkiye,"Broad beans and horse beans, dry",2021,5258
Turkiye,"Broad beans and horse beans, green",2019,27195
Turkiye,"Broad beans and horse beans, green",2020,36866
Turkiye,"Broad beans and horse beans, green",2021,27938
Turkiye,Cabbages,2019,302871
Turkiye,Cabbages,2020,314688
Turkiye,Cabbages,2021,317819
Turkiye,Canary seed,2019,3806
Turkiye,Canary seed,2020,12443
Turkiye,Canary seed,2021,6007
Turkiye,Cantaloupes and other melons,2019,515652
Turkiye,Cantaloupes and other melons,2020,500505
Turkiye,Cantaloupes and other melons,2021,475487
Turkiye,Carrots and turnips,2019,195179
Turkiye,Carrots and turnips,2020,173239
Turkiye,Carrots and turnips,2021,173669
Turkiye,Cauliflowers and broccoli,2019,163977
Turkiye,Cauliflowers and broccoli,2020,161957
Turkiye,Cauliflowers and broccoli,2021,176489
Turkiye,Cherries,2019,888255
Turkiye,Cherries,2020,969455
Turkiye,Cherries,2021,922503
Turkiye,"Chestnuts, in shell",2019,212624
Turkiye,"Chestnuts, in shell",2020,222545
Turkiye,"Chestnuts, in shell",2021,227657
Turkiye,"Chick peas, dry",2019,680592
Turkiye,"Chick peas, dry",2020,680592
Turkiye,"Chick peas, dry",2021,513145
Turkiye,"Chillies and peppers, dry (Capsicum spp., Pimenta spp.), raw",2019,36662
Turkiye,"Chillies and peppers, dry (Capsicum spp., Pimenta spp.), raw",2020,36758
Turkiye,"Chillies and peppers, dry (Capsicum spp., Pimenta spp.), raw",2021,36791
Turkiye,"Chillies and peppers, green (Capsicum spp. and Pimenta spp.)",2019,1460384
Turkiye,"Chillies and peppers, green (Capsicum spp. and Pimenta spp.)",2020,1466633
Turkiye,"Chillies and peppers, green (Capsicum spp. and Pimenta spp.)",2021,1719363
Turkiye,Cucumbers and gherkins,2019,855046
Turkiye,Cucumbers and gherkins,2020,841481
Turkiye,Cucumbers and gherkins,2021,843230
Turkiye,Eggplants (aubergines),2019,416380
Turkiye,Eggplants (aubergines),2020,422840
Turkiye,Eggplants (aubergines),2021,421583
Turkiye,Figs,2019,332222
Turkiye,Figs,2020,342939
Turkiye,Figs,2021,342939
Turkiye,Grapes,2019,2176511
Turkiye,Grapes,2020,2234326
Turkiye,Grapes,2021,1948243
Turkiye,Green garlic,2019,43052
Turkiye,Green garlic,2020,52640
Turkiye,Green garlic,2021,85646
Turkiye,"Groundnuts, excluding shelled",2019,239947
Turkiye,"Groundnuts, excluding shelled",2020,305981
Turkiye,"Groundnuts, excluding shelled",2021,331828
Turkiye,"Hazelnuts, in shell",2019,3441072
Turkiye,"Hazelnuts, in shell",2020,2948682
Turkiye,"Hazelnuts, in shell",2021,3032930
Turkiye,"Hen eggs in shell, fresh",2019,2174043
Turkiye,"Hen eggs in shell, fresh",2020,2162018
Turkiye,"Hen eggs in shell, fresh",2021,2108429
Turkiye,"Horse meat, fresh or chilled (indigenous)",2019,4224
Turkiye,"Horse meat, fresh or chilled (indigenous)",2020,3893
Turkiye,"Horse meat, fresh or chilled (indigenous)",2021,3713
Turkiye,Kiwi fruit,2019,61652
Turkiye,Kiwi fruit,2020,71264
Turkiye,Kiwi fruit,2021,83457
Turkiye,Leeks and other alliaceous vegetables,2019,100862
Turkiye,Leeks and other alliaceous vegetables,2020,97168
Turkiye,Leeks and other alliaceous vegetables,2021,91873
Turkiye,Lemons and limes,2019,386194
Turkiye,Lemons and limes,2020,483156
Turkiye,Lemons and limes,2021,630106
Turkiye,"Lentils, dry",2019,286363
Turkiye,"Lentils, dry",2020,300278
Turkiye,"Lentils, dry",2021,212972
Turkiye,Lettuce and chicory,2019,245864
Turkiye,Lettuce and chicory,2020,255892
Turkiye,Lettuce and chicory,2021,265937
Turkiye,Linseed,2021,1
Turkiye,Locust beans (carobs),2019,10835
Turkiye,Locust beans (carobs),2020,12534
Turkiye,Locust beans (carobs),2021,13752
Turkiye,Maize (corn),2019,1491697
Turkiye,Maize (corn),2020,1616005
Turkiye,Maize (corn),2021,1678159
Turkiye,"Meat of buffalo, fresh or chilled (indigenous)",2019,51312
Turkiye,"Meat of buffalo, fresh or chilled (indigenous)",2020,60453
Turkiye,"Meat of buffalo, fresh or chilled (indigenous)",2021,77726
Turkiye,"Meat of cattle with the bone, fresh or chilled (indigenous)",2019,8909223
Turkiye,"Meat of cattle with the bone, fresh or chilled (indigenous)",2020,9639114
Turkiye,"Meat of cattle with the bone, fresh or chilled (indigenous)",2021,10943752
Turkiye,"Meat of chickens, fresh or chilled (indigenous)",2019,5253476
Turkiye,"Meat of chickens, fresh or chilled (indigenous)",2020,5253476
Turkiye,"Meat of chickens, fresh or chilled (indigenous)",2021,5517126
Turkiye,"Meat of ducks, fresh or chilled (indigenous)",2019,2170
Turkiye,"Meat of ducks, fresh or chilled (indigenous)",2020,2342
Turkiye,"Meat of ducks, fresh or chilled (indigenous)",2021,2267
Turkiye,"Meat of geese, fresh or chilled (indigenous)",2019,15182
Turkiye,"Meat of geese, fresh or chilled (indigenous)",2020,18094
Turkiye,"Meat of geese, fresh or chilled (indigenous)",2021,19515
Turkiye,"Meat of goat, fresh or chilled (indigenous)",2019,640463
Turkiye,"Meat of goat, fresh or chilled (indigenous)",2020,664790
Turkiye,"Meat of goat, fresh or chilled (indigenous)",2021,695072
Turkiye,"Meat of rabbits and hares, fresh or chilled (indigenous)",2019,628
Turkiye,"Meat of rabbits and hares, fresh or chilled (indigenous)",2020,628
Turkiye,"Meat of rabbits and hares, fresh or chilled (indigenous)",2021,617
Turkiye,"Meat of sheep, fresh or chilled (indigenous)",2019,2528987
Turkiye,"Meat of sheep, fresh or chilled (indigenous)",2020,2764709
Turkiye,"Meat of sheep, fresh or chilled (indigenous)",2021,3087007
Turkiye,"Meat of turkeys, fresh or chilled (indigenous)",2019,249003
Turkiye,"Meat of turkeys, fresh or chilled (indigenous)",2020,242935
Turkiye,"Meat of turkeys, fresh or chilled (indigenous)",2021,214188
Turkiye,Millet,2019,2465
Turkiye,Millet,2020,2954
Turkiye,Millet,2021,2235
Turkiye,Mushrooms and truffles,2019,65827
Turkiye,Mushrooms and truffles,2020,73949
Turkiye,Mushrooms and truffles,2021,81957
Turkiye,Natural honey,2019,903561
Turkiye,Natural honey,2020,860148
Turkiye,Natural honey,2021,796243
Turkiye,Oats,2019,78915
Turkiye,Oats,2020,93664
Turkiye,Oats,2021,82190
Turkiye,Okra,2019,63352
Turkiye,Okra,2020,81950
Turkiye,Okra,2021,65358
Turkiye,Olives,2019,1911282
Turkiye,Olives,2020,1650127
Turkiye,Olives,2021,2179087
Turkiye,"Onions and shallots, dry (excluding dehydrated)",2019,538495
Turkiye,"Onions and shallots, dry (excluding dehydrated)",2020,558076
Turkiye,"Onions and shallots, dry (excluding dehydrated)",2021,611926
Turkiye,"Onions and shallots, green",2019,38121
Turkiye,"Onions and shallots, green",2020,34574
Turkiye,"Onions and shallots, green",2021,33814
Turkiye,Oranges,2019,393696
Turkiye,Oranges,2020,308930
Turkiye,Oranges,2021,403423
Turkiye,"Other beans, green",2019,583181
Turkiye,"Other beans, green",2020,535510
Turkiye,"Other beans, green",2021,499327
Turkiye,Other berries and fruits of the genus vaccinium n.e.c.,2019,107843
Turkiye,Other berries and fruits of the genus vaccinium n.e.c.,2020,109795
Turkiye,Other berries and fruits of the genus vaccinium n.e.c.,2021,109678
Turkiye,"Other citrus fruit, n.e.c.",2019,1512
Turkiye,"Other citrus fruit, n.e.c.",2020,1769
Turkiye,"Other citrus fruit, n.e.c.",2021,1773
Turkiye,"Other nuts (excluding wild edible nuts and groundnuts), in shell, n.e.c.",2019,13946
Turkiye,"Other nuts (excluding wild edible nuts and groundnuts), in shell, n.e.c.",2020,13717
Turkiye,"Other nuts (excluding wild edible nuts and groundnuts), in shell, n.e.c.",2021,13796
Turkiye,Other pulses n.e.c.,2019,3138
Turkiye,Other pulses n.e.c.,2020,3035
Turkiye,Other pulses n.e.c.,2021,2833
Turkiye,"Other stimulant, spice and aromatic crops, n.e.c.",2019,581381
Turkiye,"Other stimulant, spice and aromatic crops, n.e.c.",2020,630058
Turkiye,"Other stimulant, spice and aromatic crops, n.e.c.",2021,686740
Turkiye,Other stone fruits,2019,17403
Turkiye,Other stone fruits,2020,19481
Turkiye,Other stone fruits,2021,19780
Turkiye,"Other vegetables, fresh n.e.c.",2019,185516
Turkiye,"Other vegetables, fresh n.e.c.",2020,194040
Turkiye,"Other vegetables, fresh n.e.c.",2021,212589
Turkiye,Peaches and nectarines,2019,533278
Turkiye,Peaches and nectarines,2020,572745
Turkiye,Peaches and nectarines,2021,572623
Turkiye,Pears,2019,382600
Turkiye,Pears,2020,393302
Turkiye,Pears,2021,382330
Turkiye,"Peas, dry",2019,969
Turkiye,"Peas, dry",2020,680
Turkiye,"Peas, dry",2021,797
Turkiye,"Peas, green",2019,50164
Turkiye,"Peas, green",2020,55421
Turkiye,"Peas, green",2021,57021
Turkiye,"Pistachios, in shell",2019,577566
Turkiye,"Pistachios, in shell",2020,2013843
Turkiye,"Pistachios, in shell",2021,811004
Turkiye,Plums and sloes,2019,246395
Turkiye,Plums and sloes,2020,255005
Turkiye,Plums and sloes,2021,257700
Turkiye,Pomelos and grapefruits,2019,46420
Turkiye,Pomelos and grapefruits,2020,44338
Turkiye,Pomelos and grapefruits,2021,46385
Turkiye,Poppy seed,2019,71578
Turkiye,Poppy seed,2020,53883
Turkiye,Poppy seed,2021,55181
Turkiye,Potatoes,2019,1925212
Turkiye,Potatoes,2020,2010333
Turkiye,Potatoes,2021,1971672
Turkiye,"Pumpkins, squash and gourds",2019,450008
Turkiye,"Pumpkins, squash and gourds",2020,532048
Turkiye,"Pumpkins, squash and gourds",2021,588145
Turkiye,Quinces,2019,106752
Turkiye,Quinces,2020,111902
Turkiye,Quinces,2021,113534
Turkiye,Rape or colza seed,2019,86267
Turkiye,Rape or colza seed,2020,58250
Turkiye,Rape or colza seed,2021,67097
Turkiye,Raw milk of buffalo,2019,93339
Turkiye,Raw milk of buffalo,2020,75017
Turkiye,Raw milk of buffalo,2021,74871
Turkiye,Raw milk of cattle,2019,8889149
Turkiye,Raw milk of cattle,2020,9302746
Turkiye,Raw milk of cattle,2021,9140541
Turkiye,Raw milk of goats,2019,427496
Turkiye,Raw milk of goats,2020,436686
Turkiye,Raw milk of goats,2021,461251
Turkiye,Raw milk of sheep,2019,1171584
Turkiye,Raw milk of sheep,2020,847866
Turkiye,Raw milk of sheep,2021,880744
Turkiye,Rice,2019,652591
Turkiye,Rice,2020,639540
Turkiye,Rice,2021,652591
Turkiye,Rye,2019,76492
Turkiye,Rye,2020,72959
Turkiye,Rye,2021,49350
Turkiye,Safflower seed,2019,10985
Turkiye,Safflower seed,2020,10705
Turkiye,Safflower seed,2021,8132
Turkiye,"Seed cotton, unginned",2019,2406656
Turkiye,"Seed cotton, unginned",2020,1940253
Turkiye,"Seed cotton, unginned",2021,2461353
Turkiye,Sesame seed,2019,37953
Turkiye,Sesame seed,2020,41896
Turkiye,Sesame seed,2021,39670
Turkiye,"Shorn wool, greasy, including fleece-washed shorn wool",2019,59732
Turkiye,"Shorn wool, greasy, including fleece-washed shorn wool",2020,67490
Turkiye,"Shorn wool, greasy, including fleece-washed shorn wool",2021,72704
Turkiye,Silk-worm cocoons suitable for reeling,2019,1230
Turkiye,Silk-worm cocoons suitable for reeling,2020,1230
Turkiye,Silk-worm cocoons suitable for reeling,2021,1039
Turkiye,Sour cherries,2019,144207
Turkiye,Sour cherries,2020,149764
Turkiye,Sour cherries,2021,145467
Turkiye,Soya beans,2019,65098
Turkiye,Soya beans,2020,67365
Turkiye,Soya beans,2021,78985
Turkiye,Spinach,2019,120311
Turkiye,Spinach,2020,121212
Turkiye,Spinach,2021,114322
Turkiye,Strawberries,2019,472524
Turkiye,Strawberries,2020,530601
Turkiye,Strawberries,2021,649697
Turkiye,String beans,2019,144868
Turkiye,String beans,2020,142042
Turkiye,String beans,2021,122918
Turkiye,Sugar beet,2019,1133535
Turkiye,Sugar beet,2020,1445664
Turkiye,Sugar beet,2021,1115501
Turkiye,Sunflower seed,2019,1921914
Turkiye,Sunflower seed,2020,1891717
Turkiye,Sunflower seed,2021,2210202
Turkiye,"Tangerines, mandarins, clementines",2019,343018
Turkiye,"Tangerines, mandarins, clementines",2020,388499
Turkiye,"Tangerines, mandarins, clementines",2021,445678
Turkiye,Tea leaves,2019,829900
Turkiye,Tea leaves,2020,855318
Turkiye,Tea leaves,2021,857328
Turkiye,Tomatoes,2019,5929167
Turkiye,Tomatoes,2020,6096315
Turkiye,Tomatoes,2021,6046102
Turkiye,Triticale,2019,54795
Turkiye,Triticale,2020,70366
Turkiye,Triticale,2021,58084
Turkiye,Unmanufactured tobacco,2019,318682
Turkiye,Unmanufactured tobacco,2020,369397
Turkiye,Unmanufactured tobacco,2021,333971
Turkiye,"Vanilla, raw",2019,4495
Turkiye,"Vanilla, raw",2020,4641
Turkiye,"Vanilla, raw",2021,4809
Turkiye,Vetches,2019,1676
Turkiye,Vetches,2020,1105
Turkiye,Vetches,2021,683
Turkiye,"Walnuts, in shell",2019,1114055
Turkiye,"Walnuts, in shell",2020,1419583
Turkiye,"Walnuts, in shell",2021,1609191
Turkiye,Watermelons,2019,698335
Turkiye,Watermelons,2020,629961
Turkiye,Watermelons,2021,625841
Turkiye,Wheat,2019,5628835
Turkiye,Wheat,2020,6073217
Turkiye,Wheat,2021,5228892
Turkmenistan,"Almonds, in shell",2019,4655
Turkmenistan,"Almonds, in shell",2020,4621
Turkmenistan,"Almonds, in shell",2021,4639
Turkmenistan,Apples,2019,27432
Turkmenistan,Apples,2020,27842
Turkmenistan,Apples,2021,27405
Turkmenistan,Apricots,2019,21573
Turkmenistan,Apricots,2020,21019
Turkmenistan,Apricots,2021,21122
Turkmenistan,Barley,2019,4023
Turkmenistan,Barley,2020,4737
Turkmenistan,Barley,2021,49277
Turkmenistan,Cabbages,2019,10185
Turkmenistan,Cabbages,2020,10199
Turkmenistan,Cabbages,2021,10205
Turkmenistan,Carrots and turnips,2019,27248
Turkmenistan,Carrots and turnips,2020,27489
Turkmenistan,Carrots and turnips,2021,27695
Turkmenistan,Cucumbers and gherkins,2019,6347
Turkmenistan,Cucumbers and gherkins,2020,6493
Turkmenistan,Cucumbers and gherkins,2021,6333
Turkmenistan,"Eggs from other birds in shell, fresh, n.e.c.",2019,4733
Turkmenistan,"Eggs from other birds in shell, fresh, n.e.c.",2020,4733
Turkmenistan,"Eggs from other birds in shell, fresh, n.e.c.",2021,4733
Turkmenistan,Grapes,2019,78912
Turkmenistan,Grapes,2020,79298
Turkmenistan,Grapes,2021,79309
Turkmenistan,Green garlic,2019,4679
Turkmenistan,Green garlic,2020,4565
Turkmenistan,Green garlic,2021,4602
Turkmenistan,"Hen eggs in shell, fresh",2019,97014
Turkmenistan,"Hen eggs in shell, fresh",2020,108563
Turkmenistan,"Hen eggs in shell, fresh",2021,101349
Turkmenistan,Maize (corn),2019,8802
Turkmenistan,Maize (corn),2020,9380
Turkmenistan,Maize (corn),2021,7626
Turkmenistan,"Meat of cattle with the bone, fresh or chilled (indigenous)",2019,571273
Turkmenistan,"Meat of cattle with the bone, fresh or chilled (indigenous)",2020,580841
Turkmenistan,"Meat of cattle with the bone, fresh or chilled (indigenous)",2021,569067
Turkmenistan,"Meat of chickens, fresh or chilled (indigenous)",2019,80608
Turkmenistan,"Meat of chickens, fresh or chilled (indigenous)",2020,78078
Turkmenistan,"Meat of chickens, fresh or chilled (indigenous)",2021,74891
Turkmenistan,"Meat of goat, fresh or chilled (indigenous)",2019,20281
Turkmenistan,"Meat of goat, fresh or chilled (indigenous)",2020,20978
Turkmenistan,"Meat of goat, fresh or chilled (indigenous)",2021,21609
Turkmenistan,"Meat of pig with the bone, fresh or chilled (indigenous)",2019,791
Turkmenistan,"Meat of pig with the bone, fresh or chilled (indigenous)",2020,681
Turkmenistan,"Meat of pig with the bone, fresh or chilled (indigenous)",2021,675
Turkmenistan,"Meat of sheep, fresh or chilled (indigenous)",2019,142877
Turkmenistan,"Meat of sheep, fresh or chilled (indigenous)",2020,147857
Turkmenistan,"Meat of sheep, fresh or chilled (indigenous)",2021,152046
Turkmenistan,Natural honey,2019,3223
Turkmenistan,Natural honey,2020,3264
Turkmenistan,Natural honey,2021,3299
Turkmenistan,"Onions and shallots, dry (excluding dehydrated)",2019,32390
Turkmenistan,"Onions and shallots, dry (excluding dehydrated)",2020,32345
Turkmenistan,"Onions and shallots, dry (excluding dehydrated)",2021,32192
Turkmenistan,"Other nuts (excluding wild edible nuts and groundnuts), in shell, n.e.c.",2019,2619
Turkmenistan,"Other nuts (excluding wild edible nuts and groundnuts), in shell, n.e.c.",2020,2614
Turkmenistan,"Other nuts (excluding wild edible nuts and groundnuts), in shell, n.e.c.",2021,2620
Turkmenistan,"Other vegetables, fresh n.e.c.",2019,11060
Turkmenistan,"Other vegetables, fresh n.e.c.",2020,11160
Turkmenistan,"Other vegetables, fresh n.e.c.",2021,11227
Turkmenistan,Peaches and nectarines,2019,17820
Turkmenistan,Peaches and nectarines,2020,17825
Turkmenistan,Peaches and nectarines,2021,18182
Turkmenistan,"Peas, dry",2019,19880
Turkmenistan,"Peas, dry",2020,26772
Turkmenistan,"Peas, dry",2021,15369
Turkmenistan,Plums and sloes,2019,13192
Turkmenistan,Plums and sloes,2020,13229
Turkmenistan,Plums and sloes,2021,13223
Turkmenistan,Potatoes,2019,165924
Turkmenistan,Potatoes,2020,212885
Turkmenistan,Potatoes,2021,232542
Turkmenistan,Raw milk of cattle,2019,831008
Turkmenistan,Raw milk of cattle,2020,845283
Turkmenistan,Raw milk of cattle,2021,852046
Turkmenistan,Rice,2019,69973
Turkmenistan,Rice,2020,70931
Turkmenistan,Rice,2021,70914
Turkmenistan,"Seed cotton, unginned",2019,736500
Turkmenistan,"Seed cotton, unginned",2020,849405
Turkmenistan,"Seed cotton, unginned",2021,849598
Turkmenistan,"Shorn wool, greasy, including fleece-washed shorn wool",2019,113946
Turkmenistan,"Shorn wool, greasy, including fleece-washed shorn wool",2020,126466
Turkmenistan,"Shorn wool, greasy, including fleece-washed shorn wool",2021,128382
Turkmenistan,Sugar beet,2019,19126
Turkmenistan,Sugar beet,2020,19113
Turkmenistan,Sugar beet,2021,7155
Turkmenistan,Tomatoes,2019,65824
Turkmenistan,Tomatoes,2020,66531
Turkmenistan,Tomatoes,2021,65614
Turkmenistan,Unmanufactured tobacco,2019,7149
Turkmenistan,Unmanufactured tobacco,2020,7174
Turkmenistan,Unmanufactured tobacco,2021,7202
Turkmenistan,Watermelons,2019,43160
Turkmenistan,Watermelons,2020,56236
Turkmenistan,Watermelons,2021,56795
Turkmenistan,Wheat,2019,562682
Turkmenistan,Wheat,2020,503730
Turkmenistan,Wheat,2021,442246
Ukraine,"Anise, badian, coriander, cumin, caraway, fennel and juniper berries, raw",2019,1448
Ukraine,"Anise, badian, coriander, cumin, caraway, fennel and juniper berries, raw",2020,2847
Ukraine,"Anise, badian, coriander, cumin, caraway, fennel and juniper berries, raw",2021,3680
Ukraine,Apples,2019,226354
Ukraine,Apples,2020,218626
Ukraine,Apples,2021,250854
Ukraine,Apricots,2019,41205
Ukraine,Apricots,2020,34221
Ukraine,Apricots,2021,27996
Ukraine,Barley,2019,1139075
Ukraine,Barley,2020,975505
Ukraine,Barley,2021,1205533
Ukraine,"Beans, dry",2019,15805
Ukraine,"Beans, dry",2020,18476
Ukraine,"Beans, dry",2021,19619
Ukraine,Blueberries,2019,5642
Ukraine,Blueberries,2020,1416
Ukraine,Blueberries,2021,330
Ukraine,"Broad beans and horse beans, dry",2019,979
Ukraine,"Broad beans and horse beans, dry",2020,2933
Ukraine,"Broad beans and horse beans, dry",2021,1729
Ukraine,"Broad beans and horse beans, green",2019,210
Ukraine,"Broad beans and horse beans, green",2020,217
Ukraine,"Broad beans and horse beans, green",2021,219
Ukraine,Buckwheat,2019,34940
Ukraine,Buckwheat,2020,40127
Ukraine,Buckwheat,2021,43472
Ukraine,Cabbages,2019,286599
Ukraine,Cabbages,2020,290944
Ukraine,Cabbages,2021,284889
Ukraine,Cantaloupes and other melons,2019,4866
Ukraine,Cantaloupes and other melons,2020,4031
Ukraine,Cantaloupes and other melons,2021,4385
Ukraine,Carrots and turnips,2019,138893
Ukraine,Carrots and turnips,2020,137777
Ukraine,Carrots and turnips,2021,137909
Ukraine,Cauliflowers and broccoli,2019,6352
Ukraine,Cauliflowers and broccoli,2020,5685
Ukraine,Cauliflowers and broccoli,2021,5032
Ukraine,Cereals n.e.c.,2019,817
Ukraine,Cereals n.e.c.,2020,876
Ukraine,Cereals n.e.c.,2021,881
Ukraine,Cherries,2019,35928
Ukraine,Cherries,2020,33264
Ukraine,Cherries,2021,32374
Ukraine,"Chestnuts, in shell",2019,247
Ukraine,"Chestnuts, in shell",2020,243
Ukraine,"Chestnuts, in shell",2021,241
Ukraine,Chicory roots,2019,3278
Ukraine,Chicory roots,2020,3229
Ukraine,Chicory roots,2021,3184
Ukraine,"Chillies and peppers, green (Capsicum spp. and Pimenta spp.)",2019,64611
Ukraine,"Chillies and peppers, green (Capsicum spp. and Pimenta spp.)",2020,67774
Ukraine,"Chillies and peppers, green (Capsicum spp. and Pimenta spp.)",2021,64884
Ukraine,Cranberries,2019,407
Ukraine,Cranberries,2020,414
Ukraine,Cranberries,2021,407
Ukraine,Cucumbers and gherkins,2019,692097
Ukraine,Cucumbers and gherkins,2020,677615
Ukraine,Cucumbers and gherkins,2021,722741
Ukraine,Currants,2019,21935
Ukraine,Currants,2020,21307
Ukraine,Currants,2021,22332
Ukraine,Eggplants (aubergines),2019,12596
Ukraine,Eggplants (aubergines),2020,12878
Ukraine,Eggplants (aubergines),2021,11280
Ukraine,"Eggs from other birds in shell, fresh, n.e.c.",2019,14653
Ukraine,"Eggs from other birds in shell, fresh, n.e.c.",2020,14164
Ukraine,"Eggs from other birds in shell, fresh, n.e.c.",2021,12308
Ukraine,Gooseberries,2019,7792
Ukraine,Gooseberries,2020,7792
Ukraine,Gooseberries,2021,8551
Ukraine,Grapes,2019,100129
Ukraine,Grapes,2020,76801
Ukraine,Grapes,2021,72198
Ukraine,Green garlic,2019,271166
Ukraine,Green garlic,2020,266892
Ukraine,Green garlic,2021,271179
Ukraine,"Hazelnuts, in shell",2019,76
Ukraine,"Hazelnuts, in shell",2020,61
Ukraine,"Hazelnuts, in shell",2021,76
Ukraine,Hempseed,2019,387
Ukraine,Hempseed,2020,385
Ukraine,Hempseed,2021,384
Ukraine,"Hen eggs in shell, fresh",2019,931423
Ukraine,"Hen eggs in shell, fresh",2020,902924
Ukraine,"Hen eggs in shell, fresh",2021,785865
Ukraine,Hop cones,2019,2052
Ukraine,Hop cones,2020,2052
Ukraine,Hop cones,2021,2132
Ukraine,"Horse meat, fresh or chilled (indigenous)",2019,10623
Ukraine,"Horse meat, fresh or chilled (indigenous)",2020,10209
Ukraine,"Horse meat, fresh or chilled (indigenous)",2021,9934
Ukraine,"Lentils, dry",2019,1996
Ukraine,"Lentils, dry",2020,785
Ukraine,"Lentils, dry",2021,1825
Ukraine,Lettuce and chicory,2019,537
Ukraine,Lettuce and chicory,2020,749
Ukraine,Lettuce and chicory,2021,904
Ukraine,Linseed,2019,4740
Ukraine,Linseed,2020,4844
Ukraine,Linseed,2021,13005
Ukraine,Locust beans (carobs),2019,39
Ukraine,Locust beans (carobs),2020,39
Ukraine,Locust beans (carobs),2021,40
Ukraine,Lupins,2019,2646
Ukraine,Lupins,2020,2046
Ukraine,Lupins,2021,1264
Ukraine,Maize (corn),2019,5045115
Ukraine,Maize (corn),2020,4259143
Ukraine,Maize (corn),2021,5921091
Ukraine,"Meat of cattle with the bone, fresh or chilled (indigenous)",2019,610033
Ukraine,"Meat of cattle with the bone, fresh or chilled (indigenous)",2020,570244
Ukraine,"Meat of cattle with the bone, fresh or chilled (indigenous)",2021,512626
Ukraine,"Meat of chickens, fresh or chilled (indigenous)",2019,1774789
Ukraine,"Meat of chickens, fresh or chilled (indigenous)",2020,1650863
Ukraine,"Meat of chickens, fresh or chilled (indigenous)",2021,1647987
Ukraine,"Meat of goat, fresh or chilled (indigenous)",2019,15027
Ukraine,"Meat of goat, fresh or chilled (indigenous)",2020,12361
Ukraine,"Meat of goat, fresh or chilled (indigenous)",2021,13070
Ukraine,"Meat of pig with the bone, fresh or chilled (indigenous)",2019,1162632
Ukraine,"Meat of pig with the bone, fresh or chilled (indigenous)",2020,1143497
Ukraine,"Meat of pig with the bone, fresh or chilled (indigenous)",2021,1188403
Ukraine,"Meat of rabbits and hares, fresh or chilled (indigenous)",2019,27385
Ukraine,"Meat of rabbits and hares, fresh or chilled (indigenous)",2020,26677
Ukraine,"Meat of rabbits and hares, fresh or chilled (indigenous)",2021,25733
Ukraine,"Meat of sheep, fresh or chilled (indigenous)",2019,16201
Ukraine,"Meat of sheep, fresh or chilled (indigenous)",2020,13466
Ukraine,"Meat of sheep, fresh or chilled (indigenous)",2021,14307
Ukraine,Millet,2019,25960
Ukraine,Millet,2020,39163
Ukraine,Millet,2021,31353
Ukraine,Mushrooms and truffles,2019,18901
Ukraine,Mushrooms and truffles,2020,22891
Ukraine,Mushrooms and truffles,2021,24432
Ukraine,Mustard seed,2019,15991
Ukraine,Mustard seed,2020,5680
Ukraine,Mustard seed,2021,8058
Ukraine,Natural honey,2019,98231
Ukraine,Natural honey,2020,95550
Ukraine,Natural honey,2021,96294
Ukraine,Oats,2019,46449
Ukraine,Oats,2020,56134
Ukraine,Oats,2021,51501
Ukraine,"Onions and shallots, dry (excluding dehydrated)",2019,152791
Ukraine,"Onions and shallots, dry (excluding dehydrated)",2020,158239
Ukraine,"Onions and shallots, dry (excluding dehydrated)",2021,156807
Ukraine,"Onions and shallots, green",2019,3908
Ukraine,"Onions and shallots, green",2020,4843
Ukraine,"Onions and shallots, green",2021,4654
Ukraine,"Other beans, green",2019,1196
Ukraine,"Other beans, green",2020,1251
Ukraine,"Other beans, green",2021,1268
Ukraine,Other berries and fruits of the genus vaccinium n.e.c.,2019,1780
Ukraine,Other berries and fruits of the genus vaccinium n.e.c.,2020,2806
Ukraine,Other berries and fruits of the genus vaccinium n.e.c.,2021,5106
Ukraine,"Other fruits, n.e.c.",2019,223
Ukraine,"Other fruits, n.e.c.",2020,273
Ukraine,"Other fruits, n.e.c.",2021,317
Ukraine,"Other nuts (excluding wild edible nuts and groundnuts), in shell, n.e.c.",2019,24
Ukraine,"Other nuts (excluding wild edible nuts and groundnuts), in shell, n.e.c.",2020,25
Ukraine,"Other nuts (excluding wild edible nuts and groundnuts), in shell, n.e.c.",2021,25
Ukraine,"Other oil seeds, n.e.c.",2019,6038
Ukraine,"Other oil seeds, n.e.c.",2020,6274
Ukraine,"Other oil seeds, n.e.c.",2021,7520
Ukraine,Other pome fruits,2019,73
Ukraine,Other pome fruits,2020,27
Ukraine,Other pome fruits,2021,23
Ukraine,Other pulses n.e.c.,2019,10738
Ukraine,Other pulses n.e.c.,2020,3860
Ukraine,Other pulses n.e.c.,2021,2424
Ukraine,Other stone fruits,2019,6085
Ukraine,Other stone fruits,2020,5234
Ukraine,Other stone fruits,2021,5679
Ukraine,"Other vegetables, fresh n.e.c.",2019,260645
Ukraine,"Other vegetables, fresh n.e.c.",2020,250301
Ukraine,"Other vegetables, fresh n.e.c.",2021,260903
Ukraine,Peaches and nectarines,2019,11098
Ukraine,Peaches and nectarines,2020,7994
Ukraine,Peaches and nectarines,2021,8108
Ukraine,Pears,2019,39197
Ukraine,Pears,2020,38437
Ukraine,Pears,2021,41211
Ukraine,"Peas, dry",2019,142109
Ukraine,"Peas, dry",2020,118758
Ukraine,"Peas, dry",2021,140428
Ukraine,"Peas, green",2019,8002
Ukraine,"Peas, green",2020,10215
Ukraine,"Peas, green",2021,8986
Ukraine,Plums and sloes,2019,76573
Ukraine,Plums and sloes,2020,73229
Ukraine,Plums and sloes,2021,79600
Ukraine,Potatoes,2019,2685106
Ukraine,Potatoes,2020,2760456
Ukraine,Potatoes,2021,2829121
Ukraine,"Pumpkins, squash and gourds",2019,264322
Ukraine,"Pumpkins, squash and gourds",2020,249028
Ukraine,"Pumpkins, squash and gourds",2021,258114
Ukraine,Quinces,2019,1386
Ukraine,Quinces,2020,1188
Ukraine,Quinces,2021,1435
Ukraine,Rape or colza seed,2019,1148064
Ukraine,Rape or colza seed,2020,894983
Ukraine,Rape or colza seed,2021,1028586
Ukraine,Raspberries,2019,37583
Ukraine,Raspberries,2020,37340
Ukraine,Raspberries,2021,38376
Ukraine,Raw milk of cattle,2019,2250505
Ukraine,Raw milk of cattle,2020,2157629
Ukraine,Raw milk of cattle,2021,2028666
Ukraine,Raw milk of goats,2019,47760
Ukraine,Raw milk of goats,2020,45497
Ukraine,Raw milk of goats,2021,43472
Ukraine,Raw milk of sheep,2019,3549
Ukraine,Raw milk of sheep,2020,3502
Ukraine,Raw milk of sheep,2021,3549
Ukraine,Rice,2019,17734
Ukraine,Rice,2020,19720
Ukraine,Rice,2021,16080
Ukraine,Rye,2019,36288
Ukraine,Rye,2020,49527
Ukraine,Rye,2021,64313
Ukraine,"Shorn wool, greasy, including fleece-washed shorn wool",2019,1296
Ukraine,"Shorn wool, greasy, including fleece-washed shorn wool",2020,1176
Ukraine,"Shorn wool, greasy, including fleece-washed shorn wool",2021,1119
Ukraine,Sorghum,2019,29846
Ukraine,Sorghum,2020,16562
Ukraine,Sorghum,2021,26913
Ukraine,Sour cherries,2019,87669
Ukraine,Sour cherries,2020,91406
Ukraine,Sour cherries,2021,101398
Ukraine,Soya beans,2019,1332311
Ukraine,Soya beans,2020,1007747
Ukraine,Soya beans,2021,1258284
Ukraine,Strawberries,2019,58122
Ukraine,Strawberries,2020,51208
Ukraine,Strawberries,2021,57779
Ukraine,Sugar beet,2019,377245
Ukraine,Sugar beet,2020,338267
Ukraine,Sugar beet,2021,401250
Ukraine,Sunflower seed,2019,5100858
Ukraine,Sunflower seed,2020,4384025
Ukraine,Sunflower seed,2021,5481493
Ukraine,Tomatoes,2019,317541
Ukraine,Tomatoes,2020,321232
Ukraine,Tomatoes,2021,349009
Ukraine,"True hemp, raw or retted",2019,396
Ukraine,"True hemp, raw or retted",2020,392
Ukraine,"True hemp, raw or retted",2021,395
Ukraine,Unmanufactured tobacco,2019,1247
Ukraine,Unmanufactured tobacco,2020,1439
Ukraine,Unmanufactured tobacco,2021,1689
Ukraine,Vetches,2019,1508
Ukraine,Vetches,2020,1701
Ukraine,Vetches,2021,1280
Ukraine,"Walnuts, in shell",2019,203727
Ukraine,"Walnuts, in shell",2020,183443
Ukraine,"Walnuts, in shell",2021,186843
Ukraine,Watermelons,2019,28396
Ukraine,Watermelons,2020,25721
Ukraine,Watermelons,2021,25721
Ukraine,Wheat,2019,3915854
Ukraine,Wheat,2020,3438568
Ukraine,Wheat,2021,4442153
United Kingdom of Great Britain and Northern Ireland,Apples,2019,632746
United Kingdom of Great Britain and Northern Ireland,Apples,2020,654672
United Kingdom of Great Britain and Northern Ireland,Apples,2021,406797
United Kingdom of Great Britain and Northern Ireland,Asparagus,2019,62950
United Kingdom of Great Britain and Northern Ireland,Asparagus,2020,65945
United Kingdom of Great Britain and Northern Ireland,Asparagus,2021,54109
United Kingdom of Great Britain and Northern Ireland,Barley,2019,1329510
United Kingdom of Great Britain and Northern Ireland,Barley,2020,1340909
United Kingdom of Great Britain and Northern Ireland,Barley,2021,1149940
United Kingdom of Great Britain and Northern Ireland,"Broad beans and horse beans, dry",2019,356219
United Kingdom of Great Britain and Northern Ireland,"Broad beans and horse beans, dry",2020,360263
United Kingdom of Great Britain and Northern Ireland,"Broad beans and horse beans, dry",2021,451441
United Kingdom of Great Britain and Northern Ireland,"Broad beans and horse beans, green",2019,76215
United Kingdom of Great Britain and Northern Ireland,"Broad beans and horse beans, green",2020,73039
United Kingdom of Great Britain and Northern Ireland,"Broad beans and horse beans, green",2021,69405
United Kingdom of Great Britain and Northern Ireland,Cabbages,2019,91382
United Kingdom of Great Britain and Northern Ireland,Cabbages,2020,100300
United Kingdom of Great Britain and Northern Ireland,Cabbages,2021,95047
United Kingdom of Great Britain and Northern Ireland,Carrots and turnips,2019,467949
United Kingdom of Great Britain and Northern Ireland,Carrots and turnips,2020,454702
United Kingdom of Great Britain and Northern Ireland,Carrots and turnips,2021,459902
United Kingdom of Great Britain and Northern Ireland,Cauliflowers and broccoli,2019,129713
United Kingdom of Great Britain and Northern Ireland,Cauliflowers and broccoli,2020,155853
United Kingdom of Great Britain and Northern Ireland,Cauliflowers and broccoli,2021,144073
United Kingdom of Great Britain and Northern Ireland,Cherries,2019,33822
United Kingdom of Great Britain and Northern Ireland,Cherries,2020,33245
United Kingdom of Great Britain and Northern Ireland,Cherries,2021,18646
United Kingdom of Great Britain and Northern Ireland,"Chillies and peppers, green (Capsicum spp. and Pimenta spp.)",2019,39979
United Kingdom of Great Britain and Northern Ireland,"Chillies and peppers, green (Capsicum spp. and Pimenta spp.)",2020,39079
United Kingdom of Great Britain and Northern Ireland,"Chillies and peppers, green (Capsicum spp. and Pimenta spp.)",2021,35470
United Kingdom of Great Britain and Northern Ireland,Cucumbers and gherkins,2019,67401
United Kingdom of Great Britain and Northern Ireland,Cucumbers and gherkins,2020,67597
United Kingdom of Great Britain and Northern Ireland,Cucumbers and gherkins,2021,63642
United Kingdom of Great Britain and Northern Ireland,Currants,2019,104852
United Kingdom of Great Britain and Northern Ireland,Currants,2020,122276
United Kingdom of Great Britain and Northern Ireland,Currants,2021,97036
United Kingdom of Great Britain and Northern Ireland,"Eggs from other birds in shell, fresh, n.e.c.",2019,24294
United Kingdom of Great Britain and Northern Ireland,"Eggs from other birds in shell, fresh, n.e.c.",2020,19088
United Kingdom of Great Britain and Northern Ireland,"Eggs from other birds in shell, fresh, n.e.c.",2021,19088
United Kingdom of Great Britain and Northern Ireland,"Game meat, fresh, chilled or frozen",2019,10391
United Kingdom of Great Britain and Northern Ireland,"Game meat, fresh, chilled or frozen",2020,10355
United Kingdom of Great Britain and Northern Ireland,"Game meat, fresh, chilled or frozen",2021,10429
United Kingdom of Great Britain and Northern Ireland,Gooseberries,2019,5231
United Kingdom of Great Britain and Northern Ireland,Gooseberries,2020,5199
United Kingdom of Great Britain and Northern Ireland,Gooseberries,2021,5192
United Kingdom of Great Britain and Northern Ireland,Grapes,2019,21188
United Kingdom of Great Britain and Northern Ireland,Grapes,2020,21329
United Kingdom of Great Britain and Northern Ireland,Grapes,2021,21552
United Kingdom of Great Britain and Northern Ireland,"Hen eggs in shell, fresh",2019,941498
United Kingdom of Great Britain and Northern Ireland,"Hen eggs in shell, fresh",2020,921264
United Kingdom of Great Britain and Northern Ireland,"Hen eggs in shell, fresh",2021,903529
United Kingdom of Great Britain and Northern Ireland,Hop cones,2019,7236
United Kingdom of Great Britain and Northern Ireland,Hop cones,2020,7481
United Kingdom of Great Britain and Northern Ireland,Hop cones,2021,6307
United Kingdom of Great Britain and Northern Ireland,"Horse meat, fresh or chilled (indigenous)",2019,0
United Kingdom of Great Britain and Northern Ireland,"Horse meat, fresh or chilled (indigenous)",2020,17394
United Kingdom of Great Britain and Northern Ireland,"Horse meat, fresh or chilled (indigenous)",2021,17548
United Kingdom of Great Britain and Northern Ireland,Leeks and other alliaceous vegetables,2019,52138
United Kingdom of Great Britain and Northern Ireland,Leeks and other alliaceous vegetables,2020,63287
United Kingdom of Great Britain and Northern Ireland,Leeks and other alliaceous vegetables,2021,60845
United Kingdom of Great Britain and Northern Ireland,Lettuce and chicory,2019,225764
United Kingdom of Great Britain and Northern Ireland,Lettuce and chicory,2020,217332
United Kingdom of Great Britain and Northern Ireland,Lettuce and chicory,2021,208706
United Kingdom of Great Britain and Northern Ireland,Linseed,2019,12572
United Kingdom of Great Britain and Northern Ireland,Linseed,2020,26715
United Kingdom of Great Britain and Northern Ireland,Linseed,2021,33175
United Kingdom of Great Britain and Northern Ireland,"Meat of cattle with the bone, fresh or chilled (indigenous)",2019,5308462
United Kingdom of Great Britain and Northern Ireland,"Meat of cattle with the bone, fresh or chilled (indigenous)",2020,5361303
United Kingdom of Great Britain and Northern Ireland,"Meat of cattle with the bone, fresh or chilled (indigenous)",2021,5216764
United Kingdom of Great Britain and Northern Ireland,"Meat of chickens, fresh or chilled (indigenous)",2019,2859540
United Kingdom of Great Britain and Northern Ireland,"Meat of chickens, fresh or chilled (indigenous)",2020,3019591
United Kingdom of Great Britain and Northern Ireland,"Meat of chickens, fresh or chilled (indigenous)",2021,3098699
United Kingdom of Great Britain and Northern Ireland,"Meat of ducks, fresh or chilled (indigenous)",2019,111333
United Kingdom of Great Britain and Northern Ireland,"Meat of ducks, fresh or chilled (indigenous)",2020,89303
United Kingdom of Great Britain and Northern Ireland,"Meat of ducks, fresh or chilled (indigenous)",2021,83795
United Kingdom of Great Britain and Northern Ireland,"Meat of geese, fresh or chilled (indigenous)",2019,26763
United Kingdom of Great Britain and Northern Ireland,"Meat of geese, fresh or chilled (indigenous)",2020,25286
United Kingdom of Great Britain and Northern Ireland,"Meat of geese, fresh or chilled (indigenous)",2021,21492
United Kingdom of Great Britain and Northern Ireland,"Meat of pig with the bone, fresh or chilled (indigenous)",2019,2020314
United Kingdom of Great Britain and Northern Ireland,"Meat of pig with the bone, fresh or chilled (indigenous)",2020,2028098
United Kingdom of Great Britain and Northern Ireland,"Meat of pig with the bone, fresh or chilled (indigenous)",2021,2138821
United Kingdom of Great Britain and Northern Ireland,"Meat of sheep, fresh or chilled (indigenous)",2019,1485908
United Kingdom of Great Britain and Northern Ireland,"Meat of sheep, fresh or chilled (indigenous)",2020,1432667
United Kingdom of Great Britain and Northern Ireland,"Meat of sheep, fresh or chilled (indigenous)",2021,1369746
United Kingdom of Great Britain and Northern Ireland,"Meat of turkeys, fresh or chilled (indigenous)",2019,378035
United Kingdom of Great Britain and Northern Ireland,"Meat of turkeys, fresh or chilled (indigenous)",2020,375661
United Kingdom of Great Britain and Northern Ireland,"Meat of turkeys, fresh or chilled (indigenous)",2021,269871
United Kingdom of Great Britain and Northern Ireland,Mixed grain,2019,5667
United Kingdom of Great Britain and Northern Ireland,Mixed grain,2020,5637
United Kingdom of Great Britain and Northern Ireland,Mixed grain,2021,7001
United Kingdom of Great Britain and Northern Ireland,Mushrooms and truffles,2019,280692
United Kingdom of Great Britain and Northern Ireland,Mushrooms and truffles,2020,257389
United Kingdom of Great Britain and Northern Ireland,Mushrooms and truffles,2021,237523
United Kingdom of Great Britain and Northern Ireland,Natural honey,2019,144051
United Kingdom of Great Britain and Northern Ireland,Natural honey,2020,141595
United Kingdom of Great Britain and Northern Ireland,Natural honey,2021,145369
United Kingdom of Great Britain and Northern Ireland,Oats,2019,179306
United Kingdom of Great Britain and Northern Ireland,Oats,2020,171807
United Kingdom of Great Britain and Northern Ireland,Oats,2021,187138
United Kingdom of Great Britain and Northern Ireland,"Onions and shallots, dry (excluding dehydrated)",2019,174350
United Kingdom of Great Britain and Northern Ireland,"Onions and shallots, dry (excluding dehydrated)",2020,193529
United Kingdom of Great Britain and Northern Ireland,"Onions and shallots, dry (excluding dehydrated)",2021,184099
United Kingdom of Great Britain and Northern Ireland,"Onions and shallots, green",2019,62898
United Kingdom of Great Britain and Northern Ireland,"Onions and shallots, green",2020,62653
United Kingdom of Great Britain and Northern Ireland,"Onions and shallots, green",2021,63094
United Kingdom of Great Britain and Northern Ireland,"Other beans, green",2019,59205
United Kingdom of Great Britain and Northern Ireland,"Other beans, green",2020,68607
United Kingdom of Great Britain and Northern Ireland,"Other beans, green",2021,64621
United Kingdom of Great Britain and Northern Ireland,Other berries and fruits of the genus vaccinium n.e.c.,2019,94160
United Kingdom of Great Britain and Northern Ireland,Other berries and fruits of the genus vaccinium n.e.c.,2020,109571
United Kingdom of Great Britain and Northern Ireland,Other berries and fruits of the genus vaccinium n.e.c.,2021,100846
United Kingdom of Great Britain and Northern Ireland,Other pulses n.e.c.,2019,146483
United Kingdom of Great Britain and Northern Ireland,Other pulses n.e.c.,2020,141356
United Kingdom of Great Britain and Northern Ireland,Other pulses n.e.c.,2021,144091
United Kingdom of Great Britain and Northern Ireland,"Other vegetables, fresh n.e.c.",2019,801893
United Kingdom of Great Britain and Northern Ireland,"Other vegetables, fresh n.e.c.",2020,793945
United Kingdom of Great Britain and Northern Ireland,"Other vegetables, fresh n.e.c.",2021,787545
United Kingdom of Great Britain and Northern Ireland,Pears,2019,25123
United Kingdom of Great Britain and Northern Ireland,Pears,2020,22928
United Kingdom of Great Britain and Northern Ireland,Pears,2021,17664
United Kingdom of Great Britain and Northern Ireland,"Peas, dry",2019,40832
United Kingdom of Great Britain and Northern Ireland,"Peas, dry",2020,40808
United Kingdom of Great Britain and Northern Ireland,"Peas, dry",2021,49833
United Kingdom of Great Britain and Northern Ireland,"Peas, green",2019,399096
United Kingdom of Great Britain and Northern Ireland,"Peas, green",2020,423331
United Kingdom of Great Britain and Northern Ireland,"Peas, green",2021,434763
United Kingdom of Great Britain and Northern Ireland,Plums and sloes,2019,14114
United Kingdom of Great Britain and Northern Ireland,Plums and sloes,2020,15929
United Kingdom of Great Britain and Northern Ireland,Plums and sloes,2021,6893
United Kingdom of Great Britain and Northern Ireland,Potatoes,2019,1249061
United Kingdom of Great Britain and Northern Ireland,Potatoes,2020,1297501
United Kingdom of Great Britain and Northern Ireland,Potatoes,2021,1206787
United Kingdom of Great Britain and Northern Ireland,Rape or colza seed,2019,705081
United Kingdom of Great Britain and Northern Ireland,Rape or colza seed,2020,417736
United Kingdom of Great Britain and Northern Ireland,Rape or colza seed,2021,394702
United Kingdom of Great Britain and Northern Ireland,Raspberries,2019,109657
United Kingdom of Great Britain and Northern Ireland,Raspberries,2020,94777
United Kingdom of Great Britain and Northern Ireland,Raspberries,2021,99294
United Kingdom of Great Britain and Northern Ireland,Raw milk of cattle,2019,6072800
United Kingdom of Great Britain and Northern Ireland,Raw milk of cattle,2020,6078388
United Kingdom of Great Britain and Northern Ireland,Raw milk of cattle,2021,6157722
United Kingdom of Great Britain and Northern Ireland,Rye,2019,10392
United Kingdom of Great Britain and Northern Ireland,Rye,2020,10058
United Kingdom of Great Britain and Northern Ireland,Rye,2021,26935
United Kingdom of Great Britain and Northern Ireland,"Shorn wool, greasy, including fleece-washed shorn wool",2019,92830
United Kingdom of Great Britain and Northern Ireland,"Shorn wool, greasy, including fleece-washed shorn wool",2020,92570
United Kingdom of Great Britain and Northern Ireland,"Shorn wool, greasy, including fleece-washed shorn wool",2021,91334
United Kingdom of Great Britain and Northern Ireland,Strawberries,2019,562559
United Kingdom of Great Britain and Northern Ireland,Strawberries,2020,508112
United Kingdom of Great Britain and Northern Ireland,Strawberries,2021,449243
United Kingdom of Great Britain and Northern Ireland,Sugar beet,2019,321640
United Kingdom of Great Britain and Northern Ireland,Sugar beet,2020,247932
United Kingdom of Great Britain and Northern Ireland,Sugar beet,2021,305090
United Kingdom of Great Britain and Northern Ireland,Tomatoes,2019,49099
United Kingdom of Great Britain and Northern Ireland,Tomatoes,2020,52617
United Kingdom of Great Britain and Northern Ireland,Tomatoes,2021,55116
United Kingdom of Great Britain and Northern Ireland,Triticale,2019,13926
United Kingdom of Great Britain and Northern Ireland,Triticale,2020,11603
United Kingdom of Great Britain and Northern Ireland,Triticale,2021,14254
United Kingdom of Great Britain and Northern Ireland,Wheat,2019,3289136
United Kingdom of Great Britain and Northern Ireland,Wheat,2020,1957872
United Kingdom of Great Britain and Northern Ireland,Wheat,2021,2835651
Tanzania,Bananas,2019,1216240
Tanzania,Bananas,2020,1110964
Tanzania,Bananas,2021,1179787
Tanzania,"Beans, dry",2019,779263
Tanzania,"Beans, dry",2020,828097
Tanzania,"Beans, dry",2021,837512
Tanzania,Cabbages,2019,27664
Tanzania,Cabbages,2020,27995
Tanzania,Cabbages,2021,27651
Tanzania,"Cassava, fresh",2019,1511032
Tanzania,"Cassava, fresh",2020,1570151
Tanzania,"Cassava, fresh",2021,1696473
Tanzania,"Coconuts, in shell",2019,134660
Tanzania,"Coconuts, in shell",2020,122637
Tanzania,"Coconuts, in shell",2021,122637
Tanzania,"Cow peas, dry",2019,64552
Tanzania,"Cow peas, dry",2020,114059
Tanzania,"Cow peas, dry",2021,244920
Tanzania,"Edible roots and tubers with high starch or inulin content, n.e.c., fresh",2019,392
Tanzania,"Edible roots and tubers with high starch or inulin content, n.e.c., fresh",2020,412
Tanzania,"Edible roots and tubers with high starch or inulin content, n.e.c., fresh",2021,404
Tanzania,"Groundnuts, excluding shelled",2019,256183
Tanzania,"Groundnuts, excluding shelled",2020,259951
Tanzania,"Groundnuts, excluding shelled",2021,337265
Tanzania,Maize (corn),2019,1079058
Tanzania,Maize (corn),2020,1281237
Tanzania,Maize (corn),2021,1343858
Tanzania,Millet,2019,183769
Tanzania,Millet,2020,154743
Tanzania,Millet,2021,159504
Tanzania,"Onions and shallots, dry (excluding dehydrated)",2019,100412
Tanzania,"Onions and shallots, dry (excluding dehydrated)",2020,106519
Tanzania,"Onions and shallots, dry (excluding dehydrated)",2021,66494
Tanzania,Oranges,2019,29323
Tanzania,Oranges,2020,25833
Tanzania,Oranges,2021,20135
Tanzania,"Other beans, green",2019,3540
Tanzania,"Other beans, green",2020,3510
Tanzania,"Other beans, green",2021,3555
Tanzania,"Other nuts (excluding wild edible nuts and groundnuts), in shell, n.e.c.",2019,1344
Tanzania,"Other nuts (excluding wild edible nuts and groundnuts), in shell, n.e.c.",2020,1352
Tanzania,"Other nuts (excluding wild edible nuts and groundnuts), in shell, n.e.c.",2021,1359
Tanzania,Other pulses n.e.c.,2019,13042
Tanzania,Other pulses n.e.c.,2020,10001
Tanzania,Other pulses n.e.c.,2021,10001
Tanzania,"Peas, green",2019,7042
Tanzania,"Peas, green",2020,7306
Tanzania,"Peas, green",2021,7160
Tanzania,"Pigeon peas, dry",2019,44408
Tanzania,"Pigeon peas, dry",2020,108447
Tanzania,"Pigeon peas, dry",2021,79553
Tanzania,Plantains and cooking bananas,2019,122660
Tanzania,Plantains and cooking bananas,2020,122702
Tanzania,Plantains and cooking bananas,2021,122785
Tanzania,Potatoes,2019,156579
Tanzania,Potatoes,2020,129164
Tanzania,Potatoes,2021,104396
Tanzania,Raw milk of cattle,2019,367647
Tanzania,Raw milk of cattle,2020,500430
Tanzania,Raw milk of cattle,2021,556371
Tanzania,Raw milk of goats,2019,43747
Tanzania,Raw milk of goats,2020,44880
Tanzania,Raw milk of goats,2021,46374
Tanzania,Rice,2019,1207031
Tanzania,Rice,2020,1572720
Tanzania,Rice,2021,1405253
Tanzania,Sesame seed,2019,540043
Tanzania,Sesame seed,2020,181804
Tanzania,Sesame seed,2021,187555
Tanzania,Sorghum,2019,158247
Tanzania,Sorghum,2020,162166
Tanzania,Sorghum,2021,174490
Tanzania,Soya beans,2019,15349
Tanzania,Soya beans,2020,30093
Tanzania,Soya beans,2021,50155
Tanzania,Sunflower seed,2019,235362
Tanzania,Sunflower seed,2020,243283
Tanzania,Sunflower seed,2021,253467
Tanzania,Sweet potatoes,2019,594215
Tanzania,Sweet potatoes,2020,515342
Tanzania,Sweet potatoes,2021,441570
Tanzania,Tomatoes,2019,134149
Tanzania,Tomatoes,2020,140807
Tanzania,Tomatoes,2021,147320
Tanzania,Unmanufactured tobacco,2019,2689
Tanzania,Unmanufactured tobacco,2020,1425
Tanzania,Unmanufactured tobacco,2021,2221
Tanzania,Wheat,2019,26578
Tanzania,Wheat,2020,32401
Tanzania,Wheat,2021,29351
United States,"Almonds, in shell",2019,13383830
United States,"Almonds, in shell",2020,16405328
United States,"Almonds, in shell",2021,15421038
United States,Apples,2019,3360732
United States,Apples,2020,3117908
United States,Apples,2021,3053488
United States,Apricots,2019,43794
United States,Apricots,2020,26649
United States,Apricots,2021,34111
United States,Artichokes,2019,71524
United States,Artichokes,2020,57174
United States,Artichokes,2021,59192
United States,Asparagus,2019,82165
United States,Asparagus,2020,68917
United States,Asparagus,2021,87585
United States,Avocados,2019,292485
United States,Avocados,2020,446904
United States,Avocados,2021,326797
United States,Bananas,2019,6958
United States,Bananas,2020,7001
United States,Bananas,2021,7307
United States,Barley,2019,907632
United States,Barley,2020,898761
United States,Barley,2021,634520
United States,"Beans, dry",2019,600495
United States,"Beans, dry",2020,956402
United States,"Beans, dry",2021,656568
United States,Blueberries,2019,1043802
United States,Blueberries,2020,962336
United States,Blueberries,2021,1154090
United States,"Broad beans and horse beans, green",2019,69336
United States,"Broad beans and horse beans, green",2020,69320
United States,"Broad beans and horse beans, green",2021,69079
United States,Buckwheat,2019,16321
United States,Buckwheat,2020,16226
United States,Buckwheat,2021,16162
United States,Cabbages,2019,443847
United States,Cabbages,2020,470352
United States,Cabbages,2021,407634
United States,Cantaloupes and other melons,2019,274324
United States,Cantaloupes and other melons,2020,264685
United States,Cantaloupes and other melons,2021,266836
United States,Carrots and turnips,2019,913734
United States,Carrots and turnips,2020,843990
United States,Carrots and turnips,2021,779733
United States,Cauliflowers and broccoli,2019,1489985
United States,Cauliflowers and broccoli,2020,1393084
United States,Cauliflowers and broccoli,2021,1333193
United States,Cherries,2019,780376
United States,Cherries,2020,719531
United States,Cherries,2021,812921
United States,"Chick peas, dry",2019,175499
United States,"Chick peas, dry",2020,114997
United States,"Chick peas, dry",2021,80141
United States,"Chillies and peppers, green (Capsicum spp. and Pimenta spp.)",2019,552990
United States,"Chillies and peppers, green (Capsicum spp. and Pimenta spp.)",2020,475224
United States,"Chillies and peppers, green (Capsicum spp. and Pimenta spp.)",2021,487093
United States,"Coffee, green",2019,75511
United States,"Coffee, green",2020,63793
United States,"Coffee, green",2021,153267
United States,"Cow peas, dry",2019,18950
United States,"Cow peas, dry",2020,25385
United States,"Cow peas, dry",2021,16192
United States,Cranberries,2019,244075
United States,Cranberries,2020,240718
United States,Cranberries,2021,210289
United States,Cucumbers and gherkins,2019,346743
United States,Cucumbers and gherkins,2020,293455
United States,Cucumbers and gherkins,2021,325800
United States,Dates,2019,104180
United States,Dates,2020,106216
United States,Dates,2021,114446
United States,Eggplants (aubergines),2019,88485
United States,Eggplants (aubergines),2020,92593
United States,Eggplants (aubergines),2021,89933
United States,Figs,2019,25616
United States,Figs,2020,25277
United States,Figs,2021,25231
United States,"Game meat, fresh, chilled or frozen",2019,820107
United States,"Game meat, fresh, chilled or frozen",2020,825444
United States,"Game meat, fresh, chilled or frozen",2021,834178
United States,"Ginger, raw",2019,2577
United States,"Ginger, raw",2020,2620
United States,"Ginger, raw",2021,2520
United States,Grapes,2019,5416092
United States,Grapes,2020,4699499
United States,Grapes,2021,4694824
United States,Green corn (maize),2019,1446134
United States,Green corn (maize),2020,1389015
United States,Green corn (maize),2021,1403128
United States,Green garlic,2019,282426
United States,Green garlic,2020,262250
United States,Green garlic,2021,260996
United States,"Groundnuts, excluding shelled",2019,1110843
United States,"Groundnuts, excluding shelled",2020,1251434
United States,"Groundnuts, excluding shelled",2021,1292247
United States,"Hazelnuts, in shell",2019,136475
United States,"Hazelnuts, in shell",2020,187427
United States,"Hazelnuts, in shell",2021,235672
United States,"Hen eggs in shell, fresh",2019,11531173
United States,"Hen eggs in shell, fresh",2020,11448669
United States,"Hen eggs in shell, fresh",2021,11415421
United States,Hop cones,2019,514248
United States,Hop cones,2020,476504
United States,Hop cones,2021,530742
United States,Kiwi fruit,2019,52739
United States,Kiwi fruit,2020,56407
United States,Kiwi fruit,2021,49630
United States,Lemons and limes,2019,685083
United States,Lemons and limes,2020,741148
United States,Lemons and limes,2021,605775
United States,"Lentils, dry",2019,150632
United States,"Lentils, dry",2020,206823
United States,"Lentils, dry",2021,97005
United States,Lettuce and chicory,2019,2206165
United States,Lettuce and chicory,2020,2273605
United States,Lettuce and chicory,2021,2655568
United States,Linseed,2019,53913
United States,Linseed,2020,54691
United States,Linseed,2021,26530
United States,Maize (corn),2019,48434695
United States,Maize (corn),2020,50182623
United States,Maize (corn),2021,53405713
United States,"Mangoes, guavas and mangosteens",2019,616
United States,"Mangoes, guavas and mangosteens",2020,548
United States,"Mangoes, guavas and mangosteens",2021,551
United States,"Meat of cattle with the bone, fresh or chilled (indigenous)",2019,63511953
United States,"Meat of cattle with the bone, fresh or chilled (indigenous)",2020,64465347
United States,"Meat of cattle with the bone, fresh or chilled (indigenous)",2021,67147853
United States,"Meat of chickens, fresh or chilled (indigenous)",2019,33449748
United States,"Meat of chickens, fresh or chilled (indigenous)",2020,31159557
United States,"Meat of chickens, fresh or chilled (indigenous)",2021,31848289
United States,"Meat of ducks, fresh or chilled (indigenous)",2019,102640
United States,"Meat of ducks, fresh or chilled (indigenous)",2020,84348
United States,"Meat of ducks, fresh or chilled (indigenous)",2021,91281
United States,"Meat of pig with the bone, fresh or chilled (indigenous)",2019,22602130
United States,"Meat of pig with the bone, fresh or chilled (indigenous)",2020,23123335
United States,"Meat of pig with the bone, fresh or chilled (indigenous)",2021,22340041
United States,"Meat of sheep, fresh or chilled (indigenous)",2019,188855
United States,"Meat of sheep, fresh or chilled (indigenous)",2020,176408
United States,"Meat of sheep, fresh or chilled (indigenous)",2021,176036
United States,"Meat of turkeys, fresh or chilled (indigenous)",2019,5874181
United States,"Meat of turkeys, fresh or chilled (indigenous)",2020,5571175
United States,"Meat of turkeys, fresh or chilled (indigenous)",2021,5398424
United States,Millet,2019,46957
United States,Millet,2020,27066
United States,Millet,2021,43491
United States,Mushrooms and truffles,2019,1066641
United States,Mushrooms and truffles,2020,1028693
United States,Mushrooms and truffles,2021,955132
United States,Mustard seed,2019,21044
United States,Mustard seed,2020,27063
United States,Mustard seed,2021,13886
United States,Natural honey,2019,333426
United States,Natural honey,2020,313607
United States,Natural honey,2021,269302
United States,Oats,2019,131159
United States,Oats,2020,161786
United States,Oats,2021,98105
United States,Okra,2019,18657
United States,Okra,2020,18645
United States,Okra,2021,19002
United States,Olives,2019,141415
United States,Olives,2020,57162
United States,Olives,2021,97096
United States,"Onions and shallots, dry (excluding dehydrated)",2019,996522
United States,"Onions and shallots, dry (excluding dehydrated)",2020,1054117
United States,"Onions and shallots, dry (excluding dehydrated)",2021,1035760
United States,Oranges,2019,1396573
United States,Oranges,2020,1352055
United States,Oranges,2021,1129200
United States,"Other beans, green",2019,20202
United States,"Other beans, green",2020,19756
United States,"Other beans, green",2021,19881
United States,Other berries and fruits of the genus vaccinium n.e.c.,2019,50012
United States,Other berries and fruits of the genus vaccinium n.e.c.,2020,50649
United States,Other berries and fruits of the genus vaccinium n.e.c.,2021,49936
United States,"Other citrus fruit, n.e.c.",2019,4418
United States,"Other citrus fruit, n.e.c.",2020,4767
United States,"Other citrus fruit, n.e.c.",2021,4635
United States,"Other fruits, n.e.c.",2019,782
United States,"Other fruits, n.e.c.",2020,760
United States,"Other fruits, n.e.c.",2021,759
United States,"Other nuts (excluding wild edible nuts and groundnuts), in shell, n.e.c.",2019,666917
United States,"Other nuts (excluding wild edible nuts and groundnuts), in shell, n.e.c.",2020,773961
United States,"Other nuts (excluding wild edible nuts and groundnuts), in shell, n.e.c.",2021,713246
United States,"Other vegetables, fresh n.e.c.",2019,314774
United States,"Other vegetables, fresh n.e.c.",2020,322615
United States,"Other vegetables, fresh n.e.c.",2021,305852
United States,Papayas,2019,5449
United States,Papayas,2020,3844
United States,Papayas,2021,7238
United States,Peaches and nectarines,2019,618800
United States,Peaches and nectarines,2020,594757
United States,Peaches and nectarines,2021,649573
United States,Pears,2019,434587
United States,Pears,2020,398724
United States,Pears,2021,404807
United States,"Peas, dry",2019,266915
United States,"Peas, dry",2020,258351
United States,"Peas, dry",2021,109426
United States,"Peas, green",2019,79138
United States,"Peas, green",2020,82435
United States,"Peas, green",2021,70187
United States,Pineapples,2019,111336
United States,Pineapples,2020,111085
United States,Pineapples,2021,110910
United States,"Pistachios, in shell",2019,2109439
United States,"Pistachios, in shell",2020,2974824
United States,"Pistachios, in shell",2021,3287996
United States,Plums and sloes,2019,323687
United States,Plums and sloes,2020,242190
United States,Plums and sloes,2021,288224
United States,Pomelos and grapefruits,2019,127487
United States,Pomelos and grapefruits,2020,120312
United States,Pomelos and grapefruits,2021,92450
United States,Potatoes,2019,3779676
United States,Potatoes,2020,3740501
United States,Potatoes,2021,3674771
United States,"Pumpkins, squash and gourds",2019,504608
United States,"Pumpkins, squash and gourds",2020,488863
United States,"Pumpkins, squash and gourds",2021,581779
United States,Rape or colza seed,2019,1178575
United States,Rape or colza seed,2020,1195660
United States,Rape or colza seed,2021,942792
United States,Raspberries,2019,440252
United States,Raspberries,2020,455869
United States,Raspberries,2021,336130
United States,Raw milk of cattle,2019,41945259
United States,Raw milk of cattle,2020,42880017
United States,Raw milk of cattle,2021,43442447
United States,Rice,2019,2219390
United States,Rice,2020,2727883
United States,Rice,2021,2290705
United States,Rye,2019,68622
United States,Rye,2020,74502
United States,Rye,2021,63362
United States,Safflower seed,2019,45121
United States,Safflower seed,2020,35581
United States,Safflower seed,2021,30806
United States,"Seed cotton, unginned",2019,11462776
United States,"Seed cotton, unginned",2020,8262999
United States,"Seed cotton, unginned",2021,10373091
United States,"Shorn wool, greasy, including fleece-washed shorn wool",2019,26115
United States,"Shorn wool, greasy, including fleece-washed shorn wool",2020,25151
United States,"Shorn wool, greasy, including fleece-washed shorn wool",2021,27647
United States,Sorghum,2019,1153573
United States,Sorghum,2020,1259991
United States,Sorghum,2021,1512862
United States,Sour cherries,2019,85016
United States,Sour cherries,2020,45635
United States,Sour cherries,2021,55675
United States,Soya beans,2019,33769037
United States,Soya beans,2020,40085630
United States,Soya beans,2021,42445258
United States,Spinach,2019,455992
United States,Spinach,2020,345341
United States,Spinach,2021,385589
United States,Strawberries,2019,2101598
United States,Strawberries,2020,2456155
United States,Strawberries,2021,2458916
United States,String beans,2019,968078
United States,String beans,2020,863251
United States,String beans,2021,887489
United States,Sugar beet,2019,1230233
United States,Sugar beet,2020,1443216
United States,Sugar beet,2021,1578821
United States,Sugar cane,2019,1043019
United States,Sugar cane,2020,1178977
United States,Sugar cane,2021,1072445
United States,Sunflower seed,2019,382696
United States,Sunflower seed,2020,583603
United States,Sunflower seed,2021,371615
United States,Sweet potatoes,2019,707722
United States,Sweet potatoes,2020,666893
United States,Sweet potatoes,2021,665111
United States,"Tangerines, mandarins, clementines",2019,560037
United States,"Tangerines, mandarins, clementines",2020,477575
United States,"Tangerines, mandarins, clementines",2021,604053
United States,Taro,2019,2141
United States,Taro,2020,2116
United States,Taro,2021,2046
United States,Tomatoes,2019,10399285
United States,Tomatoes,2020,10476020
United States,Tomatoes,2021,10003512
United States,Unmanufactured tobacco,2019,952128
United States,Unmanufactured tobacco,2020,758661
United States,Unmanufactured tobacco,2021,928668
United States,"Walnuts, in shell",2019,1497598
United States,"Walnuts, in shell",2020,1806272
United States,"Walnuts, in shell",2021,1680508
United States,Watermelons,2019,494707
United States,Watermelons,2020,471660
United States,Watermelons,2021,484858
United States,Wheat,2019,9517141
United States,Wheat,2020,9004964
United States,Wheat,2021,8109468
Uruguay,Apples,2019,47468
Uruguay,Apples,2020,41543
Uruguay,Apples,2021,52701
Uruguay,Barley,2019,134284
Uruguay,Barley,2020,127737
Uruguay,Barley,2021,187131
Uruguay,"Beans, dry",2019,565
Uruguay,"Beans, dry",2020,555
Uruguay,"Beans, dry",2021,566
Uruguay,Beeswax,2019,4611
Uruguay,Beeswax,2020,4696
Uruguay,Beeswax,2021,4613
Uruguay,"Broad beans and horse beans, dry",2019,118
Uruguay,"Broad beans and horse beans, dry",2020,116
Uruguay,"Broad beans and horse beans, dry",2021,115
Uruguay,Cabbages,2019,1102
Uruguay,Cabbages,2020,1112
Uruguay,Cabbages,2021,1117
Uruguay,Canary seed,2019,197
Uruguay,Canary seed,2020,197
Uruguay,Canary seed,2021,199
Uruguay,Cantaloupes and other melons,2019,2120
Uruguay,Cantaloupes and other melons,2020,2083
Uruguay,Cantaloupes and other melons,2021,2116
Uruguay,Carrots and turnips,2019,14792
Uruguay,Carrots and turnips,2020,14746
Uruguay,Carrots and turnips,2021,14682
Uruguay,"Chillies and peppers, green (Capsicum spp. and Pimenta spp.)",2019,23631
Uruguay,"Chillies and peppers, green (Capsicum spp. and Pimenta spp.)",2020,24863
Uruguay,"Chillies and peppers, green (Capsicum spp. and Pimenta spp.)",2021,24233
Uruguay,"Game meat, fresh, chilled or frozen",2019,700
Uruguay,"Game meat, fresh, chilled or frozen",2020,702
Uruguay,"Game meat, fresh, chilled or frozen",2021,702
Uruguay,Grapes,2019,103118
Uruguay,Grapes,2020,115790
Uruguay,Grapes,2021,122715
Uruguay,Green corn (maize),2019,1594
Uruguay,Green corn (maize),2020,1657
Uruguay,Green corn (maize),2021,1632
Uruguay,Green garlic,2019,3261
Uruguay,Green garlic,2020,3358
Uruguay,Green garlic,2021,3239
Uruguay,"Groundnuts, excluding shelled",2019,609
Uruguay,"Groundnuts, excluding shelled",2020,611
Uruguay,"Groundnuts, excluding shelled",2021,621
Uruguay,"Hen eggs in shell, fresh",2019,90299
Uruguay,"Hen eggs in shell, fresh",2020,93309
Uruguay,"Hen eggs in shell, fresh",2021,90299
Uruguay,"Horse meat, fresh or chilled (indigenous)",2019,18580
Uruguay,"Horse meat, fresh or chilled (indigenous)",2020,16288
Uruguay,"Horse meat, fresh or chilled (indigenous)",2021,26358
Uruguay,Lemons and limes,2019,31970
Uruguay,Lemons and limes,2020,34800
Uruguay,Lemons and limes,2021,52667
Uruguay,Linseed,2019,2965
Uruguay,Linseed,2020,2980
Uruguay,Linseed,2021,3011
Uruguay,Maize (corn),2019,170181
Uruguay,Maize (corn),2020,159148
Uruguay,Maize (corn),2021,160483
Uruguay,"Meat of cattle with the bone, fresh or chilled (indigenous)",2019,1812936
Uruguay,"Meat of cattle with the bone, fresh or chilled (indigenous)",2020,1593754
Uruguay,"Meat of cattle with the bone, fresh or chilled (indigenous)",2021,1788575
Uruguay,"Meat of chickens, fresh or chilled (indigenous)",2019,131737
Uruguay,"Meat of chickens, fresh or chilled (indigenous)",2020,129073
Uruguay,"Meat of chickens, fresh or chilled (indigenous)",2021,145866
Uruguay,"Meat of pig with the bone, fresh or chilled (indigenous)",2019,21083
Uruguay,"Meat of pig with the bone, fresh or chilled (indigenous)",2020,22182
Uruguay,"Meat of pig with the bone, fresh or chilled (indigenous)",2021,26744
Uruguay,"Meat of rabbits and hares, fresh or chilled (indigenous)",2019,3173
Uruguay,"Meat of rabbits and hares, fresh or chilled (indigenous)",2020,3146
Uruguay,"Meat of rabbits and hares, fresh or chilled (indigenous)",2021,3166
Uruguay,"Meat of sheep, fresh or chilled (indigenous)",2019,62312
Uruguay,"Meat of sheep, fresh or chilled (indigenous)",2020,83418
Uruguay,"Meat of sheep, fresh or chilled (indigenous)",2021,86940
Uruguay,Natural honey,2019,21258
Uruguay,Natural honey,2020,31730
Uruguay,Natural honey,2021,30496
Uruguay,Oats,2019,7849
Uruguay,Oats,2020,10254
Uruguay,Oats,2021,6932
Uruguay,Olives,2019,6469
Uruguay,Olives,2020,625
Uruguay,Olives,2021,5406
Uruguay,"Onions and shallots, dry (excluding dehydrated)",2019,22570
Uruguay,"Onions and shallots, dry (excluding dehydrated)",2020,22730
Uruguay,"Onions and shallots, dry (excluding dehydrated)",2021,22666
Uruguay,Oranges,2019,54047
Uruguay,Oranges,2020,41363
Uruguay,Oranges,2021,55897
Uruguay,"Other beans, green",2019,3102
Uruguay,"Other beans, green",2020,3194
Uruguay,"Other beans, green",2021,3178
Uruguay,"Other fruits, n.e.c.",2019,3128
Uruguay,"Other fruits, n.e.c.",2020,3168
Uruguay,"Other fruits, n.e.c.",2021,3195
Uruguay,"Other vegetables, fresh n.e.c.",2019,66993
Uruguay,"Other vegetables, fresh n.e.c.",2020,68254
Uruguay,"Other vegetables, fresh n.e.c.",2021,67156
Uruguay,Peaches and nectarines,2019,16561
Uruguay,Peaches and nectarines,2020,14409
Uruguay,Peaches and nectarines,2021,15954
Uruguay,Pears,2019,13384
Uruguay,Pears,2020,8736
Uruguay,Pears,2021,14556
Uruguay,"Peas, dry",2019,503
Uruguay,"Peas, dry",2020,504
Uruguay,"Peas, dry",2021,506
Uruguay,Plums and sloes,2019,3768
Uruguay,Plums and sloes,2020,3374
Uruguay,Plums and sloes,2021,3591
Uruguay,Pomelos and grapefruits,2019,485
Uruguay,Pomelos and grapefruits,2020,439
Uruguay,Pomelos and grapefruits,2021,979
Uruguay,Potatoes,2019,77111
Uruguay,Potatoes,2020,60207
Uruguay,Potatoes,2021,76066
Uruguay,"Pumpkins, squash and gourds",2019,16099
Uruguay,"Pumpkins, squash and gourds",2020,16034
Uruguay,"Pumpkins, squash and gourds",2021,16085
Uruguay,Quinces,2019,3776
Uruguay,Quinces,2020,3551
Uruguay,Quinces,2021,4865
Uruguay,Raw milk of cattle,2019,745626
Uruguay,Raw milk of cattle,2020,758352
Uruguay,Raw milk of cattle,2021,782082
Uruguay,Rice,2019,274879
Uruguay,Rice,2020,276940
Uruguay,Rice,2021,299847
Uruguay,"Shorn wool, greasy, including fleece-washed shorn wool",2019,86106
Uruguay,"Shorn wool, greasy, including fleece-washed shorn wool",2020,80150
Uruguay,"Shorn wool, greasy, including fleece-washed shorn wool",2021,75792
Uruguay,Sorghum,2019,24123
Uruguay,Sorghum,2020,16437
Uruguay,Sorghum,2021,18334
Uruguay,Soya beans,2019,1092141
Uruguay,Soya beans,2020,768515
Uruguay,Soya beans,2021,659223
Uruguay,Sugar cane,2019,2182
Uruguay,Sugar cane,2020,2183
Uruguay,Sugar cane,2021,2418
Uruguay,Sunflower seed,2019,464
Uruguay,Sunflower seed,2020,464
Uruguay,Sunflower seed,2021,4642
Uruguay,Sweet potatoes,2019,59394
Uruguay,Sweet potatoes,2020,60224
Uruguay,Sweet potatoes,2021,59360
Uruguay,"Tangerines, mandarins, clementines",2019,42452
Uruguay,"Tangerines, mandarins, clementines",2020,41943
Uruguay,"Tangerines, mandarins, clementines",2021,53769
Uruguay,Tomatoes,2019,61135
Uruguay,Tomatoes,2020,61373
Uruguay,Tomatoes,2021,61994
Uruguay,Unmanufactured tobacco,2019,733
Uruguay,Unmanufactured tobacco,2020,733
Uruguay,Unmanufactured tobacco,2021,748
Uruguay,Watermelons,2019,3970
Uruguay,Watermelons,2020,3954
Uruguay,Watermelons,2021,3929
Uruguay,Wheat,2019,143176
Uruguay,Wheat,2020,152760
Uruguay,Wheat,2021,184264
Vanuatu,Bananas,2019,11293
Vanuatu,Bananas,2020,11437
Vanuatu,Bananas,2021,11572
Vanuatu,Cocoa beans,2019,3228
Vanuatu,Cocoa beans,2020,2178
Vanuatu,Cocoa beans,2021,4342
Vanuatu,"Coconuts, in shell",2019,82575
Vanuatu,"Coconuts, in shell",2020,82575
Vanuatu,"Coconuts, in shell",2021,82575
Vanuatu,"Coffee, green",2019,40
Vanuatu,"Coffee, green",2020,40
Vanuatu,"Coffee, green",2021,40
Vanuatu,"Edible roots and tubers with high starch or inulin content, n.e.c., fresh",2019,20945
Vanuatu,"Edible roots and tubers with high starch or inulin content, n.e.c., fresh",2020,21307
Vanuatu,"Edible roots and tubers with high starch or inulin content, n.e.c., fresh",2021,20945
Vanuatu,"Groundnuts, excluding shelled",2019,2836
Vanuatu,"Groundnuts, excluding shelled",2020,2443
Vanuatu,"Groundnuts, excluding shelled",2021,1984
Vanuatu,Maize (corn),2019,1363
Vanuatu,Maize (corn),2020,1382
Vanuatu,Maize (corn),2021,1399
Vanuatu,"Other fruits, n.e.c.",2019,4227
Vanuatu,"Other fruits, n.e.c.",2020,4146
Vanuatu,"Other fruits, n.e.c.",2021,4224
Vanuatu,"Other stimulant, spice and aromatic crops, n.e.c.",2019,4555
Vanuatu,"Other stimulant, spice and aromatic crops, n.e.c.",2020,4619
Vanuatu,"Other stimulant, spice and aromatic crops, n.e.c.",2021,4555
Vanuatu,"Other tropical fruits, n.e.c.",2019,1920
Vanuatu,"Other tropical fruits, n.e.c.",2020,1948
Vanuatu,"Other tropical fruits, n.e.c.",2021,1920
Vanuatu,"Other vegetables, fresh n.e.c.",2019,20837
Vanuatu,"Other vegetables, fresh n.e.c.",2020,20462
Vanuatu,"Other vegetables, fresh n.e.c.",2021,20588
Viet Nam,Bananas,2019,705413
Viet Nam,Bananas,2020,728969
Viet Nam,Bananas,2021,754906
Viet Nam,"Beans, dry",2019,237025
Viet Nam,"Beans, dry",2020,227241
Viet Nam,"Beans, dry",2021,214813
Viet Nam,Cabbages,2019,295108
Viet Nam,Cabbages,2020,290665
Viet Nam,Cabbages,2021,327549
Viet Nam,"Cashew nuts, in shell",2019,322861
Viet Nam,"Cashew nuts, in shell",2020,393357
Viet Nam,"Cashew nuts, in shell",2021,450699
Viet Nam,"Cassava, fresh",2019,1566930
Viet Nam,"Cassava, fresh",2020,1617650
Viet Nam,"Cassava, fresh",2021,1627103
Viet Nam,Cauliflowers and broccoli,2019,70458
Viet Nam,Cauliflowers and broccoli,2020,78479
Viet Nam,Cauliflowers and broccoli,2021,91161
Viet Nam,"Chillies and peppers, dry (Capsicum spp., Pimenta spp.), raw",2019,87629
Viet Nam,"Chillies and peppers, dry (Capsicum spp., Pimenta spp.), raw",2020,88194
Viet Nam,"Chillies and peppers, dry (Capsicum spp., Pimenta spp.), raw",2021,89747
Viet Nam,"Cinnamon and cinnamon-tree flowers, raw",2019,42461
Viet Nam,"Cinnamon and cinnamon-tree flowers, raw",2020,44483
Viet Nam,"Cinnamon and cinnamon-tree flowers, raw",2021,70768
Viet Nam,"Coconuts, in shell",2019,676688
Viet Nam,"Coconuts, in shell",2020,694287
Viet Nam,"Coconuts, in shell",2021,753214
Viet Nam,"Coffee, green",2019,2710585
Viet Nam,"Coffee, green",2020,2833858
Viet Nam,"Coffee, green",2021,2964917
Viet Nam,Grapes,2019,25725
Viet Nam,Grapes,2020,27056
Viet Nam,Grapes,2021,26715
Viet Nam,"Groundnuts, excluding shelled",2019,475540
Viet Nam,"Groundnuts, excluding shelled",2020,457071
Viet Nam,"Groundnuts, excluding shelled",2021,462439
Viet Nam,"Hen eggs in shell, fresh",2019,939754
Viet Nam,"Hen eggs in shell, fresh",2020,1085686
Viet Nam,"Hen eggs in shell, fresh",2021,942135
Viet Nam,"Horse meat, fresh or chilled (indigenous)",2019,5924
Viet Nam,"Horse meat, fresh or chilled (indigenous)",2020,6337
Viet Nam,"Horse meat, fresh or chilled (indigenous)",2021,6023
Viet Nam,"Jute, raw or retted",2019,594
Viet Nam,"Jute, raw or retted",2020,368
Viet Nam,"Jute, raw or retted",2021,329
Viet Nam,Maize (corn),2019,1499537
Viet Nam,Maize (corn),2020,1444386
Viet Nam,Maize (corn),2021,1408983
Viet Nam,"Mangoes, guavas and mangosteens",2019,749280
Viet Nam,"Mangoes, guavas and mangosteens",2020,812818
Viet Nam,"Mangoes, guavas and mangosteens",2021,935531
Viet Nam,"Meat of buffalo, fresh or chilled (indigenous)",2019,93943
Viet Nam,"Meat of buffalo, fresh or chilled (indigenous)",2020,132894
Viet Nam,"Meat of buffalo, fresh or chilled (indigenous)",2021,179597
Viet Nam,"Meat of cattle with the bone, fresh or chilled (indigenous)",2019,615727
Viet Nam,"Meat of cattle with the bone, fresh or chilled (indigenous)",2020,629834
Viet Nam,"Meat of cattle with the bone, fresh or chilled (indigenous)",2021,851316
Viet Nam,"Meat of chickens, fresh or chilled (indigenous)",2019,4248148
Viet Nam,"Meat of chickens, fresh or chilled (indigenous)",2020,4906794
Viet Nam,"Meat of chickens, fresh or chilled (indigenous)",2021,5618626
Viet Nam,"Meat of ducks, fresh or chilled (indigenous)",2019,326067
Viet Nam,"Meat of ducks, fresh or chilled (indigenous)",2020,365790
Viet Nam,"Meat of ducks, fresh or chilled (indigenous)",2021,377354
Viet Nam,"Meat of goat, fresh or chilled (indigenous)",2019,100451
Viet Nam,"Meat of goat, fresh or chilled (indigenous)",2020,102025
Viet Nam,"Meat of goat, fresh or chilled (indigenous)",2021,101029
Viet Nam,"Meat of pig with the bone, fresh or chilled (indigenous)",2019,6367742
Viet Nam,"Meat of pig with the bone, fresh or chilled (indigenous)",2020,6221208
Viet Nam,"Meat of pig with the bone, fresh or chilled (indigenous)",2021,6609994
Viet Nam,Millet,2019,5653
Viet Nam,Millet,2020,2975
Viet Nam,Millet,2021,2976
Viet Nam,Mushrooms and truffles,2019,42702
Viet Nam,Mushrooms and truffles,2020,43359
Viet Nam,Mushrooms and truffles,2021,44910
Viet Nam,Natural honey,2019,153951
Viet Nam,Natural honey,2020,151504
Viet Nam,Natural honey,2021,152822
Viet Nam,Natural rubber in primary forms,2019,1544738
Viet Nam,Natural rubber in primary forms,2020,1601717
Viet Nam,Natural rubber in primary forms,2021,1661690
Viet Nam,"Onions and shallots, dry (excluding dehydrated)",2019,185493
Viet Nam,"Onions and shallots, dry (excluding dehydrated)",2020,188871
Viet Nam,"Onions and shallots, dry (excluding dehydrated)",2021,185402
Viet Nam,Oranges,2019,948487
Viet Nam,Oranges,2020,1082352
Viet Nam,Oranges,2021,1479312
Viet Nam,Other berries and fruits of the genus vaccinium n.e.c.,2019,203794
Viet Nam,Other berries and fruits of the genus vaccinium n.e.c.,2020,203774
Viet Nam,Other berries and fruits of the genus vaccinium n.e.c.,2021,202667
Viet Nam,"Other nuts (excluding wild edible nuts and groundnuts), in shell, n.e.c.",2019,8073
Viet Nam,"Other nuts (excluding wild edible nuts and groundnuts), in shell, n.e.c.",2020,7923
Viet Nam,"Other nuts (excluding wild edible nuts and groundnuts), in shell, n.e.c.",2021,8164
Viet Nam,Other pulses n.e.c.,2019,166786
Viet Nam,Other pulses n.e.c.,2020,166237
Viet Nam,Other pulses n.e.c.,2021,168296
Viet Nam,"Pepper (Piper spp.), raw",2019,2103257
Viet Nam,"Pepper (Piper spp.), raw",2020,2080448
Viet Nam,"Pepper (Piper spp.), raw",2021,2189744
Viet Nam,Pineapples,2019,259766
Viet Nam,Pineapples,2020,261296
Viet Nam,Pineapples,2021,265651
Viet Nam,Pomelos and grapefruits,2019,589537
Viet Nam,Pomelos and grapefruits,2020,670946
Viet Nam,Pomelos and grapefruits,2021,746721
Viet Nam,Potatoes,2019,178677
Viet Nam,Potatoes,2020,157454
Viet Nam,Potatoes,2021,173299
Viet Nam,Raw milk of cattle,2019,2085310
Viet Nam,Raw milk of cattle,2020,2218968
Viet Nam,Raw milk of cattle,2021,2264424
Viet Nam,Rice,2019,12773379
Viet Nam,Rice,2020,12558855
Viet Nam,Rice,2021,12878290
Viet Nam,Sesame seed,2019,50110
Viet Nam,Sesame seed,2020,57911
Viet Nam,Sesame seed,2021,49240
Viet Nam,Soya beans,2019,64347
Viet Nam,Soya beans,2020,54471
Viet Nam,Soya beans,2021,49252
Viet Nam,Sugar cane,2019,702864
Viet Nam,Sugar cane,2020,516859
Viet Nam,Sugar cane,2021,481293
Viet Nam,Sweet potatoes,2019,489629
Viet Nam,Sweet potatoes,2020,471179
Viet Nam,Sweet potatoes,2021,421072
Viet Nam,Tea leaves,2019,350309
Viet Nam,Tea leaves,2020,366617
Viet Nam,Tea leaves,2021,375595
Viet Nam,Unmanufactured tobacco,2019,62934
Viet Nam,Unmanufactured tobacco,2020,61364
Viet Nam,Unmanufactured tobacco,2021,64698
Viet Nam,Watermelons,2019,372885
Viet Nam,Watermelons,2020,398068
Viet Nam,Watermelons,2021,331377
"Yemen, Rep.",Apples,2019,33656
"Yemen, Rep.",Apples,2020,34588
"Yemen, Rep.",Apples,2021,49569
"Yemen, Rep.",Apricots,2019,2938
"Yemen, Rep.",Apricots,2020,3094
"Yemen, Rep.",Apricots,2021,3012
"Yemen, Rep.",Bananas,2019,69914
"Yemen, Rep.",Bananas,2020,74179
"Yemen, Rep.",Bananas,2021,79438
"Yemen, Rep.",Barley,2019,18374
"Yemen, Rep.",Barley,2020,25061
"Yemen, Rep.",Barley,2021,28403
"Yemen, Rep.","Beans, dry",2019,2542
"Yemen, Rep.","Beans, dry",2020,2578
"Yemen, Rep.","Beans, dry",2021,2744
"Yemen, Rep.","Broad beans and horse beans, dry",2019,8696
"Yemen, Rep.","Broad beans and horse beans, dry",2020,8237
"Yemen, Rep.","Broad beans and horse beans, dry",2021,8970
"Yemen, Rep.",Cantaloupes and other melons,2019,23558
"Yemen, Rep.",Cantaloupes and other melons,2020,24018
"Yemen, Rep.",Cantaloupes and other melons,2021,28823
"Yemen, Rep.",Carrots and turnips,2019,13248
"Yemen, Rep.",Carrots and turnips,2020,13481
"Yemen, Rep.",Carrots and turnips,2021,12526
"Yemen, Rep.","Chick peas, dry",2019,33629
"Yemen, Rep.","Chick peas, dry",2020,36057
"Yemen, Rep.","Chick peas, dry",2021,34438
"Yemen, Rep.","Chillies and peppers, green (Capsicum spp. and Pimenta spp.)",2019,21023
"Yemen, Rep.","Chillies and peppers, green (Capsicum spp. and Pimenta spp.)",2020,21322
"Yemen, Rep.","Chillies and peppers, green (Capsicum spp. and Pimenta spp.)",2021,25269
"Yemen, Rep.","Coffee, green",2019,160055
"Yemen, Rep.","Coffee, green",2020,164908
"Yemen, Rep.","Coffee, green",2021,322490
"Yemen, Rep.",Dates,2019,58185
"Yemen, Rep.",Dates,2020,58145
"Yemen, Rep.",Dates,2021,59779
"Yemen, Rep.",Grapes,2019,176533
"Yemen, Rep.",Grapes,2020,179648
"Yemen, Rep.",Grapes,2021,191536
"Yemen, Rep.","Hen eggs in shell, fresh",2019,164609
"Yemen, Rep.","Hen eggs in shell, fresh",2020,172839
"Yemen, Rep.","Hen eggs in shell, fresh",2021,181427
"Yemen, Rep.",Lemons and limes,2019,49720
"Yemen, Rep.",Lemons and limes,2020,49807
"Yemen, Rep.",Lemons and limes,2021,60112
"Yemen, Rep.","Lentils, dry",2019,14617
"Yemen, Rep.","Lentils, dry",2020,19463
"Yemen, Rep.","Lentils, dry",2021,23827
"Yemen, Rep.",Maize (corn),2019,36984
"Yemen, Rep.",Maize (corn),2020,65986
"Yemen, Rep.",Maize (corn),2021,72279
"Yemen, Rep.","Mangoes, guavas and mangosteens",2019,200717
"Yemen, Rep.","Mangoes, guavas and mangosteens",2020,197959
"Yemen, Rep.","Mangoes, guavas and mangosteens",2021,222537
"Yemen, Rep.","Meat of camels, fresh or chilled (indigenous)",2019,9672
"Yemen, Rep.","Meat of camels, fresh or chilled (indigenous)",2020,11302
"Yemen, Rep.","Meat of camels, fresh or chilled (indigenous)",2021,10589
"Yemen, Rep.","Meat of cattle with the bone, fresh or chilled (indigenous)",2019,435368
"Yemen, Rep.","Meat of cattle with the bone, fresh or chilled (indigenous)",2020,449963
"Yemen, Rep.","Meat of cattle with the bone, fresh or chilled (indigenous)",2021,510461
"Yemen, Rep.","Meat of chickens, fresh or chilled (indigenous)",2019,739973
"Yemen, Rep.","Meat of chickens, fresh or chilled (indigenous)",2020,781847
"Yemen, Rep.","Meat of chickens, fresh or chilled (indigenous)",2021,804577
"Yemen, Rep.","Meat of goat, fresh or chilled (indigenous)",2019,673888
"Yemen, Rep.","Meat of goat, fresh or chilled (indigenous)",2020,744132
"Yemen, Rep.","Meat of goat, fresh or chilled (indigenous)",2021,745562
"Yemen, Rep.","Meat of sheep, fresh or chilled (indigenous)",2019,545864
"Yemen, Rep.","Meat of sheep, fresh or chilled (indigenous)",2020,599638
"Yemen, Rep.","Meat of sheep, fresh or chilled (indigenous)",2021,591823
"Yemen, Rep.",Millet,2019,38305
"Yemen, Rep.",Millet,2020,30405
"Yemen, Rep.",Millet,2021,36347
"Yemen, Rep.",Natural honey,2019,94148
"Yemen, Rep.",Natural honey,2020,95708
"Yemen, Rep.",Natural honey,2021,97874
"Yemen, Rep.",Okra,2019,32968
"Yemen, Rep.",Okra,2020,32456
"Yemen, Rep.",Okra,2021,41488
"Yemen, Rep.","Onions and shallots, dry (excluding dehydrated)",2019,148982
"Yemen, Rep.","Onions and shallots, dry (excluding dehydrated)",2020,148404
"Yemen, Rep.","Onions and shallots, dry (excluding dehydrated)",2021,161438
"Yemen, Rep.",Oranges,2019,181015
"Yemen, Rep.",Oranges,2020,182074
"Yemen, Rep.",Oranges,2021,197075
"Yemen, Rep.","Other fruits, n.e.c.",2019,103365
"Yemen, Rep.","Other fruits, n.e.c.",2020,42256
"Yemen, Rep.","Other fruits, n.e.c.",2021,53876
"Yemen, Rep.",Other pulses n.e.c.,2019,14577
"Yemen, Rep.",Other pulses n.e.c.,2020,14571
"Yemen, Rep.",Other pulses n.e.c.,2021,14709
"Yemen, Rep.","Other vegetables, fresh n.e.c.",2019,18536
"Yemen, Rep.","Other vegetables, fresh n.e.c.",2020,29113
"Yemen, Rep.","Other vegetables, fresh n.e.c.",2021,37013
"Yemen, Rep.",Papayas,2019,8454
"Yemen, Rep.",Papayas,2020,8572
"Yemen, Rep.",Papayas,2021,9444
"Yemen, Rep.",Peaches and nectarines,2019,20223
"Yemen, Rep.",Peaches and nectarines,2020,22436
"Yemen, Rep.",Peaches and nectarines,2021,24428
"Yemen, Rep.","Peas, dry",2019,4178
"Yemen, Rep.","Peas, dry",2020,4886
"Yemen, Rep.","Peas, dry",2021,5192
"Yemen, Rep.",Potatoes,2019,145627
"Yemen, Rep.",Potatoes,2020,151578
"Yemen, Rep.",Potatoes,2021,217066
"Yemen, Rep.",Raw milk of camel,2019,6745
"Yemen, Rep.",Raw milk of camel,2020,7082
"Yemen, Rep.",Raw milk of camel,2021,7436
"Yemen, Rep.",Raw milk of cattle,2019,299077
"Yemen, Rep.",Raw milk of cattle,2020,314031
"Yemen, Rep.",Raw milk of cattle,2021,329732
"Yemen, Rep.",Raw milk of goats,2019,157524
"Yemen, Rep.",Raw milk of goats,2020,165400
"Yemen, Rep.",Raw milk of goats,2021,173670
"Yemen, Rep.",Raw milk of sheep,2019,93029
"Yemen, Rep.",Raw milk of sheep,2020,97680
"Yemen, Rep.",Raw milk of sheep,2021,102564
"Yemen, Rep.","Seed cotton, unginned",2019,2493
"Yemen, Rep.","Seed cotton, unginned",2020,594
"Yemen, Rep.","Seed cotton, unginned",2021,799
"Yemen, Rep.",Sesame seed,2019,42376
"Yemen, Rep.",Sesame seed,2020,42731
"Yemen, Rep.",Sesame seed,2021,38350
"Yemen, Rep.","Shorn wool, greasy, including fleece-washed shorn wool",2019,35143
"Yemen, Rep.","Shorn wool, greasy, including fleece-washed shorn wool",2020,35819
"Yemen, Rep.","Shorn wool, greasy, including fleece-washed shorn wool",2021,35137
"Yemen, Rep.",Sorghum,2019,173787
"Yemen, Rep.",Sorghum,2020,120494
"Yemen, Rep.",Sorghum,2021,149028
"Yemen, Rep.","Tangerines, mandarins, clementines",2019,28475
"Yemen, Rep.","Tangerines, mandarins, clementines",2020,28875
"Yemen, Rep.","Tangerines, mandarins, clementines",2021,32968
"Yemen, Rep.",Tomatoes,2019,81148
"Yemen, Rep.",Tomatoes,2020,89755
"Yemen, Rep.",Tomatoes,2021,115435
"Yemen, Rep.",Unmanufactured tobacco,2019,58301
"Yemen, Rep.",Unmanufactured tobacco,2020,58301
"Yemen, Rep.",Unmanufactured tobacco,2021,80832
"Yemen, Rep.",Watermelons,2019,103134
"Yemen, Rep.",Watermelons,2020,104777
"Yemen, Rep.",Watermelons,2021,148287
"Yemen, Rep.",Wheat,2019,79117
"Yemen, Rep.",Wheat,2020,102511
"Yemen, Rep.",Wheat,2021,91427
Zambia,Bananas,2019,525
Zambia,Bananas,2020,525
Zambia,Bananas,2021,518
Zambia,"Cassava, fresh",2019,2779710
Zambia,"Cassava, fresh",2020,2550027
Zambia,"Cassava, fresh",2021,2616897
Zambia,"Groundnuts, excluding shelled",2019,55321
Zambia,"Groundnuts, excluding shelled",2020,53777
Zambia,"Groundnuts, excluding shelled",2021,74141
Zambia,"Hen eggs in shell, fresh",2019,169841
Zambia,"Hen eggs in shell, fresh",2020,171278
Zambia,"Hen eggs in shell, fresh",2021,171470
Zambia,Maize (corn),2019,318414
Zambia,Maize (corn),2020,538128
Zambia,Maize (corn),2021,575106
Zambia,"Meat of cattle with the bone, fresh or chilled (indigenous)",2019,709875
Zambia,"Meat of cattle with the bone, fresh or chilled (indigenous)",2020,677188
Zambia,"Meat of cattle with the bone, fresh or chilled (indigenous)",2021,714591
Zambia,"Meat of chickens, fresh or chilled (indigenous)",2019,118306
Zambia,"Meat of chickens, fresh or chilled (indigenous)",2020,119626
Zambia,"Meat of chickens, fresh or chilled (indigenous)",2021,121471
Zambia,"Meat of goat, fresh or chilled (indigenous)",2019,48973
Zambia,"Meat of goat, fresh or chilled (indigenous)",2020,50007
Zambia,"Meat of goat, fresh or chilled (indigenous)",2021,52344
Zambia,"Meat of pig with the bone, fresh or chilled (indigenous)",2019,137833
Zambia,"Meat of pig with the bone, fresh or chilled (indigenous)",2020,117067
Zambia,"Meat of pig with the bone, fresh or chilled (indigenous)",2021,118839
Zambia,Millet,2019,13651
Zambia,Millet,2020,24730
Zambia,Millet,2021,19069
Zambia,"Onions and shallots, dry (excluding dehydrated)",2019,45243
Zambia,"Onions and shallots, dry (excluding dehydrated)",2020,45328
Zambia,"Onions and shallots, dry (excluding dehydrated)",2021,45493
Zambia,Oranges,2019,4689
Zambia,Oranges,2020,4656
Zambia,Oranges,2021,4657
Zambia,Other pulses n.e.c.,2019,20486
Zambia,Other pulses n.e.c.,2020,20698
Zambia,Other pulses n.e.c.,2021,21479
Zambia,Potatoes,2019,27620
Zambia,Potatoes,2020,56955
Zambia,Potatoes,2021,44406
Zambia,Raw milk of cattle,2019,563088
Zambia,Raw milk of cattle,2020,549691
Zambia,Raw milk of cattle,2021,581561
Zambia,Rice,2019,37864
Zambia,Rice,2020,44322
Zambia,Rice,2021,84313
Zambia,Sorghum,2019,5050
Zambia,Sorghum,2020,15118
Zambia,Sorghum,2021,13881
Zambia,Soya beans,2019,46342
Zambia,Soya beans,2020,48891
Zambia,Soya beans,2021,67707
Zambia,Sweet potatoes,2019,40302
Zambia,Sweet potatoes,2020,53339
Zambia,Sweet potatoes,2021,78721
Zambia,Tomatoes,2019,18672
Zambia,Tomatoes,2020,18692
Zambia,Tomatoes,2021,18691
Zimbabwe,Apples,2019,7160
Zimbabwe,Apples,2020,8012
Zimbabwe,Apples,2021,7431
Zimbabwe,Avocados,2019,59964
Zimbabwe,Avocados,2020,84764
Zimbabwe,Avocados,2021,94026
Zimbabwe,Bananas,2019,151047
Zimbabwe,Bananas,2020,162435
Zimbabwe,Bananas,2021,178396
Zimbabwe,"Beans, dry",2019,7146
Zimbabwe,"Beans, dry",2020,17718
Zimbabwe,"Beans, dry",2021,24794
Zimbabwe,Cabbages,2019,280066
Zimbabwe,Cabbages,2020,366507
Zimbabwe,Cabbages,2021,357425
Zimbabwe,Cantaloupes and other melons,2019,428
Zimbabwe,Cantaloupes and other melons,2020,431
Zimbabwe,Cantaloupes and other melons,2021,436
Zimbabwe,Carrots and turnips,2019,75059
Zimbabwe,Carrots and turnips,2020,52232
Zimbabwe,Carrots and turnips,2021,34779
Zimbabwe,Cereals n.e.c.,2019,806
Zimbabwe,Cereals n.e.c.,2020,805
Zimbabwe,Cereals n.e.c.,2021,811
Zimbabwe,"Chillies and peppers, green (Capsicum spp. and Pimenta spp.)",2019,57144
Zimbabwe,"Chillies and peppers, green (Capsicum spp. and Pimenta spp.)",2020,70635
Zimbabwe,"Chillies and peppers, green (Capsicum spp. and Pimenta spp.)",2021,83315
Zimbabwe,"Cow peas, dry",2019,4885
Zimbabwe,"Cow peas, dry",2020,6143
Zimbabwe,"Cow peas, dry",2021,12817
Zimbabwe,Cucumbers and gherkins,2019,17843
Zimbabwe,Cucumbers and gherkins,2020,27889
Zimbabwe,Cucumbers and gherkins,2021,8714
Zimbabwe,Grapes,2019,13795
Zimbabwe,Grapes,2020,13975
Zimbabwe,Grapes,2021,13797
Zimbabwe,Green corn (maize),2019,1162
Zimbabwe,Green corn (maize),2020,1172
Zimbabwe,Green corn (maize),2021,1186
Zimbabwe,Green garlic,2019,4711
Zimbabwe,Green garlic,2020,6498
Zimbabwe,Green garlic,2021,8281
Zimbabwe,"Groundnuts, excluding shelled",2019,25335
Zimbabwe,"Groundnuts, excluding shelled",2020,35921
Zimbabwe,"Groundnuts, excluding shelled",2021,40837
Zimbabwe,Lettuce and chicory,2019,176
Zimbabwe,Lettuce and chicory,2020,176
Zimbabwe,Lettuce and chicory,2021,177
Zimbabwe,Maize (corn),2019,281211
Zimbabwe,Maize (corn),2020,436853
Zimbabwe,Maize (corn),2021,533978
Zimbabwe,"Mangoes, guavas and mangosteens",2019,104020
Zimbabwe,"Mangoes, guavas and mangosteens",2020,116713
Zimbabwe,"Mangoes, guavas and mangosteens",2021,129168
Zimbabwe,Millet,2019,9047
Zimbabwe,Millet,2020,13457
Zimbabwe,Millet,2021,14010
Zimbabwe,"Onions and shallots, dry (excluding dehydrated)",2019,117047
Zimbabwe,"Onions and shallots, dry (excluding dehydrated)",2020,119129
Zimbabwe,"Onions and shallots, dry (excluding dehydrated)",2021,144840
Zimbabwe,Oranges,2019,66323
Zimbabwe,Oranges,2020,75582
Zimbabwe,Oranges,2021,77805
Zimbabwe,"Other beans, green",2019,3985
Zimbabwe,"Other beans, green",2020,4120
Zimbabwe,"Other beans, green",2021,4046
Zimbabwe,Other pulses n.e.c.,2019,1832
Zimbabwe,Other pulses n.e.c.,2020,1806
Zimbabwe,Other pulses n.e.c.,2021,1815
Zimbabwe,"Other vegetables, fresh n.e.c.",2019,472667
Zimbabwe,"Other vegetables, fresh n.e.c.",2020,396317
Zimbabwe,"Other vegetables, fresh n.e.c.",2021,389288
Zimbabwe,Pears,2019,6261
Zimbabwe,Pears,2020,6959
Zimbabwe,Pears,2021,8383
Zimbabwe,"Peas, green",2019,764
Zimbabwe,"Peas, green",2020,3420
Zimbabwe,"Peas, green",2021,6847
Zimbabwe,Pineapples,2019,12057
Zimbabwe,Pineapples,2020,16762
Zimbabwe,Pineapples,2021,17053
Zimbabwe,Plums and sloes,2019,877
Zimbabwe,Plums and sloes,2020,892
Zimbabwe,Plums and sloes,2021,877
Zimbabwe,Potatoes,2019,256119
Zimbabwe,Potatoes,2020,371969
Zimbabwe,Potatoes,2021,281037
Zimbabwe,Raw milk of cattle,2019,184338
Zimbabwe,Raw milk of cattle,2020,188754
Zimbabwe,Raw milk of cattle,2021,196275
Zimbabwe,"Seed cotton, unginned",2019,34529
Zimbabwe,"Seed cotton, unginned",2020,52451
Zimbabwe,"Seed cotton, unginned",2021,76650
Zimbabwe,Sorghum,2019,20547
Zimbabwe,Sorghum,2020,44347
Zimbabwe,Sorghum,2021,39961
Zimbabwe,Soya beans,2019,12827
Zimbabwe,Soya beans,2020,33209
Zimbabwe,Soya beans,2021,30285
Zimbabwe,Sugar cane,2019,3020532
Zimbabwe,Sugar cane,2020,3182486
Zimbabwe,Sugar cane,2021,3196384
Zimbabwe,Sunflower seed,2019,2136
Zimbabwe,Sunflower seed,2020,3869
Zimbabwe,Sunflower seed,2021,2523
Zimbabwe,Sweet potatoes,2019,29784
Zimbabwe,Sweet potatoes,2020,38663
Zimbabwe,Sweet potatoes,2021,142632
Zimbabwe,Tomatoes,2019,189890
Zimbabwe,Tomatoes,2020,329186
Zimbabwe,Tomatoes,2021,220468
Zimbabwe,Unmanufactured tobacco,2019,529756
Zimbabwe,Unmanufactured tobacco,2020,584011
Zimbabwe,Unmanufactured tobacco,2021,466002
Zimbabwe,Wheat,2019,46269
Zimbabwe,Wheat,2020,103856
Zimbabwe,Wheat,2021,164784
