country,product,date,gross_production_value
Albania,Apples,2022,43017
Albania,Apples,2023,40373
Albania,Apples,2024,41693
Albania,Apricots,2022,4101
Albania,Apricots,2023,4159
Albania,Apricots,2024,4428
Albania,Barley,2022,6924
Albania,Barley,2023,7712
Albania,Barley,2024,8664
Albania,"Beans, dry",2022,39621
Albania,"Beans, dry",2023,42418
Albania,"Beans, dry",2024,44351
Albania,"Broad beans and horse beans, dry",2022,194
Albania,"Broad beans and horse beans, dry",2023,194
Albania,"Broad beans and horse beans, dry",2024,194
Albania,"Broad beans and horse beans, green",2022,105
Albania,"Broad beans and horse beans, green",2023,104
Albania,"Broad beans and horse beans, green",2024,104
Albania,Cabbages,2022,16331
Albania,Cabbages,2023,16823
Albania,Cabbages,2024,16827
Albania,Cantaloupes and other melons,2022,22396
Albania,Cantaloupes and other melons,2023,20666
Albania,Cantaloupes and other melons,2024,27281
Albania,Carrots and turnips,2022,3882
Albania,Carrots and turnips,2023,6561
Albania,Carrots and turnips,2024,7578
Albania,Cauliflowers and broccoli,2022,6172
Albania,Cauliflowers and broccoli,2023,5929
Albania,Cauliflowers and broccoli,2024,6790
Albania,Cherries,2022,26588
Albania,Cherries,2023,21500
Albania,Cherries,2024,24524
Albania,"Chestnuts, in shell",2022,8155
Albania,"Chestnuts, in shell",2023,8590
Albania,"Chestnuts, in shell",2024,7754
Albania,"Chillies and peppers, green (Capsicum spp. and Pimenta spp.)",2022,29064
Albania,"Chillies and peppers, green (Capsicum spp. and Pimenta spp.)",2023,31450
Albania,"Chillies and peppers, green (Capsicum spp. and Pimenta spp.)",2024,34675
Albania,Cucumbers and gherkins,2022,71016
Albania,Cucumbers and gherkins,2023,70441
Albania,Cucumbers and gherkins,2024,72399
Albania,Dates,2022,4950
Albania,Dates,2023,4966
Albania,Dates,2024,5087
Albania,Eggplants (aubergines),2022,18673
Albania,Eggplants (aubergines),2023,18308
Albania,Eggplants (aubergines),2024,20308
Albania,Figs,2022,16420
Albania,Figs,2023,16341
Albania,Figs,2024,15809
Albania,Grapes,2022,143220
Albania,Grapes,2023,118125
Albania,Grapes,2024,120568
Albania,Green garlic,2022,28779
Albania,Green garlic,2023,25106
Albania,Green garlic,2024,27326
Albania,"Hen eggs in shell, fresh",2022,149231
Albania,"Hen eggs in shell, fresh",2023,129831
Albania,"Hen eggs in shell, fresh",2024,143603
Albania,Hop cones,2022,17061
Albania,Hop cones,2023,17207
Albania,Hop cones,2024,17066
Albania,Leeks and other alliaceous vegetables,2022,10590
Albania,Leeks and other alliaceous vegetables,2023,12548
Albania,Leeks and other alliaceous vegetables,2024,12826
Albania,Lemons and limes,2022,3854
Albania,Lemons and limes,2023,4025
Albania,Lemons and limes,2024,4269
Albania,Lettuce and chicory,2022,19870
Albania,Lettuce and chicory,2023,13595
Albania,Lettuce and chicory,2024,12805
Albania,Maize (corn),2022,125496
Albania,Maize (corn),2023,127902
Albania,Maize (corn),2024,128315
Albania,"Meat of cattle with the bone, fresh or chilled (indigenous)",2022,150030
Albania,"Meat of cattle with the bone, fresh or chilled (indigenous)",2023,155656
Albania,"Meat of cattle with the bone, fresh or chilled (indigenous)",2024,136344
Albania,"Meat of chickens, fresh or chilled (indigenous)",2022,12267
Albania,"Meat of chickens, fresh or chilled (indigenous)",2023,18242
Albania,"Meat of chickens, fresh or chilled (indigenous)",2024,4243
Albania,"Meat of goat, fresh or chilled (indigenous)",2022,32213
Albania,"Meat of goat, fresh or chilled (indigenous)",2023,31315
Albania,"Meat of goat, fresh or chilled (indigenous)",2024,29556
Albania,"Meat of pig with the bone, fresh or chilled (indigenous)",2022,1495
Albania,"Meat of pig with the bone, fresh or chilled (indigenous)",2023,0
Albania,"Meat of pig with the bone, fresh or chilled (indigenous)",2024,0
Albania,"Meat of sheep, fresh or chilled (indigenous)",2022,74992
Albania,"Meat of sheep, fresh or chilled (indigenous)",2023,67664
Albania,"Meat of sheep, fresh or chilled (indigenous)",2024,64725
Albania,"Meat of turkeys, fresh or chilled (indigenous)",2022,49
Albania,"Meat of turkeys, fresh or chilled (indigenous)",2023,6325
Albania,"Meat of turkeys, fresh or chilled (indigenous)",2024,6122
Albania,Mushrooms and truffles,2022,371
Albania,Mushrooms and truffles,2023,371
Albania,Mushrooms and truffles,2024,371
Albania,Natural honey,2022,61966
Albania,Natural honey,2023,64756
Albania,Natural honey,2024,68283
Albania,Oats,2022,11617
Albania,Oats,2023,11708
Albania,Oats,2024,10867
Albania,Okra,2022,3712
Albania,Okra,2023,3725
Albania,Okra,2024,3726
Albania,Olives,2022,240903
Albania,Olives,2023,179662
Albania,Olives,2024,224125
Albania,"Onions and shallots, dry (excluding dehydrated)",2022,37086
Albania,"Onions and shallots, dry (excluding dehydrated)",2023,39877
Albania,"Onions and shallots, dry (excluding dehydrated)",2024,38932
Albania,"Onions and shallots, green",2022,26770
Albania,"Onions and shallots, green",2023,25012
Albania,"Onions and shallots, green",2024,25957
Albania,Oranges,2022,5983
Albania,Oranges,2023,6126
Albania,Oranges,2024,6433
Albania,"Other beans, green",2022,9505
Albania,"Other beans, green",2023,10576
Albania,"Other beans, green",2024,9127
Albania,"Other fruits, n.e.c.",2022,2614
Albania,"Other fruits, n.e.c.",2023,3151
Albania,"Other fruits, n.e.c.",2024,3460
Albania,"Other nuts (excluding wild edible nuts and groundnuts), in shell, n.e.c.",2022,37529
Albania,"Other nuts (excluding wild edible nuts and groundnuts), in shell, n.e.c.",2023,41019
Albania,"Other nuts (excluding wild edible nuts and groundnuts), in shell, n.e.c.",2024,40629
Albania,Other pulses n.e.c.,2022,926
Albania,Other pulses n.e.c.,2023,932
Albania,Other pulses n.e.c.,2024,928
Albania,"Other stimulant, spice and aromatic crops, n.e.c.",2022,547
Albania,"Other stimulant, spice and aromatic crops, n.e.c.",2023,552
Albania,"Other stimulant, spice and aromatic crops, n.e.c.",2024,557
Albania,"Other vegetables, fresh n.e.c.",2022,22696
Albania,"Other vegetables, fresh n.e.c.",2023,18900
Albania,"Other vegetables, fresh n.e.c.",2024,21011
Albania,Peaches and nectarines,2022,14659
Albania,Peaches and nectarines,2023,14962
Albania,Peaches and nectarines,2024,16407
Albania,Pears,2022,11236
Albania,Pears,2023,11076
Albania,Pears,2024,11660
Albania,"Peas, green",2022,5850
Albania,"Peas, green",2023,4759
Albania,"Peas, green",2024,4611
Albania,Plums and sloes,2022,17202
Albania,Plums and sloes,2023,15181
Albania,Plums and sloes,2024,15317
Albania,Potatoes,2022,78291
Albania,Potatoes,2023,81723
Albania,Potatoes,2024,82806
Albania,"Pumpkins, squash and gourds",2022,13714
Albania,"Pumpkins, squash and gourds",2023,12567
Albania,"Pumpkins, squash and gourds",2024,14850
Albania,Quinces,2022,3640
Albania,Quinces,2023,3470
Albania,Quinces,2024,3520
Albania,Raw milk of cattle,2022,323455
Albania,Raw milk of cattle,2023,300088
Albania,Raw milk of cattle,2024,283485
Albania,Raw milk of goats,2022,36416
Albania,Raw milk of goats,2023,33805
Albania,Raw milk of goats,2024,31454
Albania,Raw milk of sheep,2022,43219
Albania,Raw milk of sheep,2023,40375
Albania,Raw milk of sheep,2024,39028
Albania,Rye,2022,1275
Albania,Rye,2023,1233
Albania,Rye,2024,1198
Albania,"Seed cotton, unginned",2022,872
Albania,"Seed cotton, unginned",2023,877
Albania,"Seed cotton, unginned",2024,875
Albania,"Shorn wool, greasy, including fleece-washed shorn wool",2022,1020
Albania,"Shorn wool, greasy, including fleece-washed shorn wool",2023,983
Albania,"Shorn wool, greasy, including fleece-washed shorn wool",2024,974
Albania,Sour cherries,2022,10991
Albania,Sour cherries,2023,10939
Albania,Sour cherries,2024,10949
Albania,Soya beans,2022,520
Albania,Soya beans,2023,394
Albania,Soya beans,2024,617
Albania,Spinach,2022,15404
Albania,Spinach,2023,13612
Albania,Spinach,2024,13261
Albania,Sugar beet,2022,955
Albania,Sugar beet,2023,919
Albania,Sugar beet,2024,798
Albania,Sunflower seed,2022,815
Albania,Sunflower seed,2023,795
Albania,Sunflower seed,2024,1199
Albania,"Tangerines, mandarins, clementines",2022,17864
Albania,"Tangerines, mandarins, clementines",2023,18312
Albania,"Tangerines, mandarins, clementines",2024,18990
Albania,Tomatoes,2022,152298
Albania,Tomatoes,2023,149536
Albania,Tomatoes,2024,148940
Albania,Unmanufactured tobacco,2022,4124
Albania,Unmanufactured tobacco,2023,3946
Albania,Unmanufactured tobacco,2024,4283
Albania,Vetches,2022,1190
Albania,Vetches,2023,1192
Albania,Vetches,2024,1195
Albania,Watermelons,2022,50474
Albania,Watermelons,2023,55300
Albania,Watermelons,2024,54658
Albania,Wheat,2022,74515
Albania,Wheat,2023,74656
Albania,Wheat,2024,57789
Algeria,"Almonds, in shell",2022,119750
Algeria,"Almonds, in shell",2023,132111
Algeria,"Almonds, in shell",2024,129795
Algeria,Apples,2022,858670
Algeria,Apples,2023,905522
Algeria,Apples,2024,921207
Algeria,Apricots,2022,105048
Algeria,Apricots,2023,98984
Algeria,Apricots,2024,93028
Algeria,Artichokes,2022,35537
Algeria,Artichokes,2023,39858
Algeria,Artichokes,2024,39318
Algeria,Barley,2022,262322
Algeria,Barley,2023,222974
Algeria,Barley,2024,262322
Algeria,"Beans, dry",2022,1481
Algeria,"Beans, dry",2023,1134
Algeria,"Beans, dry",2024,1203
Algeria,"Broad beans and horse beans, dry",2022,16560
Algeria,"Broad beans and horse beans, dry",2023,18850
Algeria,"Broad beans and horse beans, dry",2024,18987
Algeria,"Broad beans and horse beans, green",2022,188748
Algeria,"Broad beans and horse beans, green",2023,204767
Algeria,"Broad beans and horse beans, green",2024,202595
Algeria,Cabbages,2022,72051
Algeria,Cabbages,2023,66740
Algeria,Cabbages,2024,70369
Algeria,Carrots and turnips,2022,176144
Algeria,Carrots and turnips,2023,181350
Algeria,Carrots and turnips,2024,178746
Algeria,Cauliflowers and broccoli,2022,145778
Algeria,Cauliflowers and broccoli,2023,155378
Algeria,Cauliflowers and broccoli,2024,163422
Algeria,Cherries,2022,15103
Algeria,Cherries,2023,15667
Algeria,Cherries,2024,16415
Algeria,"Chick peas, dry",2022,28628
Algeria,"Chick peas, dry",2023,29753
Algeria,"Chick peas, dry",2024,30630
Algeria,"Chillies and peppers, dry (Capsicum spp., Pimenta spp.), raw",2022,12865
Algeria,"Chillies and peppers, dry (Capsicum spp., Pimenta spp.), raw",2023,12867
Algeria,"Chillies and peppers, dry (Capsicum spp., Pimenta spp.), raw",2024,12858
Algeria,"Chillies and peppers, green (Capsicum spp. and Pimenta spp.)",2022,382681
Algeria,"Chillies and peppers, green (Capsicum spp. and Pimenta spp.)",2023,522925
Algeria,"Chillies and peppers, green (Capsicum spp. and Pimenta spp.)",2024,517063
Algeria,Cucumbers and gherkins,2022,44716
Algeria,Cucumbers and gherkins,2023,46669
Algeria,Cucumbers and gherkins,2024,45369
Algeria,Dates,2022,4823701
Algeria,Dates,2023,5143563
Algeria,Dates,2024,5192560
Algeria,Eggplants (aubergines),2022,34331
Algeria,Eggplants (aubergines),2023,36365
Algeria,Eggplants (aubergines),2024,36886
Algeria,Figs,2022,23247
Algeria,Figs,2023,24591
Algeria,Figs,2024,23816
Algeria,Grapes,2022,861376
Algeria,Grapes,2023,865370
Algeria,Grapes,2024,852114
Algeria,Green garlic,2022,538852
Algeria,Green garlic,2023,578453
Algeria,Green garlic,2024,629721
Algeria,"Groundnuts, excluding shelled",2022,16683
Algeria,"Groundnuts, excluding shelled",2023,17747
Algeria,"Groundnuts, excluding shelled",2024,18694
Algeria,"Hen eggs in shell, fresh",2022,599902
Algeria,"Hen eggs in shell, fresh",2023,593385
Algeria,"Hen eggs in shell, fresh",2024,598113
Algeria,"Horse meat, fresh or chilled (indigenous)",2022,1
Algeria,"Horse meat, fresh or chilled (indigenous)",2023,1
Algeria,"Horse meat, fresh or chilled (indigenous)",2024,56
Algeria,Lemons and limes,2022,103501
Algeria,Lemons and limes,2023,107533
Algeria,Lemons and limes,2024,107873
Algeria,"Lentils, dry",2022,2667
Algeria,"Lentils, dry",2023,7076
Algeria,"Lentils, dry",2024,5066
Algeria,Locust beans (carobs),2022,272
Algeria,Locust beans (carobs),2023,275
Algeria,Locust beans (carobs),2024,276
Algeria,Maize (corn),2022,2998
Algeria,Maize (corn),2023,3270
Algeria,Maize (corn),2024,3270
Algeria,"Meat of camels, fresh or chilled (indigenous)",2022,88964
Algeria,"Meat of camels, fresh or chilled (indigenous)",2023,93418
Algeria,"Meat of camels, fresh or chilled (indigenous)",2024,96658
Algeria,"Meat of cattle with the bone, fresh or chilled (indigenous)",2022,947890
Algeria,"Meat of cattle with the bone, fresh or chilled (indigenous)",2023,1040376
Algeria,"Meat of cattle with the bone, fresh or chilled (indigenous)",2024,1085751
Algeria,"Meat of chickens, fresh or chilled (indigenous)",2022,1108101
Algeria,"Meat of chickens, fresh or chilled (indigenous)",2023,1149757
Algeria,"Meat of chickens, fresh or chilled (indigenous)",2024,1186582
Algeria,"Meat of goat, fresh or chilled (indigenous)",2022,336245
Algeria,"Meat of goat, fresh or chilled (indigenous)",2023,339277
Algeria,"Meat of goat, fresh or chilled (indigenous)",2024,340027
Algeria,"Meat of pig with the bone, fresh or chilled (indigenous)",2022,127
Algeria,"Meat of pig with the bone, fresh or chilled (indigenous)",2023,127
Algeria,"Meat of pig with the bone, fresh or chilled (indigenous)",2024,126
Algeria,"Meat of rabbits and hares, fresh or chilled (indigenous)",2022,7041
Algeria,"Meat of rabbits and hares, fresh or chilled (indigenous)",2023,7039
Algeria,"Meat of rabbits and hares, fresh or chilled (indigenous)",2024,7038
Algeria,"Meat of sheep, fresh or chilled (indigenous)",2022,4109932
Algeria,"Meat of sheep, fresh or chilled (indigenous)",2023,4206026
Algeria,"Meat of sheep, fresh or chilled (indigenous)",2024,4288111
Algeria,"Meat of turkeys, fresh or chilled (indigenous)",2022,114152
Algeria,"Meat of turkeys, fresh or chilled (indigenous)",2023,119650
Algeria,"Meat of turkeys, fresh or chilled (indigenous)",2024,119974
Algeria,Mushrooms and truffles,2022,4023
Algeria,Mushrooms and truffles,2023,4116
Algeria,Mushrooms and truffles,2024,4210
Algeria,Natural honey,2022,29936
Algeria,Natural honey,2023,31494
Algeria,Natural honey,2024,30566
Algeria,Oats,2022,13599
Algeria,Oats,2023,12759
Algeria,Oats,2024,17628
Algeria,Olives,2022,370459
Algeria,Olives,2023,397659
Algeria,Olives,2024,397617
Algeria,"Onions and shallots, dry (excluding dehydrated)",2022,709575
Algeria,"Onions and shallots, dry (excluding dehydrated)",2023,745125
Algeria,"Onions and shallots, dry (excluding dehydrated)",2024,750376
Algeria,"Onions and shallots, green",2022,103
Algeria,"Onions and shallots, green",2023,104
Algeria,"Onions and shallots, green",2024,103
Algeria,Oranges,2022,1318181
Algeria,Oranges,2023,1453433
Algeria,Oranges,2024,1435667
Algeria,"Other beans, green",2022,130585
Algeria,"Other beans, green",2023,144494
Algeria,"Other beans, green",2024,141497
Algeria,"Other citrus fruit, n.e.c.",2022,746
Algeria,"Other citrus fruit, n.e.c.",2023,743
Algeria,"Other citrus fruit, n.e.c.",2024,745
Algeria,"Other fruits, n.e.c.",2022,48391
Algeria,"Other fruits, n.e.c.",2023,53926
Algeria,"Other fruits, n.e.c.",2024,58966
Algeria,Other pulses n.e.c.,2022,34
Algeria,Other pulses n.e.c.,2023,34
Algeria,Other pulses n.e.c.,2024,34
Algeria,Other stone fruits,2022,11530
Algeria,Other stone fruits,2023,11818
Algeria,Other stone fruits,2024,11682
Algeria,"Other vegetables, fresh n.e.c.",2022,563343
Algeria,"Other vegetables, fresh n.e.c.",2023,588232
Algeria,"Other vegetables, fresh n.e.c.",2024,627542
Algeria,Peaches and nectarines,2022,56595
Algeria,Peaches and nectarines,2023,58147
Algeria,Peaches and nectarines,2024,57961
Algeria,Pears,2022,211084
Algeria,Pears,2023,220066
Algeria,Pears,2024,210806
Algeria,"Peas, dry",2022,5079
Algeria,"Peas, dry",2023,5732
Algeria,"Peas, dry",2024,5658
Algeria,"Peas, green",2022,221624
Algeria,"Peas, green",2023,231694
Algeria,"Peas, green",2024,225489
Algeria,Plums and sloes,2022,31518
Algeria,Plums and sloes,2023,31177
Algeria,Plums and sloes,2024,30249
Algeria,Pomelos and grapefruits,2022,699
Algeria,Pomelos and grapefruits,2023,666
Algeria,Pomelos and grapefruits,2024,663
Algeria,Potatoes,2022,1720516
Algeria,Potatoes,2023,1853906
Algeria,Potatoes,2024,1829859
Algeria,"Pumpkins, squash and gourds",2022,280817
Algeria,"Pumpkins, squash and gourds",2023,322581
Algeria,"Pumpkins, squash and gourds",2024,333209
Algeria,Quinces,2022,2371
Algeria,Quinces,2023,3366
Algeria,Quinces,2024,3339
Algeria,Rape or colza seed,2022,8679
Algeria,Rape or colza seed,2023,8657
Algeria,Rape or colza seed,2024,8659
Algeria,Raw milk of camel,2022,6033
Algeria,Raw milk of camel,2023,6052
Algeria,Raw milk of camel,2024,6098
Algeria,Raw milk of cattle,2022,1045167
Algeria,Raw milk of cattle,2023,1038851
Algeria,Raw milk of cattle,2024,1039527
Algeria,Raw milk of goats,2022,128426
Algeria,Raw milk of goats,2023,128159
Algeria,Raw milk of goats,2024,126972
Algeria,Raw milk of sheep,2022,216565
Algeria,Raw milk of sheep,2023,219589
Algeria,Raw milk of sheep,2024,214639
Algeria,Rice,2022,137
Algeria,Rice,2023,137
Algeria,Rice,2024,137
Algeria,"Seed cotton, unginned",2022,92
Algeria,"Seed cotton, unginned",2023,90
Algeria,"Seed cotton, unginned",2024,91
Algeria,"Shorn wool, greasy, including fleece-washed shorn wool",2022,32666
Algeria,"Shorn wool, greasy, including fleece-washed shorn wool",2023,34234
Algeria,"Shorn wool, greasy, including fleece-washed shorn wool",2024,34006
Algeria,Sorghum,2022,164
Algeria,Sorghum,2023,106
Algeria,Sorghum,2024,111
Algeria,Sunflower seed,2022,42
Algeria,Sunflower seed,2023,42
Algeria,Sunflower seed,2024,42
Algeria,"Tangerines, mandarins, clementines",2022,354872
Algeria,"Tangerines, mandarins, clementines",2023,378562
Algeria,"Tangerines, mandarins, clementines",2024,375700
Algeria,Tomatoes,2022,850739
Algeria,Tomatoes,2023,872661
Algeria,Tomatoes,2024,904829
Algeria,Triticale,2022,182
Algeria,Triticale,2023,93
Algeria,Triticale,2024,105
Algeria,Unmanufactured tobacco,2022,2465
Algeria,Unmanufactured tobacco,2023,2751
Algeria,Unmanufactured tobacco,2024,2741
Algeria,Vetches,2022,21
Algeria,Vetches,2023,21
Algeria,Vetches,2024,21
Algeria,Watermelons,2022,812784
Algeria,Watermelons,2023,974562
Algeria,Watermelons,2024,986357
Algeria,Wheat,2022,1416541
Algeria,Wheat,2023,1180451
Algeria,Wheat,2024,1416541
Angola,Avocados,2022,30367
Angola,Avocados,2023,32082
Angola,Avocados,2024,33823
Angola,Bananas,2022,1250784
Angola,Bananas,2023,1333801
Angola,Bananas,2024,1420861
Angola,"Beans, dry",2022,428950
Angola,"Beans, dry",2023,439315
Angola,"Beans, dry",2024,444458
Angola,Cabbages,2022,98149
Angola,Cabbages,2023,101907
Angola,Cabbages,2024,105930
Angola,Carrots and turnips,2022,100460
Angola,Carrots and turnips,2023,103708
Angola,Carrots and turnips,2024,107818
Angola,"Cassava, fresh",2022,2075635
Angola,"Cassava, fresh",2023,2211993
Angola,"Cassava, fresh",2024,2347807
Angola,"Coffee, green",2022,3601
Angola,"Coffee, green",2023,4309
Angola,"Coffee, green",2024,5246
Angola,Green garlic,2022,11090
Angola,Green garlic,2023,11423
Angola,Green garlic,2024,12006
Angola,"Groundnuts, excluding shelled",2022,157939
Angola,"Groundnuts, excluding shelled",2023,163044
Angola,"Groundnuts, excluding shelled",2024,173811
Angola,Maize (corn),2022,1010853
Angola,Maize (corn),2023,1051679
Angola,Maize (corn),2024,1096748
Angola,"Mangoes, guavas and mangosteens",2022,308941
Angola,"Mangoes, guavas and mangosteens",2023,334025
Angola,"Mangoes, guavas and mangosteens",2024,341719
Angola,Millet,2022,7424
Angola,Millet,2023,6364
Angola,Millet,2024,5303
Angola,"Other vegetables, fresh n.e.c.",2022,63627
Angola,"Other vegetables, fresh n.e.c.",2023,66344
Angola,"Other vegetables, fresh n.e.c.",2024,65837
Angola,Pineapples,2022,452140
Angola,Pineapples,2023,483084
Angola,Pineapples,2024,514826
Angola,Potatoes,2022,179608
Angola,Potatoes,2023,180831
Angola,Potatoes,2024,188936
Angola,Raw milk of cattle,2022,91087
Angola,Raw milk of cattle,2023,91591
Angola,Raw milk of cattle,2024,92096
Angola,Rice,2022,3950
Angola,Rice,2023,14894
Angola,Rice,2024,18076
Angola,Sorghum,2022,9100
Angola,Sorghum,2023,9265
Angola,Sorghum,2024,9798
Angola,Soya beans,2022,31513
Angola,Soya beans,2023,37640
Angola,Soya beans,2024,39509
Angola,Sweet potatoes,2022,462228
Angola,Sweet potatoes,2023,493058
Angola,Sweet potatoes,2024,524048
Angola,Tomatoes,2022,132327
Angola,Tomatoes,2023,172401
Angola,Tomatoes,2024,190321
Antigua and Barbuda,Bananas,2022,13
Antigua and Barbuda,Bananas,2023,9
Antigua and Barbuda,Bananas,2024,4
Antigua and Barbuda,Cabbages,2022,24
Antigua and Barbuda,Cabbages,2023,19
Antigua and Barbuda,Cabbages,2024,15
Antigua and Barbuda,Cantaloupes and other melons,2022,67
Antigua and Barbuda,Cantaloupes and other melons,2023,15
Antigua and Barbuda,Cantaloupes and other melons,2024,61
Antigua and Barbuda,Carrots and turnips,2022,10
Antigua and Barbuda,Carrots and turnips,2023,8
Antigua and Barbuda,Carrots and turnips,2024,12
Antigua and Barbuda,"Cassava, fresh",2022,236
Antigua and Barbuda,"Cassava, fresh",2023,104
Antigua and Barbuda,"Cassava, fresh",2024,83
Antigua and Barbuda,"Chillies and peppers, green (Capsicum spp. and Pimenta spp.)",2022,227
Antigua and Barbuda,"Chillies and peppers, green (Capsicum spp. and Pimenta spp.)",2023,213
Antigua and Barbuda,"Chillies and peppers, green (Capsicum spp. and Pimenta spp.)",2024,215
Antigua and Barbuda,Cucumbers and gherkins,2022,93
Antigua and Barbuda,Cucumbers and gherkins,2023,220
Antigua and Barbuda,Cucumbers and gherkins,2024,217
Antigua and Barbuda,Eggplants (aubergines),2022,59
Antigua and Barbuda,Eggplants (aubergines),2023,141
Antigua and Barbuda,Eggplants (aubergines),2024,72
Antigua and Barbuda,"Hen eggs in shell, fresh",2022,6207
Antigua and Barbuda,"Hen eggs in shell, fresh",2023,3281
Antigua and Barbuda,"Hen eggs in shell, fresh",2024,3276
Antigua and Barbuda,Lemons and limes,2022,853
Antigua and Barbuda,Lemons and limes,2023,845
Antigua and Barbuda,Lemons and limes,2024,848
Antigua and Barbuda,Maize (corn),2022,72
Antigua and Barbuda,Maize (corn),2023,73
Antigua and Barbuda,Maize (corn),2024,71
Antigua and Barbuda,"Mangoes, guavas and mangosteens",2022,2785
Antigua and Barbuda,"Mangoes, guavas and mangosteens",2023,2786
Antigua and Barbuda,"Mangoes, guavas and mangosteens",2024,2786
Antigua and Barbuda,"Meat of cattle with the bone, fresh or chilled (indigenous)",2022,347
Antigua and Barbuda,"Meat of cattle with the bone, fresh or chilled (indigenous)",2023,219
Antigua and Barbuda,"Meat of cattle with the bone, fresh or chilled (indigenous)",2024,406
Antigua and Barbuda,"Meat of chickens, fresh or chilled (indigenous)",2022,387
Antigua and Barbuda,"Meat of chickens, fresh or chilled (indigenous)",2023,74
Antigua and Barbuda,"Meat of chickens, fresh or chilled (indigenous)",2024,23
Antigua and Barbuda,"Meat of goat, fresh or chilled (indigenous)",2022,18
Antigua and Barbuda,"Meat of goat, fresh or chilled (indigenous)",2023,5
Antigua and Barbuda,"Meat of goat, fresh or chilled (indigenous)",2024,32
Antigua and Barbuda,"Meat of pig with the bone, fresh or chilled (indigenous)",2022,279
Antigua and Barbuda,"Meat of pig with the bone, fresh or chilled (indigenous)",2023,225
Antigua and Barbuda,"Meat of pig with the bone, fresh or chilled (indigenous)",2024,255
Antigua and Barbuda,"Meat of sheep, fresh or chilled (indigenous)",2022,25
Antigua and Barbuda,"Meat of sheep, fresh or chilled (indigenous)",2023,12
Antigua and Barbuda,"Meat of sheep, fresh or chilled (indigenous)",2024,31
Antigua and Barbuda,"Onions and shallots, dry (excluding dehydrated)",2022,11
Antigua and Barbuda,"Onions and shallots, dry (excluding dehydrated)",2023,9
Antigua and Barbuda,"Onions and shallots, dry (excluding dehydrated)",2024,53
Antigua and Barbuda,"Other beans, green",2022,284
Antigua and Barbuda,"Other beans, green",2023,285
Antigua and Barbuda,"Other beans, green",2024,284
Antigua and Barbuda,"Other vegetables, fresh n.e.c.",2022,342
Antigua and Barbuda,"Other vegetables, fresh n.e.c.",2023,342
Antigua and Barbuda,"Other vegetables, fresh n.e.c.",2024,341
Antigua and Barbuda,Pineapples,2022,4
Antigua and Barbuda,Pineapples,2023,4
Antigua and Barbuda,Pineapples,2024,19
Antigua and Barbuda,"Pumpkins, squash and gourds",2022,543
Antigua and Barbuda,"Pumpkins, squash and gourds",2023,602
Antigua and Barbuda,"Pumpkins, squash and gourds",2024,374
Antigua and Barbuda,Raw milk of cattle,2022,5942
Antigua and Barbuda,Raw milk of cattle,2023,5887
Antigua and Barbuda,Raw milk of cattle,2024,6347
Antigua and Barbuda,Sweet potatoes,2022,300
Antigua and Barbuda,Sweet potatoes,2023,617
Antigua and Barbuda,Sweet potatoes,2024,312
Antigua and Barbuda,Tomatoes,2022,193
Antigua and Barbuda,Tomatoes,2023,172
Antigua and Barbuda,Tomatoes,2024,183
Antigua and Barbuda,Yams,2022,292
Antigua and Barbuda,Yams,2023,293
Antigua and Barbuda,Yams,2024,292
Argentina,"Almonds, in shell",2022,375
Argentina,"Almonds, in shell",2023,376
Argentina,"Almonds, in shell",2024,377
Argentina,"Anise, badian, coriander, cumin, caraway, fennel and juniper berries, raw",2022,2127
Argentina,"Anise, badian, coriander, cumin, caraway, fennel and juniper berries, raw",2023,2100
Argentina,"Anise, badian, coriander, cumin, caraway, fennel and juniper berries, raw",2024,2098
Argentina,Apples,2022,61535
Argentina,Apples,2023,76856
Argentina,Apples,2024,71814
Argentina,Apricots,2022,4633
Argentina,Apricots,2023,4649
Argentina,Apricots,2024,4665
Argentina,Artichokes,2022,17175
Argentina,Artichokes,2023,16368
Argentina,Artichokes,2024,15562
Argentina,Asparagus,2022,59866
Argentina,Asparagus,2023,60031
Argentina,Asparagus,2024,59773
Argentina,Avocados,2022,376
Argentina,Avocados,2023,377
Argentina,Avocados,2024,378
Argentina,Bananas,2022,53340
Argentina,Bananas,2023,53396
Argentina,Bananas,2024,53452
Argentina,Barley,2022,707154
Argentina,Barley,2023,628974
Argentina,Barley,2024,682741
Argentina,"Beans, dry",2022,427343
Argentina,"Beans, dry",2023,498271
Argentina,"Beans, dry",2024,298476
Argentina,Beeswax,2022,27353
Argentina,Beeswax,2023,27543
Argentina,Beeswax,2024,27378
Argentina,"Broad beans and horse beans, dry",2022,1934
Argentina,"Broad beans and horse beans, dry",2023,1949
Argentina,"Broad beans and horse beans, dry",2024,1935
Argentina,Canary seed,2022,12570
Argentina,Canary seed,2023,12762
Argentina,Canary seed,2024,20341
Argentina,Cantaloupes and other melons,2022,121776
Argentina,Cantaloupes and other melons,2023,121849
Argentina,Cantaloupes and other melons,2024,121922
Argentina,Carrots and turnips,2022,133773
Argentina,Carrots and turnips,2023,134304
Argentina,Carrots and turnips,2024,135293
Argentina,"Cassava, fresh",2022,104416
Argentina,"Cassava, fresh",2023,105203
Argentina,"Cassava, fresh",2024,104480
Argentina,Cereals n.e.c.,2022,2222
Argentina,Cereals n.e.c.,2023,2236
Argentina,Cereals n.e.c.,2024,2219
Argentina,Cherries,2022,8137
Argentina,Cherries,2023,8179
Argentina,Cherries,2024,8221
Argentina,"Chick peas, dry",2022,8921
Argentina,"Chick peas, dry",2023,5761
Argentina,"Chick peas, dry",2024,10222
Argentina,"Chillies and peppers, dry (Capsicum spp., Pimenta spp.), raw",2022,802
Argentina,"Chillies and peppers, dry (Capsicum spp., Pimenta spp.), raw",2023,802
Argentina,"Chillies and peppers, dry (Capsicum spp., Pimenta spp.), raw",2024,803
Argentina,"Chillies and peppers, green (Capsicum spp. and Pimenta spp.)",2022,133258
Argentina,"Chillies and peppers, green (Capsicum spp. and Pimenta spp.)",2023,131864
Argentina,"Chillies and peppers, green (Capsicum spp. and Pimenta spp.)",2024,132876
Argentina,Figs,2022,326
Argentina,Figs,2023,326
Argentina,Figs,2024,325
Argentina,"Game meat, fresh, chilled or frozen",2022,18819
Argentina,"Game meat, fresh, chilled or frozen",2023,18872
Argentina,"Game meat, fresh, chilled or frozen",2024,18925
Argentina,Grapes,2022,662091
Argentina,Grapes,2023,497495
Argentina,Grapes,2024,655996
Argentina,Green garlic,2022,370021
Argentina,Green garlic,2023,371985
Argentina,Green garlic,2024,371276
Argentina,"Groundnuts, excluding shelled",2022,649333
Argentina,"Groundnuts, excluding shelled",2023,464353
Argentina,"Groundnuts, excluding shelled",2024,715253
Argentina,"Hen eggs in shell, fresh",2022,1088861
Argentina,"Hen eggs in shell, fresh",2023,1104691
Argentina,"Hen eggs in shell, fresh",2024,1217761
Argentina,Hop cones,2022,256
Argentina,Hop cones,2023,258
Argentina,Hop cones,2024,260
Argentina,"Horse meat, fresh or chilled (indigenous)",2022,403700
Argentina,"Horse meat, fresh or chilled (indigenous)",2023,354798
Argentina,"Horse meat, fresh or chilled (indigenous)",2024,407593
Argentina,Lemons and limes,2022,333522
Argentina,Lemons and limes,2023,360566
Argentina,Lemons and limes,2024,335512
Argentina,"Lentils, dry",2022,11568
Argentina,"Lentils, dry",2023,999
Argentina,"Lentils, dry",2024,2605
Argentina,Linseed,2022,6666
Argentina,Linseed,2023,5701
Argentina,Linseed,2024,5701
Argentina,Lupins,2022,17
Argentina,Lupins,2023,17
Argentina,Lupins,2024,17
Argentina,Maize (corn),2022,8510571
Argentina,Maize (corn),2023,5969426
Argentina,Maize (corn),2024,8288185
Argentina,"Mangoes, guavas and mangosteens",2022,206
Argentina,"Mangoes, guavas and mangosteens",2023,207
Argentina,"Mangoes, guavas and mangosteens",2024,208
Argentina,Maté leaves,2022,381145
Argentina,Maté leaves,2023,355833
Argentina,Maté leaves,2024,453537
Argentina,"Meat of cattle with the bone, fresh or chilled (indigenous)",2022,17824576
Argentina,"Meat of cattle with the bone, fresh or chilled (indigenous)",2023,18595041
Argentina,"Meat of cattle with the bone, fresh or chilled (indigenous)",2024,17978369
Argentina,"Meat of chickens, fresh or chilled (indigenous)",2022,3034620
Argentina,"Meat of chickens, fresh or chilled (indigenous)",2023,2992149
Argentina,"Meat of chickens, fresh or chilled (indigenous)",2024,3014375
Argentina,"Meat of ducks, fresh or chilled (indigenous)",2022,863
Argentina,"Meat of ducks, fresh or chilled (indigenous)",2023,872
Argentina,"Meat of ducks, fresh or chilled (indigenous)",2024,881
Argentina,"Meat of geese, fresh or chilled (indigenous)",2022,40
Argentina,"Meat of geese, fresh or chilled (indigenous)",2023,40
Argentina,"Meat of geese, fresh or chilled (indigenous)",2024,40
Argentina,"Meat of goat, fresh or chilled (indigenous)",2022,8470
Argentina,"Meat of goat, fresh or chilled (indigenous)",2023,8677
Argentina,"Meat of goat, fresh or chilled (indigenous)",2024,8504
Argentina,"Meat of pig with the bone, fresh or chilled (indigenous)",2022,174097
Argentina,"Meat of pig with the bone, fresh or chilled (indigenous)",2023,182573
Argentina,"Meat of pig with the bone, fresh or chilled (indigenous)",2024,188219
Argentina,"Meat of rabbits and hares, fresh or chilled (indigenous)",2022,18886
Argentina,"Meat of rabbits and hares, fresh or chilled (indigenous)",2023,21960
Argentina,"Meat of rabbits and hares, fresh or chilled (indigenous)",2024,11995
Argentina,"Meat of sheep, fresh or chilled (indigenous)",2022,255648
Argentina,"Meat of sheep, fresh or chilled (indigenous)",2023,249061
Argentina,"Meat of sheep, fresh or chilled (indigenous)",2024,236126
Argentina,"Meat of turkeys, fresh or chilled (indigenous)",2022,2174
Argentina,"Meat of turkeys, fresh or chilled (indigenous)",2023,2152
Argentina,"Meat of turkeys, fresh or chilled (indigenous)",2024,2130
Argentina,Millet,2022,1236
Argentina,Millet,2023,1270
Argentina,Millet,2024,864
Argentina,Natural honey,2022,169193
Argentina,Natural honey,2023,164334
Argentina,Natural honey,2024,163383
Argentina,Oats,2022,121911
Argentina,Oats,2023,72302
Argentina,Oats,2024,95233
Argentina,Olives,2022,157474
Argentina,Olives,2023,152317
Argentina,Olives,2024,154549
Argentina,"Onions and shallots, dry (excluding dehydrated)",2022,62565
Argentina,"Onions and shallots, dry (excluding dehydrated)",2023,66213
Argentina,"Onions and shallots, dry (excluding dehydrated)",2024,65684
Argentina,Oranges,2022,102916
Argentina,Oranges,2023,108267
Argentina,Oranges,2024,108291
Argentina,"Other beans, green",2022,165
Argentina,"Other beans, green",2023,164
Argentina,"Other beans, green",2024,165
Argentina,"Other fibre crops, raw, n.e.c.",2022,120
Argentina,"Other fibre crops, raw, n.e.c.",2023,120
Argentina,"Other fibre crops, raw, n.e.c.",2024,121
Argentina,"Other stimulant, spice and aromatic crops, n.e.c.",2022,89
Argentina,"Other stimulant, spice and aromatic crops, n.e.c.",2023,90
Argentina,"Other stimulant, spice and aromatic crops, n.e.c.",2024,90
Argentina,"Other vegetables, fresh n.e.c.",2022,74778
Argentina,"Other vegetables, fresh n.e.c.",2023,74893
Argentina,"Other vegetables, fresh n.e.c.",2024,75015
Argentina,Papayas,2022,159
Argentina,Papayas,2023,159
Argentina,Papayas,2024,159
Argentina,Peaches and nectarines,2022,47979
Argentina,Peaches and nectarines,2023,48603
Argentina,Peaches and nectarines,2024,54877
Argentina,Pears,2022,79838
Argentina,Pears,2023,92191
Argentina,Pears,2024,94554
Argentina,"Peas, dry",2022,25693
Argentina,"Peas, dry",2023,5175
Argentina,"Peas, dry",2024,18629
Argentina,"Peas, green",2022,5430
Argentina,"Peas, green",2023,5464
Argentina,"Peas, green",2024,5498
Argentina,Pineapples,2022,274
Argentina,Pineapples,2023,273
Argentina,Pineapples,2024,273
Argentina,Plums and sloes,2022,48218
Argentina,Plums and sloes,2023,48078
Argentina,Plums and sloes,2024,48221
Argentina,Pomelos and grapefruits,2022,15774
Argentina,Pomelos and grapefruits,2023,21181
Argentina,Pomelos and grapefruits,2024,21111
Argentina,Potatoes,2022,712411
Argentina,Potatoes,2023,676924
Argentina,Potatoes,2024,665875
Argentina,"Pumpkins, squash and gourds",2022,131753
Argentina,"Pumpkins, squash and gourds",2023,131107
Argentina,"Pumpkins, squash and gourds",2024,130461
Argentina,Quinces,2022,6414
Argentina,Quinces,2023,6450
Argentina,Quinces,2024,6487
Argentina,Rape or colza seed,2022,9977
Argentina,Rape or colza seed,2023,7353
Argentina,Rape or colza seed,2024,8515
Argentina,Raw milk of cattle,2022,4078264
Argentina,Raw milk of cattle,2023,3996475
Argentina,Raw milk of cattle,2024,3737007
Argentina,Rice,2022,268016
Argentina,Rice,2023,255032
Argentina,Rice,2024,277300
Argentina,Rye,2022,24289
Argentina,Rye,2023,19326
Argentina,Rye,2024,23448
Argentina,Safflower seed,2022,656
Argentina,Safflower seed,2023,1268
Argentina,Safflower seed,2024,2156
Argentina,"Seed cotton, unginned",2022,505701
Argentina,"Seed cotton, unginned",2023,406400
Argentina,"Seed cotton, unginned",2024,575465
Argentina,"Shorn wool, greasy, including fleece-washed shorn wool",2022,133926
Argentina,"Shorn wool, greasy, including fleece-washed shorn wool",2023,124458
Argentina,"Shorn wool, greasy, including fleece-washed shorn wool",2024,117166
Argentina,Sorghum,2022,401000
Argentina,Sorghum,2023,223928
Argentina,Sorghum,2024,347070
Argentina,Soya beans,2022,13261282
Argentina,Soya beans,2023,7572286
Argentina,Soya beans,2024,14577141
Argentina,Strawberries,2022,40940
Argentina,Strawberries,2023,42107
Argentina,Strawberries,2024,43536
Argentina,String beans,2022,9407
Argentina,String beans,2023,9467
Argentina,String beans,2024,9526
Argentina,Sugar cane,2022,638981
Argentina,Sugar cane,2023,597209
Argentina,Sugar cane,2024,505245
Argentina,Sunflower seed,2022,1203381
Argentina,Sunflower seed,2023,1491131
Argentina,Sunflower seed,2024,1157269
Argentina,Sweet potatoes,2022,66378
Argentina,Sweet potatoes,2023,62659
Argentina,Sweet potatoes,2024,59676
Argentina,"Tangerines, mandarins, clementines",2022,46086
Argentina,"Tangerines, mandarins, clementines",2023,47007
Argentina,"Tangerines, mandarins, clementines",2024,47888
Argentina,Tea leaves,2022,33325
Argentina,Tea leaves,2023,32298
Argentina,Tea leaves,2024,33476
Argentina,Tomatoes,2022,1073291
Argentina,Tomatoes,2023,1098970
Argentina,Tomatoes,2024,1072132
Argentina,Tung nuts,2022,501
Argentina,Tung nuts,2023,497
Argentina,Tung nuts,2024,497
Argentina,Unmanufactured tobacco,2022,253111
Argentina,Unmanufactured tobacco,2023,241505
Argentina,Unmanufactured tobacco,2024,223204
Argentina,"Walnuts, in shell",2022,47454
Argentina,"Walnuts, in shell",2023,47380
Argentina,"Walnuts, in shell",2024,47402
Argentina,Watermelons,2022,70565
Argentina,Watermelons,2023,70551
Argentina,Watermelons,2024,70538
Argentina,Wheat,2022,2393759
Argentina,Wheat,2023,3022384
Argentina,Wheat,2024,3528962
Armenia,Apples,2022,41109
Armenia,Apples,2023,44529
Armenia,Apples,2024,44839
Armenia,Apricots,2022,67733
Armenia,Apricots,2023,68283
Armenia,Apricots,2024,58860
Armenia,Barley,2022,19761
Armenia,Barley,2023,21914
Armenia,Barley,2024,18846
Armenia,"Beans, dry",2022,5574
Armenia,"Beans, dry",2023,5549
Armenia,"Beans, dry",2024,4417
Armenia,Cabbages,2022,10647
Armenia,Cabbages,2023,10552
Armenia,Cabbages,2024,8931
Armenia,Carrots and turnips,2022,6378
Armenia,Carrots and turnips,2023,6744
Armenia,Carrots and turnips,2024,5794
Armenia,Cauliflowers and broccoli,2022,2654
Armenia,Cauliflowers and broccoli,2023,2026
Armenia,Cauliflowers and broccoli,2024,2143
Armenia,Cereals n.e.c.,2022,2691
Armenia,Cereals n.e.c.,2023,3230
Armenia,Cereals n.e.c.,2024,2535
Armenia,Cherries,2022,9868
Armenia,Cherries,2023,10026
Armenia,Cherries,2024,8378
Armenia,Cucumbers and gherkins,2022,19516
Armenia,Cucumbers and gherkins,2023,23940
Armenia,Cucumbers and gherkins,2024,26226
Armenia,Eggplants (aubergines),2022,13931
Armenia,Eggplants (aubergines),2023,13701
Armenia,Eggplants (aubergines),2024,15864
Armenia,Figs,2022,1186
Armenia,Figs,2023,1524
Armenia,Figs,2024,1362
Armenia,Grapes,2022,87816
Armenia,Grapes,2023,82997
Armenia,Grapes,2024,76161
Armenia,Green garlic,2022,18279
Armenia,Green garlic,2023,18333
Armenia,Green garlic,2024,15662
Armenia,"Hen eggs in shell, fresh",2022,110852
Armenia,"Hen eggs in shell, fresh",2023,108433
Armenia,"Hen eggs in shell, fresh",2024,106735
Armenia,"Lentils, dry",2022,387
Armenia,"Lentils, dry",2023,302
Armenia,"Lentils, dry",2024,543
Armenia,Maize (corn),2022,1408
Armenia,Maize (corn),2023,1772
Armenia,Maize (corn),2024,1721
Armenia,"Meat of cattle with the bone, fresh or chilled (indigenous)",2022,281767
Armenia,"Meat of cattle with the bone, fresh or chilled (indigenous)",2023,266062
Armenia,"Meat of cattle with the bone, fresh or chilled (indigenous)",2024,264835
Armenia,"Meat of chickens, fresh or chilled (indigenous)",2022,53704
Armenia,"Meat of chickens, fresh or chilled (indigenous)",2023,52173
Armenia,"Meat of chickens, fresh or chilled (indigenous)",2024,53199
Armenia,"Meat of pig with the bone, fresh or chilled (indigenous)",2022,82315
Armenia,"Meat of pig with the bone, fresh or chilled (indigenous)",2023,67410
Armenia,"Meat of pig with the bone, fresh or chilled (indigenous)",2024,77339
Armenia,"Meat of sheep, fresh or chilled (indigenous)",2022,53064
Armenia,"Meat of sheep, fresh or chilled (indigenous)",2023,53555
Armenia,"Meat of sheep, fresh or chilled (indigenous)",2024,54499
Armenia,Mushrooms and truffles,2022,473
Armenia,Mushrooms and truffles,2023,483
Armenia,Mushrooms and truffles,2024,493
Armenia,Natural honey,2022,17336
Armenia,Natural honey,2023,16548
Armenia,Natural honey,2024,15760
Armenia,Oats,2022,3374
Armenia,Oats,2023,2786
Armenia,Oats,2024,2467
Armenia,"Onions and shallots, dry (excluding dehydrated)",2022,10498
Armenia,"Onions and shallots, dry (excluding dehydrated)",2023,11531
Armenia,"Onions and shallots, dry (excluding dehydrated)",2024,11866
Armenia,"Other fruits, n.e.c.",2022,1151
Armenia,"Other fruits, n.e.c.",2023,1149
Armenia,"Other fruits, n.e.c.",2024,1151
Armenia,Other pulses n.e.c.,2022,421
Armenia,Other pulses n.e.c.,2023,281
Armenia,Other pulses n.e.c.,2024,952
Armenia,"Other vegetables, fresh n.e.c.",2022,42560
Armenia,"Other vegetables, fresh n.e.c.",2023,45494
Armenia,"Other vegetables, fresh n.e.c.",2024,47610
Armenia,Peaches and nectarines,2022,21928
Armenia,Peaches and nectarines,2023,27429
Armenia,Peaches and nectarines,2024,27176
Armenia,Pears,2022,9109
Armenia,Pears,2023,8480
Armenia,Pears,2024,8415
Armenia,"Peas, dry",2022,43
Armenia,"Peas, dry",2023,79
Armenia,"Peas, dry",2024,165
Armenia,"Peas, green",2022,1527
Armenia,"Peas, green",2023,630
Armenia,"Peas, green",2024,1326
Armenia,Plums and sloes,2022,11522
Armenia,Plums and sloes,2023,10047
Armenia,Plums and sloes,2024,9671
Armenia,Potatoes,2022,102067
Armenia,Potatoes,2023,105883
Armenia,Potatoes,2024,98085
Armenia,Quinces,2022,1329
Armenia,Quinces,2023,1210
Armenia,Quinces,2024,1450
Armenia,Raw milk of cattle,2022,198327
Armenia,Raw milk of cattle,2023,181990
Armenia,Raw milk of cattle,2024,177089
Armenia,Raw milk of goats,2022,308
Armenia,Raw milk of goats,2023,672
Armenia,Raw milk of goats,2024,476
Armenia,Raw milk of sheep,2022,5856
Armenia,Raw milk of sheep,2023,12571
Armenia,Raw milk of sheep,2024,8784
Armenia,Rye,2022,0
Armenia,Rye,2023,143
Armenia,Rye,2024,77
Armenia,"Shorn wool, greasy, including fleece-washed shorn wool",2022,2244
Armenia,"Shorn wool, greasy, including fleece-washed shorn wool",2023,2301
Armenia,"Shorn wool, greasy, including fleece-washed shorn wool",2024,2949
Armenia,Sugar beet,2022,3881
Armenia,Sugar beet,2023,3857
Armenia,Sugar beet,2024,3864
Armenia,Tomatoes,2022,39556
Armenia,Tomatoes,2023,33720
Armenia,Tomatoes,2024,39834
Armenia,Unmanufactured tobacco,2022,166
Armenia,Unmanufactured tobacco,2023,184
Armenia,Unmanufactured tobacco,2024,173
Armenia,"Walnuts, in shell",2022,11394
Armenia,"Walnuts, in shell",2023,12418
Armenia,"Walnuts, in shell",2024,11901
Armenia,Watermelons,2022,22000
Armenia,Watermelons,2023,20604
Armenia,Watermelons,2024,21670
Armenia,Wheat,2022,37870
Armenia,Wheat,2023,48593
Armenia,Wheat,2024,32861
Australia,"Almonds, in shell",2022,2290441
Australia,"Almonds, in shell",2023,2008058
Australia,"Almonds, in shell",2024,2321817
Australia,"Anise, badian, coriander, cumin, caraway, fennel and juniper berries, raw",2022,2442
Australia,"Anise, badian, coriander, cumin, caraway, fennel and juniper berries, raw",2023,2437
Australia,"Anise, badian, coriander, cumin, caraway, fennel and juniper berries, raw",2024,2436
Australia,Apples,2022,428987
Australia,Apples,2023,397675
Australia,Apples,2024,409605
Australia,Apricots,2022,5195
Australia,Apricots,2023,3759
Australia,Apricots,2024,4613
Australia,Asparagus,2022,44087
Australia,Asparagus,2023,31685
Australia,Asparagus,2024,34616
Australia,Avocados,2022,464937
Australia,Avocados,2023,439018
Australia,Avocados,2024,574196
Australia,Bananas,2022,426826
Australia,Bananas,2023,427074
Australia,Bananas,2024,420780
Australia,Barley,2022,2874142
Australia,Barley,2023,2335271
Australia,Barley,2024,2825917
Australia,"Beans, dry",2022,54650
Australia,"Beans, dry",2023,72953
Australia,"Beans, dry",2024,80713
Australia,Beeswax,2022,1834
Australia,Beeswax,2023,1845
Australia,Beeswax,2024,1825
Australia,"Broad beans and horse beans, dry",2022,178654
Australia,"Broad beans and horse beans, dry",2023,201811
Australia,"Broad beans and horse beans, dry",2024,177041
Australia,Cabbages,2022,47957
Australia,Cabbages,2023,46152
Australia,Cabbages,2024,45982
Australia,Canary seed,2022,1004
Australia,Canary seed,2023,1003
Australia,Canary seed,2024,1002
Australia,Cantaloupes and other melons,2022,107129
Australia,Cantaloupes and other melons,2023,108285
Australia,Cantaloupes and other melons,2024,125664
Australia,Carrots and turnips,2022,142742
Australia,Carrots and turnips,2023,140096
Australia,Carrots and turnips,2024,139213
Australia,Cauliflowers and broccoli,2022,93847
Australia,Cauliflowers and broccoli,2023,101073
Australia,Cauliflowers and broccoli,2024,105970
Australia,Cherries,2022,139566
Australia,Cherries,2023,121209
Australia,Cherries,2024,148131
Australia,"Chick peas, dry",2022,452741
Australia,"Chick peas, dry",2023,264158
Australia,"Chick peas, dry",2024,1097257
Australia,"Chillies and peppers, green (Capsicum spp. and Pimenta spp.)",2022,160867
Australia,"Chillies and peppers, green (Capsicum spp. and Pimenta spp.)",2023,165958
Australia,"Chillies and peppers, green (Capsicum spp. and Pimenta spp.)",2024,182818
Australia,Cucumbers and gherkins,2022,161244
Australia,Cucumbers and gherkins,2023,170434
Australia,Cucumbers and gherkins,2024,193772
Australia,Currants,2022,924
Australia,Currants,2023,913
Australia,Currants,2024,903
Australia,Figs,2022,39
Australia,Figs,2023,40
Australia,Figs,2024,40
Australia,Grapes,2022,1043003
Australia,Grapes,2023,837597
Australia,Grapes,2024,871953
Australia,Green corn (maize),2022,56238
Australia,Green corn (maize),2023,57451
Australia,Green corn (maize),2024,60007
Australia,"Groundnuts, excluding shelled",2022,18126
Australia,"Groundnuts, excluding shelled",2023,13715
Australia,"Groundnuts, excluding shelled",2024,12434
Australia,"Hen eggs in shell, fresh",2022,592788
Australia,"Hen eggs in shell, fresh",2023,629562
Australia,"Hen eggs in shell, fresh",2024,643414
Australia,Hop cones,2022,5707
Australia,Hop cones,2023,5686
Australia,Hop cones,2024,5704
Australia,"Horse meat, fresh or chilled (indigenous)",2022,35056
Australia,"Horse meat, fresh or chilled (indigenous)",2023,32741
Australia,"Horse meat, fresh or chilled (indigenous)",2024,30866
Australia,Kiwi fruit,2022,14052
Australia,Kiwi fruit,2023,7925
Australia,Kiwi fruit,2024,8773
Australia,Lemons and limes,2022,125131
Australia,Lemons and limes,2023,138622
Australia,Lemons and limes,2024,157982
Australia,"Lentils, dry",2022,1275325
Australia,"Lentils, dry",2023,978682
Australia,"Lentils, dry",2024,876239
Australia,Lettuce and chicory,2022,131964
Australia,Lettuce and chicory,2023,142413
Australia,Lettuce and chicory,2024,159088
Australia,Linseed,2022,1519
Australia,Linseed,2023,1519
Australia,Linseed,2024,1519
Australia,Lupins,2022,303022
Australia,Lupins,2023,196817
Australia,Lupins,2024,184223
Australia,Maize (corn),2022,108644
Australia,Maize (corn),2023,97653
Australia,Maize (corn),2024,112946
Australia,"Mangoes, guavas and mangosteens",2022,130563
Australia,"Mangoes, guavas and mangosteens",2023,142553
Australia,"Mangoes, guavas and mangosteens",2024,121341
Australia,"Meat of cattle with the bone, fresh or chilled (indigenous)",2022,4592958
Australia,"Meat of cattle with the bone, fresh or chilled (indigenous)",2023,5433340
Australia,"Meat of cattle with the bone, fresh or chilled (indigenous)",2024,6296249
Australia,"Meat of chickens, fresh or chilled (indigenous)",2022,2126271
Australia,"Meat of chickens, fresh or chilled (indigenous)",2023,2202673
Australia,"Meat of chickens, fresh or chilled (indigenous)",2024,2303200
Australia,"Meat of ducks, fresh or chilled (indigenous)",2022,22799
Australia,"Meat of ducks, fresh or chilled (indigenous)",2023,22897
Australia,"Meat of ducks, fresh or chilled (indigenous)",2024,22994
Australia,"Meat of goat, fresh or chilled (indigenous)",2022,73275
Australia,"Meat of goat, fresh or chilled (indigenous)",2023,95180
Australia,"Meat of goat, fresh or chilled (indigenous)",2024,136521
Australia,"Meat of pig with the bone, fresh or chilled (indigenous)",2022,920052
Australia,"Meat of pig with the bone, fresh or chilled (indigenous)",2023,984339
Australia,"Meat of pig with the bone, fresh or chilled (indigenous)",2024,992175
Australia,"Meat of sheep, fresh or chilled (indigenous)",2022,1738099
Australia,"Meat of sheep, fresh or chilled (indigenous)",2023,2072619
Australia,"Meat of sheep, fresh or chilled (indigenous)",2024,2270101
Australia,"Meat of turkeys, fresh or chilled (indigenous)",2022,25241
Australia,"Meat of turkeys, fresh or chilled (indigenous)",2023,25260
Australia,"Meat of turkeys, fresh or chilled (indigenous)",2024,25280
Australia,Millet,2022,15922
Australia,Millet,2023,15960
Australia,Millet,2024,15999
Australia,Mushrooms and truffles,2022,305598
Australia,Mushrooms and truffles,2023,294752
Australia,Mushrooms and truffles,2024,272313
Australia,Natural honey,2022,34157
Australia,Natural honey,2023,33163
Australia,Natural honey,2024,32062
Australia,Oats,2022,194299
Australia,Oats,2023,149215
Australia,Oats,2024,266196
Australia,Olives,2022,112480
Australia,Olives,2023,146860
Australia,Olives,2024,119504
Australia,"Onions and shallots, dry (excluding dehydrated)",2022,165159
Australia,"Onions and shallots, dry (excluding dehydrated)",2023,154590
Australia,"Onions and shallots, dry (excluding dehydrated)",2024,165033
Australia,Oranges,2022,369312
Australia,Oranges,2023,390557
Australia,Oranges,2024,409060
Australia,"Other beans, green",2022,85694
Australia,"Other beans, green",2023,88581
Australia,"Other beans, green",2024,99484
Australia,Other berries and fruits of the genus vaccinium n.e.c.,2022,48501
Australia,Other berries and fruits of the genus vaccinium n.e.c.,2023,54286
Australia,Other berries and fruits of the genus vaccinium n.e.c.,2024,67403
Australia,"Other citrus fruit, n.e.c.",2022,926
Australia,"Other citrus fruit, n.e.c.",2023,918
Australia,"Other citrus fruit, n.e.c.",2024,918
Australia,"Other nuts (excluding wild edible nuts and groundnuts), in shell, n.e.c.",2022,200575
Australia,"Other nuts (excluding wild edible nuts and groundnuts), in shell, n.e.c.",2023,182280
Australia,"Other nuts (excluding wild edible nuts and groundnuts), in shell, n.e.c.",2024,198156
Australia,"Other tropical fruits, n.e.c.",2022,8643
Australia,"Other tropical fruits, n.e.c.",2023,9987
Australia,"Other tropical fruits, n.e.c.",2024,9771
Australia,"Other vegetables, fresh n.e.c.",2022,150038
Australia,"Other vegetables, fresh n.e.c.",2023,146770
Australia,"Other vegetables, fresh n.e.c.",2024,153024
Australia,Papayas,2022,46964
Australia,Papayas,2023,52759
Australia,Papayas,2024,49889
Australia,Peaches and nectarines,2022,126050
Australia,Peaches and nectarines,2023,96697
Australia,Peaches and nectarines,2024,113192
Australia,Pears,2022,102449
Australia,Pears,2023,77663
Australia,Pears,2024,71204
Australia,"Peas, dry",2022,62145
Australia,"Peas, dry",2023,74679
Australia,"Peas, dry",2024,54258
Australia,"Peas, green",2022,10552
Australia,"Peas, green",2023,8628
Australia,"Peas, green",2024,6604
Australia,Persimmons,2022,5797
Australia,Persimmons,2023,7422
Australia,Persimmons,2024,7222
Australia,Pineapples,2022,39340
Australia,Pineapples,2023,38035
Australia,Pineapples,2024,40165
Australia,Plums and sloes,2022,64278
Australia,Plums and sloes,2023,48606
Australia,Plums and sloes,2024,56409
Australia,Pomelos and grapefruits,2022,10712
Australia,Pomelos and grapefruits,2023,8645
Australia,Pomelos and grapefruits,2024,11526
Australia,Potatoes,2022,594929
Australia,Potatoes,2023,595299
Australia,Potatoes,2024,622638
Australia,"Pumpkins, squash and gourds",2022,90446
Australia,"Pumpkins, squash and gourds",2023,92634
Australia,"Pumpkins, squash and gourds",2024,93124
Australia,Rape or colza seed,2022,3545634
Australia,Rape or colza seed,2023,2983765
Australia,Rape or colza seed,2024,2542972
Australia,Raspberries,2022,14700
Australia,Raspberries,2023,14728
Australia,Raspberries,2024,14756
Australia,Raw milk of cattle,2022,2635624
Australia,Raw milk of cattle,2023,2640927
Australia,Raw milk of cattle,2024,2704088
Australia,Rice,2022,210823
Australia,Rice,2023,151424
Australia,Rice,2024,188789
Australia,Rye,2022,9088
Australia,Rye,2023,9042
Australia,Rye,2024,9027
Australia,Safflower seed,2022,2705
Australia,Safflower seed,2023,2698
Australia,Safflower seed,2024,2701
Australia,"Seed cotton, unginned",2022,5184220
Australia,"Seed cotton, unginned",2023,5369370
Australia,"Seed cotton, unginned",2024,4443617
Australia,"Shorn wool, greasy, including fleece-washed shorn wool",2022,1623460
Australia,"Shorn wool, greasy, including fleece-washed shorn wool",2023,1573964
Australia,"Shorn wool, greasy, including fleece-washed shorn wool",2024,1390830
Australia,Sorghum,2022,618752
Australia,Sorghum,2023,543559
Australia,Sorghum,2024,570389
Australia,Soya beans,2022,25588
Australia,Soya beans,2023,23262
Australia,Soya beans,2024,29211
Australia,Spinach,2022,38114
Australia,Spinach,2023,37876
Australia,Spinach,2024,37694
Australia,Strawberries,2022,340112
Australia,Strawberries,2023,327724
Australia,Strawberries,2024,401993
Australia,Sugar cane,2022,894598
Australia,Sugar cane,2023,1016921
Australia,Sugar cane,2024,931602
Australia,Sunflower seed,2022,15090
Australia,Sunflower seed,2023,18759
Australia,Sunflower seed,2024,16220
Australia,Sweet potatoes,2022,81400
Australia,Sweet potatoes,2023,79902
Australia,Sweet potatoes,2024,77932
Australia,"Tangerines, mandarins, clementines",2022,227433
Australia,"Tangerines, mandarins, clementines",2023,245799
Australia,"Tangerines, mandarins, clementines",2024,282097
Australia,Tomatoes,2022,313095
Australia,Tomatoes,2023,228331
Australia,Tomatoes,2024,310555
Australia,Triticale,2022,23801
Australia,Triticale,2023,23092
Australia,Triticale,2024,16795
Australia,Vetches,2022,2314
Australia,Vetches,2023,2310
Australia,Vetches,2024,2312
Australia,"Walnuts, in shell",2022,55106
Australia,"Walnuts, in shell",2023,30740
Australia,"Walnuts, in shell",2024,46111
Australia,Watermelons,2022,127384
Australia,Watermelons,2023,114318
Australia,Watermelons,2024,137639
Australia,Wheat,2022,9834900
Australia,Wheat,2023,6690782
Australia,Wheat,2024,8142539
Azerbaijan,"Almonds, in shell",2022,11031
Azerbaijan,"Almonds, in shell",2023,8785
Azerbaijan,"Almonds, in shell",2024,7422
Azerbaijan,Apples,2022,145054
Azerbaijan,Apples,2023,137573
Azerbaijan,Apples,2024,136769
Azerbaijan,Apricots,2022,29226
Azerbaijan,Apricots,2023,29397
Azerbaijan,Apricots,2024,29704
Azerbaijan,Barley,2022,259102
Azerbaijan,Barley,2023,251730
Azerbaijan,Barley,2024,258538
Azerbaijan,"Beans, dry",2022,8971
Azerbaijan,"Beans, dry",2023,7300
Azerbaijan,"Beans, dry",2024,6374
Azerbaijan,"Broad beans and horse beans, dry",2022,80
Azerbaijan,"Broad beans and horse beans, dry",2023,76
Azerbaijan,"Broad beans and horse beans, dry",2024,38
Azerbaijan,Cabbages,2022,46617
Azerbaijan,Cabbages,2023,43699
Azerbaijan,Cabbages,2024,42153
Azerbaijan,Cantaloupes and other melons,2022,23534
Azerbaijan,Cantaloupes and other melons,2023,21778
Azerbaijan,Cantaloupes and other melons,2024,22586
Azerbaijan,Carrots and turnips,2022,23016
Azerbaijan,Carrots and turnips,2023,19948
Azerbaijan,Carrots and turnips,2024,18756
Azerbaijan,Cherries,2022,10784
Azerbaijan,Cherries,2023,10222
Azerbaijan,Cherries,2024,10424
Azerbaijan,"Chestnuts, in shell",2022,1640
Azerbaijan,"Chestnuts, in shell",2023,1512
Azerbaijan,"Chestnuts, in shell",2024,1426
Azerbaijan,"Chillies and peppers, green (Capsicum spp. and Pimenta spp.)",2022,30826
Azerbaijan,"Chillies and peppers, green (Capsicum spp. and Pimenta spp.)",2023,30317
Azerbaijan,"Chillies and peppers, green (Capsicum spp. and Pimenta spp.)",2024,31256
Azerbaijan,Cucumbers and gherkins,2022,123424
Azerbaijan,Cucumbers and gherkins,2023,110011
Azerbaijan,Cucumbers and gherkins,2024,108055
Azerbaijan,Currants,2022,3238
Azerbaijan,Currants,2023,3252
Azerbaijan,Currants,2024,3250
Azerbaijan,Eggplants (aubergines),2022,33280
Azerbaijan,Eggplants (aubergines),2023,32829
Azerbaijan,Eggplants (aubergines),2024,34937
Azerbaijan,"Eggs from other birds in shell, fresh, n.e.c.",2022,513
Azerbaijan,"Eggs from other birds in shell, fresh, n.e.c.",2023,513
Azerbaijan,"Eggs from other birds in shell, fresh, n.e.c.",2024,513
Azerbaijan,Figs,2022,9412
Azerbaijan,Figs,2023,9092
Azerbaijan,Figs,2024,8897
Azerbaijan,Grapes,2022,149207
Azerbaijan,Grapes,2023,157537
Azerbaijan,Grapes,2024,162387
Azerbaijan,Green garlic,2022,18919
Azerbaijan,Green garlic,2023,16302
Azerbaijan,Green garlic,2024,17171
Azerbaijan,"Hazelnuts, in shell",2022,143618
Azerbaijan,"Hazelnuts, in shell",2023,150201
Azerbaijan,"Hazelnuts, in shell",2024,150776
Azerbaijan,"Hen eggs in shell, fresh",2022,139707
Azerbaijan,"Hen eggs in shell, fresh",2023,151478
Azerbaijan,"Hen eggs in shell, fresh",2024,139493
Azerbaijan,Lemons and limes,2022,9618
Azerbaijan,Lemons and limes,2023,10535
Azerbaijan,Lemons and limes,2024,10052
Azerbaijan,"Lentils, dry",2022,793
Azerbaijan,"Lentils, dry",2023,657
Azerbaijan,"Lentils, dry",2024,705
Azerbaijan,Maize (corn),2022,74067
Azerbaijan,Maize (corn),2023,78848
Azerbaijan,Maize (corn),2024,83158
Azerbaijan,"Meat of cattle with the bone, fresh or chilled (indigenous)",2022,466249
Azerbaijan,"Meat of cattle with the bone, fresh or chilled (indigenous)",2023,467135
Azerbaijan,"Meat of cattle with the bone, fresh or chilled (indigenous)",2024,435429
Azerbaijan,"Meat of chickens, fresh or chilled (indigenous)",2022,313977
Azerbaijan,"Meat of chickens, fresh or chilled (indigenous)",2023,331798
Azerbaijan,"Meat of chickens, fresh or chilled (indigenous)",2024,343953
Azerbaijan,"Meat of pig with the bone, fresh or chilled (indigenous)",2022,1582
Azerbaijan,"Meat of pig with the bone, fresh or chilled (indigenous)",2023,1550
Azerbaijan,"Meat of pig with the bone, fresh or chilled (indigenous)",2024,1473
Azerbaijan,"Meat of sheep, fresh or chilled (indigenous)",2022,301868
Azerbaijan,"Meat of sheep, fresh or chilled (indigenous)",2023,294242
Azerbaijan,"Meat of sheep, fresh or chilled (indigenous)",2024,285774
Azerbaijan,Millet,2022,417
Azerbaijan,Millet,2023,1550
Azerbaijan,Millet,2024,1341
Azerbaijan,Mushrooms and truffles,2022,1525
Azerbaijan,Mushrooms and truffles,2023,1527
Azerbaijan,Mushrooms and truffles,2024,1529
Azerbaijan,Natural honey,2022,152758
Azerbaijan,Natural honey,2023,93346
Azerbaijan,Natural honey,2024,98870
Azerbaijan,Oats,2022,2043
Azerbaijan,Oats,2023,1737
Azerbaijan,Oats,2024,1600
Azerbaijan,Olives,2022,1569
Azerbaijan,Olives,2023,2815
Azerbaijan,Olives,2024,2169
Azerbaijan,"Onions and shallots, dry (excluding dehydrated)",2022,92729
Azerbaijan,"Onions and shallots, dry (excluding dehydrated)",2023,104545
Azerbaijan,"Onions and shallots, dry (excluding dehydrated)",2024,110364
Azerbaijan,Oranges,2022,5746
Azerbaijan,Oranges,2023,6633
Azerbaijan,Oranges,2024,7344
Azerbaijan,Other berries and fruits of the genus vaccinium n.e.c.,2022,55646
Azerbaijan,Other berries and fruits of the genus vaccinium n.e.c.,2023,57535
Azerbaijan,Other berries and fruits of the genus vaccinium n.e.c.,2024,59768
Azerbaijan,"Other citrus fruit, n.e.c.",2022,5319
Azerbaijan,"Other citrus fruit, n.e.c.",2023,5323
Azerbaijan,"Other citrus fruit, n.e.c.",2024,5312
Azerbaijan,"Other fruits, n.e.c.",2022,95676
Azerbaijan,"Other fruits, n.e.c.",2023,96034
Azerbaijan,"Other fruits, n.e.c.",2024,95655
Azerbaijan,"Other nuts (excluding wild edible nuts and groundnuts), in shell, n.e.c.",2022,8755
Azerbaijan,"Other nuts (excluding wild edible nuts and groundnuts), in shell, n.e.c.",2023,8771
Azerbaijan,"Other nuts (excluding wild edible nuts and groundnuts), in shell, n.e.c.",2024,8748
Azerbaijan,Other pulses n.e.c.,2022,9175
Azerbaijan,Other pulses n.e.c.,2023,4473
Azerbaijan,Other pulses n.e.c.,2024,4088
Azerbaijan,"Other vegetables, fresh n.e.c.",2022,51725
Azerbaijan,"Other vegetables, fresh n.e.c.",2023,49951
Azerbaijan,"Other vegetables, fresh n.e.c.",2024,47493
Azerbaijan,Peaches and nectarines,2022,37107
Azerbaijan,Peaches and nectarines,2023,41972
Azerbaijan,Peaches and nectarines,2024,42881
Azerbaijan,Pears,2022,47987
Azerbaijan,Pears,2023,45354
Azerbaijan,Pears,2024,45607
Azerbaijan,"Peas, dry",2022,9986
Azerbaijan,"Peas, dry",2023,12116
Azerbaijan,"Peas, dry",2024,14230
Azerbaijan,"Peas, green",2022,1404
Azerbaijan,"Peas, green",2023,1531
Azerbaijan,"Peas, green",2024,1666
Azerbaijan,Persimmons,2022,82139
Azerbaijan,Persimmons,2023,83373
Azerbaijan,Persimmons,2024,85738
Azerbaijan,"Pistachios, in shell",2022,34
Azerbaijan,"Pistachios, in shell",2023,34
Azerbaijan,"Pistachios, in shell",2024,33
Azerbaijan,Plums and sloes,2022,16304
Azerbaijan,Plums and sloes,2023,17324
Azerbaijan,Plums and sloes,2024,17726
Azerbaijan,Potatoes,2022,419181
Azerbaijan,Potatoes,2023,394308
Azerbaijan,Potatoes,2024,372256
Azerbaijan,"Pumpkins, squash and gourds",2022,9696
Azerbaijan,"Pumpkins, squash and gourds",2023,8778
Azerbaijan,"Pumpkins, squash and gourds",2024,8259
Azerbaijan,Quinces,2022,32450
Azerbaijan,Quinces,2023,32427
Azerbaijan,Quinces,2024,32648
Azerbaijan,Raspberries,2022,17061
Azerbaijan,Raspberries,2023,17053
Azerbaijan,Raspberries,2024,17054
Azerbaijan,Raw milk of cattle,2022,1053289
Azerbaijan,Raw milk of cattle,2023,1063008
Azerbaijan,Raw milk of cattle,2024,1050018
Azerbaijan,Raw milk of goats,2022,2805
Azerbaijan,Raw milk of goats,2023,2593
Azerbaijan,Raw milk of goats,2024,2548
Azerbaijan,Raw milk of sheep,2022,15568
Azerbaijan,Raw milk of sheep,2023,15122
Azerbaijan,Raw milk of sheep,2024,15420
Azerbaijan,Rice,2022,9272
Azerbaijan,Rice,2023,12090
Azerbaijan,Rice,2024,13231
Azerbaijan,Rye,2022,54
Azerbaijan,Rye,2023,52
Azerbaijan,Rye,2024,35
Azerbaijan,"Seed cotton, unginned",2022,133174
Azerbaijan,"Seed cotton, unginned",2023,114111
Azerbaijan,"Seed cotton, unginned",2024,98145
Azerbaijan,"Shorn wool, greasy, including fleece-washed shorn wool",2022,25237
Azerbaijan,"Shorn wool, greasy, including fleece-washed shorn wool",2023,24250
Azerbaijan,"Shorn wool, greasy, including fleece-washed shorn wool",2024,23578
Azerbaijan,Silk-worm cocoons suitable for reeling,2022,3493
Azerbaijan,Silk-worm cocoons suitable for reeling,2023,3653
Azerbaijan,Silk-worm cocoons suitable for reeling,2024,3420
Azerbaijan,Sorghum,2022,26
Azerbaijan,Sorghum,2023,13
Azerbaijan,Sorghum,2024,16
Azerbaijan,Sour cherries,2022,45105
Azerbaijan,Sour cherries,2023,47577
Azerbaijan,Sour cherries,2024,49036
Azerbaijan,Soya beans,2022,15
Azerbaijan,Soya beans,2023,15
Azerbaijan,Soya beans,2024,15
Azerbaijan,Sugar beet,2022,11140
Azerbaijan,Sugar beet,2023,10900
Azerbaijan,Sugar beet,2024,11882
Azerbaijan,Sunflower seed,2022,22745
Azerbaijan,Sunflower seed,2023,22630
Azerbaijan,Sunflower seed,2024,23564
Azerbaijan,"Tangerines, mandarins, clementines",2022,41527
Azerbaijan,"Tangerines, mandarins, clementines",2023,42668
Azerbaijan,"Tangerines, mandarins, clementines",2024,43140
Azerbaijan,Tea leaves,2022,883
Azerbaijan,Tea leaves,2023,991
Azerbaijan,Tea leaves,2024,1060
Azerbaijan,Tomatoes,2022,496513
Azerbaijan,Tomatoes,2023,507947
Azerbaijan,Tomatoes,2024,523242
Azerbaijan,Unmanufactured tobacco,2022,2965
Azerbaijan,Unmanufactured tobacco,2023,3708
Azerbaijan,Unmanufactured tobacco,2024,4551
Azerbaijan,"Walnuts, in shell",2022,35050
Azerbaijan,"Walnuts, in shell",2023,36841
Azerbaijan,"Walnuts, in shell",2024,34670
Azerbaijan,Watermelons,2022,63195
Azerbaijan,Watermelons,2023,59141
Azerbaijan,Watermelons,2024,57235
Azerbaijan,Wheat,2022,453430
Azerbaijan,Wheat,2023,480672
Azerbaijan,Wheat,2024,509803
Bangladesh,Areca nuts,2022,965756
Bangladesh,Areca nuts,2023,988507
Bangladesh,Areca nuts,2024,1030303
Bangladesh,Bananas,2022,271741
Bangladesh,Bananas,2023,276406
Bangladesh,Bananas,2024,267590
Bangladesh,Barley,2022,74
Bangladesh,Barley,2023,69
Bangladesh,Barley,2024,84
Bangladesh,"Beans, dry",2022,36910
Bangladesh,"Beans, dry",2023,39623
Bangladesh,"Beans, dry",2024,38455
Bangladesh,Cabbages,2022,50404
Bangladesh,Cabbages,2023,53886
Bangladesh,Cabbages,2024,57421
Bangladesh,Cantaloupes and other melons,2022,77861
Bangladesh,Cantaloupes and other melons,2023,80298
Bangladesh,Cantaloupes and other melons,2024,51922
Bangladesh,Castor oil seeds,2022,88
Bangladesh,Castor oil seeds,2023,88
Bangladesh,Castor oil seeds,2024,88
Bangladesh,Cauliflowers and broccoli,2022,60636
Bangladesh,Cauliflowers and broccoli,2023,60893
Bangladesh,Cauliflowers and broccoli,2024,76112
Bangladesh,"Chick peas, dry",2022,3377
Bangladesh,"Chick peas, dry",2023,5371
Bangladesh,"Chick peas, dry",2024,3518
Bangladesh,"Chillies and peppers, dry (Capsicum spp., Pimenta spp.), raw",2022,690888
Bangladesh,"Chillies and peppers, dry (Capsicum spp., Pimenta spp.), raw",2023,502544
Bangladesh,"Chillies and peppers, dry (Capsicum spp., Pimenta spp.), raw",2024,554990
Bangladesh,"Coconuts, in shell",2022,88456
Bangladesh,"Coconuts, in shell",2023,86672
Bangladesh,"Coconuts, in shell",2024,85971
Bangladesh,Cucumbers and gherkins,2022,37703
Bangladesh,Cucumbers and gherkins,2023,41513
Bangladesh,Cucumbers and gherkins,2024,43507
Bangladesh,"Eggs from other birds in shell, fresh, n.e.c.",2022,744198
Bangladesh,"Eggs from other birds in shell, fresh, n.e.c.",2023,744891
Bangladesh,"Eggs from other birds in shell, fresh, n.e.c.",2024,756667
Bangladesh,"Ginger, raw",2022,75923
Bangladesh,"Ginger, raw",2023,77377
Bangladesh,"Ginger, raw",2024,76868
Bangladesh,Green garlic,2022,490979
Bangladesh,Green garlic,2023,511564
Bangladesh,Green garlic,2024,491767
Bangladesh,"Groundnuts, excluding shelled",2022,61807
Bangladesh,"Groundnuts, excluding shelled",2023,55543
Bangladesh,"Groundnuts, excluding shelled",2024,62316
Bangladesh,"Hen eggs in shell, fresh",2022,2045186
Bangladesh,"Hen eggs in shell, fresh",2023,2047162
Bangladesh,"Hen eggs in shell, fresh",2024,2079865
Bangladesh,"Jute, raw or retted",2022,669656
Bangladesh,"Jute, raw or retted",2023,686254
Bangladesh,"Jute, raw or retted",2024,760903
Bangladesh,"Kenaf, and other textile bast fibres, raw or retted",2022,39
Bangladesh,"Kenaf, and other textile bast fibres, raw or retted",2023,39
Bangladesh,"Kenaf, and other textile bast fibres, raw or retted",2024,123
Bangladesh,Lemons and limes,2022,58632
Bangladesh,Lemons and limes,2023,61409
Bangladesh,Lemons and limes,2024,65489
Bangladesh,"Lentils, dry",2022,194199
Bangladesh,"Lentils, dry",2023,200396
Bangladesh,"Lentils, dry",2024,188168
Bangladesh,Linseed,2022,2314
Bangladesh,Linseed,2023,2219
Bangladesh,Linseed,2024,2119
Bangladesh,Maize (corn),2022,891659
Bangladesh,Maize (corn),2023,960840
Bangladesh,Maize (corn),2024,960840
Bangladesh,"Mangoes, guavas and mangosteens",2022,562317
Bangladesh,"Mangoes, guavas and mangosteens",2023,584095
Bangladesh,"Mangoes, guavas and mangosteens",2024,813347
Bangladesh,"Meat of buffalo, fresh or chilled (indigenous)",2022,8203
Bangladesh,"Meat of buffalo, fresh or chilled (indigenous)",2023,8269
Bangladesh,"Meat of buffalo, fresh or chilled (indigenous)",2024,8335
Bangladesh,"Meat of cattle with the bone, fresh or chilled (indigenous)",2022,256127
Bangladesh,"Meat of cattle with the bone, fresh or chilled (indigenous)",2023,257913
Bangladesh,"Meat of cattle with the bone, fresh or chilled (indigenous)",2024,259838
Bangladesh,"Meat of chickens, fresh or chilled (indigenous)",2022,278609
Bangladesh,"Meat of chickens, fresh or chilled (indigenous)",2023,285859
Bangladesh,"Meat of chickens, fresh or chilled (indigenous)",2024,292206
Bangladesh,"Meat of ducks, fresh or chilled (indigenous)",2022,57909
Bangladesh,"Meat of ducks, fresh or chilled (indigenous)",2023,59718
Bangladesh,"Meat of ducks, fresh or chilled (indigenous)",2024,61520
Bangladesh,"Meat of goat, fresh or chilled (indigenous)",2022,448470
Bangladesh,"Meat of goat, fresh or chilled (indigenous)",2023,458496
Bangladesh,"Meat of goat, fresh or chilled (indigenous)",2024,464290
Bangladesh,"Meat of sheep, fresh or chilled (indigenous)",2022,12474
Bangladesh,"Meat of sheep, fresh or chilled (indigenous)",2023,12724
Bangladesh,"Meat of sheep, fresh or chilled (indigenous)",2024,12976
Bangladesh,Millet,2022,1642
Bangladesh,Millet,2023,1626
Bangladesh,Millet,2024,1640
Bangladesh,Natural rubber in primary forms,2022,10000
Bangladesh,Natural rubber in primary forms,2023,10000
Bangladesh,Natural rubber in primary forms,2024,10000
Bangladesh,"Onions and shallots, dry (excluding dehydrated)",2022,983753
Bangladesh,"Onions and shallots, dry (excluding dehydrated)",2023,995448
Bangladesh,"Onions and shallots, dry (excluding dehydrated)",2024,1140197
Bangladesh,Oranges,2022,562
Bangladesh,Oranges,2023,573
Bangladesh,Oranges,2024,626
Bangladesh,"Other beans, green",2022,53937
Bangladesh,"Other beans, green",2023,56475
Bangladesh,"Other beans, green",2024,71810
Bangladesh,Other berries and fruits of the genus vaccinium n.e.c.,2022,59940
Bangladesh,Other berries and fruits of the genus vaccinium n.e.c.,2023,57188
Bangladesh,Other berries and fruits of the genus vaccinium n.e.c.,2024,56597
Bangladesh,"Other fibre crops, raw, n.e.c.",2022,199
Bangladesh,"Other fibre crops, raw, n.e.c.",2023,197
Bangladesh,"Other fibre crops, raw, n.e.c.",2024,196
Bangladesh,"Other fruits, n.e.c.",2022,129159
Bangladesh,"Other fruits, n.e.c.",2023,131575
Bangladesh,"Other fruits, n.e.c.",2024,154326
Bangladesh,"Other oil seeds, n.e.c.",2022,933
Bangladesh,"Other oil seeds, n.e.c.",2023,1239
Bangladesh,"Other oil seeds, n.e.c.",2024,1333
Bangladesh,Other pulses n.e.c.,2022,161963
Bangladesh,Other pulses n.e.c.,2023,164506
Bangladesh,Other pulses n.e.c.,2024,160743
Bangladesh,"Other stimulant, spice and aromatic crops, n.e.c.",2022,189567
Bangladesh,"Other stimulant, spice and aromatic crops, n.e.c.",2023,187108
Bangladesh,"Other stimulant, spice and aromatic crops, n.e.c.",2024,189337
Bangladesh,Other sugar crops n.e.c.,2022,8581
Bangladesh,Other sugar crops n.e.c.,2023,9275
Bangladesh,Other sugar crops n.e.c.,2024,8984
Bangladesh,"Other tropical fruits, n.e.c.",2022,153816
Bangladesh,"Other tropical fruits, n.e.c.",2023,154304
Bangladesh,"Other tropical fruits, n.e.c.",2024,151139
Bangladesh,"Other vegetables, fresh n.e.c.",2022,172328
Bangladesh,"Other vegetables, fresh n.e.c.",2023,177448
Bangladesh,"Other vegetables, fresh n.e.c.",2024,178434
Bangladesh,Papayas,2022,61884
Bangladesh,Papayas,2023,61030
Bangladesh,Papayas,2024,61383
Bangladesh,"Peas, dry",2022,4164
Bangladesh,"Peas, dry",2023,3947
Bangladesh,"Peas, dry",2024,4094
Bangladesh,"Pigeon peas, dry",2022,111
Bangladesh,"Pigeon peas, dry",2023,103
Bangladesh,"Pigeon peas, dry",2024,94
Bangladesh,Pineapples,2022,35563
Bangladesh,Pineapples,2023,33936
Bangladesh,Pineapples,2024,36022
Bangladesh,Pomelos and grapefruits,2022,42008
Bangladesh,Pomelos and grapefruits,2023,39450
Bangladesh,Pomelos and grapefruits,2024,39224
Bangladesh,Potatoes,2022,1857325
Bangladesh,Potatoes,2023,1909851
Bangladesh,Potatoes,2024,1940873
Bangladesh,"Pumpkins, squash and gourds",2022,132249
Bangladesh,"Pumpkins, squash and gourds",2023,135239
Bangladesh,"Pumpkins, squash and gourds",2024,146210
Bangladesh,Rape or colza seed,2022,230810
Bangladesh,Rape or colza seed,2023,308430
Bangladesh,Rape or colza seed,2024,359318
Bangladesh,Raw milk of buffalo,2022,76069
Bangladesh,Raw milk of buffalo,2023,81853
Bangladesh,Raw milk of buffalo,2024,87532
Bangladesh,Raw milk of cattle,2022,2815668
Bangladesh,Raw milk of cattle,2023,3029740
Bangladesh,Raw milk of cattle,2024,3239935
Bangladesh,Raw milk of goats,2022,242039
Bangladesh,Raw milk of goats,2023,260441
Bangladesh,Raw milk of goats,2024,278509
Bangladesh,Raw milk of sheep,2022,15643
Bangladesh,Raw milk of sheep,2023,16832
Bangladesh,Raw milk of sheep,2024,18000
Bangladesh,Rice,2022,13102885
Bangladesh,Rice,2023,13743596
Bangladesh,Rice,2024,13736627
Bangladesh,"Seed cotton, unginned",2022,12553
Bangladesh,"Seed cotton, unginned",2023,11974
Bangladesh,"Seed cotton, unginned",2024,12167
Bangladesh,Sesame seed,2022,18200
Bangladesh,Sesame seed,2023,17997
Bangladesh,Sesame seed,2024,17577
Bangladesh,"Shorn wool, greasy, including fleece-washed shorn wool",2022,2501
Bangladesh,"Shorn wool, greasy, including fleece-washed shorn wool",2023,2522
Bangladesh,"Shorn wool, greasy, including fleece-washed shorn wool",2024,2506
Bangladesh,Sorghum,2022,11
Bangladesh,Sorghum,2023,8
Bangladesh,Sorghum,2024,8
Bangladesh,Soya beans,2022,44830
Bangladesh,Soya beans,2023,48766
Bangladesh,Soya beans,2024,48550
Bangladesh,Spinach,2022,10337
Bangladesh,Spinach,2023,10589
Bangladesh,Spinach,2024,11169
Bangladesh,Sugar cane,2022,126487
Bangladesh,Sugar cane,2023,122190
Bangladesh,Sugar cane,2024,120188
Bangladesh,Sweet potatoes,2022,50951
Bangladesh,Sweet potatoes,2023,50952
Bangladesh,Sweet potatoes,2024,50676
Bangladesh,Tea leaves,2022,632965
Bangladesh,Tea leaves,2023,601120
Bangladesh,Tea leaves,2024,649179
Bangladesh,Tomatoes,2022,145622
Bangladesh,Tomatoes,2023,154480
Bangladesh,Tomatoes,2024,161817
Bangladesh,Unmanufactured tobacco,2022,81185
Bangladesh,Unmanufactured tobacco,2023,76135
Bangladesh,Unmanufactured tobacco,2024,86011
Bangladesh,Wheat,2022,293672
Bangladesh,Wheat,2023,299449
Bangladesh,Wheat,2024,317041
Barbados,Avocados,2022,738
Barbados,Avocados,2023,746
Barbados,Avocados,2024,744
Barbados,Bananas,2022,379
Barbados,Bananas,2023,1207
Barbados,Bananas,2024,1434
Barbados,"Beans, dry",2022,612
Barbados,"Beans, dry",2023,613
Barbados,"Beans, dry",2024,613
Barbados,Cabbages,2022,754
Barbados,Cabbages,2023,768
Barbados,Cabbages,2024,703
Barbados,Cantaloupes and other melons,2022,3338
Barbados,Cantaloupes and other melons,2023,1949
Barbados,Cantaloupes and other melons,2024,1497
Barbados,Carrots and turnips,2022,1032
Barbados,Carrots and turnips,2023,776
Barbados,Carrots and turnips,2024,426
Barbados,"Cassava, fresh",2022,1137
Barbados,"Cassava, fresh",2023,909
Barbados,"Cassava, fresh",2024,936
Barbados,"Chillies and peppers, green (Capsicum spp. and Pimenta spp.)",2022,815
Barbados,"Chillies and peppers, green (Capsicum spp. and Pimenta spp.)",2023,768
Barbados,"Chillies and peppers, green (Capsicum spp. and Pimenta spp.)",2024,569
Barbados,"Coconuts, in shell",2022,2842
Barbados,"Coconuts, in shell",2023,2864
Barbados,"Coconuts, in shell",2024,2980
Barbados,Cucumbers and gherkins,2022,1643
Barbados,Cucumbers and gherkins,2023,1387
Barbados,Cucumbers and gherkins,2024,900
Barbados,Green corn (maize),2022,596
Barbados,Green corn (maize),2023,593
Barbados,Green corn (maize),2024,590
Barbados,"Groundnuts, excluding shelled",2022,40
Barbados,"Groundnuts, excluding shelled",2023,37
Barbados,"Groundnuts, excluding shelled",2024,40
Barbados,"Hen eggs in shell, fresh",2022,14473
Barbados,"Hen eggs in shell, fresh",2023,14286
Barbados,"Hen eggs in shell, fresh",2024,13643
Barbados,Lettuce and chicory,2022,1261
Barbados,Lettuce and chicory,2023,1331
Barbados,Lettuce and chicory,2024,721
Barbados,Maize (corn),2022,51
Barbados,Maize (corn),2023,42
Barbados,Maize (corn),2024,1
Barbados,"Meat of cattle with the bone, fresh or chilled (indigenous)",2022,1362
Barbados,"Meat of cattle with the bone, fresh or chilled (indigenous)",2023,1144
Barbados,"Meat of cattle with the bone, fresh or chilled (indigenous)",2024,992
Barbados,"Meat of chickens, fresh or chilled (indigenous)",2022,50090
Barbados,"Meat of chickens, fresh or chilled (indigenous)",2023,49651
Barbados,"Meat of chickens, fresh or chilled (indigenous)",2024,41255
Barbados,"Meat of goat, fresh or chilled (indigenous)",2022,436
Barbados,"Meat of goat, fresh or chilled (indigenous)",2023,443
Barbados,"Meat of goat, fresh or chilled (indigenous)",2024,443
Barbados,"Meat of pig with the bone, fresh or chilled (indigenous)",2022,13942
Barbados,"Meat of pig with the bone, fresh or chilled (indigenous)",2023,14282
Barbados,"Meat of pig with the bone, fresh or chilled (indigenous)",2024,15484
Barbados,"Meat of sheep, fresh or chilled (indigenous)",2022,620
Barbados,"Meat of sheep, fresh or chilled (indigenous)",2023,670
Barbados,"Meat of sheep, fresh or chilled (indigenous)",2024,658
Barbados,"Meat of turkeys, fresh or chilled (indigenous)",2022,441
Barbados,"Meat of turkeys, fresh or chilled (indigenous)",2023,613
Barbados,"Meat of turkeys, fresh or chilled (indigenous)",2024,606
Barbados,Okra,2022,1457
Barbados,Okra,2023,1353
Barbados,Okra,2024,1108
Barbados,"Onions and shallots, dry (excluding dehydrated)",2022,3168
Barbados,"Onions and shallots, dry (excluding dehydrated)",2023,1985
Barbados,"Onions and shallots, dry (excluding dehydrated)",2024,1483
Barbados,"Other fruits, n.e.c.",2022,1906
Barbados,"Other fruits, n.e.c.",2023,1913
Barbados,"Other fruits, n.e.c.",2024,1911
Barbados,Other pulses n.e.c.,2022,5431
Barbados,Other pulses n.e.c.,2023,5452
Barbados,Other pulses n.e.c.,2024,5476
Barbados,"Other tropical fruits, n.e.c.",2022,2801
Barbados,"Other tropical fruits, n.e.c.",2023,2812
Barbados,"Other tropical fruits, n.e.c.",2024,2823
Barbados,"Other vegetables, fresh n.e.c.",2022,14788
Barbados,"Other vegetables, fresh n.e.c.",2023,14874
Barbados,"Other vegetables, fresh n.e.c.",2024,14961
Barbados,Plantains and cooking bananas,2022,487
Barbados,Plantains and cooking bananas,2023,709
Barbados,Plantains and cooking bananas,2024,684
Barbados,"Pumpkins, squash and gourds",2022,696
Barbados,"Pumpkins, squash and gourds",2023,653
Barbados,"Pumpkins, squash and gourds",2024,511
Barbados,Raw milk of cattle,2022,4601
Barbados,Raw milk of cattle,2023,4692
Barbados,Raw milk of cattle,2024,4746
Barbados,String beans,2022,759
Barbados,String beans,2023,951
Barbados,String beans,2024,727
Barbados,Sugar cane,2022,2807
Barbados,Sugar cane,2023,2750
Barbados,Sugar cane,2024,1897
Barbados,Sweet potatoes,2022,5782
Barbados,Sweet potatoes,2023,6168
Barbados,Sweet potatoes,2024,4531
Barbados,Taro,2022,197
Barbados,Taro,2023,196
Barbados,Taro,2024,196
Barbados,Tomatoes,2022,2058
Barbados,Tomatoes,2023,1890
Barbados,Tomatoes,2024,1507
Barbados,Yams,2022,3407
Barbados,Yams,2023,1516
Barbados,Yams,2024,1144
Belarus,Apples,2022,106006
Belarus,Apples,2023,106006
Belarus,Apples,2024,106006
Belarus,Barley,2022,217471
Belarus,Barley,2023,166727
Belarus,Barley,2024,159478
Belarus,"Beans, dry",2022,180597
Belarus,"Beans, dry",2023,172343
Belarus,"Beans, dry",2024,173609
Belarus,Buckwheat,2022,7842
Belarus,Buckwheat,2023,7869
Belarus,Buckwheat,2024,8504
Belarus,Cabbages,2022,76457
Belarus,Cabbages,2023,73536
Belarus,Cabbages,2024,72233
Belarus,Carrots and turnips,2022,66875
Belarus,Carrots and turnips,2023,66528
Belarus,Carrots and turnips,2024,66860
Belarus,Cereals n.e.c.,2022,3076
Belarus,Cereals n.e.c.,2023,2888
Belarus,Cereals n.e.c.,2024,2875
Belarus,Cherries,2022,6908
Belarus,Cherries,2023,7021
Belarus,Cherries,2024,6953
Belarus,Cranberries,2022,280
Belarus,Cranberries,2023,217
Belarus,Cranberries,2024,175
Belarus,Cucumbers and gherkins,2022,206944
Belarus,Cucumbers and gherkins,2023,205832
Belarus,Cucumbers and gherkins,2024,206144
Belarus,"Eggs from other birds in shell, fresh, n.e.c.",2022,1108
Belarus,"Eggs from other birds in shell, fresh, n.e.c.",2023,1108
Belarus,"Eggs from other birds in shell, fresh, n.e.c.",2024,1108
Belarus,"Flax, processed but not spun",2022,19541
Belarus,"Flax, processed but not spun",2023,15274
Belarus,"Flax, processed but not spun",2024,18464
Belarus,Green garlic,2022,53606
Belarus,Green garlic,2023,52199
Belarus,Green garlic,2024,50380
Belarus,"Hazelnuts, in shell",2022,167
Belarus,"Hazelnuts, in shell",2023,165
Belarus,"Hazelnuts, in shell",2024,167
Belarus,"Hen eggs in shell, fresh",2022,273794
Belarus,"Hen eggs in shell, fresh",2023,271935
Belarus,"Hen eggs in shell, fresh",2024,293648
Belarus,"Horse meat, fresh or chilled (indigenous)",2022,382
Belarus,"Horse meat, fresh or chilled (indigenous)",2023,254
Belarus,"Horse meat, fresh or chilled (indigenous)",2024,270
Belarus,Linseed,2022,3605
Belarus,Linseed,2023,3605
Belarus,Linseed,2024,3605
Belarus,Lupins,2022,1147
Belarus,Lupins,2023,1083
Belarus,Lupins,2024,993
Belarus,Maize (corn),2022,321826
Belarus,Maize (corn),2023,330078
Belarus,Maize (corn),2024,561132
Belarus,"Meat of cattle with the bone, fresh or chilled (indigenous)",2022,850239
Belarus,"Meat of cattle with the bone, fresh or chilled (indigenous)",2023,925572
Belarus,"Meat of cattle with the bone, fresh or chilled (indigenous)",2024,985501
Belarus,"Meat of chickens, fresh or chilled (indigenous)",2022,633785
Belarus,"Meat of chickens, fresh or chilled (indigenous)",2023,604405
Belarus,"Meat of chickens, fresh or chilled (indigenous)",2024,691866
Belarus,"Meat of pig with the bone, fresh or chilled (indigenous)",2022,758626
Belarus,"Meat of pig with the bone, fresh or chilled (indigenous)",2023,785659
Belarus,"Meat of pig with the bone, fresh or chilled (indigenous)",2024,781913
Belarus,"Meat of sheep, fresh or chilled (indigenous)",2022,6261
Belarus,"Meat of sheep, fresh or chilled (indigenous)",2023,6261
Belarus,"Meat of sheep, fresh or chilled (indigenous)",2024,5635
Belarus,Mushrooms and truffles,2022,6314
Belarus,Mushrooms and truffles,2023,7594
Belarus,Mushrooms and truffles,2024,7704
Belarus,Natural honey,2022,8375
Belarus,Natural honey,2023,8656
Belarus,Natural honey,2024,8946
Belarus,Oats,2022,39945
Belarus,Oats,2023,37282
Belarus,Oats,2024,34087
Belarus,"Onions and shallots, dry (excluding dehydrated)",2022,52998
Belarus,"Onions and shallots, dry (excluding dehydrated)",2023,53406
Belarus,"Onions and shallots, dry (excluding dehydrated)",2024,54473
Belarus,"Other nuts (excluding wild edible nuts and groundnuts), in shell, n.e.c.",2022,300
Belarus,"Other nuts (excluding wild edible nuts and groundnuts), in shell, n.e.c.",2023,299
Belarus,"Other nuts (excluding wild edible nuts and groundnuts), in shell, n.e.c.",2024,300
Belarus,"Other vegetables, fresh n.e.c.",2022,73525
Belarus,"Other vegetables, fresh n.e.c.",2023,73430
Belarus,"Other vegetables, fresh n.e.c.",2024,73791
Belarus,Pears,2022,19657
Belarus,Pears,2023,19657
Belarus,Pears,2024,19657
Belarus,"Peas, dry",2022,20658
Belarus,"Peas, dry",2023,21325
Belarus,"Peas, dry",2024,21103
Belarus,"Peas, green",2022,1352
Belarus,"Peas, green",2023,1302
Belarus,"Peas, green",2024,1260
Belarus,Plums and sloes,2022,5858
Belarus,Plums and sloes,2023,5486
Belarus,Plums and sloes,2024,5377
Belarus,Potatoes,2022,594715
Belarus,Potatoes,2023,619690
Belarus,Potatoes,2024,479449
Belarus,Rape or colza seed,2022,252792
Belarus,Rape or colza seed,2023,281828
Belarus,Rape or colza seed,2024,326266
Belarus,Raw milk of cattle,2022,2388477
Belarus,Raw milk of cattle,2023,2528708
Belarus,Raw milk of cattle,2024,2656190
Belarus,Raw milk of goats,2022,5060
Belarus,Raw milk of goats,2023,4944
Belarus,Raw milk of goats,2024,4782
Belarus,Rye,2022,73229
Belarus,Rye,2023,76158
Belarus,Rye,2024,78111
Belarus,"Shorn wool, greasy, including fleece-washed shorn wool",2022,38
Belarus,"Shorn wool, greasy, including fleece-washed shorn wool",2023,34
Belarus,"Shorn wool, greasy, including fleece-washed shorn wool",2024,32
Belarus,Sour cherries,2022,28035
Belarus,Sour cherries,2023,29690
Belarus,Sour cherries,2024,30481
Belarus,Strawberries,2022,166078
Belarus,Strawberries,2023,167740
Belarus,Strawberries,2024,166579
Belarus,Sugar beet,2022,150753
Belarus,Sugar beet,2023,172794
Belarus,Sugar beet,2024,176593
Belarus,Sunflower seed,2022,678
Belarus,Sunflower seed,2023,1016
Belarus,Sunflower seed,2024,1694
Belarus,Tomatoes,2022,330172
Belarus,Tomatoes,2023,336682
Belarus,Tomatoes,2024,346980
Belarus,Triticale,2022,154721
Belarus,Triticale,2023,127058
Belarus,Triticale,2024,127408
Belarus,Vetches,2022,10247
Belarus,Vetches,2023,9216
Belarus,Vetches,2024,8333
Belarus,"Walnuts, in shell",2022,2451
Belarus,"Walnuts, in shell",2023,2438
Belarus,"Walnuts, in shell",2024,2440
Belarus,Wheat,2022,446047
Belarus,Wheat,2023,369142
Belarus,Wheat,2024,422975
Belize,Bananas,2022,32814
Belize,Bananas,2023,25586
Belize,Bananas,2024,32381
Belize,"Beans, dry",2022,9577
Belize,"Beans, dry",2023,5116
Belize,"Beans, dry",2024,5291
Belize,Cabbages,2022,877
Belize,Cabbages,2023,1115
Belize,Cabbages,2024,922
Belize,Cantaloupes and other melons,2022,769
Belize,Cantaloupes and other melons,2023,687
Belize,Cantaloupes and other melons,2024,605
Belize,Carrots and turnips,2022,954
Belize,Carrots and turnips,2023,420
Belize,Carrots and turnips,2024,639
Belize,"Cassava, fresh",2022,544
Belize,"Cassava, fresh",2023,498
Belize,"Cassava, fresh",2024,265
Belize,"Chillies and peppers, green (Capsicum spp. and Pimenta spp.)",2022,481
Belize,"Chillies and peppers, green (Capsicum spp. and Pimenta spp.)",2023,540
Belize,"Chillies and peppers, green (Capsicum spp. and Pimenta spp.)",2024,544
Belize,Cocoa beans,2022,553
Belize,Cocoa beans,2023,342
Belize,Cocoa beans,2024,331
Belize,"Coconuts, in shell",2022,905
Belize,"Coconuts, in shell",2023,907
Belize,"Coconuts, in shell",2024,959
Belize,"Coffee, green",2022,210
Belize,"Coffee, green",2023,210
Belize,"Coffee, green",2024,210
Belize,Cucumbers and gherkins,2022,92
Belize,Cucumbers and gherkins,2023,159
Belize,Cucumbers and gherkins,2024,141
Belize,"Edible roots and tubers with high starch or inulin content, n.e.c., fresh",2022,138
Belize,"Edible roots and tubers with high starch or inulin content, n.e.c., fresh",2023,139
Belize,"Edible roots and tubers with high starch or inulin content, n.e.c., fresh",2024,139
Belize,"Groundnuts, excluding shelled",2022,571
Belize,"Groundnuts, excluding shelled",2023,630
Belize,"Groundnuts, excluding shelled",2024,569
Belize,"Hen eggs in shell, fresh",2022,6906
Belize,"Hen eggs in shell, fresh",2023,6882
Belize,"Hen eggs in shell, fresh",2024,6980
Belize,Maize (corn),2022,29226
Belize,Maize (corn),2023,29691
Belize,Maize (corn),2024,27704
Belize,"Mangoes, guavas and mangosteens",2022,5
Belize,"Mangoes, guavas and mangosteens",2023,20
Belize,"Mangoes, guavas and mangosteens",2024,21
Belize,"Meat of cattle with the bone, fresh or chilled (indigenous)",2022,4810
Belize,"Meat of cattle with the bone, fresh or chilled (indigenous)",2023,4860
Belize,"Meat of cattle with the bone, fresh or chilled (indigenous)",2024,5513
Belize,"Meat of chickens, fresh or chilled (indigenous)",2022,56817
Belize,"Meat of chickens, fresh or chilled (indigenous)",2023,61444
Belize,"Meat of chickens, fresh or chilled (indigenous)",2024,65870
Belize,"Meat of ducks, fresh or chilled (indigenous)",2022,26
Belize,"Meat of ducks, fresh or chilled (indigenous)",2023,26
Belize,"Meat of ducks, fresh or chilled (indigenous)",2024,26
Belize,"Meat of goat, fresh or chilled (indigenous)",2022,1
Belize,"Meat of goat, fresh or chilled (indigenous)",2023,1
Belize,"Meat of goat, fresh or chilled (indigenous)",2024,1
Belize,"Meat of pig with the bone, fresh or chilled (indigenous)",2022,4027
Belize,"Meat of pig with the bone, fresh or chilled (indigenous)",2023,4028
Belize,"Meat of pig with the bone, fresh or chilled (indigenous)",2024,4262
Belize,"Meat of sheep, fresh or chilled (indigenous)",2022,130
Belize,"Meat of sheep, fresh or chilled (indigenous)",2023,134
Belize,"Meat of sheep, fresh or chilled (indigenous)",2024,132
Belize,"Meat of turkeys, fresh or chilled (indigenous)",2022,14
Belize,"Meat of turkeys, fresh or chilled (indigenous)",2023,15
Belize,"Meat of turkeys, fresh or chilled (indigenous)",2024,14
Belize,Natural honey,2022,184
Belize,Natural honey,2023,190
Belize,Natural honey,2024,172
Belize,Okra,2022,19
Belize,Okra,2023,36
Belize,Okra,2024,10
Belize,"Onions and shallots, green",2022,1602
Belize,"Onions and shallots, green",2023,799
Belize,"Onions and shallots, green",2024,1510
Belize,Oranges,2022,6311
Belize,Oranges,2023,1322
Belize,Oranges,2024,1524
Belize,"Other fruits, n.e.c.",2022,281
Belize,"Other fruits, n.e.c.",2023,281
Belize,"Other fruits, n.e.c.",2024,281
Belize,"Other vegetables, fresh n.e.c.",2022,6849
Belize,"Other vegetables, fresh n.e.c.",2023,6824
Belize,"Other vegetables, fresh n.e.c.",2024,6836
Belize,Papayas,2022,222
Belize,Papayas,2023,193
Belize,Papayas,2024,846
Belize,"Peas, dry",2022,1662
Belize,"Peas, dry",2023,658
Belize,"Peas, dry",2024,1067
Belize,Pineapples,2022,2808
Belize,Pineapples,2023,2841
Belize,Pineapples,2024,2215
Belize,Plantains and cooking bananas,2022,1770
Belize,Plantains and cooking bananas,2023,1996
Belize,Plantains and cooking bananas,2024,2503
Belize,Pomelos and grapefruits,2022,1129
Belize,Pomelos and grapefruits,2023,485
Belize,Pomelos and grapefruits,2024,322
Belize,Potatoes,2022,522
Belize,Potatoes,2023,1305
Belize,Potatoes,2024,1229
Belize,"Pumpkins, squash and gourds",2022,58
Belize,"Pumpkins, squash and gourds",2023,74
Belize,"Pumpkins, squash and gourds",2024,73
Belize,Raw milk of cattle,2022,2805
Belize,Raw milk of cattle,2023,3349
Belize,Raw milk of cattle,2024,2662
Belize,Rice,2022,4525
Belize,Rice,2023,5213
Belize,Rice,2024,4941
Belize,Sorghum,2022,4440
Belize,Sorghum,2023,6447
Belize,Sorghum,2024,5166
Belize,Soya beans,2022,10983
Belize,Soya beans,2023,11779
Belize,Soya beans,2024,10687
Belize,Sugar cane,2022,72405
Belize,Sugar cane,2023,59772
Belize,Sugar cane,2024,67017
Belize,Sweet potatoes,2022,178
Belize,Sweet potatoes,2023,162
Belize,Sweet potatoes,2024,160
Belize,Tomatoes,2022,961
Belize,Tomatoes,2023,1076
Belize,Tomatoes,2024,937
Belize,Watermelons,2022,1257
Belize,Watermelons,2023,1380
Belize,Watermelons,2024,1785
Belize,Yams,2022,37
Belize,Yams,2023,38
Belize,Yams,2024,34
Belize,Yautia,2022,29
Belize,Yautia,2023,16
Belize,Yautia,2024,17
Benin,"Cassava, fresh",2022,1598984
Benin,"Cassava, fresh",2023,1635513
Benin,"Cassava, fresh",2024,1635131
Benin,Maize (corn),2022,461929
Benin,Maize (corn),2023,587322
Benin,Maize (corn),2024,597467
Benin,Millet,2022,9937
Benin,Millet,2023,14179
Benin,Millet,2024,12593
Benin,Okra,2022,36108
Benin,Okra,2023,55535
Benin,Okra,2024,49421
Benin,"Other vegetables, fresh n.e.c.",2022,74655
Benin,"Other vegetables, fresh n.e.c.",2023,75382
Benin,"Other vegetables, fresh n.e.c.",2024,76162
Benin,Potatoes,2022,434
Benin,Potatoes,2023,398
Benin,Potatoes,2024,637
Benin,Raw milk of cattle,2022,21822
Benin,Raw milk of cattle,2023,26057
Benin,Raw milk of cattle,2024,28474
Benin,Raw milk of goats,2022,7127
Benin,Raw milk of goats,2023,7258
Benin,Raw milk of goats,2024,7391
Benin,Rice,2022,345404
Benin,Rice,2023,324096
Benin,Rice,2024,329345
Benin,"Seed cotton, unginned",2022,233276
Benin,"Seed cotton, unginned",2023,237189
Benin,"Seed cotton, unginned",2024,252262
Benin,Sorghum,2022,36845
Benin,Sorghum,2023,44624
Benin,Sorghum,2024,82824
Benin,Sweet potatoes,2022,20604
Benin,Sweet potatoes,2023,28209
Benin,Sweet potatoes,2024,40930
Benin,Taro,2022,1634
Benin,Taro,2023,2442
Benin,Taro,2024,3395
Benin,Tomatoes,2022,189138
Benin,Tomatoes,2023,198154
Benin,Tomatoes,2024,203947
Benin,Yams,2022,1447389
Benin,Yams,2023,1495202
Benin,Yams,2024,1509781
Bhutan,Apples,2022,1262
Bhutan,Apples,2023,1315
Bhutan,Apples,2024,1193
Bhutan,Areca nuts,2022,10423
Bhutan,Areca nuts,2023,10707
Bhutan,Areca nuts,2024,13519
Bhutan,Asparagus,2022,196
Bhutan,Asparagus,2023,164
Bhutan,Asparagus,2024,141
Bhutan,Bananas,2022,800
Bhutan,Bananas,2023,879
Bhutan,Bananas,2024,767
Bhutan,Barley,2022,306
Bhutan,Barley,2023,258
Bhutan,Barley,2024,262
Bhutan,"Beans, dry",2022,384
Bhutan,"Beans, dry",2023,373
Bhutan,"Beans, dry",2024,627
Bhutan,Buckwheat,2022,654
Bhutan,Buckwheat,2023,557
Bhutan,Buckwheat,2024,588
Bhutan,Cabbages,2022,1114
Bhutan,Cabbages,2023,960
Bhutan,Cabbages,2024,800
Bhutan,Carrots and turnips,2022,2027
Bhutan,Carrots and turnips,2023,2581
Bhutan,Carrots and turnips,2024,2758
Bhutan,Cauliflowers and broccoli,2022,1301
Bhutan,Cauliflowers and broccoli,2023,1074
Bhutan,Cauliflowers and broccoli,2024,1171
Bhutan,Cereals n.e.c.,2022,1179
Bhutan,Cereals n.e.c.,2023,1182
Bhutan,Cereals n.e.c.,2024,1185
Bhutan,"Chillies and peppers, dry (Capsicum spp., Pimenta spp.), raw",2022,240
Bhutan,"Chillies and peppers, dry (Capsicum spp., Pimenta spp.), raw",2023,234
Bhutan,"Chillies and peppers, dry (Capsicum spp., Pimenta spp.), raw",2024,237
Bhutan,"Chillies and peppers, green (Capsicum spp. and Pimenta spp.)",2022,5341
Bhutan,"Chillies and peppers, green (Capsicum spp. and Pimenta spp.)",2023,4660
Bhutan,"Chillies and peppers, green (Capsicum spp. and Pimenta spp.)",2024,5379
Bhutan,"Edible roots and tubers with high starch or inulin content, n.e.c., fresh",2022,23258
Bhutan,"Edible roots and tubers with high starch or inulin content, n.e.c., fresh",2023,23327
Bhutan,"Edible roots and tubers with high starch or inulin content, n.e.c., fresh",2024,23326
Bhutan,Eggplants (aubergines),2022,92
Bhutan,Eggplants (aubergines),2023,76
Bhutan,Eggplants (aubergines),2024,87
Bhutan,"Ginger, raw",2022,2779
Bhutan,"Ginger, raw",2023,2304
Bhutan,"Ginger, raw",2024,2536
Bhutan,Green garlic,2022,386
Bhutan,Green garlic,2023,476
Bhutan,Green garlic,2024,174
Bhutan,"Hen eggs in shell, fresh",2022,14069
Bhutan,"Hen eggs in shell, fresh",2023,11932
Bhutan,"Hen eggs in shell, fresh",2024,13669
Bhutan,"Jute, raw or retted",2022,437
Bhutan,"Jute, raw or retted",2023,438
Bhutan,"Jute, raw or retted",2024,438
Bhutan,Lemons and limes,2022,54
Bhutan,Lemons and limes,2023,103
Bhutan,Lemons and limes,2024,103
Bhutan,Maize (corn),2022,12305
Bhutan,Maize (corn),2023,11896
Bhutan,Maize (corn),2024,13088
Bhutan,"Mangoes, guavas and mangosteens",2022,679
Bhutan,"Mangoes, guavas and mangosteens",2023,767
Bhutan,"Mangoes, guavas and mangosteens",2024,838
Bhutan,"Meat of buffalo, fresh or chilled (indigenous)",2022,372
Bhutan,"Meat of buffalo, fresh or chilled (indigenous)",2023,382
Bhutan,"Meat of buffalo, fresh or chilled (indigenous)",2024,406
Bhutan,"Meat of cattle with the bone, fresh or chilled (indigenous)",2022,6798
Bhutan,"Meat of cattle with the bone, fresh or chilled (indigenous)",2023,5470
Bhutan,"Meat of cattle with the bone, fresh or chilled (indigenous)",2024,4804
Bhutan,"Meat of chickens, fresh or chilled (indigenous)",2022,2298
Bhutan,"Meat of chickens, fresh or chilled (indigenous)",2023,1625
Bhutan,"Meat of chickens, fresh or chilled (indigenous)",2024,1937
Bhutan,"Meat of goat, fresh or chilled (indigenous)",2022,725
Bhutan,"Meat of goat, fresh or chilled (indigenous)",2023,963
Bhutan,"Meat of goat, fresh or chilled (indigenous)",2024,877
Bhutan,"Meat of pig with the bone, fresh or chilled (indigenous)",2022,3925
Bhutan,"Meat of pig with the bone, fresh or chilled (indigenous)",2023,5068
Bhutan,"Meat of pig with the bone, fresh or chilled (indigenous)",2024,4957
Bhutan,"Meat of sheep, fresh or chilled (indigenous)",2022,45
Bhutan,"Meat of sheep, fresh or chilled (indigenous)",2023,52
Bhutan,"Meat of sheep, fresh or chilled (indigenous)",2024,45
Bhutan,Millet,2022,216
Bhutan,Millet,2023,190
Bhutan,Millet,2024,208
Bhutan,Mustard seed,2022,163
Bhutan,Mustard seed,2023,186
Bhutan,Mustard seed,2024,167
Bhutan,"Nutmeg, mace, cardamoms, raw",2022,33933
Bhutan,"Nutmeg, mace, cardamoms, raw",2023,22120
Bhutan,"Nutmeg, mace, cardamoms, raw",2024,22478
Bhutan,"Onions and shallots, dry (excluding dehydrated)",2022,190
Bhutan,"Onions and shallots, dry (excluding dehydrated)",2023,132
Bhutan,"Onions and shallots, dry (excluding dehydrated)",2024,141
Bhutan,Oranges,2022,21169
Bhutan,Oranges,2023,24267
Bhutan,Oranges,2024,23878
Bhutan,"Other beans, green",2022,954
Bhutan,"Other beans, green",2023,954
Bhutan,"Other beans, green",2024,1111
Bhutan,"Other fruits, n.e.c.",2022,9
Bhutan,"Other fruits, n.e.c.",2023,13
Bhutan,"Other fruits, n.e.c.",2024,3
Bhutan,Other pulses n.e.c.,2022,749
Bhutan,Other pulses n.e.c.,2023,750
Bhutan,Other pulses n.e.c.,2024,749
Bhutan,"Other stimulant, spice and aromatic crops, n.e.c.",2022,4757
Bhutan,"Other stimulant, spice and aromatic crops, n.e.c.",2023,4758
Bhutan,"Other stimulant, spice and aromatic crops, n.e.c.",2024,4760
Bhutan,"Other vegetables, fresh n.e.c.",2022,3414
Bhutan,"Other vegetables, fresh n.e.c.",2023,3775
Bhutan,"Other vegetables, fresh n.e.c.",2024,3575
Bhutan,Peaches and nectarines,2022,288
Bhutan,Peaches and nectarines,2023,271
Bhutan,Peaches and nectarines,2024,257
Bhutan,Pears,2022,459
Bhutan,Pears,2023,405
Bhutan,Pears,2024,406
Bhutan,"Peas, green",2022,194
Bhutan,"Peas, green",2023,204
Bhutan,"Peas, green",2024,170
Bhutan,Pineapples,2022,40
Bhutan,Pineapples,2023,56
Bhutan,Pineapples,2024,51
Bhutan,Plums and sloes,2022,125
Bhutan,Plums and sloes,2023,110
Bhutan,Plums and sloes,2024,109
Bhutan,Potatoes,2022,10857
Bhutan,Potatoes,2023,13159
Bhutan,Potatoes,2024,13169
Bhutan,"Pumpkins, squash and gourds",2022,2792
Bhutan,"Pumpkins, squash and gourds",2023,3041
Bhutan,"Pumpkins, squash and gourds",2024,2887
Bhutan,Raw milk of cattle,2022,22979
Bhutan,Raw milk of cattle,2023,23835
Bhutan,Raw milk of cattle,2024,23949
Bhutan,Rice,2022,26288
Bhutan,Rice,2023,26131
Bhutan,Rice,2024,26600
Bhutan,Soya beans,2022,66
Bhutan,Soya beans,2023,76
Bhutan,Soya beans,2024,92
Bhutan,Sugar cane,2022,104
Bhutan,Sugar cane,2023,94
Bhutan,Sugar cane,2024,94
Bhutan,Sweet potatoes,2022,14
Bhutan,Sweet potatoes,2023,17
Bhutan,Sweet potatoes,2024,22
Bhutan,Tomatoes,2022,116
Bhutan,Tomatoes,2023,116
Bhutan,Tomatoes,2024,103
Bhutan,Unmanufactured tobacco,2022,1474
Bhutan,Unmanufactured tobacco,2023,1478
Bhutan,Unmanufactured tobacco,2024,1478
Bhutan,"Walnuts, in shell",2022,204
Bhutan,"Walnuts, in shell",2023,204
Bhutan,"Walnuts, in shell",2024,213
Bhutan,Watermelons,2022,59
Bhutan,Watermelons,2023,28
Bhutan,Watermelons,2024,30
Bhutan,Wheat,2022,420
Bhutan,Wheat,2023,457
Bhutan,Wheat,2024,457
Bolivia (Plurinational State of),Apples,2022,1493
Bolivia (Plurinational State of),Apples,2023,1468
Bolivia (Plurinational State of),Apples,2024,1486
Bolivia (Plurinational State of),Avocados,2022,5663
Bolivia (Plurinational State of),Avocados,2023,5715
Bolivia (Plurinational State of),Avocados,2024,5667
Bolivia (Plurinational State of),Bananas,2022,64762
Bolivia (Plurinational State of),Bananas,2023,64204
Bolivia (Plurinational State of),Bananas,2024,63387
Bolivia (Plurinational State of),Barley,2022,13003
Bolivia (Plurinational State of),Barley,2023,13092
Bolivia (Plurinational State of),Barley,2024,13027
Bolivia (Plurinational State of),"Beans, dry",2022,70828
Bolivia (Plurinational State of),"Beans, dry",2023,70087
Bolivia (Plurinational State of),"Beans, dry",2024,68926
Bolivia (Plurinational State of),"Brazil nuts, in shell",2022,17765
Bolivia (Plurinational State of),"Brazil nuts, in shell",2023,17581
Bolivia (Plurinational State of),"Brazil nuts, in shell",2024,17737
Bolivia (Plurinational State of),"Broad beans and horse beans, dry",2022,6601
Bolivia (Plurinational State of),"Broad beans and horse beans, dry",2023,6602
Bolivia (Plurinational State of),"Broad beans and horse beans, dry",2024,6602
Bolivia (Plurinational State of),"Broad beans and horse beans, green",2022,10928
Bolivia (Plurinational State of),"Broad beans and horse beans, green",2023,9846
Bolivia (Plurinational State of),"Broad beans and horse beans, green",2024,10765
Bolivia (Plurinational State of),Cabbages,2022,1651
Bolivia (Plurinational State of),Cabbages,2023,1683
Bolivia (Plurinational State of),Cabbages,2024,1651
Bolivia (Plurinational State of),Carrots and turnips,2022,14446
Bolivia (Plurinational State of),Carrots and turnips,2023,15309
Bolivia (Plurinational State of),Carrots and turnips,2024,13097
Bolivia (Plurinational State of),"Cassava, fresh",2022,48424
Bolivia (Plurinational State of),"Cassava, fresh",2023,54047
Bolivia (Plurinational State of),"Cassava, fresh",2024,47648
Bolivia (Plurinational State of),Cauliflowers and broccoli,2022,303
Bolivia (Plurinational State of),Cauliflowers and broccoli,2023,304
Bolivia (Plurinational State of),Cauliflowers and broccoli,2024,301
Bolivia (Plurinational State of),Cereals n.e.c.,2022,149
Bolivia (Plurinational State of),Cereals n.e.c.,2023,137
Bolivia (Plurinational State of),Cereals n.e.c.,2024,148
Bolivia (Plurinational State of),Cherries,2022,1537
Bolivia (Plurinational State of),Cherries,2023,1539
Bolivia (Plurinational State of),Cherries,2024,1535
Bolivia (Plurinational State of),"Chestnuts, in shell",2022,57534
Bolivia (Plurinational State of),"Chestnuts, in shell",2023,57942
Bolivia (Plurinational State of),"Chestnuts, in shell",2024,57749
Bolivia (Plurinational State of),"Chick peas, dry",2022,50
Bolivia (Plurinational State of),"Chick peas, dry",2023,47
Bolivia (Plurinational State of),"Chick peas, dry",2024,40
Bolivia (Plurinational State of),"Chillies and peppers, green (Capsicum spp. and Pimenta spp.)",2022,6852
Bolivia (Plurinational State of),"Chillies and peppers, green (Capsicum spp. and Pimenta spp.)",2023,6844
Bolivia (Plurinational State of),"Chillies and peppers, green (Capsicum spp. and Pimenta spp.)",2024,6841
Bolivia (Plurinational State of),Cocoa beans,2022,10652
Bolivia (Plurinational State of),Cocoa beans,2023,10983
Bolivia (Plurinational State of),Cocoa beans,2024,10714
Bolivia (Plurinational State of),"Coffee, green",2022,29440
Bolivia (Plurinational State of),"Coffee, green",2023,29872
Bolivia (Plurinational State of),"Coffee, green",2024,29219
Bolivia (Plurinational State of),Cucumbers and gherkins,2022,646
Bolivia (Plurinational State of),Cucumbers and gherkins,2023,658
Bolivia (Plurinational State of),Cucumbers and gherkins,2024,634
Bolivia (Plurinational State of),"Edible roots and tubers with high starch or inulin content, n.e.c., fresh",2022,11664
Bolivia (Plurinational State of),"Edible roots and tubers with high starch or inulin content, n.e.c., fresh",2023,11912
Bolivia (Plurinational State of),"Edible roots and tubers with high starch or inulin content, n.e.c., fresh",2024,11848
Bolivia (Plurinational State of),Figs,2022,340
Bolivia (Plurinational State of),Figs,2023,336
Bolivia (Plurinational State of),Figs,2024,339
Bolivia (Plurinational State of),Grapes,2022,13848
Bolivia (Plurinational State of),Grapes,2023,11605
Bolivia (Plurinational State of),Grapes,2024,12108
Bolivia (Plurinational State of),Green corn (maize),2022,7950
Bolivia (Plurinational State of),Green corn (maize),2023,8016
Bolivia (Plurinational State of),Green corn (maize),2024,8044
Bolivia (Plurinational State of),Green garlic,2022,3491
Bolivia (Plurinational State of),Green garlic,2023,3214
Bolivia (Plurinational State of),Green garlic,2024,3409
Bolivia (Plurinational State of),"Groundnuts, excluding shelled",2022,23105
Bolivia (Plurinational State of),"Groundnuts, excluding shelled",2023,23001
Bolivia (Plurinational State of),"Groundnuts, excluding shelled",2024,23069
Bolivia (Plurinational State of),"Hen eggs in shell, fresh",2022,167390
Bolivia (Plurinational State of),"Hen eggs in shell, fresh",2023,165502
Bolivia (Plurinational State of),"Hen eggs in shell, fresh",2024,196088
Bolivia (Plurinational State of),Lemons and limes,2022,13849
Bolivia (Plurinational State of),Lemons and limes,2023,13887
Bolivia (Plurinational State of),Lemons and limes,2024,13850
Bolivia (Plurinational State of),Lettuce and chicory,2022,4622
Bolivia (Plurinational State of),Lettuce and chicory,2023,4635
Bolivia (Plurinational State of),Lettuce and chicory,2024,4620
Bolivia (Plurinational State of),Maize (corn),2022,308325
Bolivia (Plurinational State of),Maize (corn),2023,349466
Bolivia (Plurinational State of),Maize (corn),2024,349868
Bolivia (Plurinational State of),"Mangoes, guavas and mangosteens",2022,5280
Bolivia (Plurinational State of),"Mangoes, guavas and mangosteens",2023,5223
Bolivia (Plurinational State of),"Mangoes, guavas and mangosteens",2024,5266
Bolivia (Plurinational State of),"Meat of cattle with the bone, fresh or chilled (indigenous)",2022,858076
Bolivia (Plurinational State of),"Meat of cattle with the bone, fresh or chilled (indigenous)",2023,938700
Bolivia (Plurinational State of),"Meat of cattle with the bone, fresh or chilled (indigenous)",2024,1004271
Bolivia (Plurinational State of),"Meat of chickens, fresh or chilled (indigenous)",2022,1189522
Bolivia (Plurinational State of),"Meat of chickens, fresh or chilled (indigenous)",2023,1217632
Bolivia (Plurinational State of),"Meat of chickens, fresh or chilled (indigenous)",2024,1286731
Bolivia (Plurinational State of),"Meat of goat, fresh or chilled (indigenous)",2022,24343
Bolivia (Plurinational State of),"Meat of goat, fresh or chilled (indigenous)",2023,25242
Bolivia (Plurinational State of),"Meat of goat, fresh or chilled (indigenous)",2024,27377
Bolivia (Plurinational State of),"Meat of pig with the bone, fresh or chilled (indigenous)",2022,354996
Bolivia (Plurinational State of),"Meat of pig with the bone, fresh or chilled (indigenous)",2023,370600
Bolivia (Plurinational State of),"Meat of pig with the bone, fresh or chilled (indigenous)",2024,392817
Bolivia (Plurinational State of),"Meat of rabbits and hares, fresh or chilled (indigenous)",2022,111
Bolivia (Plurinational State of),"Meat of rabbits and hares, fresh or chilled (indigenous)",2023,109
Bolivia (Plurinational State of),"Meat of rabbits and hares, fresh or chilled (indigenous)",2024,108
Bolivia (Plurinational State of),"Meat of sheep, fresh or chilled (indigenous)",2022,83186
Bolivia (Plurinational State of),"Meat of sheep, fresh or chilled (indigenous)",2023,87030
Bolivia (Plurinational State of),"Meat of sheep, fresh or chilled (indigenous)",2024,89384
Bolivia (Plurinational State of),Natural honey,2022,4376
Bolivia (Plurinational State of),Natural honey,2023,4389
Bolivia (Plurinational State of),Natural honey,2024,4408
Bolivia (Plurinational State of),Natural rubber in primary forms,2022,2303
Bolivia (Plurinational State of),Natural rubber in primary forms,2023,1962
Bolivia (Plurinational State of),Natural rubber in primary forms,2024,1620
Bolivia (Plurinational State of),Oats,2022,6539
Bolivia (Plurinational State of),Oats,2023,6285
Bolivia (Plurinational State of),Oats,2024,6534
Bolivia (Plurinational State of),"Onions and shallots, dry (excluding dehydrated)",2022,23175
Bolivia (Plurinational State of),"Onions and shallots, dry (excluding dehydrated)",2023,23973
Bolivia (Plurinational State of),"Onions and shallots, dry (excluding dehydrated)",2024,25855
Bolivia (Plurinational State of),Oranges,2022,30578
Bolivia (Plurinational State of),Oranges,2023,30098
Bolivia (Plurinational State of),Oranges,2024,30486
Bolivia (Plurinational State of),"Other beans, green",2022,753
Bolivia (Plurinational State of),"Other beans, green",2023,753
Bolivia (Plurinational State of),"Other beans, green",2024,752
Bolivia (Plurinational State of),"Other fruits, n.e.c.",2022,803
Bolivia (Plurinational State of),"Other fruits, n.e.c.",2023,802
Bolivia (Plurinational State of),"Other fruits, n.e.c.",2024,800
Bolivia (Plurinational State of),"Other stimulant, spice and aromatic crops, n.e.c.",2022,8664
Bolivia (Plurinational State of),"Other stimulant, spice and aromatic crops, n.e.c.",2023,8674
Bolivia (Plurinational State of),"Other stimulant, spice and aromatic crops, n.e.c.",2024,8658
Bolivia (Plurinational State of),"Other vegetables, fresh n.e.c.",2022,1811
Bolivia (Plurinational State of),"Other vegetables, fresh n.e.c.",2023,1859
Bolivia (Plurinational State of),"Other vegetables, fresh n.e.c.",2024,1904
Bolivia (Plurinational State of),Papayas,2022,6409
Bolivia (Plurinational State of),Papayas,2023,6458
Bolivia (Plurinational State of),Papayas,2024,6418
Bolivia (Plurinational State of),Peaches and nectarines,2022,25560
Bolivia (Plurinational State of),Peaches and nectarines,2023,25347
Bolivia (Plurinational State of),Peaches and nectarines,2024,25451
Bolivia (Plurinational State of),Pears,2022,1086
Bolivia (Plurinational State of),Pears,2023,1082
Bolivia (Plurinational State of),Pears,2024,1082
Bolivia (Plurinational State of),"Peas, dry",2022,3969
Bolivia (Plurinational State of),"Peas, dry",2023,3962
Bolivia (Plurinational State of),"Peas, dry",2024,3969
Bolivia (Plurinational State of),"Peas, green",2022,12127
Bolivia (Plurinational State of),"Peas, green",2023,11211
Bolivia (Plurinational State of),"Peas, green",2024,10083
Bolivia (Plurinational State of),"Pepper (Piper spp.), raw",2022,40
Bolivia (Plurinational State of),"Pepper (Piper spp.), raw",2023,39
Bolivia (Plurinational State of),"Pepper (Piper spp.), raw",2024,40
Bolivia (Plurinational State of),Pineapples,2022,28569
Bolivia (Plurinational State of),Pineapples,2023,28758
Bolivia (Plurinational State of),Pineapples,2024,28574
Bolivia (Plurinational State of),Plantains and cooking bananas,2022,87901
Bolivia (Plurinational State of),Plantains and cooking bananas,2023,89368
Bolivia (Plurinational State of),Plantains and cooking bananas,2024,89146
Bolivia (Plurinational State of),Plums and sloes,2022,3368
Bolivia (Plurinational State of),Plums and sloes,2023,3315
Bolivia (Plurinational State of),Plums and sloes,2024,3346
Bolivia (Plurinational State of),Pomelos and grapefruits,2022,587
Bolivia (Plurinational State of),Pomelos and grapefruits,2023,646
Bolivia (Plurinational State of),Pomelos and grapefruits,2024,596
Bolivia (Plurinational State of),Potatoes,2022,354322
Bolivia (Plurinational State of),Potatoes,2023,332501
Bolivia (Plurinational State of),Potatoes,2024,393765
Bolivia (Plurinational State of),"Pumpkins, squash and gourds",2022,3771
Bolivia (Plurinational State of),"Pumpkins, squash and gourds",2023,3788
Bolivia (Plurinational State of),"Pumpkins, squash and gourds",2024,3773
Bolivia (Plurinational State of),Quinces,2022,31
Bolivia (Plurinational State of),Quinces,2023,31
Bolivia (Plurinational State of),Quinces,2024,31
Bolivia (Plurinational State of),Quinoa,2022,82265
Bolivia (Plurinational State of),Quinoa,2023,76143
Bolivia (Plurinational State of),Quinoa,2024,92486
Bolivia (Plurinational State of),Raw milk of cattle,2022,274978
Bolivia (Plurinational State of),Raw milk of cattle,2023,278585
Bolivia (Plurinational State of),Raw milk of cattle,2024,281286
Bolivia (Plurinational State of),Raw milk of goats,2022,10138
Bolivia (Plurinational State of),Raw milk of goats,2023,10103
Bolivia (Plurinational State of),Raw milk of goats,2024,10413
Bolivia (Plurinational State of),Raw milk of sheep,2022,10644
Bolivia (Plurinational State of),Raw milk of sheep,2023,10562
Bolivia (Plurinational State of),Raw milk of sheep,2024,10566
Bolivia (Plurinational State of),Rice,2022,208858
Bolivia (Plurinational State of),Rice,2023,239693
Bolivia (Plurinational State of),Rice,2024,148929
Bolivia (Plurinational State of),Rye,2022,51
Bolivia (Plurinational State of),Rye,2023,52
Bolivia (Plurinational State of),Rye,2024,51
Bolivia (Plurinational State of),"Seed cotton, unginned",2022,3981
Bolivia (Plurinational State of),"Seed cotton, unginned",2023,3832
Bolivia (Plurinational State of),"Seed cotton, unginned",2024,3185
Bolivia (Plurinational State of),"Shorn wool, greasy, including fleece-washed shorn wool",2022,1849
Bolivia (Plurinational State of),"Shorn wool, greasy, including fleece-washed shorn wool",2023,1824
Bolivia (Plurinational State of),"Shorn wool, greasy, including fleece-washed shorn wool",2024,1866
Bolivia (Plurinational State of),Sorghum,2022,64420
Bolivia (Plurinational State of),Sorghum,2023,95920
Bolivia (Plurinational State of),Sorghum,2024,191646
Bolivia (Plurinational State of),Sour cherries,2022,131
Bolivia (Plurinational State of),Sour cherries,2023,131
Bolivia (Plurinational State of),Sour cherries,2024,130
Bolivia (Plurinational State of),Soya beans,2022,1064434
Bolivia (Plurinational State of),Soya beans,2023,1130114
Bolivia (Plurinational State of),Soya beans,2024,990322
Bolivia (Plurinational State of),Strawberries,2022,8222
Bolivia (Plurinational State of),Strawberries,2023,8167
Bolivia (Plurinational State of),Strawberries,2024,8203
Bolivia (Plurinational State of),Sugar cane,2022,2108111
Bolivia (Plurinational State of),Sugar cane,2023,2249581
Bolivia (Plurinational State of),Sugar cane,2024,2498438
Bolivia (Plurinational State of),Sunflower seed,2022,67781
Bolivia (Plurinational State of),Sunflower seed,2023,58141
Bolivia (Plurinational State of),Sunflower seed,2024,80249
Bolivia (Plurinational State of),Sweet potatoes,2022,1379
Bolivia (Plurinational State of),Sweet potatoes,2023,1635
Bolivia (Plurinational State of),Sweet potatoes,2024,1416
Bolivia (Plurinational State of),"Tangerines, mandarins, clementines",2022,57680
Bolivia (Plurinational State of),"Tangerines, mandarins, clementines",2023,57530
Bolivia (Plurinational State of),"Tangerines, mandarins, clementines",2024,57538
Bolivia (Plurinational State of),Tea leaves,2022,336
Bolivia (Plurinational State of),Tea leaves,2023,338
Bolivia (Plurinational State of),Tea leaves,2024,337
Bolivia (Plurinational State of),Tomatoes,2022,22274
Bolivia (Plurinational State of),Tomatoes,2023,22537
Bolivia (Plurinational State of),Tomatoes,2024,20628
Bolivia (Plurinational State of),Unmanufactured tobacco,2022,2339
Bolivia (Plurinational State of),Unmanufactured tobacco,2023,2359
Bolivia (Plurinational State of),Unmanufactured tobacco,2024,2383
Bolivia (Plurinational State of),Watermelons,2022,7369
Bolivia (Plurinational State of),Watermelons,2023,7473
Bolivia (Plurinational State of),Watermelons,2024,7409
Bolivia (Plurinational State of),Wheat,2022,106529
Bolivia (Plurinational State of),Wheat,2023,93528
Bolivia (Plurinational State of),Wheat,2024,100352
Bosnia and Herzegovina,"Almonds, in shell",2022,20
Bosnia and Herzegovina,"Almonds, in shell",2023,40
Bosnia and Herzegovina,"Almonds, in shell",2024,40
Bosnia and Herzegovina,Apples,2022,87763
Bosnia and Herzegovina,Apples,2023,79100
Bosnia and Herzegovina,Apples,2024,79780
Bosnia and Herzegovina,Apricots,2022,2279
Bosnia and Herzegovina,Apricots,2023,2395
Bosnia and Herzegovina,Apricots,2024,2581
Bosnia and Herzegovina,Barley,2022,18638
Bosnia and Herzegovina,Barley,2023,15716
Bosnia and Herzegovina,Barley,2024,16160
Bosnia and Herzegovina,"Beans, dry",2022,15116
Bosnia and Herzegovina,"Beans, dry",2023,24206
Bosnia and Herzegovina,"Beans, dry",2024,28469
Bosnia and Herzegovina,Buckwheat,2022,645
Bosnia and Herzegovina,Buckwheat,2023,415
Bosnia and Herzegovina,Buckwheat,2024,371
Bosnia and Herzegovina,Cabbages,2022,8021
Bosnia and Herzegovina,Cabbages,2023,6215
Bosnia and Herzegovina,Cabbages,2024,6766
Bosnia and Herzegovina,Carrots and turnips,2022,6468
Bosnia and Herzegovina,Carrots and turnips,2023,5224
Bosnia and Herzegovina,Carrots and turnips,2024,9039
Bosnia and Herzegovina,Cherries,2022,47502
Bosnia and Herzegovina,Cherries,2023,42442
Bosnia and Herzegovina,Cherries,2024,70774
Bosnia and Herzegovina,"Chick peas, dry",2022,13095
Bosnia and Herzegovina,"Chick peas, dry",2023,13149
Bosnia and Herzegovina,"Chick peas, dry",2024,13129
Bosnia and Herzegovina,"Chillies and peppers, dry (Capsicum spp., Pimenta spp.), raw",2022,49595
Bosnia and Herzegovina,"Chillies and peppers, dry (Capsicum spp., Pimenta spp.), raw",2023,49776
Bosnia and Herzegovina,"Chillies and peppers, dry (Capsicum spp., Pimenta spp.), raw",2024,49678
Bosnia and Herzegovina,"Chillies and peppers, green (Capsicum spp. and Pimenta spp.)",2022,21737
Bosnia and Herzegovina,"Chillies and peppers, green (Capsicum spp. and Pimenta spp.)",2023,23541
Bosnia and Herzegovina,"Chillies and peppers, green (Capsicum spp. and Pimenta spp.)",2024,40537
Bosnia and Herzegovina,"Cow peas, dry",2022,316
Bosnia and Herzegovina,"Cow peas, dry",2023,295
Bosnia and Herzegovina,"Cow peas, dry",2024,305
Bosnia and Herzegovina,Cucumbers and gherkins,2022,13168
Bosnia and Herzegovina,Cucumbers and gherkins,2023,9320
Bosnia and Herzegovina,Cucumbers and gherkins,2024,20607
Bosnia and Herzegovina,Figs,2022,10319
Bosnia and Herzegovina,Figs,2023,8762
Bosnia and Herzegovina,Figs,2024,8922
Bosnia and Herzegovina,Grapes,2022,21893
Bosnia and Herzegovina,Grapes,2023,21886
Bosnia and Herzegovina,Grapes,2024,24353
Bosnia and Herzegovina,Green corn (maize),2022,328
Bosnia and Herzegovina,Green corn (maize),2023,327
Bosnia and Herzegovina,Green corn (maize),2024,327
Bosnia and Herzegovina,Green garlic,2022,16131
Bosnia and Herzegovina,Green garlic,2023,15365
Bosnia and Herzegovina,Green garlic,2024,26773
Bosnia and Herzegovina,"Hen eggs in shell, fresh",2022,32442
Bosnia and Herzegovina,"Hen eggs in shell, fresh",2023,38647
Bosnia and Herzegovina,"Hen eggs in shell, fresh",2024,36878
Bosnia and Herzegovina,Lemons and limes,2022,21
Bosnia and Herzegovina,Lemons and limes,2023,19
Bosnia and Herzegovina,Lemons and limes,2024,20
Bosnia and Herzegovina,Lettuce and chicory,2022,1226
Bosnia and Herzegovina,Lettuce and chicory,2023,1083
Bosnia and Herzegovina,Lettuce and chicory,2024,1545
Bosnia and Herzegovina,Maize (corn),2022,167173
Bosnia and Herzegovina,Maize (corn),2023,121361
Bosnia and Herzegovina,Maize (corn),2024,129085
Bosnia and Herzegovina,"Meat of cattle with the bone, fresh or chilled (indigenous)",2022,13448
Bosnia and Herzegovina,"Meat of cattle with the bone, fresh or chilled (indigenous)",2023,12144
Bosnia and Herzegovina,"Meat of cattle with the bone, fresh or chilled (indigenous)",2024,12527
Bosnia and Herzegovina,"Meat of chickens, fresh or chilled (indigenous)",2022,36210
Bosnia and Herzegovina,"Meat of chickens, fresh or chilled (indigenous)",2023,17925
Bosnia and Herzegovina,"Meat of chickens, fresh or chilled (indigenous)",2024,24747
Bosnia and Herzegovina,"Meat of pig with the bone, fresh or chilled (indigenous)",2022,9599
Bosnia and Herzegovina,"Meat of pig with the bone, fresh or chilled (indigenous)",2023,8075
Bosnia and Herzegovina,"Meat of pig with the bone, fresh or chilled (indigenous)",2024,5283
Bosnia and Herzegovina,"Meat of sheep, fresh or chilled (indigenous)",2022,0
Bosnia and Herzegovina,"Meat of sheep, fresh or chilled (indigenous)",2023,0
Bosnia and Herzegovina,"Meat of sheep, fresh or chilled (indigenous)",2024,0
Bosnia and Herzegovina,"Meat of turkeys, fresh or chilled (indigenous)",2022,1133
Bosnia and Herzegovina,"Meat of turkeys, fresh or chilled (indigenous)",2023,501
Bosnia and Herzegovina,"Meat of turkeys, fresh or chilled (indigenous)",2024,575
Bosnia and Herzegovina,Mushrooms and truffles,2022,4998
Bosnia and Herzegovina,Mushrooms and truffles,2023,5048
Bosnia and Herzegovina,Mushrooms and truffles,2024,5097
Bosnia and Herzegovina,Natural honey,2022,24795
Bosnia and Herzegovina,Natural honey,2023,22484
Bosnia and Herzegovina,Natural honey,2024,17824
Bosnia and Herzegovina,Oats,2022,10222
Bosnia and Herzegovina,Oats,2023,6981
Bosnia and Herzegovina,Oats,2024,8940
Bosnia and Herzegovina,"Onions and shallots, dry (excluding dehydrated)",2022,10858
Bosnia and Herzegovina,"Onions and shallots, dry (excluding dehydrated)",2023,11374
Bosnia and Herzegovina,"Onions and shallots, dry (excluding dehydrated)",2024,14832
Bosnia and Herzegovina,Oranges,2022,51
Bosnia and Herzegovina,Oranges,2023,52
Bosnia and Herzegovina,Oranges,2024,52
Bosnia and Herzegovina,"Other beans, green",2022,7392
Bosnia and Herzegovina,"Other beans, green",2023,6602
Bosnia and Herzegovina,"Other beans, green",2024,9331
Bosnia and Herzegovina,Other berries and fruits of the genus vaccinium n.e.c.,2022,1587
Bosnia and Herzegovina,Other berries and fruits of the genus vaccinium n.e.c.,2023,1304
Bosnia and Herzegovina,Other berries and fruits of the genus vaccinium n.e.c.,2024,1489
Bosnia and Herzegovina,"Other fruits, n.e.c.",2022,155
Bosnia and Herzegovina,"Other fruits, n.e.c.",2023,155
Bosnia and Herzegovina,"Other fruits, n.e.c.",2024,155
Bosnia and Herzegovina,"Other vegetables, fresh n.e.c.",2022,273074
Bosnia and Herzegovina,"Other vegetables, fresh n.e.c.",2023,274886
Bosnia and Herzegovina,"Other vegetables, fresh n.e.c.",2024,276699
Bosnia and Herzegovina,Peaches and nectarines,2022,21965
Bosnia and Herzegovina,Peaches and nectarines,2023,22113
Bosnia and Herzegovina,Peaches and nectarines,2024,23416
Bosnia and Herzegovina,Pears,2022,33897
Bosnia and Herzegovina,Pears,2023,29039
Bosnia and Herzegovina,Pears,2024,53337
Bosnia and Herzegovina,"Peas, dry",2022,1460
Bosnia and Herzegovina,"Peas, dry",2023,2291
Bosnia and Herzegovina,"Peas, dry",2024,3092
Bosnia and Herzegovina,Plums and sloes,2022,175068
Bosnia and Herzegovina,Plums and sloes,2023,153812
Bosnia and Herzegovina,Plums and sloes,2024,183238
Bosnia and Herzegovina,Potatoes,2022,73280
Bosnia and Herzegovina,Potatoes,2023,73220
Bosnia and Herzegovina,Potatoes,2024,99119
Bosnia and Herzegovina,Quinces,2022,1906
Bosnia and Herzegovina,Quinces,2023,2844
Bosnia and Herzegovina,Quinces,2024,2456
Bosnia and Herzegovina,Rape or colza seed,2022,2252
Bosnia and Herzegovina,Rape or colza seed,2023,2505
Bosnia and Herzegovina,Rape or colza seed,2024,1864
Bosnia and Herzegovina,Raspberries,2022,22677
Bosnia and Herzegovina,Raspberries,2023,22476
Bosnia and Herzegovina,Raspberries,2024,23460
Bosnia and Herzegovina,Raw milk of cattle,2022,186371
Bosnia and Herzegovina,Raw milk of cattle,2023,193006
Bosnia and Herzegovina,Raw milk of cattle,2024,199750
Bosnia and Herzegovina,Raw milk of sheep,2022,8921
Bosnia and Herzegovina,Raw milk of sheep,2023,2128
Bosnia and Herzegovina,Raw milk of sheep,2024,8327
Bosnia and Herzegovina,Rye,2022,1142
Bosnia and Herzegovina,Rye,2023,1498
Bosnia and Herzegovina,Rye,2024,1299
Bosnia and Herzegovina,"Shorn wool, greasy, including fleece-washed shorn wool",2022,430
Bosnia and Herzegovina,"Shorn wool, greasy, including fleece-washed shorn wool",2023,432
Bosnia and Herzegovina,"Shorn wool, greasy, including fleece-washed shorn wool",2024,434
Bosnia and Herzegovina,Sour cherries,2022,4212
Bosnia and Herzegovina,Sour cherries,2023,4294
Bosnia and Herzegovina,Sour cherries,2024,6629
Bosnia and Herzegovina,Soya beans,2022,13033
Bosnia and Herzegovina,Soya beans,2023,10329
Bosnia and Herzegovina,Soya beans,2024,11597
Bosnia and Herzegovina,Strawberries,2022,5711
Bosnia and Herzegovina,Strawberries,2023,5123
Bosnia and Herzegovina,Strawberries,2024,8395
Bosnia and Herzegovina,Sugar beet,2022,90
Bosnia and Herzegovina,Sugar beet,2023,22
Bosnia and Herzegovina,Sugar beet,2024,19
Bosnia and Herzegovina,Sunflower seed,2022,456
Bosnia and Herzegovina,Sunflower seed,2023,502
Bosnia and Herzegovina,Sunflower seed,2024,1150
Bosnia and Herzegovina,"Tangerines, mandarins, clementines",2022,322
Bosnia and Herzegovina,"Tangerines, mandarins, clementines",2023,243
Bosnia and Herzegovina,"Tangerines, mandarins, clementines",2024,212
Bosnia and Herzegovina,Tomatoes,2022,28686
Bosnia and Herzegovina,Tomatoes,2023,34948
Bosnia and Herzegovina,Tomatoes,2024,42271
Bosnia and Herzegovina,Triticale,2022,5226
Bosnia and Herzegovina,Triticale,2023,4678
Bosnia and Herzegovina,Triticale,2024,9062
Bosnia and Herzegovina,Unmanufactured tobacco,2022,289
Bosnia and Herzegovina,Unmanufactured tobacco,2023,855
Bosnia and Herzegovina,Unmanufactured tobacco,2024,586
Bosnia and Herzegovina,Vetches,2022,10090
Bosnia and Herzegovina,Vetches,2023,15169
Bosnia and Herzegovina,Vetches,2024,15018
Bosnia and Herzegovina,"Walnuts, in shell",2022,61879
Bosnia and Herzegovina,"Walnuts, in shell",2023,59766
Bosnia and Herzegovina,"Walnuts, in shell",2024,78256
Bosnia and Herzegovina,Watermelons,2022,2095
Bosnia and Herzegovina,Watermelons,2023,3678
Bosnia and Herzegovina,Watermelons,2024,2667
Bosnia and Herzegovina,Wheat,2022,56984
Bosnia and Herzegovina,Wheat,2023,49917
Bosnia and Herzegovina,Wheat,2024,56550
Botswana,"Groundnuts, excluding shelled",2022,105
Botswana,"Groundnuts, excluding shelled",2023,68
Botswana,"Groundnuts, excluding shelled",2024,84
Botswana,Maize (corn),2022,6207
Botswana,Maize (corn),2023,6823
Botswana,Maize (corn),2024,3751
Botswana,Millet,2022,824
Botswana,Millet,2023,544
Botswana,Millet,2024,563
Botswana,Other pulses n.e.c.,2022,65201
Botswana,Other pulses n.e.c.,2023,9064
Botswana,Other pulses n.e.c.,2024,18299
Botswana,Raw milk of cattle,2022,4944
Botswana,Raw milk of cattle,2023,4944
Botswana,Raw milk of cattle,2024,4707
Botswana,Sorghum,2022,39440
Botswana,Sorghum,2023,18298
Botswana,Sorghum,2024,15311
Botswana,Sunflower seed,2022,41
Botswana,Sunflower seed,2023,994
Botswana,Sunflower seed,2024,310
Botswana,Watermelons,2022,1556
Botswana,Watermelons,2023,1051
Botswana,Watermelons,2024,1248
Brazil,Apples,2022,172234
Brazil,Apples,2023,194696
Brazil,Apples,2024,164052
Brazil,Avocados,2022,120285
Brazil,Avocados,2023,150534
Brazil,Avocados,2024,152180
Brazil,Bananas,2022,3961046
Brazil,Bananas,2023,3948401
Brazil,Bananas,2024,4031514
Brazil,Barley,2022,96368
Brazil,Barley,2023,69309
Brazil,Barley,2024,79007
Brazil,"Beans, dry",2022,2856905
Brazil,"Beans, dry",2023,2883547
Brazil,"Beans, dry",2024,3002099
Brazil,"Brazil nuts, in shell",2022,41224
Brazil,"Brazil nuts, in shell",2023,38181
Brazil,"Brazil nuts, in shell",2024,37703
Brazil,"Broad beans and horse beans, dry",2022,16751
Brazil,"Broad beans and horse beans, dry",2023,14191
Brazil,"Broad beans and horse beans, dry",2024,14553
Brazil,Buckwheat,2022,6451
Brazil,Buckwheat,2023,6385
Brazil,Buckwheat,2024,6409
Brazil,Cantaloupes and other melons,2022,226621
Brazil,Cantaloupes and other melons,2023,280921
Brazil,Cantaloupes and other melons,2024,264535
Brazil,"Cashew nuts, in shell",2022,120550
Brazil,"Cashew nuts, in shell",2023,104780
Brazil,"Cashew nuts, in shell",2024,130402
Brazil,Cashewapple,2022,126756
Brazil,Cashewapple,2023,132079
Brazil,Cashewapple,2024,134817
Brazil,"Cassava, fresh",2022,1823876
Brazil,"Cassava, fresh",2023,1884644
Brazil,"Cassava, fresh",2024,1950780
Brazil,Castor oil seeds,2022,29211
Brazil,Castor oil seeds,2023,30211
Brazil,Castor oil seeds,2024,27952
Brazil,Cocoa beans,2022,488483
Brazil,Cocoa beans,2023,480512
Brazil,Cocoa beans,2024,482776
Brazil,"Coconuts, in shell",2022,329615
Brazil,"Coconuts, in shell",2023,348502
Brazil,"Coconuts, in shell",2024,379656
Brazil,"Coffee, green",2022,7559689
Brazil,"Coffee, green",2023,7961931
Brazil,"Coffee, green",2024,8055172
Brazil,"Eggs from other birds in shell, fresh, n.e.c.",2022,9072
Brazil,"Eggs from other birds in shell, fresh, n.e.c.",2023,9601
Brazil,"Eggs from other birds in shell, fresh, n.e.c.",2024,10217
Brazil,Figs,2022,8652
Brazil,Figs,2023,9912
Brazil,Figs,2024,9772
Brazil,Grapes,2022,1203742
Brazil,Grapes,2023,1523947
Brazil,Grapes,2024,1510221
Brazil,Green garlic,2022,217636
Brazil,Green garlic,2023,221837
Brazil,Green garlic,2024,207421
Brazil,"Groundnuts, excluding shelled",2022,216454
Brazil,"Groundnuts, excluding shelled",2023,223297
Brazil,"Groundnuts, excluding shelled",2024,205657
Brazil,"Hen eggs in shell, fresh",2022,7487025
Brazil,"Hen eggs in shell, fresh",2023,7686633
Brazil,"Hen eggs in shell, fresh",2024,8346981
Brazil,"Horse meat, fresh or chilled (indigenous)",2022,14532
Brazil,"Horse meat, fresh or chilled (indigenous)",2023,14531
Brazil,"Horse meat, fresh or chilled (indigenous)",2024,14382
Brazil,"Jute, raw or retted",2022,6
Brazil,"Jute, raw or retted",2023,11
Brazil,"Jute, raw or retted",2024,263
Brazil,"Kenaf, and other textile bast fibres, raw or retted",2022,569
Brazil,"Kenaf, and other textile bast fibres, raw or retted",2023,605
Brazil,"Kenaf, and other textile bast fibres, raw or retted",2024,900
Brazil,Lemons and limes,2022,506901
Brazil,Lemons and limes,2023,534652
Brazil,Lemons and limes,2024,532543
Brazil,Linseed,2022,1703
Brazil,Linseed,2023,1387
Brazil,Linseed,2024,1180
Brazil,Maize (corn),2022,18573627
Brazil,Maize (corn),2023,22332249
Brazil,Maize (corn),2024,19455638
Brazil,"Mangoes, guavas and mangosteens",2022,557434
Brazil,"Mangoes, guavas and mangosteens",2023,616859
Brazil,"Mangoes, guavas and mangosteens",2024,630493
Brazil,Maté leaves,2022,127621
Brazil,Maté leaves,2023,151881
Brazil,Maté leaves,2024,173556
Brazil,"Meat of cattle with the bone, fresh or chilled (indigenous)",2022,18733403
Brazil,"Meat of cattle with the bone, fresh or chilled (indigenous)",2023,20954815
Brazil,"Meat of cattle with the bone, fresh or chilled (indigenous)",2024,23936237
Brazil,"Meat of chickens, fresh or chilled (indigenous)",2022,16505255
Brazil,"Meat of chickens, fresh or chilled (indigenous)",2023,17041714
Brazil,"Meat of chickens, fresh or chilled (indigenous)",2024,17581231
Brazil,"Meat of ducks, fresh or chilled (indigenous)",2022,5535
Brazil,"Meat of ducks, fresh or chilled (indigenous)",2023,5428
Brazil,"Meat of ducks, fresh or chilled (indigenous)",2024,6573
Brazil,"Meat of goat, fresh or chilled (indigenous)",2022,27952
Brazil,"Meat of goat, fresh or chilled (indigenous)",2023,29203
Brazil,"Meat of goat, fresh or chilled (indigenous)",2024,30240
Brazil,"Meat of pig with the bone, fresh or chilled (indigenous)",2022,6332125
Brazil,"Meat of pig with the bone, fresh or chilled (indigenous)",2023,6463767
Brazil,"Meat of pig with the bone, fresh or chilled (indigenous)",2024,6538916
Brazil,"Meat of rabbits and hares, fresh or chilled (indigenous)",2022,560
Brazil,"Meat of rabbits and hares, fresh or chilled (indigenous)",2023,554
Brazil,"Meat of rabbits and hares, fresh or chilled (indigenous)",2024,549
Brazil,"Meat of sheep, fresh or chilled (indigenous)",2022,126258
Brazil,"Meat of sheep, fresh or chilled (indigenous)",2023,128165
Brazil,"Meat of sheep, fresh or chilled (indigenous)",2024,128802
Brazil,"Meat of turkeys, fresh or chilled (indigenous)",2022,257424
Brazil,"Meat of turkeys, fresh or chilled (indigenous)",2023,211450
Brazil,"Meat of turkeys, fresh or chilled (indigenous)",2024,239096
Brazil,Natural honey,2022,252664
Brazil,Natural honey,2023,259416
Brazil,Natural honey,2024,272151
Brazil,Natural rubber in primary forms,2022,155966
Brazil,Natural rubber in primary forms,2023,172034
Brazil,Natural rubber in primary forms,2024,163139
Brazil,Oats,2022,142963
Brazil,Oats,2023,100086
Brazil,Oats,2024,120482
Brazil,Oil palm fruit,2022,220899
Brazil,Oil palm fruit,2023,216921
Brazil,Oil palm fruit,2024,241139
Brazil,Olives,2022,1989
Brazil,Olives,2023,2975
Brazil,Olives,2024,1950
Brazil,"Onions and shallots, dry (excluding dehydrated)",2022,531816
Brazil,"Onions and shallots, dry (excluding dehydrated)",2023,524651
Brazil,"Onions and shallots, dry (excluding dehydrated)",2024,537106
Brazil,Oranges,2022,2928888
Brazil,Oranges,2023,3053489
Brazil,Oranges,2024,2714101
Brazil,"Other fibre crops, raw, n.e.c.",2022,42928
Brazil,"Other fibre crops, raw, n.e.c.",2023,43230
Brazil,"Other fibre crops, raw, n.e.c.",2024,43225
Brazil,"Other nuts (excluding wild edible nuts and groundnuts), in shell, n.e.c.",2022,801
Brazil,"Other nuts (excluding wild edible nuts and groundnuts), in shell, n.e.c.",2023,797
Brazil,"Other nuts (excluding wild edible nuts and groundnuts), in shell, n.e.c.",2024,799
Brazil,"Other oil seeds, n.e.c.",2022,6029
Brazil,"Other oil seeds, n.e.c.",2023,6299
Brazil,"Other oil seeds, n.e.c.",2024,6624
Brazil,"Other tropical fruits, n.e.c.",2022,986200
Brazil,"Other tropical fruits, n.e.c.",2023,988834
Brazil,"Other tropical fruits, n.e.c.",2024,1016638
Brazil,"Other vegetables, fresh n.e.c.",2022,196048
Brazil,"Other vegetables, fresh n.e.c.",2023,196740
Brazil,"Other vegetables, fresh n.e.c.",2024,197432
Brazil,Papayas,2022,323069
Brazil,Papayas,2023,309805
Brazil,Papayas,2024,312412
Brazil,Peaches and nectarines,2022,110559
Brazil,Peaches and nectarines,2023,106281
Brazil,Peaches and nectarines,2024,100800
Brazil,Pears,2022,9384
Brazil,Pears,2023,8397
Brazil,Pears,2024,7750
Brazil,"Peas, dry",2022,3331
Brazil,"Peas, dry",2023,2506
Brazil,"Peas, dry",2024,2619
Brazil,"Pepper (Piper spp.), raw",2022,317821
Brazil,"Pepper (Piper spp.), raw",2023,311269
Brazil,"Pepper (Piper spp.), raw",2024,307277
Brazil,Persimmons,2022,103778
Brazil,Persimmons,2023,104335
Brazil,Persimmons,2024,112075
Brazil,Pineapples,2022,593938
Brazil,Pineapples,2023,600120
Brazil,Pineapples,2024,560274
Brazil,Pomelos and grapefruits,2022,4943
Brazil,Pomelos and grapefruits,2023,4963
Brazil,Pomelos and grapefruits,2024,4969
Brazil,Potatoes,2022,2047427
Brazil,Potatoes,2023,2184386
Brazil,Potatoes,2024,2181898
Brazil,Quinces,2022,363
Brazil,Quinces,2023,404
Brazil,Quinces,2024,345
Brazil,Rape or colza seed,2022,20347
Brazil,Rape or colza seed,2023,37979
Brazil,Rape or colza seed,2024,60845
Brazil,Raw milk of cattle,2022,13377950
Brazil,Raw milk of cattle,2023,13646658
Brazil,Raw milk of cattle,2024,13838553
Brazil,Raw milk of goats,2022,9392
Brazil,Raw milk of goats,2023,9758
Brazil,Raw milk of goats,2024,10054
Brazil,Rice,2022,3036007
Brazil,Rice,2023,2898401
Brazil,Rice,2024,3007124
Brazil,Rye,2022,2167
Brazil,Rye,2023,1370
Brazil,Rye,2024,1016
Brazil,"Seed cotton, unginned",2022,6512320
Brazil,"Seed cotton, unginned",2023,7707179
Brazil,"Seed cotton, unginned",2024,8763024
Brazil,Sesame seed,2022,49179
Brazil,Sesame seed,2023,101999
Brazil,Sesame seed,2024,112755
Brazil,"Shorn wool, greasy, including fleece-washed shorn wool",2022,31872
Brazil,"Shorn wool, greasy, including fleece-washed shorn wool",2023,30665
Brazil,"Shorn wool, greasy, including fleece-washed shorn wool",2024,26805
Brazil,Silk-worm cocoons suitable for reeling,2022,9809
Brazil,Silk-worm cocoons suitable for reeling,2023,9311
Brazil,Silk-worm cocoons suitable for reeling,2024,8586
Brazil,"Sisal, raw",2022,72965
Brazil,"Sisal, raw",2023,71449
Brazil,"Sisal, raw",2024,69725
Brazil,Sorghum,2022,250954
Brazil,Sorghum,2023,385271
Brazil,Sorghum,2024,350338
Brazil,Soya beans,2022,44042866
Brazil,Soya beans,2023,55246620
Brazil,Soya beans,2024,52461319
Brazil,Strawberries,2022,52458
Brazil,Strawberries,2023,54981
Brazil,Strawberries,2024,56318
Brazil,Sugar cane,2022,16079815
Brazil,Sugar cane,2023,17327888
Brazil,Sugar cane,2024,16831670
Brazil,Sunflower seed,2022,19679
Brazil,Sunflower seed,2023,28476
Brazil,Sunflower seed,2024,29513
Brazil,Sweet potatoes,2022,264542
Brazil,Sweet potatoes,2023,288355
Brazil,Sweet potatoes,2024,302372
Brazil,"Tangerines, mandarins, clementines",2022,202625
Brazil,"Tangerines, mandarins, clementines",2023,196140
Brazil,"Tangerines, mandarins, clementines",2024,189491
Brazil,Tea leaves,2022,451
Brazil,Tea leaves,2023,451
Brazil,Tea leaves,2024,451
Brazil,Tomatoes,2022,3757697
Brazil,Tomatoes,2023,4099376
Brazil,Tomatoes,2024,4336998
Brazil,Triticale,2022,12880
Brazil,Triticale,2023,12562
Brazil,Triticale,2024,9043
Brazil,Tung nuts,2022,52
Brazil,Tung nuts,2023,33
Brazil,Tung nuts,2024,72
Brazil,Unmanufactured tobacco,2022,1845055
Brazil,Unmanufactured tobacco,2023,1884214
Brazil,Unmanufactured tobacco,2024,1763512
Brazil,"Walnuts, in shell",2022,11108
Brazil,"Walnuts, in shell",2023,13043
Brazil,"Walnuts, in shell",2024,7809
Brazil,Watermelons,2022,237081
Brazil,Watermelons,2023,218615
Brazil,Watermelons,2024,242685
Brazil,Wheat,2022,2069030
Brazil,Wheat,2023,1546332
Brazil,Wheat,2024,1526926
Brazil,Yams,2022,10852
Brazil,Yams,2023,10882
Brazil,Yams,2024,10912
Brunei Darussalam,Bananas,2022,2389
Brunei Darussalam,Bananas,2023,2686
Brunei Darussalam,Bananas,2024,2839
Brunei Darussalam,"Broad beans and horse beans, green",2022,4925
Brunei Darussalam,"Broad beans and horse beans, green",2023,4911
Brunei Darussalam,"Broad beans and horse beans, green",2024,4917
Brunei Darussalam,"Cassava, fresh",2022,325
Brunei Darussalam,"Cassava, fresh",2023,320
Brunei Darussalam,"Cassava, fresh",2024,370
Brunei Darussalam,"Chillies and peppers, green (Capsicum spp. and Pimenta spp.)",2022,2718
Brunei Darussalam,"Chillies and peppers, green (Capsicum spp. and Pimenta spp.)",2023,2962
Brunei Darussalam,"Chillies and peppers, green (Capsicum spp. and Pimenta spp.)",2024,4342
Brunei Darussalam,"Coconuts, in shell",2022,103
Brunei Darussalam,"Coconuts, in shell",2023,95
Brunei Darussalam,"Coconuts, in shell",2024,134
Brunei Darussalam,Cucumbers and gherkins,2022,1439
Brunei Darussalam,Cucumbers and gherkins,2023,1734
Brunei Darussalam,Cucumbers and gherkins,2024,2165
Brunei Darussalam,"Edible roots and tubers with high starch or inulin content, n.e.c., fresh",2022,1617
Brunei Darussalam,"Edible roots and tubers with high starch or inulin content, n.e.c., fresh",2023,1620
Brunei Darussalam,"Edible roots and tubers with high starch or inulin content, n.e.c., fresh",2024,1625
Brunei Darussalam,Eggplants (aubergines),2022,458
Brunei Darussalam,Eggplants (aubergines),2023,629
Brunei Darussalam,Eggplants (aubergines),2024,709
Brunei Darussalam,Green corn (maize),2022,153
Brunei Darussalam,Green corn (maize),2023,153
Brunei Darussalam,Green corn (maize),2024,153
Brunei Darussalam,"Hen eggs in shell, fresh",2022,23685
Brunei Darussalam,"Hen eggs in shell, fresh",2023,23385
Brunei Darussalam,"Hen eggs in shell, fresh",2024,25990
Brunei Darussalam,Lemons and limes,2022,170
Brunei Darussalam,Lemons and limes,2023,170
Brunei Darussalam,Lemons and limes,2024,170
Brunei Darussalam,Lettuce and chicory,2022,35
Brunei Darussalam,Lettuce and chicory,2023,36
Brunei Darussalam,Lettuce and chicory,2024,36
Brunei Darussalam,"Meat of buffalo, fresh or chilled (indigenous)",2022,3138
Brunei Darussalam,"Meat of buffalo, fresh or chilled (indigenous)",2023,2618
Brunei Darussalam,"Meat of buffalo, fresh or chilled (indigenous)",2024,2
Brunei Darussalam,"Meat of cattle with the bone, fresh or chilled (indigenous)",2022,3
Brunei Darussalam,"Meat of cattle with the bone, fresh or chilled (indigenous)",2023,3
Brunei Darussalam,"Meat of cattle with the bone, fresh or chilled (indigenous)",2024,3
Brunei Darussalam,"Meat of chickens, fresh or chilled (indigenous)",2022,101803
Brunei Darussalam,"Meat of chickens, fresh or chilled (indigenous)",2023,98683
Brunei Darussalam,"Meat of chickens, fresh or chilled (indigenous)",2024,101114
Brunei Darussalam,"Meat of ducks, fresh or chilled (indigenous)",2022,1550
Brunei Darussalam,"Meat of ducks, fresh or chilled (indigenous)",2023,1243
Brunei Darussalam,"Meat of ducks, fresh or chilled (indigenous)",2024,938
Brunei Darussalam,"Meat of goat, fresh or chilled (indigenous)",2022,170
Brunei Darussalam,"Meat of goat, fresh or chilled (indigenous)",2023,222
Brunei Darussalam,"Meat of goat, fresh or chilled (indigenous)",2024,217
Brunei Darussalam,Mushrooms and truffles,2022,172
Brunei Darussalam,Mushrooms and truffles,2023,176
Brunei Darussalam,Mushrooms and truffles,2024,179
Brunei Darussalam,Okra,2022,941
Brunei Darussalam,Okra,2023,938
Brunei Darussalam,Okra,2024,939
Brunei Darussalam,"Onions and shallots, green",2022,743
Brunei Darussalam,"Onions and shallots, green",2023,741
Brunei Darussalam,"Onions and shallots, green",2024,742
Brunei Darussalam,Oranges,2022,779
Brunei Darussalam,Oranges,2023,777
Brunei Darussalam,Oranges,2024,778
Brunei Darussalam,"Other fruits, n.e.c.",2022,9557
Brunei Darussalam,"Other fruits, n.e.c.",2023,11033
Brunei Darussalam,"Other fruits, n.e.c.",2024,14640
Brunei Darussalam,"Other vegetables, fresh n.e.c.",2022,11569
Brunei Darussalam,"Other vegetables, fresh n.e.c.",2023,13520
Brunei Darussalam,"Other vegetables, fresh n.e.c.",2024,15647
Brunei Darussalam,"Pepper (Piper spp.), raw",2022,11998
Brunei Darussalam,"Pepper (Piper spp.), raw",2023,13119
Brunei Darussalam,"Pepper (Piper spp.), raw",2024,19156
Brunei Darussalam,Pineapples,2022,1900
Brunei Darussalam,Pineapples,2023,1895
Brunei Darussalam,Pineapples,2024,1897
Brunei Darussalam,Plantains and cooking bananas,2022,17
Brunei Darussalam,Plantains and cooking bananas,2023,42
Brunei Darussalam,Plantains and cooking bananas,2024,79
Brunei Darussalam,"Pumpkins, squash and gourds",2022,856
Brunei Darussalam,"Pumpkins, squash and gourds",2023,912
Brunei Darussalam,"Pumpkins, squash and gourds",2024,1036
Brunei Darussalam,Raw milk of cattle,2022,123
Brunei Darussalam,Raw milk of cattle,2023,116
Brunei Darussalam,Raw milk of cattle,2024,112
Brunei Darussalam,Rice,2022,3501
Brunei Darussalam,Rice,2023,3662
Brunei Darussalam,Rice,2024,3550
Brunei Darussalam,Spinach,2022,851
Brunei Darussalam,Spinach,2023,1159
Brunei Darussalam,Spinach,2024,1444
Brunei Darussalam,Sweet potatoes,2022,669
Brunei Darussalam,Sweet potatoes,2023,672
Brunei Darussalam,Sweet potatoes,2024,675
Brunei Darussalam,Tomatoes,2022,346
Brunei Darussalam,Tomatoes,2023,344
Brunei Darussalam,Tomatoes,2024,345
Brunei Darussalam,Watermelons,2022,467
Brunei Darussalam,Watermelons,2023,385
Brunei Darussalam,Watermelons,2024,377
Burkina Faso,"Almonds, in shell",2022,3238
Burkina Faso,"Almonds, in shell",2023,3278
Burkina Faso,"Almonds, in shell",2024,3292
Burkina Faso,"Bambara beans, dry",2022,12799
Burkina Faso,"Bambara beans, dry",2023,13249
Burkina Faso,"Bambara beans, dry",2024,13702
Burkina Faso,"Cashew nuts, in shell",2022,288165
Burkina Faso,"Cashew nuts, in shell",2023,287880
Burkina Faso,"Cashew nuts, in shell",2024,293841
Burkina Faso,"Cassava, fresh",2022,9778
Burkina Faso,"Cassava, fresh",2023,9493
Burkina Faso,"Cassava, fresh",2024,9360
Burkina Faso,"Chillies and peppers, green (Capsicum spp. and Pimenta spp.)",2022,2832
Burkina Faso,"Chillies and peppers, green (Capsicum spp. and Pimenta spp.)",2023,2838
Burkina Faso,"Chillies and peppers, green (Capsicum spp. and Pimenta spp.)",2024,2844
Burkina Faso,"Cow peas, dry",2022,293828
Burkina Faso,"Cow peas, dry",2023,259943
Burkina Faso,"Cow peas, dry",2024,260946
Burkina Faso,Fonio,2022,4117
Burkina Faso,Fonio,2023,7669
Burkina Faso,Fonio,2024,7585
Burkina Faso,"Game meat, fresh, chilled or frozen",2022,20874
Burkina Faso,"Game meat, fresh, chilled or frozen",2023,21167
Burkina Faso,"Game meat, fresh, chilled or frozen",2024,21461
Burkina Faso,"Groundnuts, excluding shelled",2022,190068
Burkina Faso,"Groundnuts, excluding shelled",2023,232265
Burkina Faso,"Groundnuts, excluding shelled",2024,207817
Burkina Faso,"Hen eggs in shell, fresh",2022,191586
Burkina Faso,"Hen eggs in shell, fresh",2023,190963
Burkina Faso,"Hen eggs in shell, fresh",2024,191066
Burkina Faso,"Horse meat, fresh or chilled (indigenous)",2022,245
Burkina Faso,"Horse meat, fresh or chilled (indigenous)",2023,495
Burkina Faso,"Horse meat, fresh or chilled (indigenous)",2024,429
Burkina Faso,Karite nuts (sheanuts),2022,31782
Burkina Faso,Karite nuts (sheanuts),2023,31139
Burkina Faso,Karite nuts (sheanuts),2024,24030
Burkina Faso,Lemons and limes,2022,15
Burkina Faso,Lemons and limes,2023,15
Burkina Faso,Lemons and limes,2024,15
Burkina Faso,Maize (corn),2022,436216
Burkina Faso,Maize (corn),2023,480814
Burkina Faso,Maize (corn),2024,445788
Burkina Faso,"Mangoes, guavas and mangosteens",2022,1027
Burkina Faso,"Mangoes, guavas and mangosteens",2023,1024
Burkina Faso,"Mangoes, guavas and mangosteens",2024,1025
Burkina Faso,"Meat of asses, fresh or chilled (indigenous)",2022,1546
Burkina Faso,"Meat of asses, fresh or chilled (indigenous)",2023,1505
Burkina Faso,"Meat of asses, fresh or chilled (indigenous)",2024,1013
Burkina Faso,"Meat of camels, fresh or chilled (indigenous)",2022,455
Burkina Faso,"Meat of camels, fresh or chilled (indigenous)",2023,464
Burkina Faso,"Meat of camels, fresh or chilled (indigenous)",2024,466
Burkina Faso,"Meat of cattle with the bone, fresh or chilled (indigenous)",2022,205792
Burkina Faso,"Meat of cattle with the bone, fresh or chilled (indigenous)",2023,210556
Burkina Faso,"Meat of cattle with the bone, fresh or chilled (indigenous)",2024,216903
Burkina Faso,"Meat of chickens, fresh or chilled (indigenous)",2022,263403
Burkina Faso,"Meat of chickens, fresh or chilled (indigenous)",2023,267626
Burkina Faso,"Meat of chickens, fresh or chilled (indigenous)",2024,293692
Burkina Faso,"Meat of goat, fresh or chilled (indigenous)",2022,44265
Burkina Faso,"Meat of goat, fresh or chilled (indigenous)",2023,44451
Burkina Faso,"Meat of goat, fresh or chilled (indigenous)",2024,34379
Burkina Faso,"Meat of pig with the bone, fresh or chilled (indigenous)",2022,71565
Burkina Faso,"Meat of pig with the bone, fresh or chilled (indigenous)",2023,73297
Burkina Faso,"Meat of pig with the bone, fresh or chilled (indigenous)",2024,76326
Burkina Faso,"Meat of sheep, fresh or chilled (indigenous)",2022,49335
Burkina Faso,"Meat of sheep, fresh or chilled (indigenous)",2023,50065
Burkina Faso,"Meat of sheep, fresh or chilled (indigenous)",2024,49399
Burkina Faso,Millet,2022,182966
Burkina Faso,Millet,2023,173552
Burkina Faso,Millet,2024,187676
Burkina Faso,Okra,2022,5138
Burkina Faso,Okra,2023,5132
Burkina Faso,Okra,2024,5127
Burkina Faso,"Onions and shallots, green",2022,4807
Burkina Faso,"Onions and shallots, green",2023,4796
Burkina Faso,"Onions and shallots, green",2024,4786
Burkina Faso,Oranges,2022,33
Burkina Faso,Oranges,2023,33
Burkina Faso,Oranges,2024,34
Burkina Faso,"Other beans, green",2022,3263
Burkina Faso,"Other beans, green",2023,3267
Burkina Faso,"Other beans, green",2024,3264
Burkina Faso,"Other fruits, n.e.c.",2022,199487
Burkina Faso,"Other fruits, n.e.c.",2023,207500
Burkina Faso,"Other fruits, n.e.c.",2024,216287
Burkina Faso,Other pulses n.e.c.,2022,4777
Burkina Faso,Other pulses n.e.c.,2023,4763
Burkina Faso,Other pulses n.e.c.,2024,4749
Burkina Faso,"Other stimulant, spice and aromatic crops, n.e.c.",2022,15653
Burkina Faso,"Other stimulant, spice and aromatic crops, n.e.c.",2023,15542
Burkina Faso,"Other stimulant, spice and aromatic crops, n.e.c.",2024,15582
Burkina Faso,"Other tropical fruits, n.e.c.",2022,1691
Burkina Faso,"Other tropical fruits, n.e.c.",2023,1678
Burkina Faso,"Other tropical fruits, n.e.c.",2024,1671
Burkina Faso,"Other vegetables, fresh n.e.c.",2022,368929
Burkina Faso,"Other vegetables, fresh n.e.c.",2023,361596
Burkina Faso,"Other vegetables, fresh n.e.c.",2024,373507
Burkina Faso,Pomelos and grapefruits,2022,12
Burkina Faso,Pomelos and grapefruits,2023,13
Burkina Faso,Pomelos and grapefruits,2024,13
Burkina Faso,Potatoes,2022,20101
Burkina Faso,Potatoes,2023,19550
Burkina Faso,Potatoes,2024,19663
Burkina Faso,Raw milk of cattle,2022,84618
Burkina Faso,Raw milk of cattle,2023,86351
Burkina Faso,Raw milk of cattle,2024,84629
Burkina Faso,Raw milk of goats,2022,52651
Burkina Faso,Raw milk of goats,2023,52865
Burkina Faso,Raw milk of goats,2024,52652
Burkina Faso,Rice,2022,210500
Burkina Faso,Rice,2023,241799
Burkina Faso,Rice,2024,246105
Burkina Faso,"Seed cotton, unginned",2022,286361
Burkina Faso,"Seed cotton, unginned",2023,309719
Burkina Faso,"Seed cotton, unginned",2024,329535
Burkina Faso,Sesame seed,2022,85393
Burkina Faso,Sesame seed,2023,101082
Burkina Faso,Sesame seed,2024,111325
Burkina Faso,Sorghum,2022,264489
Burkina Faso,Sorghum,2023,232726
Burkina Faso,Sorghum,2024,249534
Burkina Faso,Soya beans,2022,40001
Burkina Faso,Soya beans,2023,33887
Burkina Faso,Soya beans,2024,36202
Burkina Faso,Sugar cane,2022,32593
Burkina Faso,Sugar cane,2023,32744
Burkina Faso,Sugar cane,2024,32895
Burkina Faso,Sweet potatoes,2022,13123
Burkina Faso,Sweet potatoes,2023,12388
Burkina Faso,Sweet potatoes,2024,13115
Burkina Faso,"Tangerines, mandarins, clementines",2022,571
Burkina Faso,"Tangerines, mandarins, clementines",2023,573
Burkina Faso,"Tangerines, mandarins, clementines",2024,573
Burkina Faso,Tomatoes,2022,51772
Burkina Faso,Tomatoes,2023,51899
Burkina Faso,Tomatoes,2024,52997
Burkina Faso,Unmanufactured tobacco,2022,737
Burkina Faso,Unmanufactured tobacco,2023,735
Burkina Faso,Unmanufactured tobacco,2024,735
Burkina Faso,Yams,2022,18021
Burkina Faso,Yams,2023,18303
Burkina Faso,Yams,2024,18419
Burundi,Bananas,2022,273590
Burundi,Bananas,2023,280264
Burundi,Bananas,2024,307775
Burundi,"Beans, dry",2022,232032
Burundi,"Beans, dry",2023,218645
Burundi,"Beans, dry",2024,225206
Burundi,"Cassava, fresh",2022,852607
Burundi,"Cassava, fresh",2023,837889
Burundi,"Cassava, fresh",2024,818539
Burundi,Cereals n.e.c.,2022,6727
Burundi,Cereals n.e.c.,2023,7141
Burundi,Cereals n.e.c.,2024,7071
Burundi,"Coffee, green",2022,3118
Burundi,"Coffee, green",2023,2494
Burundi,"Coffee, green",2024,2049
Burundi,"Groundnuts, excluding shelled",2022,25486
Burundi,"Groundnuts, excluding shelled",2023,17921
Burundi,"Groundnuts, excluding shelled",2024,16589
Burundi,"Hen eggs in shell, fresh",2022,12923
Burundi,"Hen eggs in shell, fresh",2023,13099
Burundi,"Hen eggs in shell, fresh",2024,12937
Burundi,Maize (corn),2022,302185
Burundi,Maize (corn),2023,232954
Burundi,Maize (corn),2024,228072
Burundi,"Meat of cattle with the bone, fresh or chilled (indigenous)",2022,60284
Burundi,"Meat of cattle with the bone, fresh or chilled (indigenous)",2023,62049
Burundi,"Meat of cattle with the bone, fresh or chilled (indigenous)",2024,62368
Burundi,"Meat of chickens, fresh or chilled (indigenous)",2022,61643
Burundi,"Meat of chickens, fresh or chilled (indigenous)",2023,64296
Burundi,"Meat of chickens, fresh or chilled (indigenous)",2024,66972
Burundi,"Meat of goat, fresh or chilled (indigenous)",2022,13460
Burundi,"Meat of goat, fresh or chilled (indigenous)",2023,15438
Burundi,"Meat of goat, fresh or chilled (indigenous)",2024,12389
Burundi,"Meat of pig with the bone, fresh or chilled (indigenous)",2022,9038
Burundi,"Meat of pig with the bone, fresh or chilled (indigenous)",2023,9663
Burundi,"Meat of pig with the bone, fresh or chilled (indigenous)",2024,9841
Burundi,"Meat of rabbits and hares, fresh or chilled (indigenous)",2022,546
Burundi,"Meat of rabbits and hares, fresh or chilled (indigenous)",2023,550
Burundi,"Meat of rabbits and hares, fresh or chilled (indigenous)",2024,523
Burundi,"Meat of sheep, fresh or chilled (indigenous)",2022,2188
Burundi,"Meat of sheep, fresh or chilled (indigenous)",2023,2290
Burundi,"Meat of sheep, fresh or chilled (indigenous)",2024,1973
Burundi,Millet,2022,4687
Burundi,Millet,2023,4698
Burundi,Millet,2024,3970
Burundi,Natural honey,2022,6463
Burundi,Natural honey,2023,6463
Burundi,Natural honey,2024,6007
Burundi,Oil palm fruit,2022,86068
Burundi,Oil palm fruit,2023,84556
Burundi,Oil palm fruit,2024,85558
Burundi,"Other fruits, n.e.c.",2022,109468
Burundi,"Other fruits, n.e.c.",2023,110057
Burundi,"Other fruits, n.e.c.",2024,110647
Burundi,"Other vegetables, fresh n.e.c.",2022,166934
Burundi,"Other vegetables, fresh n.e.c.",2023,167617
Burundi,"Other vegetables, fresh n.e.c.",2024,168201
Burundi,"Peas, dry",2022,32006
Burundi,"Peas, dry",2023,12090
Burundi,"Peas, dry",2024,14491
Burundi,"Pigeon peas, dry",2022,1704
Burundi,"Pigeon peas, dry",2023,1674
Burundi,"Pigeon peas, dry",2024,1654
Burundi,Potatoes,2022,145877
Burundi,Potatoes,2023,144375
Burundi,Potatoes,2024,144837
Burundi,Raw milk of cattle,2022,29162
Burundi,Raw milk of cattle,2023,33918
Burundi,Raw milk of cattle,2024,37699
Burundi,Raw milk of goats,2022,29719
Burundi,Raw milk of goats,2023,30587
Burundi,Raw milk of goats,2024,30359
Burundi,Raw milk of sheep,2022,678
Burundi,Raw milk of sheep,2023,691
Burundi,Raw milk of sheep,2024,697
Burundi,Rice,2022,33734
Burundi,Rice,2023,36668
Burundi,Rice,2024,39895
Burundi,"Seed cotton, unginned",2022,205
Burundi,"Seed cotton, unginned",2023,234
Burundi,"Seed cotton, unginned",2024,213
Burundi,Sorghum,2022,13801
Burundi,Sorghum,2023,13801
Burundi,Sorghum,2024,16561
Burundi,Soya beans,2022,1083
Burundi,Soya beans,2023,1065
Burundi,Soya beans,2024,1047
Burundi,Sugar cane,2022,8282
Burundi,Sugar cane,2023,5998
Burundi,Sugar cane,2024,5952
Burundi,Sweet potatoes,2022,166956
Burundi,Sweet potatoes,2023,147785
Burundi,Sweet potatoes,2024,145357
Burundi,Taro,2022,17843
Burundi,Taro,2023,18619
Burundi,Taro,2024,19998
Burundi,Tea leaves,2022,9288
Burundi,Tea leaves,2023,9047
Burundi,Tea leaves,2024,9391
Burundi,Unmanufactured tobacco,2022,12742
Burundi,Unmanufactured tobacco,2023,12815
Burundi,Unmanufactured tobacco,2024,12793
Burundi,Wheat,2022,7071
Burundi,Wheat,2023,6601
Burundi,Wheat,2024,6157
Burundi,Yams,2022,108
Burundi,Yams,2023,193
Burundi,Yams,2024,362
Cabo Verde,Bananas,2022,5889
Cabo Verde,Bananas,2023,5296
Cabo Verde,Bananas,2024,4966
Cabo Verde,Cabbages,2022,8470
Cabo Verde,Cabbages,2023,6712
Cabo Verde,Cabbages,2024,1210
Cabo Verde,Carrots and turnips,2022,3656
Cabo Verde,Carrots and turnips,2023,3021
Cabo Verde,Carrots and turnips,2024,4020
Cabo Verde,"Cassava, fresh",2022,5797
Cabo Verde,"Cassava, fresh",2023,5126
Cabo Verde,"Cassava, fresh",2024,5026
Cabo Verde,Castor oil seeds,2022,244
Cabo Verde,Castor oil seeds,2023,245
Cabo Verde,Castor oil seeds,2024,246
Cabo Verde,"Chillies and peppers, dry (Capsicum spp., Pimenta spp.), raw",2022,2747
Cabo Verde,"Chillies and peppers, dry (Capsicum spp., Pimenta spp.), raw",2023,2767
Cabo Verde,"Chillies and peppers, dry (Capsicum spp., Pimenta spp.), raw",2024,2749
Cabo Verde,"Coconuts, in shell",2022,5818
Cabo Verde,"Coconuts, in shell",2023,5818
Cabo Verde,"Coconuts, in shell",2024,5411
Cabo Verde,Cucumbers and gherkins,2022,1492
Cabo Verde,Cucumbers and gherkins,2023,1268
Cabo Verde,Cucumbers and gherkins,2024,1300
Cabo Verde,Green garlic,2022,305
Cabo Verde,Green garlic,2023,318
Cabo Verde,Green garlic,2024,313
Cabo Verde,"Hen eggs in shell, fresh",2022,11587
Cabo Verde,"Hen eggs in shell, fresh",2023,10814
Cabo Verde,"Hen eggs in shell, fresh",2024,10602
Cabo Verde,Lettuce and chicory,2022,3656
Cabo Verde,Lettuce and chicory,2023,2230
Cabo Verde,Lettuce and chicory,2024,2118
Cabo Verde,Maize (corn),2022,167
Cabo Verde,Maize (corn),2023,350
Cabo Verde,Maize (corn),2024,4
Cabo Verde,"Mangoes, guavas and mangosteens",2022,1656
Cabo Verde,"Mangoes, guavas and mangosteens",2023,1727
Cabo Verde,"Mangoes, guavas and mangosteens",2024,1122
Cabo Verde,"Meat of cattle with the bone, fresh or chilled (indigenous)",2022,6844
Cabo Verde,"Meat of cattle with the bone, fresh or chilled (indigenous)",2023,6788
Cabo Verde,"Meat of cattle with the bone, fresh or chilled (indigenous)",2024,6743
Cabo Verde,"Meat of chickens, fresh or chilled (indigenous)",2022,2061
Cabo Verde,"Meat of chickens, fresh or chilled (indigenous)",2023,1321
Cabo Verde,"Meat of chickens, fresh or chilled (indigenous)",2024,1963
Cabo Verde,"Meat of goat, fresh or chilled (indigenous)",2022,5338
Cabo Verde,"Meat of goat, fresh or chilled (indigenous)",2023,5476
Cabo Verde,"Meat of goat, fresh or chilled (indigenous)",2024,5720
Cabo Verde,"Meat of pig with the bone, fresh or chilled (indigenous)",2022,12720
Cabo Verde,"Meat of pig with the bone, fresh or chilled (indigenous)",2023,12865
Cabo Verde,"Meat of pig with the bone, fresh or chilled (indigenous)",2024,13010
Cabo Verde,"Meat of sheep, fresh or chilled (indigenous)",2022,3075
Cabo Verde,"Meat of sheep, fresh or chilled (indigenous)",2023,3109
Cabo Verde,"Meat of sheep, fresh or chilled (indigenous)",2024,3164
Cabo Verde,"Onions and shallots, dry (excluding dehydrated)",2022,4720
Cabo Verde,"Onions and shallots, dry (excluding dehydrated)",2023,3408
Cabo Verde,"Onions and shallots, dry (excluding dehydrated)",2024,6210
Cabo Verde,"Other fruits, n.e.c.",2022,705
Cabo Verde,"Other fruits, n.e.c.",2023,670
Cabo Verde,"Other fruits, n.e.c.",2024,652
Cabo Verde,Other pulses n.e.c.,2022,13990
Cabo Verde,Other pulses n.e.c.,2023,14005
Cabo Verde,Other pulses n.e.c.,2024,13587
Cabo Verde,"Other vegetables, fresh n.e.c.",2022,11641
Cabo Verde,"Other vegetables, fresh n.e.c.",2023,9794
Cabo Verde,"Other vegetables, fresh n.e.c.",2024,10027
Cabo Verde,Potatoes,2022,8741
Cabo Verde,Potatoes,2023,5495
Cabo Verde,Potatoes,2024,4797
Cabo Verde,"Pumpkins, squash and gourds",2022,3590
Cabo Verde,"Pumpkins, squash and gourds",2023,3775
Cabo Verde,"Pumpkins, squash and gourds",2024,3552
Cabo Verde,Raw milk of cattle,2022,6817
Cabo Verde,Raw milk of cattle,2023,6831
Cabo Verde,Raw milk of cattle,2024,6845
Cabo Verde,Raw milk of goats,2022,8297
Cabo Verde,Raw milk of goats,2023,8529
Cabo Verde,Raw milk of goats,2024,8513
Cabo Verde,Sugar cane,2022,3876
Cabo Verde,Sugar cane,2023,3878
Cabo Verde,Sugar cane,2024,3726
Cabo Verde,Sweet potatoes,2022,5568
Cabo Verde,Sweet potatoes,2023,4359
Cabo Verde,Sweet potatoes,2024,4520
Cabo Verde,Tomatoes,2022,18824
Cabo Verde,Tomatoes,2023,18647
Cabo Verde,Tomatoes,2024,19492
Cabo Verde,Watermelons,2022,1965
Cabo Verde,Watermelons,2023,1577
Cabo Verde,Watermelons,2024,1914
Cambodia,Bananas,2022,172611
Cambodia,Bananas,2023,163076
Cambodia,Bananas,2024,161790
Cambodia,"Beans, dry",2022,95585
Cambodia,"Beans, dry",2023,96381
Cambodia,"Beans, dry",2024,95961
Cambodia,"Cassava, fresh",2022,2376333
Cambodia,"Cassava, fresh",2023,2413681
Cambodia,"Cassava, fresh",2024,2473694
Cambodia,Castor oil seeds,2022,370
Cambodia,Castor oil seeds,2023,370
Cambodia,Castor oil seeds,2024,370
Cambodia,"Chillies and peppers, dry (Capsicum spp., Pimenta spp.), raw",2022,10946
Cambodia,"Chillies and peppers, dry (Capsicum spp., Pimenta spp.), raw",2023,10963
Cambodia,"Chillies and peppers, dry (Capsicum spp., Pimenta spp.), raw",2024,10933
Cambodia,"Coconuts, in shell",2022,57243
Cambodia,"Coconuts, in shell",2023,56120
Cambodia,"Coconuts, in shell",2024,55128
Cambodia,"Coffee, green",2022,2478
Cambodia,"Coffee, green",2023,2482
Cambodia,"Coffee, green",2024,2485
Cambodia,"Edible roots and tubers with high starch or inulin content, n.e.c., fresh",2022,10890
Cambodia,"Edible roots and tubers with high starch or inulin content, n.e.c., fresh",2023,10930
Cambodia,"Edible roots and tubers with high starch or inulin content, n.e.c., fresh",2024,10918
Cambodia,"Eggs from other birds in shell, fresh, n.e.c.",2022,8785
Cambodia,"Eggs from other birds in shell, fresh, n.e.c.",2023,8785
Cambodia,"Eggs from other birds in shell, fresh, n.e.c.",2024,8785
Cambodia,"Groundnuts, excluding shelled",2022,21056
Cambodia,"Groundnuts, excluding shelled",2023,21056
Cambodia,"Groundnuts, excluding shelled",2024,21056
Cambodia,"Hen eggs in shell, fresh",2022,33800
Cambodia,"Hen eggs in shell, fresh",2023,33866
Cambodia,"Hen eggs in shell, fresh",2024,33803
Cambodia,"Jute, raw or retted",2022,25408
Cambodia,"Jute, raw or retted",2023,25569
Cambodia,"Jute, raw or retted",2024,27510
Cambodia,Lemons and limes,2022,1133
Cambodia,Lemons and limes,2023,1138
Cambodia,Lemons and limes,2024,1140
Cambodia,Maize (corn),2022,372085
Cambodia,Maize (corn),2023,484063
Cambodia,Maize (corn),2024,441511
Cambodia,"Mangoes, guavas and mangosteens",2022,26861
Cambodia,"Mangoes, guavas and mangosteens",2023,26919
Cambodia,"Mangoes, guavas and mangosteens",2024,26821
Cambodia,"Meat of buffalo, fresh or chilled (indigenous)",2022,40519
Cambodia,"Meat of buffalo, fresh or chilled (indigenous)",2023,40146
Cambodia,"Meat of buffalo, fresh or chilled (indigenous)",2024,39792
Cambodia,"Meat of cattle with the bone, fresh or chilled (indigenous)",2022,110721
Cambodia,"Meat of cattle with the bone, fresh or chilled (indigenous)",2023,94359
Cambodia,"Meat of cattle with the bone, fresh or chilled (indigenous)",2024,108655
Cambodia,"Meat of chickens, fresh or chilled (indigenous)",2022,68686
Cambodia,"Meat of chickens, fresh or chilled (indigenous)",2023,68565
Cambodia,"Meat of chickens, fresh or chilled (indigenous)",2024,67360
Cambodia,"Meat of ducks, fresh or chilled (indigenous)",2022,22411
Cambodia,"Meat of ducks, fresh or chilled (indigenous)",2023,22454
Cambodia,"Meat of ducks, fresh or chilled (indigenous)",2024,22496
Cambodia,"Meat of pig with the bone, fresh or chilled (indigenous)",2022,653918
Cambodia,"Meat of pig with the bone, fresh or chilled (indigenous)",2023,668717
Cambodia,"Meat of pig with the bone, fresh or chilled (indigenous)",2024,671775
Cambodia,Natural rubber in primary forms,2022,161826
Cambodia,Natural rubber in primary forms,2023,209836
Cambodia,Natural rubber in primary forms,2024,216150
Cambodia,Oranges,2022,141857
Cambodia,Oranges,2023,141931
Cambodia,Oranges,2024,142006
Cambodia,"Other fibre crops, raw, n.e.c.",2022,944
Cambodia,"Other fibre crops, raw, n.e.c.",2023,944
Cambodia,"Other fibre crops, raw, n.e.c.",2024,966
Cambodia,"Other fruits, n.e.c.",2022,44949
Cambodia,"Other fruits, n.e.c.",2023,44878
Cambodia,"Other fruits, n.e.c.",2024,44973
Cambodia,"Other nuts (excluding wild edible nuts and groundnuts), in shell, n.e.c.",2022,814
Cambodia,"Other nuts (excluding wild edible nuts and groundnuts), in shell, n.e.c.",2023,814
Cambodia,"Other nuts (excluding wild edible nuts and groundnuts), in shell, n.e.c.",2024,814
Cambodia,"Other oil seeds, n.e.c.",2022,1042
Cambodia,"Other oil seeds, n.e.c.",2023,1042
Cambodia,"Other oil seeds, n.e.c.",2024,1042
Cambodia,"Other vegetables, fresh n.e.c.",2022,432670
Cambodia,"Other vegetables, fresh n.e.c.",2023,432930
Cambodia,"Other vegetables, fresh n.e.c.",2024,432430
Cambodia,"Pepper (Piper spp.), raw",2022,8979
Cambodia,"Pepper (Piper spp.), raw",2023,8990
Cambodia,"Pepper (Piper spp.), raw",2024,9000
Cambodia,Pineapples,2022,9997
Cambodia,Pineapples,2023,10016
Cambodia,Pineapples,2024,9986
Cambodia,Pomelos and grapefruits,2022,1315
Cambodia,Pomelos and grapefruits,2023,1323
Cambodia,Pomelos and grapefruits,2024,1331
Cambodia,Raw milk of cattle,2022,2327
Cambodia,Raw milk of cattle,2023,2326
Cambodia,Raw milk of cattle,2024,2325
Cambodia,Rice,2022,3010573
Cambodia,Rice,2023,3349614
Cambodia,Rice,2024,3607089
Cambodia,"Seed cotton, unginned",2022,219
Cambodia,"Seed cotton, unginned",2023,218
Cambodia,"Seed cotton, unginned",2024,216
Cambodia,Sesame seed,2022,13641
Cambodia,Sesame seed,2023,13641
Cambodia,Sesame seed,2024,13641
Cambodia,Silk-worm cocoons suitable for reeling,2022,713
Cambodia,Silk-worm cocoons suitable for reeling,2023,711
Cambodia,Silk-worm cocoons suitable for reeling,2024,711
Cambodia,Soya beans,2022,47384
Cambodia,Soya beans,2023,48371
Cambodia,Soya beans,2024,50346
Cambodia,Sugar cane,2022,2358871
Cambodia,Sugar cane,2023,2384355
Cambodia,Sugar cane,2024,2383635
Cambodia,Sweet potatoes,2022,12745
Cambodia,Sweet potatoes,2023,12590
Cambodia,Sweet potatoes,2024,12436
Cambodia,Unmanufactured tobacco,2022,34774
Cambodia,Unmanufactured tobacco,2023,36728
Cambodia,Unmanufactured tobacco,2024,36319
Cameroon,Apricots,2022,236
Cameroon,Apricots,2023,234
Cameroon,Apricots,2024,235
Cameroon,Avocados,2022,8826
Cameroon,Avocados,2023,8840
Cameroon,Avocados,2024,8818
Cameroon,Bananas,2022,112517
Cameroon,Bananas,2023,106283
Cameroon,Bananas,2024,102025
Cameroon,"Beans, dry",2022,303930
Cameroon,"Beans, dry",2023,304550
Cameroon,"Beans, dry",2024,306382
Cameroon,"Broad beans and horse beans, dry",2022,64
Cameroon,"Broad beans and horse beans, dry",2023,64
Cameroon,"Broad beans and horse beans, dry",2024,64
Cameroon,Cabbages,2022,4257
Cameroon,Cabbages,2023,4261
Cameroon,Cabbages,2024,4255
Cameroon,Cantaloupes and other melons,2022,5193
Cameroon,Cantaloupes and other melons,2023,5198
Cameroon,Cantaloupes and other melons,2024,5190
Cameroon,"Cassava, fresh",2022,1667282
Cameroon,"Cassava, fresh",2023,1718211
Cameroon,"Cassava, fresh",2024,1771181
Cameroon,"Chestnuts, in shell",2022,69
Cameroon,"Chestnuts, in shell",2023,69
Cameroon,"Chestnuts, in shell",2024,70
Cameroon,"Chillies and peppers, dry (Capsicum spp., Pimenta spp.), raw",2022,176665
Cameroon,"Chillies and peppers, dry (Capsicum spp., Pimenta spp.), raw",2023,176842
Cameroon,"Chillies and peppers, dry (Capsicum spp., Pimenta spp.), raw",2024,176375
Cameroon,"Chillies and peppers, green (Capsicum spp. and Pimenta spp.)",2022,10905
Cameroon,"Chillies and peppers, green (Capsicum spp. and Pimenta spp.)",2023,10874
Cameroon,"Chillies and peppers, green (Capsicum spp. and Pimenta spp.)",2024,10903
Cameroon,Cocoa beans,2022,635756
Cameroon,Cocoa beans,2023,646532
Cameroon,Cocoa beans,2024,689634
Cameroon,"Coconuts, in shell",2022,435
Cameroon,"Coconuts, in shell",2023,435
Cameroon,"Coconuts, in shell",2024,435
Cameroon,"Coffee, green",2022,27336
Cameroon,"Coffee, green",2023,26280
Cameroon,"Coffee, green",2024,25233
Cameroon,"Cow peas, dry",2022,129790
Cameroon,"Cow peas, dry",2023,133355
Cameroon,"Cow peas, dry",2024,137232
Cameroon,Cucumbers and gherkins,2022,28849
Cameroon,Cucumbers and gherkins,2023,28643
Cameroon,Cucumbers and gherkins,2024,28754
Cameroon,Dates,2022,124
Cameroon,Dates,2023,125
Cameroon,Dates,2024,124
Cameroon,"Edible roots and tubers with high starch or inulin content, n.e.c., fresh",2022,14685
Cameroon,"Edible roots and tubers with high starch or inulin content, n.e.c., fresh",2023,14711
Cameroon,"Edible roots and tubers with high starch or inulin content, n.e.c., fresh",2024,14669
Cameroon,Eggplants (aubergines),2022,211
Cameroon,Eggplants (aubergines),2023,211
Cameroon,Eggplants (aubergines),2024,210
Cameroon,Figs,2022,27
Cameroon,Figs,2023,27
Cameroon,Figs,2024,27
Cameroon,"Game meat, fresh, chilled or frozen",2022,140332
Cameroon,"Game meat, fresh, chilled or frozen",2023,142721
Cameroon,"Game meat, fresh, chilled or frozen",2024,145145
Cameroon,"Ginger, raw",2022,43545
Cameroon,"Ginger, raw",2023,43045
Cameroon,"Ginger, raw",2024,43213
Cameroon,"Groundnuts, excluding shelled",2022,400432
Cameroon,"Groundnuts, excluding shelled",2023,407987
Cameroon,"Groundnuts, excluding shelled",2024,407987
Cameroon,"Hazelnuts, in shell",2022,79
Cameroon,"Hazelnuts, in shell",2023,79
Cameroon,"Hazelnuts, in shell",2024,80
Cameroon,"Hen eggs in shell, fresh",2022,182689
Cameroon,"Hen eggs in shell, fresh",2023,187705
Cameroon,"Hen eggs in shell, fresh",2024,185530
Cameroon,"Horse meat, fresh or chilled (indigenous)",2022,106
Cameroon,"Horse meat, fresh or chilled (indigenous)",2023,220
Cameroon,"Horse meat, fresh or chilled (indigenous)",2024,213
Cameroon,Leeks and other alliaceous vegetables,2022,156
Cameroon,Leeks and other alliaceous vegetables,2023,158
Cameroon,Leeks and other alliaceous vegetables,2024,161
Cameroon,Maize (corn),2022,856871
Cameroon,Maize (corn),2023,856871
Cameroon,Maize (corn),2024,856871
Cameroon,"Mangoes, guavas and mangosteens",2022,221
Cameroon,"Mangoes, guavas and mangosteens",2023,221
Cameroon,"Mangoes, guavas and mangosteens",2024,222
Cameroon,"Meat of cattle with the bone, fresh or chilled (indigenous)",2022,315133
Cameroon,"Meat of cattle with the bone, fresh or chilled (indigenous)",2023,325636
Cameroon,"Meat of cattle with the bone, fresh or chilled (indigenous)",2024,315644
Cameroon,"Meat of chickens, fresh or chilled (indigenous)",2022,382819
Cameroon,"Meat of chickens, fresh or chilled (indigenous)",2023,345910
Cameroon,"Meat of chickens, fresh or chilled (indigenous)",2024,364317
Cameroon,"Meat of goat, fresh or chilled (indigenous)",2022,112425
Cameroon,"Meat of goat, fresh or chilled (indigenous)",2023,114290
Cameroon,"Meat of goat, fresh or chilled (indigenous)",2024,115632
Cameroon,"Meat of pig with the bone, fresh or chilled (indigenous)",2022,153295
Cameroon,"Meat of pig with the bone, fresh or chilled (indigenous)",2023,164631
Cameroon,"Meat of pig with the bone, fresh or chilled (indigenous)",2024,170804
Cameroon,"Meat of rabbits and hares, fresh or chilled (indigenous)",2022,479
Cameroon,"Meat of rabbits and hares, fresh or chilled (indigenous)",2023,479
Cameroon,"Meat of rabbits and hares, fresh or chilled (indigenous)",2024,480
Cameroon,"Meat of sheep, fresh or chilled (indigenous)",2022,71878
Cameroon,"Meat of sheep, fresh or chilled (indigenous)",2023,73092
Cameroon,"Meat of sheep, fresh or chilled (indigenous)",2024,47005
Cameroon,Melonseed,2022,10019
Cameroon,Melonseed,2023,9947
Cameroon,Melonseed,2024,9875
Cameroon,Millet,2022,46435
Cameroon,Millet,2023,46435
Cameroon,Millet,2024,46435
Cameroon,Natural honey,2022,6054
Cameroon,Natural honey,2023,6157
Cameroon,Natural honey,2024,6261
Cameroon,Natural rubber in primary forms,2022,102485
Cameroon,Natural rubber in primary forms,2023,107559
Cameroon,Natural rubber in primary forms,2024,113038
Cameroon,Oil palm fruit,2022,433282
Cameroon,Oil palm fruit,2023,439531
Cameroon,Oil palm fruit,2024,451255
Cameroon,"Onions and shallots, dry (excluding dehydrated)",2022,111690
Cameroon,"Onions and shallots, dry (excluding dehydrated)",2023,106902
Cameroon,"Onions and shallots, dry (excluding dehydrated)",2024,109308
Cameroon,"Other beans, green",2022,829
Cameroon,"Other beans, green",2023,836
Cameroon,"Other beans, green",2024,843
Cameroon,"Other fruits, n.e.c.",2022,23829
Cameroon,"Other fruits, n.e.c.",2023,23897
Cameroon,"Other fruits, n.e.c.",2024,23967
Cameroon,"Other nuts (excluding wild edible nuts and groundnuts), in shell, n.e.c.",2022,215
Cameroon,"Other nuts (excluding wild edible nuts and groundnuts), in shell, n.e.c.",2023,215
Cameroon,"Other nuts (excluding wild edible nuts and groundnuts), in shell, n.e.c.",2024,215
Cameroon,Other pulses n.e.c.,2022,1754
Cameroon,Other pulses n.e.c.,2023,1765
Cameroon,Other pulses n.e.c.,2024,1776
Cameroon,"Other vegetables, fresh n.e.c.",2022,296176
Cameroon,"Other vegetables, fresh n.e.c.",2023,296643
Cameroon,"Other vegetables, fresh n.e.c.",2024,295840
Cameroon,Papayas,2022,5
Cameroon,Papayas,2023,5
Cameroon,Papayas,2024,5
Cameroon,Peaches and nectarines,2022,242
Cameroon,Peaches and nectarines,2023,243
Cameroon,Peaches and nectarines,2024,242
Cameroon,"Pepper (Piper spp.), raw",2022,282
Cameroon,"Pepper (Piper spp.), raw",2023,284
Cameroon,"Pepper (Piper spp.), raw",2024,285
Cameroon,Pineapples,2022,57893
Cameroon,Pineapples,2023,57266
Cameroon,Pineapples,2024,58839
Cameroon,Plantains and cooking bananas,2022,1323645
Cameroon,Plantains and cooking bananas,2023,1313820
Cameroon,Plantains and cooking bananas,2024,1327221
Cameroon,Plums and sloes,2022,108
Cameroon,Plums and sloes,2023,109
Cameroon,Plums and sloes,2024,109
Cameroon,Potatoes,2022,132473
Cameroon,Potatoes,2023,129020
Cameroon,Potatoes,2024,131715
Cameroon,"Pumpkins, squash and gourds",2022,18560
Cameroon,"Pumpkins, squash and gourds",2023,18684
Cameroon,"Pumpkins, squash and gourds",2024,18855
Cameroon,Raw milk of cattle,2022,79737
Cameroon,Raw milk of cattle,2023,79421
Cameroon,Raw milk of cattle,2024,81586
Cameroon,Rice,2022,129077
Cameroon,Rice,2023,128208
Cameroon,Rice,2024,130011
Cameroon,"Seed cotton, unginned",2022,186942
Cameroon,"Seed cotton, unginned",2023,205475
Cameroon,"Seed cotton, unginned",2024,197780
Cameroon,Sesame seed,2022,18594
Cameroon,Sesame seed,2023,18594
Cameroon,Sesame seed,2024,19922
Cameroon,Sorghum,2022,368246
Cameroon,Sorghum,2023,368246
Cameroon,Sorghum,2024,368246
Cameroon,Soya beans,2022,6381
Cameroon,Soya beans,2023,7071
Cameroon,Soya beans,2024,7677
Cameroon,Sweet potatoes,2022,85133
Cameroon,Sweet potatoes,2023,89276
Cameroon,Sweet potatoes,2024,93115
Cameroon,Taro,2022,706953
Cameroon,Taro,2023,712344
Cameroon,Taro,2024,722403
Cameroon,Tea leaves,2022,87178
Cameroon,Tea leaves,2023,88254
Cameroon,Tea leaves,2024,88554
Cameroon,Tomatoes,2022,639093
Cameroon,Tomatoes,2023,654794
Cameroon,Tomatoes,2024,671233
Cameroon,Unmanufactured tobacco,2022,32296
Cameroon,Unmanufactured tobacco,2023,32411
Cameroon,Unmanufactured tobacco,2024,32371
Cameroon,Watermelons,2022,7193
Cameroon,Watermelons,2023,7218
Cameroon,Watermelons,2024,7541
Cameroon,Wheat,2022,92
Cameroon,Wheat,2023,97
Cameroon,Wheat,2024,95
Cameroon,Yams,2022,302578
Cameroon,Yams,2023,301210
Cameroon,Yams,2024,301571
Canada,"Anise, badian, coriander, cumin, caraway, fennel and juniper berries, raw",2022,7450
Canada,"Anise, badian, coriander, cumin, caraway, fennel and juniper berries, raw",2023,7421
Canada,"Anise, badian, coriander, cumin, caraway, fennel and juniper berries, raw",2024,7435
Canada,Apples,2022,168217
Canada,Apples,2023,157686
Canada,Apples,2024,169938
Canada,Apricots,2022,990
Canada,Apricots,2023,1089
Canada,Apricots,2024,696
Canada,Asparagus,2022,32015
Canada,Asparagus,2023,34476
Canada,Asparagus,2024,36821
Canada,Barley,2022,1695567
Canada,Barley,2023,1511982
Canada,Barley,2024,1382694
Canada,"Beans, dry",2022,227099
Canada,"Beans, dry",2023,246196
Canada,"Beans, dry",2024,307744
Canada,Blueberries,2022,225262
Canada,Blueberries,2023,189807
Canada,Blueberries,2024,200811
Canada,Buckwheat,2022,3174
Canada,Buckwheat,2023,3673
Canada,Buckwheat,2024,4836
Canada,Cabbages,2022,71906
Canada,Cabbages,2023,64213
Canada,Cabbages,2024,70925
Canada,Canary seed,2022,71068
Canada,Canary seed,2023,50058
Canada,Canary seed,2024,82643
Canada,Cantaloupes and other melons,2022,3888
Canada,Cantaloupes and other melons,2023,4460
Canada,Cantaloupes and other melons,2024,5007
Canada,Carrots and turnips,2022,95047
Canada,Carrots and turnips,2023,95408
Canada,Carrots and turnips,2024,97148
Canada,Cauliflowers and broccoli,2022,48878
Canada,Cauliflowers and broccoli,2023,46795
Canada,Cauliflowers and broccoli,2024,49757
Canada,Cherries,2022,59138
Canada,Cherries,2023,63507
Canada,Cherries,2024,19910
Canada,"Chick peas, dry",2022,74241
Canada,"Chick peas, dry",2023,80957
Canada,"Chick peas, dry",2024,145921
Canada,"Chillies and peppers, green (Capsicum spp. and Pimenta spp.)",2022,47385
Canada,"Chillies and peppers, green (Capsicum spp. and Pimenta spp.)",2023,43986
Canada,"Chillies and peppers, green (Capsicum spp. and Pimenta spp.)",2024,42882
Canada,Cranberries,2022,140270
Canada,Cranberries,2023,109261
Canada,Cranberries,2024,141272
Canada,Cucumbers and gherkins,2022,30482
Canada,Cucumbers and gherkins,2023,32280
Canada,Cucumbers and gherkins,2024,30188
Canada,Grapes,2022,109698
Canada,Grapes,2023,121305
Canada,Grapes,2024,96683
Canada,Green corn (maize),2022,58032
Canada,Green corn (maize),2023,56148
Canada,Green corn (maize),2024,58771
Canada,Green garlic,2022,16471
Canada,Green garlic,2023,16413
Canada,Green garlic,2024,17384
Canada,"Hen eggs in shell, fresh",2022,1145158
Canada,"Hen eggs in shell, fresh",2023,1159254
Canada,"Hen eggs in shell, fresh",2024,1209410
Canada,"Horse meat, fresh or chilled (indigenous)",2022,56929
Canada,"Horse meat, fresh or chilled (indigenous)",2023,56713
Canada,"Horse meat, fresh or chilled (indigenous)",2024,56491
Canada,Kiwi fruit,2022,73
Canada,Kiwi fruit,2023,73
Canada,Kiwi fruit,2024,73
Canada,Leeks and other alliaceous vegetables,2022,9078
Canada,Leeks and other alliaceous vegetables,2023,8714
Canada,Leeks and other alliaceous vegetables,2024,9831
Canada,"Lentils, dry",2022,1318088
Canada,"Lentils, dry",2023,1018614
Canada,"Lentils, dry",2024,1375008
Canada,Lettuce and chicory,2022,56029
Canada,Lettuce and chicory,2023,53787
Canada,Lettuce and chicory,2024,54716
Canada,Linseed,2022,190887
Canada,Linseed,2023,110026
Canada,Linseed,2024,104071
Canada,Maize (corn),2022,2250936
Canada,Maize (corn),2023,2387494
Canada,Maize (corn),2024,2375732
Canada,"Meat of cattle with the bone, fresh or chilled (indigenous)",2022,7773821
Canada,"Meat of cattle with the bone, fresh or chilled (indigenous)",2023,7393676
Canada,"Meat of cattle with the bone, fresh or chilled (indigenous)",2024,7108382
Canada,"Meat of chickens, fresh or chilled (indigenous)",2022,2790975
Canada,"Meat of chickens, fresh or chilled (indigenous)",2023,2889565
Canada,"Meat of chickens, fresh or chilled (indigenous)",2024,2882699
Canada,"Meat of ducks, fresh or chilled (indigenous)",2022,36020
Canada,"Meat of ducks, fresh or chilled (indigenous)",2023,36401
Canada,"Meat of ducks, fresh or chilled (indigenous)",2024,36782
Canada,"Meat of geese, fresh or chilled (indigenous)",2022,3872
Canada,"Meat of geese, fresh or chilled (indigenous)",2023,3888
Canada,"Meat of geese, fresh or chilled (indigenous)",2024,3904
Canada,"Meat of pig with the bone, fresh or chilled (indigenous)",2022,3577506
Canada,"Meat of pig with the bone, fresh or chilled (indigenous)",2023,3624433
Canada,"Meat of pig with the bone, fresh or chilled (indigenous)",2024,3606199
Canada,"Meat of sheep, fresh or chilled (indigenous)",2022,57560
Canada,"Meat of sheep, fresh or chilled (indigenous)",2023,58857
Canada,"Meat of sheep, fresh or chilled (indigenous)",2024,57607
Canada,"Meat of turkeys, fresh or chilled (indigenous)",2022,341374
Canada,"Meat of turkeys, fresh or chilled (indigenous)",2023,362093
Canada,"Meat of turkeys, fresh or chilled (indigenous)",2024,360748
Canada,Mixed grain,2022,45321
Canada,Mixed grain,2023,34166
Canada,Mixed grain,2024,33948
Canada,Mushrooms and truffles,2022,447943
Canada,Mushrooms and truffles,2023,457344
Canada,Mushrooms and truffles,2024,478470
Canada,Mustard seed,2022,103393
Canada,Mustard seed,2023,109099
Canada,Mustard seed,2024,122896
Canada,Natural honey,2022,104432
Canada,Natural honey,2023,134233
Canada,Natural honey,2024,109713
Canada,Oats,2022,767587
Canada,Oats,2023,388174
Canada,Oats,2024,493108
Canada,"Onions and shallots, dry (excluding dehydrated)",2022,89230
Canada,"Onions and shallots, dry (excluding dehydrated)",2023,85836
Canada,"Onions and shallots, dry (excluding dehydrated)",2024,92664
Canada,"Other beans, green",2022,24785
Canada,"Other beans, green",2023,27394
Canada,"Other beans, green",2024,26907
Canada,"Other fibre crops, raw, n.e.c.",2022,18429
Canada,"Other fibre crops, raw, n.e.c.",2023,18479
Canada,"Other fibre crops, raw, n.e.c.",2024,18390
Canada,"Other vegetables, fresh n.e.c.",2022,195600
Canada,"Other vegetables, fresh n.e.c.",2023,185681
Canada,"Other vegetables, fresh n.e.c.",2024,195615
Canada,Peaches and nectarines,2022,31035
Canada,Peaches and nectarines,2023,33045
Canada,Peaches and nectarines,2024,26896
Canada,Pears,2022,7392
Canada,Pears,2023,7814
Canada,Pears,2024,7389
Canada,"Peas, dry",2022,824581
Canada,"Peas, dry",2023,628404
Canada,"Peas, dry",2024,721989
Canada,"Peas, green",2022,17725
Canada,"Peas, green",2023,17369
Canada,"Peas, green",2024,14190
Canada,Plums and sloes,2022,5878
Canada,Plums and sloes,2023,4960
Canada,Plums and sloes,2024,5151
Canada,Potatoes,2022,1438515
Canada,Potatoes,2023,1474303
Canada,Potatoes,2024,1492715
Canada,"Pumpkins, squash and gourds",2022,36528
Canada,"Pumpkins, squash and gourds",2023,35914
Canada,"Pumpkins, squash and gourds",2024,34757
Canada,Rape or colza seed,2022,7047947
Canada,Rape or colza seed,2023,7277432
Canada,Rape or colza seed,2024,7193641
Canada,Raspberries,2022,16464
Canada,Raspberries,2023,16019
Canada,Raspberries,2024,16126
Canada,Raw milk of cattle,2022,5950484
Canada,Raw milk of cattle,2023,6038446
Canada,Raw milk of cattle,2024,6083428
Canada,Rye,2022,90956
Canada,Rye,2023,62570
Canada,Rye,2024,73601
Canada,"Shorn wool, greasy, including fleece-washed shorn wool",2022,627
Canada,"Shorn wool, greasy, including fleece-washed shorn wool",2023,621
Canada,"Shorn wool, greasy, including fleece-washed shorn wool",2024,616
Canada,Sour cherries,2022,2217
Canada,Sour cherries,2023,4303
Canada,Sour cherries,2024,2708
Canada,Soya beans,2022,2367697
Canada,Soya beans,2023,2525962
Canada,Soya beans,2024,2738550
Canada,Spinach,2022,10544
Canada,Spinach,2023,10268
Canada,Spinach,2024,10524
Canada,Strawberries,2022,81618
Canada,Strawberries,2023,72361
Canada,Strawberries,2024,85262
Canada,Sugar beet,2022,91377
Canada,Sugar beet,2023,83784
Canada,Sugar beet,2024,103260
Canada,Sunflower seed,2022,41510
Canada,Sunflower seed,2023,45665
Canada,Sunflower seed,2024,25028
Canada,Tomatoes,2022,89295
Canada,Tomatoes,2023,92302
Canada,Tomatoes,2024,92531
Canada,Triticale,2022,7768
Canada,Triticale,2023,5638
Canada,Triticale,2024,12915
Canada,Unmanufactured tobacco,2022,115667
Canada,Unmanufactured tobacco,2023,115626
Canada,Unmanufactured tobacco,2024,115639
Canada,Watermelons,2022,12600
Canada,Watermelons,2023,13574
Canada,Watermelons,2024,15319
Canada,Wheat,2022,6370659
Canada,Wheat,2023,6104092
Canada,Wheat,2024,6565410
Central African Republic,"Cassava, fresh",2022,585885
Central African Republic,"Cassava, fresh",2023,603466
Central African Republic,"Cassava, fresh",2024,649359
Central African Republic,Maize (corn),2022,124514
Central African Republic,Maize (corn),2023,128250
Central African Republic,Maize (corn),2024,116160
Central African Republic,Oranges,2022,21295
Central African Republic,Oranges,2023,21385
Central African Republic,Oranges,2024,21431
Central African Republic,Potatoes,2022,3850
Central African Republic,Potatoes,2023,3877
Central African Republic,Potatoes,2024,3858
Central African Republic,Rice,2022,61897
Central African Republic,Rice,2023,63754
Central African Republic,Rice,2024,63206
Central African Republic,Yams,2022,116880
Central African Republic,Yams,2023,117191
Central African Republic,Yams,2024,117502
Chad,"Beans, dry",2022,114163
Chad,"Beans, dry",2023,107782
Chad,"Beans, dry",2024,131397
Chad,"Cassava, fresh",2022,134541
Chad,"Cassava, fresh",2023,133628
Chad,"Cassava, fresh",2024,138029
Chad,Cereals n.e.c.,2022,160748
Chad,Cereals n.e.c.,2023,164169
Chad,Cereals n.e.c.,2024,186565
Chad,Dates,2022,28443
Chad,Dates,2023,28473
Chad,Dates,2024,28423
Chad,"Groundnuts, excluding shelled",2022,585344
Chad,"Groundnuts, excluding shelled",2023,551996
Chad,"Groundnuts, excluding shelled",2024,489034
Chad,"Hen eggs in shell, fresh",2022,12550
Chad,"Hen eggs in shell, fresh",2023,12550
Chad,"Hen eggs in shell, fresh",2024,12550
Chad,Maize (corn),2022,141941
Chad,Maize (corn),2023,138141
Chad,Maize (corn),2024,153664
Chad,"Mangoes, guavas and mangosteens",2022,26063
Chad,"Mangoes, guavas and mangosteens",2023,26221
Chad,"Mangoes, guavas and mangosteens",2024,26373
Chad,"Meat of camels, fresh or chilled (indigenous)",2022,9354
Chad,"Meat of camels, fresh or chilled (indigenous)",2023,9798
Chad,"Meat of camels, fresh or chilled (indigenous)",2024,10253
Chad,"Meat of cattle with the bone, fresh or chilled (indigenous)",2022,1022217
Chad,"Meat of cattle with the bone, fresh or chilled (indigenous)",2023,1073885
Chad,"Meat of cattle with the bone, fresh or chilled (indigenous)",2024,1127600
Chad,"Meat of chickens, fresh or chilled (indigenous)",2022,10847
Chad,"Meat of chickens, fresh or chilled (indigenous)",2023,10794
Chad,"Meat of chickens, fresh or chilled (indigenous)",2024,10588
Chad,"Meat of goat, fresh or chilled (indigenous)",2022,474248
Chad,"Meat of goat, fresh or chilled (indigenous)",2023,502758
Chad,"Meat of goat, fresh or chilled (indigenous)",2024,532834
Chad,"Meat of pig with the bone, fresh or chilled (indigenous)",2022,3450
Chad,"Meat of pig with the bone, fresh or chilled (indigenous)",2023,3468
Chad,"Meat of pig with the bone, fresh or chilled (indigenous)",2024,3485
Chad,"Meat of sheep, fresh or chilled (indigenous)",2022,645361
Chad,"Meat of sheep, fresh or chilled (indigenous)",2023,696491
Chad,"Meat of sheep, fresh or chilled (indigenous)",2024,751326
Chad,Melonseed,2022,22523
Chad,Melonseed,2023,22448
Chad,Melonseed,2024,22482
Chad,Millet,2022,304645
Chad,Millet,2023,278263
Chad,Millet,2024,271613
Chad,"Onions and shallots, dry (excluding dehydrated)",2022,19065
Chad,"Onions and shallots, dry (excluding dehydrated)",2023,19087
Chad,"Onions and shallots, dry (excluding dehydrated)",2024,19046
Chad,"Other fruits, n.e.c.",2022,33415
Chad,"Other fruits, n.e.c.",2023,33561
Chad,"Other fruits, n.e.c.",2024,33708
Chad,Other pulses n.e.c.,2022,47199
Chad,Other pulses n.e.c.,2023,47341
Chad,Other pulses n.e.c.,2024,47251
Chad,"Other vegetables, fresh n.e.c.",2022,68532
Chad,"Other vegetables, fresh n.e.c.",2023,68310
Chad,"Other vegetables, fresh n.e.c.",2024,68103
Chad,Potatoes,2022,23157
Chad,Potatoes,2023,22794
Chad,Potatoes,2024,22432
Chad,Raw milk of camel,2022,30672
Chad,Raw milk of camel,2023,31778
Chad,Raw milk of camel,2024,32916
Chad,Raw milk of cattle,2022,229219
Chad,Raw milk of cattle,2023,236826
Chad,Raw milk of cattle,2024,244612
Chad,Raw milk of goats,2022,106392
Chad,Raw milk of goats,2023,110161
Chad,Raw milk of goats,2024,106641
Chad,Raw milk of sheep,2022,41605
Chad,Raw milk of sheep,2023,43313
Chad,Raw milk of sheep,2024,41714
Chad,Rice,2022,194886
Chad,Rice,2023,188154
Chad,Rice,2024,291690
Chad,"Seed cotton, unginned",2022,237561
Chad,"Seed cotton, unginned",2023,227972
Chad,"Seed cotton, unginned",2024,125778
Chad,Sesame seed,2022,264637
Chad,Sesame seed,2023,275084
Chad,Sesame seed,2024,381919
Chad,Sorghum,2022,350146
Chad,Sorghum,2023,317886
Chad,Sorghum,2024,260855
Chad,Sugar cane,2022,12376
Chad,Sugar cane,2023,12404
Chad,Sugar cane,2024,12657
Chad,Sweet potatoes,2022,66936
Chad,Sweet potatoes,2023,67034
Chad,Sweet potatoes,2024,71322
Chad,Taro,2022,15121
Chad,Taro,2023,15286
Chad,Taro,2024,84742
Chad,Wheat,2022,898
Chad,Wheat,2023,1042
Chad,Wheat,2024,1008
Chile,"Almonds, in shell",2022,74641
Chile,"Almonds, in shell",2023,71300
Chile,"Almonds, in shell",2024,69972
Chile,Apples,2022,867674
Chile,Apples,2023,875156
Chile,Apples,2024,761536
Chile,Apricots,2022,5557
Chile,Apricots,2023,5291
Chile,Apricots,2024,5257
Chile,Artichokes,2022,21475
Chile,Artichokes,2023,19700
Chile,Artichokes,2024,18203
Chile,Asparagus,2022,21524
Chile,Asparagus,2023,18968
Chile,Asparagus,2024,17656
Chile,Avocados,2022,410710
Chile,Avocados,2023,419665
Chile,Avocados,2024,420912
Chile,Barley,2022,19296
Chile,Barley,2023,26808
Chile,Barley,2024,33512
Chile,"Beans, dry",2022,21832
Chile,"Beans, dry",2023,18228
Chile,"Beans, dry",2024,21951
Chile,"Broad beans and horse beans, green",2022,12341
Chile,"Broad beans and horse beans, green",2023,11306
Chile,"Broad beans and horse beans, green",2024,11918
Chile,Cabbages,2022,57340
Chile,Cabbages,2023,52266
Chile,Cabbages,2024,55806
Chile,Cantaloupes and other melons,2022,35484
Chile,Cantaloupes and other melons,2023,33742
Chile,Cantaloupes and other melons,2024,34630
Chile,Carrots and turnips,2022,49272
Chile,Carrots and turnips,2023,51691
Chile,Carrots and turnips,2024,54885
Chile,Cauliflowers and broccoli,2022,47741
Chile,Cauliflowers and broccoli,2023,48281
Chile,Cauliflowers and broccoli,2024,46383
Chile,Cherries,2022,1033917
Chile,Cherries,2023,1151256
Chile,Cherries,2024,1321659
Chile,"Chick peas, dry",2022,118
Chile,"Chick peas, dry",2023,30
Chile,"Chick peas, dry",2024,33
Chile,"Chillies and peppers, green (Capsicum spp. and Pimenta spp.)",2022,123119
Chile,"Chillies and peppers, green (Capsicum spp. and Pimenta spp.)",2023,110017
Chile,"Chillies and peppers, green (Capsicum spp. and Pimenta spp.)",2024,122359
Chile,Cucumbers and gherkins,2022,21638
Chile,Cucumbers and gherkins,2023,21089
Chile,Cucumbers and gherkins,2024,16272
Chile,Figs,2022,294
Chile,Figs,2023,273
Chile,Figs,2024,262
Chile,Grapes,2022,4146026
Chile,Grapes,2023,3978552
Chile,Grapes,2024,3828611
Chile,Green corn (maize),2022,56663
Chile,Green corn (maize),2023,53771
Chile,Green corn (maize),2024,55661
Chile,Green garlic,2022,36092
Chile,Green garlic,2023,41633
Chile,Green garlic,2024,42276
Chile,"Hen eggs in shell, fresh",2022,357021
Chile,"Hen eggs in shell, fresh",2023,346486
Chile,"Hen eggs in shell, fresh",2024,360839
Chile,"Horse meat, fresh or chilled (indigenous)",2022,21505
Chile,"Horse meat, fresh or chilled (indigenous)",2023,17511
Chile,"Horse meat, fresh or chilled (indigenous)",2024,17254
Chile,"Kenaf, and other textile bast fibres, raw or retted",2022,3453
Chile,"Kenaf, and other textile bast fibres, raw or retted",2023,3471
Chile,"Kenaf, and other textile bast fibres, raw or retted",2024,3463
Chile,Kiwi fruit,2022,115862
Chile,Kiwi fruit,2023,124321
Chile,Kiwi fruit,2024,155332
Chile,Lemons and limes,2022,173025
Chile,Lemons and limes,2023,201266
Chile,Lemons and limes,2024,216827
Chile,"Lentils, dry",2022,1750
Chile,"Lentils, dry",2023,316
Chile,"Lentils, dry",2024,463
Chile,Lettuce and chicory,2022,99507
Chile,Lettuce and chicory,2023,89801
Chile,Lettuce and chicory,2024,89940
Chile,Linseed,2022,439
Chile,Linseed,2023,440
Chile,Linseed,2024,438
Chile,Lupins,2022,4833
Chile,Lupins,2023,6354
Chile,Lupins,2024,6796
Chile,Maize (corn),2022,95378
Chile,Maize (corn),2023,85200
Chile,Maize (corn),2024,83288
Chile,"Meat of cattle with the bone, fresh or chilled (indigenous)",2022,777347
Chile,"Meat of cattle with the bone, fresh or chilled (indigenous)",2023,764383
Chile,"Meat of cattle with the bone, fresh or chilled (indigenous)",2024,806742
Chile,"Meat of chickens, fresh or chilled (indigenous)",2022,1082570
Chile,"Meat of chickens, fresh or chilled (indigenous)",2023,1081865
Chile,"Meat of chickens, fresh or chilled (indigenous)",2024,1086642
Chile,"Meat of goat, fresh or chilled (indigenous)",2022,20320
Chile,"Meat of goat, fresh or chilled (indigenous)",2023,20749
Chile,"Meat of goat, fresh or chilled (indigenous)",2024,21175
Chile,"Meat of pig with the bone, fresh or chilled (indigenous)",2022,1374000
Chile,"Meat of pig with the bone, fresh or chilled (indigenous)",2023,1388898
Chile,"Meat of pig with the bone, fresh or chilled (indigenous)",2024,1395415
Chile,"Meat of sheep, fresh or chilled (indigenous)",2022,12087
Chile,"Meat of sheep, fresh or chilled (indigenous)",2023,11916
Chile,"Meat of sheep, fresh or chilled (indigenous)",2024,11213
Chile,"Meat of turkeys, fresh or chilled (indigenous)",2022,113294
Chile,"Meat of turkeys, fresh or chilled (indigenous)",2023,101732
Chile,"Meat of turkeys, fresh or chilled (indigenous)",2024,94348
Chile,Natural honey,2022,22296
Chile,Natural honey,2023,22454
Chile,Natural honey,2024,22613
Chile,Oats,2022,118130
Chile,Oats,2023,68019
Chile,Oats,2024,93443
Chile,Olives,2022,30034
Chile,Olives,2023,32646
Chile,Olives,2024,31259
Chile,"Onions and shallots, dry (excluding dehydrated)",2022,198019
Chile,"Onions and shallots, dry (excluding dehydrated)",2023,195322
Chile,"Onions and shallots, dry (excluding dehydrated)",2024,205469
Chile,Oranges,2022,83102
Chile,Oranges,2023,88424
Chile,Oranges,2024,95941
Chile,"Other beans, green",2022,65242
Chile,"Other beans, green",2023,68248
Chile,"Other beans, green",2024,69375
Chile,"Other fibre crops, raw, n.e.c.",2022,720
Chile,"Other fibre crops, raw, n.e.c.",2023,734
Chile,"Other fibre crops, raw, n.e.c.",2024,735
Chile,"Other fruits, n.e.c.",2022,2168
Chile,"Other fruits, n.e.c.",2023,2176
Chile,"Other fruits, n.e.c.",2024,2178
Chile,"Other vegetables, fresh n.e.c.",2022,117312
Chile,"Other vegetables, fresh n.e.c.",2023,123981
Chile,"Other vegetables, fresh n.e.c.",2024,112854
Chile,Papayas,2022,3333
Chile,Papayas,2023,3296
Chile,Papayas,2024,3016
Chile,Peaches and nectarines,2022,361457
Chile,Peaches and nectarines,2023,349918
Chile,Peaches and nectarines,2024,369328
Chile,Pears,2022,130855
Chile,Pears,2023,129516
Chile,Pears,2024,113807
Chile,"Peas, dry",2022,2364
Chile,"Peas, dry",2023,2293
Chile,"Peas, dry",2024,2317
Chile,"Peas, green",2022,15078
Chile,"Peas, green",2023,14337
Chile,"Peas, green",2024,20034
Chile,Persimmons,2022,704
Chile,Persimmons,2023,652
Chile,Persimmons,2024,535
Chile,Plums and sloes,2022,281569
Chile,Plums and sloes,2023,289907
Chile,Plums and sloes,2024,321320
Chile,Pomelos and grapefruits,2022,766
Chile,Pomelos and grapefruits,2023,689
Chile,Pomelos and grapefruits,2024,670
Chile,Potatoes,2022,451619
Chile,Potatoes,2023,371659
Chile,Potatoes,2024,549377
Chile,"Pumpkins, squash and gourds",2022,85970
Chile,"Pumpkins, squash and gourds",2023,87449
Chile,"Pumpkins, squash and gourds",2024,86690
Chile,Quinces,2022,420
Chile,Quinces,2023,389
Chile,Quinces,2024,354
Chile,Rape or colza seed,2022,32984
Chile,Rape or colza seed,2023,30066
Chile,Rape or colza seed,2024,30077
Chile,Raspberries,2022,51600
Chile,Raspberries,2023,52008
Chile,Raspberries,2024,52639
Chile,Raw milk of cattle,2022,776963
Chile,Raw milk of cattle,2023,756351
Chile,Raw milk of cattle,2024,782095
Chile,Raw milk of goats,2022,4258
Chile,Raw milk of goats,2023,4286
Chile,Raw milk of goats,2024,4266
Chile,Rice,2022,20161
Chile,Rice,2023,21900
Chile,Rice,2024,23793
Chile,Rye,2022,807
Chile,Rye,2023,807
Chile,Rye,2024,808
Chile,"Shorn wool, greasy, including fleece-washed shorn wool",2022,18264
Chile,"Shorn wool, greasy, including fleece-washed shorn wool",2023,17578
Chile,"Shorn wool, greasy, including fleece-washed shorn wool",2024,16729
Chile,Spinach,2022,18605
Chile,Spinach,2023,15517
Chile,Spinach,2024,18467
Chile,Strawberries,2022,49661
Chile,Strawberries,2023,54378
Chile,Strawberries,2024,48070
Chile,Sugar beet,2022,30269
Chile,Sugar beet,2023,27056
Chile,Sugar beet,2024,38098
Chile,Sunflower seed,2022,780
Chile,Sunflower seed,2023,1220
Chile,Sunflower seed,2024,573
Chile,Sweet potatoes,2022,14831
Chile,Sweet potatoes,2023,14851
Chile,Sweet potatoes,2024,14811
Chile,"Tangerines, mandarins, clementines",2022,196523
Chile,"Tangerines, mandarins, clementines",2023,207815
Chile,"Tangerines, mandarins, clementines",2024,217696
Chile,Tomatoes,2022,468791
Chile,Tomatoes,2023,608479
Chile,Tomatoes,2024,627540
Chile,Triticale,2022,32385
Chile,Triticale,2023,26377
Chile,Triticale,2024,26412
Chile,Unmanufactured tobacco,2022,7329
Chile,Unmanufactured tobacco,2023,4873
Chile,Unmanufactured tobacco,2024,8595
Chile,"Walnuts, in shell",2022,331847
Chile,"Walnuts, in shell",2023,364084
Chile,"Walnuts, in shell",2024,331847
Chile,Watermelons,2022,58202
Chile,Watermelons,2023,52544
Chile,Watermelons,2024,51407
Chile,Wheat,2022,223765
Chile,Wheat,2023,260728
Chile,Wheat,2024,240313
China,"Almonds, in shell",2022,373464
China,"Almonds, in shell",2023,35910
China,"Almonds, in shell",2024,172368
China,"Anise, badian, coriander, cumin, caraway, fennel and juniper berries, raw",2022,87063
China,"Anise, badian, coriander, cumin, caraway, fennel and juniper berries, raw",2023,87386
China,"Anise, badian, coriander, cumin, caraway, fennel and juniper berries, raw",2024,87331
China,Apples,2022,26773004
China,Apples,2023,27915415
China,Apples,2024,28862818
China,Apricots,2022,188677
China,Apricots,2023,187667
China,Apricots,2024,188138
China,Artichokes,2022,66173
China,Artichokes,2023,66289
China,Artichokes,2024,66097
China,Asparagus,2022,10131674
China,Asparagus,2023,10189094
China,Asparagus,2024,10246515
China,Avocados,2022,216609
China,Avocados,2023,221418
China,Avocados,2024,213533
China,Bananas,2022,6735268
China,Bananas,2023,6692947
China,Bananas,2024,6725489
China,Barley,2022,401146
China,Barley,2023,402632
China,Barley,2024,400597
China,"Beans, dry",2022,1468254
China,"Beans, dry",2023,1468550
China,"Beans, dry",2024,1468534
China,"Broad beans and horse beans, dry",2022,1309256
China,"Broad beans and horse beans, dry",2023,1317364
China,"Broad beans and horse beans, dry",2024,1308227
China,"Broad beans and horse beans, green",2022,72894
China,"Broad beans and horse beans, green",2023,73029
China,"Broad beans and horse beans, green",2024,72767
China,Buckwheat,2022,176275
China,Buckwheat,2023,175519
China,Buckwheat,2024,175551
China,Cabbages,2022,10193772
China,Cabbages,2023,10237785
China,Cabbages,2024,10281810
China,Cantaloupes and other melons,2022,7508478
China,Cantaloupes and other melons,2023,7455813
China,Cantaloupes and other melons,2024,7486059
China,Carrots and turnips,2022,5732106
China,Carrots and turnips,2023,5760823
China,Carrots and turnips,2024,5770076
China,"Cashew nuts, in shell",2022,1654
China,"Cashew nuts, in shell",2023,1642
China,"Cashew nuts, in shell",2024,1642
China,"Cassava, fresh",2022,375489
China,"Cassava, fresh",2023,376010
China,"Cassava, fresh",2024,375220
China,Castor oil seeds,2022,11365
China,Castor oil seeds,2023,16236
China,Castor oil seeds,2024,16236
China,Cauliflowers and broccoli,2022,4181468
China,Cauliflowers and broccoli,2023,4184696
China,Cauliflowers and broccoli,2024,4178289
China,Cereals n.e.c.,2022,18216
China,Cereals n.e.c.,2023,18250
China,Cereals n.e.c.,2024,18187
China,Cherries,2022,260470
China,Cherries,2023,261886
China,Cherries,2024,260731
China,"Chestnuts, in shell",2022,5509058
China,"Chestnuts, in shell",2023,5528620
China,"Chestnuts, in shell",2024,5519425
China,"Chick peas, dry",2022,26205
China,"Chick peas, dry",2023,26204
China,"Chick peas, dry",2024,26206
China,"Chillies and peppers, dry (Capsicum spp., Pimenta spp.), raw",2022,237595
China,"Chillies and peppers, dry (Capsicum spp., Pimenta spp.), raw",2023,236567
China,"Chillies and peppers, dry (Capsicum spp., Pimenta spp.), raw",2024,237040
China,"Chillies and peppers, green (Capsicum spp. and Pimenta spp.)",2022,11141181
China,"Chillies and peppers, green (Capsicum spp. and Pimenta spp.)",2023,11144050
China,"Chillies and peppers, green (Capsicum spp. and Pimenta spp.)",2024,11125693
China,"Cinnamon and cinnamon-tree flowers, raw",2022,304470
China,"Cinnamon and cinnamon-tree flowers, raw",2023,311222
China,"Cinnamon and cinnamon-tree flowers, raw",2024,319088
China,"Cloves (whole stems), raw",2022,2916
China,"Cloves (whole stems), raw",2023,2933
China,"Cloves (whole stems), raw",2024,2919
China,"Coconuts, in shell",2022,374093
China,"Coconuts, in shell",2023,375229
China,"Coconuts, in shell",2024,377210
China,"Coffee, green",2022,233919
China,"Coffee, green",2023,233919
China,"Coffee, green",2024,246915
China,Cucumbers and gherkins,2022,30844906
China,Cucumbers and gherkins,2023,30624351
China,Cucumbers and gherkins,2024,30724378
China,Dates,2022,434002
China,Dates,2023,435606
China,Dates,2024,435079
China,"Edible roots and tubers with high starch or inulin content, n.e.c., fresh",2022,37668
China,"Edible roots and tubers with high starch or inulin content, n.e.c., fresh",2023,37984
China,"Edible roots and tubers with high starch or inulin content, n.e.c., fresh",2024,38231
China,Eggplants (aubergines),2022,16428095
China,Eggplants (aubergines),2023,16332515
China,Eggplants (aubergines),2024,16376776
China,"Eggs from other birds in shell, fresh, n.e.c.",2022,27015518
China,"Eggs from other birds in shell, fresh, n.e.c.",2023,27848795
China,"Eggs from other birds in shell, fresh, n.e.c.",2024,28044277
China,Figs,2022,11134
China,Figs,2023,11084
China,Figs,2024,11106
China,"Ginger, raw",2022,1292045
China,"Ginger, raw",2023,1283011
China,"Ginger, raw",2024,1286998
China,Grapes,2022,15734060
China,Grapes,2023,16540515
China,Grapes,2024,17211273
China,Green corn (maize),2022,92222
China,Green corn (maize),2023,90787
China,Green corn (maize),2024,91422
China,Green garlic,2022,23256421
China,Green garlic,2023,23065589
China,Green garlic,2024,23146049
China,"Groundnuts, excluding shelled",2022,23143175
China,"Groundnuts, excluding shelled",2023,24281047
China,"Groundnuts, excluding shelled",2024,24763873
China,"Hazelnuts, in shell",2022,66065
China,"Hazelnuts, in shell",2023,66668
China,"Hazelnuts, in shell",2024,65648
China,"Hen eggs in shell, fresh",2022,29602075
China,"Hen eggs in shell, fresh",2023,30514942
China,"Hen eggs in shell, fresh",2024,30729181
China,Hop cones,2022,23194
China,Hop cones,2023,23312
China,Hop cones,2024,23263
China,"Horse meat, fresh or chilled (indigenous)",2022,989123
China,"Horse meat, fresh or chilled (indigenous)",2023,715708
China,"Horse meat, fresh or chilled (indigenous)",2024,701658
China,"Jute, raw or retted",2022,1678
China,"Jute, raw or retted",2023,1402
China,"Jute, raw or retted",2024,1107
China,"Kenaf, and other textile bast fibres, raw or retted",2022,15554
China,"Kenaf, and other textile bast fibres, raw or retted",2023,15526
China,"Kenaf, and other textile bast fibres, raw or retted",2024,15651
China,Leeks and other alliaceous vegetables,2022,55459
China,Leeks and other alliaceous vegetables,2023,55556
China,Leeks and other alliaceous vegetables,2024,55396
China,Lemons and limes,2022,3744431
China,Lemons and limes,2023,3725730
China,Lemons and limes,2024,3761644
China,"Lentils, dry",2022,338814
China,"Lentils, dry",2023,334764
China,"Lentils, dry",2024,337058
China,Lettuce and chicory,2022,5823165
China,Lettuce and chicory,2023,5830020
China,Lettuce and chicory,2024,5817576
China,Linseed,2022,162092
China,Linseed,2023,156089
China,Linseed,2024,168095
China,Maize (corn),2022,105212621
China,Maize (corn),2023,109630326
China,Maize (corn),2024,111937122
China,"Mangoes, guavas and mangosteens",2022,5353647
China,"Mangoes, guavas and mangosteens",2023,5430210
China,"Mangoes, guavas and mangosteens",2024,5741670
China,"Meat of asses, fresh or chilled (indigenous)",2022,422035
China,"Meat of asses, fresh or chilled (indigenous)",2023,354852
China,"Meat of asses, fresh or chilled (indigenous)",2024,314899
China,"Meat of buffalo, fresh or chilled (indigenous)",2022,3054228
China,"Meat of buffalo, fresh or chilled (indigenous)",2023,3200445
China,"Meat of buffalo, fresh or chilled (indigenous)",2024,3312893
China,"Meat of camels, fresh or chilled (indigenous)",2022,333996
China,"Meat of camels, fresh or chilled (indigenous)",2023,359750
China,"Meat of camels, fresh or chilled (indigenous)",2024,398227
China,"Meat of cattle with the bone, fresh or chilled (indigenous)",2022,44170385
China,"Meat of cattle with the bone, fresh or chilled (indigenous)",2023,46490729
China,"Meat of cattle with the bone, fresh or chilled (indigenous)",2024,48209433
China,"Meat of chickens, fresh or chilled (indigenous)",2022,28934429
China,"Meat of chickens, fresh or chilled (indigenous)",2023,29941914
China,"Meat of chickens, fresh or chilled (indigenous)",2024,31036030
China,"Meat of ducks, fresh or chilled (indigenous)",2022,14996883
China,"Meat of ducks, fresh or chilled (indigenous)",2023,16032935
China,"Meat of ducks, fresh or chilled (indigenous)",2024,16654569
China,"Meat of geese, fresh or chilled (indigenous)",2022,21599927
China,"Meat of geese, fresh or chilled (indigenous)",2023,23092518
China,"Meat of geese, fresh or chilled (indigenous)",2024,23988073
China,"Meat of goat, fresh or chilled (indigenous)",2022,21767243
China,"Meat of goat, fresh or chilled (indigenous)",2023,22045189
China,"Meat of goat, fresh or chilled (indigenous)",2024,21485268
China,"Meat of mules, fresh or chilled (indigenous)",2022,71539
China,"Meat of mules, fresh or chilled (indigenous)",2023,64224
China,"Meat of mules, fresh or chilled (indigenous)",2024,60104
China,"Meat of pig with the bone, fresh or chilled (indigenous)",2022,152246985
China,"Meat of pig with the bone, fresh or chilled (indigenous)",2023,159103767
China,"Meat of pig with the bone, fresh or chilled (indigenous)",2024,156672698
China,"Meat of rabbits and hares, fresh or chilled (indigenous)",2022,1527996
China,"Meat of rabbits and hares, fresh or chilled (indigenous)",2023,1536120
China,"Meat of rabbits and hares, fresh or chilled (indigenous)",2024,1502084
China,"Meat of sheep, fresh or chilled (indigenous)",2022,18421714
China,"Meat of sheep, fresh or chilled (indigenous)",2023,18641849
China,"Meat of sheep, fresh or chilled (indigenous)",2024,18180618
China,Melonseed,2022,47792
China,Melonseed,2023,47418
China,Melonseed,2024,47043
China,Millet,2022,1568689
China,Millet,2023,1579287
China,Millet,2024,1667935
China,Mushrooms and truffles,2022,46786747
China,Mushrooms and truffles,2023,48623960
China,Mushrooms and truffles,2024,50470864
China,Mustard seed,2022,15271
China,Mustard seed,2023,15376
China,Mustard seed,2024,15481
China,Natural honey,2022,797676
China,Natural honey,2023,800439
China,Natural honey,2024,768145
China,Natural rubber in primary forms,2022,3045704
China,Natural rubber in primary forms,2023,3171707
China,Natural rubber in primary forms,2024,3101993
China,Oats,2022,138407
China,Oats,2023,137974
China,Oats,2024,138086
China,Oil palm fruit,2022,197139
China,Oil palm fruit,2023,197202
China,Oil palm fruit,2024,197265
China,"Onions and shallots, dry (excluding dehydrated)",2022,14598080
China,"Onions and shallots, dry (excluding dehydrated)",2023,14605827
China,"Onions and shallots, dry (excluding dehydrated)",2024,14594254
China,"Onions and shallots, green",2022,520190
China,"Onions and shallots, green",2023,524294
China,"Onions and shallots, green",2024,520155
China,Oranges,2022,4516638
China,Oranges,2023,4534467
China,Oranges,2024,4528524
China,"Other beans, green",2022,6800803
China,"Other beans, green",2023,6814490
China,"Other beans, green",2024,6792816
China,"Other citrus fruit, n.e.c.",2022,2702949
China,"Other citrus fruit, n.e.c.",2023,2704701
China,"Other citrus fruit, n.e.c.",2024,2716419
China,"Other fruits, n.e.c.",2022,3099917
China,"Other fruits, n.e.c.",2023,3084710
China,"Other fruits, n.e.c.",2024,3091475
China,"Other nuts (excluding wild edible nuts and groundnuts), in shell, n.e.c.",2022,293687
China,"Other nuts (excluding wild edible nuts and groundnuts), in shell, n.e.c.",2023,294219
China,"Other nuts (excluding wild edible nuts and groundnuts), in shell, n.e.c.",2024,293178
China,"Other oil seeds, n.e.c.",2022,186531
China,"Other oil seeds, n.e.c.",2023,185373
China,"Other oil seeds, n.e.c.",2024,187166
China,Other pulses n.e.c.,2022,112471
China,Other pulses n.e.c.,2023,114072
China,Other pulses n.e.c.,2024,114927
China,"Other stimulant, spice and aromatic crops, n.e.c.",2022,178326
China,"Other stimulant, spice and aromatic crops, n.e.c.",2023,177582
China,"Other stimulant, spice and aromatic crops, n.e.c.",2024,177894
China,Other stone fruits,2022,5094020
China,Other stone fruits,2023,5119149
China,Other stone fruits,2024,5109259
China,"Other tropical fruits, n.e.c.",2022,4183334
China,"Other tropical fruits, n.e.c.",2023,4192900
China,"Other tropical fruits, n.e.c.",2024,4192985
China,"Other vegetables, fresh n.e.c.",2022,49750141
China,"Other vegetables, fresh n.e.c.",2023,50094357
China,"Other vegetables, fresh n.e.c.",2024,50520294
China,Papayas,2022,674065
China,Papayas,2023,687497
China,Papayas,2024,720427
China,Peaches and nectarines,2022,13644377
China,Peaches and nectarines,2023,14212892
China,Peaches and nectarines,2024,14294109
China,Pears,2022,11526866
China,Pears,2023,11878261
China,Pears,2024,12557537
China,"Peas, dry",2022,949918
China,"Peas, dry",2023,959060
China,"Peas, dry",2024,968203
China,"Peas, green",2022,9003073
China,"Peas, green",2023,9023466
China,"Peas, green",2024,8991693
China,"Pepper (Piper spp.), raw",2022,351307
China,"Pepper (Piper spp.), raw",2023,354416
China,"Pepper (Piper spp.), raw",2024,352678
China,Persimmons,2022,1692587
China,Persimmons,2023,1726285
China,Persimmons,2024,1723967
China,Pineapples,2022,1103050
China,Pineapples,2023,1154372
China,Pineapples,2024,1181384
China,"Pistachios, in shell",2022,480379
China,"Pistachios, in shell",2023,482670
China,"Pistachios, in shell",2024,484960
China,Plums and sloes,2022,6429818
China,Plums and sloes,2023,6405836
China,Plums and sloes,2024,6416919
China,Pomelos and grapefruits,2022,3256201
China,Pomelos and grapefruits,2023,3287814
China,Pomelos and grapefruits,2024,3319428
China,Potatoes,2022,31451798
China,Potatoes,2023,31837198
China,Potatoes,2024,32306260
China,"Pumpkins, squash and gourds",2022,2381041
China,"Pumpkins, squash and gourds",2023,2396313
China,"Pumpkins, squash and gourds",2024,2404616
China,Quinces,2022,106583
China,Quinces,2023,107434
China,Quinces,2024,106608
China,"Ramie, raw or retted",2022,45629
China,"Ramie, raw or retted",2023,45060
China,"Ramie, raw or retted",2024,45310
China,Rape or colza seed,2022,12080514
China,Rape or colza seed,2023,12691874
China,Rape or colza seed,2024,13120838
China,Raw milk of buffalo,2022,2199730
China,Raw milk of buffalo,2023,2249638
China,Raw milk of buffalo,2024,2175852
China,Raw milk of camel,2022,3928
China,Raw milk of camel,2023,4102
China,Raw milk of camel,2024,4341
China,Raw milk of cattle,2022,21460595
China,Raw milk of cattle,2023,22907179
China,Raw milk of cattle,2024,22264999
China,Raw milk of goats,2022,58916
China,Raw milk of goats,2023,58234
China,Raw milk of goats,2024,55226
China,Raw milk of sheep,2022,351558
China,Raw milk of sheep,2023,350615
China,Raw milk of sheep,2024,338923
China,Rice,2022,105270011
China,Rice,2023,104314933
China,Rice,2024,104782879
China,Rye,2022,1173071
China,Rye,2023,1162654
China,Rye,2024,1152238
China,Safflower seed,2022,23157
China,Safflower seed,2023,23258
China,Safflower seed,2024,23358
China,"Seed cotton, unginned",2022,26059000
China,"Seed cotton, unginned",2023,24471649
China,"Seed cotton, unginned",2024,24736208
China,Sesame seed,2022,1003963
China,Sesame seed,2023,1045708
China,Sesame seed,2024,876421
China,"Shorn wool, greasy, including fleece-washed shorn wool",2022,2883865
China,"Shorn wool, greasy, including fleece-washed shorn wool",2023,2975451
China,"Shorn wool, greasy, including fleece-washed shorn wool",2024,2950967
China,Silk-worm cocoons suitable for reeling,2022,917254
China,Silk-worm cocoons suitable for reeling,2023,919173
China,Silk-worm cocoons suitable for reeling,2024,920005
China,"Sisal, raw",2022,10486
China,"Sisal, raw",2023,10479
China,"Sisal, raw",2024,10481
China,Sorghum,2022,1119819
China,Sorghum,2023,1068019
China,Sorghum,2024,1111004
China,Soya beans,2022,15276420
China,Soya beans,2023,15696826
China,Soya beans,2024,15552448
China,Spinach,2022,16554459
China,Spinach,2023,17118681
China,Spinach,2024,15299653
China,Strawberries,2022,8455850
China,Strawberries,2023,8965204
China,Strawberries,2024,8740556
China,Sugar beet,2022,687592
China,Sugar beet,2023,705064
China,Sugar beet,2024,955295
China,Sugar cane,2022,33962680
China,Sugar cane,2023,34351712
China,Sugar cane,2024,33539910
China,Sunflower seed,2022,2991795
China,Sunflower seed,2023,3672693
China,Sunflower seed,2024,4034877
China,Sweet potatoes,2022,14052143
China,Sweet potatoes,2023,14137289
China,Sweet potatoes,2024,14124487
China,"Tangerines, mandarins, clementines",2022,18607547
China,"Tangerines, mandarins, clementines",2023,18538630
China,"Tangerines, mandarins, clementines",2024,18607547
China,Taro,2022,1322036
China,Taro,2023,1324172
China,Taro,2024,1320848
China,Tea leaves,2022,71478055
China,Tea leaves,2023,75734036
China,Tea leaves,2024,79988542
China,Tomatoes,2022,29143053
China,Tomatoes,2023,28976023
China,Tomatoes,2024,29052505
China,Triticale,2022,116829
China,Triticale,2023,116078
China,Triticale,2024,116450
China,Tung nuts,2022,182952
China,Tung nuts,2023,181639
China,Tung nuts,2024,180366
China,Unmanufactured tobacco,2022,7431305
China,Unmanufactured tobacco,2023,7800136
China,Unmanufactured tobacco,2024,7663268
China,"Vanilla, raw",2022,3407
China,"Vanilla, raw",2023,3428
China,"Vanilla, raw",2024,3432
China,"Walnuts, in shell",2022,6241435
China,"Walnuts, in shell",2023,7021614
China,"Walnuts, in shell",2024,7801793
China,Watermelons,2022,23401669
China,Watermelons,2023,23672880
China,Watermelons,2024,23582621
China,Wheat,2022,52654555
China,Wheat,2023,52222560
China,Wheat,2024,53564502
"China, Hong Kong SAR",Cabbages,2022,1108
"China, Hong Kong SAR",Cabbages,2023,1100
"China, Hong Kong SAR",Cabbages,2024,1105
"China, Hong Kong SAR",Cucumbers and gherkins,2022,2205
"China, Hong Kong SAR",Cucumbers and gherkins,2023,2212
"China, Hong Kong SAR",Cucumbers and gherkins,2024,2218
"China, Hong Kong SAR",Eggplants (aubergines),2022,258
"China, Hong Kong SAR",Eggplants (aubergines),2023,258
"China, Hong Kong SAR",Eggplants (aubergines),2024,258
"China, Hong Kong SAR","Hen eggs in shell, fresh",2022,959
"China, Hong Kong SAR","Hen eggs in shell, fresh",2023,797
"China, Hong Kong SAR","Hen eggs in shell, fresh",2024,846
"China, Hong Kong SAR",Lettuce and chicory,2022,3912
"China, Hong Kong SAR",Lettuce and chicory,2023,3877
"China, Hong Kong SAR",Lettuce and chicory,2024,3899
"China, Hong Kong SAR","Meat of cattle with the bone, fresh or chilled (indigenous)",2022,54229
"China, Hong Kong SAR","Meat of cattle with the bone, fresh or chilled (indigenous)",2023,62088
"China, Hong Kong SAR","Meat of cattle with the bone, fresh or chilled (indigenous)",2024,66427
"China, Hong Kong SAR","Meat of chickens, fresh or chilled (indigenous)",2022,134129
"China, Hong Kong SAR","Meat of chickens, fresh or chilled (indigenous)",2023,135736
"China, Hong Kong SAR","Meat of chickens, fresh or chilled (indigenous)",2024,141732
"China, Hong Kong SAR","Meat of ducks, fresh or chilled (indigenous)",2022,3903
"China, Hong Kong SAR","Meat of ducks, fresh or chilled (indigenous)",2023,3914
"China, Hong Kong SAR","Meat of ducks, fresh or chilled (indigenous)",2024,3925
"China, Hong Kong SAR","Meat of pig with the bone, fresh or chilled (indigenous)",2022,229097
"China, Hong Kong SAR","Meat of pig with the bone, fresh or chilled (indigenous)",2023,148356
"China, Hong Kong SAR","Meat of pig with the bone, fresh or chilled (indigenous)",2024,140166
"China, Hong Kong SAR","Onions and shallots, green",2022,7023
"China, Hong Kong SAR","Onions and shallots, green",2023,6995
"China, Hong Kong SAR","Onions and shallots, green",2024,6963
"China, Hong Kong SAR","Pumpkins, squash and gourds",2022,296
"China, Hong Kong SAR","Pumpkins, squash and gourds",2023,297
"China, Hong Kong SAR","Pumpkins, squash and gourds",2024,297
"China, Hong Kong SAR",Raw milk of cattle,2022,214
"China, Hong Kong SAR",Raw milk of cattle,2023,214
"China, Hong Kong SAR",Raw milk of cattle,2024,214
"China, Hong Kong SAR",Spinach,2022,20814
"China, Hong Kong SAR",Spinach,2023,20858
"China, Hong Kong SAR",Spinach,2024,20891
"China, Hong Kong SAR",Sweet potatoes,2022,51
"China, Hong Kong SAR",Sweet potatoes,2023,51
"China, Hong Kong SAR",Sweet potatoes,2024,51
"China, Hong Kong SAR",Tomatoes,2022,19
"China, Hong Kong SAR",Tomatoes,2023,19
"China, Hong Kong SAR",Tomatoes,2024,19
"China, mainland","Almonds, in shell",2022,373464
"China, mainland","Almonds, in shell",2023,35910
"China, mainland","Almonds, in shell",2024,172368
"China, mainland","Anise, badian, coriander, cumin, caraway, fennel and juniper berries, raw",2022,87063
"China, mainland","Anise, badian, coriander, cumin, caraway, fennel and juniper berries, raw",2023,87386
"China, mainland","Anise, badian, coriander, cumin, caraway, fennel and juniper berries, raw",2024,87331
"China, mainland",Apples,2022,26773004
"China, mainland",Apples,2023,27915415
"China, mainland",Apples,2024,28862818
"China, mainland",Apricots,2022,188677
"China, mainland",Apricots,2023,187667
"China, mainland",Apricots,2024,188138
"China, mainland",Artichokes,2022,66173
"China, mainland",Artichokes,2023,66289
"China, mainland",Artichokes,2024,66097
"China, mainland",Asparagus,2022,10131674
"China, mainland",Asparagus,2023,10189094
"China, mainland",Asparagus,2024,10246515
"China, mainland",Avocados,2022,216609
"China, mainland",Avocados,2023,221418
"China, mainland",Avocados,2024,213533
"China, mainland",Bananas,2022,6735268
"China, mainland",Bananas,2023,6692947
"China, mainland",Bananas,2024,6725489
"China, mainland",Barley,2022,401146
"China, mainland",Barley,2023,402632
"China, mainland",Barley,2024,400597
"China, mainland","Beans, dry",2022,1468254
"China, mainland","Beans, dry",2023,1468550
"China, mainland","Beans, dry",2024,1468534
"China, mainland","Broad beans and horse beans, dry",2022,1309256
"China, mainland","Broad beans and horse beans, dry",2023,1317364
"China, mainland","Broad beans and horse beans, dry",2024,1308227
"China, mainland","Broad beans and horse beans, green",2022,72894
"China, mainland","Broad beans and horse beans, green",2023,73029
"China, mainland","Broad beans and horse beans, green",2024,72767
"China, mainland",Buckwheat,2022,176275
"China, mainland",Buckwheat,2023,175519
"China, mainland",Buckwheat,2024,175551
"China, mainland",Cabbages,2022,10192665
"China, mainland",Cabbages,2023,10236685
"China, mainland",Cabbages,2024,10280705
"China, mainland",Cantaloupes and other melons,2022,7508478
"China, mainland",Cantaloupes and other melons,2023,7455813
"China, mainland",Cantaloupes and other melons,2024,7486059
"China, mainland",Carrots and turnips,2022,5732106
"China, mainland",Carrots and turnips,2023,5760823
"China, mainland",Carrots and turnips,2024,5770076
"China, mainland","Cashew nuts, in shell",2022,1654
"China, mainland","Cashew nuts, in shell",2023,1642
"China, mainland","Cashew nuts, in shell",2024,1642
"China, mainland","Cassava, fresh",2022,375489
"China, mainland","Cassava, fresh",2023,376010
"China, mainland","Cassava, fresh",2024,375220
"China, mainland",Castor oil seeds,2022,11365
"China, mainland",Castor oil seeds,2023,16236
"China, mainland",Castor oil seeds,2024,16236
"China, mainland",Cauliflowers and broccoli,2022,4181468
"China, mainland",Cauliflowers and broccoli,2023,4184696
"China, mainland",Cauliflowers and broccoli,2024,4178289
"China, mainland",Cereals n.e.c.,2022,18216
"China, mainland",Cereals n.e.c.,2023,18250
"China, mainland",Cereals n.e.c.,2024,18187
"China, mainland",Cherries,2022,260470
"China, mainland",Cherries,2023,261886
"China, mainland",Cherries,2024,260731
"China, mainland","Chestnuts, in shell",2022,5509058
"China, mainland","Chestnuts, in shell",2023,5528620
"China, mainland","Chestnuts, in shell",2024,5519425
"China, mainland","Chick peas, dry",2022,26205
"China, mainland","Chick peas, dry",2023,26204
"China, mainland","Chick peas, dry",2024,26206
"China, mainland","Chillies and peppers, dry (Capsicum spp., Pimenta spp.), raw",2022,237595
"China, mainland","Chillies and peppers, dry (Capsicum spp., Pimenta spp.), raw",2023,236567
"China, mainland","Chillies and peppers, dry (Capsicum spp., Pimenta spp.), raw",2024,237040
"China, mainland","Chillies and peppers, green (Capsicum spp. and Pimenta spp.)",2022,11141181
"China, mainland","Chillies and peppers, green (Capsicum spp. and Pimenta spp.)",2023,11144050
"China, mainland","Chillies and peppers, green (Capsicum spp. and Pimenta spp.)",2024,11125693
"China, mainland","Cinnamon and cinnamon-tree flowers, raw",2022,304470
"China, mainland","Cinnamon and cinnamon-tree flowers, raw",2023,311222
"China, mainland","Cinnamon and cinnamon-tree flowers, raw",2024,319088
"China, mainland","Cloves (whole stems), raw",2022,2916
"China, mainland","Cloves (whole stems), raw",2023,2933
"China, mainland","Cloves (whole stems), raw",2024,2919
"China, mainland","Coconuts, in shell",2022,374093
"China, mainland","Coconuts, in shell",2023,375229
"China, mainland","Coconuts, in shell",2024,377210
"China, mainland","Coffee, green",2022,233919
"China, mainland","Coffee, green",2023,233919
"China, mainland","Coffee, green",2024,246915
"China, mainland",Cucumbers and gherkins,2022,30842701
"China, mainland",Cucumbers and gherkins,2023,30622139
"China, mainland",Cucumbers and gherkins,2024,30722160
"China, mainland",Dates,2022,434002
"China, mainland",Dates,2023,435606
"China, mainland",Dates,2024,435079
"China, mainland","Edible roots and tubers with high starch or inulin content, n.e.c., fresh",2022,37668
"China, mainland","Edible roots and tubers with high starch or inulin content, n.e.c., fresh",2023,37984
"China, mainland","Edible roots and tubers with high starch or inulin content, n.e.c., fresh",2024,38231
"China, mainland",Eggplants (aubergines),2022,16427837
"China, mainland",Eggplants (aubergines),2023,16332257
"China, mainland",Eggplants (aubergines),2024,16376518
"China, mainland","Eggs from other birds in shell, fresh, n.e.c.",2022,27015518
"China, mainland","Eggs from other birds in shell, fresh, n.e.c.",2023,27848795
"China, mainland","Eggs from other birds in shell, fresh, n.e.c.",2024,28044277
"China, mainland",Figs,2022,11134
"China, mainland",Figs,2023,11084
"China, mainland",Figs,2024,11106
"China, mainland","Ginger, raw",2022,1292045
"China, mainland","Ginger, raw",2023,1283011
"China, mainland","Ginger, raw",2024,1286998
"China, mainland",Grapes,2022,15734060
"China, mainland",Grapes,2023,16540515
"China, mainland",Grapes,2024,17211273
"China, mainland",Green corn (maize),2022,92222
"China, mainland",Green corn (maize),2023,90787
"China, mainland",Green corn (maize),2024,91422
"China, mainland",Green garlic,2022,23256421
"China, mainland",Green garlic,2023,23065589
"China, mainland",Green garlic,2024,23146049
"China, mainland","Groundnuts, excluding shelled",2022,23143175
"China, mainland","Groundnuts, excluding shelled",2023,24281047
"China, mainland","Groundnuts, excluding shelled",2024,24763873
"China, mainland","Hazelnuts, in shell",2022,66065
"China, mainland","Hazelnuts, in shell",2023,66668
"China, mainland","Hazelnuts, in shell",2024,65648
"China, mainland","Hen eggs in shell, fresh",2022,29601116
"China, mainland","Hen eggs in shell, fresh",2023,30514144
"China, mainland","Hen eggs in shell, fresh",2024,30728335
"China, mainland",Hop cones,2022,23194
"China, mainland",Hop cones,2023,23312
"China, mainland",Hop cones,2024,23263
"China, mainland","Horse meat, fresh or chilled (indigenous)",2022,989123
"China, mainland","Horse meat, fresh or chilled (indigenous)",2023,715708
"China, mainland","Horse meat, fresh or chilled (indigenous)",2024,701658
"China, mainland","Jute, raw or retted",2022,1678
"China, mainland","Jute, raw or retted",2023,1402
"China, mainland","Jute, raw or retted",2024,1107
"China, mainland","Kenaf, and other textile bast fibres, raw or retted",2022,15554
"China, mainland","Kenaf, and other textile bast fibres, raw or retted",2023,15526
"China, mainland","Kenaf, and other textile bast fibres, raw or retted",2024,15651
"China, mainland",Leeks and other alliaceous vegetables,2022,55459
"China, mainland",Leeks and other alliaceous vegetables,2023,55556
"China, mainland",Leeks and other alliaceous vegetables,2024,55396
"China, mainland",Lemons and limes,2022,3744431
"China, mainland",Lemons and limes,2023,3725730
"China, mainland",Lemons and limes,2024,3761644
"China, mainland","Lentils, dry",2022,338814
"China, mainland","Lentils, dry",2023,334764
"China, mainland","Lentils, dry",2024,337058
"China, mainland",Lettuce and chicory,2022,5819252
"China, mainland",Lettuce and chicory,2023,5826143
"China, mainland",Lettuce and chicory,2024,5813677
"China, mainland",Linseed,2022,162092
"China, mainland",Linseed,2023,156089
"China, mainland",Linseed,2024,168095
"China, mainland",Maize (corn),2022,105212621
"China, mainland",Maize (corn),2023,109630326
"China, mainland",Maize (corn),2024,111937122
"China, mainland","Mangoes, guavas and mangosteens",2022,5353647
"China, mainland","Mangoes, guavas and mangosteens",2023,5430210
"China, mainland","Mangoes, guavas and mangosteens",2024,5741670
"China, mainland","Meat of asses, fresh or chilled (indigenous)",2022,422035
"China, mainland","Meat of asses, fresh or chilled (indigenous)",2023,354852
"China, mainland","Meat of asses, fresh or chilled (indigenous)",2024,314899
"China, mainland","Meat of buffalo, fresh or chilled (indigenous)",2022,3054228
"China, mainland","Meat of buffalo, fresh or chilled (indigenous)",2023,3200445
"China, mainland","Meat of buffalo, fresh or chilled (indigenous)",2024,3312893
"China, mainland","Meat of camels, fresh or chilled (indigenous)",2022,333996
"China, mainland","Meat of camels, fresh or chilled (indigenous)",2023,359750
"China, mainland","Meat of camels, fresh or chilled (indigenous)",2024,398227
"China, mainland","Meat of cattle with the bone, fresh or chilled (indigenous)",2022,44116156
"China, mainland","Meat of cattle with the bone, fresh or chilled (indigenous)",2023,46428642
"China, mainland","Meat of cattle with the bone, fresh or chilled (indigenous)",2024,48143006
"China, mainland","Meat of chickens, fresh or chilled (indigenous)",2022,28800300
"China, mainland","Meat of chickens, fresh or chilled (indigenous)",2023,29806178
"China, mainland","Meat of chickens, fresh or chilled (indigenous)",2024,30894298
"China, mainland","Meat of ducks, fresh or chilled (indigenous)",2022,14992980
"China, mainland","Meat of ducks, fresh or chilled (indigenous)",2023,16029020
"China, mainland","Meat of ducks, fresh or chilled (indigenous)",2024,16650644
"China, mainland","Meat of geese, fresh or chilled (indigenous)",2022,21599927
"China, mainland","Meat of geese, fresh or chilled (indigenous)",2023,23092518
"China, mainland","Meat of geese, fresh or chilled (indigenous)",2024,23988073
"China, mainland","Meat of goat, fresh or chilled (indigenous)",2022,21767243
"China, mainland","Meat of goat, fresh or chilled (indigenous)",2023,22045189
"China, mainland","Meat of goat, fresh or chilled (indigenous)",2024,21485268
"China, mainland","Meat of mules, fresh or chilled (indigenous)",2022,71539
"China, mainland","Meat of mules, fresh or chilled (indigenous)",2023,64224
"China, mainland","Meat of mules, fresh or chilled (indigenous)",2024,60104
"China, mainland","Meat of pig with the bone, fresh or chilled (indigenous)",2022,152017888
"China, mainland","Meat of pig with the bone, fresh or chilled (indigenous)",2023,158955412
"China, mainland","Meat of pig with the bone, fresh or chilled (indigenous)",2024,156532532
"China, mainland","Meat of rabbits and hares, fresh or chilled (indigenous)",2022,1527996
"China, mainland","Meat of rabbits and hares, fresh or chilled (indigenous)",2023,1536120
"China, mainland","Meat of rabbits and hares, fresh or chilled (indigenous)",2024,1502084
"China, mainland","Meat of sheep, fresh or chilled (indigenous)",2022,18421714
"China, mainland","Meat of sheep, fresh or chilled (indigenous)",2023,18641849
"China, mainland","Meat of sheep, fresh or chilled (indigenous)",2024,18180618
"China, mainland",Melonseed,2022,47792
"China, mainland",Melonseed,2023,47418
"China, mainland",Melonseed,2024,47043
"China, mainland",Millet,2022,1568689
"China, mainland",Millet,2023,1579287
"China, mainland",Millet,2024,1667935
"China, mainland",Mushrooms and truffles,2022,46786747
"China, mainland",Mushrooms and truffles,2023,48623960
"China, mainland",Mushrooms and truffles,2024,50470864
"China, mainland",Mustard seed,2022,15271
"China, mainland",Mustard seed,2023,15376
"China, mainland",Mustard seed,2024,15481
"China, mainland",Natural honey,2022,797676
"China, mainland",Natural honey,2023,800439
"China, mainland",Natural honey,2024,768145
"China, mainland",Natural rubber in primary forms,2022,3045704
"China, mainland",Natural rubber in primary forms,2023,3171707
"China, mainland",Natural rubber in primary forms,2024,3101993
"China, mainland",Oats,2022,138407
"China, mainland",Oats,2023,137974
"China, mainland",Oats,2024,138086
"China, mainland",Oil palm fruit,2022,197139
"China, mainland",Oil palm fruit,2023,197202
"China, mainland",Oil palm fruit,2024,197265
"China, mainland","Onions and shallots, dry (excluding dehydrated)",2022,14598080
"China, mainland","Onions and shallots, dry (excluding dehydrated)",2023,14605827
"China, mainland","Onions and shallots, dry (excluding dehydrated)",2024,14594254
"China, mainland","Onions and shallots, green",2022,513166
"China, mainland","Onions and shallots, green",2023,517299
"China, mainland","Onions and shallots, green",2024,513191
"China, mainland",Oranges,2022,4516638
"China, mainland",Oranges,2023,4534467
"China, mainland",Oranges,2024,4528524
"China, mainland","Other beans, green",2022,6800803
"China, mainland","Other beans, green",2023,6814490
"China, mainland","Other beans, green",2024,6792816
"China, mainland","Other citrus fruit, n.e.c.",2022,2702949
"China, mainland","Other citrus fruit, n.e.c.",2023,2704701
"China, mainland","Other citrus fruit, n.e.c.",2024,2716419
"China, mainland","Other fruits, n.e.c.",2022,3099917
"China, mainland","Other fruits, n.e.c.",2023,3084710
"China, mainland","Other fruits, n.e.c.",2024,3091475
"China, mainland","Other nuts (excluding wild edible nuts and groundnuts), in shell, n.e.c.",2022,293687
"China, mainland","Other nuts (excluding wild edible nuts and groundnuts), in shell, n.e.c.",2023,294219
"China, mainland","Other nuts (excluding wild edible nuts and groundnuts), in shell, n.e.c.",2024,293178
"China, mainland","Other oil seeds, n.e.c.",2022,186531
"China, mainland","Other oil seeds, n.e.c.",2023,185373
"China, mainland","Other oil seeds, n.e.c.",2024,187166
"China, mainland",Other pulses n.e.c.,2022,112471
"China, mainland",Other pulses n.e.c.,2023,114072
"China, mainland",Other pulses n.e.c.,2024,114927
"China, mainland","Other stimulant, spice and aromatic crops, n.e.c.",2022,178326
"China, mainland","Other stimulant, spice and aromatic crops, n.e.c.",2023,177582
"China, mainland","Other stimulant, spice and aromatic crops, n.e.c.",2024,177894
"China, mainland",Other stone fruits,2022,5094020
"China, mainland",Other stone fruits,2023,5119149
"China, mainland",Other stone fruits,2024,5109259
"China, mainland","Other tropical fruits, n.e.c.",2022,4183334
"China, mainland","Other tropical fruits, n.e.c.",2023,4192900
"China, mainland","Other tropical fruits, n.e.c.",2024,4192985
"China, mainland","Other vegetables, fresh n.e.c.",2022,49750141
"China, mainland","Other vegetables, fresh n.e.c.",2023,50094357
"China, mainland","Other vegetables, fresh n.e.c.",2024,50520294
"China, mainland",Papayas,2022,674065
"China, mainland",Papayas,2023,687497
"China, mainland",Papayas,2024,720427
"China, mainland",Peaches and nectarines,2022,13644377
"China, mainland",Peaches and nectarines,2023,14212892
"China, mainland",Peaches and nectarines,2024,14294109
"China, mainland",Pears,2022,11526866
"China, mainland",Pears,2023,11878261
"China, mainland",Pears,2024,12557537
"China, mainland","Peas, dry",2022,949918
"China, mainland","Peas, dry",2023,959060
"China, mainland","Peas, dry",2024,968203
"China, mainland","Peas, green",2022,9003073
"China, mainland","Peas, green",2023,9023466
"China, mainland","Peas, green",2024,8991693
"China, mainland","Pepper (Piper spp.), raw",2022,351307
"China, mainland","Pepper (Piper spp.), raw",2023,354416
"China, mainland","Pepper (Piper spp.), raw",2024,352678
"China, mainland",Persimmons,2022,1692587
"China, mainland",Persimmons,2023,1726285
"China, mainland",Persimmons,2024,1723967
"China, mainland",Pineapples,2022,1103050
"China, mainland",Pineapples,2023,1154372
"China, mainland",Pineapples,2024,1181384
"China, mainland","Pistachios, in shell",2022,480379
"China, mainland","Pistachios, in shell",2023,482670
"China, mainland","Pistachios, in shell",2024,484960
"China, mainland",Plums and sloes,2022,6429818
"China, mainland",Plums and sloes,2023,6405836
"China, mainland",Plums and sloes,2024,6416919
"China, mainland",Pomelos and grapefruits,2022,3256201
"China, mainland",Pomelos and grapefruits,2023,3287814
"China, mainland",Pomelos and grapefruits,2024,3319428
"China, mainland",Potatoes,2022,31451798
"China, mainland",Potatoes,2023,31837198
"China, mainland",Potatoes,2024,32306260
"China, mainland","Pumpkins, squash and gourds",2022,2380744
"China, mainland","Pumpkins, squash and gourds",2023,2396017
"China, mainland","Pumpkins, squash and gourds",2024,2404319
"China, mainland",Quinces,2022,106583
"China, mainland",Quinces,2023,107434
"China, mainland",Quinces,2024,106608
"China, mainland","Ramie, raw or retted",2022,45629
"China, mainland","Ramie, raw or retted",2023,45060
"China, mainland","Ramie, raw or retted",2024,45310
"China, mainland",Rape or colza seed,2022,12080514
"China, mainland",Rape or colza seed,2023,12691874
"China, mainland",Rape or colza seed,2024,13120838
"China, mainland",Raw milk of buffalo,2022,2199730
"China, mainland",Raw milk of buffalo,2023,2249638
"China, mainland",Raw milk of buffalo,2024,2175852
"China, mainland",Raw milk of camel,2022,3928
"China, mainland",Raw milk of camel,2023,4102
"China, mainland",Raw milk of camel,2024,4341
"China, mainland",Raw milk of cattle,2022,21460382
"China, mainland",Raw milk of cattle,2023,22906965
"China, mainland",Raw milk of cattle,2024,22264785
"China, mainland",Raw milk of goats,2022,58916
"China, mainland",Raw milk of goats,2023,58234
"China, mainland",Raw milk of goats,2024,55226
"China, mainland",Raw milk of sheep,2022,351558
"China, mainland",Raw milk of sheep,2023,350615
"China, mainland",Raw milk of sheep,2024,338923
"China, mainland",Rice,2022,105270011
"China, mainland",Rice,2023,104314933
"China, mainland",Rice,2024,104782879
"China, mainland",Rye,2022,1173071
"China, mainland",Rye,2023,1162654
"China, mainland",Rye,2024,1152238
"China, mainland",Safflower seed,2022,23157
"China, mainland",Safflower seed,2023,23258
"China, mainland",Safflower seed,2024,23358
"China, mainland","Seed cotton, unginned",2022,26059000
"China, mainland","Seed cotton, unginned",2023,24471649
"China, mainland","Seed cotton, unginned",2024,24736208
"China, mainland",Sesame seed,2022,1003963
"China, mainland",Sesame seed,2023,1045708
"China, mainland",Sesame seed,2024,876421
"China, mainland","Shorn wool, greasy, including fleece-washed shorn wool",2022,2883865
"China, mainland","Shorn wool, greasy, including fleece-washed shorn wool",2023,2975451
"China, mainland","Shorn wool, greasy, including fleece-washed shorn wool",2024,2950967
"China, mainland",Silk-worm cocoons suitable for reeling,2022,917254
"China, mainland",Silk-worm cocoons suitable for reeling,2023,919173
"China, mainland",Silk-worm cocoons suitable for reeling,2024,920005
"China, mainland","Sisal, raw",2022,10486
"China, mainland","Sisal, raw",2023,10479
"China, mainland","Sisal, raw",2024,10481
"China, mainland",Sorghum,2022,1119819
"China, mainland",Sorghum,2023,1068019
"China, mainland",Sorghum,2024,1111004
"China, mainland",Soya beans,2022,15276420
"China, mainland",Soya beans,2023,15696826
"China, mainland",Soya beans,2024,15552448
"China, mainland",Spinach,2022,16533644
"China, mainland",Spinach,2023,17097824
"China, mainland",Spinach,2024,15278762
"China, mainland",Strawberries,2022,8455850
"China, mainland",Strawberries,2023,8965204
"China, mainland",Strawberries,2024,8740556
"China, mainland",Sugar beet,2022,687592
"China, mainland",Sugar beet,2023,705064
"China, mainland",Sugar beet,2024,955295
"China, mainland",Sugar cane,2022,33962680
"China, mainland",Sugar cane,2023,34351712
"China, mainland",Sugar cane,2024,33539910
"China, mainland",Sunflower seed,2022,2991795
"China, mainland",Sunflower seed,2023,3672693
"China, mainland",Sunflower seed,2024,4034877
"China, mainland",Sweet potatoes,2022,14052092
"China, mainland",Sweet potatoes,2023,14137238
"China, mainland",Sweet potatoes,2024,14124437
"China, mainland","Tangerines, mandarins, clementines",2022,18607547
"China, mainland","Tangerines, mandarins, clementines",2023,18538630
"China, mainland","Tangerines, mandarins, clementines",2024,18607547
"China, mainland",Taro,2022,1322036
"China, mainland",Taro,2023,1324172
"China, mainland",Taro,2024,1320848
"China, mainland",Tea leaves,2022,71478055
"China, mainland",Tea leaves,2023,75734036
"China, mainland",Tea leaves,2024,79988542
"China, mainland",Tomatoes,2022,29143034
"China, mainland",Tomatoes,2023,28976004
"China, mainland",Tomatoes,2024,29052486
"China, mainland",Triticale,2022,116829
"China, mainland",Triticale,2023,116078
"China, mainland",Triticale,2024,116450
"China, mainland",Tung nuts,2022,182952
"China, mainland",Tung nuts,2023,181639
"China, mainland",Tung nuts,2024,180366
"China, mainland",Unmanufactured tobacco,2022,7431305
"China, mainland",Unmanufactured tobacco,2023,7800136
"China, mainland",Unmanufactured tobacco,2024,7663268
"China, mainland","Vanilla, raw",2022,3407
"China, mainland","Vanilla, raw",2023,3428
"China, mainland","Vanilla, raw",2024,3432
"China, mainland","Walnuts, in shell",2022,6241435
"China, mainland","Walnuts, in shell",2023,7021614
"China, mainland","Walnuts, in shell",2024,7801793
"China, mainland",Watermelons,2022,23401669
"China, mainland",Watermelons,2023,23672880
"China, mainland",Watermelons,2024,23582621
"China, mainland",Wheat,2022,52654555
"China, mainland",Wheat,2023,52222560
"China, mainland",Wheat,2024,53564502
Colombia,"Agave fibres, raw, n.e.c.",2022,12405
Colombia,"Agave fibres, raw, n.e.c.",2023,12465
Colombia,"Agave fibres, raw, n.e.c.",2024,12457
Colombia,Apples,2022,19565
Colombia,Apples,2023,19260
Colombia,Apples,2024,20185
Colombia,Asparagus,2022,1672
Colombia,Asparagus,2023,2447
Colombia,Asparagus,2024,2052
Colombia,Avocados,2022,651426
Colombia,Avocados,2023,648500
Colombia,Avocados,2024,757199
Colombia,Bananas,2022,1207020
Colombia,Bananas,2023,1222602
Colombia,Bananas,2024,1262702
Colombia,Barley,2022,2916
Colombia,Barley,2023,3468
Colombia,Barley,2024,4397
Colombia,"Beans, dry",2022,156156
Colombia,"Beans, dry",2023,131351
Colombia,"Beans, dry",2024,131323
Colombia,"Broad beans and horse beans, dry",2022,2201
Colombia,"Broad beans and horse beans, dry",2023,3137
Colombia,"Broad beans and horse beans, dry",2024,3567
Colombia,"Broad beans and horse beans, green",2022,8302
Colombia,"Broad beans and horse beans, green",2023,8238
Colombia,"Broad beans and horse beans, green",2024,8290
Colombia,Cabbages,2022,21514
Colombia,Cabbages,2023,21283
Colombia,Cabbages,2024,19211
Colombia,Cantaloupes and other melons,2022,41538
Colombia,Cantaloupes and other melons,2023,43586
Colombia,Cantaloupes and other melons,2024,45344
Colombia,Carrots and turnips,2022,73690
Colombia,Carrots and turnips,2023,69151
Colombia,Carrots and turnips,2024,70949
Colombia,"Cassava, fresh",2022,291289
Colombia,"Cassava, fresh",2023,303362
Colombia,"Cassava, fresh",2024,318841
Colombia,Cauliflowers and broccoli,2022,14917
Colombia,Cauliflowers and broccoli,2023,12916
Colombia,Cauliflowers and broccoli,2024,13106
Colombia,"Chick peas, dry",2022,8
Colombia,"Chick peas, dry",2023,16
Colombia,"Chick peas, dry",2024,7
Colombia,"Chillies and peppers, green (Capsicum spp. and Pimenta spp.)",2022,56988
Colombia,"Chillies and peppers, green (Capsicum spp. and Pimenta spp.)",2023,64757
Colombia,"Chillies and peppers, green (Capsicum spp. and Pimenta spp.)",2024,65149
Colombia,Cocoa beans,2022,159355
Colombia,Cocoa beans,2023,153390
Colombia,Cocoa beans,2024,173507
Colombia,"Coconuts, in shell",2022,89095
Colombia,"Coconuts, in shell",2023,88813
Colombia,"Coconuts, in shell",2024,89861
Colombia,"Coffee, green",2022,1661165
Colombia,"Coffee, green",2023,1700737
Colombia,"Coffee, green",2024,2097881
Colombia,Cucumbers and gherkins,2022,20831
Colombia,Cucumbers and gherkins,2023,20467
Colombia,Cucumbers and gherkins,2024,18279
Colombia,"Edible roots and tubers with high starch or inulin content, n.e.c., fresh",2022,79008
Colombia,"Edible roots and tubers with high starch or inulin content, n.e.c., fresh",2023,92047
Colombia,"Edible roots and tubers with high starch or inulin content, n.e.c., fresh",2024,96788
Colombia,Eggplants (aubergines),2022,9077
Colombia,Eggplants (aubergines),2023,9969
Colombia,Eggplants (aubergines),2024,9701
Colombia,Grapes,2022,28101
Colombia,Grapes,2023,27641
Colombia,Grapes,2024,28069
Colombia,Green garlic,2022,11617
Colombia,Green garlic,2023,11590
Colombia,Green garlic,2024,14017
Colombia,"Groundnuts, excluding shelled",2022,882
Colombia,"Groundnuts, excluding shelled",2023,816
Colombia,"Groundnuts, excluding shelled",2024,587
Colombia,"Hen eggs in shell, fresh",2022,1306282
Colombia,"Hen eggs in shell, fresh",2023,1355640
Colombia,"Hen eggs in shell, fresh",2024,1448525
Colombia,"Horse meat, fresh or chilled (indigenous)",2022,7628
Colombia,"Horse meat, fresh or chilled (indigenous)",2023,7176
Colombia,"Horse meat, fresh or chilled (indigenous)",2024,4654
Colombia,Lemons and limes,2022,156292
Colombia,Lemons and limes,2023,165935
Colombia,Lemons and limes,2024,181590
Colombia,"Lentils, dry",2022,1760
Colombia,"Lentils, dry",2023,1768
Colombia,"Lentils, dry",2024,1778
Colombia,Lettuce and chicory,2022,43435
Colombia,Lettuce and chicory,2023,42807
Colombia,Lettuce and chicory,2024,42895
Colombia,Maize (corn),2022,605294
Colombia,Maize (corn),2023,543729
Colombia,Maize (corn),2024,469314
Colombia,"Mangoes, guavas and mangosteens",2022,209688
Colombia,"Mangoes, guavas and mangosteens",2023,205320
Colombia,"Mangoes, guavas and mangosteens",2024,204551
Colombia,"Meat of cattle with the bone, fresh or chilled (indigenous)",2022,2118974
Colombia,"Meat of cattle with the bone, fresh or chilled (indigenous)",2023,2111222
Colombia,"Meat of cattle with the bone, fresh or chilled (indigenous)",2024,2184747
Colombia,"Meat of chickens, fresh or chilled (indigenous)",2022,3898799
Colombia,"Meat of chickens, fresh or chilled (indigenous)",2023,3892381
Colombia,"Meat of chickens, fresh or chilled (indigenous)",2024,3902316
Colombia,"Meat of goat, fresh or chilled (indigenous)",2022,1060
Colombia,"Meat of goat, fresh or chilled (indigenous)",2023,852
Colombia,"Meat of goat, fresh or chilled (indigenous)",2024,1011
Colombia,"Meat of pig with the bone, fresh or chilled (indigenous)",2022,1372058
Colombia,"Meat of pig with the bone, fresh or chilled (indigenous)",2023,1462088
Colombia,"Meat of pig with the bone, fresh or chilled (indigenous)",2024,1559979
Colombia,"Meat of rabbits and hares, fresh or chilled (indigenous)",2022,8702
Colombia,"Meat of rabbits and hares, fresh or chilled (indigenous)",2023,8702
Colombia,"Meat of rabbits and hares, fresh or chilled (indigenous)",2024,8700
Colombia,"Meat of sheep, fresh or chilled (indigenous)",2022,1486
Colombia,"Meat of sheep, fresh or chilled (indigenous)",2023,1382
Colombia,"Meat of sheep, fresh or chilled (indigenous)",2024,1319
Colombia,Natural honey,2022,20676
Colombia,Natural honey,2023,19491
Colombia,Natural honey,2024,18690
Colombia,Oil palm fruit,2022,4182241
Colombia,Oil palm fruit,2023,4335468
Colombia,Oil palm fruit,2024,4078957
Colombia,"Onions and shallots, dry (excluding dehydrated)",2022,214845
Colombia,"Onions and shallots, dry (excluding dehydrated)",2023,218765
Colombia,"Onions and shallots, dry (excluding dehydrated)",2024,244878
Colombia,Oranges,2022,222690
Colombia,Oranges,2023,224388
Colombia,Oranges,2024,222064
Colombia,"Other fruits, n.e.c.",2022,323003
Colombia,"Other fruits, n.e.c.",2023,335594
Colombia,"Other fruits, n.e.c.",2024,333227
Colombia,"Other nuts (excluding wild edible nuts and groundnuts), in shell, n.e.c.",2022,4990
Colombia,"Other nuts (excluding wild edible nuts and groundnuts), in shell, n.e.c.",2023,5131
Colombia,"Other nuts (excluding wild edible nuts and groundnuts), in shell, n.e.c.",2024,4652
Colombia,"Other stimulant, spice and aromatic crops, n.e.c.",2022,11675
Colombia,"Other stimulant, spice and aromatic crops, n.e.c.",2023,10499
Colombia,"Other stimulant, spice and aromatic crops, n.e.c.",2024,10114
Colombia,"Other vegetables, fresh n.e.c.",2022,122396
Colombia,"Other vegetables, fresh n.e.c.",2023,117171
Colombia,"Other vegetables, fresh n.e.c.",2024,114353
Colombia,Papayas,2022,42345
Colombia,Papayas,2023,49609
Colombia,Papayas,2024,46290
Colombia,Peaches and nectarines,2022,40875
Colombia,Peaches and nectarines,2023,34138
Colombia,Peaches and nectarines,2024,33360
Colombia,Pears,2022,51078
Colombia,Pears,2023,54413
Colombia,Pears,2024,49173
Colombia,"Peas, dry",2022,36483
Colombia,"Peas, dry",2023,35680
Colombia,"Peas, dry",2024,31556
Colombia,Pineapples,2022,499277
Colombia,Pineapples,2023,463155
Colombia,Pineapples,2024,494150
Colombia,Plantains and cooking bananas,2022,1165491
Colombia,Plantains and cooking bananas,2023,1217524
Colombia,Plantains and cooking bananas,2024,1250064
Colombia,Plums and sloes,2022,12196
Colombia,Plums and sloes,2023,12939
Colombia,Plums and sloes,2024,12403
Colombia,Potatoes,2022,774355
Colombia,Potatoes,2023,788798
Colombia,Potatoes,2024,763862
Colombia,"Pumpkins, squash and gourds",2022,37945
Colombia,"Pumpkins, squash and gourds",2023,39878
Colombia,"Pumpkins, squash and gourds",2024,37313
Colombia,Raw milk of cattle,2022,2452582
Colombia,Raw milk of cattle,2023,2415566
Colombia,Raw milk of cattle,2024,2625098
Colombia,Rice,2022,1110795
Colombia,Rice,2023,1280107
Colombia,Rice,2024,1202136
Colombia,"Seed cotton, unginned",2022,46904
Colombia,"Seed cotton, unginned",2023,42540
Colombia,"Seed cotton, unginned",2024,42622
Colombia,Sesame seed,2022,2282
Colombia,Sesame seed,2023,2650
Colombia,Sesame seed,2024,1879
Colombia,"Shorn wool, greasy, including fleece-washed shorn wool",2022,12412
Colombia,"Shorn wool, greasy, including fleece-washed shorn wool",2023,12553
Colombia,"Shorn wool, greasy, including fleece-washed shorn wool",2024,12706
Colombia,Sorghum,2022,1330
Colombia,Sorghum,2023,3283
Colombia,Sorghum,2024,2825
Colombia,Soya beans,2022,66734
Colombia,Soya beans,2023,93004
Colombia,Soya beans,2024,110663
Colombia,Spinach,2022,2218
Colombia,Spinach,2023,2084
Colombia,Spinach,2024,3891
Colombia,Strawberries,2022,235939
Colombia,Strawberries,2023,237897
Colombia,Strawberries,2024,228593
Colombia,Sugar cane,2022,985016
Colombia,Sugar cane,2023,887575
Colombia,Sugar cane,2024,878411
Colombia,"Tangerines, mandarins, clementines",2022,276812
Colombia,"Tangerines, mandarins, clementines",2023,278322
Colombia,"Tangerines, mandarins, clementines",2024,283003
Colombia,Tomatoes,2022,387234
Colombia,Tomatoes,2023,396469
Colombia,Tomatoes,2024,402334
Colombia,Unmanufactured tobacco,2022,4652
Colombia,Unmanufactured tobacco,2023,4483
Colombia,Unmanufactured tobacco,2024,3628
Colombia,Watermelons,2022,60370
Colombia,Watermelons,2023,59981
Colombia,Watermelons,2024,57668
Colombia,Wheat,2022,3906
Colombia,Wheat,2023,2514
Colombia,Wheat,2024,1401
Colombia,Yams,2022,137408
Colombia,Yams,2023,140981
Colombia,Yams,2024,139657
Congo,Avocados,2022,17755
Congo,Avocados,2023,17560
Congo,Avocados,2024,17655
Congo,Bananas,2022,94537
Congo,Bananas,2023,94706
Congo,Bananas,2024,94875
Congo,"Beans, dry",2022,12977
Congo,"Beans, dry",2023,12992
Congo,"Beans, dry",2024,12966
Congo,Cabbages,2022,3276
Congo,Cabbages,2023,3282
Congo,Cabbages,2024,3273
Congo,Carrots and turnips,2022,2050
Congo,Carrots and turnips,2023,2061
Congo,Carrots and turnips,2024,2053
Congo,"Cassava, fresh",2022,2220471
Congo,"Cassava, fresh",2023,2249791
Congo,"Cassava, fresh",2024,2374086
Congo,Cereals n.e.c.,2022,2493
Congo,Cereals n.e.c.,2023,2500
Congo,Cereals n.e.c.,2024,2507
Congo,Cocoa beans,2022,4013
Congo,Cocoa beans,2023,4013
Congo,Cocoa beans,2024,6020
Congo,"Coconuts, in shell",2022,10422
Congo,"Coconuts, in shell",2023,10422
Congo,"Coconuts, in shell",2024,9852
Congo,"Coffee, green",2022,1458
Congo,"Coffee, green",2023,1459
Congo,"Coffee, green",2024,1457
Congo,"Edible roots and tubers with high starch or inulin content, n.e.c., fresh",2022,39763
Congo,"Edible roots and tubers with high starch or inulin content, n.e.c., fresh",2023,39748
Congo,"Edible roots and tubers with high starch or inulin content, n.e.c., fresh",2024,39948
Congo,Eggplants (aubergines),2022,3941
Congo,Eggplants (aubergines),2023,3948
Congo,Eggplants (aubergines),2024,3937
Congo,"Game meat, fresh, chilled or frozen",2022,523927
Congo,"Game meat, fresh, chilled or frozen",2023,530113
Congo,"Game meat, fresh, chilled or frozen",2024,537946
Congo,"Groundnuts, excluding shelled",2022,41061
Congo,"Groundnuts, excluding shelled",2023,40981
Congo,"Groundnuts, excluding shelled",2024,41108
Congo,"Hen eggs in shell, fresh",2022,4985
Congo,"Hen eggs in shell, fresh",2023,4972
Congo,"Hen eggs in shell, fresh",2024,5003
Congo,Leeks and other alliaceous vegetables,2022,9195
Congo,Leeks and other alliaceous vegetables,2023,9207
Congo,Leeks and other alliaceous vegetables,2024,9187
Congo,Lemons and limes,2022,5518
Congo,Lemons and limes,2023,5530
Congo,Lemons and limes,2024,5509
Congo,Lettuce and chicory,2022,2152
Congo,Lettuce and chicory,2023,2163
Congo,Lettuce and chicory,2024,2175
Congo,Maize (corn),2022,19108
Congo,Maize (corn),2023,19108
Congo,Maize (corn),2024,19108
Congo,"Mangoes, guavas and mangosteens",2022,20183
Congo,"Mangoes, guavas and mangosteens",2023,20275
Congo,"Mangoes, guavas and mangosteens",2024,20360
Congo,"Meat of cattle with the bone, fresh or chilled (indigenous)",2022,19714
Congo,"Meat of cattle with the bone, fresh or chilled (indigenous)",2023,27973
Congo,"Meat of cattle with the bone, fresh or chilled (indigenous)",2024,27722
Congo,"Meat of chickens, fresh or chilled (indigenous)",2022,27670
Congo,"Meat of chickens, fresh or chilled (indigenous)",2023,27960
Congo,"Meat of chickens, fresh or chilled (indigenous)",2024,27427
Congo,"Meat of goat, fresh or chilled (indigenous)",2022,6298
Congo,"Meat of goat, fresh or chilled (indigenous)",2023,6324
Congo,"Meat of goat, fresh or chilled (indigenous)",2024,6130
Congo,"Meat of pig with the bone, fresh or chilled (indigenous)",2022,6115
Congo,"Meat of pig with the bone, fresh or chilled (indigenous)",2023,5911
Congo,"Meat of pig with the bone, fresh or chilled (indigenous)",2024,5699
Congo,"Meat of sheep, fresh or chilled (indigenous)",2022,2723
Congo,"Meat of sheep, fresh or chilled (indigenous)",2023,2737
Congo,"Meat of sheep, fresh or chilled (indigenous)",2024,2751
Congo,Melonseed,2022,1446
Congo,Melonseed,2023,1448
Congo,Melonseed,2024,1450
Congo,Natural rubber in primary forms,2022,536
Congo,Natural rubber in primary forms,2023,541
Congo,Natural rubber in primary forms,2024,536
Congo,Oil palm fruit,2022,33819
Congo,Oil palm fruit,2023,33971
Congo,Oil palm fruit,2024,34123
Congo,Okra,2022,5486
Congo,Okra,2023,5490
Congo,Okra,2024,5486
Congo,"Onions and shallots, dry (excluding dehydrated)",2022,996
Congo,"Onions and shallots, dry (excluding dehydrated)",2023,989
Congo,"Onions and shallots, dry (excluding dehydrated)",2024,991
Congo,Oranges,2022,4626
Congo,Oranges,2023,4613
Congo,Oranges,2024,4600
Congo,"Other beans, green",2022,19512
Congo,"Other beans, green",2023,19531
Congo,"Other beans, green",2024,19504
Congo,"Other fruits, n.e.c.",2022,17508
Congo,"Other fruits, n.e.c.",2023,17577
Congo,"Other fruits, n.e.c.",2024,17595
Congo,"Other vegetables, fresh n.e.c.",2022,59160
Congo,"Other vegetables, fresh n.e.c.",2023,59371
Congo,"Other vegetables, fresh n.e.c.",2024,59582
Congo,Papayas,2022,4137
Congo,Papayas,2023,4123
Congo,Papayas,2024,4129
Congo,"Peas, dry",2022,10650
Congo,"Peas, dry",2023,10668
Congo,"Peas, dry",2024,10638
Congo,Pineapples,2022,7182
Congo,Pineapples,2023,7219
Congo,Pineapples,2024,7205
Congo,Plantains and cooking bananas,2022,102630
Congo,Plantains and cooking bananas,2023,102655
Congo,Plantains and cooking bananas,2024,102680
Congo,Pomelos and grapefruits,2022,969
Congo,Pomelos and grapefruits,2023,970
Congo,Pomelos and grapefruits,2024,970
Congo,Potatoes,2022,14614
Congo,Potatoes,2023,14579
Congo,Potatoes,2024,14583
Congo,Raw milk of cattle,2022,4563
Congo,Raw milk of cattle,2023,4565
Congo,Raw milk of cattle,2024,4566
Congo,Rice,2022,1119
Congo,Rice,2023,1119
Congo,Rice,2024,1119
Congo,Sesame seed,2022,178
Congo,Sesame seed,2023,178
Congo,Sesame seed,2024,178
Congo,Spinach,2022,1281
Congo,Spinach,2023,1283
Congo,Spinach,2024,1286
Congo,Sugar cane,2022,115802
Congo,Sugar cane,2023,116178
Congo,Sugar cane,2024,115899
Congo,Sweet potatoes,2022,7686
Congo,Sweet potatoes,2023,7671
Congo,Sweet potatoes,2024,7700
Congo,"Tangerines, mandarins, clementines",2022,3448
Congo,"Tangerines, mandarins, clementines",2023,3465
Congo,"Tangerines, mandarins, clementines",2024,3482
Congo,Tomatoes,2022,6251
Congo,Tomatoes,2023,6218
Congo,Tomatoes,2024,6194
Congo,Unmanufactured tobacco,2022,984
Congo,Unmanufactured tobacco,2023,992
Congo,Unmanufactured tobacco,2024,999
Congo,Yams,2022,21017
Congo,Yams,2023,21053
Congo,Yams,2024,21011
Cook Islands,Avocados,2022,59
Cook Islands,Avocados,2023,59
Cook Islands,Avocados,2024,59
Cook Islands,Bananas,2022,30
Cook Islands,Bananas,2023,27
Cook Islands,Bananas,2024,27
Cook Islands,"Cassava, fresh",2022,6
Cook Islands,"Cassava, fresh",2023,6
Cook Islands,"Cassava, fresh",2024,1
Cook Islands,"Chillies and peppers, green (Capsicum spp. and Pimenta spp.)",2022,2
Cook Islands,"Chillies and peppers, green (Capsicum spp. and Pimenta spp.)",2023,2
Cook Islands,"Chillies and peppers, green (Capsicum spp. and Pimenta spp.)",2024,2
Cook Islands,"Coconuts, in shell",2022,1912
Cook Islands,"Coconuts, in shell",2023,1911
Cook Islands,"Coconuts, in shell",2024,1911
Cook Islands,"Coffee, green",2022,1
Cook Islands,"Coffee, green",2023,1
Cook Islands,"Coffee, green",2024,1
Cook Islands,"Hen eggs in shell, fresh",2022,410
Cook Islands,"Hen eggs in shell, fresh",2023,410
Cook Islands,"Hen eggs in shell, fresh",2024,410
Cook Islands,Lemons and limes,2022,2
Cook Islands,Lemons and limes,2023,2
Cook Islands,Lemons and limes,2024,2
Cook Islands,"Mangoes, guavas and mangosteens",2022,628
Cook Islands,"Mangoes, guavas and mangosteens",2023,628
Cook Islands,"Mangoes, guavas and mangosteens",2024,628
Cook Islands,"Meat of cattle with the bone, fresh or chilled (indigenous)",2022,53
Cook Islands,"Meat of cattle with the bone, fresh or chilled (indigenous)",2023,54
Cook Islands,"Meat of cattle with the bone, fresh or chilled (indigenous)",2024,56
Cook Islands,"Meat of chickens, fresh or chilled (indigenous)",2022,344
Cook Islands,"Meat of chickens, fresh or chilled (indigenous)",2023,356
Cook Islands,"Meat of chickens, fresh or chilled (indigenous)",2024,343
Cook Islands,"Meat of goat, fresh or chilled (indigenous)",2022,40
Cook Islands,"Meat of goat, fresh or chilled (indigenous)",2023,40
Cook Islands,"Meat of goat, fresh or chilled (indigenous)",2024,39
Cook Islands,"Meat of pig with the bone, fresh or chilled (indigenous)",2022,4535
Cook Islands,"Meat of pig with the bone, fresh or chilled (indigenous)",2023,4267
Cook Islands,"Meat of pig with the bone, fresh or chilled (indigenous)",2024,3489
Cook Islands,Natural honey,2022,23
Cook Islands,Natural honey,2023,24
Cook Islands,Natural honey,2024,24
Cook Islands,Oranges,2022,21
Cook Islands,Oranges,2023,21
Cook Islands,Oranges,2024,21
Cook Islands,Papayas,2022,714
Cook Islands,Papayas,2023,718
Cook Islands,Papayas,2024,717
Cook Islands,Pineapples,2022,65
Cook Islands,Pineapples,2023,65
Cook Islands,Pineapples,2024,65
Cook Islands,Pomelos and grapefruits,2022,16
Cook Islands,Pomelos and grapefruits,2023,16
Cook Islands,Pomelos and grapefruits,2024,16
Cook Islands,Sweet potatoes,2022,1066
Cook Islands,Sweet potatoes,2023,1062
Cook Islands,Sweet potatoes,2024,1063
Cook Islands,Tomatoes,2022,1040
Cook Islands,Tomatoes,2023,1040
Cook Islands,Tomatoes,2024,1040
Cook Islands,"Vanilla, raw",2022,1
Cook Islands,"Vanilla, raw",2023,1
Cook Islands,"Vanilla, raw",2024,1
Cook Islands,Watermelons,2022,182
Cook Islands,Watermelons,2023,180
Cook Islands,Watermelons,2024,178
Costa Rica,"Abaca, manila hemp, raw",2022,408
Costa Rica,"Abaca, manila hemp, raw",2023,409
Costa Rica,"Abaca, manila hemp, raw",2024,409
Costa Rica,Avocados,2022,25845
Costa Rica,Avocados,2023,30610
Costa Rica,Avocados,2024,32148
Costa Rica,Bananas,2022,1065169
Costa Rica,Bananas,2023,1203056
Costa Rica,Bananas,2024,1141899
Costa Rica,"Beans, dry",2022,22691
Costa Rica,"Beans, dry",2023,20028
Costa Rica,"Beans, dry",2024,17264
Costa Rica,Cabbages,2022,4117
Costa Rica,Cabbages,2023,4337
Costa Rica,Cabbages,2024,4270
Costa Rica,Cantaloupes and other melons,2022,33465
Costa Rica,Cantaloupes and other melons,2023,36516
Costa Rica,Cantaloupes and other melons,2024,34578
Costa Rica,Carrots and turnips,2022,8388
Costa Rica,Carrots and turnips,2023,8283
Costa Rica,Carrots and turnips,2024,8016
Costa Rica,"Cassava, fresh",2022,25300
Costa Rica,"Cassava, fresh",2023,24002
Costa Rica,"Cassava, fresh",2024,21889
Costa Rica,Cauliflowers and broccoli,2022,262
Costa Rica,Cauliflowers and broccoli,2023,261
Costa Rica,Cauliflowers and broccoli,2024,261
Costa Rica,"Chillies and peppers, green (Capsicum spp. and Pimenta spp.)",2022,113
Costa Rica,"Chillies and peppers, green (Capsicum spp. and Pimenta spp.)",2023,113
Costa Rica,"Chillies and peppers, green (Capsicum spp. and Pimenta spp.)",2024,113
Costa Rica,Cocoa beans,2022,485
Costa Rica,Cocoa beans,2023,485
Costa Rica,Cocoa beans,2024,606
Costa Rica,"Coconuts, in shell",2022,1972
Costa Rica,"Coconuts, in shell",2023,1972
Costa Rica,"Coconuts, in shell",2024,1919
Costa Rica,"Coffee, green",2022,227947
Costa Rica,"Coffee, green",2023,245207
Costa Rica,"Coffee, green",2024,189866
Costa Rica,Cucumbers and gherkins,2022,692
Costa Rica,Cucumbers and gherkins,2023,693
Costa Rica,Cucumbers and gherkins,2024,692
Costa Rica,"Edible roots and tubers with high starch or inulin content, n.e.c., fresh",2022,11453
Costa Rica,"Edible roots and tubers with high starch or inulin content, n.e.c., fresh",2023,12581
Costa Rica,"Edible roots and tubers with high starch or inulin content, n.e.c., fresh",2024,11911
Costa Rica,"Ginger, raw",2022,2235
Costa Rica,"Ginger, raw",2023,2355
Costa Rica,"Ginger, raw",2024,2034
Costa Rica,"Groundnuts, excluding shelled",2022,83
Costa Rica,"Groundnuts, excluding shelled",2023,84
Costa Rica,"Groundnuts, excluding shelled",2024,84
Costa Rica,"Hen eggs in shell, fresh",2022,5373
Costa Rica,"Hen eggs in shell, fresh",2023,5265
Costa Rica,"Hen eggs in shell, fresh",2024,5933
Costa Rica,Lemons and limes,2022,1764
Costa Rica,Lemons and limes,2023,1766
Costa Rica,Lemons and limes,2024,1762
Costa Rica,Lettuce and chicory,2022,149
Costa Rica,Lettuce and chicory,2023,149
Costa Rica,Lettuce and chicory,2024,149
Costa Rica,Maize (corn),2022,3603
Costa Rica,Maize (corn),2023,3933
Costa Rica,Maize (corn),2024,4321
Costa Rica,"Mangoes, guavas and mangosteens",2022,44393
Costa Rica,"Mangoes, guavas and mangosteens",2023,49150
Costa Rica,"Mangoes, guavas and mangosteens",2024,43364
Costa Rica,"Meat of cattle with the bone, fresh or chilled (indigenous)",2022,206893
Costa Rica,"Meat of cattle with the bone, fresh or chilled (indigenous)",2023,210096
Costa Rica,"Meat of cattle with the bone, fresh or chilled (indigenous)",2024,228750
Costa Rica,"Meat of chickens, fresh or chilled (indigenous)",2022,43640
Costa Rica,"Meat of chickens, fresh or chilled (indigenous)",2023,41584
Costa Rica,"Meat of chickens, fresh or chilled (indigenous)",2024,41186
Costa Rica,"Meat of goat, fresh or chilled (indigenous)",2022,102
Costa Rica,"Meat of goat, fresh or chilled (indigenous)",2023,100
Costa Rica,"Meat of goat, fresh or chilled (indigenous)",2024,100
Costa Rica,"Meat of pig with the bone, fresh or chilled (indigenous)",2022,21489
Costa Rica,"Meat of pig with the bone, fresh or chilled (indigenous)",2023,21148
Costa Rica,"Meat of pig with the bone, fresh or chilled (indigenous)",2024,20219
Costa Rica,"Meat of sheep, fresh or chilled (indigenous)",2022,6
Costa Rica,"Meat of sheep, fresh or chilled (indigenous)",2023,6
Costa Rica,"Meat of sheep, fresh or chilled (indigenous)",2024,6
Costa Rica,Natural honey,2022,236
Costa Rica,Natural honey,2023,246
Costa Rica,Natural honey,2024,282
Costa Rica,Oil palm fruit,2022,174133
Costa Rica,Oil palm fruit,2023,173019
Costa Rica,Oil palm fruit,2024,173923
Costa Rica,"Onions and shallots, dry (excluding dehydrated)",2022,38397
Costa Rica,"Onions and shallots, dry (excluding dehydrated)",2023,39579
Costa Rica,"Onions and shallots, dry (excluding dehydrated)",2024,30951
Costa Rica,Oranges,2022,10169
Costa Rica,Oranges,2023,9415
Costa Rica,Oranges,2024,8665
Costa Rica,"Other fruits, n.e.c.",2022,205926
Costa Rica,"Other fruits, n.e.c.",2023,206728
Costa Rica,"Other fruits, n.e.c.",2024,206568
Costa Rica,"Other nuts (excluding wild edible nuts and groundnuts), in shell, n.e.c.",2022,29
Costa Rica,"Other nuts (excluding wild edible nuts and groundnuts), in shell, n.e.c.",2023,29
Costa Rica,"Other nuts (excluding wild edible nuts and groundnuts), in shell, n.e.c.",2024,29
Costa Rica,"Other vegetables, fresh n.e.c.",2022,43401
Costa Rica,"Other vegetables, fresh n.e.c.",2023,43580
Costa Rica,"Other vegetables, fresh n.e.c.",2024,43760
Costa Rica,Papayas,2022,14581
Costa Rica,Papayas,2023,16188
Costa Rica,Papayas,2024,15979
Costa Rica,"Pepper (Piper spp.), raw",2022,3454
Costa Rica,"Pepper (Piper spp.), raw",2023,3517
Costa Rica,"Pepper (Piper spp.), raw",2024,3505
Costa Rica,Pineapples,2022,1738761
Costa Rica,Pineapples,2023,1956270
Costa Rica,Pineapples,2024,2070403
Costa Rica,Plantains and cooking bananas,2022,8901
Costa Rica,Plantains and cooking bananas,2023,9812
Costa Rica,Plantains and cooking bananas,2024,10083
Costa Rica,Pomelos and grapefruits,2022,427
Costa Rica,Pomelos and grapefruits,2023,429
Costa Rica,Pomelos and grapefruits,2024,430
Costa Rica,Potatoes,2022,66261
Costa Rica,Potatoes,2023,69232
Costa Rica,Potatoes,2024,64095
Costa Rica,Raw milk of cattle,2022,568741
Costa Rica,Raw milk of cattle,2023,640738
Costa Rica,Raw milk of cattle,2024,591374
Costa Rica,Raw milk of goats,2022,15360
Costa Rica,Raw milk of goats,2023,14718
Costa Rica,Raw milk of goats,2024,14789
Costa Rica,Rice,2022,62560
Costa Rica,Rice,2023,41647
Costa Rica,Rice,2024,35133
Costa Rica,"Seed cotton, unginned",2022,248
Costa Rica,"Seed cotton, unginned",2023,249
Costa Rica,"Seed cotton, unginned",2024,251
Costa Rica,Sesame seed,2022,42
Costa Rica,Sesame seed,2023,41
Costa Rica,Sesame seed,2024,42
Costa Rica,Strawberries,2022,10432
Costa Rica,Strawberries,2023,10451
Costa Rica,Strawberries,2024,10471
Costa Rica,Sugar cane,2022,149765
Costa Rica,Sugar cane,2023,131510
Costa Rica,Sugar cane,2024,159040
Costa Rica,Sweet potatoes,2022,1109
Costa Rica,Sweet potatoes,2023,1358
Costa Rica,Sweet potatoes,2024,1198
Costa Rica,Tomatoes,2022,59573
Costa Rica,Tomatoes,2023,60011
Costa Rica,Tomatoes,2024,60448
Costa Rica,Unmanufactured tobacco,2022,80
Costa Rica,Unmanufactured tobacco,2023,84
Costa Rica,Unmanufactured tobacco,2024,81
Costa Rica,Watermelons,2022,19610
Costa Rica,Watermelons,2023,18198
Costa Rica,Watermelons,2024,23708
Costa Rica,Yams,2022,12380
Costa Rica,Yams,2023,13904
Costa Rica,Yams,2024,12678
Côte d'Ivoire,"Almonds, in shell",2022,1827
Côte d'Ivoire,"Almonds, in shell",2023,1835
Côte d'Ivoire,"Almonds, in shell",2024,1833
Côte d'Ivoire,Avocados,2022,8277
Côte d'Ivoire,Avocados,2023,8248
Côte d'Ivoire,Avocados,2024,8262
Côte d'Ivoire,Bananas,2022,248211
Côte d'Ivoire,Bananas,2023,264149
Côte d'Ivoire,Bananas,2024,274213
Côte d'Ivoire,"Cashew nuts, in shell",2022,296785
Côte d'Ivoire,"Cashew nuts, in shell",2023,353801
Côte d'Ivoire,"Cashew nuts, in shell",2024,272630
Côte d'Ivoire,"Cassava, fresh",2022,1619123
Côte d'Ivoire,"Cassava, fresh",2023,1962767
Côte d'Ivoire,"Cassava, fresh",2024,2019270
Côte d'Ivoire,"Chillies and peppers, dry (Capsicum spp., Pimenta spp.), raw",2022,377017
Côte d'Ivoire,"Chillies and peppers, dry (Capsicum spp., Pimenta spp.), raw",2023,378454
Côte d'Ivoire,"Chillies and peppers, dry (Capsicum spp., Pimenta spp.), raw",2024,378220
Côte d'Ivoire,"Chillies and peppers, green (Capsicum spp. and Pimenta spp.)",2022,16877
Côte d'Ivoire,"Chillies and peppers, green (Capsicum spp. and Pimenta spp.)",2023,16953
Côte d'Ivoire,"Chillies and peppers, green (Capsicum spp. and Pimenta spp.)",2024,17029
Côte d'Ivoire,Cocoa beans,2022,3406767
Côte d'Ivoire,Cocoa beans,2023,2631902
Côte d'Ivoire,Cocoa beans,2024,2730106
Côte d'Ivoire,"Coconuts, in shell",2022,52950
Côte d'Ivoire,"Coconuts, in shell",2023,80357
Côte d'Ivoire,"Coconuts, in shell",2024,73770
Côte d'Ivoire,"Coffee, green",2022,86556
Côte d'Ivoire,"Coffee, green",2023,45239
Côte d'Ivoire,"Coffee, green",2024,69467
Côte d'Ivoire,Cucumbers and gherkins,2022,6978
Côte d'Ivoire,Cucumbers and gherkins,2023,6973
Côte d'Ivoire,Cucumbers and gherkins,2024,6968
Côte d'Ivoire,"Edible roots and tubers with high starch or inulin content, n.e.c., fresh",2022,5770
Côte d'Ivoire,"Edible roots and tubers with high starch or inulin content, n.e.c., fresh",2023,5777
Côte d'Ivoire,"Edible roots and tubers with high starch or inulin content, n.e.c., fresh",2024,5766
Côte d'Ivoire,Eggplants (aubergines),2022,25743
Côte d'Ivoire,Eggplants (aubergines),2023,34586
Côte d'Ivoire,Eggplants (aubergines),2024,35516
Côte d'Ivoire,Fonio,2022,13353
Côte d'Ivoire,Fonio,2023,14485
Côte d'Ivoire,Fonio,2024,13799
Côte d'Ivoire,"Game meat, fresh, chilled or frozen",2022,395719
Côte d'Ivoire,"Game meat, fresh, chilled or frozen",2023,400674
Côte d'Ivoire,"Game meat, fresh, chilled or frozen",2024,405730
Côte d'Ivoire,"Ginger, raw",2022,1834
Côte d'Ivoire,"Ginger, raw",2023,1836
Côte d'Ivoire,"Ginger, raw",2024,1838
Côte d'Ivoire,Green corn (maize),2022,24276
Côte d'Ivoire,Green corn (maize),2023,24127
Côte d'Ivoire,Green corn (maize),2024,23974
Côte d'Ivoire,"Groundnuts, excluding shelled",2022,123700
Côte d'Ivoire,"Groundnuts, excluding shelled",2023,140818
Côte d'Ivoire,"Groundnuts, excluding shelled",2024,150773
Côte d'Ivoire,"Hen eggs in shell, fresh",2022,185935
Côte d'Ivoire,"Hen eggs in shell, fresh",2023,213825
Côte d'Ivoire,"Hen eggs in shell, fresh",2024,305042
Côte d'Ivoire,Karite nuts (sheanuts),2022,3489
Côte d'Ivoire,Karite nuts (sheanuts),2023,3505
Côte d'Ivoire,Karite nuts (sheanuts),2024,3521
Côte d'Ivoire,Kola nuts,2022,47378
Côte d'Ivoire,Kola nuts,2023,47357
Côte d'Ivoire,Kola nuts,2024,47353
Côte d'Ivoire,Maize (corn),2022,472751
Côte d'Ivoire,Maize (corn),2023,558245
Côte d'Ivoire,Maize (corn),2024,646709
Côte d'Ivoire,"Mangoes, guavas and mangosteens",2022,74626
Côte d'Ivoire,"Mangoes, guavas and mangosteens",2023,83460
Côte d'Ivoire,"Mangoes, guavas and mangosteens",2024,91301
Côte d'Ivoire,"Meat of cattle with the bone, fresh or chilled (indigenous)",2022,32728
Côte d'Ivoire,"Meat of cattle with the bone, fresh or chilled (indigenous)",2023,29082
Côte d'Ivoire,"Meat of cattle with the bone, fresh or chilled (indigenous)",2024,30684
Côte d'Ivoire,"Meat of chickens, fresh or chilled (indigenous)",2022,548961
Côte d'Ivoire,"Meat of chickens, fresh or chilled (indigenous)",2023,547392
Côte d'Ivoire,"Meat of chickens, fresh or chilled (indigenous)",2024,669076
Côte d'Ivoire,"Meat of goat, fresh or chilled (indigenous)",2022,93258
Côte d'Ivoire,"Meat of goat, fresh or chilled (indigenous)",2023,101761
Côte d'Ivoire,"Meat of goat, fresh or chilled (indigenous)",2024,114534
Côte d'Ivoire,"Meat of pig with the bone, fresh or chilled (indigenous)",2022,25784
Côte d'Ivoire,"Meat of pig with the bone, fresh or chilled (indigenous)",2023,26386
Côte d'Ivoire,"Meat of pig with the bone, fresh or chilled (indigenous)",2024,26387
Côte d'Ivoire,"Meat of sheep, fresh or chilled (indigenous)",2022,162952
Côte d'Ivoire,"Meat of sheep, fresh or chilled (indigenous)",2023,169692
Côte d'Ivoire,"Meat of sheep, fresh or chilled (indigenous)",2024,165235
Côte d'Ivoire,Millet,2022,30298
Côte d'Ivoire,Millet,2023,26828
Côte d'Ivoire,Millet,2024,26026
Côte d'Ivoire,Natural rubber in primary forms,2022,2139913
Côte d'Ivoire,Natural rubber in primary forms,2023,2633787
Côte d'Ivoire,Natural rubber in primary forms,2024,2733922
Côte d'Ivoire,Oil palm fruit,2022,298755
Côte d'Ivoire,Oil palm fruit,2023,312660
Côte d'Ivoire,Oil palm fruit,2024,275905
Côte d'Ivoire,Okra,2022,39862
Côte d'Ivoire,Okra,2023,85619
Côte d'Ivoire,Okra,2024,94206
Côte d'Ivoire,"Onions and shallots, green",2022,2742
Côte d'Ivoire,"Onions and shallots, green",2023,2758
Côte d'Ivoire,"Onions and shallots, green",2024,2751
Côte d'Ivoire,Oranges,2022,1796
Côte d'Ivoire,Oranges,2023,1800
Côte d'Ivoire,Oranges,2024,1794
Côte d'Ivoire,"Other beans, green",2022,3866
Côte d'Ivoire,"Other beans, green",2023,3889
Côte d'Ivoire,"Other beans, green",2024,3911
Côte d'Ivoire,"Other citrus fruit, n.e.c.",2022,40644
Côte d'Ivoire,"Other citrus fruit, n.e.c.",2023,40717
Côte d'Ivoire,"Other citrus fruit, n.e.c.",2024,40597
Côte d'Ivoire,"Other fruits, n.e.c.",2022,13159
Côte d'Ivoire,"Other fruits, n.e.c.",2023,13237
Côte d'Ivoire,"Other fruits, n.e.c.",2024,13203
Côte d'Ivoire,"Other nuts (excluding wild edible nuts and groundnuts), in shell, n.e.c.",2022,565
Côte d'Ivoire,"Other nuts (excluding wild edible nuts and groundnuts), in shell, n.e.c.",2023,566
Côte d'Ivoire,"Other nuts (excluding wild edible nuts and groundnuts), in shell, n.e.c.",2024,565
Côte d'Ivoire,"Other oil seeds, n.e.c.",2022,8874
Côte d'Ivoire,"Other oil seeds, n.e.c.",2023,8884
Côte d'Ivoire,"Other oil seeds, n.e.c.",2024,8868
Côte d'Ivoire,Other pulses n.e.c.,2022,5684
Côte d'Ivoire,Other pulses n.e.c.,2023,5689
Côte d'Ivoire,Other pulses n.e.c.,2024,5681
Côte d'Ivoire,"Other stimulant, spice and aromatic crops, n.e.c.",2022,593
Côte d'Ivoire,"Other stimulant, spice and aromatic crops, n.e.c.",2023,591
Côte d'Ivoire,"Other stimulant, spice and aromatic crops, n.e.c.",2024,590
Côte d'Ivoire,"Other tropical fruits, n.e.c.",2022,38573
Côte d'Ivoire,"Other tropical fruits, n.e.c.",2023,38836
Côte d'Ivoire,"Other tropical fruits, n.e.c.",2024,38594
Côte d'Ivoire,"Other vegetables, fresh n.e.c.",2022,45770
Côte d'Ivoire,"Other vegetables, fresh n.e.c.",2023,45934
Côte d'Ivoire,"Other vegetables, fresh n.e.c.",2024,45999
Côte d'Ivoire,Papayas,2022,5917
Côte d'Ivoire,Papayas,2023,5926
Côte d'Ivoire,Papayas,2024,5911
Côte d'Ivoire,"Pepper (Piper spp.), raw",2022,6762
Côte d'Ivoire,"Pepper (Piper spp.), raw",2023,6786
Côte d'Ivoire,"Pepper (Piper spp.), raw",2024,6778
Côte d'Ivoire,Pineapples,2022,19559
Côte d'Ivoire,Pineapples,2023,15815
Côte d'Ivoire,Pineapples,2024,14980
Côte d'Ivoire,Plantains and cooking bananas,2022,598592
Côte d'Ivoire,Plantains and cooking bananas,2023,656022
Côte d'Ivoire,Plantains and cooking bananas,2024,699606
Côte d'Ivoire,Pomelos and grapefruits,2022,6407
Côte d'Ivoire,Pomelos and grapefruits,2023,6385
Côte d'Ivoire,Pomelos and grapefruits,2024,6396
Côte d'Ivoire,"Pumpkins, squash and gourds",2022,7780
Côte d'Ivoire,"Pumpkins, squash and gourds",2023,7784
Côte d'Ivoire,"Pumpkins, squash and gourds",2024,7789
Côte d'Ivoire,Raw milk of cattle,2022,3461
Côte d'Ivoire,Raw milk of cattle,2023,3559
Côte d'Ivoire,Raw milk of cattle,2024,3659
Côte d'Ivoire,Rice,2022,906771
Côte d'Ivoire,Rice,2023,1070711
Côte d'Ivoire,Rice,2024,1267462
Côte d'Ivoire,"Seed cotton, unginned",2022,254422
Côte d'Ivoire,"Seed cotton, unginned",2023,111356
Côte d'Ivoire,"Seed cotton, unginned",2024,164038
Côte d'Ivoire,Sesame seed,2022,551
Côte d'Ivoire,Sesame seed,2023,554
Côte d'Ivoire,Sesame seed,2024,557
Côte d'Ivoire,Sorghum,2022,41598
Côte d'Ivoire,Sorghum,2023,37067
Côte d'Ivoire,Sorghum,2024,37709
Côte d'Ivoire,Soya beans,2022,179
Côte d'Ivoire,Soya beans,2023,177
Côte d'Ivoire,Soya beans,2024,178
Côte d'Ivoire,Sugar cane,2022,100624
Côte d'Ivoire,Sugar cane,2023,100647
Côte d'Ivoire,Sugar cane,2024,101880
Côte d'Ivoire,Sweet potatoes,2022,11144
Côte d'Ivoire,Sweet potatoes,2023,11679
Côte d'Ivoire,Sweet potatoes,2024,11979
Côte d'Ivoire,Taro,2022,24209
Côte d'Ivoire,Taro,2023,23946
Côte d'Ivoire,Taro,2024,24429
Côte d'Ivoire,Tomatoes,2022,23388
Côte d'Ivoire,Tomatoes,2023,26058
Côte d'Ivoire,Tomatoes,2024,29366
Côte d'Ivoire,Unmanufactured tobacco,2022,3936
Côte d'Ivoire,Unmanufactured tobacco,2023,3910
Côte d'Ivoire,Unmanufactured tobacco,2024,3883
Côte d'Ivoire,Yams,2022,2892636
Côte d'Ivoire,Yams,2023,2775820
Côte d'Ivoire,Yams,2024,2846104
Dominican Republic,Avocados,2022,276077
Dominican Republic,Avocados,2023,380798
Dominican Republic,Avocados,2024,458908
Dominican Republic,Bananas,2022,179669
Dominican Republic,Bananas,2023,212794
Dominican Republic,Bananas,2024,262142
Dominican Republic,"Beans, dry",2022,58190
Dominican Republic,"Beans, dry",2023,65510
Dominican Republic,"Beans, dry",2024,72247
Dominican Republic,Beeswax,2022,540
Dominican Republic,Beeswax,2023,544
Dominican Republic,Beeswax,2024,547
Dominican Republic,"Broad beans and horse beans, dry",2022,9592
Dominican Republic,"Broad beans and horse beans, dry",2023,9572
Dominican Republic,"Broad beans and horse beans, dry",2024,9597
Dominican Republic,Cabbages,2022,9619
Dominican Republic,Cabbages,2023,11556
Dominican Republic,Cabbages,2024,13469
Dominican Republic,Cantaloupes and other melons,2022,12006
Dominican Republic,Cantaloupes and other melons,2023,16733
Dominican Republic,Cantaloupes and other melons,2024,20015
Dominican Republic,Carrots and turnips,2022,19697
Dominican Republic,Carrots and turnips,2023,22989
Dominican Republic,Carrots and turnips,2024,27631
Dominican Republic,"Cashew nuts, in shell",2022,615
Dominican Republic,"Cashew nuts, in shell",2023,613
Dominican Republic,"Cashew nuts, in shell",2024,612
Dominican Republic,"Cassava, fresh",2022,60614
Dominican Republic,"Cassava, fresh",2023,83891
Dominican Republic,"Cassava, fresh",2024,93987
Dominican Republic,"Chillies and peppers, green (Capsicum spp. and Pimenta spp.)",2022,85765
Dominican Republic,"Chillies and peppers, green (Capsicum spp. and Pimenta spp.)",2023,106921
Dominican Republic,"Chillies and peppers, green (Capsicum spp. and Pimenta spp.)",2024,123361
Dominican Republic,Cocoa beans,2022,200008
Dominican Republic,Cocoa beans,2023,157611
Dominican Republic,Cocoa beans,2024,151419
Dominican Republic,"Coconuts, in shell",2022,190374
Dominican Republic,"Coconuts, in shell",2023,228644
Dominican Republic,"Coconuts, in shell",2024,258521
Dominican Republic,"Coffee, green",2022,57474
Dominican Republic,"Coffee, green",2023,76524
Dominican Republic,"Coffee, green",2024,69375
Dominican Republic,Cucumbers and gherkins,2022,7111
Dominican Republic,Cucumbers and gherkins,2023,8811
Dominican Republic,Cucumbers and gherkins,2024,8448
Dominican Republic,Eggplants (aubergines),2022,10421
Dominican Republic,Eggplants (aubergines),2023,12068
Dominican Republic,Eggplants (aubergines),2024,13587
Dominican Republic,"Ginger, raw",2022,2342
Dominican Republic,"Ginger, raw",2023,2076
Dominican Republic,"Ginger, raw",2024,2270
Dominican Republic,Green garlic,2022,8423
Dominican Republic,Green garlic,2023,23949
Dominican Republic,Green garlic,2024,21136
Dominican Republic,"Groundnuts, excluding shelled",2022,7044
Dominican Republic,"Groundnuts, excluding shelled",2023,7569
Dominican Republic,"Groundnuts, excluding shelled",2024,9551
Dominican Republic,"Hen eggs in shell, fresh",2022,307524
Dominican Republic,"Hen eggs in shell, fresh",2023,326593
Dominican Republic,"Hen eggs in shell, fresh",2024,369150
Dominican Republic,Lemons and limes,2022,6512
Dominican Republic,Lemons and limes,2023,8650
Dominican Republic,Lemons and limes,2024,9462
Dominican Republic,Lettuce and chicory,2022,8742
Dominican Republic,Lettuce and chicory,2023,11973
Dominican Republic,Lettuce and chicory,2024,14505
Dominican Republic,Maize (corn),2022,24922
Dominican Republic,Maize (corn),2023,32384
Dominican Republic,Maize (corn),2024,36277
Dominican Republic,"Mangoes, guavas and mangosteens",2022,26542
Dominican Republic,"Mangoes, guavas and mangosteens",2023,32928
Dominican Republic,"Mangoes, guavas and mangosteens",2024,40029
Dominican Republic,"Meat of cattle with the bone, fresh or chilled (indigenous)",2022,126399
Dominican Republic,"Meat of cattle with the bone, fresh or chilled (indigenous)",2023,130314
Dominican Republic,"Meat of cattle with the bone, fresh or chilled (indigenous)",2024,139715
Dominican Republic,"Meat of chickens, fresh or chilled (indigenous)",2022,548080
Dominican Republic,"Meat of chickens, fresh or chilled (indigenous)",2023,588252
Dominican Republic,"Meat of chickens, fresh or chilled (indigenous)",2024,634728
Dominican Republic,"Meat of goat, fresh or chilled (indigenous)",2022,2274
Dominican Republic,"Meat of goat, fresh or chilled (indigenous)",2023,2094
Dominican Republic,"Meat of goat, fresh or chilled (indigenous)",2024,1922
Dominican Republic,"Meat of pig with the bone, fresh or chilled (indigenous)",2022,142846
Dominican Republic,"Meat of pig with the bone, fresh or chilled (indigenous)",2023,126014
Dominican Republic,"Meat of pig with the bone, fresh or chilled (indigenous)",2024,126185
Dominican Republic,"Meat of sheep, fresh or chilled (indigenous)",2022,1656
Dominican Republic,"Meat of sheep, fresh or chilled (indigenous)",2023,1675
Dominican Republic,"Meat of sheep, fresh or chilled (indigenous)",2024,1691
Dominican Republic,Natural honey,2022,272
Dominican Republic,Natural honey,2023,254
Dominican Republic,Natural honey,2024,293
Dominican Republic,Natural rubber in primary forms,2022,53
Dominican Republic,Natural rubber in primary forms,2023,53
Dominican Republic,Natural rubber in primary forms,2024,53
Dominican Republic,Oil palm fruit,2022,34015
Dominican Republic,Oil palm fruit,2023,35431
Dominican Republic,Oil palm fruit,2024,36855
Dominican Republic,"Onions and shallots, dry (excluding dehydrated)",2022,75319
Dominican Republic,"Onions and shallots, dry (excluding dehydrated)",2023,106874
Dominican Republic,"Onions and shallots, dry (excluding dehydrated)",2024,119706
Dominican Republic,Oranges,2022,21300
Dominican Republic,Oranges,2023,24096
Dominican Republic,Oranges,2024,26931
Dominican Republic,"Other stimulant, spice and aromatic crops, n.e.c.",2022,1889
Dominican Republic,"Other stimulant, spice and aromatic crops, n.e.c.",2023,4903
Dominican Republic,"Other stimulant, spice and aromatic crops, n.e.c.",2024,4621
Dominican Republic,"Other vegetables, fresh n.e.c.",2022,8111
Dominican Republic,"Other vegetables, fresh n.e.c.",2023,9461
Dominican Republic,"Other vegetables, fresh n.e.c.",2024,11172
Dominican Republic,Papayas,2022,249294
Dominican Republic,Papayas,2023,308627
Dominican Republic,Papayas,2024,377844
Dominican Republic,"Peas, dry",2022,329
Dominican Republic,"Peas, dry",2023,330
Dominican Republic,"Peas, dry",2024,331
Dominican Republic,"Pigeon peas, dry",2022,12248
Dominican Republic,"Pigeon peas, dry",2023,13230
Dominican Republic,"Pigeon peas, dry",2024,14620
Dominican Republic,Pineapples,2022,137313
Dominican Republic,Pineapples,2023,154759
Dominican Republic,Pineapples,2024,174104
Dominican Republic,Plantains and cooking bananas,2022,369905
Dominican Republic,Plantains and cooking bananas,2023,428915
Dominican Republic,Plantains and cooking bananas,2024,533354
Dominican Republic,Pomelos and grapefruits,2022,1640
Dominican Republic,Pomelos and grapefruits,2023,5716
Dominican Republic,Pomelos and grapefruits,2024,14733
Dominican Republic,Potatoes,2022,41408
Dominican Republic,Potatoes,2023,46872
Dominican Republic,Potatoes,2024,55332
Dominican Republic,"Pumpkins, squash and gourds",2022,32396
Dominican Republic,"Pumpkins, squash and gourds",2023,38363
Dominican Republic,"Pumpkins, squash and gourds",2024,44259
Dominican Republic,Raw milk of cattle,2022,370516
Dominican Republic,Raw milk of cattle,2023,371116
Dominican Republic,Raw milk of cattle,2024,384069
Dominican Republic,Rice,2022,367413
Dominican Republic,Rice,2023,338015
Dominican Republic,Rice,2024,349847
Dominican Republic,"Sisal, raw",2022,12
Dominican Republic,"Sisal, raw",2023,12
Dominican Republic,"Sisal, raw",2024,12
Dominican Republic,Sorghum,2022,62
Dominican Republic,Sorghum,2023,80
Dominican Republic,Sorghum,2024,86
Dominican Republic,Sugar cane,2022,169062
Dominican Republic,Sugar cane,2023,165268
Dominican Republic,Sugar cane,2024,144234
Dominican Republic,Sweet potatoes,2022,17204
Dominican Republic,Sweet potatoes,2023,20742
Dominican Republic,Sweet potatoes,2024,25558
Dominican Republic,Tomatoes,2022,95276
Dominican Republic,Tomatoes,2023,114082
Dominican Republic,Tomatoes,2024,123111
Dominican Republic,Unmanufactured tobacco,2022,27947
Dominican Republic,Unmanufactured tobacco,2023,32005
Dominican Republic,Unmanufactured tobacco,2024,37447
Dominican Republic,Yams,2022,24848
Dominican Republic,Yams,2023,31149
Dominican Republic,Yams,2024,34887
Dominican Republic,Yautia,2022,45062
Dominican Republic,Yautia,2023,58176
Dominican Republic,Yautia,2024,64330
Ecuador,"Abaca, manila hemp, raw",2022,63525
Ecuador,"Abaca, manila hemp, raw",2023,63217
Ecuador,"Abaca, manila hemp, raw",2024,63285
Ecuador,"Anise, badian, coriander, cumin, caraway, fennel and juniper berries, raw",2022,39
Ecuador,"Anise, badian, coriander, cumin, caraway, fennel and juniper berries, raw",2023,39
Ecuador,"Anise, badian, coriander, cumin, caraway, fennel and juniper berries, raw",2024,40
Ecuador,Apples,2022,5607
Ecuador,Apples,2023,5590
Ecuador,Apples,2024,5596
Ecuador,Apricots,2022,167
Ecuador,Apricots,2023,168
Ecuador,Apricots,2024,168
Ecuador,Asparagus,2022,21653
Ecuador,Asparagus,2023,22103
Ecuador,Asparagus,2024,21204
Ecuador,Avocados,2022,24803
Ecuador,Avocados,2023,24882
Ecuador,Avocados,2024,32553
Ecuador,Bananas,2022,1457233
Ecuador,Bananas,2023,1713263
Ecuador,Bananas,2024,1805411
Ecuador,Barley,2022,5039
Ecuador,Barley,2023,3848
Ecuador,Barley,2024,4726
Ecuador,"Beans, dry",2022,18714
Ecuador,"Beans, dry",2023,16545
Ecuador,"Beans, dry",2024,22779
Ecuador,"Broad beans and horse beans, dry",2022,1466
Ecuador,"Broad beans and horse beans, dry",2023,997
Ecuador,"Broad beans and horse beans, dry",2024,1314
Ecuador,"Broad beans and horse beans, green",2022,4755
Ecuador,"Broad beans and horse beans, green",2023,4327
Ecuador,"Broad beans and horse beans, green",2024,3883
Ecuador,Cabbages,2022,1232
Ecuador,Cabbages,2023,1228
Ecuador,Cabbages,2024,1233
Ecuador,Cantaloupes and other melons,2022,7610
Ecuador,Cantaloupes and other melons,2023,7558
Ecuador,Cantaloupes and other melons,2024,7506
Ecuador,Carrots and turnips,2022,8335
Ecuador,Carrots and turnips,2023,8306
Ecuador,Carrots and turnips,2024,8320
Ecuador,"Cassava, fresh",2022,40583
Ecuador,"Cassava, fresh",2023,33129
Ecuador,"Cassava, fresh",2024,23514
Ecuador,Castor oil seeds,2022,1918
Ecuador,Castor oil seeds,2023,1918
Ecuador,Castor oil seeds,2024,2094
Ecuador,Cauliflowers and broccoli,2022,30030
Ecuador,Cauliflowers and broccoli,2023,43787
Ecuador,Cauliflowers and broccoli,2024,27703
Ecuador,"Chillies and peppers, green (Capsicum spp. and Pimenta spp.)",2022,3707
Ecuador,"Chillies and peppers, green (Capsicum spp. and Pimenta spp.)",2023,3711
Ecuador,"Chillies and peppers, green (Capsicum spp. and Pimenta spp.)",2024,3716
Ecuador,Cocoa beans,2022,797167
Ecuador,Cocoa beans,2023,888363
Ecuador,Cocoa beans,2024,954519
Ecuador,"Coconuts, in shell",2022,4045
Ecuador,"Coconuts, in shell",2023,4021
Ecuador,"Coconuts, in shell",2024,4020
Ecuador,"Coffee, green",2022,14689
Ecuador,"Coffee, green",2023,10297
Ecuador,"Coffee, green",2024,10078
Ecuador,Cucumbers and gherkins,2022,1214
Ecuador,Cucumbers and gherkins,2023,1208
Ecuador,Cucumbers and gherkins,2024,1209
Ecuador,"Edible roots and tubers with high starch or inulin content, n.e.c., fresh",2022,4211
Ecuador,"Edible roots and tubers with high starch or inulin content, n.e.c., fresh",2023,4214
Ecuador,"Edible roots and tubers with high starch or inulin content, n.e.c., fresh",2024,4207
Ecuador,Figs,2022,27
Ecuador,Figs,2023,27
Ecuador,Figs,2024,27
Ecuador,Grapes,2022,825
Ecuador,Grapes,2023,834
Ecuador,Grapes,2024,825
Ecuador,Green garlic,2022,3392
Ecuador,Green garlic,2023,3396
Ecuador,Green garlic,2024,3391
Ecuador,"Groundnuts, excluding shelled",2022,8706
Ecuador,"Groundnuts, excluding shelled",2023,6765
Ecuador,"Groundnuts, excluding shelled",2024,7128
Ecuador,"Hen eggs in shell, fresh",2022,267691
Ecuador,"Hen eggs in shell, fresh",2023,260774
Ecuador,"Hen eggs in shell, fresh",2024,262191
Ecuador,Lemons and limes,2022,25327
Ecuador,Lemons and limes,2023,17646
Ecuador,Lemons and limes,2024,29484
Ecuador,"Lentils, dry",2022,3702
Ecuador,"Lentils, dry",2023,3705
Ecuador,"Lentils, dry",2024,3703
Ecuador,Lettuce and chicory,2022,3134
Ecuador,Lettuce and chicory,2023,3138
Ecuador,Lettuce and chicory,2024,3135
Ecuador,Linseed,2022,31
Ecuador,Linseed,2023,31
Ecuador,Linseed,2024,31
Ecuador,Lupins,2022,382
Ecuador,Lupins,2023,382
Ecuador,Lupins,2024,382
Ecuador,Maize (corn),2022,587678
Ecuador,Maize (corn),2023,506123
Ecuador,Maize (corn),2024,427994
Ecuador,"Mangoes, guavas and mangosteens",2022,29032
Ecuador,"Mangoes, guavas and mangosteens",2023,16841
Ecuador,"Mangoes, guavas and mangosteens",2024,30993
Ecuador,"Meat of cattle with the bone, fresh or chilled (indigenous)",2022,236374
Ecuador,"Meat of cattle with the bone, fresh or chilled (indigenous)",2023,246023
Ecuador,"Meat of cattle with the bone, fresh or chilled (indigenous)",2024,235967
Ecuador,"Meat of chickens, fresh or chilled (indigenous)",2022,1441994
Ecuador,"Meat of chickens, fresh or chilled (indigenous)",2023,1584215
Ecuador,"Meat of chickens, fresh or chilled (indigenous)",2024,1557329
Ecuador,"Meat of ducks, fresh or chilled (indigenous)",2022,1440
Ecuador,"Meat of ducks, fresh or chilled (indigenous)",2023,1344
Ecuador,"Meat of ducks, fresh or chilled (indigenous)",2024,1039
Ecuador,"Meat of geese, fresh or chilled (indigenous)",2022,289
Ecuador,"Meat of geese, fresh or chilled (indigenous)",2023,293
Ecuador,"Meat of geese, fresh or chilled (indigenous)",2024,298
Ecuador,"Meat of goat, fresh or chilled (indigenous)",2022,535
Ecuador,"Meat of goat, fresh or chilled (indigenous)",2023,649
Ecuador,"Meat of goat, fresh or chilled (indigenous)",2024,629
Ecuador,"Meat of pig with the bone, fresh or chilled (indigenous)",2022,450276
Ecuador,"Meat of pig with the bone, fresh or chilled (indigenous)",2023,466910
Ecuador,"Meat of pig with the bone, fresh or chilled (indigenous)",2024,480639
Ecuador,"Meat of rabbits and hares, fresh or chilled (indigenous)",2022,6244
Ecuador,"Meat of rabbits and hares, fresh or chilled (indigenous)",2023,6245
Ecuador,"Meat of rabbits and hares, fresh or chilled (indigenous)",2024,6263
Ecuador,"Meat of sheep, fresh or chilled (indigenous)",2022,39468
Ecuador,"Meat of sheep, fresh or chilled (indigenous)",2023,40679
Ecuador,"Meat of sheep, fresh or chilled (indigenous)",2024,32854
Ecuador,"Meat of turkeys, fresh or chilled (indigenous)",2022,4746
Ecuador,"Meat of turkeys, fresh or chilled (indigenous)",2023,6
Ecuador,"Meat of turkeys, fresh or chilled (indigenous)",2024,6
Ecuador,Natural honey,2022,1940
Ecuador,Natural honey,2023,1948
Ecuador,Natural honey,2024,1955
Ecuador,Natural rubber in primary forms,2022,15884
Ecuador,Natural rubber in primary forms,2023,15934
Ecuador,Natural rubber in primary forms,2024,15920
Ecuador,Oats,2022,237
Ecuador,Oats,2023,236
Ecuador,Oats,2024,235
Ecuador,Oil palm fruit,2022,295662
Ecuador,Oil palm fruit,2023,263899
Ecuador,Oil palm fruit,2024,341442
Ecuador,"Onions and shallots, dry (excluding dehydrated)",2022,7915
Ecuador,"Onions and shallots, dry (excluding dehydrated)",2023,4606
Ecuador,"Onions and shallots, dry (excluding dehydrated)",2024,10709
Ecuador,"Onions and shallots, green",2022,61234
Ecuador,"Onions and shallots, green",2023,61544
Ecuador,"Onions and shallots, green",2024,61855
Ecuador,Oranges,2022,55677
Ecuador,Oranges,2023,44872
Ecuador,Oranges,2024,32944
Ecuador,"Other beans, green",2022,14803
Ecuador,"Other beans, green",2023,7416
Ecuador,"Other beans, green",2024,11514
Ecuador,Other berries and fruits of the genus vaccinium n.e.c.,2022,11208
Ecuador,Other berries and fruits of the genus vaccinium n.e.c.,2023,11210
Ecuador,Other berries and fruits of the genus vaccinium n.e.c.,2024,11196
Ecuador,"Other citrus fruit, n.e.c.",2022,18441
Ecuador,"Other citrus fruit, n.e.c.",2023,18409
Ecuador,"Other citrus fruit, n.e.c.",2024,18435
Ecuador,"Other fruits, n.e.c.",2022,57656
Ecuador,"Other fruits, n.e.c.",2023,58130
Ecuador,"Other fruits, n.e.c.",2024,58604
Ecuador,"Other stimulant, spice and aromatic crops, n.e.c.",2022,3300
Ecuador,"Other stimulant, spice and aromatic crops, n.e.c.",2023,3286
Ecuador,"Other stimulant, spice and aromatic crops, n.e.c.",2024,3292
Ecuador,"Other tropical fruits, n.e.c.",2022,14264
Ecuador,"Other tropical fruits, n.e.c.",2023,19330
Ecuador,"Other tropical fruits, n.e.c.",2024,12057
Ecuador,"Other vegetables, fresh n.e.c.",2022,10893
Ecuador,"Other vegetables, fresh n.e.c.",2023,11274
Ecuador,"Other vegetables, fresh n.e.c.",2024,11167
Ecuador,Papayas,2022,12824
Ecuador,Papayas,2023,12423
Ecuador,Papayas,2024,12484
Ecuador,Peaches and nectarines,2022,2882
Ecuador,Peaches and nectarines,2023,2882
Ecuador,Peaches and nectarines,2024,2881
Ecuador,Pears,2022,3474
Ecuador,Pears,2023,3472
Ecuador,Pears,2024,3472
Ecuador,"Peas, dry",2022,903
Ecuador,"Peas, dry",2023,632
Ecuador,"Peas, dry",2024,929
Ecuador,"Peas, green",2022,4116
Ecuador,"Peas, green",2023,3294
Ecuador,"Peas, green",2024,6374
Ecuador,"Pepper (Piper spp.), raw",2022,14010
Ecuador,"Pepper (Piper spp.), raw",2023,13991
Ecuador,"Pepper (Piper spp.), raw",2024,14034
Ecuador,Pineapples,2022,101574
Ecuador,Pineapples,2023,174726
Ecuador,Pineapples,2024,134273
Ecuador,Plantains and cooking bananas,2022,128300
Ecuador,Plantains and cooking bananas,2023,125762
Ecuador,Plantains and cooking bananas,2024,162130
Ecuador,Plums and sloes,2022,7800
Ecuador,Plums and sloes,2023,7815
Ecuador,Plums and sloes,2024,7829
Ecuador,Pomelos and grapefruits,2022,1076
Ecuador,Pomelos and grapefruits,2023,1081
Ecuador,Pomelos and grapefruits,2024,1086
Ecuador,Potatoes,2022,85393
Ecuador,Potatoes,2023,88995
Ecuador,Potatoes,2024,75121
Ecuador,"Pumpkins, squash and gourds",2022,967
Ecuador,"Pumpkins, squash and gourds",2023,964
Ecuador,"Pumpkins, squash and gourds",2024,967
Ecuador,"Pyrethrum, dried flowers",2022,400
Ecuador,"Pyrethrum, dried flowers",2023,395
Ecuador,"Pyrethrum, dried flowers",2024,398
Ecuador,Quinoa,2022,1176
Ecuador,Quinoa,2023,504
Ecuador,Quinoa,2024,1502
Ecuador,Raw milk of cattle,2022,978106
Ecuador,Raw milk of cattle,2023,991896
Ecuador,Raw milk of cattle,2024,927571
Ecuador,Raw milk of goats,2022,259
Ecuador,Raw milk of goats,2023,284
Ecuador,Raw milk of goats,2024,279
Ecuador,Raw milk of sheep,2022,1395
Ecuador,Raw milk of sheep,2023,1409
Ecuador,Raw milk of sheep,2024,1256
Ecuador,Rice,2022,464171
Ecuador,Rice,2023,486475
Ecuador,Rice,2024,578065
Ecuador,Rye,2022,29
Ecuador,Rye,2023,28
Ecuador,Rye,2024,29
Ecuador,"Seed cotton, unginned",2022,2969
Ecuador,"Seed cotton, unginned",2023,2980
Ecuador,"Seed cotton, unginned",2024,2975
Ecuador,Sesame seed,2022,14
Ecuador,Sesame seed,2023,14
Ecuador,Sesame seed,2024,14
Ecuador,Sorghum,2022,3195
Ecuador,Sorghum,2023,3201
Ecuador,Sorghum,2024,3188
Ecuador,Soya beans,2022,17380
Ecuador,Soya beans,2023,7737
Ecuador,Soya beans,2024,14582
Ecuador,Strawberries,2022,1849
Ecuador,Strawberries,2023,1843
Ecuador,Strawberries,2024,1843
Ecuador,Sugar beet,2022,130
Ecuador,Sugar beet,2023,130
Ecuador,Sugar beet,2024,130
Ecuador,Sugar cane,2022,217121
Ecuador,Sugar cane,2023,175417
Ecuador,Sugar cane,2024,178924
Ecuador,Sunflower seed,2022,91
Ecuador,Sunflower seed,2023,91
Ecuador,Sunflower seed,2024,91
Ecuador,Sweet potatoes,2022,1170
Ecuador,Sweet potatoes,2023,1165
Ecuador,Sweet potatoes,2024,1168
Ecuador,"Tangerines, mandarins, clementines",2022,9612
Ecuador,"Tangerines, mandarins, clementines",2023,9621
Ecuador,"Tangerines, mandarins, clementines",2024,9630
Ecuador,Tea leaves,2022,96269
Ecuador,Tea leaves,2023,96297
Ecuador,Tea leaves,2024,95999
Ecuador,Tomatoes,2022,25496
Ecuador,Tomatoes,2023,19565
Ecuador,Tomatoes,2024,32355
Ecuador,Unmanufactured tobacco,2022,21137
Ecuador,Unmanufactured tobacco,2023,43096
Ecuador,Unmanufactured tobacco,2024,19733
Ecuador,Watermelons,2022,33120
Ecuador,Watermelons,2023,33163
Ecuador,Watermelons,2024,33121
Ecuador,Wheat,2022,3289
Ecuador,Wheat,2023,1760
Ecuador,Wheat,2024,3241
Egypt,"Anise, badian, coriander, cumin, caraway, fennel and juniper berries, raw",2022,15208
Egypt,"Anise, badian, coriander, cumin, caraway, fennel and juniper berries, raw",2023,15230
Egypt,"Anise, badian, coriander, cumin, caraway, fennel and juniper berries, raw",2024,15192
Egypt,Apples,2022,350808
Egypt,Apples,2023,372965
Egypt,Apples,2024,379067
Egypt,Apricots,2022,33782
Egypt,Apricots,2023,40064
Egypt,Apricots,2024,42459
Egypt,Artichokes,2022,116768
Egypt,Artichokes,2023,148992
Egypt,Artichokes,2024,150800
Egypt,Bananas,2022,522611
Egypt,Bananas,2023,585340
Egypt,Bananas,2024,539581
Egypt,Barley,2022,44190
Egypt,Barley,2023,56570
Egypt,Barley,2024,43287
Egypt,"Beans, dry",2022,120182
Egypt,"Beans, dry",2023,111013
Egypt,"Beans, dry",2024,117491
Egypt,Beeswax,2022,382
Egypt,Beeswax,2023,400
Egypt,Beeswax,2024,397
Egypt,"Broad beans and horse beans, dry",2022,82304
Egypt,"Broad beans and horse beans, dry",2023,103145
Egypt,"Broad beans and horse beans, dry",2024,81138
Egypt,"Broad beans and horse beans, green",2022,7379
Egypt,"Broad beans and horse beans, green",2023,5160
Egypt,"Broad beans and horse beans, green",2024,7711
Egypt,Cabbages,2022,46851
Egypt,Cabbages,2023,53082
Egypt,Cabbages,2024,52700
Egypt,Cantaloupes and other melons,2022,124981
Egypt,Cantaloupes and other melons,2023,69864
Egypt,Cantaloupes and other melons,2024,59485
Egypt,Carrots and turnips,2022,22187
Egypt,Carrots and turnips,2023,22187
Egypt,Carrots and turnips,2024,21880
Egypt,Cauliflowers and broccoli,2022,10321
Egypt,Cauliflowers and broccoli,2023,16238
Egypt,Cauliflowers and broccoli,2024,14346
Egypt,"Chick peas, dry",2022,1739
Egypt,"Chick peas, dry",2023,1740
Egypt,"Chick peas, dry",2024,1977
Egypt,"Chillies and peppers, dry (Capsicum spp., Pimenta spp.), raw",2022,25113
Egypt,"Chillies and peppers, dry (Capsicum spp., Pimenta spp.), raw",2023,25195
Egypt,"Chillies and peppers, dry (Capsicum spp., Pimenta spp.), raw",2024,25257
Egypt,"Chillies and peppers, green (Capsicum spp. and Pimenta spp.)",2022,245415
Egypt,"Chillies and peppers, green (Capsicum spp. and Pimenta spp.)",2023,234698
Egypt,"Chillies and peppers, green (Capsicum spp. and Pimenta spp.)",2024,232750
Egypt,"Cow peas, dry",2022,4270
Egypt,"Cow peas, dry",2023,4279
Egypt,"Cow peas, dry",2024,4289
Egypt,Cucumbers and gherkins,2022,100547
Egypt,Cucumbers and gherkins,2023,83612
Egypt,Cucumbers and gherkins,2024,82500
Egypt,Dates,2022,522258
Egypt,Dates,2023,481301
Egypt,Dates,2024,494747
Egypt,"Edible roots and tubers with high starch or inulin content, n.e.c., fresh",2022,2187
Egypt,"Edible roots and tubers with high starch or inulin content, n.e.c., fresh",2023,2197
Egypt,"Edible roots and tubers with high starch or inulin content, n.e.c., fresh",2024,2201
Egypt,Eggplants (aubergines),2022,346340
Egypt,Eggplants (aubergines),2023,318335
Egypt,Eggplants (aubergines),2024,312956
Egypt,Figs,2022,77843
Egypt,Figs,2023,80987
Egypt,Figs,2024,81824
Egypt,Grapes,2022,713976
Egypt,Grapes,2023,683944
Egypt,Grapes,2024,676212
Egypt,Green garlic,2022,131011
Egypt,Green garlic,2023,147890
Egypt,Green garlic,2024,140069
Egypt,"Groundnuts, excluding shelled",2022,281546
Egypt,"Groundnuts, excluding shelled",2023,328845
Egypt,"Groundnuts, excluding shelled",2024,329762
Egypt,"Hen eggs in shell, fresh",2022,1280403
Egypt,"Hen eggs in shell, fresh",2023,1369692
Egypt,"Hen eggs in shell, fresh",2024,1337672
Egypt,"Jute, raw or retted",2022,239
Egypt,"Jute, raw or retted",2023,239
Egypt,"Jute, raw or retted",2024,240
Egypt,Lemons and limes,2022,132283
Egypt,Lemons and limes,2023,142281
Egypt,Lemons and limes,2024,138583
Egypt,"Lentils, dry",2022,227
Egypt,"Lentils, dry",2023,474
Egypt,"Lentils, dry",2024,394
Egypt,Lettuce and chicory,2022,4183
Egypt,Lettuce and chicory,2023,5493
Egypt,Lettuce and chicory,2024,5479
Egypt,Linseed,2022,10089
Egypt,Linseed,2023,12821
Egypt,Linseed,2024,6180
Egypt,Lupins,2022,114
Egypt,Lupins,2023,89
Egypt,Lupins,2024,64
Egypt,Maize (corn),2022,2093948
Egypt,Maize (corn),2023,2273913
Egypt,Maize (corn),2024,2200367
Egypt,"Mangoes, guavas and mangosteens",2022,776739
Egypt,"Mangoes, guavas and mangosteens",2023,846322
Egypt,"Mangoes, guavas and mangosteens",2024,879398
Egypt,"Meat of buffalo, fresh or chilled (indigenous)",2022,1309786
Egypt,"Meat of buffalo, fresh or chilled (indigenous)",2023,1198190
Egypt,"Meat of buffalo, fresh or chilled (indigenous)",2024,1174696
Egypt,"Meat of camels, fresh or chilled (indigenous)",2022,27734
Egypt,"Meat of camels, fresh or chilled (indigenous)",2023,68183
Egypt,"Meat of camels, fresh or chilled (indigenous)",2024,47882
Egypt,"Meat of cattle with the bone, fresh or chilled (indigenous)",2022,1987046
Egypt,"Meat of cattle with the bone, fresh or chilled (indigenous)",2023,1741471
Egypt,"Meat of cattle with the bone, fresh or chilled (indigenous)",2024,1371411
Egypt,"Meat of chickens, fresh or chilled (indigenous)",2022,4652108
Egypt,"Meat of chickens, fresh or chilled (indigenous)",2023,4992025
Egypt,"Meat of chickens, fresh or chilled (indigenous)",2024,5962326
Egypt,"Meat of ducks, fresh or chilled (indigenous)",2022,101246
Egypt,"Meat of ducks, fresh or chilled (indigenous)",2023,120635
Egypt,"Meat of ducks, fresh or chilled (indigenous)",2024,106868
Egypt,"Meat of geese, fresh or chilled (indigenous)",2022,20757
Egypt,"Meat of geese, fresh or chilled (indigenous)",2023,26504
Egypt,"Meat of geese, fresh or chilled (indigenous)",2024,25201
Egypt,"Meat of goat, fresh or chilled (indigenous)",2022,157792
Egypt,"Meat of goat, fresh or chilled (indigenous)",2023,143448
Egypt,"Meat of goat, fresh or chilled (indigenous)",2024,143448
Egypt,"Meat of pig with the bone, fresh or chilled (indigenous)",2022,2643
Egypt,"Meat of pig with the bone, fresh or chilled (indigenous)",2023,2668
Egypt,"Meat of pig with the bone, fresh or chilled (indigenous)",2024,2567
Egypt,"Meat of pigeons and other birds n.e.c., fresh, chilled or frozen (indigenous)",2022,70990
Egypt,"Meat of pigeons and other birds n.e.c., fresh, chilled or frozen (indigenous)",2023,70379
Egypt,"Meat of pigeons and other birds n.e.c., fresh, chilled or frozen (indigenous)",2024,69752
Egypt,"Meat of rabbits and hares, fresh or chilled (indigenous)",2022,235306
Egypt,"Meat of rabbits and hares, fresh or chilled (indigenous)",2023,201957
Egypt,"Meat of rabbits and hares, fresh or chilled (indigenous)",2024,181533
Egypt,"Meat of sheep, fresh or chilled (indigenous)",2022,428124
Egypt,"Meat of sheep, fresh or chilled (indigenous)",2023,392447
Egypt,"Meat of sheep, fresh or chilled (indigenous)",2024,392203
Egypt,"Meat of turkeys, fresh or chilled (indigenous)",2022,48286
Egypt,"Meat of turkeys, fresh or chilled (indigenous)",2023,73688
Egypt,"Meat of turkeys, fresh or chilled (indigenous)",2024,73788
Egypt,Natural honey,2022,12590
Egypt,Natural honey,2023,13010
Egypt,Natural honey,2024,12821
Egypt,Okra,2022,54765
Egypt,Okra,2023,45736
Egypt,Okra,2024,46672
Egypt,Olives,2022,310204
Egypt,Olives,2023,363493
Egypt,Olives,2024,389439
Egypt,"Onions and shallots, dry (excluding dehydrated)",2022,448859
Egypt,"Onions and shallots, dry (excluding dehydrated)",2023,417899
Egypt,"Onions and shallots, dry (excluding dehydrated)",2024,426071
Egypt,Oranges,2022,535640
Egypt,Oranges,2023,588518
Egypt,Oranges,2024,711973
Egypt,"Other beans, green",2022,56263
Egypt,"Other beans, green",2023,55251
Egypt,"Other beans, green",2024,56542
Egypt,"Other citrus fruit, n.e.c.",2022,3162
Egypt,"Other citrus fruit, n.e.c.",2023,3164
Egypt,"Other citrus fruit, n.e.c.",2024,3166
Egypt,"Other fruits, n.e.c.",2022,74212
Egypt,"Other fruits, n.e.c.",2023,74524
Egypt,"Other fruits, n.e.c.",2024,74836
Egypt,"Other nuts (excluding wild edible nuts and groundnuts), in shell, n.e.c.",2022,3263
Egypt,"Other nuts (excluding wild edible nuts and groundnuts), in shell, n.e.c.",2023,3243
Egypt,"Other nuts (excluding wild edible nuts and groundnuts), in shell, n.e.c.",2024,2332
Egypt,Other pulses n.e.c.,2022,4893
Egypt,Other pulses n.e.c.,2023,4890
Egypt,Other pulses n.e.c.,2024,4889
Egypt,Other stone fruits,2022,170
Egypt,Other stone fruits,2023,170
Egypt,Other stone fruits,2024,170
Egypt,"Other vegetables, fresh n.e.c.",2022,67991
Egypt,"Other vegetables, fresh n.e.c.",2023,66958
Egypt,"Other vegetables, fresh n.e.c.",2024,67642
Egypt,Peaches and nectarines,2022,73002
Egypt,Peaches and nectarines,2023,68292
Egypt,Peaches and nectarines,2024,63863
Egypt,Pears,2022,33623
Egypt,Pears,2023,35167
Egypt,Pears,2024,33503
Egypt,"Peas, dry",2022,545
Egypt,"Peas, dry",2023,639
Egypt,"Peas, dry",2024,422
Egypt,"Peas, green",2022,34994
Egypt,"Peas, green",2023,64436
Egypt,"Peas, green",2024,61922
Egypt,Plums and sloes,2022,29852
Egypt,Plums and sloes,2023,33118
Egypt,Plums and sloes,2024,32971
Egypt,Pomelos and grapefruits,2022,945
Egypt,Pomelos and grapefruits,2023,280
Egypt,Pomelos and grapefruits,2024,466
Egypt,Potatoes,2022,1245557
Egypt,Potatoes,2023,1480843
Egypt,Potatoes,2024,1396159
Egypt,"Pumpkins, squash and gourds",2022,100659
Egypt,"Pumpkins, squash and gourds",2023,201436
Egypt,"Pumpkins, squash and gourds",2024,250349
Egypt,Quinces,2022,14
Egypt,Quinces,2023,14
Egypt,Quinces,2024,14
Egypt,Raw milk of buffalo,2022,970824
Egypt,Raw milk of buffalo,2023,763592
Egypt,Raw milk of buffalo,2024,872268
Egypt,Raw milk of cattle,2022,2620348
Egypt,Raw milk of cattle,2023,2236882
Egypt,Raw milk of cattle,2024,2423247
Egypt,Raw milk of goats,2022,3536
Egypt,Raw milk of goats,2023,3823
Egypt,Raw milk of goats,2024,3831
Egypt,Raw milk of sheep,2022,14938
Egypt,Raw milk of sheep,2023,16370
Egypt,Raw milk of sheep,2024,16308
Egypt,Rice,2022,1154263
Egypt,Rice,2023,1671800
Egypt,Rice,2024,1725794
Egypt,Rye,2022,15114
Egypt,Rye,2023,15145
Egypt,Rye,2024,15176
Egypt,"Seed cotton, unginned",2022,389790
Egypt,"Seed cotton, unginned",2023,293924
Egypt,"Seed cotton, unginned",2024,206489
Egypt,Sesame seed,2022,77386
Egypt,Sesame seed,2023,60024
Egypt,Sesame seed,2024,63510
Egypt,"Shorn wool, greasy, including fleece-washed shorn wool",2022,30867
Egypt,"Shorn wool, greasy, including fleece-washed shorn wool",2023,31056
Egypt,"Shorn wool, greasy, including fleece-washed shorn wool",2024,31248
Egypt,Silk-worm cocoons suitable for reeling,2022,273
Egypt,Silk-worm cocoons suitable for reeling,2023,288
Egypt,Silk-worm cocoons suitable for reeling,2024,283
Egypt,Sorghum,2022,302498
Egypt,Sorghum,2023,245522
Egypt,Sorghum,2024,227455
Egypt,Soya beans,2022,62672
Egypt,Soya beans,2023,101064
Egypt,Soya beans,2024,40284
Egypt,Spinach,2022,3053
Egypt,Spinach,2023,3716
Egypt,Spinach,2024,4031
Egypt,Strawberries,2022,214830
Egypt,Strawberries,2023,275298
Egypt,Strawberries,2024,274643
Egypt,Sugar beet,2022,582277
Egypt,Sugar beet,2023,653036
Egypt,Sugar beet,2024,644803
Egypt,Sugar cane,2022,883891
Egypt,Sugar cane,2023,809370
Egypt,Sugar cane,2024,756100
Egypt,Sunflower seed,2022,27513
Egypt,Sunflower seed,2023,49290
Egypt,Sunflower seed,2024,54431
Egypt,Sweet potatoes,2022,24011
Egypt,Sweet potatoes,2023,29529
Egypt,Sweet potatoes,2024,33422
Egypt,"Tangerines, mandarins, clementines",2022,415923
Egypt,"Tangerines, mandarins, clementines",2023,449478
Egypt,"Tangerines, mandarins, clementines",2024,448109
Egypt,Taro,2022,29202
Egypt,Taro,2023,23083
Egypt,Taro,2024,19452
Egypt,Tomatoes,2022,1159835
Egypt,Tomatoes,2023,1296082
Egypt,Tomatoes,2024,1369937
Egypt,Vetches,2022,1286
Egypt,Vetches,2023,1288
Egypt,Vetches,2024,1284
Egypt,"Walnuts, in shell",2022,33527
Egypt,"Walnuts, in shell",2023,33491
Egypt,"Walnuts, in shell",2024,33454
Egypt,Watermelons,2022,125739
Egypt,Watermelons,2023,87435
Egypt,Watermelons,2024,89553
Egypt,Wheat,2022,3283382
Egypt,Wheat,2023,3093123
Egypt,Wheat,2024,3207296
El Salvador,"Agave fibres, raw, n.e.c.",2022,1864
El Salvador,"Agave fibres, raw, n.e.c.",2023,1864
El Salvador,"Agave fibres, raw, n.e.c.",2024,1864
El Salvador,Avocados,2022,13416
El Salvador,Avocados,2023,13186
El Salvador,Avocados,2024,13388
El Salvador,Bananas,2022,3698
El Salvador,Bananas,2023,4202
El Salvador,Bananas,2024,5424
El Salvador,"Beans, dry",2022,128379
El Salvador,"Beans, dry",2023,136742
El Salvador,"Beans, dry",2024,141471
El Salvador,Cabbages,2022,92
El Salvador,Cabbages,2023,91
El Salvador,Cabbages,2024,91
El Salvador,Cantaloupes and other melons,2022,2559
El Salvador,Cantaloupes and other melons,2023,1201
El Salvador,Cantaloupes and other melons,2024,1269
El Salvador,"Cashew nuts, in shell",2022,2554
El Salvador,"Cashew nuts, in shell",2023,2631
El Salvador,"Cashew nuts, in shell",2024,2186
El Salvador,"Cassava, fresh",2022,8419
El Salvador,"Cassava, fresh",2023,7224
El Salvador,"Cassava, fresh",2024,6314
El Salvador,"Chillies and peppers, green (Capsicum spp. and Pimenta spp.)",2022,10515
El Salvador,"Chillies and peppers, green (Capsicum spp. and Pimenta spp.)",2023,10260
El Salvador,"Chillies and peppers, green (Capsicum spp. and Pimenta spp.)",2024,10421
El Salvador,Cocoa beans,2022,1206
El Salvador,Cocoa beans,2023,1209
El Salvador,Cocoa beans,2024,1205
El Salvador,"Coconuts, in shell",2022,11030
El Salvador,"Coconuts, in shell",2023,12491
El Salvador,"Coconuts, in shell",2024,11557
El Salvador,"Coffee, green",2022,147229
El Salvador,"Coffee, green",2023,114541
El Salvador,"Coffee, green",2024,100182
El Salvador,Cucumbers and gherkins,2022,4793
El Salvador,Cucumbers and gherkins,2023,4150
El Salvador,Cucumbers and gherkins,2024,3235
El Salvador,Green corn (maize),2022,10685
El Salvador,Green corn (maize),2023,12441
El Salvador,Green corn (maize),2024,13480
El Salvador,"Hen eggs in shell, fresh",2022,122044
El Salvador,"Hen eggs in shell, fresh",2023,120903
El Salvador,"Hen eggs in shell, fresh",2024,120648
El Salvador,"Jute, raw or retted",2022,161
El Salvador,"Jute, raw or retted",2023,157
El Salvador,"Jute, raw or retted",2024,157
El Salvador,"Kenaf, and other textile bast fibres, raw or retted",2022,881
El Salvador,"Kenaf, and other textile bast fibres, raw or retted",2023,875
El Salvador,"Kenaf, and other textile bast fibres, raw or retted",2024,880
El Salvador,Lemons and limes,2022,4264
El Salvador,Lemons and limes,2023,6127
El Salvador,Lemons and limes,2024,6205
El Salvador,Maize (corn),2022,301074
El Salvador,Maize (corn),2023,297579
El Salvador,Maize (corn),2024,303376
El Salvador,"Mangoes, guavas and mangosteens",2022,17322
El Salvador,"Mangoes, guavas and mangosteens",2023,20123
El Salvador,"Mangoes, guavas and mangosteens",2024,23113
El Salvador,"Meat of cattle with the bone, fresh or chilled (indigenous)",2022,71274
El Salvador,"Meat of cattle with the bone, fresh or chilled (indigenous)",2023,66930
El Salvador,"Meat of cattle with the bone, fresh or chilled (indigenous)",2024,62287
El Salvador,"Meat of chickens, fresh or chilled (indigenous)",2022,422834
El Salvador,"Meat of chickens, fresh or chilled (indigenous)",2023,437355
El Salvador,"Meat of chickens, fresh or chilled (indigenous)",2024,443702
El Salvador,"Meat of goat, fresh or chilled (indigenous)",2022,361
El Salvador,"Meat of goat, fresh or chilled (indigenous)",2023,358
El Salvador,"Meat of goat, fresh or chilled (indigenous)",2024,357
El Salvador,"Meat of pig with the bone, fresh or chilled (indigenous)",2022,23775
El Salvador,"Meat of pig with the bone, fresh or chilled (indigenous)",2023,16463
El Salvador,"Meat of pig with the bone, fresh or chilled (indigenous)",2024,34224
El Salvador,"Meat of sheep, fresh or chilled (indigenous)",2022,172
El Salvador,"Meat of sheep, fresh or chilled (indigenous)",2023,173
El Salvador,"Meat of sheep, fresh or chilled (indigenous)",2024,174
El Salvador,Natural honey,2022,6796
El Salvador,Natural honey,2023,6440
El Salvador,Natural honey,2024,6240
El Salvador,Olives,2022,6804
El Salvador,Olives,2023,6778
El Salvador,Olives,2024,6783
El Salvador,"Onions and shallots, dry (excluding dehydrated)",2022,690
El Salvador,"Onions and shallots, dry (excluding dehydrated)",2023,789
El Salvador,"Onions and shallots, dry (excluding dehydrated)",2024,693
El Salvador,Oranges,2022,14770
El Salvador,Oranges,2023,14956
El Salvador,Oranges,2024,11436
El Salvador,"Other fruits, n.e.c.",2022,5984
El Salvador,"Other fruits, n.e.c.",2023,5991
El Salvador,"Other fruits, n.e.c.",2024,5979
El Salvador,"Other vegetables, fresh n.e.c.",2022,14126
El Salvador,"Other vegetables, fresh n.e.c.",2023,14139
El Salvador,"Other vegetables, fresh n.e.c.",2024,14107
El Salvador,Papayas,2022,645
El Salvador,Papayas,2023,873
El Salvador,Papayas,2024,746
El Salvador,Pineapples,2022,876
El Salvador,Pineapples,2023,946
El Salvador,Pineapples,2024,711
El Salvador,Plantains and cooking bananas,2022,10765
El Salvador,Plantains and cooking bananas,2023,8343
El Salvador,Plantains and cooking bananas,2024,10107
El Salvador,Potatoes,2022,3016
El Salvador,Potatoes,2023,2606
El Salvador,Potatoes,2024,2360
El Salvador,"Pumpkins, squash and gourds",2022,2989
El Salvador,"Pumpkins, squash and gourds",2023,3008
El Salvador,"Pumpkins, squash and gourds",2024,2997
El Salvador,Raw milk of cattle,2022,209422
El Salvador,Raw milk of cattle,2023,207422
El Salvador,Raw milk of cattle,2024,208515
El Salvador,Rice,2022,5427
El Salvador,Rice,2023,4116
El Salvador,Rice,2024,4116
El Salvador,Sesame seed,2022,1038
El Salvador,Sesame seed,2023,855
El Salvador,Sesame seed,2024,1082
El Salvador,Sorghum,2022,32757
El Salvador,Sorghum,2023,30749
El Salvador,Sorghum,2024,30441
El Salvador,Soya beans,2022,4256
El Salvador,Soya beans,2023,4265
El Salvador,Soya beans,2024,4245
El Salvador,Sugar cane,2022,197349
El Salvador,Sugar cane,2023,193314
El Salvador,Sugar cane,2024,196292
El Salvador,Sweet potatoes,2022,592
El Salvador,Sweet potatoes,2023,590
El Salvador,Sweet potatoes,2024,591
El Salvador,"Tangerines, mandarins, clementines",2022,7652
El Salvador,"Tangerines, mandarins, clementines",2023,7769
El Salvador,"Tangerines, mandarins, clementines",2024,7008
El Salvador,Tomatoes,2022,12686
El Salvador,Tomatoes,2023,12155
El Salvador,Tomatoes,2024,11419
El Salvador,Unmanufactured tobacco,2022,10493
El Salvador,Unmanufactured tobacco,2023,10445
El Salvador,Unmanufactured tobacco,2024,10454
El Salvador,Watermelons,2022,11365
El Salvador,Watermelons,2023,13190
El Salvador,Watermelons,2024,13037
El Salvador,Yautia,2022,18991
El Salvador,Yautia,2023,19030
El Salvador,Yautia,2024,19069
Equatorial Guinea,Bananas,2022,16104
Equatorial Guinea,Bananas,2023,16054
Equatorial Guinea,Bananas,2024,16077
Equatorial Guinea,"Cassava, fresh",2022,23567
Equatorial Guinea,"Cassava, fresh",2023,23669
Equatorial Guinea,"Cassava, fresh",2024,23732
Equatorial Guinea,Cocoa beans,2022,3635
Equatorial Guinea,Cocoa beans,2023,1817
Equatorial Guinea,Cocoa beans,2024,2181
Equatorial Guinea,"Coconuts, in shell",2022,944
Equatorial Guinea,"Coconuts, in shell",2023,944
Equatorial Guinea,"Coconuts, in shell",2024,863
Equatorial Guinea,"Coffee, green",2022,6915
Equatorial Guinea,"Coffee, green",2023,6879
Equatorial Guinea,"Coffee, green",2024,6843
Equatorial Guinea,"Edible roots and tubers with high starch or inulin content, n.e.c., fresh",2022,17879
Equatorial Guinea,"Edible roots and tubers with high starch or inulin content, n.e.c., fresh",2023,17899
Equatorial Guinea,"Edible roots and tubers with high starch or inulin content, n.e.c., fresh",2024,17859
Equatorial Guinea,"Hen eggs in shell, fresh",2022,5506
Equatorial Guinea,"Hen eggs in shell, fresh",2023,5518
Equatorial Guinea,"Hen eggs in shell, fresh",2024,5441
Equatorial Guinea,"Meat of cattle with the bone, fresh or chilled (indigenous)",2022,633
Equatorial Guinea,"Meat of cattle with the bone, fresh or chilled (indigenous)",2023,563
Equatorial Guinea,"Meat of cattle with the bone, fresh or chilled (indigenous)",2024,635
Equatorial Guinea,"Meat of chickens, fresh or chilled (indigenous)",2022,15
Equatorial Guinea,"Meat of chickens, fresh or chilled (indigenous)",2023,4295
Equatorial Guinea,"Meat of chickens, fresh or chilled (indigenous)",2024,4189
Equatorial Guinea,"Meat of goat, fresh or chilled (indigenous)",2022,696
Equatorial Guinea,"Meat of goat, fresh or chilled (indigenous)",2023,702
Equatorial Guinea,"Meat of goat, fresh or chilled (indigenous)",2024,707
Equatorial Guinea,"Meat of pig with the bone, fresh or chilled (indigenous)",2022,795
Equatorial Guinea,"Meat of pig with the bone, fresh or chilled (indigenous)",2023,822
Equatorial Guinea,"Meat of pig with the bone, fresh or chilled (indigenous)",2024,833
Equatorial Guinea,"Meat of sheep, fresh or chilled (indigenous)",2022,1782
Equatorial Guinea,"Meat of sheep, fresh or chilled (indigenous)",2023,1792
Equatorial Guinea,"Meat of sheep, fresh or chilled (indigenous)",2024,1803
Equatorial Guinea,Oil palm fruit,2022,8511
Equatorial Guinea,Oil palm fruit,2023,8481
Equatorial Guinea,Oil palm fruit,2024,8447
Equatorial Guinea,Plantains and cooking bananas,2022,15849
Equatorial Guinea,Plantains and cooking bananas,2023,15877
Equatorial Guinea,Plantains and cooking bananas,2024,15833
Equatorial Guinea,Sweet potatoes,2022,36120
Equatorial Guinea,Sweet potatoes,2023,36152
Equatorial Guinea,Sweet potatoes,2024,36091
Eritrea,Barley,2022,76981
Eritrea,Barley,2023,76981
Eritrea,Barley,2024,76981
Eritrea,"Beans, dry",2022,238
Eritrea,"Beans, dry",2023,236
Eritrea,"Beans, dry",2024,237
Eritrea,"Broad beans and horse beans, dry",2022,539
Eritrea,"Broad beans and horse beans, dry",2023,542
Eritrea,"Broad beans and horse beans, dry",2024,540
Eritrea,Cereals n.e.c.,2022,53901
Eritrea,Cereals n.e.c.,2023,54045
Eritrea,Cereals n.e.c.,2024,53990
Eritrea,"Chick peas, dry",2022,8235
Eritrea,"Chick peas, dry",2023,8251
Eritrea,"Chick peas, dry",2024,8227
Eritrea,"Edible roots and tubers with high starch or inulin content, n.e.c., fresh",2022,95542
Eritrea,"Edible roots and tubers with high starch or inulin content, n.e.c., fresh",2023,94609
Eritrea,"Edible roots and tubers with high starch or inulin content, n.e.c., fresh",2024,93675
Eritrea,"Groundnuts, excluding shelled",2022,4407
Eritrea,"Groundnuts, excluding shelled",2023,4440
Eritrea,"Groundnuts, excluding shelled",2024,4474
Eritrea,"Hen eggs in shell, fresh",2022,20329
Eritrea,"Hen eggs in shell, fresh",2023,20086
Eritrea,"Hen eggs in shell, fresh",2024,19851
Eritrea,"Lentils, dry",2022,265
Eritrea,"Lentils, dry",2023,259
Eritrea,"Lentils, dry",2024,260
Eritrea,Linseed,2022,705
Eritrea,Linseed,2023,704
Eritrea,Linseed,2024,704
Eritrea,Maize (corn),2022,24335
Eritrea,Maize (corn),2023,24335
Eritrea,Maize (corn),2024,24335
Eritrea,"Meat of camels, fresh or chilled (indigenous)",2022,51271
Eritrea,"Meat of camels, fresh or chilled (indigenous)",2023,52510
Eritrea,"Meat of camels, fresh or chilled (indigenous)",2024,53765
Eritrea,"Meat of cattle with the bone, fresh or chilled (indigenous)",2022,327162
Eritrea,"Meat of cattle with the bone, fresh or chilled (indigenous)",2023,331773
Eritrea,"Meat of cattle with the bone, fresh or chilled (indigenous)",2024,336398
Eritrea,"Meat of chickens, fresh or chilled (indigenous)",2022,10568
Eritrea,"Meat of chickens, fresh or chilled (indigenous)",2023,11027
Eritrea,"Meat of chickens, fresh or chilled (indigenous)",2024,10523
Eritrea,"Meat of goat, fresh or chilled (indigenous)",2022,107017
Eritrea,"Meat of goat, fresh or chilled (indigenous)",2023,107529
Eritrea,"Meat of goat, fresh or chilled (indigenous)",2024,108040
Eritrea,"Meat of sheep, fresh or chilled (indigenous)",2022,120841
Eritrea,"Meat of sheep, fresh or chilled (indigenous)",2023,120865
Eritrea,"Meat of sheep, fresh or chilled (indigenous)",2024,120878
Eritrea,Millet,2022,51997
Eritrea,Millet,2023,51997
Eritrea,Millet,2024,51997
Eritrea,"Other fruits, n.e.c.",2022,4488
Eritrea,"Other fruits, n.e.c.",2023,4500
Eritrea,"Other fruits, n.e.c.",2024,4511
Eritrea,"Other oil seeds, n.e.c.",2022,4796
Eritrea,"Other oil seeds, n.e.c.",2023,4795
Eritrea,"Other oil seeds, n.e.c.",2024,4794
Eritrea,Other pulses n.e.c.,2022,39696
Eritrea,Other pulses n.e.c.,2023,39830
Eritrea,Other pulses n.e.c.,2024,39964
Eritrea,"Other stimulant, spice and aromatic crops, n.e.c.",2022,3349
Eritrea,"Other stimulant, spice and aromatic crops, n.e.c.",2023,3353
Eritrea,"Other stimulant, spice and aromatic crops, n.e.c.",2024,3340
Eritrea,"Other vegetables, fresh n.e.c.",2022,37494
Eritrea,"Other vegetables, fresh n.e.c.",2023,37648
Eritrea,"Other vegetables, fresh n.e.c.",2024,37777
Eritrea,"Peas, dry",2022,1114
Eritrea,"Peas, dry",2023,1121
Eritrea,"Peas, dry",2024,1126
Eritrea,Potatoes,2022,113
Eritrea,Potatoes,2023,115
Eritrea,Potatoes,2024,114
Eritrea,Raw milk of camel,2022,13053
Eritrea,Raw milk of camel,2023,12996
Eritrea,Raw milk of camel,2024,13088
Eritrea,Raw milk of cattle,2022,166376
Eritrea,Raw milk of cattle,2023,166376
Eritrea,Raw milk of cattle,2024,166376
Eritrea,Raw milk of goats,2022,13113
Eritrea,Raw milk of goats,2023,13160
Eritrea,Raw milk of goats,2024,13207
Eritrea,Raw milk of sheep,2022,8148
Eritrea,Raw milk of sheep,2023,8181
Eritrea,Raw milk of sheep,2024,8161
Eritrea,Sesame seed,2022,15765
Eritrea,Sesame seed,2023,15814
Eritrea,Sesame seed,2024,15858
Eritrea,"Shorn wool, greasy, including fleece-washed shorn wool",2022,36823
Eritrea,"Shorn wool, greasy, including fleece-washed shorn wool",2023,36507
Eritrea,"Shorn wool, greasy, including fleece-washed shorn wool",2024,36861
Eritrea,Sorghum,2022,176253
Eritrea,Sorghum,2023,176253
Eritrea,Sorghum,2024,176253
Eritrea,Vetches,2022,3013
Eritrea,Vetches,2023,3008
Eritrea,Vetches,2024,3004
Eritrea,Wheat,2022,28229
Eritrea,Wheat,2023,28229
Eritrea,Wheat,2024,28229
Ethiopia,"Anise, badian, coriander, cumin, caraway, fennel and juniper berries, raw",2022,4247
Ethiopia,"Anise, badian, coriander, cumin, caraway, fennel and juniper berries, raw",2023,4249
Ethiopia,"Anise, badian, coriander, cumin, caraway, fennel and juniper berries, raw",2024,4245
Ethiopia,Avocados,2022,44550
Ethiopia,Avocados,2023,49018
Ethiopia,Avocados,2024,46515
Ethiopia,Bananas,2022,298945
Ethiopia,Bananas,2023,246504
Ethiopia,Bananas,2024,262598
Ethiopia,Barley,2022,770945
Ethiopia,Barley,2023,860269
Ethiopia,Barley,2024,888772
Ethiopia,"Beans, dry",2022,373952
Ethiopia,"Beans, dry",2023,305486
Ethiopia,"Beans, dry",2024,296274
Ethiopia,"Broad beans and horse beans, dry",2022,476224
Ethiopia,"Broad beans and horse beans, dry",2023,502690
Ethiopia,"Broad beans and horse beans, dry",2024,502181
Ethiopia,"Broad beans and horse beans, green",2022,6832
Ethiopia,"Broad beans and horse beans, green",2023,6851
Ethiopia,"Broad beans and horse beans, green",2024,6822
Ethiopia,Cabbages,2022,238081
Ethiopia,Cabbages,2023,208456
Ethiopia,Cabbages,2024,211494
Ethiopia,Carrots and turnips,2022,6799
Ethiopia,Carrots and turnips,2023,4036
Ethiopia,Carrots and turnips,2024,4322
Ethiopia,Castor oil seeds,2022,21121
Ethiopia,Castor oil seeds,2023,21121
Ethiopia,Castor oil seeds,2024,21121
Ethiopia,Cereals n.e.c.,2022,1721267
Ethiopia,Cereals n.e.c.,2023,1806562
Ethiopia,Cereals n.e.c.,2024,1740277
Ethiopia,"Chick peas, dry",2022,209837
Ethiopia,"Chick peas, dry",2023,228235
Ethiopia,"Chick peas, dry",2024,223434
Ethiopia,"Chillies and peppers, dry (Capsicum spp., Pimenta spp.), raw",2022,126859
Ethiopia,"Chillies and peppers, dry (Capsicum spp., Pimenta spp.), raw",2023,163140
Ethiopia,"Chillies and peppers, dry (Capsicum spp., Pimenta spp.), raw",2024,163535
Ethiopia,"Chillies and peppers, green (Capsicum spp. and Pimenta spp.)",2022,279251
Ethiopia,"Chillies and peppers, green (Capsicum spp. and Pimenta spp.)",2023,292067
Ethiopia,"Chillies and peppers, green (Capsicum spp. and Pimenta spp.)",2024,283734
Ethiopia,"Coffee, green",2022,665063
Ethiopia,"Coffee, green",2023,681927
Ethiopia,"Coffee, green",2024,701793
Ethiopia,Cucumbers and gherkins,2022,695
Ethiopia,Cucumbers and gherkins,2023,692
Ethiopia,Cucumbers and gherkins,2024,693
Ethiopia,"Game meat, fresh, chilled or frozen",2022,55820
Ethiopia,"Game meat, fresh, chilled or frozen",2023,55374
Ethiopia,"Game meat, fresh, chilled or frozen",2024,55948
Ethiopia,"Ginger, raw",2022,4542
Ethiopia,"Ginger, raw",2023,4522
Ethiopia,"Ginger, raw",2024,4502
Ethiopia,Grapes,2022,1155
Ethiopia,Grapes,2023,1152
Ethiopia,Grapes,2024,1153
Ethiopia,Green garlic,2022,287218
Ethiopia,Green garlic,2023,278211
Ethiopia,Green garlic,2024,270718
Ethiopia,"Groundnuts, excluding shelled",2022,121468
Ethiopia,"Groundnuts, excluding shelled",2023,96653
Ethiopia,"Groundnuts, excluding shelled",2024,102536
Ethiopia,"Hen eggs in shell, fresh",2022,100793
Ethiopia,"Hen eggs in shell, fresh",2023,111637
Ethiopia,"Hen eggs in shell, fresh",2024,108824
Ethiopia,Hop cones,2022,41031
Ethiopia,Hop cones,2023,47962
Ethiopia,Hop cones,2024,45751
Ethiopia,Leeks and other alliaceous vegetables,2022,5177
Ethiopia,Leeks and other alliaceous vegetables,2023,5196
Ethiopia,Leeks and other alliaceous vegetables,2024,5215
Ethiopia,Lemons and limes,2022,912
Ethiopia,Lemons and limes,2023,1783
Ethiopia,Lemons and limes,2024,1536
Ethiopia,"Lentils, dry",2022,90220
Ethiopia,"Lentils, dry",2023,112215
Ethiopia,"Lentils, dry",2024,106010
Ethiopia,Lettuce and chicory,2022,3736
Ethiopia,Lettuce and chicory,2023,3817
Ethiopia,Lettuce and chicory,2024,4083
Ethiopia,Linseed,2022,37804
Ethiopia,Linseed,2023,67943
Ethiopia,Linseed,2024,68782
Ethiopia,Maize (corn),2022,2497833
Ethiopia,Maize (corn),2023,2425939
Ethiopia,Maize (corn),2024,2465721
Ethiopia,"Mangoes, guavas and mangosteens",2022,36512
Ethiopia,"Mangoes, guavas and mangosteens",2023,33074
Ethiopia,"Mangoes, guavas and mangosteens",2024,34979
Ethiopia,"Meat of camels, fresh or chilled (indigenous)",2022,109873
Ethiopia,"Meat of camels, fresh or chilled (indigenous)",2023,109561
Ethiopia,"Meat of camels, fresh or chilled (indigenous)",2024,108992
Ethiopia,"Meat of cattle with the bone, fresh or chilled (indigenous)",2022,1819826
Ethiopia,"Meat of cattle with the bone, fresh or chilled (indigenous)",2023,1878067
Ethiopia,"Meat of cattle with the bone, fresh or chilled (indigenous)",2024,1921228
Ethiopia,"Meat of chickens, fresh or chilled (indigenous)",2022,251384
Ethiopia,"Meat of chickens, fresh or chilled (indigenous)",2023,297322
Ethiopia,"Meat of chickens, fresh or chilled (indigenous)",2024,314157
Ethiopia,"Meat of goat, fresh or chilled (indigenous)",2022,466984
Ethiopia,"Meat of goat, fresh or chilled (indigenous)",2023,435793
Ethiopia,"Meat of goat, fresh or chilled (indigenous)",2024,548706
Ethiopia,"Meat of pig with the bone, fresh or chilled (indigenous)",2022,449
Ethiopia,"Meat of pig with the bone, fresh or chilled (indigenous)",2023,460
Ethiopia,"Meat of pig with the bone, fresh or chilled (indigenous)",2024,471
Ethiopia,"Meat of sheep, fresh or chilled (indigenous)",2022,466048
Ethiopia,"Meat of sheep, fresh or chilled (indigenous)",2023,456854
Ethiopia,"Meat of sheep, fresh or chilled (indigenous)",2024,504152
Ethiopia,Millet,2022,289281
Ethiopia,Millet,2023,336487
Ethiopia,Millet,2024,344134
Ethiopia,Mustard seed,2022,637
Ethiopia,Mustard seed,2023,640
Ethiopia,Mustard seed,2024,643
Ethiopia,Natural honey,2022,135723
Ethiopia,Natural honey,2023,186789
Ethiopia,Natural honey,2024,224212
Ethiopia,"Nutmeg, mace, cardamoms, raw",2022,102
Ethiopia,"Nutmeg, mace, cardamoms, raw",2023,101
Ethiopia,"Nutmeg, mace, cardamoms, raw",2024,101
Ethiopia,Oats,2022,25215
Ethiopia,Oats,2023,20298
Ethiopia,Oats,2024,20451
Ethiopia,"Onions and shallots, dry (excluding dehydrated)",2022,130826
Ethiopia,"Onions and shallots, dry (excluding dehydrated)",2023,128557
Ethiopia,"Onions and shallots, dry (excluding dehydrated)",2024,126454
Ethiopia,"Onions and shallots, green",2022,16054
Ethiopia,"Onions and shallots, green",2023,16173
Ethiopia,"Onions and shallots, green",2024,16094
Ethiopia,Oranges,2022,17331
Ethiopia,Oranges,2023,14856
Ethiopia,Oranges,2024,14901
Ethiopia,"Other beans, green",2022,6010
Ethiopia,"Other beans, green",2023,6034
Ethiopia,"Other beans, green",2024,6019
Ethiopia,"Other citrus fruit, n.e.c.",2022,476
Ethiopia,"Other citrus fruit, n.e.c.",2023,474
Ethiopia,"Other citrus fruit, n.e.c.",2024,474
Ethiopia,"Other fibre crops, raw, n.e.c.",2022,5388
Ethiopia,"Other fibre crops, raw, n.e.c.",2023,5404
Ethiopia,"Other fibre crops, raw, n.e.c.",2024,5420
Ethiopia,"Other fruits, n.e.c.",2022,34617
Ethiopia,"Other fruits, n.e.c.",2023,34669
Ethiopia,"Other fruits, n.e.c.",2024,34720
Ethiopia,"Other nuts (excluding wild edible nuts and groundnuts), in shell, n.e.c.",2022,26314
Ethiopia,"Other nuts (excluding wild edible nuts and groundnuts), in shell, n.e.c.",2023,26097
Ethiopia,"Other nuts (excluding wild edible nuts and groundnuts), in shell, n.e.c.",2024,26322
Ethiopia,"Other oil seeds, n.e.c.",2022,72841
Ethiopia,"Other oil seeds, n.e.c.",2023,95343
Ethiopia,"Other oil seeds, n.e.c.",2024,96899
Ethiopia,Other pulses n.e.c.,2022,53398
Ethiopia,Other pulses n.e.c.,2023,68879
Ethiopia,Other pulses n.e.c.,2024,63552
Ethiopia,"Other stimulant, spice and aromatic crops, n.e.c.",2022,149933
Ethiopia,"Other stimulant, spice and aromatic crops, n.e.c.",2023,178158
Ethiopia,"Other stimulant, spice and aromatic crops, n.e.c.",2024,180528
Ethiopia,"Other vegetables, fresh n.e.c.",2022,164694
Ethiopia,"Other vegetables, fresh n.e.c.",2023,164696
Ethiopia,"Other vegetables, fresh n.e.c.",2024,164699
Ethiopia,Papayas,2022,14744
Ethiopia,Papayas,2023,19739
Ethiopia,Papayas,2024,20101
Ethiopia,"Peas, dry",2022,225679
Ethiopia,"Peas, dry",2023,230804
Ethiopia,"Peas, dry",2024,224645
Ethiopia,"Peas, green",2022,1247
Ethiopia,"Peas, green",2023,1252
Ethiopia,"Peas, green",2024,1250
Ethiopia,"Pepper (Piper spp.), raw",2022,7350
Ethiopia,"Pepper (Piper spp.), raw",2023,7366
Ethiopia,"Pepper (Piper spp.), raw",2024,7336
Ethiopia,Pineapples,2022,553
Ethiopia,Pineapples,2023,611
Ethiopia,Pineapples,2024,645
Ethiopia,Potatoes,2022,707394
Ethiopia,Potatoes,2023,680638
Ethiopia,Potatoes,2024,690954
Ethiopia,Rape or colza seed,2022,11061
Ethiopia,Rape or colza seed,2023,11022
Ethiopia,Rape or colza seed,2024,12124
Ethiopia,Raw milk of camel,2022,132268
Ethiopia,Raw milk of camel,2023,139951
Ethiopia,Raw milk of camel,2024,137915
Ethiopia,Raw milk of cattle,2022,2377382
Ethiopia,Raw milk of cattle,2023,2116922
Ethiopia,Raw milk of cattle,2024,2117793
Ethiopia,Raw milk of goats,2022,32475
Ethiopia,Raw milk of goats,2023,31384
Ethiopia,Raw milk of goats,2024,35490
Ethiopia,Raw milk of sheep,2022,33809
Ethiopia,Raw milk of sheep,2023,33464
Ethiopia,Raw milk of sheep,2024,35283
Ethiopia,Rice,2022,125786
Ethiopia,Rice,2023,120727
Ethiopia,Rice,2024,122294
Ethiopia,Safflower seed,2022,1432
Ethiopia,Safflower seed,2023,1424
Ethiopia,Safflower seed,2024,1419
Ethiopia,"Seed cotton, unginned",2022,29648
Ethiopia,"Seed cotton, unginned",2023,30042
Ethiopia,"Seed cotton, unginned",2024,30804
Ethiopia,Sesame seed,2022,421099
Ethiopia,Sesame seed,2023,539103
Ethiopia,Sesame seed,2024,526213
Ethiopia,"Shorn wool, greasy, including fleece-washed shorn wool",2022,26154
Ethiopia,"Shorn wool, greasy, including fleece-washed shorn wool",2023,26038
Ethiopia,"Shorn wool, greasy, including fleece-washed shorn wool",2024,25922
Ethiopia,"Sisal, raw",2022,551
Ethiopia,"Sisal, raw",2023,550
Ethiopia,"Sisal, raw",2024,549
Ethiopia,Sorghum,2022,1110479
Ethiopia,Sorghum,2023,1148426
Ethiopia,Sorghum,2024,1174202
Ethiopia,Soya beans,2022,89490
Ethiopia,Soya beans,2023,88207
Ethiopia,Soya beans,2024,96226
Ethiopia,Sugar cane,2022,100833
Ethiopia,Sugar cane,2023,134102
Ethiopia,Sugar cane,2024,123338
Ethiopia,Sunflower seed,2022,2404
Ethiopia,Sunflower seed,2023,2965
Ethiopia,Sunflower seed,2024,3037
Ethiopia,Sweet potatoes,2022,157336
Ethiopia,Sweet potatoes,2023,174170
Ethiopia,Sweet potatoes,2024,155138
Ethiopia,"Tangerines, mandarins, clementines",2022,1635
Ethiopia,"Tangerines, mandarins, clementines",2023,1637
Ethiopia,"Tangerines, mandarins, clementines",2024,1639
Ethiopia,Tea leaves,2022,96863
Ethiopia,Tea leaves,2023,95398
Ethiopia,Tea leaves,2024,95643
Ethiopia,Tomatoes,2022,30253
Ethiopia,Tomatoes,2023,31472
Ethiopia,Tomatoes,2024,30612
Ethiopia,Unmanufactured tobacco,2022,1044
Ethiopia,Unmanufactured tobacco,2023,1049
Ethiopia,Unmanufactured tobacco,2024,1048
Ethiopia,Vetches,2022,126691
Ethiopia,Vetches,2023,126730
Ethiopia,Vetches,2024,124749
Ethiopia,Wheat,2022,2499639
Ethiopia,Wheat,2023,2443557
Ethiopia,Wheat,2024,2481153
Ethiopia,Yams,2022,3966
Ethiopia,Yams,2023,5139
Ethiopia,Yams,2024,4938
Fiji,Bananas,2022,8930
Fiji,Bananas,2023,10935
Fiji,Bananas,2024,11840
Fiji,Cabbages,2022,13604
Fiji,Cabbages,2023,20632
Fiji,Cabbages,2024,17579
Fiji,"Cassava, fresh",2022,48328
Fiji,"Cassava, fresh",2023,55061
Fiji,"Cassava, fresh",2024,61932
Fiji,"Chillies and peppers, green (Capsicum spp. and Pimenta spp.)",2022,5328
Fiji,"Chillies and peppers, green (Capsicum spp. and Pimenta spp.)",2023,5987
Fiji,"Chillies and peppers, green (Capsicum spp. and Pimenta spp.)",2024,12591
Fiji,Cocoa beans,2022,263
Fiji,Cocoa beans,2023,237
Fiji,Cocoa beans,2024,433
Fiji,"Coconuts, in shell",2022,7496
Fiji,"Coconuts, in shell",2023,8803
Fiji,"Coconuts, in shell",2024,10034
Fiji,Cucumbers and gherkins,2022,2571
Fiji,Cucumbers and gherkins,2023,2572
Fiji,Cucumbers and gherkins,2024,2577
Fiji,Eggplants (aubergines),2022,6738
Fiji,Eggplants (aubergines),2023,8178
Fiji,Eggplants (aubergines),2024,10321
Fiji,"Ginger, raw",2022,14857
Fiji,"Ginger, raw",2023,16407
Fiji,"Ginger, raw",2024,20313
Fiji,"Hen eggs in shell, fresh",2022,29076
Fiji,"Hen eggs in shell, fresh",2023,31893
Fiji,"Hen eggs in shell, fresh",2024,32463
Fiji,Maize (corn),2022,846
Fiji,Maize (corn),2023,1006
Fiji,Maize (corn),2024,1215
Fiji,"Mangoes, guavas and mangosteens",2022,1211
Fiji,"Mangoes, guavas and mangosteens",2023,1376
Fiji,"Mangoes, guavas and mangosteens",2024,3212
Fiji,"Meat of cattle with the bone, fresh or chilled (indigenous)",2022,8074
Fiji,"Meat of cattle with the bone, fresh or chilled (indigenous)",2023,9969
Fiji,"Meat of cattle with the bone, fresh or chilled (indigenous)",2024,9064
Fiji,"Meat of chickens, fresh or chilled (indigenous)",2022,135235
Fiji,"Meat of chickens, fresh or chilled (indigenous)",2023,132718
Fiji,"Meat of chickens, fresh or chilled (indigenous)",2024,145650
Fiji,"Meat of goat, fresh or chilled (indigenous)",2022,2502
Fiji,"Meat of goat, fresh or chilled (indigenous)",2023,1850
Fiji,"Meat of goat, fresh or chilled (indigenous)",2024,1912
Fiji,"Meat of pig with the bone, fresh or chilled (indigenous)",2022,4730
Fiji,"Meat of pig with the bone, fresh or chilled (indigenous)",2023,3616
Fiji,"Meat of pig with the bone, fresh or chilled (indigenous)",2024,11347
Fiji,"Meat of sheep, fresh or chilled (indigenous)",2022,1002
Fiji,"Meat of sheep, fresh or chilled (indigenous)",2023,2768
Fiji,"Meat of sheep, fresh or chilled (indigenous)",2024,3119
Fiji,"Meat of turkeys, fresh or chilled (indigenous)",2022,1260
Fiji,"Meat of turkeys, fresh or chilled (indigenous)",2023,1272
Fiji,"Meat of turkeys, fresh or chilled (indigenous)",2024,1284
Fiji,Natural honey,2022,1883
Fiji,Natural honey,2023,2421
Fiji,Natural honey,2024,1868
Fiji,Okra,2022,14759
Fiji,Okra,2023,13656
Fiji,Okra,2024,17705
Fiji,Oranges,2022,6664
Fiji,Oranges,2023,7068
Fiji,Oranges,2024,12291
Fiji,Other pulses n.e.c.,2022,1421
Fiji,Other pulses n.e.c.,2023,1097
Fiji,Other pulses n.e.c.,2024,1148
Fiji,"Other vegetables, fresh n.e.c.",2022,85483
Fiji,"Other vegetables, fresh n.e.c.",2023,111738
Fiji,"Other vegetables, fresh n.e.c.",2024,114687
Fiji,Papayas,2022,4298
Fiji,Papayas,2023,5719
Fiji,Papayas,2024,5740
Fiji,Pineapples,2022,5720
Fiji,Pineapples,2023,6647
Fiji,Pineapples,2024,9179
Fiji,"Pumpkins, squash and gourds",2022,2081
Fiji,"Pumpkins, squash and gourds",2023,2084
Fiji,"Pumpkins, squash and gourds",2024,2082
Fiji,Raw milk of cattle,2022,5478
Fiji,Raw milk of cattle,2023,5018
Fiji,Raw milk of cattle,2024,4788
Fiji,Rice,2022,8212
Fiji,Rice,2023,4406
Fiji,Rice,2024,5286
Fiji,Sugar cane,2022,53699
Fiji,Sugar cane,2023,51293
Fiji,Sugar cane,2024,43640
Fiji,Sweet potatoes,2022,4520
Fiji,Sweet potatoes,2023,5278
Fiji,Sweet potatoes,2024,5342
Fiji,Taro,2022,60864
Fiji,Taro,2023,62241
Fiji,Taro,2024,63232
Fiji,Tomatoes,2022,4240
Fiji,Tomatoes,2023,5713
Fiji,Tomatoes,2024,5732
Fiji,Watermelons,2022,5423
Fiji,Watermelons,2023,7115
Fiji,Watermelons,2024,7254
Fiji,Yams,2022,2966
Fiji,Yams,2023,3502
Fiji,Yams,2024,3574
Gambia,"Cassava, fresh",2022,7400
Gambia,"Cassava, fresh",2023,7375
Gambia,"Cassava, fresh",2024,7386
Gambia,"Game meat, fresh, chilled or frozen",2022,2581
Gambia,"Game meat, fresh, chilled or frozen",2023,2635
Gambia,"Game meat, fresh, chilled or frozen",2024,2708
Gambia,"Groundnuts, excluding shelled",2022,23527
Gambia,"Groundnuts, excluding shelled",2023,24821
Gambia,"Groundnuts, excluding shelled",2024,22155
Gambia,"Hen eggs in shell, fresh",2022,2633
Gambia,"Hen eggs in shell, fresh",2023,2784
Gambia,"Hen eggs in shell, fresh",2024,2964
Gambia,Maize (corn),2022,7553
Gambia,Maize (corn),2023,8210
Gambia,Maize (corn),2024,9989
Gambia,"Mangoes, guavas and mangosteens",2022,838
Gambia,"Mangoes, guavas and mangosteens",2023,843
Gambia,"Mangoes, guavas and mangosteens",2024,841
Gambia,"Meat of cattle with the bone, fresh or chilled (indigenous)",2022,10714
Gambia,"Meat of cattle with the bone, fresh or chilled (indigenous)",2023,11516
Gambia,"Meat of cattle with the bone, fresh or chilled (indigenous)",2024,11696
Gambia,"Meat of chickens, fresh or chilled (indigenous)",2022,3271
Gambia,"Meat of chickens, fresh or chilled (indigenous)",2023,3612
Gambia,"Meat of chickens, fresh or chilled (indigenous)",2024,4045
Gambia,"Meat of goat, fresh or chilled (indigenous)",2022,4833
Gambia,"Meat of goat, fresh or chilled (indigenous)",2023,3979
Gambia,"Meat of goat, fresh or chilled (indigenous)",2024,4155
Gambia,"Meat of pig with the bone, fresh or chilled (indigenous)",2022,1829
Gambia,"Meat of pig with the bone, fresh or chilled (indigenous)",2023,2838
Gambia,"Meat of pig with the bone, fresh or chilled (indigenous)",2024,3186
Gambia,"Meat of sheep, fresh or chilled (indigenous)",2022,2946
Gambia,"Meat of sheep, fresh or chilled (indigenous)",2023,3129
Gambia,"Meat of sheep, fresh or chilled (indigenous)",2024,3238
Gambia,Millet,2022,14232
Gambia,Millet,2023,13916
Gambia,Millet,2024,15338
Gambia,Oil palm fruit,2022,1582
Gambia,Oil palm fruit,2023,1582
Gambia,Oil palm fruit,2024,1582
Gambia,"Other fruits, n.e.c.",2022,695
Gambia,"Other fruits, n.e.c.",2023,699
Gambia,"Other fruits, n.e.c.",2024,697
Gambia,"Other vegetables, fresh n.e.c.",2022,2319
Gambia,"Other vegetables, fresh n.e.c.",2023,2323
Gambia,"Other vegetables, fresh n.e.c.",2024,2316
Gambia,Raw milk of cattle,2022,32075
Gambia,Raw milk of cattle,2023,33751
Gambia,Raw milk of cattle,2024,34356
Gambia,Rice,2022,20366
Gambia,Rice,2023,21651
Gambia,Rice,2024,23997
Gambia,"Seed cotton, unginned",2022,606
Gambia,"Seed cotton, unginned",2023,608
Gambia,"Seed cotton, unginned",2024,607
Gambia,Sesame seed,2022,1613
Gambia,Sesame seed,2023,1335
Gambia,Sesame seed,2024,1760
Gambia,Sorghum,2022,2006
Gambia,Sorghum,2023,1840
Gambia,Sorghum,2024,2095
Georgia,"Almonds, in shell",2022,3518
Georgia,"Almonds, in shell",2023,3550
Georgia,"Almonds, in shell",2024,3541
Georgia,Apples,2022,21385
Georgia,Apples,2023,14052
Georgia,Apples,2024,21301
Georgia,Apricots,2022,2537
Georgia,Apricots,2023,1757
Georgia,Apricots,2024,3318
Georgia,Barley,2022,13533
Georgia,Barley,2023,12176
Georgia,Barley,2024,11140
Georgia,"Beans, dry",2022,4167
Georgia,"Beans, dry",2023,5316
Georgia,"Beans, dry",2024,6034
Georgia,Buckwheat,2022,131
Georgia,Buckwheat,2023,131
Georgia,Buckwheat,2024,131
Georgia,Cabbages,2022,2406
Georgia,Cabbages,2023,1829
Georgia,Cabbages,2024,1873
Georgia,Carrots and turnips,2022,401
Georgia,Carrots and turnips,2023,258
Georgia,Carrots and turnips,2024,372
Georgia,Cherries,2022,4748
Georgia,Cherries,2023,3879
Georgia,Cherries,2024,4147
Georgia,Cucumbers and gherkins,2022,10539
Georgia,Cucumbers and gherkins,2023,10255
Georgia,Cucumbers and gherkins,2024,9566
Georgia,"Eggs from other birds in shell, fresh, n.e.c.",2022,441
Georgia,"Eggs from other birds in shell, fresh, n.e.c.",2023,441
Georgia,"Eggs from other birds in shell, fresh, n.e.c.",2024,441
Georgia,Grapes,2022,137962
Georgia,Grapes,2023,105981
Georgia,Grapes,2024,154001
Georgia,"Groundnuts, excluding shelled",2022,372
Georgia,"Groundnuts, excluding shelled",2023,375
Georgia,"Groundnuts, excluding shelled",2024,369
Georgia,"Hazelnuts, in shell",2022,89617
Georgia,"Hazelnuts, in shell",2023,99008
Georgia,"Hazelnuts, in shell",2024,116985
Georgia,"Hen eggs in shell, fresh",2022,68059
Georgia,"Hen eggs in shell, fresh",2023,67903
Georgia,"Hen eggs in shell, fresh",2024,69974
Georgia,"Horse meat, fresh or chilled (indigenous)",2022,596
Georgia,"Horse meat, fresh or chilled (indigenous)",2023,704
Georgia,"Horse meat, fresh or chilled (indigenous)",2024,869
Georgia,Maize (corn),2022,38475
Georgia,Maize (corn),2023,48037
Georgia,Maize (corn),2024,53221
Georgia,"Meat of cattle with the bone, fresh or chilled (indigenous)",2022,107987
Georgia,"Meat of cattle with the bone, fresh or chilled (indigenous)",2023,102996
Georgia,"Meat of cattle with the bone, fresh or chilled (indigenous)",2024,121146
Georgia,"Meat of chickens, fresh or chilled (indigenous)",2022,46701
Georgia,"Meat of chickens, fresh or chilled (indigenous)",2023,47249
Georgia,"Meat of chickens, fresh or chilled (indigenous)",2024,50502
Georgia,"Meat of pig with the bone, fresh or chilled (indigenous)",2022,29103
Georgia,"Meat of pig with the bone, fresh or chilled (indigenous)",2023,19683
Georgia,"Meat of pig with the bone, fresh or chilled (indigenous)",2024,27200
Georgia,"Meat of rabbits and hares, fresh or chilled (indigenous)",2022,838
Georgia,"Meat of rabbits and hares, fresh or chilled (indigenous)",2023,823
Georgia,"Meat of rabbits and hares, fresh or chilled (indigenous)",2024,804
Georgia,"Meat of sheep, fresh or chilled (indigenous)",2022,25534
Georgia,"Meat of sheep, fresh or chilled (indigenous)",2023,24552
Georgia,"Meat of sheep, fresh or chilled (indigenous)",2024,21606
Georgia,Natural honey,2022,11952
Georgia,Natural honey,2023,12550
Georgia,Natural honey,2024,11354
Georgia,Oats,2022,716
Georgia,Oats,2023,609
Georgia,Oats,2024,823
Georgia,"Onions and shallots, dry (excluding dehydrated)",2022,1536
Georgia,"Onions and shallots, dry (excluding dehydrated)",2023,1954
Georgia,"Onions and shallots, dry (excluding dehydrated)",2024,2401
Georgia,Oranges,2022,1213
Georgia,Oranges,2023,2526
Georgia,Oranges,2024,2729
Georgia,Other berries and fruits of the genus vaccinium n.e.c.,2022,3941
Georgia,Other berries and fruits of the genus vaccinium n.e.c.,2023,5583
Georgia,Other berries and fruits of the genus vaccinium n.e.c.,2024,6896
Georgia,"Other fruits, n.e.c.",2022,12625
Georgia,"Other fruits, n.e.c.",2023,13401
Georgia,"Other fruits, n.e.c.",2024,12555
Georgia,"Other nuts (excluding wild edible nuts and groundnuts), in shell, n.e.c.",2022,1892
Georgia,"Other nuts (excluding wild edible nuts and groundnuts), in shell, n.e.c.",2023,1898
Georgia,"Other nuts (excluding wild edible nuts and groundnuts), in shell, n.e.c.",2024,1903
Georgia,"Other stimulant, spice and aromatic crops, n.e.c.",2022,40754
Georgia,"Other stimulant, spice and aromatic crops, n.e.c.",2023,46576
Georgia,"Other stimulant, spice and aromatic crops, n.e.c.",2024,42023
Georgia,Other stone fruits,2022,844
Georgia,Other stone fruits,2023,703
Georgia,Other stone fruits,2024,703
Georgia,"Other vegetables, fresh n.e.c.",2022,8765
Georgia,"Other vegetables, fresh n.e.c.",2023,9840
Georgia,"Other vegetables, fresh n.e.c.",2024,9331
Georgia,Peaches and nectarines,2022,9737
Georgia,Peaches and nectarines,2023,9087
Georgia,Peaches and nectarines,2024,11869
Georgia,Pears,2022,5260
Georgia,Pears,2023,4800
Georgia,Pears,2024,5873
Georgia,"Peas, dry",2022,76
Georgia,"Peas, dry",2023,75
Georgia,"Peas, dry",2024,75
Georgia,Plums and sloes,2022,11031
Georgia,Plums and sloes,2023,9619
Georgia,Plums and sloes,2024,10535
Georgia,Potatoes,2022,60385
Georgia,Potatoes,2023,59899
Georgia,Potatoes,2024,67246
Georgia,Quinces,2022,1181
Georgia,Quinces,2023,545
Georgia,Quinces,2024,727
Georgia,Raw milk of cattle,2022,227085
Georgia,Raw milk of cattle,2023,235400
Georgia,Raw milk of cattle,2024,231720
Georgia,Raw milk of goats,2022,2587
Georgia,Raw milk of goats,2023,2391
Georgia,Raw milk of goats,2024,2157
Georgia,Raw milk of sheep,2022,3417
Georgia,Raw milk of sheep,2023,3150
Georgia,Raw milk of sheep,2024,2843
Georgia,Rye,2022,102
Georgia,Rye,2023,102
Georgia,Rye,2024,102
Georgia,"Shorn wool, greasy, including fleece-washed shorn wool",2022,12673
Georgia,"Shorn wool, greasy, including fleece-washed shorn wool",2023,12070
Georgia,"Shorn wool, greasy, including fleece-washed shorn wool",2024,10863
Georgia,Soya beans,2022,1367
Georgia,Soya beans,2023,1367
Georgia,Soya beans,2024,911
Georgia,Strawberries,2022,1873
Georgia,Strawberries,2023,1729
Georgia,Strawberries,2024,3601
Georgia,Sunflower seed,2022,1635
Georgia,Sunflower seed,2023,1518
Georgia,Sunflower seed,2024,759
Georgia,Tea leaves,2022,25529
Georgia,Tea leaves,2023,23487
Georgia,Tea leaves,2024,26550
Georgia,Tomatoes,2022,15281
Georgia,Tomatoes,2023,19059
Georgia,Tomatoes,2024,18063
Georgia,Unmanufactured tobacco,2022,344
Georgia,Unmanufactured tobacco,2023,344
Georgia,Unmanufactured tobacco,2024,344
Georgia,"Walnuts, in shell",2022,17801
Georgia,"Walnuts, in shell",2023,14565
Georgia,"Walnuts, in shell",2024,15172
Georgia,Watermelons,2022,8348
Georgia,Watermelons,2023,4858
Georgia,Watermelons,2024,4579
Georgia,Wheat,2022,34649
Georgia,Wheat,2023,32484
Georgia,Wheat,2024,32948
Ghana,Avocados,2022,723
Ghana,Avocados,2023,725
Ghana,Avocados,2024,726
Ghana,Bananas,2022,46752
Ghana,Bananas,2023,49165
Ghana,Bananas,2024,51079
Ghana,"Beans, dry",2022,128814
Ghana,"Beans, dry",2023,127856
Ghana,"Beans, dry",2024,126898
Ghana,"Cashew nuts, in shell",2022,41097
Ghana,"Cashew nuts, in shell",2023,41097
Ghana,"Cashew nuts, in shell",2024,44914
Ghana,"Cassava, fresh",2022,5279905
Ghana,"Cassava, fresh",2023,5484085
Ghana,"Cassava, fresh",2024,5756166
Ghana,"Chillies and peppers, dry (Capsicum spp., Pimenta spp.), raw",2022,55198
Ghana,"Chillies and peppers, dry (Capsicum spp., Pimenta spp.), raw",2023,55289
Ghana,"Chillies and peppers, dry (Capsicum spp., Pimenta spp.), raw",2024,55149
Ghana,"Chillies and peppers, green (Capsicum spp. and Pimenta spp.)",2022,143957
Ghana,"Chillies and peppers, green (Capsicum spp. and Pimenta spp.)",2023,144494
Ghana,"Chillies and peppers, green (Capsicum spp. and Pimenta spp.)",2024,143728
Ghana,Cocoa beans,2022,719098
Ghana,Cocoa beans,2023,687947
Ghana,Cocoa beans,2024,557766
Ghana,"Coconuts, in shell",2022,23911
Ghana,"Coconuts, in shell",2023,25159
Ghana,"Coconuts, in shell",2024,25774
Ghana,"Coffee, green",2022,433
Ghana,"Coffee, green",2023,433
Ghana,"Coffee, green",2024,433
Ghana,Cucumbers and gherkins,2022,71
Ghana,Cucumbers and gherkins,2023,71
Ghana,Cucumbers and gherkins,2024,71
Ghana,"Edible roots and tubers with high starch or inulin content, n.e.c., fresh",2022,25
Ghana,"Edible roots and tubers with high starch or inulin content, n.e.c., fresh",2023,25
Ghana,"Edible roots and tubers with high starch or inulin content, n.e.c., fresh",2024,25
Ghana,Eggplants (aubergines),2022,41459
Ghana,Eggplants (aubergines),2023,40907
Ghana,Eggplants (aubergines),2024,41294
Ghana,"Game meat, fresh, chilled or frozen",2022,92634
Ghana,"Game meat, fresh, chilled or frozen",2023,92967
Ghana,"Game meat, fresh, chilled or frozen",2024,93300
Ghana,"Ginger, raw",2022,119
Ghana,"Ginger, raw",2023,120
Ghana,"Ginger, raw",2024,119
Ghana,"Groundnuts, excluding shelled",2022,703371
Ghana,"Groundnuts, excluding shelled",2023,732151
Ghana,"Groundnuts, excluding shelled",2024,719488
Ghana,"Hen eggs in shell, fresh",2022,84674
Ghana,"Hen eggs in shell, fresh",2023,92655
Ghana,"Hen eggs in shell, fresh",2024,93501
Ghana,Karite nuts (sheanuts),2022,2071
Ghana,Karite nuts (sheanuts),2023,2081
Ghana,Karite nuts (sheanuts),2024,2090
Ghana,Kola nuts,2022,12292
Ghana,Kola nuts,2023,12247
Ghana,Kola nuts,2024,12284
Ghana,Lemons and limes,2022,1631
Ghana,Lemons and limes,2023,1640
Ghana,Lemons and limes,2024,1649
Ghana,Maize (corn),2022,1215367
Ghana,Maize (corn),2023,1336049
Ghana,Maize (corn),2024,1416309
Ghana,"Mangoes, guavas and mangosteens",2022,36545
Ghana,"Mangoes, guavas and mangosteens",2023,36778
Ghana,"Mangoes, guavas and mangosteens",2024,37017
Ghana,"Meat of cattle with the bone, fresh or chilled (indigenous)",2022,19781
Ghana,"Meat of cattle with the bone, fresh or chilled (indigenous)",2023,21180
Ghana,"Meat of cattle with the bone, fresh or chilled (indigenous)",2024,22659
Ghana,"Meat of chickens, fresh or chilled (indigenous)",2022,47614
Ghana,"Meat of chickens, fresh or chilled (indigenous)",2023,55903
Ghana,"Meat of chickens, fresh or chilled (indigenous)",2024,57978
Ghana,"Meat of goat, fresh or chilled (indigenous)",2022,21610
Ghana,"Meat of goat, fresh or chilled (indigenous)",2023,23023
Ghana,"Meat of goat, fresh or chilled (indigenous)",2024,23733
Ghana,"Meat of pig with the bone, fresh or chilled (indigenous)",2022,22439
Ghana,"Meat of pig with the bone, fresh or chilled (indigenous)",2023,25159
Ghana,"Meat of pig with the bone, fresh or chilled (indigenous)",2024,26025
Ghana,"Meat of sheep, fresh or chilled (indigenous)",2022,13584
Ghana,"Meat of sheep, fresh or chilled (indigenous)",2023,13593
Ghana,"Meat of sheep, fresh or chilled (indigenous)",2024,13804
Ghana,Millet,2022,97567
Ghana,Millet,2023,121270
Ghana,Millet,2024,104372
Ghana,Natural rubber in primary forms,2022,122482
Ghana,Natural rubber in primary forms,2023,132322
Ghana,Natural rubber in primary forms,2024,142896
Ghana,Oats,2022,4
Ghana,Oats,2023,4
Ghana,Oats,2024,4
Ghana,Oil palm fruit,2022,542091
Ghana,Oil palm fruit,2023,579477
Ghana,Oil palm fruit,2024,600113
Ghana,Okra,2022,56857
Ghana,Okra,2023,56948
Ghana,Okra,2024,57034
Ghana,"Onions and shallots, dry (excluding dehydrated)",2022,139853
Ghana,"Onions and shallots, dry (excluding dehydrated)",2023,140001
Ghana,"Onions and shallots, dry (excluding dehydrated)",2024,139758
Ghana,Oranges,2022,145799
Ghana,Oranges,2023,146151
Ghana,Oranges,2024,145676
Ghana,"Other beans, green",2022,20880
Ghana,"Other beans, green",2023,20930
Ghana,"Other beans, green",2024,20851
Ghana,"Other fruits, n.e.c.",2022,3273
Ghana,"Other fruits, n.e.c.",2023,3278
Ghana,"Other fruits, n.e.c.",2024,3282
Ghana,"Other nuts (excluding wild edible nuts and groundnuts), in shell, n.e.c.",2022,707
Ghana,"Other nuts (excluding wild edible nuts and groundnuts), in shell, n.e.c.",2023,710
Ghana,"Other nuts (excluding wild edible nuts and groundnuts), in shell, n.e.c.",2024,712
Ghana,Other pulses n.e.c.,2022,7148
Ghana,Other pulses n.e.c.,2023,7179
Ghana,Other pulses n.e.c.,2024,7210
Ghana,"Other vegetables, fresh n.e.c.",2022,2304
Ghana,"Other vegetables, fresh n.e.c.",2023,2297
Ghana,"Other vegetables, fresh n.e.c.",2024,2290
Ghana,Papayas,2022,497
Ghana,Papayas,2023,498
Ghana,Papayas,2024,496
Ghana,"Pepper (Piper spp.), raw",2022,10570
Ghana,"Pepper (Piper spp.), raw",2023,10585
Ghana,"Pepper (Piper spp.), raw",2024,10563
Ghana,Pineapples,2022,208461
Ghana,Pineapples,2023,208620
Ghana,Pineapples,2024,208291
Ghana,Plantains and cooking bananas,2022,1355383
Ghana,Plantains and cooking bananas,2023,1362486
Ghana,Plantains and cooking bananas,2024,1365382
Ghana,Raw milk of cattle,2022,4485
Ghana,Raw milk of cattle,2023,4573
Ghana,Raw milk of cattle,2024,4665
Ghana,Rice,2022,306859
Ghana,Rice,2023,345127
Ghana,Rice,2024,411665
Ghana,"Seed cotton, unginned",2022,934
Ghana,"Seed cotton, unginned",2023,918
Ghana,"Seed cotton, unginned",2024,931
Ghana,Sorghum,2022,158747
Ghana,Sorghum,2023,163294
Ghana,Sorghum,2024,189390
Ghana,Sugar cane,2022,1646
Ghana,Sugar cane,2023,1652
Ghana,Sugar cane,2024,1658
Ghana,Sweet potatoes,2022,60411
Ghana,Sweet potatoes,2023,60489
Ghana,Sweet potatoes,2024,60413
Ghana,Taro,2022,892321
Ghana,Taro,2023,899767
Ghana,Taro,2024,927122
Ghana,Tomatoes,2022,532343
Ghana,Tomatoes,2023,533473
Ghana,Tomatoes,2024,531930
Ghana,Unmanufactured tobacco,2022,1510
Ghana,Unmanufactured tobacco,2023,1520
Ghana,Unmanufactured tobacco,2024,1529
Ghana,Yams,2022,4591747
Ghana,Yams,2023,4526721
Ghana,Yams,2024,4338674
Grenada,Apples,2022,1009
Grenada,Apples,2023,1008
Grenada,Apples,2024,458
Grenada,Avocados,2022,2293
Grenada,Avocados,2023,2293
Grenada,Avocados,2024,1042
Grenada,Bananas,2022,2441
Grenada,Bananas,2023,2061
Grenada,Bananas,2024,1434
Grenada,"Beans, dry",2022,271
Grenada,"Beans, dry",2023,273
Grenada,"Beans, dry",2024,124
Grenada,Cabbages,2022,1041
Grenada,Cabbages,2023,1093
Grenada,Cabbages,2024,562
Grenada,Cantaloupes and other melons,2022,948
Grenada,Cantaloupes and other melons,2023,996
Grenada,Cantaloupes and other melons,2024,487
Grenada,Carrots and turnips,2022,150
Grenada,Carrots and turnips,2023,150
Grenada,Carrots and turnips,2024,68
Grenada,"Cassava, fresh",2022,3
Grenada,"Cassava, fresh",2023,2
Grenada,"Cassava, fresh",2024,0
Grenada,Cauliflowers and broccoli,2022,458
Grenada,Cauliflowers and broccoli,2023,481
Grenada,Cauliflowers and broccoli,2024,137
Grenada,Cocoa beans,2022,1060
Grenada,Cocoa beans,2023,891
Grenada,Cocoa beans,2024,497
Grenada,"Coconuts, in shell",2022,13201
Grenada,"Coconuts, in shell",2023,13201
Grenada,"Coconuts, in shell",2024,5999
Grenada,Cucumbers and gherkins,2022,563
Grenada,Cucumbers and gherkins,2023,591
Grenada,Cucumbers and gherkins,2024,406
Grenada,"Ginger, raw",2022,402
Grenada,"Ginger, raw",2023,422
Grenada,"Ginger, raw",2024,167
Grenada,"Hen eggs in shell, fresh",2022,17219
Grenada,"Hen eggs in shell, fresh",2023,17219
Grenada,"Hen eggs in shell, fresh",2024,17219
Grenada,Lemons and limes,2022,124
Grenada,Lemons and limes,2023,125
Grenada,Lemons and limes,2024,57
Grenada,Lettuce and chicory,2022,1119
Grenada,Lettuce and chicory,2023,1175
Grenada,Lettuce and chicory,2024,38
Grenada,Maize (corn),2022,419
Grenada,Maize (corn),2023,421
Grenada,Maize (corn),2024,191
Grenada,"Mangoes, guavas and mangosteens",2022,832
Grenada,"Mangoes, guavas and mangosteens",2023,826
Grenada,"Mangoes, guavas and mangosteens",2024,375
Grenada,"Meat of cattle with the bone, fresh or chilled (indigenous)",2022,941
Grenada,"Meat of cattle with the bone, fresh or chilled (indigenous)",2023,502
Grenada,"Meat of cattle with the bone, fresh or chilled (indigenous)",2024,889
Grenada,"Meat of chickens, fresh or chilled (indigenous)",2022,3855
Grenada,"Meat of chickens, fresh or chilled (indigenous)",2023,4110
Grenada,"Meat of chickens, fresh or chilled (indigenous)",2024,3055
Grenada,"Meat of goat, fresh or chilled (indigenous)",2022,1742
Grenada,"Meat of goat, fresh or chilled (indigenous)",2023,1028
Grenada,"Meat of goat, fresh or chilled (indigenous)",2024,1179
Grenada,"Meat of pig with the bone, fresh or chilled (indigenous)",2022,4832
Grenada,"Meat of pig with the bone, fresh or chilled (indigenous)",2023,4665
Grenada,"Meat of pig with the bone, fresh or chilled (indigenous)",2024,3781
Grenada,"Meat of sheep, fresh or chilled (indigenous)",2022,1806
Grenada,"Meat of sheep, fresh or chilled (indigenous)",2023,1154
Grenada,"Meat of sheep, fresh or chilled (indigenous)",2024,1137
Grenada,"Nutmeg, mace, cardamoms, raw",2022,1783
Grenada,"Nutmeg, mace, cardamoms, raw",2023,2136
Grenada,"Nutmeg, mace, cardamoms, raw",2024,1313
Grenada,Oranges,2022,437
Grenada,Oranges,2023,436
Grenada,Oranges,2024,198
Grenada,"Other citrus fruit, n.e.c.",2022,773
Grenada,"Other citrus fruit, n.e.c.",2023,766
Grenada,"Other citrus fruit, n.e.c.",2024,348
Grenada,"Other stimulant, spice and aromatic crops, n.e.c.",2022,105
Grenada,"Other stimulant, spice and aromatic crops, n.e.c.",2023,105
Grenada,"Other stimulant, spice and aromatic crops, n.e.c.",2024,48
Grenada,"Other tropical fruits, n.e.c.",2022,1224
Grenada,"Other tropical fruits, n.e.c.",2023,1222
Grenada,"Other tropical fruits, n.e.c.",2024,555
Grenada,"Other vegetables, fresh n.e.c.",2022,6120
Grenada,"Other vegetables, fresh n.e.c.",2023,6136
Grenada,"Other vegetables, fresh n.e.c.",2024,2788
Grenada,"Pigeon peas, dry",2022,865
Grenada,"Pigeon peas, dry",2023,865
Grenada,"Pigeon peas, dry",2024,393
Grenada,Pineapples,2022,166
Grenada,Pineapples,2023,175
Grenada,Pineapples,2024,126
Grenada,Plantains and cooking bananas,2022,3053
Grenada,Plantains and cooking bananas,2023,2234
Grenada,Plantains and cooking bananas,2024,815
Grenada,Plums and sloes,2022,353
Grenada,Plums and sloes,2023,327
Grenada,Plums and sloes,2024,196
Grenada,Pomelos and grapefruits,2022,984
Grenada,Pomelos and grapefruits,2023,977
Grenada,Pomelos and grapefruits,2024,444
Grenada,"Pumpkins, squash and gourds",2022,414
Grenada,"Pumpkins, squash and gourds",2023,414
Grenada,"Pumpkins, squash and gourds",2024,188
Grenada,Sugar cane,2022,3840
Grenada,Sugar cane,2023,5301
Grenada,Sugar cane,2024,3204
Grenada,Sweet potatoes,2022,1264
Grenada,Sweet potatoes,2023,1327
Grenada,Sweet potatoes,2024,979
Grenada,Tomatoes,2022,1174
Grenada,Tomatoes,2023,1233
Grenada,Tomatoes,2024,491
Grenada,Watermelons,2022,1733
Grenada,Watermelons,2023,1820
Grenada,Watermelons,2024,1100
Grenada,Yams,2022,147
Grenada,Yams,2023,202
Grenada,Yams,2024,387
Guinea,Bananas,2022,24626
Guinea,Bananas,2023,24540
Guinea,Bananas,2024,24580
Guinea,Cantaloupes and other melons,2022,197
Guinea,Cantaloupes and other melons,2023,196
Guinea,Cantaloupes and other melons,2024,194
Guinea,"Cashew nuts, in shell",2022,86346
Guinea,"Cashew nuts, in shell",2023,90786
Guinea,"Cashew nuts, in shell",2024,65936
Guinea,"Cassava, fresh",2022,161869
Guinea,"Cassava, fresh",2023,163031
Guinea,"Cassava, fresh",2024,167431
Guinea,Cocoa beans,2022,3401
Guinea,Cocoa beans,2023,3327
Guinea,Cocoa beans,2024,3394
Guinea,"Coconuts, in shell",2022,331
Guinea,"Coconuts, in shell",2023,351
Guinea,"Coconuts, in shell",2024,350
Guinea,"Coffee, green",2022,158109
Guinea,"Coffee, green",2023,120858
Guinea,"Coffee, green",2024,105658
Guinea,Fonio,2022,70178
Guinea,Fonio,2023,70556
Guinea,Fonio,2024,69526
Guinea,"Game meat, fresh, chilled or frozen",2022,2008
Guinea,"Game meat, fresh, chilled or frozen",2023,2023
Guinea,"Game meat, fresh, chilled or frozen",2024,2038
Guinea,Green corn (maize),2022,6451
Guinea,Green corn (maize),2023,6465
Guinea,Green corn (maize),2024,6479
Guinea,"Groundnuts, excluding shelled",2022,145640
Guinea,"Groundnuts, excluding shelled",2023,142068
Guinea,"Groundnuts, excluding shelled",2024,142068
Guinea,"Hen eggs in shell, fresh",2022,101721
Guinea,"Hen eggs in shell, fresh",2023,104405
Guinea,"Hen eggs in shell, fresh",2024,107061
Guinea,Maize (corn),2022,108721
Guinea,Maize (corn),2023,131046
Guinea,Maize (corn),2024,125041
Guinea,"Mangoes, guavas and mangosteens",2022,9153
Guinea,"Mangoes, guavas and mangosteens",2023,9287
Guinea,"Mangoes, guavas and mangosteens",2024,9441
Guinea,"Meat of cattle with the bone, fresh or chilled (indigenous)",2022,243380
Guinea,"Meat of cattle with the bone, fresh or chilled (indigenous)",2023,295620
Guinea,"Meat of cattle with the bone, fresh or chilled (indigenous)",2024,253464
Guinea,"Meat of chickens, fresh or chilled (indigenous)",2022,36403
Guinea,"Meat of chickens, fresh or chilled (indigenous)",2023,34622
Guinea,"Meat of chickens, fresh or chilled (indigenous)",2024,33704
Guinea,"Meat of goat, fresh or chilled (indigenous)",2022,7010
Guinea,"Meat of goat, fresh or chilled (indigenous)",2023,7778
Guinea,"Meat of goat, fresh or chilled (indigenous)",2024,8685
Guinea,"Meat of pig with the bone, fresh or chilled (indigenous)",2022,8957
Guinea,"Meat of pig with the bone, fresh or chilled (indigenous)",2023,6605
Guinea,"Meat of pig with the bone, fresh or chilled (indigenous)",2024,7526
Guinea,"Meat of sheep, fresh or chilled (indigenous)",2022,6376
Guinea,"Meat of sheep, fresh or chilled (indigenous)",2023,6960
Guinea,"Meat of sheep, fresh or chilled (indigenous)",2024,7803
Guinea,Millet,2022,16601
Guinea,Millet,2023,16617
Guinea,Millet,2024,16617
Guinea,Natural honey,2022,1690
Guinea,Natural honey,2023,1713
Guinea,Natural honey,2024,1735
Guinea,Natural rubber in primary forms,2022,5238
Guinea,Natural rubber in primary forms,2023,5250
Guinea,Natural rubber in primary forms,2024,5261
Guinea,Oil palm fruit,2022,249955
Guinea,Oil palm fruit,2023,249961
Guinea,Oil palm fruit,2024,251622
Guinea,Oranges,2022,6882
Guinea,Oranges,2023,7270
Guinea,Oranges,2024,7683
Guinea,"Other citrus fruit, n.e.c.",2022,1990
Guinea,"Other citrus fruit, n.e.c.",2023,1847
Guinea,"Other citrus fruit, n.e.c.",2024,1797
Guinea,Other pulses n.e.c.,2022,942
Guinea,Other pulses n.e.c.,2023,943
Guinea,Other pulses n.e.c.,2024,943
Guinea,Pineapples,2022,6589
Guinea,Pineapples,2023,6554
Guinea,Pineapples,2024,4765
Guinea,Plantains and cooking bananas,2022,22864
Guinea,Plantains and cooking bananas,2023,24366
Guinea,Plantains and cooking bananas,2024,20765
Guinea,Potatoes,2022,92857
Guinea,Potatoes,2023,113753
Guinea,Potatoes,2024,123175
Guinea,Raw milk of cattle,2022,261016
Guinea,Raw milk of cattle,2023,263513
Guinea,Raw milk of cattle,2024,257907
Guinea,Rice,2022,679274
Guinea,Rice,2023,760298
Guinea,Rice,2024,791529
Guinea,"Seed cotton, unginned",2022,4608
Guinea,"Seed cotton, unginned",2023,4629
Guinea,"Seed cotton, unginned",2024,4650
Guinea,Sesame seed,2022,344
Guinea,Sesame seed,2023,370
Guinea,Sesame seed,2024,377
Guinea,Sorghum,2022,5641
Guinea,Sorghum,2023,5647
Guinea,Sorghum,2024,5647
Guinea,Sugar cane,2022,4187
Guinea,Sugar cane,2023,4214
Guinea,Sugar cane,2024,4192
Guinea,Sweet potatoes,2022,20491
Guinea,Sweet potatoes,2023,20073
Guinea,Sweet potatoes,2024,19411
Guinea,Taro,2022,8943
Guinea,Taro,2023,9217
Guinea,Taro,2024,8980
Guinea,Unmanufactured tobacco,2022,122
Guinea,Unmanufactured tobacco,2023,122
Guinea,Unmanufactured tobacco,2024,123
Guinea,Yams,2022,17708
Guinea,Yams,2023,19863
Guinea,Yams,2024,15813
Guinea-Bissau,Bananas,2022,14000
Guinea-Bissau,Bananas,2023,14018
Guinea-Bissau,Bananas,2024,13978
Guinea-Bissau,"Cassava, fresh",2022,58092
Guinea-Bissau,"Cassava, fresh",2023,61857
Guinea-Bissau,"Cassava, fresh",2024,60226
Guinea-Bissau,"Cow peas, dry",2022,1068
Guinea-Bissau,"Cow peas, dry",2023,1076
Guinea-Bissau,"Cow peas, dry",2024,1071
Guinea-Bissau,"Edible roots and tubers with high starch or inulin content, n.e.c., fresh",2022,761779
Guinea-Bissau,"Edible roots and tubers with high starch or inulin content, n.e.c., fresh",2023,764177
Guinea-Bissau,"Edible roots and tubers with high starch or inulin content, n.e.c., fresh",2024,766570
Guinea-Bissau,"Hen eggs in shell, fresh",2022,4864
Guinea-Bissau,"Hen eggs in shell, fresh",2023,4861
Guinea-Bissau,"Hen eggs in shell, fresh",2024,4890
Guinea-Bissau,Lemons and limes,2022,4177
Guinea-Bissau,Lemons and limes,2023,4191
Guinea-Bissau,Lemons and limes,2024,4205
Guinea-Bissau,Maize (corn),2022,23736
Guinea-Bissau,Maize (corn),2023,24520
Guinea-Bissau,Maize (corn),2024,17515
Guinea-Bissau,"Mangoes, guavas and mangosteens",2022,4356
Guinea-Bissau,"Mangoes, guavas and mangosteens",2023,4377
Guinea-Bissau,"Mangoes, guavas and mangosteens",2024,4398
Guinea-Bissau,"Meat of cattle with the bone, fresh or chilled (indigenous)",2022,43651
Guinea-Bissau,"Meat of cattle with the bone, fresh or chilled (indigenous)",2023,44338
Guinea-Bissau,"Meat of cattle with the bone, fresh or chilled (indigenous)",2024,45027
Guinea-Bissau,"Meat of chickens, fresh or chilled (indigenous)",2022,9811
Guinea-Bissau,"Meat of chickens, fresh or chilled (indigenous)",2023,9989
Guinea-Bissau,"Meat of chickens, fresh or chilled (indigenous)",2024,10119
Guinea-Bissau,"Meat of goat, fresh or chilled (indigenous)",2022,5291
Guinea-Bissau,"Meat of goat, fresh or chilled (indigenous)",2023,5100
Guinea-Bissau,"Meat of goat, fresh or chilled (indigenous)",2024,4906
Guinea-Bissau,"Meat of pig with the bone, fresh or chilled (indigenous)",2022,40058
Guinea-Bissau,"Meat of pig with the bone, fresh or chilled (indigenous)",2023,39482
Guinea-Bissau,"Meat of pig with the bone, fresh or chilled (indigenous)",2024,38910
Guinea-Bissau,Natural honey,2022,157
Guinea-Bissau,Natural honey,2023,160
Guinea-Bissau,Natural honey,2024,163
Guinea-Bissau,Oranges,2022,3348
Guinea-Bissau,Oranges,2023,3361
Guinea-Bissau,Oranges,2024,3367
Guinea-Bissau,Papayas,2022,3395
Guinea-Bissau,Papayas,2023,3377
Guinea-Bissau,Papayas,2024,3380
Guinea-Bissau,Pineapples,2022,1144
Guinea-Bissau,Pineapples,2023,1142
Guinea-Bissau,Pineapples,2024,1140
Guinea-Bissau,Raw milk of cattle,2022,28943
Guinea-Bissau,Raw milk of cattle,2023,28827
Guinea-Bissau,Raw milk of cattle,2024,29020
Guinea-Bissau,Rice,2022,169015
Guinea-Bissau,Rice,2023,170825
Guinea-Bissau,Rice,2024,184030
Guinea-Bissau,Sorghum,2022,33613
Guinea-Bissau,Sorghum,2023,35194
Guinea-Bissau,Sorghum,2024,36451
Guyana,Avocados,2022,5591
Guyana,Avocados,2023,6057
Guyana,Avocados,2024,6370
Guyana,Bananas,2022,10563
Guyana,Bananas,2023,10746
Guyana,Bananas,2024,11948
Guyana,Cabbages,2022,14802
Guyana,Cabbages,2023,15899
Guyana,Cabbages,2024,17958
Guyana,"Cassava, fresh",2022,22840
Guyana,"Cassava, fresh",2023,23216
Guyana,"Cassava, fresh",2024,26045
Guyana,Cherries,2022,3832
Guyana,Cherries,2023,3966
Guyana,Cherries,2024,4053
Guyana,"Chillies and peppers, green (Capsicum spp. and Pimenta spp.)",2022,22687
Guyana,"Chillies and peppers, green (Capsicum spp. and Pimenta spp.)",2023,24576
Guyana,"Chillies and peppers, green (Capsicum spp. and Pimenta spp.)",2024,30087
Guyana,"Coconuts, in shell",2022,6954
Guyana,"Coconuts, in shell",2023,10457
Guyana,"Coconuts, in shell",2024,12016
Guyana,Cucumbers and gherkins,2022,921
Guyana,Cucumbers and gherkins,2023,962
Guyana,Cucumbers and gherkins,2024,955
Guyana,"Edible roots and tubers with high starch or inulin content, n.e.c., fresh",2022,3541
Guyana,"Edible roots and tubers with high starch or inulin content, n.e.c., fresh",2023,3523
Guyana,"Edible roots and tubers with high starch or inulin content, n.e.c., fresh",2024,3529
Guyana,Eggplants (aubergines),2022,35610
Guyana,Eggplants (aubergines),2023,35556
Guyana,Eggplants (aubergines),2024,38044
Guyana,"Ginger, raw",2022,74268
Guyana,"Ginger, raw",2023,72084
Guyana,"Ginger, raw",2024,70052
Guyana,"Hen eggs in shell, fresh",2022,4940
Guyana,"Hen eggs in shell, fresh",2023,6032
Guyana,"Hen eggs in shell, fresh",2024,6491
Guyana,Lemons and limes,2022,4408
Guyana,Lemons and limes,2023,4645
Guyana,Lemons and limes,2024,4797
Guyana,"Mangoes, guavas and mangosteens",2022,5974
Guyana,"Mangoes, guavas and mangosteens",2023,5445
Guyana,"Mangoes, guavas and mangosteens",2024,10592
Guyana,Natural honey,2022,104
Guyana,Natural honey,2023,104
Guyana,Natural honey,2024,105
Guyana,Okra,2022,10918
Guyana,Okra,2023,11645
Guyana,Okra,2024,12103
Guyana,Oranges,2022,17304
Guyana,Oranges,2023,18861
Guyana,Oranges,2024,19867
Guyana,"Other beans, green",2022,9664
Guyana,"Other beans, green",2023,9702
Guyana,"Other beans, green",2024,9741
Guyana,Papayas,2022,66713
Guyana,Papayas,2023,68585
Guyana,Papayas,2024,79566
Guyana,Pineapples,2022,20225
Guyana,Pineapples,2023,21138
Guyana,Pineapples,2024,23309
Guyana,Plantains and cooking bananas,2022,47117
Guyana,Plantains and cooking bananas,2023,47929
Guyana,Plantains and cooking bananas,2024,53556
Guyana,"Pumpkins, squash and gourds",2022,18390
Guyana,"Pumpkins, squash and gourds",2023,19584
Guyana,"Pumpkins, squash and gourds",2024,24183
Guyana,Raw milk of cattle,2022,20668
Guyana,Raw milk of cattle,2023,28916
Guyana,Raw milk of cattle,2024,21329
Guyana,Sweet potatoes,2022,8706
Guyana,Sweet potatoes,2023,9149
Guyana,Sweet potatoes,2024,9452
Guyana,Taro,2022,3773
Guyana,Taro,2023,4049
Guyana,Taro,2024,4229
Guyana,Tomatoes,2022,36709
Guyana,Tomatoes,2023,37565
Guyana,Tomatoes,2024,39783
Guyana,Watermelons,2022,15177
Guyana,Watermelons,2023,14000
Guyana,Watermelons,2024,14387
Guyana,Yams,2022,1820
Guyana,Yams,2023,1859
Guyana,Yams,2024,2051
Honduras,Apples,2022,242
Honduras,Apples,2023,240
Honduras,Apples,2024,241
Honduras,Avocados,2022,1221
Honduras,Avocados,2023,1226
Honduras,Avocados,2024,1231
Honduras,Bananas,2022,187895
Honduras,Bananas,2023,188263
Honduras,Bananas,2024,183862
Honduras,"Beans, dry",2022,97027
Honduras,"Beans, dry",2023,114546
Honduras,"Beans, dry",2024,118376
Honduras,Cabbages,2022,16909
Honduras,Cabbages,2023,16831
Honduras,Cabbages,2024,16866
Honduras,Cantaloupes and other melons,2022,61183
Honduras,Cantaloupes and other melons,2023,61850
Honduras,Cantaloupes and other melons,2024,61849
Honduras,Carrots and turnips,2022,3290
Honduras,Carrots and turnips,2023,3297
Honduras,Carrots and turnips,2024,3287
Honduras,"Cashew nuts, in shell",2022,864
Honduras,"Cashew nuts, in shell",2023,858
Honduras,"Cashew nuts, in shell",2024,861
Honduras,"Cassava, fresh",2022,5319
Honduras,"Cassava, fresh",2023,5325
Honduras,"Cassava, fresh",2024,5319
Honduras,Cauliflowers and broccoli,2022,375
Honduras,Cauliflowers and broccoli,2023,376
Honduras,Cauliflowers and broccoli,2024,378
Honduras,"Chillies and peppers, green (Capsicum spp. and Pimenta spp.)",2022,20892
Honduras,"Chillies and peppers, green (Capsicum spp. and Pimenta spp.)",2023,20786
Honduras,"Chillies and peppers, green (Capsicum spp. and Pimenta spp.)",2024,20828
Honduras,Cocoa beans,2022,2612
Honduras,Cocoa beans,2023,2612
Honduras,Cocoa beans,2024,2612
Honduras,"Coconuts, in shell",2022,1926
Honduras,"Coconuts, in shell",2023,1934
Honduras,"Coconuts, in shell",2024,1930
Honduras,"Coffee, green",2022,743644
Honduras,"Coffee, green",2023,865853
Honduras,"Coffee, green",2024,729911
Honduras,Cucumbers and gherkins,2022,13024
Honduras,Cucumbers and gherkins,2023,12016
Honduras,Cucumbers and gherkins,2024,11507
Honduras,"Edible roots and tubers with high starch or inulin content, n.e.c., fresh",2022,4877
Honduras,"Edible roots and tubers with high starch or inulin content, n.e.c., fresh",2023,4893
Honduras,"Edible roots and tubers with high starch or inulin content, n.e.c., fresh",2024,4908
Honduras,Eggplants (aubergines),2022,9334
Honduras,Eggplants (aubergines),2023,9141
Honduras,Eggplants (aubergines),2024,9231
Honduras,Grapes,2022,275
Honduras,Grapes,2023,276
Honduras,Grapes,2024,278
Honduras,Green garlic,2022,455
Honduras,Green garlic,2023,447
Honduras,Green garlic,2024,452
Honduras,"Groundnuts, excluding shelled",2022,8
Honduras,"Groundnuts, excluding shelled",2023,8
Honduras,"Groundnuts, excluding shelled",2024,8
Honduras,"Hen eggs in shell, fresh",2022,124225
Honduras,"Hen eggs in shell, fresh",2023,124225
Honduras,"Hen eggs in shell, fresh",2024,124225
Honduras,"Horse meat, fresh or chilled (indigenous)",2022,601
Honduras,"Horse meat, fresh or chilled (indigenous)",2023,584
Honduras,"Horse meat, fresh or chilled (indigenous)",2024,601
Honduras,Lemons and limes,2022,8995
Honduras,Lemons and limes,2023,8827
Honduras,Lemons and limes,2024,8899
Honduras,Lettuce and chicory,2022,190
Honduras,Lettuce and chicory,2023,190
Honduras,Lettuce and chicory,2024,191
Honduras,Maize (corn),2022,214263
Honduras,Maize (corn),2023,227950
Honduras,Maize (corn),2024,228908
Honduras,"Mangoes, guavas and mangosteens",2022,194
Honduras,"Mangoes, guavas and mangosteens",2023,201
Honduras,"Mangoes, guavas and mangosteens",2024,199
Honduras,"Meat of cattle with the bone, fresh or chilled (indigenous)",2022,217863
Honduras,"Meat of cattle with the bone, fresh or chilled (indigenous)",2023,216752
Honduras,"Meat of cattle with the bone, fresh or chilled (indigenous)",2024,213118
Honduras,"Meat of chickens, fresh or chilled (indigenous)",2022,372824
Honduras,"Meat of chickens, fresh or chilled (indigenous)",2023,374248
Honduras,"Meat of chickens, fresh or chilled (indigenous)",2024,377843
Honduras,"Meat of goat, fresh or chilled (indigenous)",2022,245
Honduras,"Meat of goat, fresh or chilled (indigenous)",2023,245
Honduras,"Meat of goat, fresh or chilled (indigenous)",2024,245
Honduras,"Meat of pig with the bone, fresh or chilled (indigenous)",2022,18245
Honduras,"Meat of pig with the bone, fresh or chilled (indigenous)",2023,17270
Honduras,"Meat of pig with the bone, fresh or chilled (indigenous)",2024,16332
Honduras,"Meat of sheep, fresh or chilled (indigenous)",2022,164
Honduras,"Meat of sheep, fresh or chilled (indigenous)",2023,166
Honduras,"Meat of sheep, fresh or chilled (indigenous)",2024,167
Honduras,Natural honey,2022,167
Honduras,Natural honey,2023,155
Honduras,Natural honey,2024,143
Honduras,"Nutmeg, mace, cardamoms, raw",2022,2276
Honduras,"Nutmeg, mace, cardamoms, raw",2023,2309
Honduras,"Nutmeg, mace, cardamoms, raw",2024,2336
Honduras,Oil palm fruit,2022,336723
Honduras,Oil palm fruit,2023,315100
Honduras,Oil palm fruit,2024,302371
Honduras,"Onions and shallots, dry (excluding dehydrated)",2022,8043
Honduras,"Onions and shallots, dry (excluding dehydrated)",2023,8060
Honduras,"Onions and shallots, dry (excluding dehydrated)",2024,8025
Honduras,Oranges,2022,39167
Honduras,Oranges,2023,39195
Honduras,Oranges,2024,39223
Honduras,"Other citrus fruit, n.e.c.",2022,229
Honduras,"Other citrus fruit, n.e.c.",2023,231
Honduras,"Other citrus fruit, n.e.c.",2024,233
Honduras,"Other fruits, n.e.c.",2022,30421
Honduras,"Other fruits, n.e.c.",2023,30642
Honduras,"Other fruits, n.e.c.",2024,30531
Honduras,"Other vegetables, fresh n.e.c.",2022,16323
Honduras,"Other vegetables, fresh n.e.c.",2023,16500
Honduras,"Other vegetables, fresh n.e.c.",2024,16820
Honduras,Papayas,2022,169
Honduras,Papayas,2023,165
Honduras,Papayas,2024,153
Honduras,"Pepper (Piper spp.), raw",2022,5555
Honduras,"Pepper (Piper spp.), raw",2023,5490
Honduras,"Pepper (Piper spp.), raw",2024,5512
Honduras,Pineapples,2022,52618
Honduras,Pineapples,2023,52618
Honduras,Pineapples,2024,51810
Honduras,Plantains and cooking bananas,2022,25791
Honduras,Plantains and cooking bananas,2023,25922
Honduras,Plantains and cooking bananas,2024,25854
Honduras,Pomelos and grapefruits,2022,4732
Honduras,Pomelos and grapefruits,2023,4734
Honduras,Pomelos and grapefruits,2024,4736
Honduras,Potatoes,2022,10402
Honduras,Potatoes,2023,10419
Honduras,Potatoes,2024,10392
Honduras,"Pumpkins, squash and gourds",2022,5815
Honduras,"Pumpkins, squash and gourds",2023,5899
Honduras,"Pumpkins, squash and gourds",2024,5914
Honduras,Raw milk of cattle,2022,299116
Honduras,Raw milk of cattle,2023,300214
Honduras,Raw milk of cattle,2024,301314
Honduras,Rice,2022,22292
Honduras,Rice,2023,14864
Honduras,Rice,2024,10217
Honduras,"Seed cotton, unginned",2022,3593
Honduras,"Seed cotton, unginned",2023,3600
Honduras,"Seed cotton, unginned",2024,3614
Honduras,Sesame seed,2022,1054
Honduras,Sesame seed,2023,1062
Honduras,Sesame seed,2024,1067
Honduras,Sorghum,2022,4829
Honduras,Sorghum,2023,4829
Honduras,Sorghum,2024,4829
Honduras,Soya beans,2022,888
Honduras,Soya beans,2023,888
Honduras,Soya beans,2024,888
Honduras,Sugar cane,2022,99098
Honduras,Sugar cane,2023,96738
Honduras,Sugar cane,2024,103525
Honduras,Sweet potatoes,2022,4667
Honduras,Sweet potatoes,2023,5269
Honduras,Sweet potatoes,2024,5263
Honduras,Tomatoes,2022,49260
Honduras,Tomatoes,2023,46682
Honduras,Tomatoes,2024,44221
Honduras,Unmanufactured tobacco,2022,42649
Honduras,Unmanufactured tobacco,2023,42671
Honduras,Unmanufactured tobacco,2024,42693
Honduras,Watermelons,2022,14037
Honduras,Watermelons,2023,14057
Honduras,Watermelons,2024,14066
Honduras,Wheat,2022,132
Honduras,Wheat,2023,132
Honduras,Wheat,2024,133
Iceland,Barley,2022,2563
Iceland,Barley,2023,2212
Iceland,Barley,2024,1436
Iceland,Cabbages,2022,433
Iceland,Cabbages,2023,254
Iceland,Cabbages,2024,296
Iceland,Carrots and turnips,2022,4900
Iceland,Carrots and turnips,2023,5057
Iceland,Carrots and turnips,2024,3125
Iceland,Cauliflowers and broccoli,2022,236
Iceland,Cauliflowers and broccoli,2023,326
Iceland,Cauliflowers and broccoli,2024,233
Iceland,Cucumbers and gherkins,2022,4479
Iceland,Cucumbers and gherkins,2023,4501
Iceland,Cucumbers and gherkins,2024,4486
Iceland,"Hen eggs in shell, fresh",2022,14324
Iceland,"Hen eggs in shell, fresh",2023,18023
Iceland,"Hen eggs in shell, fresh",2024,18132
Iceland,"Horse meat, fresh or chilled (indigenous)",2022,1408
Iceland,"Horse meat, fresh or chilled (indigenous)",2023,1348
Iceland,"Horse meat, fresh or chilled (indigenous)",2024,1454
Iceland,"Meat of cattle with the bone, fresh or chilled (indigenous)",2022,23568
Iceland,"Meat of cattle with the bone, fresh or chilled (indigenous)",2023,23268
Iceland,"Meat of cattle with the bone, fresh or chilled (indigenous)",2024,23149
Iceland,"Meat of chickens, fresh or chilled (indigenous)",2022,36438
Iceland,"Meat of chickens, fresh or chilled (indigenous)",2023,37018
Iceland,"Meat of chickens, fresh or chilled (indigenous)",2024,39268
Iceland,"Meat of pig with the bone, fresh or chilled (indigenous)",2022,22574
Iceland,"Meat of pig with the bone, fresh or chilled (indigenous)",2023,22029
Iceland,"Meat of pig with the bone, fresh or chilled (indigenous)",2024,23946
Iceland,"Meat of sheep, fresh or chilled (indigenous)",2022,39162
Iceland,"Meat of sheep, fresh or chilled (indigenous)",2023,38004
Iceland,"Meat of sheep, fresh or chilled (indigenous)",2024,36028
Iceland,Mushrooms and truffles,2022,3109
Iceland,Mushrooms and truffles,2023,3198
Iceland,Mushrooms and truffles,2024,2951
Iceland,Potatoes,2022,6534
Iceland,Potatoes,2023,6623
Iceland,Potatoes,2024,5004
Iceland,Raw milk of cattle,2022,92293
Iceland,Raw milk of cattle,2023,94455
Iceland,Raw milk of cattle,2024,95766
Iceland,"Shorn wool, greasy, including fleece-washed shorn wool",2022,3720
Iceland,"Shorn wool, greasy, including fleece-washed shorn wool",2023,2675
Iceland,"Shorn wool, greasy, including fleece-washed shorn wool",2024,2725
Iceland,Tomatoes,2022,6058
Iceland,Tomatoes,2023,4976
Iceland,Tomatoes,2024,5648
India,"Anise, badian, coriander, cumin, caraway, fennel and juniper berries, raw",2022,1661069
India,"Anise, badian, coriander, cumin, caraway, fennel and juniper berries, raw",2023,2012109
India,"Anise, badian, coriander, cumin, caraway, fennel and juniper berries, raw",2024,2489333
India,Apples,2022,2573173
India,Apples,2023,2858419
India,Apples,2024,2609846
India,Apricots,2022,6357
India,Apricots,2023,6335
India,Apricots,2024,6345
India,Areca nuts,2022,3944619
India,Areca nuts,2023,3241406
India,Areca nuts,2024,3340770
India,Bananas,2022,9623489
India,Bananas,2023,10204889
India,Bananas,2024,10483706
India,Barley,2022,355318
India,Barley,2023,495636
India,Barley,2024,440270
India,"Beans, dry",2022,5066947
India,"Beans, dry",2023,4832676
India,"Beans, dry",2024,4727837
India,Cabbages,2022,2519999
India,Cabbages,2023,2577453
India,Cabbages,2024,2675612
India,Cantaloupes and other melons,2022,931671
India,Cantaloupes and other melons,2023,931671
India,Cantaloupes and other melons,2024,958252
India,Carrots and turnips,2022,337163
India,Carrots and turnips,2023,354148
India,Carrots and turnips,2024,409849
India,"Cashew nuts, in shell",2022,1007838
India,"Cashew nuts, in shell",2023,1048044
India,"Cashew nuts, in shell",2024,1065346
India,"Cassava, fresh",2022,611033
India,"Cassava, fresh",2023,583987
India,"Cassava, fresh",2024,617951
India,Castor oil seeds,2022,944401
India,Castor oil seeds,2023,934406
India,Castor oil seeds,2024,757313
India,Cauliflowers and broccoli,2022,4956294
India,Cauliflowers and broccoli,2023,4946968
India,Cauliflowers and broccoli,2024,5074609
India,Cherries,2022,13245
India,Cherries,2023,13250
India,Cherries,2024,13252
India,"Chick peas, dry",2022,9333299
India,"Chick peas, dry",2023,8453737
India,"Chick peas, dry",2024,7607119
India,"Chillies and peppers, dry (Capsicum spp., Pimenta spp.), raw",2022,2763362
India,"Chillies and peppers, dry (Capsicum spp., Pimenta spp.), raw",2023,4102281
India,"Chillies and peppers, dry (Capsicum spp., Pimenta spp.), raw",2024,4290797
India,"Chillies and peppers, green (Capsicum spp. and Pimenta spp.)",2022,1535474
India,"Chillies and peppers, green (Capsicum spp. and Pimenta spp.)",2023,1493016
India,"Chillies and peppers, green (Capsicum spp. and Pimenta spp.)",2024,1539300
India,Cocoa beans,2022,25896
India,Cocoa beans,2023,27746
India,Cocoa beans,2024,28104
India,"Coconuts, in shell",2022,1762266
India,"Coconuts, in shell",2023,1874219
India,"Coconuts, in shell",2024,1946283
India,"Coffee, green",2022,770587
India,"Coffee, green",2023,789195
India,"Coffee, green",2024,794667
India,Cucumbers and gherkins,2022,268789
India,Cucumbers and gherkins,2023,271566
India,Cucumbers and gherkins,2024,325257
India,Eggplants (aubergines),2022,1762562
India,Eggplants (aubergines),2023,1766290
India,Eggplants (aubergines),2024,1794785
India,Figs,2022,5868
India,Figs,2023,5875
India,Figs,2024,5865
India,"Ginger, raw",2022,2081111
India,"Ginger, raw",2023,1830014
India,"Ginger, raw",2024,1939765
India,Grapes,2022,2407396
India,Grapes,2023,2647357
India,Grapes,2024,2763648
India,Green garlic,2022,4533935
India,Green garlic,2023,4686573
India,Green garlic,2024,4577748
India,"Groundnuts, excluding shelled",2022,5665508
India,"Groundnuts, excluding shelled",2023,5738795
India,"Groundnuts, excluding shelled",2024,6594767
India,"Hen eggs in shell, fresh",2022,7719351
India,"Hen eggs in shell, fresh",2023,7964545
India,"Hen eggs in shell, fresh",2024,8217554
India,"Jute, raw or retted",2022,502166
India,"Jute, raw or retted",2023,516842
India,"Jute, raw or retted",2024,464129
India,"Kenaf, and other textile bast fibres, raw or retted",2022,66220
India,"Kenaf, and other textile bast fibres, raw or retted",2023,66158
India,"Kenaf, and other textile bast fibres, raw or retted",2024,66164
India,Lemons and limes,2022,2051972
India,Lemons and limes,2023,2057949
India,Lemons and limes,2024,2084429
India,"Lentils, dry",2022,624634
India,"Lentils, dry",2023,767303
India,"Lentils, dry",2024,881908
India,Lettuce and chicory,2022,434209
India,Lettuce and chicory,2023,435963
India,Lettuce and chicory,2024,437123
India,Linseed,2022,86948
India,Linseed,2023,114688
India,Linseed,2024,77507
India,Maize (corn),2022,7667731
India,Maize (corn),2023,8094820
India,Maize (corn),2024,8884033
India,"Mangoes, guavas and mangosteens",2022,19639832
India,"Mangoes, guavas and mangosteens",2023,19592784
India,"Mangoes, guavas and mangosteens",2024,20735568
India,"Meat of buffalo, fresh or chilled (indigenous)",2022,2571243
India,"Meat of buffalo, fresh or chilled (indigenous)",2023,2644456
India,"Meat of buffalo, fresh or chilled (indigenous)",2024,2700697
India,"Meat of chickens, fresh or chilled (indigenous)",2022,13086626
India,"Meat of chickens, fresh or chilled (indigenous)",2023,13677737
India,"Meat of chickens, fresh or chilled (indigenous)",2024,13743230
India,"Meat of ducks, fresh or chilled (indigenous)",2022,148724
India,"Meat of ducks, fresh or chilled (indigenous)",2023,148733
India,"Meat of ducks, fresh or chilled (indigenous)",2024,149263
India,"Meat of goat, fresh or chilled (indigenous)",2022,5593781
India,"Meat of goat, fresh or chilled (indigenous)",2023,6287533
India,"Meat of goat, fresh or chilled (indigenous)",2024,6817142
India,"Meat of pig with the bone, fresh or chilled (indigenous)",2022,296890
India,"Meat of pig with the bone, fresh or chilled (indigenous)",2023,301346
India,"Meat of pig with the bone, fresh or chilled (indigenous)",2024,293276
India,"Meat of sheep, fresh or chilled (indigenous)",2022,4789982
India,"Meat of sheep, fresh or chilled (indigenous)",2023,5326895
India,"Meat of sheep, fresh or chilled (indigenous)",2024,6029702
India,Millet,2022,2743691
India,Millet,2023,2840750
India,Millet,2024,2787028
India,Mushrooms and truffles,2022,397972
India,Mushrooms and truffles,2023,447719
India,Mushrooms and truffles,2024,493841
India,Natural honey,2022,326864
India,Natural honey,2023,381341
India,Natural honey,2024,530246
India,Natural rubber in primary forms,2022,1074692
India,Natural rubber in primary forms,2023,1082341
India,Natural rubber in primary forms,2024,1116762
India,"Nutmeg, mace, cardamoms, raw",2022,236781
India,"Nutmeg, mace, cardamoms, raw",2023,232476
India,"Nutmeg, mace, cardamoms, raw",2024,232609
India,Okra,2022,6544722
India,Okra,2023,6816109
India,Okra,2024,6956479
India,"Onions and shallots, dry (excluding dehydrated)",2022,6465553
India,"Onions and shallots, dry (excluding dehydrated)",2023,6163771
India,"Onions and shallots, dry (excluding dehydrated)",2024,4951485
India,Oranges,2022,2912883
India,Oranges,2023,2936814
India,Oranges,2024,2880603
India,"Other beans, green",2022,972005
India,"Other beans, green",2023,1009561
India,"Other beans, green",2024,1033215
India,"Other citrus fruit, n.e.c.",2022,382552
India,"Other citrus fruit, n.e.c.",2023,348798
India,"Other citrus fruit, n.e.c.",2024,386002
India,"Other fruits, n.e.c.",2022,3979237
India,"Other fruits, n.e.c.",2023,4016708
India,"Other fruits, n.e.c.",2024,4164293
India,"Other oil seeds, n.e.c.",2022,16169
India,"Other oil seeds, n.e.c.",2023,13791
India,"Other oil seeds, n.e.c.",2024,12840
India,"Other stimulant, spice and aromatic crops, n.e.c.",2022,1010706
India,"Other stimulant, spice and aromatic crops, n.e.c.",2023,1011937
India,"Other stimulant, spice and aromatic crops, n.e.c.",2024,1006712
India,Other stone fruits,2022,896
India,Other stone fruits,2023,902
India,Other stone fruits,2024,898
India,"Other tropical fruits, n.e.c.",2022,969185
India,"Other tropical fruits, n.e.c.",2023,1073121
India,"Other tropical fruits, n.e.c.",2024,1110855
India,"Other vegetables, fresh n.e.c.",2022,9611577
India,"Other vegetables, fresh n.e.c.",2023,9583407
India,"Other vegetables, fresh n.e.c.",2024,9298988
India,Papayas,2022,2014035
India,Papayas,2023,1975949
India,Papayas,2024,1995623
India,Peaches and nectarines,2022,48757
India,Peaches and nectarines,2023,40900
India,Peaches and nectarines,2024,43721
India,Pears,2022,127713
India,Pears,2023,112008
India,Pears,2024,113378
India,"Peas, dry",2022,456467
India,"Peas, dry",2023,515518
India,"Peas, dry",2024,484715
India,"Peas, green",2022,3592832
India,"Peas, green",2023,3831114
India,"Peas, green",2024,3876792
India,"Pepper (Piper spp.), raw",2022,258615
India,"Pepper (Piper spp.), raw",2023,318504
India,"Pepper (Piper spp.), raw",2024,343108
India,"Pigeon peas, dry",2022,2313356
India,"Pigeon peas, dry",2023,2386920
India,"Pigeon peas, dry",2024,2452608
India,Pineapples,2022,760325
India,Pineapples,2023,750877
India,Pineapples,2024,712059
India,Plums and sloes,2022,34752
India,Plums and sloes,2023,26184
India,Plums and sloes,2024,27320
India,Potatoes,2022,10542904
India,Potatoes,2023,11287229
India,Potatoes,2024,10707561
India,"Pumpkins, squash and gourds",2022,1158113
India,"Pumpkins, squash and gourds",2023,1196902
India,"Pumpkins, squash and gourds",2024,1401022
India,Rape or colza seed,2022,5755311
India,Rape or colza seed,2023,6082503
India,Rape or colza seed,2024,6378827
India,Raw milk of buffalo,2022,56951626
India,Raw milk of buffalo,2023,57551717
India,Raw milk of buffalo,2024,58164629
India,Raw milk of cattle,2022,50211235
India,Raw milk of cattle,2023,53327492
India,Raw milk of cattle,2024,56639814
India,Raw milk of goats,2022,2862181
India,Raw milk of goats,2023,2939749
India,Raw milk of goats,2024,2762867
India,Rice,2022,85348894
India,Rice,2023,91648496
India,Rice,2024,96110328
India,Safflower seed,2022,26577
India,Safflower seed,2023,39040
India,Safflower seed,2024,21781
India,"Seed cotton, unginned",2022,11830056
India,"Seed cotton, unginned",2023,12934195
India,"Seed cotton, unginned",2024,11830056
India,Sesame seed,2022,283157
India,Sesame seed,2023,582316
India,Sesame seed,2024,626153
India,"Shorn wool, greasy, including fleece-washed shorn wool",2022,55877
India,"Shorn wool, greasy, including fleece-washed shorn wool",2023,57049
India,"Shorn wool, greasy, including fleece-washed shorn wool",2024,57184
India,Silk-worm cocoons suitable for reeling,2022,885729
India,Silk-worm cocoons suitable for reeling,2023,942169
India,Silk-worm cocoons suitable for reeling,2024,944273
India,Sorghum,2022,911601
India,Sorghum,2023,868846
India,Sorghum,2024,1223802
India,Soya beans,2022,5475756
India,Soya beans,2023,4773080
India,Soya beans,2024,5529529
India,Sugar cane,2022,9357122
India,Sugar cane,2023,10445426
India,Sugar cane,2024,9649565
India,Sunflower seed,2022,199843
India,Sunflower seed,2023,127517
India,Sunflower seed,2024,103259
India,Sweet potatoes,2022,239281
India,Sweet potatoes,2023,260501
India,Sweet potatoes,2024,263936
India,Tea leaves,2022,2993944
India,Tea leaves,2023,2899062
India,Tea leaves,2024,2957923
India,Tomatoes,2022,6181544
India,Tomatoes,2023,6101191
India,Tomatoes,2024,6369501
India,Unmanufactured tobacco,2022,922615
India,Unmanufactured tobacco,2023,922415
India,Unmanufactured tobacco,2024,922215
India,"Walnuts, in shell",2022,572442
India,"Walnuts, in shell",2023,626097
India,"Walnuts, in shell",2024,629600
India,Watermelons,2022,536893
India,Watermelons,2023,588505
India,Watermelons,2024,603964
India,Wheat,2022,30590272
India,Wheat,2023,31388547
India,Wheat,2024,32166120
Indonesia,"Abaca, manila hemp, raw",2022,179
Indonesia,"Abaca, manila hemp, raw",2023,179
Indonesia,"Abaca, manila hemp, raw",2024,180
Indonesia,Areca nuts,2022,36615
Indonesia,Areca nuts,2023,30194
Indonesia,Areca nuts,2024,31137
Indonesia,Avocados,2022,491145
Indonesia,Avocados,2023,495709
Indonesia,Avocados,2024,521492
Indonesia,Bananas,2022,4669849
Indonesia,Bananas,2023,4715209
Indonesia,Bananas,2024,4677405
Indonesia,"Beans, dry",2022,42496
Indonesia,"Beans, dry",2023,61464
Indonesia,"Beans, dry",2024,64170
Indonesia,Cabbages,2022,561869
Indonesia,Cabbages,2023,522715
Indonesia,Cabbages,2024,543985
Indonesia,Cantaloupes and other melons,2022,56635
Indonesia,Cantaloupes and other melons,2023,56205
Indonesia,Cantaloupes and other melons,2024,59826
Indonesia,Carrots and turnips,2022,445336
Indonesia,Carrots and turnips,2023,403222
Indonesia,Carrots and turnips,2024,411355
Indonesia,"Cashew nuts, in shell",2022,115938
Indonesia,"Cashew nuts, in shell",2023,111358
Indonesia,"Cashew nuts, in shell",2024,111890
Indonesia,"Cassava, fresh",2022,3510767
Indonesia,"Cassava, fresh",2023,3354085
Indonesia,"Cassava, fresh",2024,3044456
Indonesia,Castor oil seeds,2022,163
Indonesia,Castor oil seeds,2023,154
Indonesia,Castor oil seeds,2024,146
Indonesia,"Chillies and peppers, green (Capsicum spp. and Pimenta spp.)",2022,6635472
Indonesia,"Chillies and peppers, green (Capsicum spp. and Pimenta spp.)",2023,6725545
Indonesia,"Chillies and peppers, green (Capsicum spp. and Pimenta spp.)",2024,6674622
Indonesia,"Cinnamon and cinnamon-tree flowers, raw",2022,145286
Indonesia,"Cinnamon and cinnamon-tree flowers, raw",2023,145047
Indonesia,"Cinnamon and cinnamon-tree flowers, raw",2024,146496
Indonesia,"Cloves (whole stems), raw",2022,64760
Indonesia,"Cloves (whole stems), raw",2023,63005
Indonesia,"Cloves (whole stems), raw",2024,69874
Indonesia,Cocoa beans,2022,1209786
Indonesia,Cocoa beans,2023,1175396
Indonesia,Cocoa beans,2024,1176483
Indonesia,"Coconuts, in shell",2022,3108902
Indonesia,"Coconuts, in shell",2023,3091698
Indonesia,"Coconuts, in shell",2024,3094345
Indonesia,"Coffee, green",2022,1134968
Indonesia,"Coffee, green",2023,1111190
Indonesia,"Coffee, green",2024,1182737
Indonesia,Cucumbers and gherkins,2022,153609
Indonesia,Cucumbers and gherkins,2023,144155
Indonesia,Cucumbers and gherkins,2024,138091
Indonesia,"Edible roots and tubers with high starch or inulin content, n.e.c., fresh",2022,40360
Indonesia,"Edible roots and tubers with high starch or inulin content, n.e.c., fresh",2023,41345
Indonesia,"Edible roots and tubers with high starch or inulin content, n.e.c., fresh",2024,42026
Indonesia,Eggplants (aubergines),2022,249723
Indonesia,Eggplants (aubergines),2023,252668
Indonesia,Eggplants (aubergines),2024,244299
Indonesia,"Eggs from other birds in shell, fresh, n.e.c.",2022,1203138
Indonesia,"Eggs from other birds in shell, fresh, n.e.c.",2023,721707
Indonesia,"Eggs from other birds in shell, fresh, n.e.c.",2024,850544
Indonesia,"Ginger, raw",2022,133961
Indonesia,"Ginger, raw",2023,107661
Indonesia,"Ginger, raw",2024,102996
Indonesia,Green corn (maize),2022,144407
Indonesia,Green corn (maize),2023,161805
Indonesia,Green corn (maize),2024,173760
Indonesia,Green garlic,2022,43274
Indonesia,Green garlic,2023,55545
Indonesia,Green garlic,2024,55805
Indonesia,"Groundnuts, excluding shelled",2022,695820
Indonesia,"Groundnuts, excluding shelled",2023,667653
Indonesia,"Groundnuts, excluding shelled",2024,629055
Indonesia,"Hen eggs in shell, fresh",2022,10363080
Indonesia,"Hen eggs in shell, fresh",2023,11041922
Indonesia,"Hen eggs in shell, fresh",2024,11475435
Indonesia,"Horse meat, fresh or chilled (indigenous)",2022,2825
Indonesia,"Horse meat, fresh or chilled (indigenous)",2023,2882
Indonesia,"Horse meat, fresh or chilled (indigenous)",2024,2830
Indonesia,"Kenaf, and other textile bast fibres, raw or retted",2022,1189
Indonesia,"Kenaf, and other textile bast fibres, raw or retted",2023,1188
Indonesia,"Kenaf, and other textile bast fibres, raw or retted",2024,1189
Indonesia,Leeks and other alliaceous vegetables,2022,516768
Indonesia,Leeks and other alliaceous vegetables,2023,517529
Indonesia,Leeks and other alliaceous vegetables,2024,507237
Indonesia,Maize (corn),2022,4953576
Indonesia,Maize (corn),2023,4428213
Indonesia,Maize (corn),2024,4537455
Indonesia,"Mangoes, guavas and mangosteens",2022,2312852
Indonesia,"Mangoes, guavas and mangosteens",2023,2301193
Indonesia,"Mangoes, guavas and mangosteens",2024,2319229
Indonesia,"Meat of buffalo, fresh or chilled (indigenous)",2022,156425
Indonesia,"Meat of buffalo, fresh or chilled (indigenous)",2023,151569
Indonesia,"Meat of buffalo, fresh or chilled (indigenous)",2024,166629
Indonesia,"Meat of cattle with the bone, fresh or chilled (indigenous)",2022,3099489
Indonesia,"Meat of cattle with the bone, fresh or chilled (indigenous)",2023,3457582
Indonesia,"Meat of cattle with the bone, fresh or chilled (indigenous)",2024,2757600
Indonesia,"Meat of chickens, fresh or chilled (indigenous)",2022,14570719
Indonesia,"Meat of chickens, fresh or chilled (indigenous)",2023,14385451
Indonesia,"Meat of chickens, fresh or chilled (indigenous)",2024,14824409
Indonesia,"Meat of ducks, fresh or chilled (indigenous)",2022,223801
Indonesia,"Meat of ducks, fresh or chilled (indigenous)",2023,168335
Indonesia,"Meat of ducks, fresh or chilled (indigenous)",2024,173696
Indonesia,"Meat of goat, fresh or chilled (indigenous)",2022,401091
Indonesia,"Meat of goat, fresh or chilled (indigenous)",2023,447674
Indonesia,"Meat of goat, fresh or chilled (indigenous)",2024,444163
Indonesia,"Meat of pig with the bone, fresh or chilled (indigenous)",2022,740713
Indonesia,"Meat of pig with the bone, fresh or chilled (indigenous)",2023,473582
Indonesia,"Meat of pig with the bone, fresh or chilled (indigenous)",2024,452824
Indonesia,"Meat of sheep, fresh or chilled (indigenous)",2022,335306
Indonesia,"Meat of sheep, fresh or chilled (indigenous)",2023,367074
Indonesia,"Meat of sheep, fresh or chilled (indigenous)",2024,264927
Indonesia,Mushrooms and truffles,2022,23455
Indonesia,Mushrooms and truffles,2023,22629
Indonesia,Mushrooms and truffles,2024,18114
Indonesia,Natural rubber in primary forms,2022,1453409
Indonesia,Natural rubber in primary forms,2023,1198653
Indonesia,Natural rubber in primary forms,2024,1210027
Indonesia,"Nutmeg, mace, cardamoms, raw",2022,170688
Indonesia,"Nutmeg, mace, cardamoms, raw",2023,172975
Indonesia,"Nutmeg, mace, cardamoms, raw",2024,168810
Indonesia,Oil palm fruit,2022,26633785
Indonesia,Oil palm fruit,2023,26857598
Indonesia,Oil palm fruit,2024,27193318
Indonesia,"Onions and shallots, dry (excluding dehydrated)",2022,2521742
Indonesia,"Onions and shallots, dry (excluding dehydrated)",2023,2525397
Indonesia,"Onions and shallots, dry (excluding dehydrated)",2024,2653226
Indonesia,Oranges,2022,1516946
Indonesia,Oranges,2023,1651619
Indonesia,Oranges,2024,1454884
Indonesia,"Other beans, green",2022,928591
Indonesia,"Other beans, green",2023,905920
Indonesia,"Other beans, green",2024,909826
Indonesia,"Other fruits, n.e.c.",2022,778101
Indonesia,"Other fruits, n.e.c.",2023,780856
Indonesia,"Other fruits, n.e.c.",2024,783612
Indonesia,"Other nuts (excluding wild edible nuts and groundnuts), in shell, n.e.c.",2022,47629
Indonesia,"Other nuts (excluding wild edible nuts and groundnuts), in shell, n.e.c.",2023,47608
Indonesia,"Other nuts (excluding wild edible nuts and groundnuts), in shell, n.e.c.",2024,47564
Indonesia,Other pulses n.e.c.,2022,519
Indonesia,Other pulses n.e.c.,2023,520
Indonesia,Other pulses n.e.c.,2024,520
Indonesia,"Other stimulant, spice and aromatic crops, n.e.c.",2022,186644
Indonesia,"Other stimulant, spice and aromatic crops, n.e.c.",2023,191460
Indonesia,"Other stimulant, spice and aromatic crops, n.e.c.",2024,192732
Indonesia,Other sugar crops n.e.c.,2022,8849
Indonesia,Other sugar crops n.e.c.,2023,8800
Indonesia,Other sugar crops n.e.c.,2024,8721
Indonesia,"Other tropical fruits, n.e.c.",2022,1218448
Indonesia,"Other tropical fruits, n.e.c.",2023,1227134
Indonesia,"Other tropical fruits, n.e.c.",2024,1222373
Indonesia,"Other vegetables, fresh n.e.c.",2022,257390
Indonesia,"Other vegetables, fresh n.e.c.",2023,257427
Indonesia,"Other vegetables, fresh n.e.c.",2024,256985
Indonesia,Papayas,2022,309303
Indonesia,Papayas,2023,351632
Indonesia,Papayas,2024,342612
Indonesia,"Pepper (Piper spp.), raw",2022,475703
Indonesia,"Pepper (Piper spp.), raw",2023,406592
Indonesia,"Pepper (Piper spp.), raw",2024,396130
Indonesia,Pineapples,2022,1106126
Indonesia,Pineapples,2023,1089831
Indonesia,Pineapples,2024,946212
Indonesia,Potatoes,2022,1063879
Indonesia,Potatoes,2023,883158
Indonesia,Potatoes,2024,898674
Indonesia,"Pumpkins, squash and gourds",2022,255154
Indonesia,"Pumpkins, squash and gourds",2023,252080
Indonesia,"Pumpkins, squash and gourds",2024,251341
Indonesia,Raw milk of cattle,2022,562187
Indonesia,Raw milk of cattle,2023,456822
Indonesia,Raw milk of cattle,2024,468993
Indonesia,Raw milk of goats,2022,171097
Indonesia,Raw milk of goats,2023,170331
Indonesia,Raw milk of goats,2024,173158
Indonesia,Raw milk of sheep,2022,67212
Indonesia,Raw milk of sheep,2023,69242
Indonesia,Raw milk of sheep,2024,70468
Indonesia,Rice,2022,38172593
Indonesia,Rice,2023,37637132
Indonesia,Rice,2024,37052668
Indonesia,"Seed cotton, unginned",2022,23
Indonesia,"Seed cotton, unginned",2023,35
Indonesia,"Seed cotton, unginned",2024,17
Indonesia,"Shorn wool, greasy, including fleece-washed shorn wool",2022,80442
Indonesia,"Shorn wool, greasy, including fleece-washed shorn wool",2023,83311
Indonesia,"Shorn wool, greasy, including fleece-washed shorn wool",2024,81521
Indonesia,"Sisal, raw",2022,92
Indonesia,"Sisal, raw",2023,93
Indonesia,"Sisal, raw",2024,93
Indonesia,Soya beans,2022,195912
Indonesia,Soya beans,2023,211801
Indonesia,Soya beans,2024,147497
Indonesia,Spinach,2022,68745
Indonesia,Spinach,2023,68692
Indonesia,Spinach,2024,67771
Indonesia,Sugar cane,2022,1407587
Indonesia,Sugar cane,2023,1346766
Indonesia,Sugar cane,2024,1390210
Indonesia,Sweet potatoes,2022,579898
Indonesia,Sweet potatoes,2023,449719
Indonesia,Sweet potatoes,2024,426728
Indonesia,Tea leaves,2022,290200
Indonesia,Tea leaves,2023,270353
Indonesia,Tea leaves,2024,290200
Indonesia,Tomatoes,2022,713269
Indonesia,Tomatoes,2023,698039
Indonesia,Tomatoes,2024,703534
Indonesia,Unmanufactured tobacco,2022,310323
Indonesia,Unmanufactured tobacco,2023,400634
Indonesia,Unmanufactured tobacco,2024,494149
Indonesia,"Vanilla, raw",2022,740
Indonesia,"Vanilla, raw",2023,777
Indonesia,"Vanilla, raw",2024,751
Indonesia,Watermelons,2022,132198
Indonesia,Watermelons,2023,146682
Indonesia,Watermelons,2024,151316
Iran (Islamic Republic of),"Almonds, in shell",2022,375364
Iran (Islamic Republic of),"Almonds, in shell",2023,492848
Iran (Islamic Republic of),"Almonds, in shell",2024,559931
Iran (Islamic Republic of),"Anise, badian, coriander, cumin, caraway, fennel and juniper berries, raw",2022,193290
Iran (Islamic Republic of),"Anise, badian, coriander, cumin, caraway, fennel and juniper berries, raw",2023,194210
Iran (Islamic Republic of),"Anise, badian, coriander, cumin, caraway, fennel and juniper berries, raw",2024,194078
Iran (Islamic Republic of),Apples,2022,1008848
Iran (Islamic Republic of),Apples,2023,1099658
Iran (Islamic Republic of),Apples,2024,1189955
Iran (Islamic Republic of),Apricots,2022,433067
Iran (Islamic Republic of),Apricots,2023,446243
Iran (Islamic Republic of),Apricots,2024,430500
Iran (Islamic Republic of),Artichokes,2022,9263
Iran (Islamic Republic of),Artichokes,2023,9277
Iran (Islamic Republic of),Artichokes,2024,9248
Iran (Islamic Republic of),Asparagus,2022,43691
Iran (Islamic Republic of),Asparagus,2023,43719
Iran (Islamic Republic of),Asparagus,2024,43665
Iran (Islamic Republic of),Bananas,2022,81979
Iran (Islamic Republic of),Bananas,2023,81643
Iran (Islamic Republic of),Bananas,2024,81801
Iran (Islamic Republic of),Barley,2022,971426
Iran (Islamic Republic of),Barley,2023,1102295
Iran (Islamic Republic of),Barley,2024,1223074
Iran (Islamic Republic of),"Beans, dry",2022,193859
Iran (Islamic Republic of),"Beans, dry",2023,205124
Iran (Islamic Republic of),"Beans, dry",2024,225482
Iran (Islamic Republic of),Cabbages,2022,34281
Iran (Islamic Republic of),Cabbages,2023,34344
Iran (Islamic Republic of),Cabbages,2024,34385
Iran (Islamic Republic of),Cantaloupes and other melons,2022,172132
Iran (Islamic Republic of),Cantaloupes and other melons,2023,163168
Iran (Islamic Republic of),Cantaloupes and other melons,2024,145011
Iran (Islamic Republic of),Carrots and turnips,2022,48845
Iran (Islamic Republic of),Carrots and turnips,2023,49611
Iran (Islamic Republic of),Carrots and turnips,2024,49827
Iran (Islamic Republic of),Cauliflowers and broccoli,2022,14330
Iran (Islamic Republic of),Cauliflowers and broccoli,2023,14417
Iran (Islamic Republic of),Cauliflowers and broccoli,2024,14384
Iran (Islamic Republic of),Cherries,2022,159762
Iran (Islamic Republic of),Cherries,2023,205650
Iran (Islamic Republic of),Cherries,2024,207561
Iran (Islamic Republic of),"Chick peas, dry",2022,164453
Iran (Islamic Republic of),"Chick peas, dry",2023,170692
Iran (Islamic Republic of),"Chick peas, dry",2024,177155
Iran (Islamic Republic of),"Chillies and peppers, dry (Capsicum spp., Pimenta spp.), raw",2022,1148
Iran (Islamic Republic of),"Chillies and peppers, dry (Capsicum spp., Pimenta spp.), raw",2023,1150
Iran (Islamic Republic of),"Chillies and peppers, dry (Capsicum spp., Pimenta spp.), raw",2024,1147
Iran (Islamic Republic of),"Chillies and peppers, green (Capsicum spp. and Pimenta spp.)",2022,27229
Iran (Islamic Republic of),"Chillies and peppers, green (Capsicum spp. and Pimenta spp.)",2023,27239
Iran (Islamic Republic of),"Chillies and peppers, green (Capsicum spp. and Pimenta spp.)",2024,27211
Iran (Islamic Republic of),Cucumbers and gherkins,2022,176864
Iran (Islamic Republic of),Cucumbers and gherkins,2023,159561
Iran (Islamic Republic of),Cucumbers and gherkins,2024,143263
Iran (Islamic Republic of),Dates,2022,682757
Iran (Islamic Republic of),Dates,2023,643673
Iran (Islamic Republic of),Dates,2024,783259
Iran (Islamic Republic of),Eggplants (aubergines),2022,160990
Iran (Islamic Republic of),Eggplants (aubergines),2023,161152
Iran (Islamic Republic of),Eggplants (aubergines),2024,161261
Iran (Islamic Republic of),Figs,2022,52726
Iran (Islamic Republic of),Figs,2023,54722
Iran (Islamic Republic of),Figs,2024,58609
Iran (Islamic Republic of),"Game meat, fresh, chilled or frozen",2022,5500
Iran (Islamic Republic of),"Game meat, fresh, chilled or frozen",2023,4774
Iran (Islamic Republic of),"Game meat, fresh, chilled or frozen",2024,4078
Iran (Islamic Republic of),Grapes,2022,565364
Iran (Islamic Republic of),Grapes,2023,616461
Iran (Islamic Republic of),Grapes,2024,624661
Iran (Islamic Republic of),Green garlic,2022,38178
Iran (Islamic Republic of),Green garlic,2023,38355
Iran (Islamic Republic of),Green garlic,2024,38532
Iran (Islamic Republic of),"Groundnuts, excluding shelled",2022,39064
Iran (Islamic Republic of),"Groundnuts, excluding shelled",2023,38767
Iran (Islamic Republic of),"Groundnuts, excluding shelled",2024,39029
Iran (Islamic Republic of),"Hazelnuts, in shell",2022,75240
Iran (Islamic Republic of),"Hazelnuts, in shell",2023,75301
Iran (Islamic Republic of),"Hazelnuts, in shell",2024,74938
Iran (Islamic Republic of),"Hen eggs in shell, fresh",2022,1530697
Iran (Islamic Republic of),"Hen eggs in shell, fresh",2023,1488230
Iran (Islamic Republic of),"Hen eggs in shell, fresh",2024,1503983
Iran (Islamic Republic of),Kiwi fruit,2022,142245
Iran (Islamic Republic of),Kiwi fruit,2023,142521
Iran (Islamic Republic of),Kiwi fruit,2024,142287
Iran (Islamic Republic of),Leeks and other alliaceous vegetables,2022,2726
Iran (Islamic Republic of),Leeks and other alliaceous vegetables,2023,2790
Iran (Islamic Republic of),Leeks and other alliaceous vegetables,2024,2855
Iran (Islamic Republic of),Lemons and limes,2022,785321
Iran (Islamic Republic of),Lemons and limes,2023,773083
Iran (Islamic Republic of),Lemons and limes,2024,780573
Iran (Islamic Republic of),"Lentils, dry",2022,100218
Iran (Islamic Republic of),"Lentils, dry",2023,99447
Iran (Islamic Republic of),"Lentils, dry",2024,100089
Iran (Islamic Republic of),Lettuce and chicory,2022,75306
Iran (Islamic Republic of),Lettuce and chicory,2023,75807
Iran (Islamic Republic of),Lettuce and chicory,2024,75659
Iran (Islamic Republic of),Maize (corn),2022,122145
Iran (Islamic Republic of),Maize (corn),2023,96728
Iran (Islamic Republic of),Maize (corn),2024,102930
Iran (Islamic Republic of),"Mangoes, guavas and mangosteens",2022,51796
Iran (Islamic Republic of),"Mangoes, guavas and mangosteens",2023,50817
Iran (Islamic Republic of),"Mangoes, guavas and mangosteens",2024,51640
Iran (Islamic Republic of),"Meat of buffalo, fresh or chilled (indigenous)",2022,48959
Iran (Islamic Republic of),"Meat of buffalo, fresh or chilled (indigenous)",2023,37017
Iran (Islamic Republic of),"Meat of buffalo, fresh or chilled (indigenous)",2024,26719
Iran (Islamic Republic of),"Meat of camels, fresh or chilled (indigenous)",2022,9279
Iran (Islamic Republic of),"Meat of camels, fresh or chilled (indigenous)",2023,20753
Iran (Islamic Republic of),"Meat of camels, fresh or chilled (indigenous)",2024,19700
Iran (Islamic Republic of),"Meat of cattle with the bone, fresh or chilled (indigenous)",2022,2306604
Iran (Islamic Republic of),"Meat of cattle with the bone, fresh or chilled (indigenous)",2023,1986667
Iran (Islamic Republic of),"Meat of cattle with the bone, fresh or chilled (indigenous)",2024,1852792
Iran (Islamic Republic of),"Meat of chickens, fresh or chilled (indigenous)",2022,8808305
Iran (Islamic Republic of),"Meat of chickens, fresh or chilled (indigenous)",2023,8923303
Iran (Islamic Republic of),"Meat of chickens, fresh or chilled (indigenous)",2024,9561525
Iran (Islamic Republic of),"Meat of ducks, fresh or chilled (indigenous)",2022,16393
Iran (Islamic Republic of),"Meat of ducks, fresh or chilled (indigenous)",2023,16307
Iran (Islamic Republic of),"Meat of ducks, fresh or chilled (indigenous)",2024,16219
Iran (Islamic Republic of),"Meat of geese, fresh or chilled (indigenous)",2022,14715
Iran (Islamic Republic of),"Meat of geese, fresh or chilled (indigenous)",2023,14739
Iran (Islamic Republic of),"Meat of geese, fresh or chilled (indigenous)",2024,14763
Iran (Islamic Republic of),"Meat of goat, fresh or chilled (indigenous)",2022,290092
Iran (Islamic Republic of),"Meat of goat, fresh or chilled (indigenous)",2023,256644
Iran (Islamic Republic of),"Meat of goat, fresh or chilled (indigenous)",2024,279968
Iran (Islamic Republic of),"Meat of sheep, fresh or chilled (indigenous)",2022,2027026
Iran (Islamic Republic of),"Meat of sheep, fresh or chilled (indigenous)",2023,1863125
Iran (Islamic Republic of),"Meat of sheep, fresh or chilled (indigenous)",2024,1877097
Iran (Islamic Republic of),"Meat of turkeys, fresh or chilled (indigenous)",2022,18994
Iran (Islamic Republic of),"Meat of turkeys, fresh or chilled (indigenous)",2023,17838
Iran (Islamic Republic of),"Meat of turkeys, fresh or chilled (indigenous)",2024,17348
Iran (Islamic Republic of),Millet,2022,7168
Iran (Islamic Republic of),Millet,2023,7204
Iran (Islamic Republic of),Millet,2024,7204
Iran (Islamic Republic of),Mushrooms and truffles,2022,132729
Iran (Islamic Republic of),Mushrooms and truffles,2023,131621
Iran (Islamic Republic of),Mushrooms and truffles,2024,130512
Iran (Islamic Republic of),Natural honey,2022,596136
Iran (Islamic Republic of),Natural honey,2023,609779
Iran (Islamic Republic of),Natural honey,2024,627263
Iran (Islamic Republic of),Olives,2022,169098
Iran (Islamic Republic of),Olives,2023,166202
Iran (Islamic Republic of),Olives,2024,170958
Iran (Islamic Republic of),"Onions and shallots, dry (excluding dehydrated)",2022,436098
Iran (Islamic Republic of),"Onions and shallots, dry (excluding dehydrated)",2023,456632
Iran (Islamic Republic of),"Onions and shallots, dry (excluding dehydrated)",2024,489891
Iran (Islamic Republic of),Oranges,2022,1088983
Iran (Islamic Republic of),Oranges,2023,1061668
Iran (Islamic Republic of),Oranges,2024,1045346
Iran (Islamic Republic of),"Other beans, green",2022,21579
Iran (Islamic Republic of),"Other beans, green",2023,21482
Iran (Islamic Republic of),"Other beans, green",2024,21532
Iran (Islamic Republic of),Other berries and fruits of the genus vaccinium n.e.c.,2022,9357
Iran (Islamic Republic of),Other berries and fruits of the genus vaccinium n.e.c.,2023,9341
Iran (Islamic Republic of),Other berries and fruits of the genus vaccinium n.e.c.,2024,9327
Iran (Islamic Republic of),"Other citrus fruit, n.e.c.",2022,377094
Iran (Islamic Republic of),"Other citrus fruit, n.e.c.",2023,378378
Iran (Islamic Republic of),"Other citrus fruit, n.e.c.",2024,379662
Iran (Islamic Republic of),"Other fruits, n.e.c.",2022,1754078
Iran (Islamic Republic of),"Other fruits, n.e.c.",2023,1831493
Iran (Islamic Republic of),"Other fruits, n.e.c.",2024,2234733
Iran (Islamic Republic of),"Other nuts (excluding wild edible nuts and groundnuts), in shell, n.e.c.",2022,16265
Iran (Islamic Republic of),"Other nuts (excluding wild edible nuts and groundnuts), in shell, n.e.c.",2023,16164
Iran (Islamic Republic of),"Other nuts (excluding wild edible nuts and groundnuts), in shell, n.e.c.",2024,16273
Iran (Islamic Republic of),Other pulses n.e.c.,2022,37888
Iran (Islamic Republic of),Other pulses n.e.c.,2023,37855
Iran (Islamic Republic of),Other pulses n.e.c.,2024,37822
Iran (Islamic Republic of),Other stone fruits,2022,140012
Iran (Islamic Republic of),Other stone fruits,2023,141569
Iran (Islamic Republic of),Other stone fruits,2024,143127
Iran (Islamic Republic of),"Other vegetables, fresh n.e.c.",2022,186983
Iran (Islamic Republic of),"Other vegetables, fresh n.e.c.",2023,200139
Iran (Islamic Republic of),"Other vegetables, fresh n.e.c.",2024,218887
Iran (Islamic Republic of),Papayas,2022,129
Iran (Islamic Republic of),Papayas,2023,128
Iran (Islamic Republic of),Papayas,2024,128
Iran (Islamic Republic of),Peaches and nectarines,2022,513631
Iran (Islamic Republic of),Peaches and nectarines,2023,550372
Iran (Islamic Republic of),Peaches and nectarines,2024,567745
Iran (Islamic Republic of),Pears,2022,126265
Iran (Islamic Republic of),Pears,2023,141639
Iran (Islamic Republic of),Pears,2024,135580
Iran (Islamic Republic of),"Peas, green",2022,5429
Iran (Islamic Republic of),"Peas, green",2023,5409
Iran (Islamic Republic of),"Peas, green",2024,5423
Iran (Islamic Republic of),Persimmons,2022,19303
Iran (Islamic Republic of),Persimmons,2023,19342
Iran (Islamic Republic of),Persimmons,2024,19406
Iran (Islamic Republic of),"Pistachios, in shell",2022,2376355
Iran (Islamic Republic of),"Pistachios, in shell",2023,2985761
Iran (Islamic Republic of),"Pistachios, in shell",2024,3108660
Iran (Islamic Republic of),Plums and sloes,2022,250700
Iran (Islamic Republic of),Plums and sloes,2023,264777
Iran (Islamic Republic of),Plums and sloes,2024,285525
Iran (Islamic Republic of),Pomelos and grapefruits,2022,34720
Iran (Islamic Republic of),Pomelos and grapefruits,2023,33747
Iran (Islamic Republic of),Pomelos and grapefruits,2024,34106
Iran (Islamic Republic of),Potatoes,2022,552294
Iran (Islamic Republic of),Potatoes,2023,496798
Iran (Islamic Republic of),Potatoes,2024,620891
Iran (Islamic Republic of),"Pumpkins, squash and gourds",2022,44720
Iran (Islamic Republic of),"Pumpkins, squash and gourds",2023,44841
Iran (Islamic Republic of),"Pumpkins, squash and gourds",2024,44698
Iran (Islamic Republic of),Quinces,2022,85913
Iran (Islamic Republic of),Quinces,2023,86100
Iran (Islamic Republic of),Quinces,2024,86212
Iran (Islamic Republic of),Rape or colza seed,2022,158392
Iran (Islamic Republic of),Rape or colza seed,2023,213355
Iran (Islamic Republic of),Rape or colza seed,2024,205998
Iran (Islamic Republic of),Raw milk of buffalo,2022,109795
Iran (Islamic Republic of),Raw milk of buffalo,2023,95728
Iran (Islamic Republic of),Raw milk of buffalo,2024,85019
Iran (Islamic Republic of),Raw milk of cattle,2022,2957041
Iran (Islamic Republic of),Raw milk of cattle,2023,3019098
Iran (Islamic Republic of),Raw milk of cattle,2024,3038206
Iran (Islamic Republic of),Raw milk of goats,2022,298175
Iran (Islamic Republic of),Raw milk of goats,2023,299130
Iran (Islamic Republic of),Raw milk of goats,2024,296506
Iran (Islamic Republic of),Raw milk of sheep,2022,419044
Iran (Islamic Republic of),Raw milk of sheep,2023,417575
Iran (Islamic Republic of),Raw milk of sheep,2024,411287
Iran (Islamic Republic of),Rice,2022,3592986
Iran (Islamic Republic of),Rice,2023,3450819
Iran (Islamic Republic of),Rice,2024,3444107
Iran (Islamic Republic of),Safflower seed,2022,4193
Iran (Islamic Republic of),Safflower seed,2023,4162
Iran (Islamic Republic of),Safflower seed,2024,4194
Iran (Islamic Republic of),"Seed cotton, unginned",2022,107790
Iran (Islamic Republic of),"Seed cotton, unginned",2023,107868
Iran (Islamic Republic of),"Seed cotton, unginned",2024,107868
Iran (Islamic Republic of),Sesame seed,2022,61441
Iran (Islamic Republic of),Sesame seed,2023,61441
Iran (Islamic Republic of),Sesame seed,2024,61441
Iran (Islamic Republic of),"Shorn wool, greasy, including fleece-washed shorn wool",2022,36733
Iran (Islamic Republic of),"Shorn wool, greasy, including fleece-washed shorn wool",2023,34219
Iran (Islamic Republic of),"Shorn wool, greasy, including fleece-washed shorn wool",2024,31074
Iran (Islamic Republic of),Silk-worm cocoons suitable for reeling,2022,12668
Iran (Islamic Republic of),Silk-worm cocoons suitable for reeling,2023,12823
Iran (Islamic Republic of),Silk-worm cocoons suitable for reeling,2024,13023
Iran (Islamic Republic of),Sour cherries,2022,151084
Iran (Islamic Republic of),Sour cherries,2023,152664
Iran (Islamic Republic of),Sour cherries,2024,153343
Iran (Islamic Republic of),Soya beans,2022,140602
Iran (Islamic Republic of),Soya beans,2023,127211
Iran (Islamic Republic of),Soya beans,2024,133906
Iran (Islamic Republic of),Spinach,2022,21764
Iran (Islamic Republic of),Spinach,2023,21705
Iran (Islamic Republic of),Spinach,2024,21779
Iran (Islamic Republic of),Strawberries,2022,116890
Iran (Islamic Republic of),Strawberries,2023,116213
Iran (Islamic Republic of),Strawberries,2024,116485
Iran (Islamic Republic of),Sugar beet,2022,493061
Iran (Islamic Republic of),Sugar beet,2023,480104
Iran (Islamic Republic of),Sugar beet,2024,487408
Iran (Islamic Republic of),Sugar cane,2022,316376
Iran (Islamic Republic of),Sugar cane,2023,330743
Iran (Islamic Republic of),Sugar cane,2024,350586
Iran (Islamic Republic of),Sunflower seed,2022,73217
Iran (Islamic Republic of),Sunflower seed,2023,74361
Iran (Islamic Republic of),Sunflower seed,2024,75505
Iran (Islamic Republic of),"Tangerines, mandarins, clementines",2022,339462
Iran (Islamic Republic of),"Tangerines, mandarins, clementines",2023,304074
Iran (Islamic Republic of),"Tangerines, mandarins, clementines",2024,253285
Iran (Islamic Republic of),Tea leaves,2022,51789
Iran (Islamic Republic of),Tea leaves,2023,45033
Iran (Islamic Republic of),Tea leaves,2024,44319
Iran (Islamic Republic of),Tomatoes,2022,566318
Iran (Islamic Republic of),Tomatoes,2023,552986
Iran (Islamic Republic of),Tomatoes,2024,539404
Iran (Islamic Republic of),Unmanufactured tobacco,2022,83891
Iran (Islamic Republic of),Unmanufactured tobacco,2023,81201
Iran (Islamic Republic of),Unmanufactured tobacco,2024,81745
Iran (Islamic Republic of),"Walnuts, in shell",2022,2337656
Iran (Islamic Republic of),"Walnuts, in shell",2023,2493140
Iran (Islamic Republic of),"Walnuts, in shell",2024,2708290
Iran (Islamic Republic of),Watermelons,2022,174867
Iran (Islamic Republic of),Watermelons,2023,178567
Iran (Islamic Republic of),Watermelons,2024,178963
Iran (Islamic Republic of),Wheat,2022,5327949
Iran (Islamic Republic of),Wheat,2023,6665953
Iran (Islamic Republic of),Wheat,2024,6718094
Iraq,Apples,2022,54887
Iraq,Apples,2023,52432
Iraq,Apples,2024,53939
Iraq,Apricots,2022,32470
Iraq,Apricots,2023,26027
Iraq,Apricots,2024,26386
Iraq,Barley,2022,50375
Iraq,Barley,2023,36921
Iraq,Barley,2024,57349
Iraq,"Broad beans and horse beans, dry",2022,2127
Iraq,"Broad beans and horse beans, dry",2023,1735
Iraq,"Broad beans and horse beans, dry",2024,2067
Iraq,"Broad beans and horse beans, green",2022,19847
Iraq,"Broad beans and horse beans, green",2023,13781
Iraq,"Broad beans and horse beans, green",2024,11742
Iraq,Cabbages,2022,4398
Iraq,Cabbages,2023,2996
Iraq,Cabbages,2024,2671
Iraq,Cantaloupes and other melons,2022,74460
Iraq,Cantaloupes and other melons,2023,33709
Iraq,Cantaloupes and other melons,2024,52145
Iraq,Carrots and turnips,2022,1151
Iraq,Carrots and turnips,2023,1277
Iraq,Carrots and turnips,2024,1581
Iraq,Cauliflowers and broccoli,2022,7015
Iraq,Cauliflowers and broccoli,2023,4428
Iraq,Cauliflowers and broccoli,2024,4561
Iraq,"Chick peas, dry",2022,23
Iraq,"Chick peas, dry",2023,8
Iraq,"Chick peas, dry",2024,60
Iraq,"Chillies and peppers, green (Capsicum spp. and Pimenta spp.)",2022,68467
Iraq,"Chillies and peppers, green (Capsicum spp. and Pimenta spp.)",2023,19086
Iraq,"Chillies and peppers, green (Capsicum spp. and Pimenta spp.)",2024,59419
Iraq,Cucumbers and gherkins,2022,182513
Iraq,Cucumbers and gherkins,2023,61922
Iraq,Cucumbers and gherkins,2024,133171
Iraq,Dates,2022,274798
Iraq,Dates,2023,240226
Iraq,Dates,2024,229271
Iraq,Eggplants (aubergines),2022,91695
Iraq,Eggplants (aubergines),2023,31643
Iraq,Eggplants (aubergines),2024,43577
Iraq,Figs,2022,9932
Iraq,Figs,2023,8390
Iraq,Figs,2024,8801
Iraq,Grapes,2022,276854
Iraq,Grapes,2023,197902
Iraq,Grapes,2024,189434
Iraq,Green garlic,2022,2748
Iraq,Green garlic,2023,2635
Iraq,Green garlic,2024,2238
Iraq,"Hen eggs in shell, fresh",2022,144681
Iraq,"Hen eggs in shell, fresh",2023,142793
Iraq,"Hen eggs in shell, fresh",2024,140013
Iraq,Lemons and limes,2022,6645
Iraq,Lemons and limes,2023,5525
Iraq,Lemons and limes,2024,5541
Iraq,"Lentils, dry",2022,9
Iraq,"Lentils, dry",2023,408
Iraq,"Lentils, dry",2024,3
Iraq,Lettuce and chicory,2022,16176
Iraq,Lettuce and chicory,2023,9631
Iraq,Lettuce and chicory,2024,9542
Iraq,Maize (corn),2022,281047
Iraq,Maize (corn),2023,304986
Iraq,Maize (corn),2024,283312
Iraq,Millet,2022,1386
Iraq,Millet,2023,1330
Iraq,Millet,2024,347
Iraq,Okra,2022,165548
Iraq,Okra,2023,59753
Iraq,Okra,2024,87521
Iraq,Olives,2022,23101
Iraq,Olives,2023,21194
Iraq,Olives,2024,22275
Iraq,"Onions and shallots, dry (excluding dehydrated)",2022,30371
Iraq,"Onions and shallots, dry (excluding dehydrated)",2023,11011
Iraq,"Onions and shallots, dry (excluding dehydrated)",2024,11881
Iraq,"Onions and shallots, green",2022,17792
Iraq,"Onions and shallots, green",2023,14119
Iraq,"Onions and shallots, green",2024,23284
Iraq,Oranges,2022,99397
Iraq,Oranges,2023,99397
Iraq,Oranges,2024,99397
Iraq,"Other beans, green",2022,4240
Iraq,"Other beans, green",2023,1322
Iraq,"Other beans, green",2024,842
Iraq,Peaches and nectarines,2022,3220
Iraq,Peaches and nectarines,2023,3144
Iraq,Peaches and nectarines,2024,3252
Iraq,Pears,2022,8447
Iraq,Pears,2023,6694
Iraq,Pears,2024,6128
Iraq,Plums and sloes,2022,9632
Iraq,Plums and sloes,2023,6577
Iraq,Plums and sloes,2024,5029
Iraq,Potatoes,2022,147389
Iraq,Potatoes,2023,124772
Iraq,Potatoes,2024,106643
Iraq,"Pumpkins, squash and gourds",2022,35222
Iraq,"Pumpkins, squash and gourds",2023,10076
Iraq,"Pumpkins, squash and gourds",2024,36476
Iraq,Raw milk of cattle,2022,191792
Iraq,Raw milk of cattle,2023,195928
Iraq,Raw milk of cattle,2024,191964
Iraq,Raw milk of goats,2022,18779
Iraq,Raw milk of goats,2023,19096
Iraq,Raw milk of goats,2024,18779
Iraq,Raw milk of sheep,2022,48335
Iraq,Raw milk of sheep,2023,48562
Iraq,Raw milk of sheep,2024,50395
Iraq,Rice,2022,6513
Iraq,Rice,2023,7053
Iraq,Rice,2024,127324
Iraq,Sorghum,2022,1608
Iraq,Sorghum,2023,1547
Iraq,Sorghum,2024,6169
Iraq,Spinach,2022,1776
Iraq,Spinach,2023,1282
Iraq,Spinach,2024,1876
Iraq,String beans,2022,23105
Iraq,String beans,2023,14153
Iraq,String beans,2024,32504
Iraq,"Tangerines, mandarins, clementines",2022,2629
Iraq,"Tangerines, mandarins, clementines",2023,2512
Iraq,"Tangerines, mandarins, clementines",2024,2630
Iraq,Tomatoes,2022,271390
Iraq,Tomatoes,2023,230330
Iraq,Tomatoes,2024,199492
Iraq,Watermelons,2022,142860
Iraq,Watermelons,2023,62597
Iraq,Watermelons,2024,92802
Iraq,Wheat,2022,1255832
Iraq,Wheat,2023,1929485
Iraq,Wheat,2024,2377567
Israel,"Almonds, in shell",2022,74063
Israel,"Almonds, in shell",2023,72006
Israel,"Almonds, in shell",2024,61736
Israel,Apples,2022,144944
Israel,Apples,2023,128220
Israel,Apples,2024,111504
Israel,Apricots,2022,21945
Israel,Apricots,2023,15193
Israel,Apricots,2024,16887
Israel,Artichokes,2022,2999
Israel,Artichokes,2023,3437
Israel,Artichokes,2024,2712
Israel,Asparagus,2022,297
Israel,Asparagus,2023,420
Israel,Asparagus,2024,445
Israel,Avocados,2022,386617
Israel,Avocados,2023,360799
Israel,Avocados,2024,503426
Israel,Bananas,2022,210412
Israel,Bananas,2023,220760
Israel,Bananas,2024,226510
Israel,Barley,2022,2563
Israel,Barley,2023,2929
Israel,Barley,2024,1883
Israel,"Broad beans and horse beans, green",2022,358
Israel,"Broad beans and horse beans, green",2023,513
Israel,"Broad beans and horse beans, green",2024,328
Israel,Cabbages,2022,27332
Israel,Cabbages,2023,30040
Israel,Cabbages,2024,29195
Israel,Cantaloupes and other melons,2022,20471
Israel,Cantaloupes and other melons,2023,20012
Israel,Cantaloupes and other melons,2024,20969
Israel,Carrots and turnips,2022,87555
Israel,Carrots and turnips,2023,86363
Israel,Carrots and turnips,2024,70453
Israel,Cauliflowers and broccoli,2022,23035
Israel,Cauliflowers and broccoli,2023,23786
Israel,Cauliflowers and broccoli,2024,21462
Israel,Cherries,2022,23913
Israel,Cherries,2023,27511
Israel,Cherries,2024,23925
Israel,"Chick peas, dry",2022,4703
Israel,"Chick peas, dry",2023,3136
Israel,"Chick peas, dry",2024,5487
Israel,"Chillies and peppers, green (Capsicum spp. and Pimenta spp.)",2022,126886
Israel,"Chillies and peppers, green (Capsicum spp. and Pimenta spp.)",2023,124112
Israel,"Chillies and peppers, green (Capsicum spp. and Pimenta spp.)",2024,119150
Israel,Cucumbers and gherkins,2022,68018
Israel,Cucumbers and gherkins,2023,73776
Israel,Cucumbers and gherkins,2024,68782
Israel,Dates,2022,242165
Israel,Dates,2023,272887
Israel,Dates,2024,289152
Israel,Eggplants (aubergines),2022,31420
Israel,Eggplants (aubergines),2023,34540
Israel,Eggplants (aubergines),2024,34065
Israel,Figs,2022,6730
Israel,Figs,2023,6738
Israel,Figs,2024,6047
Israel,Grapes,2022,169809
Israel,Grapes,2023,163419
Israel,Grapes,2024,146248
Israel,Green corn (maize),2022,26202
Israel,Green corn (maize),2023,26931
Israel,Green corn (maize),2024,22877
Israel,Green garlic,2022,1967
Israel,Green garlic,2023,1245
Israel,Green garlic,2024,1224
Israel,"Groundnuts, excluding shelled",2022,27055
Israel,"Groundnuts, excluding shelled",2023,22489
Israel,"Groundnuts, excluding shelled",2024,22127
Israel,"Hen eggs in shell, fresh",2022,191958
Israel,"Hen eggs in shell, fresh",2023,200519
Israel,"Hen eggs in shell, fresh",2024,194529
Israel,Kiwi fruit,2022,20784
Israel,Kiwi fruit,2023,22607
Israel,Kiwi fruit,2024,28596
Israel,Lemons and limes,2022,67948
Israel,Lemons and limes,2023,67116
Israel,Lemons and limes,2024,60704
Israel,"Lentils, dry",2022,19
Israel,"Lentils, dry",2023,19
Israel,"Lentils, dry",2024,19
Israel,Lettuce and chicory,2022,28845
Israel,Lettuce and chicory,2023,22700
Israel,Lettuce and chicory,2024,20086
Israel,Locust beans (carobs),2022,60
Israel,Locust beans (carobs),2023,60
Israel,Locust beans (carobs),2024,60
Israel,Maize (corn),2022,55365
Israel,Maize (corn),2023,56905
Israel,Maize (corn),2024,48339
Israel,"Mangoes, guavas and mangosteens",2022,136518
Israel,"Mangoes, guavas and mangosteens",2023,133121
Israel,"Mangoes, guavas and mangosteens",2024,136433
Israel,"Meat of camels, fresh or chilled (indigenous)",2022,268
Israel,"Meat of camels, fresh or chilled (indigenous)",2023,269
Israel,"Meat of camels, fresh or chilled (indigenous)",2024,270
Israel,"Meat of cattle with the bone, fresh or chilled (indigenous)",2022,759688
Israel,"Meat of cattle with the bone, fresh or chilled (indigenous)",2023,840048
Israel,"Meat of cattle with the bone, fresh or chilled (indigenous)",2024,662189
Israel,"Meat of chickens, fresh or chilled (indigenous)",2022,1192561
Israel,"Meat of chickens, fresh or chilled (indigenous)",2023,1254451
Israel,"Meat of chickens, fresh or chilled (indigenous)",2024,1294509
Israel,"Meat of ducks, fresh or chilled (indigenous)",2022,9499
Israel,"Meat of ducks, fresh or chilled (indigenous)",2023,9818
Israel,"Meat of ducks, fresh or chilled (indigenous)",2024,10142
Israel,"Meat of geese, fresh or chilled (indigenous)",2022,10087
Israel,"Meat of geese, fresh or chilled (indigenous)",2023,10020
Israel,"Meat of geese, fresh or chilled (indigenous)",2024,9952
Israel,"Meat of goat, fresh or chilled (indigenous)",2022,35945
Israel,"Meat of goat, fresh or chilled (indigenous)",2023,28389
Israel,"Meat of goat, fresh or chilled (indigenous)",2024,27159
Israel,"Meat of pig with the bone, fresh or chilled (indigenous)",2022,64214
Israel,"Meat of pig with the bone, fresh or chilled (indigenous)",2023,61630
Israel,"Meat of pig with the bone, fresh or chilled (indigenous)",2024,62675
Israel,"Meat of sheep, fresh or chilled (indigenous)",2022,268470
Israel,"Meat of sheep, fresh or chilled (indigenous)",2023,343365
Israel,"Meat of sheep, fresh or chilled (indigenous)",2024,354337
Israel,"Meat of turkeys, fresh or chilled (indigenous)",2022,194248
Israel,"Meat of turkeys, fresh or chilled (indigenous)",2023,208066
Israel,"Meat of turkeys, fresh or chilled (indigenous)",2024,195597
Israel,Mushrooms and truffles,2022,84453
Israel,Mushrooms and truffles,2023,90083
Israel,Mushrooms and truffles,2024,95713
Israel,Natural honey,2022,21607
Israel,Natural honey,2023,16805
Israel,Natural honey,2024,18246
Israel,Oats,2022,88
Israel,Oats,2023,88
Israel,Oats,2024,88
Israel,Olives,2022,157560
Israel,Olives,2023,52520
Israel,Olives,2024,33110
Israel,"Onions and shallots, dry (excluding dehydrated)",2022,45879
Israel,"Onions and shallots, dry (excluding dehydrated)",2023,44581
Israel,"Onions and shallots, dry (excluding dehydrated)",2024,34668
Israel,"Onions and shallots, green",2022,1469
Israel,"Onions and shallots, green",2023,1448
Israel,"Onions and shallots, green",2024,1511
Israel,Oranges,2022,86466
Israel,Oranges,2023,89858
Israel,Oranges,2024,74834
Israel,"Other beans, green",2022,17697
Israel,"Other beans, green",2023,11594
Israel,"Other beans, green",2024,12685
Israel,"Other citrus fruit, n.e.c.",2022,12811
Israel,"Other citrus fruit, n.e.c.",2023,12502
Israel,"Other citrus fruit, n.e.c.",2024,9629
Israel,"Other fruits, n.e.c.",2022,130142
Israel,"Other fruits, n.e.c.",2023,128223
Israel,"Other fruits, n.e.c.",2024,129137
Israel,"Other nuts (excluding wild edible nuts and groundnuts), in shell, n.e.c.",2022,11390
Israel,"Other nuts (excluding wild edible nuts and groundnuts), in shell, n.e.c.",2023,10721
Israel,"Other nuts (excluding wild edible nuts and groundnuts), in shell, n.e.c.",2024,12059
Israel,"Other oil seeds, n.e.c.",2022,2011
Israel,"Other oil seeds, n.e.c.",2023,2000
Israel,"Other oil seeds, n.e.c.",2024,2004
Israel,Other pulses n.e.c.,2022,257
Israel,Other pulses n.e.c.,2023,258
Israel,Other pulses n.e.c.,2024,257
Israel,"Other vegetables, fresh n.e.c.",2022,91629
Israel,"Other vegetables, fresh n.e.c.",2023,85355
Israel,"Other vegetables, fresh n.e.c.",2024,88492
Israel,Papayas,2022,4838
Israel,Papayas,2023,4838
Israel,Papayas,2024,4458
Israel,Peaches and nectarines,2022,117994
Israel,Peaches and nectarines,2023,102176
Israel,Peaches and nectarines,2024,105481
Israel,Pears,2022,48592
Israel,Pears,2023,52062
Israel,Pears,2024,59015
Israel,"Peas, dry",2022,3957
Israel,"Peas, dry",2023,4384
Israel,"Peas, dry",2024,1036
Israel,"Peas, green",2022,132
Israel,"Peas, green",2023,109
Israel,"Peas, green",2024,142
Israel,Persimmons,2022,51257
Israel,Persimmons,2023,37588
Israel,Persimmons,2024,24779
Israel,Pineapples,2022,35340
Israel,Pineapples,2023,33782
Israel,Pineapples,2024,32721
Israel,Plums and sloes,2022,43098
Israel,Plums and sloes,2023,37427
Israel,Plums and sloes,2024,36304
Israel,Pomelos and grapefruits,2022,135086
Israel,Pomelos and grapefruits,2023,119741
Israel,Pomelos and grapefruits,2024,112658
Israel,Potatoes,2022,296593
Israel,Potatoes,2023,284040
Israel,Potatoes,2024,288567
Israel,"Pumpkins, squash and gourds",2022,4222
Israel,"Pumpkins, squash and gourds",2023,4994
Israel,"Pumpkins, squash and gourds",2024,5414
Israel,Quinces,2022,8831
Israel,Quinces,2023,7663
Israel,Quinces,2024,7943
Israel,Raw milk of cattle,2022,888336
Israel,Raw milk of cattle,2023,887919
Israel,Raw milk of cattle,2024,888247
Israel,Raw milk of goats,2022,28581
Israel,Raw milk of goats,2023,20365
Israel,Raw milk of goats,2024,19860
Israel,Raw milk of sheep,2022,19893
Israel,Raw milk of sheep,2023,21147
Israel,Raw milk of sheep,2024,15247
Israel,Safflower seed,2022,4
Israel,Safflower seed,2023,4
Israel,Safflower seed,2024,4
Israel,"Seed cotton, unginned",2022,50217
Israel,"Seed cotton, unginned",2023,42752
Israel,"Seed cotton, unginned",2024,37127
Israel,Sesame seed,2022,232
Israel,Sesame seed,2023,232
Israel,Sesame seed,2024,232
Israel,"Shorn wool, greasy, including fleece-washed shorn wool",2022,2926
Israel,"Shorn wool, greasy, including fleece-washed shorn wool",2023,2898
Israel,"Shorn wool, greasy, including fleece-washed shorn wool",2024,2930
Israel,Sorghum,2022,7323
Israel,Sorghum,2023,6337
Israel,Sorghum,2024,6551
Israel,Spinach,2022,985
Israel,Spinach,2023,774
Israel,Spinach,2024,640
Israel,Strawberries,2022,104671
Israel,Strawberries,2023,77643
Israel,Strawberries,2024,71634
Israel,Sunflower seed,2022,9199
Israel,Sunflower seed,2023,7359
Israel,Sunflower seed,2024,12879
Israel,Sweet potatoes,2022,36707
Israel,Sweet potatoes,2023,33303
Israel,Sweet potatoes,2024,20952
Israel,"Tangerines, mandarins, clementines",2022,142456
Israel,"Tangerines, mandarins, clementines",2023,170969
Israel,"Tangerines, mandarins, clementines",2024,116795
Israel,Tomatoes,2022,302369
Israel,Tomatoes,2023,334000
Israel,Tomatoes,2024,324959
Israel,Unmanufactured tobacco,2022,20
Israel,Unmanufactured tobacco,2023,20
Israel,Unmanufactured tobacco,2024,20
Israel,Watermelons,2022,50240
Israel,Watermelons,2023,54858
Israel,Watermelons,2024,47057
Israel,Wheat,2022,37065
Israel,Wheat,2023,39264
Israel,Wheat,2024,23650
Jamaica,Avocados,2022,826
Jamaica,Avocados,2023,830
Jamaica,Avocados,2024,828
Jamaica,Bananas,2022,45764
Jamaica,Bananas,2023,44207
Jamaica,Bananas,2024,39576
Jamaica,"Beans, dry",2022,300
Jamaica,"Beans, dry",2023,254
Jamaica,"Beans, dry",2024,245
Jamaica,"Broad beans and horse beans, dry",2022,536
Jamaica,"Broad beans and horse beans, dry",2023,455
Jamaica,"Broad beans and horse beans, dry",2024,437
Jamaica,Cabbages,2022,31731
Jamaica,Cabbages,2023,28500
Jamaica,Cabbages,2024,26003
Jamaica,Cantaloupes and other melons,2022,4447
Jamaica,Cantaloupes and other melons,2023,4058
Jamaica,Cantaloupes and other melons,2024,3399
Jamaica,Carrots and turnips,2022,40226
Jamaica,Carrots and turnips,2023,36306
Jamaica,Carrots and turnips,2024,35630
Jamaica,"Cassava, fresh",2022,8662
Jamaica,"Cassava, fresh",2023,7885
Jamaica,"Cassava, fresh",2024,8451
Jamaica,Cauliflowers and broccoli,2022,5305
Jamaica,Cauliflowers and broccoli,2023,5339
Jamaica,Cauliflowers and broccoli,2024,2734
Jamaica,"Chillies and peppers, dry (Capsicum spp., Pimenta spp.), raw",2022,72994
Jamaica,"Chillies and peppers, dry (Capsicum spp., Pimenta spp.), raw",2023,70973
Jamaica,"Chillies and peppers, dry (Capsicum spp., Pimenta spp.), raw",2024,67908
Jamaica,"Chillies and peppers, green (Capsicum spp. and Pimenta spp.)",2022,51385
Jamaica,"Chillies and peppers, green (Capsicum spp. and Pimenta spp.)",2023,47133
Jamaica,"Chillies and peppers, green (Capsicum spp. and Pimenta spp.)",2024,45704
Jamaica,Cocoa beans,2022,491
Jamaica,Cocoa beans,2023,282
Jamaica,Cocoa beans,2024,375
Jamaica,"Coconuts, in shell",2022,12598
Jamaica,"Coconuts, in shell",2023,12689
Jamaica,"Coconuts, in shell",2024,12783
Jamaica,"Coffee, green",2022,16303
Jamaica,"Coffee, green",2023,18813
Jamaica,"Coffee, green",2024,15049
Jamaica,"Cow peas, dry",2022,968
Jamaica,"Cow peas, dry",2023,862
Jamaica,"Cow peas, dry",2024,730
Jamaica,Cucumbers and gherkins,2022,16242
Jamaica,Cucumbers and gherkins,2023,14123
Jamaica,Cucumbers and gherkins,2024,13603
Jamaica,"Edible roots and tubers with high starch or inulin content, n.e.c., fresh",2022,35336
Jamaica,"Edible roots and tubers with high starch or inulin content, n.e.c., fresh",2023,34627
Jamaica,"Edible roots and tubers with high starch or inulin content, n.e.c., fresh",2024,37754
Jamaica,Eggplants (aubergines),2022,401
Jamaica,Eggplants (aubergines),2023,353
Jamaica,Eggplants (aubergines),2024,389
Jamaica,"Ginger, raw",2022,1869
Jamaica,"Ginger, raw",2023,1427
Jamaica,"Ginger, raw",2024,1315
Jamaica,Green corn (maize),2022,159
Jamaica,Green corn (maize),2023,160
Jamaica,Green corn (maize),2024,161
Jamaica,"Groundnuts, excluding shelled",2022,4669
Jamaica,"Groundnuts, excluding shelled",2023,4666
Jamaica,"Groundnuts, excluding shelled",2024,5052
Jamaica,"Hen eggs in shell, fresh",2022,41146
Jamaica,"Hen eggs in shell, fresh",2023,45114
Jamaica,"Hen eggs in shell, fresh",2024,42659
Jamaica,"Horse meat, fresh or chilled (indigenous)",2022,25
Jamaica,"Horse meat, fresh or chilled (indigenous)",2023,22
Jamaica,"Horse meat, fresh or chilled (indigenous)",2024,28
Jamaica,Lemons and limes,2022,78566
Jamaica,Lemons and limes,2023,78771
Jamaica,Lemons and limes,2024,78975
Jamaica,Lettuce and chicory,2022,33090
Jamaica,Lettuce and chicory,2023,30288
Jamaica,Lettuce and chicory,2024,29530
Jamaica,Maize (corn),2022,7925
Jamaica,Maize (corn),2023,7484
Jamaica,Maize (corn),2024,7778
Jamaica,"Mangoes, guavas and mangosteens",2022,1046
Jamaica,"Mangoes, guavas and mangosteens",2023,1044
Jamaica,"Mangoes, guavas and mangosteens",2024,1043
Jamaica,"Meat of cattle with the bone, fresh or chilled (indigenous)",2022,4970
Jamaica,"Meat of cattle with the bone, fresh or chilled (indigenous)",2023,5039
Jamaica,"Meat of cattle with the bone, fresh or chilled (indigenous)",2024,4783
Jamaica,"Meat of chickens, fresh or chilled (indigenous)",2022,67103
Jamaica,"Meat of chickens, fresh or chilled (indigenous)",2023,65647
Jamaica,"Meat of chickens, fresh or chilled (indigenous)",2024,68069
Jamaica,"Meat of goat, fresh or chilled (indigenous)",2022,1304
Jamaica,"Meat of goat, fresh or chilled (indigenous)",2023,1256
Jamaica,"Meat of goat, fresh or chilled (indigenous)",2024,1118
Jamaica,"Meat of pig with the bone, fresh or chilled (indigenous)",2022,5155
Jamaica,"Meat of pig with the bone, fresh or chilled (indigenous)",2023,5440
Jamaica,"Meat of pig with the bone, fresh or chilled (indigenous)",2024,5407
Jamaica,"Meat of sheep, fresh or chilled (indigenous)",2022,14
Jamaica,"Meat of sheep, fresh or chilled (indigenous)",2023,11
Jamaica,"Meat of sheep, fresh or chilled (indigenous)",2024,9
Jamaica,Natural honey,2022,6572
Jamaica,Natural honey,2023,6574
Jamaica,Natural honey,2024,6576
Jamaica,Okra,2022,10252
Jamaica,Okra,2023,9208
Jamaica,Okra,2024,8835
Jamaica,"Onions and shallots, dry (excluding dehydrated)",2022,4413
Jamaica,"Onions and shallots, dry (excluding dehydrated)",2023,8246
Jamaica,"Onions and shallots, dry (excluding dehydrated)",2024,6330
Jamaica,"Onions and shallots, green",2022,11163
Jamaica,"Onions and shallots, green",2023,8581
Jamaica,"Onions and shallots, green",2024,7940
Jamaica,Oranges,2022,178594
Jamaica,Oranges,2023,185012
Jamaica,Oranges,2024,175262
Jamaica,"Other fibre crops, raw, n.e.c.",2022,185
Jamaica,"Other fibre crops, raw, n.e.c.",2023,181
Jamaica,"Other fibre crops, raw, n.e.c.",2024,185
Jamaica,"Other stimulant, spice and aromatic crops, n.e.c.",2022,2925
Jamaica,"Other stimulant, spice and aromatic crops, n.e.c.",2023,2080
Jamaica,"Other stimulant, spice and aromatic crops, n.e.c.",2024,1679
Jamaica,"Other tropical fruits, n.e.c.",2022,11323
Jamaica,"Other tropical fruits, n.e.c.",2023,11304
Jamaica,"Other tropical fruits, n.e.c.",2024,11285
Jamaica,"Other vegetables, fresh n.e.c.",2022,20104
Jamaica,"Other vegetables, fresh n.e.c.",2023,20157
Jamaica,"Other vegetables, fresh n.e.c.",2024,20077
Jamaica,Papayas,2022,13665
Jamaica,Papayas,2023,10771
Jamaica,Papayas,2024,10236
Jamaica,"Peas, dry",2022,2500
Jamaica,"Peas, dry",2023,2169
Jamaica,"Peas, dry",2024,1883
Jamaica,"Pigeon peas, dry",2022,1475
Jamaica,"Pigeon peas, dry",2023,1291
Jamaica,"Pigeon peas, dry",2024,1193
Jamaica,Pineapples,2022,52205
Jamaica,Pineapples,2023,49675
Jamaica,Pineapples,2024,51768
Jamaica,Plantains and cooking bananas,2022,48894
Jamaica,Plantains and cooking bananas,2023,49295
Jamaica,Plantains and cooking bananas,2024,45243
Jamaica,Pomelos and grapefruits,2022,40730
Jamaica,Pomelos and grapefruits,2023,40826
Jamaica,Pomelos and grapefruits,2024,40934
Jamaica,Potatoes,2022,20421
Jamaica,Potatoes,2023,14550
Jamaica,Potatoes,2024,12165
Jamaica,"Pumpkins, squash and gourds",2022,45305
Jamaica,"Pumpkins, squash and gourds",2023,42170
Jamaica,"Pumpkins, squash and gourds",2024,41927
Jamaica,Raw milk of cattle,2022,7811
Jamaica,Raw milk of cattle,2023,6548
Jamaica,Raw milk of cattle,2024,6169
Jamaica,"Sisal, raw",2022,195
Jamaica,"Sisal, raw",2023,195
Jamaica,"Sisal, raw",2024,195
Jamaica,Spinach,2022,10257
Jamaica,Spinach,2023,9007
Jamaica,Spinach,2024,8545
Jamaica,String beans,2022,7454
Jamaica,String beans,2023,6872
Jamaica,String beans,2024,6580
Jamaica,Sugar cane,2022,16861
Jamaica,Sugar cane,2023,14571
Jamaica,Sugar cane,2024,15067
Jamaica,Sweet potatoes,2022,59041
Jamaica,Sweet potatoes,2023,47654
Jamaica,Sweet potatoes,2024,53758
Jamaica,"Tangerines, mandarins, clementines",2022,4424
Jamaica,"Tangerines, mandarins, clementines",2023,4771
Jamaica,"Tangerines, mandarins, clementines",2024,4776
Jamaica,Tomatoes,2022,36433
Jamaica,Tomatoes,2023,31186
Jamaica,Tomatoes,2024,29811
Jamaica,Unmanufactured tobacco,2022,1582
Jamaica,Unmanufactured tobacco,2023,1580
Jamaica,Unmanufactured tobacco,2024,1577
Jamaica,Watermelons,2022,13633
Jamaica,Watermelons,2023,14059
Jamaica,Watermelons,2024,13341
Jamaica,Yams,2022,239237
Jamaica,Yams,2023,224796
Jamaica,Yams,2024,221000
Japan,Apples,2022,1680731
Japan,Apples,2023,1377237
Japan,Apples,2024,1501228
Japan,Apricots,2022,197680
Japan,Apricots,2023,195429
Japan,Apricots,2024,105593
Japan,Asparagus,2022,221237
Japan,Asparagus,2023,209324
Japan,Asparagus,2024,216203
Japan,Bananas,2022,27
Japan,Bananas,2023,26
Japan,Bananas,2024,27
Japan,Barley,2022,290931
Japan,Barley,2023,289684
Japan,Barley,2024,231448
Japan,"Beans, dry",2022,231173
Japan,"Beans, dry",2023,164928
Japan,"Beans, dry",2024,239397
Japan,"Broad beans and horse beans, dry",2022,295
Japan,"Broad beans and horse beans, dry",2023,294
Japan,"Broad beans and horse beans, dry",2024,293
Japan,"Broad beans and horse beans, green",2022,74689
Japan,"Broad beans and horse beans, green",2023,64504
Japan,"Broad beans and horse beans, green",2024,62552
Japan,Buckwheat,2022,107995
Japan,Buckwheat,2023,96116
Japan,Buckwheat,2024,109075
Japan,Cabbages,2022,1000341
Japan,Cabbages,2023,983875
Japan,Cabbages,2024,969649
Japan,Cantaloupes and other melons,2022,485465
Japan,Cantaloupes and other melons,2023,495011
Japan,Cantaloupes and other melons,2024,485055
Japan,Carrots and turnips,2022,572512
Japan,Carrots and turnips,2023,557661
Japan,Carrots and turnips,2024,563317
Japan,Cauliflowers and broccoli,2022,483529
Japan,Cauliflowers and broccoli,2023,479564
Japan,Cauliflowers and broccoli,2024,480699
Japan,Cherries,2022,282399
Japan,Cherries,2023,303447
Japan,Cherries,2024,201713
Japan,"Chestnuts, in shell",2022,68004
Japan,"Chestnuts, in shell",2023,65389
Japan,"Chestnuts, in shell",2024,61030
Japan,"Chillies and peppers, green (Capsicum spp. and Pimenta spp.)",2022,518662
Japan,"Chillies and peppers, green (Capsicum spp. and Pimenta spp.)",2023,497916
Japan,"Chillies and peppers, green (Capsicum spp. and Pimenta spp.)",2024,494458
Japan,Cucumbers and gherkins,2022,1364753
Japan,Cucumbers and gherkins,2023,1318979
Japan,Cucumbers and gherkins,2024,1251065
Japan,"Edible roots and tubers with high starch or inulin content, n.e.c., fresh",2022,153847
Japan,"Edible roots and tubers with high starch or inulin content, n.e.c., fresh",2023,152935
Japan,"Edible roots and tubers with high starch or inulin content, n.e.c., fresh",2024,151883
Japan,Eggplants (aubergines),2022,850510
Japan,Eggplants (aubergines),2023,833766
Japan,Eggplants (aubergines),2024,808938
Japan,"Ginger, raw",2022,235124
Japan,"Ginger, raw",2023,232070
Japan,"Ginger, raw",2024,229331
Japan,Grapes,2022,893487
Japan,Grapes,2023,917665
Japan,Grapes,2024,904477
Japan,Green corn (maize),2022,384846
Japan,Green corn (maize),2023,391481
Japan,Green corn (maize),2024,382102
Japan,Green garlic,2022,275106
Japan,Green garlic,2023,272409
Japan,Green garlic,2024,278477
Japan,"Groundnuts, excluding shelled",2022,118655
Japan,"Groundnuts, excluding shelled",2023,106451
Japan,"Groundnuts, excluding shelled",2024,100348
Japan,"Hen eggs in shell, fresh",2022,5049556
Japan,"Hen eggs in shell, fresh",2023,4738992
Japan,"Hen eggs in shell, fresh",2024,4843894
Japan,Hop cones,2022,17061
Japan,Hop cones,2023,17021
Japan,Hop cones,2024,17086
Japan,"Horse meat, fresh or chilled (indigenous)",2022,40295
Japan,"Horse meat, fresh or chilled (indigenous)",2023,36621
Japan,"Horse meat, fresh or chilled (indigenous)",2024,29528
Japan,Kiwi fruit,2022,81242
Japan,Kiwi fruit,2023,78404
Japan,Kiwi fruit,2024,73279
Japan,Lettuce and chicory,2022,774328
Japan,Lettuce and chicory,2023,764943
Japan,Lettuce and chicory,2024,778497
Japan,Maize (corn),2022,39
Japan,Maize (corn),2023,39
Japan,Maize (corn),2024,39
Japan,"Mangoes, guavas and mangosteens",2022,81847
Japan,"Mangoes, guavas and mangosteens",2023,81910
Japan,"Mangoes, guavas and mangosteens",2024,81827
Japan,"Meat of cattle with the bone, fresh or chilled (indigenous)",2022,12240947
Japan,"Meat of cattle with the bone, fresh or chilled (indigenous)",2023,12587240
Japan,"Meat of cattle with the bone, fresh or chilled (indigenous)",2024,11591477
Japan,"Meat of chickens, fresh or chilled (indigenous)",2022,6915832
Japan,"Meat of chickens, fresh or chilled (indigenous)",2023,6953062
Japan,"Meat of chickens, fresh or chilled (indigenous)",2024,7193958
Japan,"Meat of goat, fresh or chilled (indigenous)",2022,130
Japan,"Meat of goat, fresh or chilled (indigenous)",2023,125
Japan,"Meat of goat, fresh or chilled (indigenous)",2024,122
Japan,"Meat of pig with the bone, fresh or chilled (indigenous)",2022,6457265
Japan,"Meat of pig with the bone, fresh or chilled (indigenous)",2023,6459554
Japan,"Meat of pig with the bone, fresh or chilled (indigenous)",2024,6304507
Japan,"Meat of sheep, fresh or chilled (indigenous)",2022,835
Japan,"Meat of sheep, fresh or chilled (indigenous)",2023,852
Japan,"Meat of sheep, fresh or chilled (indigenous)",2024,877
Japan,"Meat of turkeys, fresh or chilled (indigenous)",2022,23
Japan,"Meat of turkeys, fresh or chilled (indigenous)",2023,22
Japan,"Meat of turkeys, fresh or chilled (indigenous)",2024,21
Japan,Millet,2022,55
Japan,Millet,2023,55
Japan,Millet,2024,55
Japan,Mushrooms and truffles,2022,2039520
Japan,Mushrooms and truffles,2023,2159486
Japan,Mushrooms and truffles,2024,2189762
Japan,Natural honey,2022,50787
Japan,Natural honey,2023,52978
Japan,Natural honey,2024,53001
Japan,Oats,2022,49
Japan,Oats,2023,52
Japan,Oats,2024,51
Japan,"Onions and shallots, dry (excluding dehydrated)",2022,881209
Japan,"Onions and shallots, dry (excluding dehydrated)",2023,848679
Japan,"Onions and shallots, dry (excluding dehydrated)",2024,790847
Japan,"Onions and shallots, green",2022,406139
Japan,"Onions and shallots, green",2023,385374
Japan,"Onions and shallots, green",2024,399670
Japan,Oranges,2022,28307
Japan,Oranges,2023,28272
Japan,Oranges,2024,28288
Japan,"Other citrus fruit, n.e.c.",2022,57973
Japan,"Other citrus fruit, n.e.c.",2023,57817
Japan,"Other citrus fruit, n.e.c.",2024,57848
Japan,Other stone fruits,2022,21080
Japan,Other stone fruits,2023,19247
Japan,Other stone fruits,2024,18164
Japan,"Other vegetables, fresh n.e.c.",2022,1606339
Japan,"Other vegetables, fresh n.e.c.",2023,1605974
Japan,"Other vegetables, fresh n.e.c.",2024,1605610
Japan,Peaches and nectarines,2022,423066
Japan,Peaches and nectarines,2023,396285
Japan,Peaches and nectarines,2024,397009
Japan,Pears,2022,639764
Japan,Pears,2023,582151
Japan,Pears,2024,567820
Japan,"Peas, dry",2022,5020
Japan,"Peas, dry",2023,5019
Japan,"Peas, dry",2024,5020
Japan,"Peas, green",2022,280375
Japan,"Peas, green",2023,244459
Japan,"Peas, green",2024,241907
Japan,Persimmons,2022,405083
Japan,Persimmons,2023,347160
Japan,Persimmons,2024,313606
Japan,Pineapples,2022,8822
Japan,Pineapples,2023,8025
Japan,Pineapples,2024,7695
Japan,Plums and sloes,2022,71434
Japan,Plums and sloes,2023,64975
Japan,Plums and sloes,2024,62315
Japan,Potatoes,2022,2292080
Japan,Potatoes,2023,2373402
Japan,Potatoes,2024,2245353
Japan,"Pumpkins, squash and gourds",2022,276399
Japan,"Pumpkins, squash and gourds",2023,241641
Japan,"Pumpkins, squash and gourds",2024,247262
Japan,Quinces,2022,621
Japan,Quinces,2023,619
Japan,Quinces,2024,619
Japan,Rape or colza seed,2022,4462
Japan,Rape or colza seed,2023,4462
Japan,Rape or colza seed,2024,3807
Japan,Raw milk of cattle,2022,6742918
Japan,Raw milk of cattle,2023,6460950
Japan,Raw milk of cattle,2024,6512749
Japan,Rice,2022,18437599
Japan,Rice,2023,17881877
Japan,Rice,2024,17892463
Japan,Silk-worm cocoons suitable for reeling,2022,928
Japan,Silk-worm cocoons suitable for reeling,2023,819
Japan,Silk-worm cocoons suitable for reeling,2024,691
Japan,Soya beans,2022,336275
Japan,Soya beans,2023,361205
Japan,Soya beans,2024,349571
Japan,Spinach,2022,838866
Japan,Spinach,2023,826871
Japan,Spinach,2024,800169
Japan,Strawberries,2022,1549322
Japan,Strawberries,2023,1556054
Japan,Strawberries,2024,1541150
Japan,String beans,2022,232461
Japan,String beans,2023,215606
Japan,String beans,2024,210288
Japan,Sugar beet,2022,361759
Japan,Sugar beet,2023,347268
Japan,Sugar beet,2024,355636
Japan,Sugar cane,2022,244677
Japan,Sugar cane,2023,227365
Japan,Sugar cane,2024,222616
Japan,Sweet potatoes,2022,1392251
Japan,Sweet potatoes,2023,1402242
Japan,Sweet potatoes,2024,1404593
Japan,"Tangerines, mandarins, clementines",2022,1335310
Japan,"Tangerines, mandarins, clementines",2023,1334135
Japan,"Tangerines, mandarins, clementines",2024,1238967
Japan,Taro,2022,398016
Japan,Taro,2023,363581
Japan,Taro,2024,339940
Japan,Tea leaves,2022,4440297
Japan,Tea leaves,2023,4291438
Japan,Tea leaves,2024,4282050
Japan,Tomatoes,2022,1771662
Japan,Tomatoes,2023,1705340
Japan,Tomatoes,2024,1658290
Japan,Unmanufactured tobacco,2022,174426
Japan,Unmanufactured tobacco,2023,173235
Japan,Unmanufactured tobacco,2024,165568
Japan,Watermelons,2022,431662
Japan,Watermelons,2023,414992
Japan,Watermelons,2024,396798
Japan,Wheat,2022,269700
Japan,Wheat,2023,296982
Japan,Wheat,2024,279337
Japan,Yams,2022,389862
Japan,Yams,2023,405982
Japan,Yams,2024,410865
Jordan,"Almonds, in shell",2022,3387
Jordan,"Almonds, in shell",2023,4860
Jordan,"Almonds, in shell",2024,3278
Jordan,Apples,2022,12054
Jordan,Apples,2023,12368
Jordan,Apples,2024,12555
Jordan,Apricots,2022,22909
Jordan,Apricots,2023,27259
Jordan,Apricots,2024,27695
Jordan,Bananas,2022,32858
Jordan,Bananas,2023,45404
Jordan,Bananas,2024,42437
Jordan,Barley,2022,12044
Jordan,Barley,2023,18621
Jordan,Barley,2024,18070
Jordan,"Broad beans and horse beans, green",2022,10456
Jordan,"Broad beans and horse beans, green",2023,14922
Jordan,"Broad beans and horse beans, green",2024,14717
Jordan,Cabbages,2022,8586
Jordan,Cabbages,2023,9157
Jordan,Cabbages,2024,7295
Jordan,Cantaloupes and other melons,2022,31113
Jordan,Cantaloupes and other melons,2023,22656
Jordan,Cantaloupes and other melons,2024,22584
Jordan,Carrots and turnips,2022,11992
Jordan,Carrots and turnips,2023,12707
Jordan,Carrots and turnips,2024,9114
Jordan,Cauliflowers and broccoli,2022,18160
Jordan,Cauliflowers and broccoli,2023,22954
Jordan,Cauliflowers and broccoli,2024,19514
Jordan,Cherries,2022,994
Jordan,Cherries,2023,3067
Jordan,Cherries,2024,1983
Jordan,"Chick peas, dry",2022,3218
Jordan,"Chick peas, dry",2023,4553
Jordan,"Chick peas, dry",2024,4381
Jordan,"Chillies and peppers, green (Capsicum spp. and Pimenta spp.)",2022,42850
Jordan,"Chillies and peppers, green (Capsicum spp. and Pimenta spp.)",2023,59049
Jordan,"Chillies and peppers, green (Capsicum spp. and Pimenta spp.)",2024,60724
Jordan,Cucumbers and gherkins,2022,80956
Jordan,Cucumbers and gherkins,2023,97640
Jordan,Cucumbers and gherkins,2024,90743
Jordan,Dates,2022,43718
Jordan,Dates,2023,46872
Jordan,Dates,2024,48294
Jordan,Eggplants (aubergines),2022,20086
Jordan,Eggplants (aubergines),2023,23193
Jordan,Eggplants (aubergines),2024,21651
Jordan,Figs,2022,1598
Jordan,Figs,2023,1718
Jordan,Figs,2024,1640
Jordan,Grapes,2022,48330
Jordan,Grapes,2023,41453
Jordan,Grapes,2024,29300
Jordan,Green garlic,2022,10237
Jordan,Green garlic,2023,6746
Jordan,Green garlic,2024,9493
Jordan,"Hen eggs in shell, fresh",2022,165704
Jordan,"Hen eggs in shell, fresh",2023,179256
Jordan,"Hen eggs in shell, fresh",2024,159512
Jordan,Lemons and limes,2022,26425
Jordan,Lemons and limes,2023,36829
Jordan,Lemons and limes,2024,41970
Jordan,"Lentils, dry",2022,777
Jordan,"Lentils, dry",2023,710
Jordan,"Lentils, dry",2024,660
Jordan,Lettuce and chicory,2022,14793
Jordan,Lettuce and chicory,2023,17242
Jordan,Lettuce and chicory,2024,13982
Jordan,"Meat of camels, fresh or chilled (indigenous)",2022,3005
Jordan,"Meat of camels, fresh or chilled (indigenous)",2023,2916
Jordan,"Meat of camels, fresh or chilled (indigenous)",2024,2740
Jordan,"Meat of cattle with the bone, fresh or chilled (indigenous)",2022,390989
Jordan,"Meat of cattle with the bone, fresh or chilled (indigenous)",2023,345860
Jordan,"Meat of cattle with the bone, fresh or chilled (indigenous)",2024,229672
Jordan,"Meat of chickens, fresh or chilled (indigenous)",2022,762399
Jordan,"Meat of chickens, fresh or chilled (indigenous)",2023,649745
Jordan,"Meat of chickens, fresh or chilled (indigenous)",2024,911776
Jordan,"Meat of ducks, fresh or chilled (indigenous)",2022,385
Jordan,"Meat of ducks, fresh or chilled (indigenous)",2023,396
Jordan,"Meat of ducks, fresh or chilled (indigenous)",2024,408
Jordan,"Meat of geese, fresh or chilled (indigenous)",2022,10
Jordan,"Meat of geese, fresh or chilled (indigenous)",2023,10
Jordan,"Meat of geese, fresh or chilled (indigenous)",2024,9
Jordan,"Meat of goat, fresh or chilled (indigenous)",2022,45904
Jordan,"Meat of goat, fresh or chilled (indigenous)",2023,94905
Jordan,"Meat of goat, fresh or chilled (indigenous)",2024,56225
Jordan,"Meat of rabbits and hares, fresh or chilled (indigenous)",2022,94
Jordan,"Meat of rabbits and hares, fresh or chilled (indigenous)",2023,96
Jordan,"Meat of rabbits and hares, fresh or chilled (indigenous)",2024,98
Jordan,"Meat of sheep, fresh or chilled (indigenous)",2022,286152
Jordan,"Meat of sheep, fresh or chilled (indigenous)",2023,219931
Jordan,"Meat of sheep, fresh or chilled (indigenous)",2024,157817
Jordan,"Meat of turkeys, fresh or chilled (indigenous)",2022,648
Jordan,"Meat of turkeys, fresh or chilled (indigenous)",2023,641
Jordan,"Meat of turkeys, fresh or chilled (indigenous)",2024,632
Jordan,Mushrooms and truffles,2022,4424
Jordan,Mushrooms and truffles,2023,4511
Jordan,Mushrooms and truffles,2024,4576
Jordan,Natural honey,2022,10940
Jordan,Natural honey,2023,9063
Jordan,Natural honey,2024,11657
Jordan,Okra,2022,13838
Jordan,Okra,2023,15608
Jordan,Okra,2024,17148
Jordan,Olives,2022,189756
Jordan,Olives,2023,197685
Jordan,Olives,2024,257517
Jordan,"Onions and shallots, dry (excluding dehydrated)",2022,40467
Jordan,"Onions and shallots, dry (excluding dehydrated)",2023,51805
Jordan,"Onions and shallots, dry (excluding dehydrated)",2024,49661
Jordan,"Onions and shallots, green",2022,4143
Jordan,"Onions and shallots, green",2023,5958
Jordan,"Onions and shallots, green",2024,3869
Jordan,Oranges,2022,27319
Jordan,Oranges,2023,37557
Jordan,Oranges,2024,28449
Jordan,"Other beans, green",2022,637
Jordan,"Other beans, green",2023,603
Jordan,"Other beans, green",2024,623
Jordan,"Other citrus fruit, n.e.c.",2022,697
Jordan,"Other citrus fruit, n.e.c.",2023,313
Jordan,"Other citrus fruit, n.e.c.",2024,345
Jordan,"Other fruits, n.e.c.",2022,16752
Jordan,"Other fruits, n.e.c.",2023,22597
Jordan,"Other fruits, n.e.c.",2024,24161
Jordan,"Other vegetables, fresh n.e.c.",2022,31624
Jordan,"Other vegetables, fresh n.e.c.",2023,29601
Jordan,"Other vegetables, fresh n.e.c.",2024,21964
Jordan,Peaches and nectarines,2022,79072
Jordan,Peaches and nectarines,2023,85617
Jordan,Peaches and nectarines,2024,84610
Jordan,Pears,2022,1914
Jordan,Pears,2023,1294
Jordan,Pears,2024,1593
Jordan,"Peas, green",2022,1407
Jordan,"Peas, green",2023,2397
Jordan,"Peas, green",2024,1946
Jordan,Plums and sloes,2022,2960
Jordan,Plums and sloes,2023,4408
Jordan,Plums and sloes,2024,3371
Jordan,Pomelos and grapefruits,2022,3404
Jordan,Pomelos and grapefruits,2023,4054
Jordan,Pomelos and grapefruits,2024,2381
Jordan,Potatoes,2022,60230
Jordan,Potatoes,2023,80602
Jordan,Potatoes,2024,67138
Jordan,"Pumpkins, squash and gourds",2022,34868
Jordan,"Pumpkins, squash and gourds",2023,37886
Jordan,"Pumpkins, squash and gourds",2024,32281
Jordan,Quinces,2022,25
Jordan,Quinces,2023,21
Jordan,Quinces,2024,21
Jordan,Raw milk of cattle,2022,274204
Jordan,Raw milk of cattle,2023,326309
Jordan,Raw milk of cattle,2024,260149
Jordan,Raw milk of goats,2022,12256
Jordan,Raw milk of goats,2023,29899
Jordan,Raw milk of goats,2024,28652
Jordan,Raw milk of sheep,2022,120969
Jordan,Raw milk of sheep,2023,153979
Jordan,Raw milk of sheep,2024,136130
Jordan,Sesame seed,2022,283
Jordan,Sesame seed,2023,330
Jordan,Sesame seed,2024,310
Jordan,"Shorn wool, greasy, including fleece-washed shorn wool",2022,7504
Jordan,"Shorn wool, greasy, including fleece-washed shorn wool",2023,7551
Jordan,"Shorn wool, greasy, including fleece-washed shorn wool",2024,7597
Jordan,Sorghum,2022,132
Jordan,Sorghum,2023,154
Jordan,Sorghum,2024,170
Jordan,Spinach,2022,4143
Jordan,Spinach,2023,4394
Jordan,Spinach,2024,3334
Jordan,Strawberries,2022,6820
Jordan,Strawberries,2023,16621
Jordan,Strawberries,2024,18599
Jordan,String beans,2022,9697
Jordan,String beans,2023,12904
Jordan,String beans,2024,8497
Jordan,"Tangerines, mandarins, clementines",2022,10800
Jordan,"Tangerines, mandarins, clementines",2023,9913
Jordan,"Tangerines, mandarins, clementines",2024,9076
Jordan,Tomatoes,2022,162649
Jordan,Tomatoes,2023,158599
Jordan,Tomatoes,2024,151047
Jordan,Unmanufactured tobacco,2023,631
Jordan,Unmanufactured tobacco,2024,615
Jordan,Vetches,2022,1088
Jordan,Vetches,2023,989
Jordan,Vetches,2024,579
Jordan,"Walnuts, in shell",2022,29
Jordan,"Walnuts, in shell",2023,4
Jordan,"Walnuts, in shell",2024,13
Jordan,Watermelons,2022,26492
Jordan,Watermelons,2023,21347
Jordan,Watermelons,2024,15888
Jordan,Wheat,2022,11521
Jordan,Wheat,2023,14747
Jordan,Wheat,2024,19017
Kazakhstan,"Almonds, in shell",2022,120
Kazakhstan,"Almonds, in shell",2023,121
Kazakhstan,"Almonds, in shell",2024,121
Kazakhstan,Apples,2022,146243
Kazakhstan,Apples,2023,137267
Kazakhstan,Apples,2024,123189
Kazakhstan,Apricots,2022,11361
Kazakhstan,Apricots,2023,15965
Kazakhstan,Apricots,2024,16670
Kazakhstan,Artichokes,2022,434
Kazakhstan,Artichokes,2023,441
Kazakhstan,Artichokes,2024,437
Kazakhstan,Barley,2022,343274
Kazakhstan,Barley,2023,272957
Kazakhstan,Barley,2024,400963
Kazakhstan,"Beans, dry",2022,55279
Kazakhstan,"Beans, dry",2023,64098
Kazakhstan,"Beans, dry",2024,114685
Kazakhstan,"Broad beans and horse beans, green",2022,10109
Kazakhstan,"Broad beans and horse beans, green",2023,10137
Kazakhstan,"Broad beans and horse beans, green",2024,10141
Kazakhstan,Buckwheat,2022,18078
Kazakhstan,Buckwheat,2023,16808
Kazakhstan,Buckwheat,2024,17974
Kazakhstan,Cabbages,2022,107430
Kazakhstan,Cabbages,2023,107325
Kazakhstan,Cabbages,2024,92668
Kazakhstan,Cantaloupes and other melons,2022,279896
Kazakhstan,Cantaloupes and other melons,2023,316074
Kazakhstan,Cantaloupes and other melons,2024,345391
Kazakhstan,Carrots and turnips,2022,148882
Kazakhstan,Carrots and turnips,2023,133470
Kazakhstan,Carrots and turnips,2024,121451
Kazakhstan,Cauliflowers and broccoli,2022,960
Kazakhstan,Cauliflowers and broccoli,2023,967
Kazakhstan,Cauliflowers and broccoli,2024,963
Kazakhstan,Cereals n.e.c.,2022,10161
Kazakhstan,Cereals n.e.c.,2023,6034
Kazakhstan,Cereals n.e.c.,2024,15071
Kazakhstan,Cherries,2022,175
Kazakhstan,Cherries,2023,148
Kazakhstan,Cherries,2024,154
Kazakhstan,"Chick peas, dry",2022,1704
Kazakhstan,"Chick peas, dry",2023,1257
Kazakhstan,"Chick peas, dry",2024,1969
Kazakhstan,Chicory roots,2022,573
Kazakhstan,Chicory roots,2023,570
Kazakhstan,Chicory roots,2024,566
Kazakhstan,"Chillies and peppers, dry (Capsicum spp., Pimenta spp.), raw",2022,1188
Kazakhstan,"Chillies and peppers, dry (Capsicum spp., Pimenta spp.), raw",2023,1183
Kazakhstan,"Chillies and peppers, dry (Capsicum spp., Pimenta spp.), raw",2024,1186
Kazakhstan,"Chillies and peppers, green (Capsicum spp. and Pimenta spp.)",2022,92698
Kazakhstan,"Chillies and peppers, green (Capsicum spp. and Pimenta spp.)",2023,94654
Kazakhstan,"Chillies and peppers, green (Capsicum spp. and Pimenta spp.)",2024,77255
Kazakhstan,Cucumbers and gherkins,2022,367344
Kazakhstan,Cucumbers and gherkins,2023,353706
Kazakhstan,Cucumbers and gherkins,2024,283297
Kazakhstan,Eggplants (aubergines),2022,36191
Kazakhstan,Eggplants (aubergines),2023,37800
Kazakhstan,Eggplants (aubergines),2024,31464
Kazakhstan,"Eggs from other birds in shell, fresh, n.e.c.",2022,3727
Kazakhstan,"Eggs from other birds in shell, fresh, n.e.c.",2023,2210
Kazakhstan,"Eggs from other birds in shell, fresh, n.e.c.",2024,2701
Kazakhstan,Grapes,2022,43806
Kazakhstan,Grapes,2023,33625
Kazakhstan,Grapes,2024,29808
Kazakhstan,Green corn (maize),2022,177
Kazakhstan,Green corn (maize),2023,178
Kazakhstan,Green corn (maize),2024,178
Kazakhstan,"Groundnuts, excluding shelled",2022,9
Kazakhstan,"Groundnuts, excluding shelled",2023,9
Kazakhstan,"Groundnuts, excluding shelled",2024,9
Kazakhstan,"Hen eggs in shell, fresh",2022,294530
Kazakhstan,"Hen eggs in shell, fresh",2023,288001
Kazakhstan,"Hen eggs in shell, fresh",2024,291575
Kazakhstan,"Horse meat, fresh or chilled (indigenous)",2022,696364
Kazakhstan,"Horse meat, fresh or chilled (indigenous)",2023,741871
Kazakhstan,"Horse meat, fresh or chilled (indigenous)",2024,760363
Kazakhstan,Leeks and other alliaceous vegetables,2022,166951
Kazakhstan,Leeks and other alliaceous vegetables,2023,167793
Kazakhstan,Leeks and other alliaceous vegetables,2024,167308
Kazakhstan,Linseed,2022,228553
Kazakhstan,Linseed,2023,97756
Kazakhstan,Linseed,2024,205296
Kazakhstan,Maize (corn),2022,158617
Kazakhstan,Maize (corn),2023,171768
Kazakhstan,Maize (corn),2024,145201
Kazakhstan,"Meat of camels, fresh or chilled (indigenous)",2022,35434
Kazakhstan,"Meat of camels, fresh or chilled (indigenous)",2023,35124
Kazakhstan,"Meat of camels, fresh or chilled (indigenous)",2024,41243
Kazakhstan,"Meat of cattle with the bone, fresh or chilled (indigenous)",2022,1334529
Kazakhstan,"Meat of cattle with the bone, fresh or chilled (indigenous)",2023,1395415
Kazakhstan,"Meat of cattle with the bone, fresh or chilled (indigenous)",2024,1500231
Kazakhstan,"Meat of chickens, fresh or chilled (indigenous)",2022,477727
Kazakhstan,"Meat of chickens, fresh or chilled (indigenous)",2023,555394
Kazakhstan,"Meat of chickens, fresh or chilled (indigenous)",2024,595268
Kazakhstan,"Meat of goat, fresh or chilled (indigenous)",2022,76254
Kazakhstan,"Meat of goat, fresh or chilled (indigenous)",2023,76760
Kazakhstan,"Meat of goat, fresh or chilled (indigenous)",2024,73230
Kazakhstan,"Meat of pig with the bone, fresh or chilled (indigenous)",2022,163964
Kazakhstan,"Meat of pig with the bone, fresh or chilled (indigenous)",2023,160459
Kazakhstan,"Meat of pig with the bone, fresh or chilled (indigenous)",2024,145198
Kazakhstan,"Meat of rabbits and hares, fresh or chilled (indigenous)",2022,123
Kazakhstan,"Meat of rabbits and hares, fresh or chilled (indigenous)",2023,91
Kazakhstan,"Meat of rabbits and hares, fresh or chilled (indigenous)",2024,66
Kazakhstan,"Meat of sheep, fresh or chilled (indigenous)",2022,600390
Kazakhstan,"Meat of sheep, fresh or chilled (indigenous)",2023,609934
Kazakhstan,"Meat of sheep, fresh or chilled (indigenous)",2024,590517
Kazakhstan,Millet,2022,4372
Kazakhstan,Millet,2023,4125
Kazakhstan,Millet,2024,7639
Kazakhstan,Mushrooms and truffles,2022,1159
Kazakhstan,Mushrooms and truffles,2023,1161
Kazakhstan,Mushrooms and truffles,2024,1162
Kazakhstan,Mustard seed,2022,3983
Kazakhstan,Mustard seed,2023,5255
Kazakhstan,Mustard seed,2024,6738
Kazakhstan,Natural honey,2022,17057
Kazakhstan,Natural honey,2023,17399
Kazakhstan,Natural honey,2024,21767
Kazakhstan,Oats,2022,17758
Kazakhstan,Oats,2023,11605
Kazakhstan,Oats,2024,25567
Kazakhstan,"Onions and shallots, dry (excluding dehydrated)",2022,141179
Kazakhstan,"Onions and shallots, dry (excluding dehydrated)",2023,142954
Kazakhstan,"Onions and shallots, dry (excluding dehydrated)",2024,133098
Kazakhstan,"Other beans, green",2022,746
Kazakhstan,"Other beans, green",2023,750
Kazakhstan,"Other beans, green",2024,748
Kazakhstan,Other berries and fruits of the genus vaccinium n.e.c.,2022,21550
Kazakhstan,Other berries and fruits of the genus vaccinium n.e.c.,2023,21559
Kazakhstan,Other berries and fruits of the genus vaccinium n.e.c.,2024,21568
Kazakhstan,"Other citrus fruit, n.e.c.",2022,292
Kazakhstan,"Other citrus fruit, n.e.c.",2023,293
Kazakhstan,"Other citrus fruit, n.e.c.",2024,293
Kazakhstan,"Other fruits, n.e.c.",2022,5656
Kazakhstan,"Other fruits, n.e.c.",2023,5629
Kazakhstan,"Other fruits, n.e.c.",2024,5658
Kazakhstan,"Other nuts (excluding wild edible nuts and groundnuts), in shell, n.e.c.",2022,697
Kazakhstan,"Other nuts (excluding wild edible nuts and groundnuts), in shell, n.e.c.",2023,693
Kazakhstan,"Other nuts (excluding wild edible nuts and groundnuts), in shell, n.e.c.",2024,696
Kazakhstan,"Other oil seeds, n.e.c.",2022,13570
Kazakhstan,"Other oil seeds, n.e.c.",2023,12789
Kazakhstan,"Other oil seeds, n.e.c.",2024,9982
Kazakhstan,Peaches and nectarines,2022,2974
Kazakhstan,Peaches and nectarines,2023,2890
Kazakhstan,Peaches and nectarines,2024,3019
Kazakhstan,Pears,2022,9311
Kazakhstan,Pears,2023,7550
Kazakhstan,Pears,2024,6081
Kazakhstan,"Peas, dry",2022,26928
Kazakhstan,"Peas, dry",2023,27768
Kazakhstan,"Peas, dry",2024,30171
Kazakhstan,"Peas, green",2022,484
Kazakhstan,"Peas, green",2023,487
Kazakhstan,"Peas, green",2024,485
Kazakhstan,Plums and sloes,2022,5478
Kazakhstan,Plums and sloes,2023,4842
Kazakhstan,Plums and sloes,2024,4556
Kazakhstan,Potatoes,2022,484688
Kazakhstan,Potatoes,2023,449961
Kazakhstan,Potatoes,2024,579191
Kazakhstan,Quinces,2022,409
Kazakhstan,Quinces,2023,412
Kazakhstan,Quinces,2024,410
Kazakhstan,Rape or colza seed,2022,44167
Kazakhstan,Rape or colza seed,2023,28856
Kazakhstan,Rape or colza seed,2024,67000
Kazakhstan,Raspberries,2022,13797
Kazakhstan,Raspberries,2023,16527
Kazakhstan,Raspberries,2024,14019
Kazakhstan,Raw milk of camel,2022,33008
Kazakhstan,Raw milk of camel,2023,34928
Kazakhstan,Raw milk of camel,2024,31362
Kazakhstan,Raw milk of cattle,2022,1139749
Kazakhstan,Raw milk of cattle,2023,1178325
Kazakhstan,Raw milk of cattle,2024,1232397
Kazakhstan,Raw milk of goats,2022,416
Kazakhstan,Raw milk of goats,2023,446
Kazakhstan,Raw milk of goats,2024,484
Kazakhstan,Rice,2022,96444
Kazakhstan,Rice,2023,108470
Kazakhstan,Rice,2024,114685
Kazakhstan,Rye,2022,7340
Kazakhstan,Rye,2023,2190
Kazakhstan,Rye,2024,3841
Kazakhstan,Safflower seed,2022,79499
Kazakhstan,Safflower seed,2023,43026
Kazakhstan,Safflower seed,2024,40636
Kazakhstan,"Seed cotton, unginned",2022,147948
Kazakhstan,"Seed cotton, unginned",2023,134010
Kazakhstan,"Seed cotton, unginned",2024,123350
Kazakhstan,"Shorn wool, greasy, including fleece-washed shorn wool",2022,31623
Kazakhstan,"Shorn wool, greasy, including fleece-washed shorn wool",2023,27867
Kazakhstan,"Shorn wool, greasy, including fleece-washed shorn wool",2024,27636
Kazakhstan,Sorghum,2022,2357
Kazakhstan,Sorghum,2023,1503
Kazakhstan,Sorghum,2024,2660
Kazakhstan,Sour cherries,2022,118
Kazakhstan,Sour cherries,2023,118
Kazakhstan,Sour cherries,2024,118
Kazakhstan,Soya beans,2022,76695
Kazakhstan,Soya beans,2023,62463
Kazakhstan,Soya beans,2024,63560
Kazakhstan,Strawberries,2022,9005
Kazakhstan,Strawberries,2023,10009
Kazakhstan,Strawberries,2024,9406
Kazakhstan,Sugar beet,2022,11852
Kazakhstan,Sugar beet,2023,19785
Kazakhstan,Sugar beet,2024,49199
Kazakhstan,Sunflower seed,2022,368378
Kazakhstan,Sunflower seed,2023,349202
Kazakhstan,Sunflower seed,2024,518079
Kazakhstan,Tomatoes,2022,587589
Kazakhstan,Tomatoes,2023,581038
Kazakhstan,Tomatoes,2024,452096
Kazakhstan,Unmanufactured tobacco,2022,2040
Kazakhstan,Unmanufactured tobacco,2023,2162
Kazakhstan,Unmanufactured tobacco,2024,220
Kazakhstan,"Walnuts, in shell",2022,4897
Kazakhstan,"Walnuts, in shell",2023,4559
Kazakhstan,"Walnuts, in shell",2024,4324
Kazakhstan,Watermelons,2022,177872
Kazakhstan,Watermelons,2023,189695
Kazakhstan,Watermelons,2024,127834
Kazakhstan,Wheat,2022,2320587
Kazakhstan,Wheat,2023,1713215
Kazakhstan,Wheat,2024,2627868
Kenya,"Anise, badian, coriander, cumin, caraway, fennel and juniper berries, raw",2022,18964
Kenya,"Anise, badian, coriander, cumin, caraway, fennel and juniper berries, raw",2023,19757
Kenya,"Anise, badian, coriander, cumin, caraway, fennel and juniper berries, raw",2024,12654
Kenya,Apples,2022,770
Kenya,Apples,2023,184
Kenya,Apples,2024,286
Kenya,Apricots,2022,44
Kenya,Apricots,2023,44
Kenya,Apricots,2024,44
Kenya,Asparagus,2022,332
Kenya,Asparagus,2023,41
Kenya,Asparagus,2024,177
Kenya,Avocados,2022,87736
Kenya,Avocados,2023,118881
Kenya,Avocados,2024,116226
Kenya,Bananas,2022,857794
Kenya,Bananas,2023,743373
Kenya,Bananas,2024,861424
Kenya,Barley,2022,7726
Kenya,Barley,2023,12650
Kenya,Barley,2024,18561
Kenya,"Beans, dry",2022,598919
Kenya,"Beans, dry",2023,687428
Kenya,"Beans, dry",2024,721663
Kenya,Beeswax,2022,14099
Kenya,Beeswax,2023,16032
Kenya,Beeswax,2024,20168
Kenya,"Broad beans and horse beans, green",2022,5008
Kenya,"Broad beans and horse beans, green",2023,5688
Kenya,"Broad beans and horse beans, green",2024,5369
Kenya,Cabbages,2022,403020
Kenya,Cabbages,2023,292795
Kenya,Cabbages,2024,263738
Kenya,Carrots and turnips,2022,16527
Kenya,Carrots and turnips,2023,16217
Kenya,Carrots and turnips,2024,14400
Kenya,"Cashew nuts, in shell",2022,3309
Kenya,"Cashew nuts, in shell",2023,3573
Kenya,"Cashew nuts, in shell",2024,3099
Kenya,"Cassava, fresh",2022,276576
Kenya,"Cassava, fresh",2023,302140
Kenya,"Cassava, fresh",2024,307160
Kenya,Castor oil seeds,2022,1950
Kenya,Castor oil seeds,2023,1820
Kenya,Castor oil seeds,2024,1950
Kenya,Cauliflowers and broccoli,2022,204
Kenya,Cauliflowers and broccoli,2023,108
Kenya,Cauliflowers and broccoli,2024,253
Kenya,"Chick peas, dry",2022,1166
Kenya,"Chick peas, dry",2023,1156
Kenya,"Chick peas, dry",2024,1162
Kenya,"Chillies and peppers, dry (Capsicum spp., Pimenta spp.), raw",2022,1331
Kenya,"Chillies and peppers, dry (Capsicum spp., Pimenta spp.), raw",2023,1326
Kenya,"Chillies and peppers, dry (Capsicum spp., Pimenta spp.), raw",2024,1319
Kenya,"Chillies and peppers, green (Capsicum spp. and Pimenta spp.)",2022,7016
Kenya,"Chillies and peppers, green (Capsicum spp. and Pimenta spp.)",2023,15977
Kenya,"Chillies and peppers, green (Capsicum spp. and Pimenta spp.)",2024,9853
Kenya,"Cloves (whole stems), raw",2022,4592
Kenya,"Cloves (whole stems), raw",2023,4603
Kenya,"Cloves (whole stems), raw",2024,4586
Kenya,"Coconuts, in shell",2022,13122
Kenya,"Coconuts, in shell",2023,14942
Kenya,"Coconuts, in shell",2024,15946
Kenya,"Coffee, green",2022,212712
Kenya,"Coffee, green",2023,199597
Kenya,"Coffee, green",2024,202876
Kenya,"Cow peas, dry",2022,83244
Kenya,"Cow peas, dry",2023,123708
Kenya,"Cow peas, dry",2024,56252
Kenya,Cucumbers and gherkins,2022,3512
Kenya,Cucumbers and gherkins,2023,1559
Kenya,Cucumbers and gherkins,2024,1288
Kenya,Dates,2022,560
Kenya,Dates,2023,561
Kenya,Dates,2024,562
Kenya,"Edible roots and tubers with high starch or inulin content, n.e.c., fresh",2022,4446
Kenya,"Edible roots and tubers with high starch or inulin content, n.e.c., fresh",2023,4435
Kenya,"Edible roots and tubers with high starch or inulin content, n.e.c., fresh",2024,4424
Kenya,"Game meat, fresh, chilled or frozen",2022,47170
Kenya,"Game meat, fresh, chilled or frozen",2023,48216
Kenya,"Game meat, fresh, chilled or frozen",2024,49283
Kenya,"Ginger, raw",2022,723
Kenya,"Ginger, raw",2023,19
Kenya,"Ginger, raw",2024,419
Kenya,Green garlic,2022,6811
Kenya,Green garlic,2023,5557
Kenya,Green garlic,2024,5869
Kenya,"Groundnuts, excluding shelled",2022,21407
Kenya,"Groundnuts, excluding shelled",2023,18414
Kenya,"Groundnuts, excluding shelled",2024,10508
Kenya,"Hen eggs in shell, fresh",2022,165378
Kenya,"Hen eggs in shell, fresh",2023,206141
Kenya,"Hen eggs in shell, fresh",2024,191508
Kenya,Leeks and other alliaceous vegetables,2022,98
Kenya,Leeks and other alliaceous vegetables,2023,97
Kenya,Leeks and other alliaceous vegetables,2024,98
Kenya,Lemons and limes,2022,15502
Kenya,Lemons and limes,2023,30433
Kenya,Lemons and limes,2024,31021
Kenya,"Lentils, dry",2022,901
Kenya,"Lentils, dry",2023,908
Kenya,"Lentils, dry",2024,909
Kenya,Lettuce and chicory,2022,373
Kenya,Lettuce and chicory,2023,40
Kenya,Lettuce and chicory,2024,98
Kenya,Linseed,2022,86
Kenya,Linseed,2023,86
Kenya,Linseed,2024,86
Kenya,Maize (corn),2022,988620
Kenya,Maize (corn),2023,1374477
Kenya,Maize (corn),2024,1290375
Kenya,"Mangoes, guavas and mangosteens",2022,99070
Kenya,"Mangoes, guavas and mangosteens",2023,102971
Kenya,"Mangoes, guavas and mangosteens",2024,102281
Kenya,"Meat of camels, fresh or chilled (indigenous)",2022,83813
Kenya,"Meat of camels, fresh or chilled (indigenous)",2023,190221
Kenya,"Meat of camels, fresh or chilled (indigenous)",2024,247003
Kenya,"Meat of cattle with the bone, fresh or chilled (indigenous)",2022,722035
Kenya,"Meat of cattle with the bone, fresh or chilled (indigenous)",2023,773231
Kenya,"Meat of cattle with the bone, fresh or chilled (indigenous)",2024,846604
Kenya,"Meat of chickens, fresh or chilled (indigenous)",2022,392056
Kenya,"Meat of chickens, fresh or chilled (indigenous)",2023,394087
Kenya,"Meat of chickens, fresh or chilled (indigenous)",2024,410403
Kenya,"Meat of goat, fresh or chilled (indigenous)",2022,237341
Kenya,"Meat of goat, fresh or chilled (indigenous)",2023,326324
Kenya,"Meat of goat, fresh or chilled (indigenous)",2024,410111
Kenya,"Meat of pig with the bone, fresh or chilled (indigenous)",2022,134885
Kenya,"Meat of pig with the bone, fresh or chilled (indigenous)",2023,89493
Kenya,"Meat of pig with the bone, fresh or chilled (indigenous)",2024,77070
Kenya,"Meat of rabbits and hares, fresh or chilled (indigenous)",2022,2620
Kenya,"Meat of rabbits and hares, fresh or chilled (indigenous)",2023,2664
Kenya,"Meat of rabbits and hares, fresh or chilled (indigenous)",2024,2683
Kenya,"Meat of sheep, fresh or chilled (indigenous)",2022,167330
Kenya,"Meat of sheep, fresh or chilled (indigenous)",2023,219647
Kenya,"Meat of sheep, fresh or chilled (indigenous)",2024,239750
Kenya,Millet,2022,51713
Kenya,Millet,2023,75459
Kenya,Millet,2024,57195
Kenya,Natural honey,2022,115211
Kenya,Natural honey,2023,99913
Kenya,Natural honey,2024,113376
Kenya,"Nutmeg, mace, cardamoms, raw",2022,153
Kenya,"Nutmeg, mace, cardamoms, raw",2023,154
Kenya,"Nutmeg, mace, cardamoms, raw",2024,152
Kenya,Oats,2022,572
Kenya,Oats,2023,571
Kenya,Oats,2024,571
Kenya,Okra,2022,5347
Kenya,Okra,2023,7641
Kenya,Okra,2024,7158
Kenya,"Onions and shallots, dry (excluding dehydrated)",2022,72886
Kenya,"Onions and shallots, dry (excluding dehydrated)",2023,78275
Kenya,"Onions and shallots, dry (excluding dehydrated)",2024,85977
Kenya,Oranges,2022,32626
Kenya,Oranges,2023,42652
Kenya,Oranges,2024,32867
Kenya,"Other beans, green",2022,21460
Kenya,"Other beans, green",2023,21473
Kenya,"Other beans, green",2024,21459
Kenya,"Other citrus fruit, n.e.c.",2022,44051
Kenya,"Other citrus fruit, n.e.c.",2023,44278
Kenya,"Other citrus fruit, n.e.c.",2024,44233
Kenya,"Other fruits, n.e.c.",2022,10969
Kenya,"Other fruits, n.e.c.",2023,10925
Kenya,"Other fruits, n.e.c.",2024,10945
Kenya,"Other nuts (excluding wild edible nuts and groundnuts), in shell, n.e.c.",2022,48145
Kenya,"Other nuts (excluding wild edible nuts and groundnuts), in shell, n.e.c.",2023,48469
Kenya,"Other nuts (excluding wild edible nuts and groundnuts), in shell, n.e.c.",2024,48195
Kenya,Other pulses n.e.c.,2022,91921
Kenya,Other pulses n.e.c.,2023,92631
Kenya,Other pulses n.e.c.,2024,92632
Kenya,"Other stimulant, spice and aromatic crops, n.e.c.",2022,672
Kenya,"Other stimulant, spice and aromatic crops, n.e.c.",2023,675
Kenya,"Other stimulant, spice and aromatic crops, n.e.c.",2024,673
Kenya,"Other vegetables, fresh n.e.c.",2022,433988
Kenya,"Other vegetables, fresh n.e.c.",2023,431769
Kenya,"Other vegetables, fresh n.e.c.",2024,431781
Kenya,Papayas,2022,24337
Kenya,Papayas,2023,28742
Kenya,Papayas,2024,32013
Kenya,Peaches and nectarines,2022,74
Kenya,Peaches and nectarines,2023,10
Kenya,Peaches and nectarines,2024,469
Kenya,Pears,2022,342
Kenya,Pears,2023,487
Kenya,Pears,2024,406
Kenya,"Peas, green",2022,123879
Kenya,"Peas, green",2023,108411
Kenya,"Peas, green",2024,94270
Kenya,"Pepper (Piper spp.), raw",2022,10214
Kenya,"Pepper (Piper spp.), raw",2023,10724
Kenya,"Pepper (Piper spp.), raw",2024,10567
Kenya,"Pigeon peas, dry",2022,95858
Kenya,"Pigeon peas, dry",2023,110078
Kenya,"Pigeon peas, dry",2024,58021
Kenya,Pineapples,2022,36359
Kenya,Pineapples,2023,33392
Kenya,Pineapples,2024,28207
Kenya,Plantains and cooking bananas,2022,10279
Kenya,Plantains and cooking bananas,2023,10129
Kenya,Plantains and cooking bananas,2024,10134
Kenya,Plums and sloes,2022,222
Kenya,Plums and sloes,2023,230
Kenya,Plums and sloes,2024,809
Kenya,Pomelos and grapefruits,2022,565
Kenya,Pomelos and grapefruits,2023,83
Kenya,Pomelos and grapefruits,2024,145
Kenya,Potatoes,2022,662903
Kenya,Potatoes,2023,835922
Kenya,Potatoes,2024,791843
Kenya,"Pyrethrum, dried flowers",2022,1749
Kenya,"Pyrethrum, dried flowers",2023,3113
Kenya,"Pyrethrum, dried flowers",2024,3028
Kenya,Raw milk of camel,2022,628500
Kenya,Raw milk of camel,2023,744381
Kenya,Raw milk of camel,2024,811717
Kenya,Raw milk of cattle,2022,2630001
Kenya,Raw milk of cattle,2023,2609610
Kenya,Raw milk of cattle,2024,3047266
Kenya,Raw milk of goats,2022,131262
Kenya,Raw milk of goats,2023,142906
Kenya,Raw milk of goats,2024,151602
Kenya,Raw milk of sheep,2022,51498
Kenya,Raw milk of sheep,2023,54109
Kenya,Raw milk of sheep,2024,58101
Kenya,Rice,2022,107381
Kenya,Rice,2023,127911
Kenya,Rice,2024,157556
Kenya,"Seed cotton, unginned",2022,1654
Kenya,"Seed cotton, unginned",2023,1699
Kenya,"Seed cotton, unginned",2024,2741
Kenya,Sesame seed,2022,645
Kenya,Sesame seed,2023,772
Kenya,Sesame seed,2024,1214
Kenya,"Shorn wool, greasy, including fleece-washed shorn wool",2022,1853
Kenya,"Shorn wool, greasy, including fleece-washed shorn wool",2023,1856
Kenya,"Shorn wool, greasy, including fleece-washed shorn wool",2024,1858
Kenya,"Sisal, raw",2022,52745
Kenya,"Sisal, raw",2023,41830
Kenya,"Sisal, raw",2024,34246
Kenya,Sorghum,2022,68123
Kenya,Sorghum,2023,112531
Kenya,Sorghum,2024,137467
Kenya,Spinach,2022,25828
Kenya,Spinach,2023,27803
Kenya,Spinach,2024,39837
Kenya,Strawberries,2022,1343
Kenya,Strawberries,2023,1719
Kenya,Strawberries,2024,249
Kenya,Sugar cane,2022,294408
Kenya,Sugar cane,2023,185886
Kenya,Sugar cane,2024,313327
Kenya,Sunflower seed,2022,1531
Kenya,Sunflower seed,2023,1531
Kenya,Sunflower seed,2024,1531
Kenya,Sweet potatoes,2022,206226
Kenya,Sweet potatoes,2023,230784
Kenya,Sweet potatoes,2024,297569
Kenya,"Tangerines, mandarins, clementines",2022,15603
Kenya,"Tangerines, mandarins, clementines",2023,8717
Kenya,"Tangerines, mandarins, clementines",2024,11103
Kenya,Tea leaves,2022,6146667
Kenya,Tea leaves,2023,6552344
Kenya,Tea leaves,2024,6830420
Kenya,Tomatoes,2022,401447
Kenya,Tomatoes,2023,370989
Kenya,Tomatoes,2024,332631
Kenya,Unmanufactured tobacco,2022,17452
Kenya,Unmanufactured tobacco,2023,21549
Kenya,Unmanufactured tobacco,2024,21764
Kenya,"Vanilla, raw",2022,9
Kenya,"Vanilla, raw",2023,8
Kenya,"Vanilla, raw",2024,8
Kenya,Watermelons,2022,68653
Kenya,Watermelons,2023,49104
Kenya,Watermelons,2024,34529
Kenya,Wheat,2022,138464
Kenya,Wheat,2023,116230
Kenya,Wheat,2024,117247
Kenya,Yams,2022,1461
Kenya,Yams,2023,3197
Kenya,Yams,2024,2994
Kuwait,Barley,2022,3301
Kuwait,Barley,2023,3418
Kuwait,Barley,2024,3455
Kuwait,"Broad beans and horse beans, green",2022,48
Kuwait,"Broad beans and horse beans, green",2023,58
Kuwait,"Broad beans and horse beans, green",2024,59
Kuwait,Cabbages,2022,2524
Kuwait,Cabbages,2023,3013
Kuwait,Cabbages,2024,3015
Kuwait,Cantaloupes and other melons,2022,696
Kuwait,Cantaloupes and other melons,2023,714
Kuwait,Cantaloupes and other melons,2024,562
Kuwait,Carrots and turnips,2022,73
Kuwait,Carrots and turnips,2023,85
Kuwait,Carrots and turnips,2024,156
Kuwait,Cauliflowers and broccoli,2022,2923
Kuwait,Cauliflowers and broccoli,2023,3324
Kuwait,Cauliflowers and broccoli,2024,3578
Kuwait,"Chillies and peppers, green (Capsicum spp. and Pimenta spp.)",2022,4068
Kuwait,"Chillies and peppers, green (Capsicum spp. and Pimenta spp.)",2023,5466
Kuwait,"Chillies and peppers, green (Capsicum spp. and Pimenta spp.)",2024,6233
Kuwait,Cucumbers and gherkins,2022,14958
Kuwait,Cucumbers and gherkins,2023,15927
Kuwait,Cucumbers and gherkins,2024,17831
Kuwait,Dates,2022,118877
Kuwait,Dates,2023,116619
Kuwait,Dates,2024,116370
Kuwait,Eggplants (aubergines),2022,2522
Kuwait,Eggplants (aubergines),2023,2937
Kuwait,Eggplants (aubergines),2024,3390
Kuwait,Grapes,2022,388
Kuwait,Grapes,2023,424
Kuwait,Grapes,2024,415
Kuwait,Green garlic,2022,33
Kuwait,Green garlic,2023,21
Kuwait,Green garlic,2024,33
Kuwait,Lemons and limes,2022,252
Kuwait,Lemons and limes,2023,250
Kuwait,Lemons and limes,2024,230
Kuwait,Lettuce and chicory,2022,5399
Kuwait,Lettuce and chicory,2023,5690
Kuwait,Lettuce and chicory,2024,6209
Kuwait,Maize (corn),2022,17743
Kuwait,Maize (corn),2023,20631
Kuwait,Maize (corn),2024,23629
Kuwait,Okra,2022,597
Kuwait,Okra,2023,851
Kuwait,Okra,2024,766
Kuwait,Olives,2022,1310
Kuwait,Olives,2023,1563
Kuwait,Olives,2024,1665
Kuwait,"Onions and shallots, dry (excluding dehydrated)",2022,1059
Kuwait,"Onions and shallots, dry (excluding dehydrated)",2023,1007
Kuwait,"Onions and shallots, dry (excluding dehydrated)",2024,1336
Kuwait,Oranges,2022,263
Kuwait,Oranges,2023,273
Kuwait,Oranges,2024,279
Kuwait,"Other beans, green",2022,668
Kuwait,"Other beans, green",2023,690
Kuwait,"Other beans, green",2024,891
Kuwait,Potatoes,2022,6500
Kuwait,Potatoes,2023,7962
Kuwait,Potatoes,2024,7027
Kuwait,"Pumpkins, squash and gourds",2022,5096
Kuwait,"Pumpkins, squash and gourds",2023,5653
Kuwait,"Pumpkins, squash and gourds",2024,6750
Kuwait,Raw milk of cattle,2022,29049
Kuwait,Raw milk of cattle,2023,28359
Kuwait,Raw milk of cattle,2024,28512
Kuwait,Raw milk of goats,2022,5218
Kuwait,Raw milk of goats,2023,5155
Kuwait,Raw milk of goats,2024,5159
Kuwait,"Shorn wool, greasy, including fleece-washed shorn wool",2022,781
Kuwait,"Shorn wool, greasy, including fleece-washed shorn wool",2023,810
Kuwait,"Shorn wool, greasy, including fleece-washed shorn wool",2024,843
Kuwait,Spinach,2022,145
Kuwait,Spinach,2023,133
Kuwait,Spinach,2024,120
Kuwait,Strawberries,2022,240
Kuwait,Strawberries,2023,174
Kuwait,Strawberries,2024,130
Kuwait,Tomatoes,2022,23889
Kuwait,Tomatoes,2023,26735
Kuwait,Tomatoes,2024,33030
Kuwait,Watermelons,2022,267
Kuwait,Watermelons,2023,763
Kuwait,Watermelons,2024,573
Kuwait,Wheat,2022,31
Kuwait,Wheat,2023,37
Kuwait,Wheat,2024,43
Kyrgyzstan,"Almonds, in shell",2022,1545
Kyrgyzstan,"Almonds, in shell",2023,1550
Kyrgyzstan,"Almonds, in shell",2024,1556
Kyrgyzstan,Apples,2022,23398
Kyrgyzstan,Apples,2023,23236
Kyrgyzstan,Apples,2024,23273
Kyrgyzstan,Apricots,2022,3827
Kyrgyzstan,Apricots,2023,3826
Kyrgyzstan,Apricots,2024,3821
Kyrgyzstan,Barley,2022,90276
Kyrgyzstan,Barley,2023,63923
Kyrgyzstan,Barley,2024,102229
Kyrgyzstan,"Beans, dry",2022,86912
Kyrgyzstan,"Beans, dry",2023,87085
Kyrgyzstan,"Beans, dry",2024,86815
Kyrgyzstan,"Broad beans and horse beans, green",2022,234
Kyrgyzstan,"Broad beans and horse beans, green",2023,229
Kyrgyzstan,"Broad beans and horse beans, green",2024,231
Kyrgyzstan,Buckwheat,2022,7
Kyrgyzstan,Buckwheat,2023,6
Kyrgyzstan,Buckwheat,2024,5
Kyrgyzstan,Cabbages,2022,28693
Kyrgyzstan,Cabbages,2023,28488
Kyrgyzstan,Cabbages,2024,27156
Kyrgyzstan,Carrots and turnips,2022,49367
Kyrgyzstan,Carrots and turnips,2023,48841
Kyrgyzstan,Carrots and turnips,2024,46229
Kyrgyzstan,Cauliflowers and broccoli,2022,169
Kyrgyzstan,Cauliflowers and broccoli,2023,167
Kyrgyzstan,Cauliflowers and broccoli,2024,168
Kyrgyzstan,Cherries,2022,1765
Kyrgyzstan,Cherries,2023,1713
Kyrgyzstan,Cherries,2024,1764
Kyrgyzstan,"Chillies and peppers, dry (Capsicum spp., Pimenta spp.), raw",2022,1087
Kyrgyzstan,"Chillies and peppers, dry (Capsicum spp., Pimenta spp.), raw",2023,1085
Kyrgyzstan,"Chillies and peppers, dry (Capsicum spp., Pimenta spp.), raw",2024,1083
Kyrgyzstan,"Chillies and peppers, green (Capsicum spp. and Pimenta spp.)",2022,1370
Kyrgyzstan,"Chillies and peppers, green (Capsicum spp. and Pimenta spp.)",2023,1373
Kyrgyzstan,"Chillies and peppers, green (Capsicum spp. and Pimenta spp.)",2024,1374
Kyrgyzstan,Cucumbers and gherkins,2022,47676
Kyrgyzstan,Cucumbers and gherkins,2023,49038
Kyrgyzstan,Cucumbers and gherkins,2024,56513
Kyrgyzstan,Currants,2022,15
Kyrgyzstan,Currants,2023,15
Kyrgyzstan,Currants,2024,15
Kyrgyzstan,Eggplants (aubergines),2022,48
Kyrgyzstan,Eggplants (aubergines),2023,47
Kyrgyzstan,Eggplants (aubergines),2024,47
Kyrgyzstan,"Eggs from other birds in shell, fresh, n.e.c.",2022,255
Kyrgyzstan,"Eggs from other birds in shell, fresh, n.e.c.",2023,255
Kyrgyzstan,"Eggs from other birds in shell, fresh, n.e.c.",2024,255
Kyrgyzstan,Gooseberries,2022,15
Kyrgyzstan,Gooseberries,2023,15
Kyrgyzstan,Gooseberries,2024,15
Kyrgyzstan,Grapes,2022,7104
Kyrgyzstan,Grapes,2023,4953
Kyrgyzstan,Grapes,2024,5804
Kyrgyzstan,Green garlic,2022,130993
Kyrgyzstan,Green garlic,2023,141472
Kyrgyzstan,Green garlic,2024,148103
Kyrgyzstan,"Groundnuts, excluding shelled",2022,147
Kyrgyzstan,"Groundnuts, excluding shelled",2023,246
Kyrgyzstan,"Groundnuts, excluding shelled",2024,325
Kyrgyzstan,"Hazelnuts, in shell",2022,4455
Kyrgyzstan,"Hazelnuts, in shell",2023,4468
Kyrgyzstan,"Hazelnuts, in shell",2024,4451
Kyrgyzstan,"Hen eggs in shell, fresh",2022,72728
Kyrgyzstan,"Hen eggs in shell, fresh",2023,82042
Kyrgyzstan,"Hen eggs in shell, fresh",2024,94550
Kyrgyzstan,"Horse meat, fresh or chilled (indigenous)",2022,114188
Kyrgyzstan,"Horse meat, fresh or chilled (indigenous)",2023,112760
Kyrgyzstan,"Horse meat, fresh or chilled (indigenous)",2024,71484
Kyrgyzstan,Kiwi fruit,2022,70
Kyrgyzstan,Kiwi fruit,2023,70
Kyrgyzstan,Kiwi fruit,2024,70
Kyrgyzstan,Linseed,2022,21
Kyrgyzstan,Linseed,2023,21
Kyrgyzstan,Linseed,2024,21
Kyrgyzstan,Maize (corn),2022,172563
Kyrgyzstan,Maize (corn),2023,188416
Kyrgyzstan,Maize (corn),2024,189668
Kyrgyzstan,"Meat of cattle with the bone, fresh or chilled (indigenous)",2022,524852
Kyrgyzstan,"Meat of cattle with the bone, fresh or chilled (indigenous)",2023,538413
Kyrgyzstan,"Meat of cattle with the bone, fresh or chilled (indigenous)",2024,549959
Kyrgyzstan,"Meat of chickens, fresh or chilled (indigenous)",2022,34674
Kyrgyzstan,"Meat of chickens, fresh or chilled (indigenous)",2023,40037
Kyrgyzstan,"Meat of chickens, fresh or chilled (indigenous)",2024,49839
Kyrgyzstan,"Meat of goat, fresh or chilled (indigenous)",2022,41820
Kyrgyzstan,"Meat of goat, fresh or chilled (indigenous)",2023,41400
Kyrgyzstan,"Meat of goat, fresh or chilled (indigenous)",2024,42150
Kyrgyzstan,"Meat of pig with the bone, fresh or chilled (indigenous)",2022,26245
Kyrgyzstan,"Meat of pig with the bone, fresh or chilled (indigenous)",2023,17886
Kyrgyzstan,"Meat of pig with the bone, fresh or chilled (indigenous)",2024,17878
Kyrgyzstan,"Meat of rabbits and hares, fresh or chilled (indigenous)",2022,508
Kyrgyzstan,"Meat of rabbits and hares, fresh or chilled (indigenous)",2023,361
Kyrgyzstan,"Meat of rabbits and hares, fresh or chilled (indigenous)",2024,205
Kyrgyzstan,"Meat of sheep, fresh or chilled (indigenous)",2022,423262
Kyrgyzstan,"Meat of sheep, fresh or chilled (indigenous)",2023,430793
Kyrgyzstan,"Meat of sheep, fresh or chilled (indigenous)",2024,436410
Kyrgyzstan,Millet,2022,22
Kyrgyzstan,Millet,2023,14
Kyrgyzstan,Millet,2024,4
Kyrgyzstan,Mushrooms and truffles,2022,205
Kyrgyzstan,Mushrooms and truffles,2023,205
Kyrgyzstan,Mushrooms and truffles,2024,204
Kyrgyzstan,Mustard seed,2022,4
Kyrgyzstan,Mustard seed,2023,4
Kyrgyzstan,Mustard seed,2024,4
Kyrgyzstan,Natural honey,2022,10916
Kyrgyzstan,Natural honey,2023,10825
Kyrgyzstan,Natural honey,2024,11077
Kyrgyzstan,Oats,2022,471
Kyrgyzstan,Oats,2023,252
Kyrgyzstan,Oats,2024,471
Kyrgyzstan,"Onions and shallots, dry (excluding dehydrated)",2022,56413
Kyrgyzstan,"Onions and shallots, dry (excluding dehydrated)",2023,57970
Kyrgyzstan,"Onions and shallots, dry (excluding dehydrated)",2024,57142
Kyrgyzstan,"Other beans, green",2022,1534
Kyrgyzstan,"Other beans, green",2023,1512
Kyrgyzstan,"Other beans, green",2024,1523
Kyrgyzstan,Other berries and fruits of the genus vaccinium n.e.c.,2022,539
Kyrgyzstan,Other berries and fruits of the genus vaccinium n.e.c.,2023,536
Kyrgyzstan,Other berries and fruits of the genus vaccinium n.e.c.,2024,537
Kyrgyzstan,"Other citrus fruit, n.e.c.",2022,34
Kyrgyzstan,"Other citrus fruit, n.e.c.",2023,34
Kyrgyzstan,"Other citrus fruit, n.e.c.",2024,34
Kyrgyzstan,"Other fruits, n.e.c.",2022,5337
Kyrgyzstan,"Other fruits, n.e.c.",2023,5323
Kyrgyzstan,"Other fruits, n.e.c.",2024,5324
Kyrgyzstan,"Other nuts (excluding wild edible nuts and groundnuts), in shell, n.e.c.",2022,2960
Kyrgyzstan,"Other nuts (excluding wild edible nuts and groundnuts), in shell, n.e.c.",2023,2948
Kyrgyzstan,"Other nuts (excluding wild edible nuts and groundnuts), in shell, n.e.c.",2024,2954
Kyrgyzstan,"Other oil seeds, n.e.c.",2022,4
Kyrgyzstan,"Other oil seeds, n.e.c.",2023,4
Kyrgyzstan,"Other oil seeds, n.e.c.",2024,4
Kyrgyzstan,Other pulses n.e.c.,2022,66481
Kyrgyzstan,Other pulses n.e.c.,2023,59391
Kyrgyzstan,Other pulses n.e.c.,2024,66494
Kyrgyzstan,"Other stimulant, spice and aromatic crops, n.e.c.",2022,229
Kyrgyzstan,"Other stimulant, spice and aromatic crops, n.e.c.",2023,230
Kyrgyzstan,"Other stimulant, spice and aromatic crops, n.e.c.",2024,231
Kyrgyzstan,"Other vegetables, fresh n.e.c.",2022,11722
Kyrgyzstan,"Other vegetables, fresh n.e.c.",2023,14917
Kyrgyzstan,"Other vegetables, fresh n.e.c.",2024,18683
Kyrgyzstan,Peaches and nectarines,2022,1650
Kyrgyzstan,Peaches and nectarines,2023,1652
Kyrgyzstan,Peaches and nectarines,2024,1645
Kyrgyzstan,Pears,2022,1833
Kyrgyzstan,Pears,2023,1838
Kyrgyzstan,Pears,2024,1853
Kyrgyzstan,"Peas, dry",2022,149
Kyrgyzstan,"Peas, dry",2023,53
Kyrgyzstan,"Peas, dry",2024,193
Kyrgyzstan,"Pepper (Piper spp.), raw",2022,567
Kyrgyzstan,"Pepper (Piper spp.), raw",2023,568
Kyrgyzstan,"Pepper (Piper spp.), raw",2024,567
Kyrgyzstan,"Pistachios, in shell",2022,5583
Kyrgyzstan,"Pistachios, in shell",2023,5614
Kyrgyzstan,"Pistachios, in shell",2024,5644
Kyrgyzstan,Plums and sloes,2022,1792
Kyrgyzstan,Plums and sloes,2023,1789
Kyrgyzstan,Plums and sloes,2024,1789
Kyrgyzstan,Potatoes,2022,334336
Kyrgyzstan,Potatoes,2023,342266
Kyrgyzstan,Potatoes,2024,316569
Kyrgyzstan,"Pumpkins, squash and gourds",2022,308
Kyrgyzstan,"Pumpkins, squash and gourds",2023,306
Kyrgyzstan,"Pumpkins, squash and gourds",2024,307
Kyrgyzstan,Quinces,2022,370
Kyrgyzstan,Quinces,2023,368
Kyrgyzstan,Quinces,2024,368
Kyrgyzstan,Rape or colza seed,2022,28
Kyrgyzstan,Rape or colza seed,2023,18
Kyrgyzstan,Rape or colza seed,2024,7
Kyrgyzstan,Raspberries,2022,361
Kyrgyzstan,Raspberries,2023,363
Kyrgyzstan,Raspberries,2024,361
Kyrgyzstan,Raw milk of cattle,2022,570292
Kyrgyzstan,Raw milk of cattle,2023,584588
Kyrgyzstan,Raw milk of cattle,2024,599776
Kyrgyzstan,Raw milk of goats,2022,180
Kyrgyzstan,Raw milk of goats,2023,213
Kyrgyzstan,Raw milk of goats,2024,204
Kyrgyzstan,Rice,2022,54471
Kyrgyzstan,Rice,2023,57569
Kyrgyzstan,Rice,2024,59203
Kyrgyzstan,Rye,2022,192
Kyrgyzstan,Rye,2023,217
Kyrgyzstan,Rye,2024,309
Kyrgyzstan,Safflower seed,2022,2322
Kyrgyzstan,Safflower seed,2023,1537
Kyrgyzstan,Safflower seed,2024,2533
Kyrgyzstan,"Seed cotton, unginned",2022,41102
Kyrgyzstan,"Seed cotton, unginned",2023,34097
Kyrgyzstan,"Seed cotton, unginned",2024,24893
Kyrgyzstan,"Shorn wool, greasy, including fleece-washed shorn wool",2022,4766
Kyrgyzstan,"Shorn wool, greasy, including fleece-washed shorn wool",2023,4791
Kyrgyzstan,"Shorn wool, greasy, including fleece-washed shorn wool",2024,4815
Kyrgyzstan,Silk-worm cocoons suitable for reeling,2022,223
Kyrgyzstan,Silk-worm cocoons suitable for reeling,2023,229
Kyrgyzstan,Silk-worm cocoons suitable for reeling,2024,229
Kyrgyzstan,Sorghum,2022,0
Kyrgyzstan,Sorghum,2023,0
Kyrgyzstan,Sorghum,2024,39
Kyrgyzstan,Soya beans,2022,577
Kyrgyzstan,Soya beans,2023,502
Kyrgyzstan,Soya beans,2024,478
Kyrgyzstan,Strawberries,2022,291
Kyrgyzstan,Strawberries,2023,291
Kyrgyzstan,Strawberries,2024,291
Kyrgyzstan,Sugar beet,2022,22595
Kyrgyzstan,Sugar beet,2023,29975
Kyrgyzstan,Sugar beet,2024,46214
Kyrgyzstan,Sunflower seed,2022,1146
Kyrgyzstan,Sunflower seed,2023,990
Kyrgyzstan,Sunflower seed,2024,788
Kyrgyzstan,Tomatoes,2022,109950
Kyrgyzstan,Tomatoes,2023,124754
Kyrgyzstan,Tomatoes,2024,123548
Kyrgyzstan,Triticale,2022,26
Kyrgyzstan,Triticale,2023,4
Kyrgyzstan,Triticale,2024,9
Kyrgyzstan,Unmanufactured tobacco,2022,456
Kyrgyzstan,Unmanufactured tobacco,2023,543
Kyrgyzstan,Unmanufactured tobacco,2024,364
Kyrgyzstan,"Walnuts, in shell",2022,6882
Kyrgyzstan,"Walnuts, in shell",2023,6933
Kyrgyzstan,"Walnuts, in shell",2024,6905
Kyrgyzstan,Watermelons,2022,32465
Kyrgyzstan,Watermelons,2023,33149
Kyrgyzstan,Watermelons,2024,39327
Kyrgyzstan,Wheat,2022,131427
Kyrgyzstan,Wheat,2023,97690
Kyrgyzstan,Wheat,2024,147469
Lao People's Democratic Republic,Bananas,2022,329968
Lao People's Democratic Republic,Bananas,2023,385258
Lao People's Democratic Republic,Bananas,2024,342823
Lao People's Democratic Republic,"Beans, dry",2022,4974
Lao People's Democratic Republic,"Beans, dry",2023,5025
Lao People's Democratic Republic,"Beans, dry",2024,5077
Lao People's Democratic Republic,Cantaloupes and other melons,2022,8375
Lao People's Democratic Republic,Cantaloupes and other melons,2023,9378
Lao People's Democratic Republic,Cantaloupes and other melons,2024,8606
Lao People's Democratic Republic,"Cassava, fresh",2022,741946
Lao People's Democratic Republic,"Cassava, fresh",2023,954307
Lao People's Democratic Republic,"Cassava, fresh",2024,1129228
Lao People's Democratic Republic,"Chillies and peppers, dry (Capsicum spp., Pimenta spp.), raw",2022,46722
Lao People's Democratic Republic,"Chillies and peppers, dry (Capsicum spp., Pimenta spp.), raw",2023,47018
Lao People's Democratic Republic,"Chillies and peppers, dry (Capsicum spp., Pimenta spp.), raw",2024,47217
Lao People's Democratic Republic,"Chillies and peppers, green (Capsicum spp. and Pimenta spp.)",2022,11671
Lao People's Democratic Republic,"Chillies and peppers, green (Capsicum spp. and Pimenta spp.)",2023,11742
Lao People's Democratic Republic,"Chillies and peppers, green (Capsicum spp. and Pimenta spp.)",2024,11813
Lao People's Democratic Republic,"Coffee, green",2022,98448
Lao People's Democratic Republic,"Coffee, green",2023,105872
Lao People's Democratic Republic,"Coffee, green",2024,100693
Lao People's Democratic Republic,"Eggs from other birds in shell, fresh, n.e.c.",2022,959
Lao People's Democratic Republic,"Eggs from other birds in shell, fresh, n.e.c.",2023,959
Lao People's Democratic Republic,"Eggs from other birds in shell, fresh, n.e.c.",2024,959
Lao People's Democratic Republic,"Groundnuts, excluding shelled",2022,52032
Lao People's Democratic Republic,"Groundnuts, excluding shelled",2023,37593
Lao People's Democratic Republic,"Groundnuts, excluding shelled",2024,39236
Lao People's Democratic Republic,"Hen eggs in shell, fresh",2022,78569
Lao People's Democratic Republic,"Hen eggs in shell, fresh",2023,79028
Lao People's Democratic Republic,"Hen eggs in shell, fresh",2024,78341
Lao People's Democratic Republic,Lemons and limes,2022,11151
Lao People's Democratic Republic,Lemons and limes,2023,11336
Lao People's Democratic Republic,Lemons and limes,2024,11221
Lao People's Democratic Republic,Maize (corn),2022,88030
Lao People's Democratic Republic,Maize (corn),2023,87207
Lao People's Democratic Republic,Maize (corn),2024,98014
Lao People's Democratic Republic,"Mangoes, guavas and mangosteens",2022,2524
Lao People's Democratic Republic,"Mangoes, guavas and mangosteens",2023,2531
Lao People's Democratic Republic,"Mangoes, guavas and mangosteens",2024,2519
Lao People's Democratic Republic,"Meat of buffalo, fresh or chilled (indigenous)",2022,138254
Lao People's Democratic Republic,"Meat of buffalo, fresh or chilled (indigenous)",2023,135313
Lao People's Democratic Republic,"Meat of buffalo, fresh or chilled (indigenous)",2024,109422
Lao People's Democratic Republic,"Meat of cattle with the bone, fresh or chilled (indigenous)",2022,259617
Lao People's Democratic Republic,"Meat of cattle with the bone, fresh or chilled (indigenous)",2023,273943
Lao People's Democratic Republic,"Meat of cattle with the bone, fresh or chilled (indigenous)",2024,263118
Lao People's Democratic Republic,"Meat of chickens, fresh or chilled (indigenous)",2022,186269
Lao People's Democratic Republic,"Meat of chickens, fresh or chilled (indigenous)",2023,193028
Lao People's Democratic Republic,"Meat of chickens, fresh or chilled (indigenous)",2024,173987
Lao People's Democratic Republic,"Meat of ducks, fresh or chilled (indigenous)",2022,18017
Lao People's Democratic Republic,"Meat of ducks, fresh or chilled (indigenous)",2023,18530
Lao People's Democratic Republic,"Meat of ducks, fresh or chilled (indigenous)",2024,16976
Lao People's Democratic Republic,"Meat of geese, fresh or chilled (indigenous)",2022,2201
Lao People's Democratic Republic,"Meat of geese, fresh or chilled (indigenous)",2023,2216
Lao People's Democratic Republic,"Meat of geese, fresh or chilled (indigenous)",2024,2233
Lao People's Democratic Republic,"Meat of goat, fresh or chilled (indigenous)",2022,11236
Lao People's Democratic Republic,"Meat of goat, fresh or chilled (indigenous)",2023,15987
Lao People's Democratic Republic,"Meat of goat, fresh or chilled (indigenous)",2024,134
Lao People's Democratic Republic,"Meat of pig with the bone, fresh or chilled (indigenous)",2022,394196
Lao People's Democratic Republic,"Meat of pig with the bone, fresh or chilled (indigenous)",2023,403607
Lao People's Democratic Republic,"Meat of pig with the bone, fresh or chilled (indigenous)",2024,419788
Lao People's Democratic Republic,"Nutmeg, mace, cardamoms, raw",2022,27011
Lao People's Democratic Republic,"Nutmeg, mace, cardamoms, raw",2023,28640
Lao People's Democratic Republic,"Nutmeg, mace, cardamoms, raw",2024,29500
Lao People's Democratic Republic,Oranges,2022,86560
Lao People's Democratic Republic,Oranges,2023,86564
Lao People's Democratic Republic,Oranges,2024,86568
Lao People's Democratic Republic,"Other fruits, n.e.c.",2022,29587
Lao People's Democratic Republic,"Other fruits, n.e.c.",2023,29705
Lao People's Democratic Republic,"Other fruits, n.e.c.",2024,29648
Lao People's Democratic Republic,Other pulses n.e.c.,2022,893
Lao People's Democratic Republic,Other pulses n.e.c.,2023,459
Lao People's Democratic Republic,Other pulses n.e.c.,2024,450
Lao People's Democratic Republic,Other stone fruits,2022,23340
Lao People's Democratic Republic,Other stone fruits,2023,23370
Lao People's Democratic Republic,Other stone fruits,2024,23319
Lao People's Democratic Republic,"Other vegetables, fresh n.e.c.",2022,1214773
Lao People's Democratic Republic,"Other vegetables, fresh n.e.c.",2023,1269291
Lao People's Democratic Republic,"Other vegetables, fresh n.e.c.",2024,1275688
Lao People's Democratic Republic,Pineapples,2022,37888
Lao People's Democratic Republic,Pineapples,2023,35483
Lao People's Democratic Republic,Pineapples,2024,38122
Lao People's Democratic Republic,Pomelos and grapefruits,2022,8773
Lao People's Democratic Republic,Pomelos and grapefruits,2023,8790
Lao People's Democratic Republic,Pomelos and grapefruits,2024,8807
Lao People's Democratic Republic,Potatoes,2022,216
Lao People's Democratic Republic,Potatoes,2023,182
Lao People's Democratic Republic,Potatoes,2024,1094
Lao People's Democratic Republic,"Ramie, raw or retted",2022,5106
Lao People's Democratic Republic,"Ramie, raw or retted",2023,5087
Lao People's Democratic Republic,"Ramie, raw or retted",2024,5096
Lao People's Democratic Republic,Raw milk of cattle,2022,15036
Lao People's Democratic Republic,Raw milk of cattle,2023,15457
Lao People's Democratic Republic,Raw milk of cattle,2024,15860
Lao People's Democratic Republic,Rice,2022,1279761
Lao People's Democratic Republic,Rice,2023,1319905
Lao People's Democratic Republic,Rice,2024,1269325
Lao People's Democratic Republic,"Seed cotton, unginned",2022,751
Lao People's Democratic Republic,"Seed cotton, unginned",2023,437
Lao People's Democratic Republic,"Seed cotton, unginned",2024,607
Lao People's Democratic Republic,Sesame seed,2022,16418
Lao People's Democratic Republic,Sesame seed,2023,16884
Lao People's Democratic Republic,Sesame seed,2024,16231
Lao People's Democratic Republic,Soya beans,2022,4853
Lao People's Democratic Republic,Soya beans,2023,7711
Lao People's Democratic Republic,Soya beans,2024,8058
Lao People's Democratic Republic,Sugar cane,2022,294867
Lao People's Democratic Republic,Sugar cane,2023,324660
Lao People's Democratic Republic,Sugar cane,2024,322623
Lao People's Democratic Republic,Sweet potatoes,2022,68762
Lao People's Democratic Republic,Sweet potatoes,2023,64993
Lao People's Democratic Republic,Sweet potatoes,2024,74371
Lao People's Democratic Republic,"Tangerines, mandarins, clementines",2022,84351
Lao People's Democratic Republic,"Tangerines, mandarins, clementines",2023,84932
Lao People's Democratic Republic,"Tangerines, mandarins, clementines",2024,84653
Lao People's Democratic Republic,Tea leaves,2022,46463
Lao People's Democratic Republic,Tea leaves,2023,47547
Lao People's Democratic Republic,Tea leaves,2024,50888
Lao People's Democratic Republic,Unmanufactured tobacco,2022,61247
Lao People's Democratic Republic,Unmanufactured tobacco,2023,78755
Lao People's Democratic Republic,Unmanufactured tobacco,2024,49583
Lao People's Democratic Republic,Watermelons,2022,89208
Lao People's Democratic Republic,Watermelons,2023,108040
Lao People's Democratic Republic,Watermelons,2024,95010
Lebanon,"Almonds, in shell",2022,11087
Lebanon,"Almonds, in shell",2023,11588
Lebanon,"Almonds, in shell",2024,11340
Lebanon,"Anise, badian, coriander, cumin, caraway, fennel and juniper berries, raw",2022,184
Lebanon,"Anise, badian, coriander, cumin, caraway, fennel and juniper berries, raw",2023,184
Lebanon,"Anise, badian, coriander, cumin, caraway, fennel and juniper berries, raw",2024,185
Lebanon,Apples,2022,235476
Lebanon,Apples,2023,235539
Lebanon,Apples,2024,207920
Lebanon,Apricots,2022,24405
Lebanon,Apricots,2023,22392
Lebanon,Apricots,2024,24458
Lebanon,Artichokes,2022,1402
Lebanon,Artichokes,2023,1493
Lebanon,Artichokes,2024,1463
Lebanon,Avocados,2022,136093
Lebanon,Avocados,2023,270639
Lebanon,Avocados,2024,309225
Lebanon,Bananas,2022,27041
Lebanon,Bananas,2023,27134
Lebanon,Bananas,2024,24550
Lebanon,Barley,2022,8878
Lebanon,Barley,2023,7037
Lebanon,Barley,2024,5127
Lebanon,"Beans, dry",2022,6021
Lebanon,"Beans, dry",2023,6171
Lebanon,"Beans, dry",2024,6143
Lebanon,"Broad beans and horse beans, dry",2022,612
Lebanon,"Broad beans and horse beans, dry",2023,665
Lebanon,"Broad beans and horse beans, dry",2024,647
Lebanon,"Broad beans and horse beans, green",2022,10988
Lebanon,"Broad beans and horse beans, green",2023,11189
Lebanon,"Broad beans and horse beans, green",2024,11078
Lebanon,Cabbages,2022,18461
Lebanon,Cabbages,2023,18305
Lebanon,Cabbages,2024,18523
Lebanon,Cantaloupes and other melons,2022,14515
Lebanon,Cantaloupes and other melons,2023,14901
Lebanon,Cantaloupes and other melons,2024,14704
Lebanon,Carrots and turnips,2022,4491
Lebanon,Carrots and turnips,2023,4883
Lebanon,Carrots and turnips,2024,4738
Lebanon,Cauliflowers and broccoli,2022,10480
Lebanon,Cauliflowers and broccoli,2023,10579
Lebanon,Cauliflowers and broccoli,2024,10537
Lebanon,Cherries,2022,52542
Lebanon,Cherries,2023,52643
Lebanon,Cherries,2024,56881
Lebanon,"Chick peas, dry",2022,7074
Lebanon,"Chick peas, dry",2023,6769
Lebanon,"Chick peas, dry",2024,6416
Lebanon,"Chillies and peppers, green (Capsicum spp. and Pimenta spp.)",2022,7553
Lebanon,"Chillies and peppers, green (Capsicum spp. and Pimenta spp.)",2023,7349
Lebanon,"Chillies and peppers, green (Capsicum spp. and Pimenta spp.)",2024,7454
Lebanon,Cucumbers and gherkins,2022,101531
Lebanon,Cucumbers and gherkins,2023,89297
Lebanon,Cucumbers and gherkins,2024,92557
Lebanon,Eggplants (aubergines),2022,35280
Lebanon,Eggplants (aubergines),2023,34975
Lebanon,Eggplants (aubergines),2024,47438
Lebanon,Figs,2022,6312
Lebanon,Figs,2023,5746
Lebanon,Figs,2024,5502
Lebanon,Grapes,2022,189944
Lebanon,Grapes,2023,192729
Lebanon,Grapes,2024,210290
Lebanon,Green garlic,2022,4960
Lebanon,Green garlic,2023,4943
Lebanon,Green garlic,2024,4926
Lebanon,"Groundnuts, excluding shelled",2022,8387
Lebanon,"Groundnuts, excluding shelled",2023,8408
Lebanon,"Groundnuts, excluding shelled",2024,8430
Lebanon,"Hen eggs in shell, fresh",2022,53469
Lebanon,"Hen eggs in shell, fresh",2023,104718
Lebanon,"Hen eggs in shell, fresh",2024,104696
Lebanon,Lemons and limes,2022,47313
Lebanon,Lemons and limes,2023,44346
Lebanon,Lemons and limes,2024,47878
Lebanon,"Lentils, dry",2022,2545
Lebanon,"Lentils, dry",2023,2184
Lebanon,"Lentils, dry",2024,2358
Lebanon,Lettuce and chicory,2022,12384
Lebanon,Lettuce and chicory,2023,12352
Lebanon,Lettuce and chicory,2024,12354
Lebanon,Locust beans (carobs),2022,3939
Lebanon,Locust beans (carobs),2023,3935
Lebanon,Locust beans (carobs),2024,3944
Lebanon,Lupins,2022,37
Lebanon,Lupins,2023,37
Lebanon,Lupins,2024,37
Lebanon,Maize (corn),2022,603
Lebanon,Maize (corn),2023,603
Lebanon,Maize (corn),2024,1005
Lebanon,"Meat of cattle with the bone, fresh or chilled (indigenous)",2022,51683
Lebanon,"Meat of cattle with the bone, fresh or chilled (indigenous)",2023,1
Lebanon,"Meat of cattle with the bone, fresh or chilled (indigenous)",2024,1
Lebanon,"Meat of chickens, fresh or chilled (indigenous)",2022,350167
Lebanon,"Meat of chickens, fresh or chilled (indigenous)",2023,353869
Lebanon,"Meat of chickens, fresh or chilled (indigenous)",2024,359424
Lebanon,"Meat of goat, fresh or chilled (indigenous)",2022,11889
Lebanon,"Meat of goat, fresh or chilled (indigenous)",2023,12664
Lebanon,"Meat of goat, fresh or chilled (indigenous)",2024,12884
Lebanon,"Meat of pig with the bone, fresh or chilled (indigenous)",2022,2204
Lebanon,"Meat of pig with the bone, fresh or chilled (indigenous)",2023,2209
Lebanon,"Meat of pig with the bone, fresh or chilled (indigenous)",2024,2213
Lebanon,"Meat of sheep, fresh or chilled (indigenous)",2022,13752
Lebanon,"Meat of sheep, fresh or chilled (indigenous)",2023,23292
Lebanon,"Meat of sheep, fresh or chilled (indigenous)",2024,0
Lebanon,Natural honey,2022,24087
Lebanon,Natural honey,2023,22969
Lebanon,Natural honey,2024,22172
Lebanon,Oats,2022,31
Lebanon,Oats,2023,31
Lebanon,Oats,2024,31
Lebanon,Okra,2022,2359
Lebanon,Okra,2023,2311
Lebanon,Okra,2024,2342
Lebanon,Olives,2022,147383
Lebanon,Olives,2023,146715
Lebanon,Olives,2024,170102
Lebanon,"Onions and shallots, dry (excluding dehydrated)",2022,50597
Lebanon,"Onions and shallots, dry (excluding dehydrated)",2023,45020
Lebanon,"Onions and shallots, dry (excluding dehydrated)",2024,53877
Lebanon,Oranges,2022,47368
Lebanon,Oranges,2023,47241
Lebanon,Oranges,2024,50923
Lebanon,"Other beans, green",2022,26874
Lebanon,"Other beans, green",2023,26681
Lebanon,"Other beans, green",2024,26132
Lebanon,"Other fruits, n.e.c.",2022,29481
Lebanon,"Other fruits, n.e.c.",2023,29863
Lebanon,"Other fruits, n.e.c.",2024,29747
Lebanon,"Other nuts (excluding wild edible nuts and groundnuts), in shell, n.e.c.",2022,5953
Lebanon,"Other nuts (excluding wild edible nuts and groundnuts), in shell, n.e.c.",2023,5986
Lebanon,"Other nuts (excluding wild edible nuts and groundnuts), in shell, n.e.c.",2024,5971
Lebanon,Other pulses n.e.c.,2022,532
Lebanon,Other pulses n.e.c.,2023,532
Lebanon,Other pulses n.e.c.,2024,531
Lebanon,"Other stimulant, spice and aromatic crops, n.e.c.",2022,1431
Lebanon,"Other stimulant, spice and aromatic crops, n.e.c.",2023,1439
Lebanon,"Other stimulant, spice and aromatic crops, n.e.c.",2024,1447
Lebanon,"Other vegetables, fresh n.e.c.",2022,5091
Lebanon,"Other vegetables, fresh n.e.c.",2023,5127
Lebanon,"Other vegetables, fresh n.e.c.",2024,5110
Lebanon,Peaches and nectarines,2022,67073
Lebanon,Peaches and nectarines,2023,68337
Lebanon,Peaches and nectarines,2024,74582
Lebanon,Pears,2022,59484
Lebanon,Pears,2023,59732
Lebanon,Pears,2024,59980
Lebanon,"Peas, dry",2022,2525
Lebanon,"Peas, dry",2023,2531
Lebanon,"Peas, dry",2024,2521
Lebanon,"Peas, green",2022,12925
Lebanon,"Peas, green",2023,12882
Lebanon,"Peas, green",2024,12870
Lebanon,Plums and sloes,2022,25596
Lebanon,Plums and sloes,2023,25648
Lebanon,Plums and sloes,2024,26810
Lebanon,Pomelos and grapefruits,2022,4054
Lebanon,Pomelos and grapefruits,2023,4054
Lebanon,Pomelos and grapefruits,2024,4054
Lebanon,Potatoes,2022,366647
Lebanon,Potatoes,2023,289563
Lebanon,Potatoes,2024,269413
Lebanon,"Pumpkins, squash and gourds",2022,19073
Lebanon,"Pumpkins, squash and gourds",2023,19042
Lebanon,"Pumpkins, squash and gourds",2024,19022
Lebanon,Raw milk of cattle,2022,156190
Lebanon,Raw milk of cattle,2023,146084
Lebanon,Raw milk of cattle,2024,164078
Lebanon,Raw milk of goats,2022,12555
Lebanon,Raw milk of goats,2023,13516
Lebanon,Raw milk of goats,2024,14059
Lebanon,Raw milk of sheep,2022,7539
Lebanon,Raw milk of sheep,2023,7707
Lebanon,Raw milk of sheep,2024,7722
Lebanon,Sesame seed,2022,339
Lebanon,Sesame seed,2023,339
Lebanon,Sesame seed,2024,339
Lebanon,"Shorn wool, greasy, including fleece-washed shorn wool",2022,17799
Lebanon,"Shorn wool, greasy, including fleece-washed shorn wool",2023,18139
Lebanon,"Shorn wool, greasy, including fleece-washed shorn wool",2024,18482
Lebanon,Sorghum,2022,1112
Lebanon,Sorghum,2023,914
Lebanon,Sorghum,2024,167
Lebanon,Spinach,2022,1625
Lebanon,Spinach,2023,1618
Lebanon,Spinach,2024,1662
Lebanon,Strawberries,2022,6708
Lebanon,Strawberries,2023,6850
Lebanon,Strawberries,2024,6766
Lebanon,Sugar beet,2022,5289
Lebanon,Sugar beet,2023,5191
Lebanon,Sugar beet,2024,5092
Lebanon,"Tangerines, mandarins, clementines",2022,24735
Lebanon,"Tangerines, mandarins, clementines",2023,24206
Lebanon,"Tangerines, mandarins, clementines",2024,23775
Lebanon,Taro,2022,488
Lebanon,Taro,2023,485
Lebanon,Taro,2024,482
Lebanon,Tomatoes,2022,140525
Lebanon,Tomatoes,2023,132924
Lebanon,Tomatoes,2024,149218
Lebanon,Unmanufactured tobacco,2022,82173
Lebanon,Unmanufactured tobacco,2023,82337
Lebanon,Unmanufactured tobacco,2024,82502
Lebanon,Vetches,2022,165
Lebanon,Vetches,2023,163
Lebanon,Vetches,2024,164
Lebanon,"Walnuts, in shell",2022,22733
Lebanon,"Walnuts, in shell",2023,22459
Lebanon,"Walnuts, in shell",2024,22535
Lebanon,Watermelons,2022,28197
Lebanon,Watermelons,2023,27988
Lebanon,Watermelons,2024,27851
Lebanon,Wheat,2022,51720
Lebanon,Wheat,2023,53708
Lebanon,Wheat,2024,31801
Madagascar,"Anise, badian, coriander, cumin, caraway, fennel and juniper berries, raw",2022,126
Madagascar,"Anise, badian, coriander, cumin, caraway, fennel and juniper berries, raw",2023,123
Madagascar,"Anise, badian, coriander, cumin, caraway, fennel and juniper berries, raw",2024,124
Madagascar,Apples,2022,246
Madagascar,Apples,2023,246
Madagascar,Apples,2024,247
Madagascar,Apricots,2022,81
Madagascar,Apricots,2023,80
Madagascar,Apricots,2024,81
Madagascar,Avocados,2022,12451
Madagascar,Avocados,2023,12528
Madagascar,Avocados,2024,12606
Madagascar,Bananas,2022,83176
Madagascar,Bananas,2023,83318
Madagascar,Bananas,2024,83092
Madagascar,"Beans, dry",2022,42923
Madagascar,"Beans, dry",2023,48965
Madagascar,"Beans, dry",2024,45201
Madagascar,Cabbages,2022,2978
Madagascar,Cabbages,2023,2985
Madagascar,Cabbages,2024,2973
Madagascar,Carrots and turnips,2022,1585
Madagascar,Carrots and turnips,2023,1598
Madagascar,Carrots and turnips,2024,1587
Madagascar,"Cashew nuts, in shell",2022,3224
Madagascar,"Cashew nuts, in shell",2023,3238
Madagascar,"Cashew nuts, in shell",2024,3252
Madagascar,Cashewapple,2022,3459
Madagascar,Cashewapple,2023,3467
Madagascar,Cashewapple,2024,3474
Madagascar,"Cassava, fresh",2022,319164
Madagascar,"Cassava, fresh",2023,320138
Madagascar,"Cassava, fresh",2024,327517
Madagascar,Castor oil seeds,2022,93
Madagascar,Castor oil seeds,2023,93
Madagascar,Castor oil seeds,2024,94
Madagascar,Cauliflowers and broccoli,2022,11
Madagascar,Cauliflowers and broccoli,2023,11
Madagascar,Cauliflowers and broccoli,2024,11
Madagascar,"Chillies and peppers, dry (Capsicum spp., Pimenta spp.), raw",2022,783
Madagascar,"Chillies and peppers, dry (Capsicum spp., Pimenta spp.), raw",2023,778
Madagascar,"Chillies and peppers, dry (Capsicum spp., Pimenta spp.), raw",2024,775
Madagascar,"Chillies and peppers, green (Capsicum spp. and Pimenta spp.)",2022,36
Madagascar,"Chillies and peppers, green (Capsicum spp. and Pimenta spp.)",2023,39
Madagascar,"Chillies and peppers, green (Capsicum spp. and Pimenta spp.)",2024,40
Madagascar,"Cinnamon and cinnamon-tree flowers, raw",2022,11550
Madagascar,"Cinnamon and cinnamon-tree flowers, raw",2023,11560
Madagascar,"Cinnamon and cinnamon-tree flowers, raw",2024,11527
Madagascar,"Cloves (whole stems), raw",2022,34277
Madagascar,"Cloves (whole stems), raw",2023,35126
Madagascar,"Cloves (whole stems), raw",2024,35626
Madagascar,Cocoa beans,2022,10316
Madagascar,Cocoa beans,2023,20160
Madagascar,Cocoa beans,2024,21168
Madagascar,"Coconuts, in shell",2022,879
Madagascar,"Coconuts, in shell",2023,929
Madagascar,"Coconuts, in shell",2024,931
Madagascar,"Coffee, green",2022,12928
Madagascar,"Coffee, green",2023,12624
Madagascar,"Coffee, green",2024,12680
Madagascar,"Cow peas, dry",2022,3087
Madagascar,"Cow peas, dry",2023,4216
Madagascar,"Cow peas, dry",2024,4512
Madagascar,Cucumbers and gherkins,2022,109
Madagascar,Cucumbers and gherkins,2023,109
Madagascar,Cucumbers and gherkins,2024,109
Madagascar,Eggplants (aubergines),2022,105
Madagascar,Eggplants (aubergines),2023,105
Madagascar,Eggplants (aubergines),2024,105
Madagascar,"Eggs from other birds in shell, fresh, n.e.c.",2022,3349
Madagascar,"Eggs from other birds in shell, fresh, n.e.c.",2023,3349
Madagascar,"Eggs from other birds in shell, fresh, n.e.c.",2024,3349
Madagascar,"Game meat, fresh, chilled or frozen",2022,6646
Madagascar,"Game meat, fresh, chilled or frozen",2023,6672
Madagascar,"Game meat, fresh, chilled or frozen",2024,6699
Madagascar,"Ginger, raw",2022,135
Madagascar,"Ginger, raw",2023,158
Madagascar,"Ginger, raw",2024,178
Madagascar,Grapes,2022,2826
Madagascar,Grapes,2023,2838
Madagascar,Grapes,2024,2849
Madagascar,Green garlic,2022,201
Madagascar,Green garlic,2023,200
Madagascar,Green garlic,2024,199
Madagascar,"Groundnuts, excluding shelled",2022,8647
Madagascar,"Groundnuts, excluding shelled",2023,8739
Madagascar,"Groundnuts, excluding shelled",2024,9078
Madagascar,"Hen eggs in shell, fresh",2022,31745
Madagascar,"Hen eggs in shell, fresh",2023,31773
Madagascar,"Hen eggs in shell, fresh",2024,31765
Madagascar,"Horse meat, fresh or chilled (indigenous)",2022,1
Madagascar,"Horse meat, fresh or chilled (indigenous)",2023,1
Madagascar,"Horse meat, fresh or chilled (indigenous)",2024,1
Madagascar,"Kenaf, and other textile bast fibres, raw or retted",2022,7
Madagascar,"Kenaf, and other textile bast fibres, raw or retted",2023,7
Madagascar,"Kenaf, and other textile bast fibres, raw or retted",2024,7
Madagascar,Lemons and limes,2022,264
Madagascar,Lemons and limes,2023,263
Madagascar,Lemons and limes,2024,262
Madagascar,"Lentils, dry",2022,330
Madagascar,"Lentils, dry",2023,332
Madagascar,"Lentils, dry",2024,334
Madagascar,Lettuce and chicory,2022,7
Madagascar,Lettuce and chicory,2023,7
Madagascar,Lettuce and chicory,2024,7
Madagascar,Maize (corn),2022,42641
Madagascar,Maize (corn),2023,42824
Madagascar,Maize (corn),2024,42335
Madagascar,"Mangoes, guavas and mangosteens",2022,64923
Madagascar,"Mangoes, guavas and mangosteens",2023,65435
Madagascar,"Mangoes, guavas and mangosteens",2024,64920
Madagascar,"Meat of cattle with the bone, fresh or chilled (indigenous)",2022,51882
Madagascar,"Meat of cattle with the bone, fresh or chilled (indigenous)",2023,69240
Madagascar,"Meat of cattle with the bone, fresh or chilled (indigenous)",2024,54127
Madagascar,"Meat of chickens, fresh or chilled (indigenous)",2022,69808
Madagascar,"Meat of chickens, fresh or chilled (indigenous)",2023,71216
Madagascar,"Meat of chickens, fresh or chilled (indigenous)",2024,72726
Madagascar,"Meat of ducks, fresh or chilled (indigenous)",2022,18304
Madagascar,"Meat of ducks, fresh or chilled (indigenous)",2023,18394
Madagascar,"Meat of ducks, fresh or chilled (indigenous)",2024,18483
Madagascar,"Meat of geese, fresh or chilled (indigenous)",2022,14997
Madagascar,"Meat of geese, fresh or chilled (indigenous)",2023,15004
Madagascar,"Meat of geese, fresh or chilled (indigenous)",2024,15011
Madagascar,"Meat of goat, fresh or chilled (indigenous)",2022,5496
Madagascar,"Meat of goat, fresh or chilled (indigenous)",2023,5133
Madagascar,"Meat of goat, fresh or chilled (indigenous)",2024,4751
Madagascar,"Meat of pig with the bone, fresh or chilled (indigenous)",2022,67378
Madagascar,"Meat of pig with the bone, fresh or chilled (indigenous)",2023,79957
Madagascar,"Meat of pig with the bone, fresh or chilled (indigenous)",2024,80288
Madagascar,"Meat of rabbits and hares, fresh or chilled (indigenous)",2022,32
Madagascar,"Meat of rabbits and hares, fresh or chilled (indigenous)",2023,32
Madagascar,"Meat of rabbits and hares, fresh or chilled (indigenous)",2024,32
Madagascar,"Meat of sheep, fresh or chilled (indigenous)",2022,1458
Madagascar,"Meat of sheep, fresh or chilled (indigenous)",2023,1444
Madagascar,"Meat of sheep, fresh or chilled (indigenous)",2024,1404
Madagascar,"Meat of turkeys, fresh or chilled (indigenous)",2022,12297
Madagascar,"Meat of turkeys, fresh or chilled (indigenous)",2023,12376
Madagascar,"Meat of turkeys, fresh or chilled (indigenous)",2024,12456
Madagascar,Mushrooms and truffles,2022,971
Madagascar,Mushrooms and truffles,2023,999
Madagascar,Mushrooms and truffles,2024,1027
Madagascar,Natural honey,2022,4516
Madagascar,Natural honey,2023,4520
Madagascar,Natural honey,2024,4524
Madagascar,"Nutmeg, mace, cardamoms, raw",2022,67
Madagascar,"Nutmeg, mace, cardamoms, raw",2023,65
Madagascar,"Nutmeg, mace, cardamoms, raw",2024,65
Madagascar,Oil palm fruit,2022,169
Madagascar,Oil palm fruit,2023,169
Madagascar,Oil palm fruit,2024,168
Madagascar,"Onions and shallots, dry (excluding dehydrated)",2022,4004
Madagascar,"Onions and shallots, dry (excluding dehydrated)",2023,4007
Madagascar,"Onions and shallots, dry (excluding dehydrated)",2024,4001
Madagascar,"Onions and shallots, green",2022,53
Madagascar,"Onions and shallots, green",2023,53
Madagascar,"Onions and shallots, green",2024,53
Madagascar,Oranges,2022,4955
Madagascar,Oranges,2023,4955
Madagascar,Oranges,2024,4955
Madagascar,"Other beans, green",2022,64
Madagascar,"Other beans, green",2023,64
Madagascar,"Other beans, green",2024,64
Madagascar,"Other fibre crops, raw, n.e.c.",2022,271
Madagascar,"Other fibre crops, raw, n.e.c.",2023,250
Madagascar,"Other fibre crops, raw, n.e.c.",2024,261
Madagascar,"Other fruits, n.e.c.",2022,667
Madagascar,"Other fruits, n.e.c.",2023,667
Madagascar,"Other fruits, n.e.c.",2024,667
Madagascar,"Other nuts (excluding wild edible nuts and groundnuts), in shell, n.e.c.",2022,2378
Madagascar,"Other nuts (excluding wild edible nuts and groundnuts), in shell, n.e.c.",2023,3107
Madagascar,"Other nuts (excluding wild edible nuts and groundnuts), in shell, n.e.c.",2024,3354
Madagascar,Other pulses n.e.c.,2022,1810
Madagascar,Other pulses n.e.c.,2023,1822
Madagascar,Other pulses n.e.c.,2024,1826
Madagascar,"Other stimulant, spice and aromatic crops, n.e.c.",2022,15
Madagascar,"Other stimulant, spice and aromatic crops, n.e.c.",2023,16
Madagascar,"Other stimulant, spice and aromatic crops, n.e.c.",2024,16
Madagascar,"Other tropical fruits, n.e.c.",2022,11575
Madagascar,"Other tropical fruits, n.e.c.",2023,11655
Madagascar,"Other tropical fruits, n.e.c.",2024,11735
Madagascar,"Other vegetables, fresh n.e.c.",2022,18550
Madagascar,"Other vegetables, fresh n.e.c.",2023,18615
Madagascar,"Other vegetables, fresh n.e.c.",2024,18680
Madagascar,Peaches and nectarines,2022,273
Madagascar,Peaches and nectarines,2023,274
Madagascar,Peaches and nectarines,2024,276
Madagascar,Pears,2022,76
Madagascar,Pears,2023,76
Madagascar,Pears,2024,76
Madagascar,"Peas, dry",2022,420
Madagascar,"Peas, dry",2023,421
Madagascar,"Peas, dry",2024,419
Madagascar,"Peas, green",2022,85
Madagascar,"Peas, green",2023,85
Madagascar,"Peas, green",2024,86
Madagascar,"Pepper (Piper spp.), raw",2022,2862
Madagascar,"Pepper (Piper spp.), raw",2023,2919
Madagascar,"Pepper (Piper spp.), raw",2024,2892
Madagascar,Pineapples,2022,18225
Madagascar,Pineapples,2023,17935
Madagascar,Pineapples,2024,18074
Madagascar,"Pistachios, in shell",2022,8930
Madagascar,"Pistachios, in shell",2023,8512
Madagascar,"Pistachios, in shell",2024,8690
Madagascar,Plums and sloes,2022,125
Madagascar,Plums and sloes,2023,125
Madagascar,Plums and sloes,2024,125
Madagascar,Pomelos and grapefruits,2022,758
Madagascar,Pomelos and grapefruits,2023,759
Madagascar,Pomelos and grapefruits,2024,758
Madagascar,Potatoes,2022,54423
Madagascar,Potatoes,2023,53840
Madagascar,Potatoes,2024,53762
Madagascar,Raw milk of cattle,2022,96541
Madagascar,Raw milk of cattle,2023,109265
Madagascar,Raw milk of cattle,2024,103506
Madagascar,Rice,2022,1392456
Madagascar,Rice,2023,1462076
Madagascar,Rice,2024,1419898
Madagascar,"Seed cotton, unginned",2022,1865
Madagascar,"Seed cotton, unginned",2023,1889
Madagascar,"Seed cotton, unginned",2024,1890
Madagascar,Silk-worm cocoons suitable for reeling,2022,68
Madagascar,Silk-worm cocoons suitable for reeling,2023,68
Madagascar,Silk-worm cocoons suitable for reeling,2024,68
Madagascar,"Sisal, raw",2022,1953
Madagascar,"Sisal, raw",2023,1955
Madagascar,"Sisal, raw",2024,1957
Madagascar,Sorghum,2022,41
Madagascar,Sorghum,2023,40
Madagascar,Sorghum,2024,40
Madagascar,Soya beans,2022,3
Madagascar,Soya beans,2023,3
Madagascar,Soya beans,2024,3
Madagascar,Sugar cane,2022,63808
Madagascar,Sugar cane,2023,63924
Madagascar,Sugar cane,2024,63767
Madagascar,Sweet potatoes,2022,184249
Madagascar,Sweet potatoes,2023,184582
Madagascar,Sweet potatoes,2024,184142
Madagascar,Taro,2022,16117
Madagascar,Taro,2023,16118
Madagascar,Taro,2024,16118
Madagascar,Tea leaves,2022,8
Madagascar,Tea leaves,2023,8
Madagascar,Tea leaves,2024,8
Madagascar,Tomatoes,2022,8971
Madagascar,Tomatoes,2023,8997
Madagascar,Tomatoes,2024,9023
Madagascar,Tung nuts,2022,103
Madagascar,Tung nuts,2023,103
Madagascar,Tung nuts,2024,104
Madagascar,Unmanufactured tobacco,2022,350
Madagascar,Unmanufactured tobacco,2023,351
Madagascar,Unmanufactured tobacco,2024,351
Madagascar,"Vanilla, raw",2022,3575
Madagascar,"Vanilla, raw",2023,3601
Madagascar,"Vanilla, raw",2024,3585
Madagascar,Wheat,2022,252
Madagascar,Wheat,2023,126
Madagascar,Wheat,2024,126
Malawi,"Anise, badian, coriander, cumin, caraway, fennel and juniper berries, raw",2022,16
Malawi,"Anise, badian, coriander, cumin, caraway, fennel and juniper berries, raw",2023,16
Malawi,"Anise, badian, coriander, cumin, caraway, fennel and juniper berries, raw",2024,16
Malawi,Avocados,2022,39644
Malawi,Avocados,2023,37580
Malawi,Avocados,2024,39105
Malawi,Bananas,2022,460006
Malawi,Bananas,2023,529858
Malawi,Bananas,2024,556307
Malawi,"Beans, dry",2022,238344
Malawi,"Beans, dry",2023,255983
Malawi,"Beans, dry",2024,261084
Malawi,"Broad beans and horse beans, green",2022,67
Malawi,"Broad beans and horse beans, green",2023,67
Malawi,"Broad beans and horse beans, green",2024,67
Malawi,Cabbages,2022,80294
Malawi,Cabbages,2023,85027
Malawi,Cabbages,2024,88806
Malawi,"Cassava, fresh",2022,2147187
Malawi,"Cassava, fresh",2023,2148135
Malawi,"Cassava, fresh",2024,2176963
Malawi,"Chick peas, dry",2022,1983
Malawi,"Chick peas, dry",2023,2014
Malawi,"Chick peas, dry",2024,1963
Malawi,"Chillies and peppers, dry (Capsicum spp., Pimenta spp.), raw",2022,525
Malawi,"Chillies and peppers, dry (Capsicum spp., Pimenta spp.), raw",2023,524
Malawi,"Chillies and peppers, dry (Capsicum spp., Pimenta spp.), raw",2024,521
Malawi,"Coffee, green",2022,4618
Malawi,"Coffee, green",2023,4618
Malawi,"Coffee, green",2024,4712
Malawi,"Cow peas, dry",2022,35913
Malawi,"Cow peas, dry",2023,39126
Malawi,"Cow peas, dry",2024,40216
Malawi,Cucumbers and gherkins,2022,7552
Malawi,Cucumbers and gherkins,2023,7998
Malawi,Cucumbers and gherkins,2024,7851
Malawi,Eggplants (aubergines),2022,9842
Malawi,Eggplants (aubergines),2023,9740
Malawi,Eggplants (aubergines),2024,9797
Malawi,"Groundnuts, excluding shelled",2022,335943
Malawi,"Groundnuts, excluding shelled",2023,361661
Malawi,"Groundnuts, excluding shelled",2024,270447
Malawi,"Hen eggs in shell, fresh",2022,70015
Malawi,"Hen eggs in shell, fresh",2023,70817
Malawi,"Hen eggs in shell, fresh",2024,71607
Malawi,"Lentils, dry",2022,310
Malawi,"Lentils, dry",2023,308
Malawi,"Lentils, dry",2024,309
Malawi,Maize (corn),2022,951665
Malawi,Maize (corn),2023,898751
Malawi,Maize (corn),2024,768199
Malawi,"Mangoes, guavas and mangosteens",2022,341613
Malawi,"Mangoes, guavas and mangosteens",2023,353779
Malawi,"Mangoes, guavas and mangosteens",2024,360899
Malawi,"Meat of cattle with the bone, fresh or chilled (indigenous)",2022,200872
Malawi,"Meat of cattle with the bone, fresh or chilled (indigenous)",2023,209961
Malawi,"Meat of cattle with the bone, fresh or chilled (indigenous)",2024,223369
Malawi,"Meat of chickens, fresh or chilled (indigenous)",2022,548980
Malawi,"Meat of chickens, fresh or chilled (indigenous)",2023,574546
Malawi,"Meat of chickens, fresh or chilled (indigenous)",2024,600940
Malawi,"Meat of goat, fresh or chilled (indigenous)",2022,184449
Malawi,"Meat of goat, fresh or chilled (indigenous)",2023,191346
Malawi,"Meat of goat, fresh or chilled (indigenous)",2024,202976
Malawi,"Meat of pig with the bone, fresh or chilled (indigenous)",2022,744400
Malawi,"Meat of pig with the bone, fresh or chilled (indigenous)",2023,1060867
Malawi,"Meat of pig with the bone, fresh or chilled (indigenous)",2024,1118590
Malawi,"Meat of sheep, fresh or chilled (indigenous)",2022,3959
Malawi,"Meat of sheep, fresh or chilled (indigenous)",2023,4105
Malawi,"Meat of sheep, fresh or chilled (indigenous)",2024,4194
Malawi,Millet,2022,29573
Malawi,Millet,2023,35736
Malawi,Millet,2024,36106
Malawi,"Nutmeg, mace, cardamoms, raw",2022,128
Malawi,"Nutmeg, mace, cardamoms, raw",2023,127
Malawi,"Nutmeg, mace, cardamoms, raw",2024,128
Malawi,Okra,2022,955
Malawi,Okra,2023,954
Malawi,Okra,2024,960
Malawi,"Onions and shallots, dry (excluding dehydrated)",2022,186357
Malawi,"Onions and shallots, dry (excluding dehydrated)",2023,200881
Malawi,"Onions and shallots, dry (excluding dehydrated)",2024,214512
Malawi,"Other citrus fruit, n.e.c.",2022,100
Malawi,"Other citrus fruit, n.e.c.",2023,101
Malawi,"Other citrus fruit, n.e.c.",2024,101
Malawi,"Other fruits, n.e.c.",2022,9306
Malawi,"Other fruits, n.e.c.",2023,9317
Malawi,"Other fruits, n.e.c.",2024,9299
Malawi,"Other nuts (excluding wild edible nuts and groundnuts), in shell, n.e.c.",2022,3516
Malawi,"Other nuts (excluding wild edible nuts and groundnuts), in shell, n.e.c.",2023,3527
Malawi,"Other nuts (excluding wild edible nuts and groundnuts), in shell, n.e.c.",2024,3501
Malawi,Other pulses n.e.c.,2022,7715
Malawi,Other pulses n.e.c.,2023,7781
Malawi,Other pulses n.e.c.,2024,7818
Malawi,"Other stimulant, spice and aromatic crops, n.e.c.",2022,80
Malawi,"Other stimulant, spice and aromatic crops, n.e.c.",2023,81
Malawi,"Other stimulant, spice and aromatic crops, n.e.c.",2024,80
Malawi,"Other vegetables, fresh n.e.c.",2022,9800
Malawi,"Other vegetables, fresh n.e.c.",2023,9823
Malawi,"Other vegetables, fresh n.e.c.",2024,9788
Malawi,"Peas, dry",2022,21239
Malawi,"Peas, dry",2023,21017
Malawi,"Peas, dry",2024,21354
Malawi,"Peas, green",2022,1789
Malawi,"Peas, green",2023,1806
Malawi,"Peas, green",2024,1775
Malawi,"Pepper (Piper spp.), raw",2022,210
Malawi,"Pepper (Piper spp.), raw",2023,202
Malawi,"Pepper (Piper spp.), raw",2024,204
Malawi,"Pigeon peas, dry",2022,324396
Malawi,"Pigeon peas, dry",2023,345152
Malawi,"Pigeon peas, dry",2024,358494
Malawi,Pineapples,2022,150899
Malawi,Pineapples,2023,153881
Malawi,Pineapples,2024,159731
Malawi,Plantains and cooking bananas,2022,77854
Malawi,Plantains and cooking bananas,2023,77944
Malawi,Plantains and cooking bananas,2024,77808
Malawi,Potatoes,2022,647628
Malawi,Potatoes,2023,680729
Malawi,Potatoes,2024,654309
Malawi,Raw milk of cattle,2022,43629
Malawi,Raw milk of cattle,2023,45461
Malawi,Raw milk of cattle,2024,47088
Malawi,Rice,2022,125983
Malawi,Rice,2023,115074
Malawi,Rice,2024,117574
Malawi,"Seed cotton, unginned",2022,2266
Malawi,"Seed cotton, unginned",2023,1516
Malawi,"Seed cotton, unginned",2024,2676
Malawi,"Sisal, raw",2022,10
Malawi,"Sisal, raw",2023,10
Malawi,"Sisal, raw",2024,10
Malawi,Sorghum,2022,70914
Malawi,Sorghum,2023,76625
Malawi,Sorghum,2024,61866
Malawi,Soya beans,2022,189496
Malawi,Soya beans,2023,147232
Malawi,Soya beans,2024,190693
Malawi,Sugar cane,2022,282149
Malawi,Sugar cane,2023,258009
Malawi,Sugar cane,2024,288904
Malawi,Sunflower seed,2022,6169
Malawi,Sunflower seed,2023,4630
Malawi,Sunflower seed,2024,6499
Malawi,Sweet potatoes,2022,2508362
Malawi,Sweet potatoes,2023,2547978
Malawi,Sweet potatoes,2024,2672221
Malawi,Tea leaves,2022,58781
Malawi,Tea leaves,2023,54337
Malawi,Tea leaves,2024,54322
Malawi,Tomatoes,2022,374999
Malawi,Tomatoes,2023,366602
Malawi,Tomatoes,2024,359571
Malawi,Tung nuts,2022,293
Malawi,Tung nuts,2023,293
Malawi,Tung nuts,2024,294
Malawi,Unmanufactured tobacco,2022,17364
Malawi,Unmanufactured tobacco,2023,23534
Malawi,Unmanufactured tobacco,2024,23515
Malawi,"Vanilla, raw",2022,22
Malawi,"Vanilla, raw",2023,22
Malawi,"Vanilla, raw",2024,22
Malawi,Wheat,2022,81
Malawi,Wheat,2023,94
Malawi,Wheat,2024,159
Malaysia,Areca nuts,2022,144
Malaysia,Areca nuts,2023,124
Malaysia,Areca nuts,2024,85
Malaysia,Bananas,2022,162582
Malaysia,Bananas,2023,168780
Malaysia,Bananas,2024,164964
Malaysia,Cabbages,2022,41937
Malaysia,Cabbages,2023,37953
Malaysia,Cabbages,2024,41811
Malaysia,"Cashew nuts, in shell",2022,32568
Malaysia,"Cashew nuts, in shell",2023,32829
Malaysia,"Cashew nuts, in shell",2024,32589
Malaysia,"Cassava, fresh",2022,12369
Malaysia,"Cassava, fresh",2023,13165
Malaysia,"Cassava, fresh",2024,12023
Malaysia,"Chillies and peppers, dry (Capsicum spp., Pimenta spp.), raw",2022,5990
Malaysia,"Chillies and peppers, dry (Capsicum spp., Pimenta spp.), raw",2023,6014
Malaysia,"Chillies and peppers, dry (Capsicum spp., Pimenta spp.), raw",2024,6022
Malaysia,"Chillies and peppers, green (Capsicum spp. and Pimenta spp.)",2022,55497
Malaysia,"Chillies and peppers, green (Capsicum spp. and Pimenta spp.)",2023,65974
Malaysia,"Chillies and peppers, green (Capsicum spp. and Pimenta spp.)",2024,76867
Malaysia,"Cloves (whole stems), raw",2022,642
Malaysia,"Cloves (whole stems), raw",2023,643
Malaysia,"Cloves (whole stems), raw",2024,644
Malaysia,Cocoa beans,2022,1098
Malaysia,Cocoa beans,2023,599
Malaysia,Cocoa beans,2024,991
Malaysia,"Coconuts, in shell",2022,152980
Malaysia,"Coconuts, in shell",2023,158581
Malaysia,"Coconuts, in shell",2024,170476
Malaysia,"Coffee, green",2022,7361
Malaysia,"Coffee, green",2023,7477
Malaysia,"Coffee, green",2024,5471
Malaysia,Cucumbers and gherkins,2022,34642
Malaysia,Cucumbers and gherkins,2023,38018
Malaysia,Cucumbers and gherkins,2024,36136
Malaysia,"Edible roots and tubers with high starch or inulin content, n.e.c., fresh",2022,7685
Malaysia,"Edible roots and tubers with high starch or inulin content, n.e.c., fresh",2023,6214
Malaysia,"Edible roots and tubers with high starch or inulin content, n.e.c., fresh",2024,4796
Malaysia,Eggplants (aubergines),2022,31054
Malaysia,Eggplants (aubergines),2023,30817
Malaysia,Eggplants (aubergines),2024,38015
Malaysia,"Eggs from other birds in shell, fresh, n.e.c.",2022,22367
Malaysia,"Eggs from other birds in shell, fresh, n.e.c.",2023,22367
Malaysia,"Eggs from other birds in shell, fresh, n.e.c.",2024,22367
Malaysia,"Ginger, raw",2022,19033
Malaysia,"Ginger, raw",2023,19322
Malaysia,"Ginger, raw",2024,20167
Malaysia,"Groundnuts, excluding shelled",2022,169
Malaysia,"Groundnuts, excluding shelled",2023,133
Malaysia,"Groundnuts, excluding shelled",2024,114
Malaysia,"Hen eggs in shell, fresh",2022,1298014
Malaysia,"Hen eggs in shell, fresh",2023,1508559
Malaysia,"Hen eggs in shell, fresh",2024,1295977
Malaysia,"Horse meat, fresh or chilled (indigenous)",2022,882
Malaysia,"Horse meat, fresh or chilled (indigenous)",2023,914
Malaysia,"Horse meat, fresh or chilled (indigenous)",2024,901
Malaysia,Lemons and limes,2022,16913
Malaysia,Lemons and limes,2023,15446
Malaysia,Lemons and limes,2024,19793
Malaysia,Lettuce and chicory,2022,67141
Malaysia,Lettuce and chicory,2023,68146
Malaysia,Lettuce and chicory,2024,97535
Malaysia,Maize (corn),2022,145
Malaysia,Maize (corn),2023,98
Malaysia,Maize (corn),2024,228
Malaysia,"Mangoes, guavas and mangosteens",2022,67032
Malaysia,"Mangoes, guavas and mangosteens",2023,77126
Malaysia,"Mangoes, guavas and mangosteens",2024,88349
Malaysia,"Meat of buffalo, fresh or chilled (indigenous)",2022,11583
Malaysia,"Meat of buffalo, fresh or chilled (indigenous)",2023,9442
Malaysia,"Meat of buffalo, fresh or chilled (indigenous)",2024,9792
Malaysia,"Meat of cattle with the bone, fresh or chilled (indigenous)",2022,177472
Malaysia,"Meat of cattle with the bone, fresh or chilled (indigenous)",2023,167722
Malaysia,"Meat of cattle with the bone, fresh or chilled (indigenous)",2024,154425
Malaysia,"Meat of chickens, fresh or chilled (indigenous)",2022,3297387
Malaysia,"Meat of chickens, fresh or chilled (indigenous)",2023,3342638
Malaysia,"Meat of chickens, fresh or chilled (indigenous)",2024,3423852
Malaysia,"Meat of ducks, fresh or chilled (indigenous)",2022,175050
Malaysia,"Meat of ducks, fresh or chilled (indigenous)",2023,173298
Malaysia,"Meat of ducks, fresh or chilled (indigenous)",2024,173775
Malaysia,"Meat of goat, fresh or chilled (indigenous)",2022,16502
Malaysia,"Meat of goat, fresh or chilled (indigenous)",2023,19608
Malaysia,"Meat of goat, fresh or chilled (indigenous)",2024,19590
Malaysia,"Meat of pig with the bone, fresh or chilled (indigenous)",2022,822461
Malaysia,"Meat of pig with the bone, fresh or chilled (indigenous)",2023,666728
Malaysia,"Meat of pig with the bone, fresh or chilled (indigenous)",2024,617372
Malaysia,"Meat of sheep, fresh or chilled (indigenous)",2022,3778
Malaysia,"Meat of sheep, fresh or chilled (indigenous)",2023,4531
Malaysia,"Meat of sheep, fresh or chilled (indigenous)",2024,5561
Malaysia,Natural rubber in primary forms,2022,552586
Malaysia,Natural rubber in primary forms,2023,509870
Malaysia,Natural rubber in primary forms,2024,566458
Malaysia,"Nutmeg, mace, cardamoms, raw",2022,185
Malaysia,"Nutmeg, mace, cardamoms, raw",2023,909
Malaysia,"Nutmeg, mace, cardamoms, raw",2024,204
Malaysia,Oil palm fruit,2022,13251731
Malaysia,Oil palm fruit,2023,13271031
Malaysia,Oil palm fruit,2024,13999343
Malaysia,Okra,2022,54456
Malaysia,Okra,2023,56721
Malaysia,Okra,2024,60611
Malaysia,Oranges,2022,10526
Malaysia,Oranges,2023,5655
Malaysia,Oranges,2024,4049
Malaysia,"Other vegetables, fresh n.e.c.",2022,299945
Malaysia,"Other vegetables, fresh n.e.c.",2023,303827
Malaysia,"Other vegetables, fresh n.e.c.",2024,306130
Malaysia,Papayas,2022,19439
Malaysia,Papayas,2023,19444
Malaysia,Papayas,2024,16678
Malaysia,"Pepper (Piper spp.), raw",2022,259816
Malaysia,"Pepper (Piper spp.), raw",2023,217783
Malaysia,"Pepper (Piper spp.), raw",2024,234215
Malaysia,Pineapples,2022,175434
Malaysia,Pineapples,2023,143960
Malaysia,Pineapples,2024,168785
Malaysia,Pomelos and grapefruits,2022,7519
Malaysia,Pomelos and grapefruits,2023,9698
Malaysia,Pomelos and grapefruits,2024,8531
Malaysia,"Pumpkins, squash and gourds",2022,22478
Malaysia,"Pumpkins, squash and gourds",2023,20241
Malaysia,"Pumpkins, squash and gourds",2024,24555
Malaysia,Raw milk of buffalo,2022,4019
Malaysia,Raw milk of buffalo,2023,4099
Malaysia,Raw milk of buffalo,2024,4031
Malaysia,Raw milk of cattle,2022,21469
Malaysia,Raw milk of cattle,2023,22109
Malaysia,Raw milk of cattle,2024,23361
Malaysia,Rice,2022,732579
Malaysia,Rice,2023,698358
Malaysia,Rice,2024,675180
Malaysia,"Shorn wool, greasy, including fleece-washed shorn wool",2022,668
Malaysia,"Shorn wool, greasy, including fleece-washed shorn wool",2023,673
Malaysia,"Shorn wool, greasy, including fleece-washed shorn wool",2024,665
Malaysia,Spinach,2022,54265
Malaysia,Spinach,2023,53927
Malaysia,Spinach,2024,53270
Malaysia,Sugar cane,2022,5948
Malaysia,Sugar cane,2023,4839
Malaysia,Sugar cane,2024,4021
Malaysia,Sweet potatoes,2022,15935
Malaysia,Sweet potatoes,2023,11762
Malaysia,Sweet potatoes,2024,18038
Malaysia,Tea leaves,2022,30950
Malaysia,Tea leaves,2023,30920
Malaysia,Tea leaves,2024,28580
Malaysia,Tomatoes,2022,116704
Malaysia,Tomatoes,2023,113423
Malaysia,Tomatoes,2024,155669
Malaysia,Unmanufactured tobacco,2022,331
Malaysia,Unmanufactured tobacco,2023,497
Malaysia,Unmanufactured tobacco,2024,361
Malaysia,Watermelons,2022,38516
Malaysia,Watermelons,2023,39424
Malaysia,Watermelons,2024,43645
Malaysia,Yams,2022,4130
Malaysia,Yams,2023,2123
Malaysia,Yams,2024,1626
Maldives,Areca nuts,2022,16
Maldives,Areca nuts,2023,16
Maldives,Areca nuts,2024,16
Maldives,Bananas,2022,386
Maldives,Bananas,2023,911
Maldives,Bananas,2024,1220
Maldives,"Cassava, fresh",2022,9
Maldives,"Cassava, fresh",2023,9
Maldives,"Cassava, fresh",2024,8
Maldives,"Chillies and peppers, green (Capsicum spp. and Pimenta spp.)",2022,44
Maldives,"Chillies and peppers, green (Capsicum spp. and Pimenta spp.)",2023,574
Maldives,"Chillies and peppers, green (Capsicum spp. and Pimenta spp.)",2024,597
Maldives,"Coconuts, in shell",2022,52
Maldives,"Coconuts, in shell",2023,14
Maldives,"Coconuts, in shell",2024,275
Maldives,"Mangoes, guavas and mangosteens",2022,5
Maldives,"Mangoes, guavas and mangosteens",2023,103
Maldives,"Mangoes, guavas and mangosteens",2024,116
Maldives,"Onions and shallots, dry (excluding dehydrated)",2022,121
Maldives,"Onions and shallots, dry (excluding dehydrated)",2023,121
Maldives,"Onions and shallots, dry (excluding dehydrated)",2024,121
Maldives,Papayas,2022,90
Maldives,Papayas,2023,1010
Maldives,Papayas,2024,1610
Maldives,Sweet potatoes,2022,0
Maldives,Sweet potatoes,2023,4
Maldives,Sweet potatoes,2024,7
Maldives,Taro,2022,0
Maldives,Taro,2023,13
Maldives,Taro,2024,22
Maldives,Tomatoes,2022,526
Maldives,Tomatoes,2023,531
Maldives,Tomatoes,2024,529
Mali,"Bambara beans, dry",2022,4467
Mali,"Bambara beans, dry",2023,4729
Mali,"Bambara beans, dry",2024,4901
Mali,Bananas,2022,432005
Mali,Bananas,2023,464531
Mali,Bananas,2024,518361
Mali,Beeswax,2022,73
Mali,Beeswax,2023,74
Mali,Beeswax,2024,73
Mali,Cashewapple,2022,94969
Mali,Cashewapple,2023,97542
Mali,Cashewapple,2024,98802
Mali,"Cassava, fresh",2022,48641
Mali,"Cassava, fresh",2023,51962
Mali,"Cassava, fresh",2024,70548
Mali,Cereals n.e.c.,2022,48
Mali,Cereals n.e.c.,2023,49
Mali,Cereals n.e.c.,2024,49
Mali,"Chillies and peppers, dry (Capsicum spp., Pimenta spp.), raw",2022,6682
Mali,"Chillies and peppers, dry (Capsicum spp., Pimenta spp.), raw",2023,6651
Mali,"Chillies and peppers, dry (Capsicum spp., Pimenta spp.), raw",2024,6665
Mali,"Chillies and peppers, green (Capsicum spp. and Pimenta spp.)",2022,11086
Mali,"Chillies and peppers, green (Capsicum spp. and Pimenta spp.)",2023,11086
Mali,"Chillies and peppers, green (Capsicum spp. and Pimenta spp.)",2024,24080
Mali,"Cow peas, dry",2022,113895
Mali,"Cow peas, dry",2023,106851
Mali,"Cow peas, dry",2024,109336
Mali,Cucumbers and gherkins,2022,56723
Mali,Cucumbers and gherkins,2023,64955
Mali,Cucumbers and gherkins,2024,52119
Mali,Dates,2022,1132
Mali,Dates,2023,1191
Mali,Dates,2024,1207
Mali,Fonio,2022,31978
Mali,Fonio,2023,49960
Mali,Fonio,2024,54444
Mali,"Game meat, fresh, chilled or frozen",2022,76362
Mali,"Game meat, fresh, chilled or frozen",2023,77406
Mali,"Game meat, fresh, chilled or frozen",2024,78348
Mali,"Groundnuts, excluding shelled",2022,218856
Mali,"Groundnuts, excluding shelled",2023,224817
Mali,"Groundnuts, excluding shelled",2024,245928
Mali,"Hen eggs in shell, fresh",2022,53724
Mali,"Hen eggs in shell, fresh",2023,55522
Mali,"Hen eggs in shell, fresh",2024,56786
Mali,"Horse meat, fresh or chilled (indigenous)",2022,11931
Mali,"Horse meat, fresh or chilled (indigenous)",2023,12150
Mali,"Horse meat, fresh or chilled (indigenous)",2024,12373
Mali,Karite nuts (sheanuts),2022,64811
Mali,Karite nuts (sheanuts),2023,65616
Mali,Karite nuts (sheanuts),2024,59470
Mali,"Kenaf, and other textile bast fibres, raw or retted",2022,402
Mali,"Kenaf, and other textile bast fibres, raw or retted",2023,401
Mali,"Kenaf, and other textile bast fibres, raw or retted",2024,401
Mali,Lemons and limes,2022,25593
Mali,Lemons and limes,2023,27311
Mali,Lemons and limes,2024,24678
Mali,Lettuce and chicory,2022,62669
Mali,Lettuce and chicory,2023,66721
Mali,Lettuce and chicory,2024,53633
Mali,Maize (corn),2022,687532
Mali,Maize (corn),2023,596368
Mali,Maize (corn),2024,695997
Mali,"Mangoes, guavas and mangosteens",2022,179723
Mali,"Mangoes, guavas and mangosteens",2023,181299
Mali,"Mangoes, guavas and mangosteens",2024,170554
Mali,"Meat of asses, fresh or chilled (indigenous)",2022,2696
Mali,"Meat of asses, fresh or chilled (indigenous)",2023,2755
Mali,"Meat of asses, fresh or chilled (indigenous)",2024,2815
Mali,"Meat of camels, fresh or chilled (indigenous)",2022,6352
Mali,"Meat of camels, fresh or chilled (indigenous)",2023,2619
Mali,"Meat of camels, fresh or chilled (indigenous)",2024,2081
Mali,"Meat of cattle with the bone, fresh or chilled (indigenous)",2022,195355
Mali,"Meat of cattle with the bone, fresh or chilled (indigenous)",2023,195911
Mali,"Meat of cattle with the bone, fresh or chilled (indigenous)",2024,221451
Mali,"Meat of chickens, fresh or chilled (indigenous)",2022,205923
Mali,"Meat of chickens, fresh or chilled (indigenous)",2023,210073
Mali,"Meat of chickens, fresh or chilled (indigenous)",2024,205641
Mali,"Meat of goat, fresh or chilled (indigenous)",2022,61651
Mali,"Meat of goat, fresh or chilled (indigenous)",2023,41673
Mali,"Meat of goat, fresh or chilled (indigenous)",2024,54891
Mali,"Meat of pig with the bone, fresh or chilled (indigenous)",2022,3834
Mali,"Meat of pig with the bone, fresh or chilled (indigenous)",2023,3982
Mali,"Meat of pig with the bone, fresh or chilled (indigenous)",2024,3826
Mali,"Meat of sheep, fresh or chilled (indigenous)",2022,54354
Mali,"Meat of sheep, fresh or chilled (indigenous)",2023,33379
Mali,"Meat of sheep, fresh or chilled (indigenous)",2024,45378
Mali,Melonseed,2022,41621
Mali,Melonseed,2023,42082
Mali,Melonseed,2024,41773
Mali,Millet,2022,438504
Mali,Millet,2023,461780
Mali,Millet,2024,471859
Mali,Natural honey,2022,640
Mali,Natural honey,2023,1209
Mali,Natural honey,2024,2848
Mali,Okra,2022,623335
Mali,Okra,2023,619600
Mali,Okra,2024,535133
Mali,"Onions and shallots, dry (excluding dehydrated)",2022,233202
Mali,"Onions and shallots, dry (excluding dehydrated)",2023,237244
Mali,"Onions and shallots, dry (excluding dehydrated)",2024,241286
Mali,"Onions and shallots, green",2022,461048
Mali,"Onions and shallots, green",2023,600772
Mali,"Onions and shallots, green",2024,639799
Mali,Oranges,2022,306065
Mali,Oranges,2023,360401
Mali,Oranges,2024,365267
Mali,"Other beans, green",2022,3381
Mali,"Other beans, green",2023,3807
Mali,"Other beans, green",2024,2632
Mali,"Other fruits, n.e.c.",2022,840
Mali,"Other fruits, n.e.c.",2023,836
Mali,"Other fruits, n.e.c.",2024,838
Mali,"Other nuts (excluding wild edible nuts and groundnuts), in shell, n.e.c.",2022,1745
Mali,"Other nuts (excluding wild edible nuts and groundnuts), in shell, n.e.c.",2023,1740
Mali,"Other nuts (excluding wild edible nuts and groundnuts), in shell, n.e.c.",2024,1742
Mali,Other pulses n.e.c.,2022,75
Mali,Other pulses n.e.c.,2023,75
Mali,Other pulses n.e.c.,2024,75
Mali,"Other vegetables, fresh n.e.c.",2022,663091
Mali,"Other vegetables, fresh n.e.c.",2023,666157
Mali,"Other vegetables, fresh n.e.c.",2024,667910
Mali,Papayas,2022,61010
Mali,Papayas,2023,66991
Mali,Papayas,2024,67174
Mali,Pomelos and grapefruits,2022,1724
Mali,Pomelos and grapefruits,2023,1293
Mali,Pomelos and grapefruits,2024,1293
Mali,Potatoes,2022,234701
Mali,Potatoes,2023,187239
Mali,Potatoes,2024,192693
Mali,Raw milk of camel,2022,206626
Mali,Raw milk of camel,2023,210759
Mali,Raw milk of camel,2024,214961
Mali,Raw milk of cattle,2022,298767
Mali,Raw milk of cattle,2023,307732
Mali,Raw milk of cattle,2024,303209
Mali,Raw milk of goats,2022,202175
Mali,Raw milk of goats,2023,212285
Mali,Raw milk of goats,2024,216006
Mali,Raw milk of sheep,2022,210158
Mali,Raw milk of sheep,2023,220668
Mali,Raw milk of sheep,2024,222243
Mali,Rice,2022,820886
Mali,Rice,2023,866496
Mali,Rice,2024,789830
Mali,"Seed cotton, unginned",2022,163147
Mali,"Seed cotton, unginned",2023,243857
Mali,"Seed cotton, unginned",2024,267900
Mali,Sesame seed,2022,60063
Mali,Sesame seed,2023,59771
Mali,Sesame seed,2024,64009
Mali,"Shorn wool, greasy, including fleece-washed shorn wool",2022,736
Mali,"Shorn wool, greasy, including fleece-washed shorn wool",2023,715
Mali,"Shorn wool, greasy, including fleece-washed shorn wool",2024,693
Mali,Sorghum,2022,336246
Mali,Sorghum,2023,320437
Mali,Sorghum,2024,344100
Mali,Soya beans,2022,2995
Mali,Soya beans,2023,3540
Mali,Soya beans,2024,3404
Mali,Sugar cane,2022,15506
Mali,Sugar cane,2023,14107
Mali,Sugar cane,2024,13646
Mali,Sweet potatoes,2022,128611
Mali,Sweet potatoes,2023,164344
Mali,Sweet potatoes,2024,174654
Mali,"Tangerines, mandarins, clementines",2022,86984
Mali,"Tangerines, mandarins, clementines",2023,91214
Mali,"Tangerines, mandarins, clementines",2024,91629
Mali,Tea leaves,2022,578
Mali,Tea leaves,2023,573
Mali,Tea leaves,2024,577
Mali,Tomatoes,2022,177668
Mali,Tomatoes,2023,183441
Mali,Tomatoes,2024,189828
Mali,Unmanufactured tobacco,2022,1019
Mali,Unmanufactured tobacco,2023,979
Mali,Unmanufactured tobacco,2024,997
Mali,Watermelons,2022,147484
Mali,Watermelons,2023,147484
Mali,Watermelons,2024,172980
Mali,Wheat,2022,11504
Mali,Wheat,2023,13205
Mali,Wheat,2024,13989
Mali,Yams,2022,67879
Mali,Yams,2023,33915
Mali,Yams,2024,69471
Mauritius,Bananas,2022,2437
Mauritius,Bananas,2023,2788
Mauritius,Bananas,2024,2689
Mauritius,Cabbages,2022,2093
Mauritius,Cabbages,2023,4635
Mauritius,Cabbages,2024,4959
Mauritius,Carrots and turnips,2022,2539
Mauritius,Carrots and turnips,2023,4001
Mauritius,Carrots and turnips,2024,5138
Mauritius,"Cassava, fresh",2022,414
Mauritius,"Cassava, fresh",2023,488
Mauritius,"Cassava, fresh",2024,547
Mauritius,Cauliflowers and broccoli,2022,653
Mauritius,Cauliflowers and broccoli,2023,1373
Mauritius,Cauliflowers and broccoli,2024,1504
Mauritius,"Chillies and peppers, green (Capsicum spp. and Pimenta spp.)",2022,7072
Mauritius,"Chillies and peppers, green (Capsicum spp. and Pimenta spp.)",2023,9938
Mauritius,"Chillies and peppers, green (Capsicum spp. and Pimenta spp.)",2024,8029
Mauritius,"Coconuts, in shell",2022,506
Mauritius,"Coconuts, in shell",2023,476
Mauritius,"Coconuts, in shell",2024,462
Mauritius,Cucumbers and gherkins,2022,2817
Mauritius,Cucumbers and gherkins,2023,3521
Mauritius,Cucumbers and gherkins,2024,3837
Mauritius,Eggplants (aubergines),2022,1644
Mauritius,Eggplants (aubergines),2023,2524
Mauritius,Eggplants (aubergines),2024,2511
Mauritius,"Game meat, fresh, chilled or frozen",2022,1048
Mauritius,"Game meat, fresh, chilled or frozen",2023,1048
Mauritius,"Game meat, fresh, chilled or frozen",2024,1075
Mauritius,"Ginger, raw",2022,1738
Mauritius,"Ginger, raw",2023,2622
Mauritius,"Ginger, raw",2024,4121
Mauritius,Green corn (maize),2022,262
Mauritius,Green corn (maize),2023,477
Mauritius,Green corn (maize),2024,410
Mauritius,Green garlic,2022,125
Mauritius,Green garlic,2023,132
Mauritius,Green garlic,2024,95
Mauritius,"Groundnuts, excluding shelled",2022,364
Mauritius,"Groundnuts, excluding shelled",2023,407
Mauritius,"Groundnuts, excluding shelled",2024,364
Mauritius,"Hen eggs in shell, fresh",2022,39248
Mauritius,"Hen eggs in shell, fresh",2023,34914
Mauritius,"Hen eggs in shell, fresh",2024,34505
Mauritius,Leeks and other alliaceous vegetables,2022,120
Mauritius,Leeks and other alliaceous vegetables,2023,402
Mauritius,Leeks and other alliaceous vegetables,2024,722
Mauritius,Lettuce and chicory,2022,1941
Mauritius,Lettuce and chicory,2023,5150
Mauritius,Lettuce and chicory,2024,8532
Mauritius,Maize (corn),2022,153
Mauritius,Maize (corn),2023,280
Mauritius,Maize (corn),2024,240
Mauritius,"Meat of cattle with the bone, fresh or chilled (indigenous)",2022,2
Mauritius,"Meat of cattle with the bone, fresh or chilled (indigenous)",2023,2
Mauritius,"Meat of cattle with the bone, fresh or chilled (indigenous)",2024,2
Mauritius,"Meat of chickens, fresh or chilled (indigenous)",2022,111026
Mauritius,"Meat of chickens, fresh or chilled (indigenous)",2023,118671
Mauritius,"Meat of chickens, fresh or chilled (indigenous)",2024,102608
Mauritius,"Meat of ducks, fresh or chilled (indigenous)",2022,77
Mauritius,"Meat of ducks, fresh or chilled (indigenous)",2023,74
Mauritius,"Meat of ducks, fresh or chilled (indigenous)",2024,77
Mauritius,"Meat of geese, fresh or chilled (indigenous)",2022,73
Mauritius,"Meat of geese, fresh or chilled (indigenous)",2023,73
Mauritius,"Meat of geese, fresh or chilled (indigenous)",2024,73
Mauritius,"Meat of goat, fresh or chilled (indigenous)",2022,0
Mauritius,"Meat of goat, fresh or chilled (indigenous)",2023,0
Mauritius,"Meat of goat, fresh or chilled (indigenous)",2024,0
Mauritius,"Meat of pig with the bone, fresh or chilled (indigenous)",2022,998
Mauritius,"Meat of pig with the bone, fresh or chilled (indigenous)",2023,979
Mauritius,"Meat of pig with the bone, fresh or chilled (indigenous)",2024,1084
Mauritius,"Meat of rabbits and hares, fresh or chilled (indigenous)",2022,36
Mauritius,"Meat of rabbits and hares, fresh or chilled (indigenous)",2023,36
Mauritius,"Meat of rabbits and hares, fresh or chilled (indigenous)",2024,35
Mauritius,"Meat of sheep, fresh or chilled (indigenous)",2022,0
Mauritius,"Meat of sheep, fresh or chilled (indigenous)",2023,0
Mauritius,"Meat of sheep, fresh or chilled (indigenous)",2024,0
Mauritius,"Meat of turkeys, fresh or chilled (indigenous)",2022,5
Mauritius,"Meat of turkeys, fresh or chilled (indigenous)",2023,5
Mauritius,"Meat of turkeys, fresh or chilled (indigenous)",2024,5
Mauritius,Okra,2022,1777
Mauritius,Okra,2023,2186
Mauritius,Okra,2024,1826
Mauritius,"Onions and shallots, dry (excluding dehydrated)",2022,5888
Mauritius,"Onions and shallots, dry (excluding dehydrated)",2023,5405
Mauritius,"Onions and shallots, dry (excluding dehydrated)",2024,8494
Mauritius,"Other beans, green",2022,1554
Mauritius,"Other beans, green",2023,2617
Mauritius,"Other beans, green",2024,2235
Mauritius,"Other citrus fruit, n.e.c.",2022,683
Mauritius,"Other citrus fruit, n.e.c.",2023,680
Mauritius,"Other citrus fruit, n.e.c.",2024,681
Mauritius,"Other fibre crops, raw, n.e.c.",2022,39
Mauritius,"Other fibre crops, raw, n.e.c.",2023,39
Mauritius,"Other fibre crops, raw, n.e.c.",2024,39
Mauritius,"Other fruits, n.e.c.",2022,3500
Mauritius,"Other fruits, n.e.c.",2023,3503
Mauritius,"Other fruits, n.e.c.",2024,3498
Mauritius,"Other stimulant, spice and aromatic crops, n.e.c.",2022,481
Mauritius,"Other stimulant, spice and aromatic crops, n.e.c.",2023,482
Mauritius,"Other stimulant, spice and aromatic crops, n.e.c.",2024,482
Mauritius,"Other vegetables, fresh n.e.c.",2022,1896
Mauritius,"Other vegetables, fresh n.e.c.",2023,3806
Mauritius,"Other vegetables, fresh n.e.c.",2024,4812
Mauritius,"Peas, green",2022,1
Mauritius,"Peas, green",2023,2
Mauritius,Pineapples,2022,3467
Mauritius,Pineapples,2023,3678
Mauritius,Pineapples,2024,3606
Mauritius,"Pistachios, in shell",2022,31
Mauritius,"Pistachios, in shell",2023,28
Mauritius,"Pistachios, in shell",2024,28
Mauritius,Potatoes,2022,10736
Mauritius,Potatoes,2023,8951
Mauritius,Potatoes,2024,8883
Mauritius,"Pumpkins, squash and gourds",2022,15515
Mauritius,"Pumpkins, squash and gourds",2023,21949
Mauritius,"Pumpkins, squash and gourds",2024,22947
Mauritius,Raw milk of cattle,2022,1422
Mauritius,Raw milk of cattle,2023,1777
Mauritius,Raw milk of cattle,2024,1811
Mauritius,Sugar cane,2022,92994
Mauritius,Sugar cane,2023,101065
Mauritius,Sugar cane,2024,90481
Mauritius,Sweet potatoes,2022,739
Mauritius,Sweet potatoes,2023,986
Mauritius,Sweet potatoes,2024,1287
Mauritius,Taro,2022,3371
Mauritius,Taro,2023,4508
Mauritius,Taro,2024,4524
Mauritius,Tea leaves,2022,2621
Mauritius,Tea leaves,2023,2790
Mauritius,Tea leaves,2024,2483
Mauritius,Tomatoes,2022,13056
Mauritius,Tomatoes,2023,18651
Mauritius,Tomatoes,2024,16823
Mexico,"Agave fibres, raw, n.e.c.",2022,1146
Mexico,"Agave fibres, raw, n.e.c.",2023,1154
Mexico,"Agave fibres, raw, n.e.c.",2024,1152
Mexico,"Almonds, in shell",2022,87
Mexico,"Almonds, in shell",2023,87
Mexico,"Almonds, in shell",2024,87
Mexico,"Anise, badian, coriander, cumin, caraway, fennel and juniper berries, raw",2022,169645
Mexico,"Anise, badian, coriander, cumin, caraway, fennel and juniper berries, raw",2023,175115
Mexico,"Anise, badian, coriander, cumin, caraway, fennel and juniper berries, raw",2024,160163
Mexico,Apples,2022,310901
Mexico,Apples,2023,313064
Mexico,Apples,2024,299685
Mexico,Apricots,2022,376
Mexico,Apricots,2023,547
Mexico,Apricots,2024,547
Mexico,Artichokes,2022,1194
Mexico,Artichokes,2023,1188
Mexico,Artichokes,2024,467
Mexico,Asparagus,2022,789729
Mexico,Asparagus,2023,766450
Mexico,Asparagus,2024,728413
Mexico,Avocados,2022,2327681
Mexico,Avocados,2023,2724035
Mexico,Avocados,2024,2529796
Mexico,Bananas,2022,495941
Mexico,Bananas,2023,505372
Mexico,Bananas,2024,510719
Mexico,Barley,2022,246905
Mexico,Barley,2023,200625
Mexico,Barley,2024,199529
Mexico,"Beans, dry",2022,619380
Mexico,"Beans, dry",2023,464288
Mexico,"Beans, dry",2024,639284
Mexico,Beeswax,2022,6144
Mexico,Beeswax,2023,5451
Mexico,Beeswax,2024,4489
Mexico,Blueberries,2022,233980
Mexico,Blueberries,2023,280487
Mexico,Blueberries,2024,281889
Mexico,"Broad beans and horse beans, dry",2022,18415
Mexico,"Broad beans and horse beans, dry",2023,22131
Mexico,"Broad beans and horse beans, dry",2024,21147
Mexico,"Broad beans and horse beans, green",2022,19352
Mexico,"Broad beans and horse beans, green",2023,21570
Mexico,"Broad beans and horse beans, green",2024,16827
Mexico,Cabbages,2022,37692
Mexico,Cabbages,2023,40890
Mexico,Cabbages,2024,35751
Mexico,Canary seed,2022,2
Mexico,Canary seed,2023,1
Mexico,Canary seed,2024,0
Mexico,Cantaloupes and other melons,2022,172139
Mexico,Cantaloupes and other melons,2023,192514
Mexico,Cantaloupes and other melons,2024,171873
Mexico,Carrots and turnips,2022,58636
Mexico,Carrots and turnips,2023,57813
Mexico,Carrots and turnips,2024,60605
Mexico,"Cashew nuts, in shell",2022,218
Mexico,"Cashew nuts, in shell",2023,206
Mexico,"Cashew nuts, in shell",2024,195
Mexico,"Cassava, fresh",2022,5502
Mexico,"Cassava, fresh",2023,5565
Mexico,"Cassava, fresh",2024,5449
Mexico,Castor oil seeds,2022,201
Mexico,Castor oil seeds,2023,204
Mexico,Castor oil seeds,2024,10
Mexico,Cauliflowers and broccoli,2022,193665
Mexico,Cauliflowers and broccoli,2023,201623
Mexico,Cauliflowers and broccoli,2024,193297
Mexico,Cherries,2022,714
Mexico,Cherries,2023,642
Mexico,Cherries,2024,730
Mexico,"Chick peas, dry",2022,123799
Mexico,"Chick peas, dry",2023,93661
Mexico,"Chick peas, dry",2024,175022
Mexico,"Chillies and peppers, dry (Capsicum spp., Pimenta spp.), raw",2022,189504
Mexico,"Chillies and peppers, dry (Capsicum spp., Pimenta spp.), raw",2023,189974
Mexico,"Chillies and peppers, dry (Capsicum spp., Pimenta spp.), raw",2024,190445
Mexico,"Chillies and peppers, green (Capsicum spp. and Pimenta spp.)",2022,1593986
Mexico,"Chillies and peppers, green (Capsicum spp. and Pimenta spp.)",2023,1885172
Mexico,"Chillies and peppers, green (Capsicum spp. and Pimenta spp.)",2024,1649269
Mexico,Cocoa beans,2022,66546
Mexico,Cocoa beans,2023,68741
Mexico,Cocoa beans,2024,67321
Mexico,"Coconuts, in shell",2022,139796
Mexico,"Coconuts, in shell",2023,136052
Mexico,"Coconuts, in shell",2024,140752
Mexico,"Coffee, green",2022,61860
Mexico,"Coffee, green",2023,63902
Mexico,"Coffee, green",2024,63748
Mexico,Cucumbers and gherkins,2022,335674
Mexico,Cucumbers and gherkins,2023,338334
Mexico,Cucumbers and gherkins,2024,312983
Mexico,Dates,2022,51319
Mexico,Dates,2023,44721
Mexico,Dates,2024,46397
Mexico,"Edible roots and tubers with high starch or inulin content, n.e.c., fresh",2022,37591
Mexico,"Edible roots and tubers with high starch or inulin content, n.e.c., fresh",2023,39299
Mexico,"Edible roots and tubers with high starch or inulin content, n.e.c., fresh",2024,36362
Mexico,Eggplants (aubergines),2022,45309
Mexico,Eggplants (aubergines),2023,38286
Mexico,Eggplants (aubergines),2024,25409
Mexico,Figs,2022,6474
Mexico,Figs,2023,7028
Mexico,Figs,2024,7048
Mexico,"Ginger, raw",2022,2645
Mexico,"Ginger, raw",2023,2371
Mexico,"Ginger, raw",2024,2480
Mexico,Grapes,2022,354521
Mexico,Grapes,2023,358002
Mexico,Grapes,2024,369789
Mexico,Green corn (maize),2022,161430
Mexico,Green corn (maize),2023,165589
Mexico,Green corn (maize),2024,154351
Mexico,Green garlic,2022,81486
Mexico,Green garlic,2023,95018
Mexico,Green garlic,2024,92410
Mexico,"Groundnuts, excluding shelled",2022,56588
Mexico,"Groundnuts, excluding shelled",2023,59900
Mexico,"Groundnuts, excluding shelled",2024,46122
Mexico,"Hen eggs in shell, fresh",2022,3788390
Mexico,"Hen eggs in shell, fresh",2023,3873741
Mexico,"Hen eggs in shell, fresh",2024,3993785
Mexico,"Horse meat, fresh or chilled (indigenous)",2022,159067
Mexico,"Horse meat, fresh or chilled (indigenous)",2023,157160
Mexico,"Horse meat, fresh or chilled (indigenous)",2024,157941
Mexico,Leeks and other alliaceous vegetables,2022,10644
Mexico,Leeks and other alliaceous vegetables,2023,10225
Mexico,Leeks and other alliaceous vegetables,2024,10090
Mexico,Lemons and limes,2022,810489
Mexico,Lemons and limes,2023,847156
Mexico,Lemons and limes,2024,856117
Mexico,"Lentils, dry",2022,4741
Mexico,"Lentils, dry",2023,3618
Mexico,"Lentils, dry",2024,3491
Mexico,Lettuce and chicory,2022,114608
Mexico,Lettuce and chicory,2023,111215
Mexico,Lettuce and chicory,2024,103068
Mexico,Linseed,2022,4
Mexico,Linseed,2023,9
Mexico,Linseed,2024,3
Mexico,Locust beans (carobs),2022,11
Mexico,Locust beans (carobs),2023,93
Mexico,Locust beans (carobs),2024,112
Mexico,Maize (corn),2022,5660681
Mexico,Maize (corn),2023,5873155
Mexico,Maize (corn),2024,5185981
Mexico,"Mangoes, guavas and mangosteens",2022,512152
Mexico,"Mangoes, guavas and mangosteens",2023,554995
Mexico,"Mangoes, guavas and mangosteens",2024,543495
Mexico,"Meat of cattle with the bone, fresh or chilled (indigenous)",2022,8038584
Mexico,"Meat of cattle with the bone, fresh or chilled (indigenous)",2023,8183983
Mexico,"Meat of cattle with the bone, fresh or chilled (indigenous)",2024,8326931
Mexico,"Meat of chickens, fresh or chilled (indigenous)",2022,7276784
Mexico,"Meat of chickens, fresh or chilled (indigenous)",2023,7483554
Mexico,"Meat of chickens, fresh or chilled (indigenous)",2024,7723557
Mexico,"Meat of goat, fresh or chilled (indigenous)",2022,141869
Mexico,"Meat of goat, fresh or chilled (indigenous)",2023,142595
Mexico,"Meat of goat, fresh or chilled (indigenous)",2024,141455
Mexico,"Meat of pig with the bone, fresh or chilled (indigenous)",2022,4411501
Mexico,"Meat of pig with the bone, fresh or chilled (indigenous)",2023,4511504
Mexico,"Meat of pig with the bone, fresh or chilled (indigenous)",2024,4802095
Mexico,"Meat of rabbits and hares, fresh or chilled (indigenous)",2022,8644
Mexico,"Meat of rabbits and hares, fresh or chilled (indigenous)",2023,8676
Mexico,"Meat of rabbits and hares, fresh or chilled (indigenous)",2024,8709
Mexico,"Meat of sheep, fresh or chilled (indigenous)",2022,258487
Mexico,"Meat of sheep, fresh or chilled (indigenous)",2023,263109
Mexico,"Meat of sheep, fresh or chilled (indigenous)",2024,266475
Mexico,"Meat of turkeys, fresh or chilled (indigenous)",2022,57737
Mexico,"Meat of turkeys, fresh or chilled (indigenous)",2023,63487
Mexico,"Meat of turkeys, fresh or chilled (indigenous)",2024,60865
Mexico,Melonseed,2022,86
Mexico,Melonseed,2023,86
Mexico,Melonseed,2024,86
Mexico,Millet,2022,2
Mexico,Millet,2023,2
Mexico,Natural honey,2022,160524
Mexico,Natural honey,2023,144833
Mexico,Natural honey,2024,143328
Mexico,Natural rubber in primary forms,2022,72868
Mexico,Natural rubber in primary forms,2023,74002
Mexico,Natural rubber in primary forms,2024,74563
Mexico,Oats,2022,26430
Mexico,Oats,2023,15342
Mexico,Oats,2024,18524
Mexico,Oil palm fruit,2022,151525
Mexico,Oil palm fruit,2023,122747
Mexico,Oil palm fruit,2024,128967
Mexico,Okra,2022,14434
Mexico,Okra,2023,7821
Mexico,Okra,2024,13412
Mexico,Olives,2022,11070
Mexico,Olives,2023,12168
Mexico,Olives,2024,15223
Mexico,"Onions and shallots, dry (excluding dehydrated)",2022,423780
Mexico,"Onions and shallots, dry (excluding dehydrated)",2023,499386
Mexico,"Onions and shallots, dry (excluding dehydrated)",2024,463855
Mexico,"Onions and shallots, green",2022,27163
Mexico,"Onions and shallots, green",2023,27145
Mexico,"Onions and shallots, green",2024,27197
Mexico,Oranges,2022,483928
Mexico,Oranges,2023,492729
Mexico,Oranges,2024,482101
Mexico,Other berries and fruits of the genus vaccinium n.e.c.,2022,275068
Mexico,Other berries and fruits of the genus vaccinium n.e.c.,2023,294238
Mexico,Other berries and fruits of the genus vaccinium n.e.c.,2024,334658
Mexico,"Other citrus fruit, n.e.c.",2022,55759
Mexico,"Other citrus fruit, n.e.c.",2023,56077
Mexico,"Other citrus fruit, n.e.c.",2024,58353
Mexico,"Other fruits, n.e.c.",2022,170022
Mexico,"Other fruits, n.e.c.",2023,171347
Mexico,"Other fruits, n.e.c.",2024,170625
Mexico,"Other nuts (excluding wild edible nuts and groundnuts), in shell, n.e.c.",2022,309608
Mexico,"Other nuts (excluding wild edible nuts and groundnuts), in shell, n.e.c.",2023,311508
Mexico,"Other nuts (excluding wild edible nuts and groundnuts), in shell, n.e.c.",2024,310522
Mexico,Other pulses n.e.c.,2022,206
Mexico,Other pulses n.e.c.,2023,204
Mexico,Other pulses n.e.c.,2024,207
Mexico,"Other stimulant, spice and aromatic crops, n.e.c.",2022,14590
Mexico,"Other stimulant, spice and aromatic crops, n.e.c.",2023,16579
Mexico,"Other stimulant, spice and aromatic crops, n.e.c.",2024,16307
Mexico,"Other tropical fruits, n.e.c.",2022,306052
Mexico,"Other tropical fruits, n.e.c.",2023,304937
Mexico,"Other tropical fruits, n.e.c.",2024,305439
Mexico,"Other vegetables, fresh n.e.c.",2022,242220
Mexico,"Other vegetables, fresh n.e.c.",2023,242972
Mexico,"Other vegetables, fresh n.e.c.",2024,243723
Mexico,Papayas,2022,348557
Mexico,Papayas,2023,334643
Mexico,Papayas,2024,332985
Mexico,Peaches and nectarines,2022,119061
Mexico,Peaches and nectarines,2023,128342
Mexico,Peaches and nectarines,2024,132053
Mexico,Pears,2022,6763
Mexico,Pears,2023,6903
Mexico,Pears,2024,6635
Mexico,"Peas, dry",2022,676
Mexico,"Peas, dry",2023,678
Mexico,"Peas, dry",2024,783
Mexico,"Peas, green",2022,24960
Mexico,"Peas, green",2023,25718
Mexico,"Peas, green",2024,13075
Mexico,"Pepper (Piper spp.), raw",2022,11317
Mexico,"Pepper (Piper spp.), raw",2023,10804
Mexico,"Pepper (Piper spp.), raw",2024,10082
Mexico,Persimmons,2022,187
Mexico,Persimmons,2023,55
Mexico,Persimmons,2024,88
Mexico,Pineapples,2022,280404
Mexico,Pineapples,2023,285215
Mexico,Pineapples,2024,289717
Mexico,"Pistachios, in shell",2022,407
Mexico,"Pistachios, in shell",2023,294
Mexico,"Pistachios, in shell",2024,273
Mexico,Plums and sloes,2022,21093
Mexico,Plums and sloes,2023,19559
Mexico,Plums and sloes,2024,18574
Mexico,Pomelos and grapefruits,2022,55792
Mexico,Pomelos and grapefruits,2023,55683
Mexico,Pomelos and grapefruits,2024,54849
Mexico,Potatoes,2022,805458
Mexico,Potatoes,2023,851421
Mexico,Potatoes,2024,910371
Mexico,"Pumpkins, squash and gourds",2022,218271
Mexico,"Pumpkins, squash and gourds",2023,236819
Mexico,"Pumpkins, squash and gourds",2024,188123
Mexico,Quinces,2022,1621
Mexico,Quinces,2023,986
Mexico,Quinces,2024,694
Mexico,Rape or colza seed,2022,375
Mexico,Rape or colza seed,2023,375
Mexico,Rape or colza seed,2024,751
Mexico,Raspberries,2022,428687
Mexico,Raspberries,2023,456866
Mexico,Raspberries,2024,421180
Mexico,Raw milk of cattle,2022,5053297
Mexico,Raw milk of cattle,2023,5141170
Mexico,Raw milk of cattle,2024,5226131
Mexico,Raw milk of goats,2022,55327
Mexico,Raw milk of goats,2023,55521
Mexico,Raw milk of goats,2024,55323
Mexico,Rice,2022,60018
Mexico,Rice,2023,61427
Mexico,Rice,2024,53505
Mexico,Rye,2022,2
Mexico,Rye,2023,2
Mexico,Rye,2024,17
Mexico,Safflower seed,2022,27378
Mexico,Safflower seed,2023,23340
Mexico,Safflower seed,2024,25070
Mexico,"Seed cotton, unginned",2022,608620
Mexico,"Seed cotton, unginned",2023,404133
Mexico,"Seed cotton, unginned",2024,320918
Mexico,Sesame seed,2022,57326
Mexico,Sesame seed,2023,51585
Mexico,Sesame seed,2024,44783
Mexico,"Shorn wool, greasy, including fleece-washed shorn wool",2022,1133
Mexico,"Shorn wool, greasy, including fleece-washed shorn wool",2023,1137
Mexico,"Shorn wool, greasy, including fleece-washed shorn wool",2024,1147
Mexico,"Sisal, raw",2022,3692
Mexico,"Sisal, raw",2023,3773
Mexico,"Sisal, raw",2024,3686
Mexico,Sorghum,2022,845846
Mexico,Sorghum,2023,855252
Mexico,Sorghum,2024,803644
Mexico,Soya beans,2022,66595
Mexico,Soya beans,2023,75554
Mexico,Soya beans,2024,100657
Mexico,Spinach,2022,8857
Mexico,Spinach,2023,12452
Mexico,Spinach,2024,11067
Mexico,Strawberries,2022,524450
Mexico,Strawberries,2023,581971
Mexico,Strawberries,2024,631464
Mexico,String beans,2022,30689
Mexico,String beans,2023,40064
Mexico,String beans,2024,38982
Mexico,Sugar beet,2022,145
Mexico,Sugar beet,2023,144
Mexico,Sugar beet,2024,145
Mexico,Sugar cane,2022,1752217
Mexico,Sugar cane,2023,1753271
Mexico,Sugar cane,2024,1673219
Mexico,Sunflower seed,2022,1768
Mexico,Sunflower seed,2023,1881
Mexico,Sunflower seed,2024,1997
Mexico,Sweet potatoes,2022,15574
Mexico,Sweet potatoes,2023,19188
Mexico,Sweet potatoes,2024,16635
Mexico,"Tangerines, mandarins, clementines",2022,56854
Mexico,"Tangerines, mandarins, clementines",2023,57280
Mexico,"Tangerines, mandarins, clementines",2024,56468
Mexico,Tomatoes,2022,1706788
Mexico,Tomatoes,2023,1778376
Mexico,Tomatoes,2024,1787814
Mexico,Triticale,2022,4418
Mexico,Triticale,2023,4761
Mexico,Triticale,2024,2775
Mexico,Unmanufactured tobacco,2022,31305
Mexico,Unmanufactured tobacco,2023,37427
Mexico,Unmanufactured tobacco,2024,38138
Mexico,"Vanilla, raw",2022,2986
Mexico,"Vanilla, raw",2023,2943
Mexico,"Vanilla, raw",2024,2957
Mexico,Vetches,2022,2941
Mexico,Vetches,2023,3894
Mexico,Vetches,2024,3092
Mexico,"Walnuts, in shell",2022,699831
Mexico,"Walnuts, in shell",2023,661192
Mexico,"Walnuts, in shell",2024,669224
Mexico,Watermelons,2022,221214
Mexico,Watermelons,2023,268544
Mexico,Watermelons,2024,238634
Mexico,Wheat,2022,833271
Mexico,Wheat,2023,802158
Mexico,Wheat,2024,611163
Mexico,Yautia,2022,12286
Mexico,Yautia,2023,12290
Mexico,Yautia,2024,12244
Mongolia,Barley,2022,1212
Mongolia,Barley,2023,1914
Mongolia,Barley,2024,2676
Mongolia,Cabbages,2022,24836
Mongolia,Cabbages,2023,30814
Mongolia,Cabbages,2024,35635
Mongolia,Carrots and turnips,2022,49237
Mongolia,Carrots and turnips,2023,76527
Mongolia,Carrots and turnips,2024,122146
Mongolia,Cereals n.e.c.,2022,570
Mongolia,Cereals n.e.c.,2023,400
Mongolia,Cereals n.e.c.,2024,295
Mongolia,Cucumbers and gherkins,2022,13426
Mongolia,Cucumbers and gherkins,2023,16295
Mongolia,Cucumbers and gherkins,2024,19124
Mongolia,Green garlic,2022,5577
Mongolia,Green garlic,2023,7156
Mongolia,Green garlic,2024,7120
Mongolia,"Hazelnuts, in shell",2022,397
Mongolia,"Hazelnuts, in shell",2023,399
Mongolia,"Hazelnuts, in shell",2024,401
Mongolia,"Hen eggs in shell, fresh",2022,19044
Mongolia,"Hen eggs in shell, fresh",2023,21670
Mongolia,"Hen eggs in shell, fresh",2024,19193
Mongolia,"Horse meat, fresh or chilled (indigenous)",2022,144514
Mongolia,"Horse meat, fresh or chilled (indigenous)",2023,142445
Mongolia,"Horse meat, fresh or chilled (indigenous)",2024,109479
Mongolia,"Meat of camels, fresh or chilled (indigenous)",2022,32058
Mongolia,"Meat of camels, fresh or chilled (indigenous)",2023,29162
Mongolia,"Meat of camels, fresh or chilled (indigenous)",2024,24755
Mongolia,"Meat of cattle with the bone, fresh or chilled (indigenous)",2022,329515
Mongolia,"Meat of cattle with the bone, fresh or chilled (indigenous)",2023,345331
Mongolia,"Meat of cattle with the bone, fresh or chilled (indigenous)",2024,252870
Mongolia,"Meat of chickens, fresh or chilled (indigenous)",2022,780
Mongolia,"Meat of chickens, fresh or chilled (indigenous)",2023,340
Mongolia,"Meat of chickens, fresh or chilled (indigenous)",2024,1010
Mongolia,"Meat of goat, fresh or chilled (indigenous)",2022,197355
Mongolia,"Meat of goat, fresh or chilled (indigenous)",2023,164124
Mongolia,"Meat of goat, fresh or chilled (indigenous)",2024,104985
Mongolia,"Meat of pig with the bone, fresh or chilled (indigenous)",2022,984
Mongolia,"Meat of pig with the bone, fresh or chilled (indigenous)",2023,2527
Mongolia,"Meat of pig with the bone, fresh or chilled (indigenous)",2024,1006
Mongolia,"Meat of sheep, fresh or chilled (indigenous)",2022,429264
Mongolia,"Meat of sheep, fresh or chilled (indigenous)",2023,416464
Mongolia,"Meat of sheep, fresh or chilled (indigenous)",2024,299228
Mongolia,Mushrooms and truffles,2022,580
Mongolia,Mushrooms and truffles,2023,592
Mongolia,Mushrooms and truffles,2024,604
Mongolia,Natural honey,2022,2239
Mongolia,Natural honey,2023,3370
Mongolia,Natural honey,2024,3630
Mongolia,Oats,2022,5455
Mongolia,Oats,2023,5044
Mongolia,Oats,2024,9550
Mongolia,"Onions and shallots, dry (excluding dehydrated)",2022,16649
Mongolia,"Onions and shallots, dry (excluding dehydrated)",2023,24065
Mongolia,"Onions and shallots, dry (excluding dehydrated)",2024,23171
Mongolia,"Other nuts (excluding wild edible nuts and groundnuts), in shell, n.e.c.",2022,6856
Mongolia,"Other nuts (excluding wild edible nuts and groundnuts), in shell, n.e.c.",2023,6722
Mongolia,"Other nuts (excluding wild edible nuts and groundnuts), in shell, n.e.c.",2024,6757
Mongolia,Other pulses n.e.c.,2022,709
Mongolia,Other pulses n.e.c.,2023,711
Mongolia,Other pulses n.e.c.,2024,712
Mongolia,Potatoes,2022,111209
Mongolia,Potatoes,2023,93210
Mongolia,Potatoes,2024,130645
Mongolia,Raw milk of camel,2022,1222
Mongolia,Raw milk of camel,2023,810
Mongolia,Raw milk of camel,2024,708
Mongolia,Raw milk of cattle,2022,61593
Mongolia,Raw milk of cattle,2023,104134
Mongolia,Raw milk of cattle,2024,84783
Mongolia,Raw milk of goats,2022,24846
Mongolia,Raw milk of goats,2023,7668
Mongolia,Raw milk of goats,2024,17532
Mongolia,Raw milk of sheep,2022,11916
Mongolia,Raw milk of sheep,2023,316
Mongolia,Raw milk of sheep,2024,813
Mongolia,"Shorn wool, greasy, including fleece-washed shorn wool",2022,3365
Mongolia,"Shorn wool, greasy, including fleece-washed shorn wool",2023,3314
Mongolia,"Shorn wool, greasy, including fleece-washed shorn wool",2024,3262
Mongolia,Wheat,2022,99526
Mongolia,Wheat,2023,109806
Mongolia,Wheat,2024,98376
Morocco,"Almonds, in shell",2022,73812
Morocco,"Almonds, in shell",2023,61506
Morocco,"Almonds, in shell",2024,68711
Morocco,"Anise, badian, coriander, cumin, caraway, fennel and juniper berries, raw",2022,24898
Morocco,"Anise, badian, coriander, cumin, caraway, fennel and juniper berries, raw",2023,24990
Morocco,"Anise, badian, coriander, cumin, caraway, fennel and juniper berries, raw",2024,25073
Morocco,Apples,2022,749371
Morocco,Apples,2023,704683
Morocco,Apples,2024,691993
Morocco,Apricots,2022,55800
Morocco,Apricots,2023,48411
Morocco,Apricots,2024,33490
Morocco,Artichokes,2022,18131
Morocco,Artichokes,2023,20616
Morocco,Artichokes,2024,19176
Morocco,Asparagus,2022,4
Morocco,Asparagus,2023,43
Morocco,Asparagus,2024,43
Morocco,Avocados,2022,229091
Morocco,Avocados,2023,274798
Morocco,Avocados,2024,292878
Morocco,Bananas,2022,242084
Morocco,Bananas,2023,223744
Morocco,Bananas,2024,224408
Morocco,Barley,2022,179976
Morocco,Barley,2023,348413
Morocco,Barley,2024,170373
Morocco,Beeswax,2022,225
Morocco,Beeswax,2023,225
Morocco,Beeswax,2024,225
Morocco,"Broad beans and horse beans, dry",2022,18661
Morocco,"Broad beans and horse beans, dry",2023,22039
Morocco,"Broad beans and horse beans, dry",2024,24709
Morocco,"Broad beans and horse beans, green",2022,26177
Morocco,"Broad beans and horse beans, green",2023,31182
Morocco,"Broad beans and horse beans, green",2024,22698
Morocco,Cabbages,2022,20779
Morocco,Cabbages,2023,22310
Morocco,Cabbages,2024,24777
Morocco,Cantaloupes and other melons,2022,265688
Morocco,Cantaloupes and other melons,2023,248872
Morocco,Cantaloupes and other melons,2024,135921
Morocco,Carrots and turnips,2022,109367
Morocco,Carrots and turnips,2023,109102
Morocco,Carrots and turnips,2024,95736
Morocco,Castor oil seeds,2022,58
Morocco,Castor oil seeds,2023,58
Morocco,Castor oil seeds,2024,58
Morocco,Cauliflowers and broccoli,2022,20039
Morocco,Cauliflowers and broccoli,2023,19831
Morocco,Cauliflowers and broccoli,2024,21163
Morocco,Cereals n.e.c.,2022,1366
Morocco,Cereals n.e.c.,2023,1207
Morocco,Cereals n.e.c.,2024,1048
Morocco,Cherries,2022,27720
Morocco,Cherries,2023,24637
Morocco,Cherries,2024,16605
Morocco,"Chick peas, dry",2022,32658
Morocco,"Chick peas, dry",2023,26821
Morocco,"Chick peas, dry",2024,54101
Morocco,"Chillies and peppers, dry (Capsicum spp., Pimenta spp.), raw",2022,24725
Morocco,"Chillies and peppers, dry (Capsicum spp., Pimenta spp.), raw",2023,24809
Morocco,"Chillies and peppers, dry (Capsicum spp., Pimenta spp.), raw",2024,24682
Morocco,"Chillies and peppers, green (Capsicum spp. and Pimenta spp.)",2022,104186
Morocco,"Chillies and peppers, green (Capsicum spp. and Pimenta spp.)",2023,85992
Morocco,"Chillies and peppers, green (Capsicum spp. and Pimenta spp.)",2024,98995
Morocco,Cucumbers and gherkins,2022,20668
Morocco,Cucumbers and gherkins,2023,23787
Morocco,Cucumbers and gherkins,2024,24783
Morocco,Dates,2022,114104
Morocco,Dates,2023,89174
Morocco,Dates,2024,92921
Morocco,"Edible roots and tubers with high starch or inulin content, n.e.c., fresh",2022,35
Morocco,"Edible roots and tubers with high starch or inulin content, n.e.c., fresh",2023,35
Morocco,"Edible roots and tubers with high starch or inulin content, n.e.c., fresh",2024,35
Morocco,Eggplants (aubergines),2022,18752
Morocco,Eggplants (aubergines),2023,33546
Morocco,Eggplants (aubergines),2024,35888
Morocco,Figs,2022,109043
Morocco,Figs,2023,118539
Morocco,Figs,2024,105678
Morocco,"Game meat, fresh, chilled or frozen",2022,182393
Morocco,"Game meat, fresh, chilled or frozen",2023,185281
Morocco,"Game meat, fresh, chilled or frozen",2024,188170
Morocco,Grapes,2022,140800
Morocco,Grapes,2023,136226
Morocco,Grapes,2024,149457
Morocco,Green garlic,2022,20711
Morocco,Green garlic,2023,20780
Morocco,Green garlic,2024,23050
Morocco,"Groundnuts, excluding shelled",2022,30707
Morocco,"Groundnuts, excluding shelled",2023,24587
Morocco,"Groundnuts, excluding shelled",2024,27102
Morocco,"Hen eggs in shell, fresh",2022,403661
Morocco,"Hen eggs in shell, fresh",2023,384439
Morocco,"Hen eggs in shell, fresh",2024,410068
Morocco,"Horse meat, fresh or chilled (indigenous)",2022,7879
Morocco,"Horse meat, fresh or chilled (indigenous)",2023,7340
Morocco,"Horse meat, fresh or chilled (indigenous)",2024,7112
Morocco,Leeks and other alliaceous vegetables,2022,2780
Morocco,Leeks and other alliaceous vegetables,2023,2789
Morocco,Leeks and other alliaceous vegetables,2024,2805
Morocco,Lemons and limes,2022,28342
Morocco,Lemons and limes,2023,22113
Morocco,Lemons and limes,2024,25022
Morocco,"Lentils, dry",2022,8895
Morocco,"Lentils, dry",2023,4509
Morocco,"Lentils, dry",2024,6159
Morocco,Lettuce and chicory,2022,1234
Morocco,Lettuce and chicory,2023,1235
Morocco,Lettuce and chicory,2024,1233
Morocco,Locust beans (carobs),2022,6646
Morocco,Locust beans (carobs),2023,6661
Morocco,Locust beans (carobs),2024,6677
Morocco,Lupins,2022,17514
Morocco,Lupins,2023,17562
Morocco,Lupins,2024,17561
Morocco,Maize (corn),2022,9590
Morocco,Maize (corn),2023,2904
Morocco,Maize (corn),2024,19626
Morocco,"Mangoes, guavas and mangosteens",2022,139
Morocco,"Mangoes, guavas and mangosteens",2023,291
Morocco,"Mangoes, guavas and mangosteens",2024,417
Morocco,"Meat of camels, fresh or chilled (indigenous)",2022,11434
Morocco,"Meat of camels, fresh or chilled (indigenous)",2023,16775
Morocco,"Meat of camels, fresh or chilled (indigenous)",2024,21003
Morocco,"Meat of cattle with the bone, fresh or chilled (indigenous)",2022,1535749
Morocco,"Meat of cattle with the bone, fresh or chilled (indigenous)",2023,1365008
Morocco,"Meat of cattle with the bone, fresh or chilled (indigenous)",2024,1231277
Morocco,"Meat of chickens, fresh or chilled (indigenous)",2022,904576
Morocco,"Meat of chickens, fresh or chilled (indigenous)",2023,945920
Morocco,"Meat of chickens, fresh or chilled (indigenous)",2024,978548
Morocco,"Meat of goat, fresh or chilled (indigenous)",2022,146094
Morocco,"Meat of goat, fresh or chilled (indigenous)",2023,143388
Morocco,"Meat of goat, fresh or chilled (indigenous)",2024,109166
Morocco,"Meat of pig with the bone, fresh or chilled (indigenous)",2022,4340
Morocco,"Meat of pig with the bone, fresh or chilled (indigenous)",2023,4346
Morocco,"Meat of pig with the bone, fresh or chilled (indigenous)",2024,4353
Morocco,"Meat of sheep, fresh or chilled (indigenous)",2022,908421
Morocco,"Meat of sheep, fresh or chilled (indigenous)",2023,882684
Morocco,"Meat of sheep, fresh or chilled (indigenous)",2024,670491
Morocco,"Meat of turkeys, fresh or chilled (indigenous)",2022,257002
Morocco,"Meat of turkeys, fresh or chilled (indigenous)",2023,290652
Morocco,"Meat of turkeys, fresh or chilled (indigenous)",2024,303982
Morocco,Millet,2022,1529
Morocco,Millet,2023,1517
Morocco,Millet,2024,1506
Morocco,Mushrooms and truffles,2022,3547
Morocco,Mushrooms and truffles,2023,3571
Morocco,Mushrooms and truffles,2024,3603
Morocco,Natural honey,2022,30880
Morocco,Natural honey,2023,32939
Morocco,Natural honey,2024,32939
Morocco,Oats,2022,1170
Morocco,Oats,2023,11357
Morocco,Oats,2024,3446
Morocco,Olives,2022,1079182
Morocco,Olives,2023,541778
Morocco,Olives,2024,592131
Morocco,"Onions and shallots, dry (excluding dehydrated)",2022,281139
Morocco,"Onions and shallots, dry (excluding dehydrated)",2023,214723
Morocco,"Onions and shallots, dry (excluding dehydrated)",2024,319709
Morocco,"Onions and shallots, green",2022,28839
Morocco,"Onions and shallots, green",2023,59203
Morocco,"Onions and shallots, green",2024,76169
Morocco,Oranges,2022,427771
Morocco,Oranges,2023,231085
Morocco,Oranges,2024,246459
Morocco,"Other beans, green",2022,87206
Morocco,"Other beans, green",2023,86859
Morocco,"Other beans, green",2024,87090
Morocco,Other berries and fruits of the genus vaccinium n.e.c.,2022,1096
Morocco,Other berries and fruits of the genus vaccinium n.e.c.,2023,1092
Morocco,Other berries and fruits of the genus vaccinium n.e.c.,2024,1092
Morocco,"Other citrus fruit, n.e.c.",2022,6153
Morocco,"Other citrus fruit, n.e.c.",2023,6156
Morocco,"Other citrus fruit, n.e.c.",2024,6153
Morocco,"Other fruits, n.e.c.",2022,28872
Morocco,"Other fruits, n.e.c.",2023,28763
Morocco,"Other fruits, n.e.c.",2024,28814
Morocco,"Other nuts (excluding wild edible nuts and groundnuts), in shell, n.e.c.",2022,269
Morocco,"Other nuts (excluding wild edible nuts and groundnuts), in shell, n.e.c.",2023,282
Morocco,"Other nuts (excluding wild edible nuts and groundnuts), in shell, n.e.c.",2024,288
Morocco,"Other oil seeds, n.e.c.",2022,194
Morocco,"Other oil seeds, n.e.c.",2023,193
Morocco,"Other oil seeds, n.e.c.",2024,194
Morocco,Other pulses n.e.c.,2022,4055
Morocco,Other pulses n.e.c.,2023,6082
Morocco,Other pulses n.e.c.,2024,517
Morocco,"Other stimulant, spice and aromatic crops, n.e.c.",2022,11920
Morocco,"Other stimulant, spice and aromatic crops, n.e.c.",2023,11921
Morocco,"Other stimulant, spice and aromatic crops, n.e.c.",2024,11917
Morocco,Other stone fruits,2022,228
Morocco,Other stone fruits,2023,228
Morocco,Other stone fruits,2024,228
Morocco,"Other tropical fruits, n.e.c.",2022,891
Morocco,"Other tropical fruits, n.e.c.",2023,894
Morocco,"Other tropical fruits, n.e.c.",2024,895
Morocco,"Other vegetables, fresh n.e.c.",2022,33455
Morocco,"Other vegetables, fresh n.e.c.",2023,31461
Morocco,"Other vegetables, fresh n.e.c.",2024,34045
Morocco,Papayas,2022,1259
Morocco,Papayas,2023,1656
Morocco,Papayas,2024,1491
Morocco,Peaches and nectarines,2022,252578
Morocco,Peaches and nectarines,2023,194701
Morocco,Peaches and nectarines,2024,281878
Morocco,Pears,2022,68744
Morocco,Pears,2023,52528
Morocco,Pears,2024,45887
Morocco,"Peas, dry",2022,8476
Morocco,"Peas, dry",2023,25773
Morocco,"Peas, dry",2024,12873
Morocco,"Peas, green",2022,70568
Morocco,"Peas, green",2023,72997
Morocco,"Peas, green",2024,70320
Morocco,"Pistachios, in shell",2022,214
Morocco,"Pistachios, in shell",2023,214
Morocco,"Pistachios, in shell",2024,212
Morocco,Plums and sloes,2022,165039
Morocco,Plums and sloes,2023,162154
Morocco,Plums and sloes,2024,221193
Morocco,Pomelos and grapefruits,2022,712
Morocco,Pomelos and grapefruits,2023,176
Morocco,Pomelos and grapefruits,2024,563
Morocco,Potatoes,2022,363944
Morocco,Potatoes,2023,370788
Morocco,Potatoes,2024,451570
Morocco,"Pumpkins, squash and gourds",2022,128267
Morocco,"Pumpkins, squash and gourds",2023,145057
Morocco,"Pumpkins, squash and gourds",2024,124089
Morocco,"Pyrethrum, dried flowers",2022,166
Morocco,"Pyrethrum, dried flowers",2023,166
Morocco,"Pyrethrum, dried flowers",2024,166
Morocco,Quinces,2022,25405
Morocco,Quinces,2023,21813
Morocco,Quinces,2024,21899
Morocco,Rape or colza seed,2022,941
Morocco,Rape or colza seed,2023,941
Morocco,Rape or colza seed,2024,941
Morocco,Raw milk of camel,2022,2784
Morocco,Raw milk of camel,2023,2804
Morocco,Raw milk of camel,2024,3089
Morocco,Raw milk of cattle,2022,676956
Morocco,Raw milk of cattle,2023,643108
Morocco,Raw milk of cattle,2024,609261
Morocco,Raw milk of goats,2022,14770
Morocco,Raw milk of goats,2023,14490
Morocco,Raw milk of goats,2024,14307
Morocco,Raw milk of sheep,2022,11626
Morocco,Raw milk of sheep,2023,11359
Morocco,Raw milk of sheep,2024,11144
Morocco,Rice,2022,15218
Morocco,Rice,2023,17422
Morocco,Rice,2024,1861
Morocco,Rye,2022,736
Morocco,Rye,2023,736
Morocco,Rye,2024,736
Morocco,"Seed cotton, unginned",2022,165
Morocco,"Seed cotton, unginned",2023,166
Morocco,"Seed cotton, unginned",2024,167
Morocco,Sesame seed,2022,408
Morocco,Sesame seed,2023,408
Morocco,Sesame seed,2024,408
Morocco,"Shorn wool, greasy, including fleece-washed shorn wool",2022,145734
Morocco,"Shorn wool, greasy, including fleece-washed shorn wool",2023,144073
Morocco,"Shorn wool, greasy, including fleece-washed shorn wool",2024,145601
Morocco,"Sisal, raw",2022,1705
Morocco,"Sisal, raw",2023,1712
Morocco,"Sisal, raw",2024,1717
Morocco,Sorghum,2022,2143
Morocco,Sorghum,2023,1258
Morocco,Sorghum,2024,809
Morocco,Soya beans,2022,354
Morocco,Soya beans,2023,354
Morocco,Soya beans,2024,354
Morocco,Strawberries,2022,124408
Morocco,Strawberries,2023,129089
Morocco,Strawberries,2024,77996
Morocco,String beans,2022,148911
Morocco,String beans,2023,147365
Morocco,String beans,2024,126886
Morocco,Sugar beet,2022,71590
Morocco,Sugar beet,2023,55437
Morocco,Sugar beet,2024,43319
Morocco,Sugar cane,2022,14184
Morocco,Sugar cane,2023,9556
Morocco,Sugar cane,2024,9089
Morocco,Sunflower seed,2022,15470
Morocco,Sunflower seed,2023,16574
Morocco,Sunflower seed,2024,23124
Morocco,Sweet potatoes,2022,1383
Morocco,Sweet potatoes,2023,1483
Morocco,Sweet potatoes,2024,1303
Morocco,"Tangerines, mandarins, clementines",2022,448210
Morocco,"Tangerines, mandarins, clementines",2023,287006
Morocco,"Tangerines, mandarins, clementines",2024,280273
Morocco,Tomatoes,2022,297197
Morocco,Tomatoes,2023,308956
Morocco,Tomatoes,2024,360995
Morocco,Unmanufactured tobacco,2022,1580
Morocco,Unmanufactured tobacco,2023,1576
Morocco,Unmanufactured tobacco,2024,1575
Morocco,Vetches,2022,6894
Morocco,Vetches,2023,6895
Morocco,Vetches,2024,6875
Morocco,"Walnuts, in shell",2022,24288
Morocco,"Walnuts, in shell",2023,18782
Morocco,"Walnuts, in shell",2024,21450
Morocco,Watermelons,2022,191187
Morocco,Watermelons,2023,146214
Morocco,Watermelons,2024,107636
Morocco,Wheat,2022,732119
Morocco,Wheat,2023,1124404
Morocco,Wheat,2024,660200
Mozambique,Bananas,2022,169655
Mozambique,Bananas,2023,135059
Mozambique,Bananas,2024,141002
Mozambique,"Beans, dry",2022,639253
Mozambique,"Beans, dry",2023,747092
Mozambique,"Beans, dry",2024,855320
Mozambique,"Cashew nuts, in shell",2022,58839
Mozambique,"Cashew nuts, in shell",2023,63988
Mozambique,"Cashew nuts, in shell",2024,57794
Mozambique,"Cassava, fresh",2022,1686860
Mozambique,"Cassava, fresh",2023,1985268
Mozambique,"Cassava, fresh",2024,2223144
Mozambique,Castor oil seeds,2022,18978
Mozambique,Castor oil seeds,2023,19017
Mozambique,Castor oil seeds,2024,19023
Mozambique,"Coconuts, in shell",2022,91412
Mozambique,"Coconuts, in shell",2023,96272
Mozambique,"Coconuts, in shell",2024,90199
Mozambique,"Coffee, green",2022,213
Mozambique,"Coffee, green",2023,213
Mozambique,"Coffee, green",2024,213
Mozambique,"Edible roots and tubers with high starch or inulin content, n.e.c., fresh",2022,655
Mozambique,"Edible roots and tubers with high starch or inulin content, n.e.c., fresh",2023,656
Mozambique,"Edible roots and tubers with high starch or inulin content, n.e.c., fresh",2024,654
Mozambique,"Groundnuts, excluding shelled",2022,104908
Mozambique,"Groundnuts, excluding shelled",2023,208139
Mozambique,"Groundnuts, excluding shelled",2024,222797
Mozambique,"Hen eggs in shell, fresh",2022,53638
Mozambique,"Hen eggs in shell, fresh",2023,57989
Mozambique,"Hen eggs in shell, fresh",2024,59889
Mozambique,"Kenaf, and other textile bast fibres, raw or retted",2022,1266
Mozambique,"Kenaf, and other textile bast fibres, raw or retted",2023,1265
Mozambique,"Kenaf, and other textile bast fibres, raw or retted",2024,1265
Mozambique,Lemons and limes,2022,1558
Mozambique,Lemons and limes,2023,1554
Mozambique,Lemons and limes,2024,1549
Mozambique,Maize (corn),2022,871123
Mozambique,Maize (corn),2023,776877
Mozambique,Maize (corn),2024,847882
Mozambique,"Mangoes, guavas and mangosteens",2022,18879
Mozambique,"Mangoes, guavas and mangosteens",2023,18902
Mozambique,"Mangoes, guavas and mangosteens",2024,18925
Mozambique,"Meat of cattle with the bone, fresh or chilled (indigenous)",2022,81051
Mozambique,"Meat of cattle with the bone, fresh or chilled (indigenous)",2023,85086
Mozambique,"Meat of cattle with the bone, fresh or chilled (indigenous)",2024,86139
Mozambique,"Meat of chickens, fresh or chilled (indigenous)",2022,546392
Mozambique,"Meat of chickens, fresh or chilled (indigenous)",2023,568965
Mozambique,"Meat of chickens, fresh or chilled (indigenous)",2024,497798
Mozambique,"Meat of ducks, fresh or chilled (indigenous)",2022,4669
Mozambique,"Meat of ducks, fresh or chilled (indigenous)",2023,4802
Mozambique,"Meat of ducks, fresh or chilled (indigenous)",2024,4938
Mozambique,"Meat of goat, fresh or chilled (indigenous)",2022,11030
Mozambique,"Meat of goat, fresh or chilled (indigenous)",2023,11623
Mozambique,"Meat of goat, fresh or chilled (indigenous)",2024,13405
Mozambique,"Meat of pig with the bone, fresh or chilled (indigenous)",2022,674335
Mozambique,"Meat of pig with the bone, fresh or chilled (indigenous)",2023,343229
Mozambique,"Meat of pig with the bone, fresh or chilled (indigenous)",2024,514553
Mozambique,"Meat of sheep, fresh or chilled (indigenous)",2022,1213
Mozambique,"Meat of sheep, fresh or chilled (indigenous)",2023,1255
Mozambique,"Meat of sheep, fresh or chilled (indigenous)",2024,1304
Mozambique,Millet,2022,2824
Mozambique,Millet,2023,2053
Mozambique,Millet,2024,2115
Mozambique,Natural honey,2022,837
Mozambique,Natural honey,2023,841
Mozambique,Natural honey,2024,845
Mozambique,"Onions and shallots, dry (excluding dehydrated)",2022,409729
Mozambique,"Onions and shallots, dry (excluding dehydrated)",2023,254284
Mozambique,"Onions and shallots, dry (excluding dehydrated)",2024,272083
Mozambique,Oranges,2022,60938
Mozambique,Oranges,2023,60938
Mozambique,Oranges,2024,60938
Mozambique,"Other fruits, n.e.c.",2022,15325
Mozambique,"Other fruits, n.e.c.",2023,15396
Mozambique,"Other fruits, n.e.c.",2024,15468
Mozambique,"Other oil seeds, n.e.c.",2022,5235
Mozambique,"Other oil seeds, n.e.c.",2023,5220
Mozambique,"Other oil seeds, n.e.c.",2024,5205
Mozambique,Other pulses n.e.c.,2022,20344
Mozambique,Other pulses n.e.c.,2023,16086
Mozambique,Other pulses n.e.c.,2024,15220
Mozambique,"Other tropical fruits, n.e.c.",2022,2587
Mozambique,"Other tropical fruits, n.e.c.",2023,2592
Mozambique,"Other tropical fruits, n.e.c.",2024,2584
Mozambique,"Other vegetables, fresh n.e.c.",2022,27281
Mozambique,"Other vegetables, fresh n.e.c.",2023,27397
Mozambique,"Other vegetables, fresh n.e.c.",2024,27513
Mozambique,Papayas,2022,16082
Mozambique,Papayas,2023,16113
Mozambique,Papayas,2024,16144
Mozambique,Pineapples,2022,89764
Mozambique,Pineapples,2023,89395
Mozambique,Pineapples,2024,89026
Mozambique,Pomelos and grapefruits,2022,950
Mozambique,Pomelos and grapefruits,2023,945
Mozambique,Pomelos and grapefruits,2024,947
Mozambique,Potatoes,2022,380094
Mozambique,Potatoes,2023,403405
Mozambique,Potatoes,2024,423575
Mozambique,"Pumpkins, squash and gourds",2022,146
Mozambique,"Pumpkins, squash and gourds",2023,146
Mozambique,"Pumpkins, squash and gourds",2024,146
Mozambique,Raw milk of cattle,2022,2402
Mozambique,Raw milk of cattle,2023,2449
Mozambique,Raw milk of cattle,2024,2930
Mozambique,Raw milk of goats,2022,5717
Mozambique,Raw milk of goats,2023,5504
Mozambique,Raw milk of goats,2024,5508
Mozambique,Rice,2022,170358
Mozambique,Rice,2023,112226
Mozambique,Rice,2024,117349
Mozambique,"Seed cotton, unginned",2022,15551
Mozambique,"Seed cotton, unginned",2023,11115
Mozambique,"Seed cotton, unginned",2024,11361
Mozambique,Sesame seed,2022,199720
Mozambique,Sesame seed,2023,173290
Mozambique,Sesame seed,2024,184544
Mozambique,"Sisal, raw",2022,136
Mozambique,"Sisal, raw",2023,136
Mozambique,"Sisal, raw",2024,136
Mozambique,Sorghum,2022,22545
Mozambique,Sorghum,2023,19127
Mozambique,Sorghum,2024,19900
Mozambique,Sugar cane,2022,15482
Mozambique,Sugar cane,2023,8453
Mozambique,Sugar cane,2024,9321
Mozambique,Sunflower seed,2022,1847
Mozambique,Sunflower seed,2023,2979
Mozambique,Sunflower seed,2024,2895
Mozambique,Sweet potatoes,2022,202725
Mozambique,Sweet potatoes,2023,182688
Mozambique,Sweet potatoes,2024,199592
Mozambique,"Tangerines, mandarins, clementines",2022,45
Mozambique,"Tangerines, mandarins, clementines",2023,45
Mozambique,"Tangerines, mandarins, clementines",2024,45
Mozambique,Tea leaves,2022,12791
Mozambique,Tea leaves,2023,16994
Mozambique,Tea leaves,2024,20311
Mozambique,Tomatoes,2022,1616992
Mozambique,Tomatoes,2023,942714
Mozambique,Tomatoes,2024,1023787
Mozambique,Unmanufactured tobacco,2022,36870
Mozambique,Unmanufactured tobacco,2023,31142
Mozambique,Unmanufactured tobacco,2024,43705
Mozambique,Wheat,2022,12676
Mozambique,Wheat,2023,12676
Mozambique,Wheat,2024,3961
Namibia,Cantaloupes and other melons,2022,187
Namibia,Cantaloupes and other melons,2023,188
Namibia,Cantaloupes and other melons,2024,188
Namibia,Dates,2022,967
Namibia,Dates,2023,916
Namibia,Dates,2024,965
Namibia,"Edible roots and tubers with high starch or inulin content, n.e.c., fresh",2022,62275
Namibia,"Edible roots and tubers with high starch or inulin content, n.e.c., fresh",2023,62377
Namibia,"Edible roots and tubers with high starch or inulin content, n.e.c., fresh",2024,62202
Namibia,"Eggs from other birds in shell, fresh, n.e.c.",2022,1787
Namibia,"Eggs from other birds in shell, fresh, n.e.c.",2023,1787
Namibia,"Eggs from other birds in shell, fresh, n.e.c.",2024,1787
Namibia,"Game meat, fresh, chilled or frozen",2022,9664
Namibia,"Game meat, fresh, chilled or frozen",2023,9719
Namibia,"Game meat, fresh, chilled or frozen",2024,9773
Namibia,Grapes,2022,32762
Namibia,Grapes,2023,33775
Namibia,Grapes,2024,34810
Namibia,"Groundnuts, excluding shelled",2022,353
Namibia,"Groundnuts, excluding shelled",2023,289
Namibia,"Groundnuts, excluding shelled",2024,205
Namibia,"Hen eggs in shell, fresh",2022,1251
Namibia,"Hen eggs in shell, fresh",2023,1249
Namibia,"Hen eggs in shell, fresh",2024,1246
Namibia,Maize (corn),2022,37424
Namibia,Maize (corn),2023,27977
Namibia,Maize (corn),2024,11378
Namibia,"Meat of cattle with the bone, fresh or chilled (indigenous)",2022,44471
Namibia,"Meat of cattle with the bone, fresh or chilled (indigenous)",2023,66000
Namibia,"Meat of cattle with the bone, fresh or chilled (indigenous)",2024,57221
Namibia,"Meat of chickens, fresh or chilled (indigenous)",2022,11227
Namibia,"Meat of chickens, fresh or chilled (indigenous)",2023,7882
Namibia,"Meat of chickens, fresh or chilled (indigenous)",2024,10055
Namibia,"Meat of goat, fresh or chilled (indigenous)",2022,5761
Namibia,"Meat of goat, fresh or chilled (indigenous)",2023,5178
Namibia,"Meat of goat, fresh or chilled (indigenous)",2024,5027
Namibia,"Meat of pig with the bone, fresh or chilled (indigenous)",2022,9531
Namibia,"Meat of pig with the bone, fresh or chilled (indigenous)",2023,8535
Namibia,"Meat of pig with the bone, fresh or chilled (indigenous)",2024,8582
Namibia,"Meat of pigeons and other birds n.e.c., fresh, chilled or frozen (indigenous)",2022,2378
Namibia,"Meat of pigeons and other birds n.e.c., fresh, chilled or frozen (indigenous)",2023,2429
Namibia,"Meat of pigeons and other birds n.e.c., fresh, chilled or frozen (indigenous)",2024,2483
Namibia,"Meat of sheep, fresh or chilled (indigenous)",2022,20851
Namibia,"Meat of sheep, fresh or chilled (indigenous)",2023,19055
Namibia,"Meat of sheep, fresh or chilled (indigenous)",2024,18174
Namibia,Millet,2022,11950
Namibia,Millet,2023,5474
Namibia,Millet,2024,3233
Namibia,"Other fruits, n.e.c.",2022,9429
Namibia,"Other fruits, n.e.c.",2023,9467
Namibia,"Other fruits, n.e.c.",2024,9454
Namibia,Other pulses n.e.c.,2022,14942
Namibia,Other pulses n.e.c.,2023,15027
Namibia,Other pulses n.e.c.,2024,14997
Namibia,"Other vegetables, fresh n.e.c.",2022,12457
Namibia,"Other vegetables, fresh n.e.c.",2023,12397
Namibia,"Other vegetables, fresh n.e.c.",2024,12406
Namibia,Raw milk of cattle,2022,44549
Namibia,Raw milk of cattle,2023,43656
Namibia,Raw milk of cattle,2024,42642
Namibia,"Shorn wool, greasy, including fleece-washed shorn wool",2022,391
Namibia,"Shorn wool, greasy, including fleece-washed shorn wool",2023,373
Namibia,"Shorn wool, greasy, including fleece-washed shorn wool",2024,351
Namibia,Sorghum,2022,1475
Namibia,Sorghum,2023,537
Namibia,Sorghum,2024,181
Namibia,Sunflower seed,2022,16
Namibia,Sunflower seed,2023,16
Namibia,Sunflower seed,2024,16
Namibia,Tomatoes,2022,2722
Namibia,Tomatoes,2023,2708
Namibia,Tomatoes,2024,2714
Namibia,Watermelons,2022,570
Namibia,Watermelons,2023,569
Namibia,Watermelons,2024,571
Namibia,Wheat,2022,6568
Namibia,Wheat,2023,8773
Namibia,Wheat,2024,6511
Nepal,"Almonds, in shell",2022,23
Nepal,"Almonds, in shell",2023,23
Nepal,"Almonds, in shell",2024,23
Nepal,Apples,2022,33506
Nepal,Apples,2023,35380
Nepal,Apples,2024,36534
Nepal,Apricots,2022,1089
Nepal,Apricots,2023,813
Nepal,Apricots,2024,839
Nepal,Areca nuts,2022,8559
Nepal,Areca nuts,2023,8008
Nepal,Areca nuts,2024,8076
Nepal,Bananas,2022,85147
Nepal,Bananas,2023,108512
Nepal,Bananas,2024,102778
Nepal,Barley,2022,8558
Nepal,Barley,2023,6896
Nepal,Barley,2024,6635
Nepal,"Beans, dry",2022,10778
Nepal,"Beans, dry",2023,10756
Nepal,"Beans, dry",2024,10791
Nepal,Buckwheat,2022,8169
Nepal,Buckwheat,2023,6388
Nepal,Buckwheat,2024,6147
Nepal,"Chick peas, dry",2022,9840
Nepal,"Chick peas, dry",2023,9665
Nepal,"Chick peas, dry",2024,8020
Nepal,"Chillies and peppers, dry (Capsicum spp., Pimenta spp.), raw",2022,33940
Nepal,"Chillies and peppers, dry (Capsicum spp., Pimenta spp.), raw",2023,35191
Nepal,"Chillies and peppers, dry (Capsicum spp., Pimenta spp.), raw",2024,18552
Nepal,"Chillies and peppers, green (Capsicum spp. and Pimenta spp.)",2022,119592
Nepal,"Chillies and peppers, green (Capsicum spp. and Pimenta spp.)",2023,102956
Nepal,"Chillies and peppers, green (Capsicum spp. and Pimenta spp.)",2024,147716
Nepal,"Coconuts, in shell",2022,4121
Nepal,"Coconuts, in shell",2023,3317
Nepal,"Coconuts, in shell",2024,2246
Nepal,"Coffee, green",2022,508
Nepal,"Coffee, green",2023,564
Nepal,"Coffee, green",2024,717
Nepal,"Edible roots and tubers with high starch or inulin content, n.e.c., fresh",2022,53903
Nepal,"Edible roots and tubers with high starch or inulin content, n.e.c., fresh",2023,53878
Nepal,"Edible roots and tubers with high starch or inulin content, n.e.c., fresh",2024,53859
Nepal,"Eggs from other birds in shell, fresh, n.e.c.",2022,5348
Nepal,"Eggs from other birds in shell, fresh, n.e.c.",2023,13314
Nepal,"Eggs from other birds in shell, fresh, n.e.c.",2024,8961
Nepal,"Ginger, raw",2022,123713
Nepal,"Ginger, raw",2023,133049
Nepal,"Ginger, raw",2024,124365
Nepal,Green garlic,2022,54245
Nepal,Green garlic,2023,53377
Nepal,Green garlic,2024,52501
Nepal,"Hen eggs in shell, fresh",2022,139810
Nepal,"Hen eggs in shell, fresh",2023,165573
Nepal,"Hen eggs in shell, fresh",2024,171529
Nepal,"Jute, raw or retted",2022,4061
Nepal,"Jute, raw or retted",2023,4056
Nepal,"Jute, raw or retted",2024,4062
Nepal,Lemons and limes,2022,14484
Nepal,Lemons and limes,2023,17373
Nepal,Lemons and limes,2024,19139
Nepal,"Lentils, dry",2022,203548
Nepal,"Lentils, dry",2023,162000
Nepal,"Lentils, dry",2024,123393
Nepal,Linseed,2022,9075
Nepal,Linseed,2023,8609
Nepal,Linseed,2024,6739
Nepal,Maize (corn),2022,830857
Nepal,Maize (corn),2023,796111
Nepal,Maize (corn),2024,854252
Nepal,"Mangoes, guavas and mangosteens",2022,155293
Nepal,"Mangoes, guavas and mangosteens",2023,164568
Nepal,"Mangoes, guavas and mangosteens",2024,166271
Nepal,"Meat of buffalo, fresh or chilled (indigenous)",2022,533718
Nepal,"Meat of buffalo, fresh or chilled (indigenous)",2023,320367
Nepal,"Meat of buffalo, fresh or chilled (indigenous)",2024,380255
Nepal,"Meat of chickens, fresh or chilled (indigenous)",2022,511433
Nepal,"Meat of chickens, fresh or chilled (indigenous)",2023,501027
Nepal,"Meat of chickens, fresh or chilled (indigenous)",2024,449404
Nepal,"Meat of ducks, fresh or chilled (indigenous)",2022,2072
Nepal,"Meat of ducks, fresh or chilled (indigenous)",2023,4712
Nepal,"Meat of ducks, fresh or chilled (indigenous)",2024,4154
Nepal,"Meat of goat, fresh or chilled (indigenous)",2022,445441
Nepal,"Meat of goat, fresh or chilled (indigenous)",2023,463526
Nepal,"Meat of goat, fresh or chilled (indigenous)",2024,518135
Nepal,"Meat of pig with the bone, fresh or chilled (indigenous)",2022,90757
Nepal,"Meat of pig with the bone, fresh or chilled (indigenous)",2023,81882
Nepal,"Meat of pig with the bone, fresh or chilled (indigenous)",2024,98619
Nepal,"Meat of sheep, fresh or chilled (indigenous)",2022,12038
Nepal,"Meat of sheep, fresh or chilled (indigenous)",2023,7832
Nepal,"Meat of sheep, fresh or chilled (indigenous)",2024,11507
Nepal,Millet,2022,101765
Nepal,Millet,2023,93187
Nepal,Millet,2024,90154
Nepal,Mustard seed,2022,226460
Nepal,Mustard seed,2023,205288
Nepal,Mustard seed,2024,207042
Nepal,Natural honey,2022,21400
Nepal,Natural honey,2023,17839
Nepal,Natural honey,2024,17938
Nepal,"Nutmeg, mace, cardamoms, raw",2022,53489
Nepal,"Nutmeg, mace, cardamoms, raw",2023,53243
Nepal,"Nutmeg, mace, cardamoms, raw",2024,54066
Nepal,Oranges,2022,23529
Nepal,Oranges,2023,23315
Nepal,Oranges,2024,21959
Nepal,"Other citrus fruit, n.e.c.",2022,6212
Nepal,"Other citrus fruit, n.e.c.",2023,3121
Nepal,"Other citrus fruit, n.e.c.",2024,3235
Nepal,"Other fruits, n.e.c.",2022,128557
Nepal,"Other fruits, n.e.c.",2023,32378
Nepal,"Other fruits, n.e.c.",2024,30952
Nepal,"Other oil seeds, n.e.c.",2022,44305
Nepal,"Other oil seeds, n.e.c.",2023,41663
Nepal,"Other oil seeds, n.e.c.",2024,35722
Nepal,Other pulses n.e.c.,2022,76799
Nepal,Other pulses n.e.c.,2023,64614
Nepal,Other pulses n.e.c.,2024,60858
Nepal,"Other stimulant, spice and aromatic crops, n.e.c.",2022,7674
Nepal,"Other stimulant, spice and aromatic crops, n.e.c.",2023,7646
Nepal,"Other stimulant, spice and aromatic crops, n.e.c.",2024,7659
Nepal,"Other vegetables, fresh n.e.c.",2022,1539972
Nepal,"Other vegetables, fresh n.e.c.",2023,1622630
Nepal,"Other vegetables, fresh n.e.c.",2024,1646375
Nepal,Papayas,2022,6077
Nepal,Papayas,2023,4494
Nepal,Papayas,2024,4224
Nepal,Peaches and nectarines,2022,2981
Nepal,Peaches and nectarines,2023,2649
Nepal,Peaches and nectarines,2024,2596
Nepal,Pears,2022,6637
Nepal,Pears,2023,6106
Nepal,Pears,2024,6388
Nepal,Persimmons,2022,750
Nepal,Persimmons,2023,910
Nepal,Persimmons,2024,675
Nepal,"Pigeon peas, dry",2022,12723
Nepal,"Pigeon peas, dry",2023,10121
Nepal,"Pigeon peas, dry",2024,9242
Nepal,Pineapples,2022,6887
Nepal,Pineapples,2023,4377
Nepal,Pineapples,2024,3827
Nepal,Plums and sloes,2022,2562
Nepal,Plums and sloes,2023,1932
Nepal,Plums and sloes,2024,2037
Nepal,Potatoes,2022,957888
Nepal,Potatoes,2023,979509
Nepal,Potatoes,2024,989051
Nepal,Raw milk of buffalo,2022,716654
Nepal,Raw milk of buffalo,2023,684851
Nepal,Raw milk of buffalo,2024,686005
Nepal,Raw milk of cattle,2022,505700
Nepal,Raw milk of cattle,2023,557212
Nepal,Raw milk of cattle,2024,588271
Nepal,Raw milk of goats,2022,61070
Nepal,Raw milk of goats,2023,62596
Nepal,Raw milk of goats,2024,64622
Nepal,Raw milk of sheep,2022,7649
Nepal,Raw milk of sheep,2023,5914
Nepal,Raw milk of sheep,2024,6806
Nepal,Rice,2022,1425749
Nepal,Rice,2023,1487536
Nepal,Rice,2024,1547634
Nepal,"Seed cotton, unginned",2022,32
Nepal,"Seed cotton, unginned",2023,32
Nepal,"Seed cotton, unginned",2024,32
Nepal,"Shorn wool, greasy, including fleece-washed shorn wool",2022,902
Nepal,"Shorn wool, greasy, including fleece-washed shorn wool",2023,606
Nepal,"Shorn wool, greasy, including fleece-washed shorn wool",2024,620
Nepal,Soya beans,2022,31088
Nepal,Soya beans,2023,32445
Nepal,Soya beans,2024,25233
Nepal,Sugar cane,2022,149274
Nepal,Sugar cane,2023,147879
Nepal,Sugar cane,2024,130417
Nepal,Tea leaves,2022,55417
Nepal,Tea leaves,2023,55926
Nepal,Tea leaves,2024,58620
Nepal,Unmanufactured tobacco,2022,1780
Nepal,Unmanufactured tobacco,2023,1839
Nepal,Unmanufactured tobacco,2024,1810
Nepal,"Walnuts, in shell",2022,12560
Nepal,"Walnuts, in shell",2023,12220
Nepal,"Walnuts, in shell",2024,16331
Nepal,Wheat,2022,571207
Nepal,Wheat,2023,558927
Nepal,Wheat,2024,542173
New Caledonia,"Cassava, fresh",2022,2136
New Caledonia,"Cassava, fresh",2023,1909
New Caledonia,"Cassava, fresh",2024,1786
New Caledonia,"Coconuts, in shell",2022,14372
New Caledonia,"Coconuts, in shell",2023,14372
New Caledonia,"Coconuts, in shell",2024,14581
New Caledonia,"Coffee, green",2022,15
New Caledonia,"Coffee, green",2023,11
New Caledonia,"Coffee, green",2024,10
New Caledonia,Eggplants (aubergines),2022,351
New Caledonia,Eggplants (aubergines),2023,381
New Caledonia,Eggplants (aubergines),2024,384
New Caledonia,"Hen eggs in shell, fresh",2022,11246
New Caledonia,"Hen eggs in shell, fresh",2023,11279
New Caledonia,"Hen eggs in shell, fresh",2024,11279
New Caledonia,Lemons and limes,2022,2802
New Caledonia,Lemons and limes,2023,2802
New Caledonia,Lemons and limes,2024,3204
New Caledonia,Maize (corn),2022,2163
New Caledonia,Maize (corn),2023,1836
New Caledonia,Maize (corn),2024,3735
New Caledonia,"Mangoes, guavas and mangosteens",2022,2857
New Caledonia,"Mangoes, guavas and mangosteens",2023,2621
New Caledonia,"Mangoes, guavas and mangosteens",2024,3172
New Caledonia,Natural honey,2022,2245
New Caledonia,Natural honey,2023,2397
New Caledonia,Natural honey,2024,2814
New Caledonia,Oranges,2022,2072
New Caledonia,Oranges,2023,2391
New Caledonia,Oranges,2024,2805
New Caledonia,"Other fruits, n.e.c.",2022,20672
New Caledonia,"Other fruits, n.e.c.",2023,19826
New Caledonia,"Other fruits, n.e.c.",2024,22760
New Caledonia,Other pulses n.e.c.,2022,3
New Caledonia,Other pulses n.e.c.,2023,6
New Caledonia,Other pulses n.e.c.,2024,7
New Caledonia,"Other vegetables, fresh n.e.c.",2022,18984
New Caledonia,"Other vegetables, fresh n.e.c.",2023,21952
New Caledonia,"Other vegetables, fresh n.e.c.",2024,21213
New Caledonia,Potatoes,2022,313
New Caledonia,Potatoes,2023,2560
New Caledonia,Potatoes,2024,1843
New Caledonia,Raw milk of cattle,2022,503
New Caledonia,Raw milk of cattle,2023,113
New Caledonia,Raw milk of cattle,2024,388
New Caledonia,Sweet potatoes,2022,1865
New Caledonia,Sweet potatoes,2023,1824
New Caledonia,Sweet potatoes,2024,2121
New Caledonia,Taro,2022,2134
New Caledonia,Taro,2023,2005
New Caledonia,Taro,2024,1716
New Caledonia,Watermelons,2022,627
New Caledonia,Watermelons,2023,910
New Caledonia,Watermelons,2024,1129
New Caledonia,Yams,2022,11476
New Caledonia,Yams,2023,11171
New Caledonia,Yams,2024,11447
New Zealand,Apples,2022,319405
New Zealand,Apples,2023,323603
New Zealand,Apples,2024,317729
New Zealand,Apricots,2022,5475
New Zealand,Apricots,2023,5439
New Zealand,Apricots,2024,5305
New Zealand,Asparagus,2022,3041
New Zealand,Asparagus,2023,3048
New Zealand,Asparagus,2024,2611
New Zealand,Avocados,2022,89544
New Zealand,Avocados,2023,91202
New Zealand,Avocados,2024,76232
New Zealand,Barley,2022,87988
New Zealand,Barley,2023,95501
New Zealand,Barley,2024,94869
New Zealand,Blueberries,2022,33294
New Zealand,Blueberries,2023,33287
New Zealand,Blueberries,2024,33492
New Zealand,"Broad beans and horse beans, green",2022,635
New Zealand,"Broad beans and horse beans, green",2023,637
New Zealand,"Broad beans and horse beans, green",2024,636
New Zealand,Cabbages,2022,39053
New Zealand,Cabbages,2023,39544
New Zealand,Cabbages,2024,50319
New Zealand,Cantaloupes and other melons,2022,1929
New Zealand,Cantaloupes and other melons,2023,1942
New Zealand,Cantaloupes and other melons,2024,1935
New Zealand,Carrots and turnips,2022,38246
New Zealand,Carrots and turnips,2023,38448
New Zealand,Carrots and turnips,2024,38649
New Zealand,Cauliflowers and broccoli,2022,22014
New Zealand,Cauliflowers and broccoli,2023,21796
New Zealand,Cauliflowers and broccoli,2024,23704
New Zealand,Cereals n.e.c.,2022,4188
New Zealand,Cereals n.e.c.,2023,4223
New Zealand,Cereals n.e.c.,2024,4258
New Zealand,Cherries,2022,31509
New Zealand,Cherries,2023,31539
New Zealand,Cherries,2024,35630
New Zealand,"Chillies and peppers, green (Capsicum spp. and Pimenta spp.)",2022,3842
New Zealand,"Chillies and peppers, green (Capsicum spp. and Pimenta spp.)",2023,4048
New Zealand,"Chillies and peppers, green (Capsicum spp. and Pimenta spp.)",2024,4915
New Zealand,Currants,2022,5242
New Zealand,Currants,2023,5297
New Zealand,Currants,2024,5352
New Zealand,"Eggs from other birds in shell, fresh, n.e.c.",2022,5442
New Zealand,"Eggs from other birds in shell, fresh, n.e.c.",2023,5442
New Zealand,"Eggs from other birds in shell, fresh, n.e.c.",2024,5442
New Zealand,"Game meat, fresh, chilled or frozen",2022,50687
New Zealand,"Game meat, fresh, chilled or frozen",2023,47188
New Zealand,"Game meat, fresh, chilled or frozen",2024,42947
New Zealand,Gooseberries,2022,5
New Zealand,Gooseberries,2023,5
New Zealand,Gooseberries,2024,5
New Zealand,Grapes,2022,740165
New Zealand,Grapes,2023,740165
New Zealand,Grapes,2024,549559
New Zealand,Green corn (maize),2022,2815
New Zealand,Green corn (maize),2023,2700
New Zealand,Green corn (maize),2024,3231
New Zealand,Green garlic,2022,20729
New Zealand,Green garlic,2023,20826
New Zealand,Green garlic,2024,20788
New Zealand,"Hen eggs in shell, fresh",2022,155472
New Zealand,"Hen eggs in shell, fresh",2023,154948
New Zealand,"Hen eggs in shell, fresh",2024,156462
New Zealand,Hop cones,2022,9451
New Zealand,Hop cones,2023,9519
New Zealand,Hop cones,2024,9482
New Zealand,Kiwi fruit,2022,844485
New Zealand,Kiwi fruit,2023,859435
New Zealand,Kiwi fruit,2024,867600
New Zealand,Leeks and other alliaceous vegetables,2022,4095
New Zealand,Leeks and other alliaceous vegetables,2023,4123
New Zealand,Leeks and other alliaceous vegetables,2024,4095
New Zealand,Lemons and limes,2022,6500
New Zealand,Lemons and limes,2023,6587
New Zealand,Lemons and limes,2024,6123
New Zealand,"Lentils, dry",2022,1674
New Zealand,"Lentils, dry",2023,1679
New Zealand,"Lentils, dry",2024,1682
New Zealand,Lettuce and chicory,2022,18720
New Zealand,Lettuce and chicory,2023,18738
New Zealand,Lettuce and chicory,2024,25165
New Zealand,Linseed,2022,1213
New Zealand,Linseed,2023,1217
New Zealand,Linseed,2024,1216
New Zealand,Maize (corn),2022,58045
New Zealand,Maize (corn),2023,59357
New Zealand,Maize (corn),2024,75372
New Zealand,"Meat of cattle with the bone, fresh or chilled (indigenous)",2022,2290503
New Zealand,"Meat of cattle with the bone, fresh or chilled (indigenous)",2023,2365753
New Zealand,"Meat of cattle with the bone, fresh or chilled (indigenous)",2024,2358108
New Zealand,"Meat of chickens, fresh or chilled (indigenous)",2022,411789
New Zealand,"Meat of chickens, fresh or chilled (indigenous)",2023,422544
New Zealand,"Meat of chickens, fresh or chilled (indigenous)",2024,436852
New Zealand,"Meat of ducks, fresh or chilled (indigenous)",2022,1629
New Zealand,"Meat of ducks, fresh or chilled (indigenous)",2023,1626
New Zealand,"Meat of ducks, fresh or chilled (indigenous)",2024,1623
New Zealand,"Meat of geese, fresh or chilled (indigenous)",2022,330
New Zealand,"Meat of geese, fresh or chilled (indigenous)",2023,331
New Zealand,"Meat of geese, fresh or chilled (indigenous)",2024,333
New Zealand,"Meat of goat, fresh or chilled (indigenous)",2022,5321
New Zealand,"Meat of goat, fresh or chilled (indigenous)",2023,3779
New Zealand,"Meat of goat, fresh or chilled (indigenous)",2024,3384
New Zealand,"Meat of pig with the bone, fresh or chilled (indigenous)",2022,134477
New Zealand,"Meat of pig with the bone, fresh or chilled (indigenous)",2023,133808
New Zealand,"Meat of pig with the bone, fresh or chilled (indigenous)",2024,123807
New Zealand,"Meat of sheep, fresh or chilled (indigenous)",2022,1377658
New Zealand,"Meat of sheep, fresh or chilled (indigenous)",2023,1388955
New Zealand,"Meat of sheep, fresh or chilled (indigenous)",2024,1452488
New Zealand,"Meat of turkeys, fresh or chilled (indigenous)",2022,2236
New Zealand,"Meat of turkeys, fresh or chilled (indigenous)",2023,2241
New Zealand,"Meat of turkeys, fresh or chilled (indigenous)",2024,2246
New Zealand,Mushrooms and truffles,2022,5335
New Zealand,Mushrooms and truffles,2023,5033
New Zealand,Mushrooms and truffles,2024,2581
New Zealand,Natural honey,2022,104890
New Zealand,Natural honey,2023,57213
New Zealand,Natural honey,2024,83435
New Zealand,Oats,2022,10397
New Zealand,Oats,2023,9536
New Zealand,Oats,2024,7353
New Zealand,Oranges,2022,2753
New Zealand,Oranges,2023,2749
New Zealand,Oranges,2024,2687
New Zealand,"Other beans, green",2022,2594
New Zealand,"Other beans, green",2023,2644
New Zealand,"Other beans, green",2024,2700
New Zealand,Other berries and fruits of the genus vaccinium n.e.c.,2022,20159
New Zealand,Other berries and fruits of the genus vaccinium n.e.c.,2023,19885
New Zealand,Other berries and fruits of the genus vaccinium n.e.c.,2024,19616
New Zealand,"Other citrus fruit, n.e.c.",2022,8744
New Zealand,"Other citrus fruit, n.e.c.",2023,8754
New Zealand,"Other citrus fruit, n.e.c.",2024,8764
New Zealand,"Other fibre crops, raw, n.e.c.",2022,8969
New Zealand,"Other fibre crops, raw, n.e.c.",2023,9037
New Zealand,"Other fibre crops, raw, n.e.c.",2024,8977
New Zealand,"Other fruits, n.e.c.",2022,12029
New Zealand,"Other fruits, n.e.c.",2023,12125
New Zealand,"Other fruits, n.e.c.",2024,12040
New Zealand,Other stone fruits,2022,2715
New Zealand,Other stone fruits,2023,2713
New Zealand,Other stone fruits,2024,2717
New Zealand,"Other tropical fruits, n.e.c.",2022,4655
New Zealand,"Other tropical fruits, n.e.c.",2023,4640
New Zealand,"Other tropical fruits, n.e.c.",2024,4627
New Zealand,"Other vegetables, fresh n.e.c.",2022,378752
New Zealand,"Other vegetables, fresh n.e.c.",2023,381098
New Zealand,"Other vegetables, fresh n.e.c.",2024,380649
New Zealand,Peaches and nectarines,2022,146
New Zealand,Peaches and nectarines,2023,143
New Zealand,Peaches and nectarines,2024,158
New Zealand,Pears,2022,10189
New Zealand,Pears,2023,10301
New Zealand,Pears,2024,12479
New Zealand,"Peas, dry",2022,12763
New Zealand,"Peas, dry",2023,12744
New Zealand,"Peas, dry",2024,12733
New Zealand,"Peas, green",2022,9920
New Zealand,"Peas, green",2023,9924
New Zealand,"Peas, green",2024,9927
New Zealand,Persimmons,2022,3786
New Zealand,Persimmons,2023,3794
New Zealand,Persimmons,2024,3263
New Zealand,Plums and sloes,2022,3680
New Zealand,Plums and sloes,2023,3650
New Zealand,Plums and sloes,2024,3645
New Zealand,Pomelos and grapefruits,2022,311
New Zealand,Pomelos and grapefruits,2023,311
New Zealand,Pomelos and grapefruits,2024,420
New Zealand,Potatoes,2022,131640
New Zealand,Potatoes,2023,132223
New Zealand,Potatoes,2024,163300
New Zealand,"Pumpkins, squash and gourds",2022,39497
New Zealand,"Pumpkins, squash and gourds",2023,39501
New Zealand,"Pumpkins, squash and gourds",2024,39432
New Zealand,Quinces,2022,914
New Zealand,Quinces,2023,911
New Zealand,Quinces,2024,912
New Zealand,Rape or colza seed,2022,685
New Zealand,Rape or colza seed,2023,682
New Zealand,Rape or colza seed,2024,693
New Zealand,Raspberries,2022,54
New Zealand,Raspberries,2023,43
New Zealand,Raspberries,2024,32
New Zealand,Raw milk of cattle,2022,7635322
New Zealand,Raw milk of cattle,2023,7705687
New Zealand,Raw milk of cattle,2024,7809421
New Zealand,"Shorn wool, greasy, including fleece-washed shorn wool",2022,459941
New Zealand,"Shorn wool, greasy, including fleece-washed shorn wool",2023,440933
New Zealand,"Shorn wool, greasy, including fleece-washed shorn wool",2024,419992
New Zealand,Spinach,2022,1023
New Zealand,Spinach,2023,1017
New Zealand,Spinach,2024,1012
New Zealand,Strawberries,2022,7240
New Zealand,Strawberries,2023,6778
New Zealand,Strawberries,2024,4905
New Zealand,Sweet potatoes,2022,16580
New Zealand,Sweet potatoes,2023,16564
New Zealand,Sweet potatoes,2024,16616
New Zealand,"Tangerines, mandarins, clementines",2022,699
New Zealand,"Tangerines, mandarins, clementines",2023,627
New Zealand,"Tangerines, mandarins, clementines",2024,564
New Zealand,Tomatoes,2022,48382
New Zealand,Tomatoes,2023,48295
New Zealand,Tomatoes,2024,50042
New Zealand,Watermelons,2022,1279
New Zealand,Watermelons,2023,1276
New Zealand,Watermelons,2024,1274
New Zealand,Wheat,2022,109741
New Zealand,Wheat,2023,106758
New Zealand,Wheat,2024,126655
Nicaragua,"Agave fibres, raw, n.e.c.",2022,636
Nicaragua,"Agave fibres, raw, n.e.c.",2023,638
Nicaragua,Bananas,2022,21582
Nicaragua,Bananas,2023,21831
Nicaragua,"Beans, dry",2022,165711
Nicaragua,"Beans, dry",2023,133727
Nicaragua,Cabbages,2022,6462
Nicaragua,Cabbages,2023,6332
Nicaragua,"Cassava, fresh",2022,61643
Nicaragua,"Cassava, fresh",2023,69190
Nicaragua,Cocoa beans,2022,15471
Nicaragua,Cocoa beans,2023,14950
Nicaragua,"Coconuts, in shell",2022,757
Nicaragua,"Coconuts, in shell",2023,757
Nicaragua,"Coffee, green",2022,312236
Nicaragua,"Coffee, green",2023,262984
Nicaragua,"Edible roots and tubers with high starch or inulin content, n.e.c., fresh",2022,2869
Nicaragua,"Edible roots and tubers with high starch or inulin content, n.e.c., fresh",2023,2906
Nicaragua,"Groundnuts, excluding shelled",2022,132047
Nicaragua,"Groundnuts, excluding shelled",2023,122913
Nicaragua,"Hen eggs in shell, fresh",2022,77509
Nicaragua,"Hen eggs in shell, fresh",2023,78662
Nicaragua,"Horse meat, fresh or chilled (indigenous)",2022,3644
Nicaragua,"Horse meat, fresh or chilled (indigenous)",2023,3598
Nicaragua,Maize (corn),2022,117931
Nicaragua,Maize (corn),2023,110150
Nicaragua,"Meat of cattle with the bone, fresh or chilled (indigenous)",2022,330086
Nicaragua,"Meat of cattle with the bone, fresh or chilled (indigenous)",2023,330086
Nicaragua,"Meat of chickens, fresh or chilled (indigenous)",2022,211666
Nicaragua,"Meat of chickens, fresh or chilled (indigenous)",2023,229470
Nicaragua,"Meat of goat, fresh or chilled (indigenous)",2022,62
Nicaragua,"Meat of goat, fresh or chilled (indigenous)",2023,63
Nicaragua,"Meat of pig with the bone, fresh or chilled (indigenous)",2022,26368
Nicaragua,"Meat of pig with the bone, fresh or chilled (indigenous)",2023,26370
Nicaragua,"Meat of sheep, fresh or chilled (indigenous)",2022,42
Nicaragua,"Meat of sheep, fresh or chilled (indigenous)",2023,42
Nicaragua,Natural honey,2022,437
Nicaragua,Natural honey,2023,543
Nicaragua,Oil palm fruit,2022,60732
Nicaragua,Oil palm fruit,2023,53773
Nicaragua,"Onions and shallots, dry (excluding dehydrated)",2022,10391
Nicaragua,"Onions and shallots, dry (excluding dehydrated)",2023,11795
Nicaragua,Oranges,2022,1889
Nicaragua,Oranges,2023,1897
Nicaragua,"Other fruits, n.e.c.",2022,2401
Nicaragua,"Other fruits, n.e.c.",2023,2404
Nicaragua,"Other vegetables, fresh n.e.c.",2022,820
Nicaragua,"Other vegetables, fresh n.e.c.",2023,821
Nicaragua,Pineapples,2022,9586
Nicaragua,Pineapples,2023,9550
Nicaragua,Plantains and cooking bananas,2022,94430
Nicaragua,Plantains and cooking bananas,2023,94829
Nicaragua,Potatoes,2022,37017
Nicaragua,Potatoes,2023,40562
Nicaragua,Raw milk of cattle,2022,617033
Nicaragua,Raw milk of cattle,2023,589643
Nicaragua,Rice,2022,180913
Nicaragua,Rice,2023,178968
Nicaragua,"Seed cotton, unginned",2022,3347
Nicaragua,"Seed cotton, unginned",2023,3537
Nicaragua,Sesame seed,2022,3676
Nicaragua,Sesame seed,2023,1573
Nicaragua,Sorghum,2022,20468
Nicaragua,Sorghum,2023,8544
Nicaragua,Soya beans,2022,9251
Nicaragua,Soya beans,2023,9251
Nicaragua,Sugar cane,2022,187802
Nicaragua,Sugar cane,2023,177926
Nicaragua,Tomatoes,2022,58731
Nicaragua,Tomatoes,2023,47588
Nicaragua,Unmanufactured tobacco,2022,35515
Nicaragua,Unmanufactured tobacco,2023,36657
Niger,"Bambara beans, dry",2022,32317
Niger,"Bambara beans, dry",2023,24095
Niger,"Bambara beans, dry",2024,26464
Niger,"Beans, dry",2022,7970
Niger,"Beans, dry",2023,7977
Niger,"Beans, dry",2024,7987
Niger,"Broad beans and horse beans, green",2022,1855
Niger,"Broad beans and horse beans, green",2023,1859
Niger,"Broad beans and horse beans, green",2024,1853
Niger,Cabbages,2022,316035
Niger,Cabbages,2023,380546
Niger,Cabbages,2024,340975
Niger,Carrots and turnips,2022,71689
Niger,Carrots and turnips,2023,71209
Niger,Carrots and turnips,2024,52347
Niger,"Cassava, fresh",2022,356170
Niger,"Cassava, fresh",2023,239043
Niger,"Cassava, fresh",2024,354447
Niger,Cereals n.e.c.,2022,422
Niger,Cereals n.e.c.,2023,421
Niger,Cereals n.e.c.,2024,421
Niger,"Chick peas, dry",2022,54
Niger,"Chick peas, dry",2023,54
Niger,"Chick peas, dry",2024,54
Niger,"Chillies and peppers, dry (Capsicum spp., Pimenta spp.), raw",2022,68841
Niger,"Chillies and peppers, dry (Capsicum spp., Pimenta spp.), raw",2023,73650
Niger,"Chillies and peppers, dry (Capsicum spp., Pimenta spp.), raw",2024,117952
Niger,"Chillies and peppers, green (Capsicum spp. and Pimenta spp.)",2022,881146
Niger,"Chillies and peppers, green (Capsicum spp. and Pimenta spp.)",2023,1070905
Niger,"Chillies and peppers, green (Capsicum spp. and Pimenta spp.)",2024,920918
Niger,"Cow peas, dry",2022,453143
Niger,"Cow peas, dry",2023,340487
Niger,"Cow peas, dry",2024,436394
Niger,Cucumbers and gherkins,2022,3773
Niger,Cucumbers and gherkins,2023,21898
Niger,Cucumbers and gherkins,2024,2519
Niger,Dates,2022,18300
Niger,Dates,2023,18326
Niger,Dates,2024,18353
Niger,Eggplants (aubergines),2022,10942
Niger,Eggplants (aubergines),2023,15271
Niger,Eggplants (aubergines),2024,18683
Niger,Fonio,2022,5265
Niger,Fonio,2023,4940
Niger,Fonio,2024,4261
Niger,"Game meat, fresh, chilled or frozen",2022,78703
Niger,"Game meat, fresh, chilled or frozen",2023,79773
Niger,"Game meat, fresh, chilled or frozen",2024,81447
Niger,Green garlic,2022,30722
Niger,Green garlic,2023,37355
Niger,Green garlic,2024,41037
Niger,"Groundnuts, excluding shelled",2022,522606
Niger,"Groundnuts, excluding shelled",2023,435389
Niger,"Groundnuts, excluding shelled",2024,525696
Niger,"Hen eggs in shell, fresh",2022,24901
Niger,"Hen eggs in shell, fresh",2023,25026
Niger,"Hen eggs in shell, fresh",2024,25185
Niger,"Horse meat, fresh or chilled (indigenous)",2022,1348
Niger,"Horse meat, fresh or chilled (indigenous)",2023,1360
Niger,"Horse meat, fresh or chilled (indigenous)",2024,1375
Niger,Leeks and other alliaceous vegetables,2022,2363
Niger,Leeks and other alliaceous vegetables,2023,2365
Niger,Leeks and other alliaceous vegetables,2024,2361
Niger,Lettuce and chicory,2022,43463
Niger,Lettuce and chicory,2023,60151
Niger,Lettuce and chicory,2024,61216
Niger,Maize (corn),2022,20470
Niger,Maize (corn),2023,19258
Niger,Maize (corn),2024,19666
Niger,"Mangoes, guavas and mangosteens",2022,103799
Niger,"Mangoes, guavas and mangosteens",2023,103406
Niger,"Mangoes, guavas and mangosteens",2024,103602
Niger,"Meat of asses, fresh or chilled (indigenous)",2022,6691
Niger,"Meat of asses, fresh or chilled (indigenous)",2023,6946
Niger,"Meat of asses, fresh or chilled (indigenous)",2024,7209
Niger,"Meat of camels, fresh or chilled (indigenous)",2022,52394
Niger,"Meat of camels, fresh or chilled (indigenous)",2023,51491
Niger,"Meat of camels, fresh or chilled (indigenous)",2024,38164
Niger,"Meat of cattle with the bone, fresh or chilled (indigenous)",2022,227177
Niger,"Meat of cattle with the bone, fresh or chilled (indigenous)",2023,227075
Niger,"Meat of cattle with the bone, fresh or chilled (indigenous)",2024,207806
Niger,"Meat of chickens, fresh or chilled (indigenous)",2022,105708
Niger,"Meat of chickens, fresh or chilled (indigenous)",2023,106668
Niger,"Meat of chickens, fresh or chilled (indigenous)",2024,107413
Niger,"Meat of goat, fresh or chilled (indigenous)",2022,87356
Niger,"Meat of goat, fresh or chilled (indigenous)",2023,85410
Niger,"Meat of goat, fresh or chilled (indigenous)",2024,87077
Niger,"Meat of pig with the bone, fresh or chilled (indigenous)",2022,4259
Niger,"Meat of pig with the bone, fresh or chilled (indigenous)",2023,4260
Niger,"Meat of pig with the bone, fresh or chilled (indigenous)",2024,4261
Niger,"Meat of sheep, fresh or chilled (indigenous)",2022,72859
Niger,"Meat of sheep, fresh or chilled (indigenous)",2023,72688
Niger,"Meat of sheep, fresh or chilled (indigenous)",2024,73951
Niger,Millet,2022,1685521
Niger,Millet,2023,1457330
Niger,Millet,2024,1768050
Niger,"Onions and shallots, dry (excluding dehydrated)",2022,359132
Niger,"Onions and shallots, dry (excluding dehydrated)",2023,470040
Niger,"Onions and shallots, dry (excluding dehydrated)",2024,535225
Niger,"Other beans, green",2022,18883
Niger,"Other beans, green",2023,18925
Niger,"Other beans, green",2024,18967
Niger,Other pulses n.e.c.,2022,3943
Niger,Other pulses n.e.c.,2023,3913
Niger,Other pulses n.e.c.,2024,3910
Niger,"Other stimulant, spice and aromatic crops, n.e.c.",2022,713
Niger,"Other stimulant, spice and aromatic crops, n.e.c.",2023,714
Niger,"Other stimulant, spice and aromatic crops, n.e.c.",2024,715
Niger,"Peas, dry",2022,115
Niger,"Peas, dry",2023,115
Niger,"Peas, dry",2024,115
Niger,"Pepper (Piper spp.), raw",2022,3470
Niger,"Pepper (Piper spp.), raw",2023,3255
Niger,"Pepper (Piper spp.), raw",2024,3391
Niger,Potatoes,2022,324102
Niger,Potatoes,2023,434346
Niger,Potatoes,2024,296813
Niger,"Pumpkins, squash and gourds",2022,101292
Niger,"Pumpkins, squash and gourds",2023,140722
Niger,"Pumpkins, squash and gourds",2024,139057
Niger,Raw milk of camel,2022,53810
Niger,Raw milk of camel,2023,54510
Niger,Raw milk of camel,2024,55218
Niger,Raw milk of cattle,2022,344126
Niger,Raw milk of cattle,2023,364774
Niger,Raw milk of cattle,2024,386660
Niger,Raw milk of goats,2022,189779
Niger,Raw milk of goats,2023,197371
Niger,Raw milk of goats,2024,205265
Niger,Raw milk of sheep,2022,90134
Niger,Raw milk of sheep,2023,93288
Niger,Raw milk of sheep,2024,96553
Niger,Rice,2022,109718
Niger,Rice,2023,108327
Niger,Rice,2024,125174
Niger,"Seed cotton, unginned",2022,2603
Niger,"Seed cotton, unginned",2023,2669
Niger,"Seed cotton, unginned",2024,2583
Niger,Sesame seed,2022,70720
Niger,Sesame seed,2023,85200
Niger,Sesame seed,2024,95816
Niger,Sorghum,2022,884986
Niger,Sorghum,2023,716210
Niger,Sorghum,2024,803298
Niger,Sugar cane,2022,103752
Niger,Sugar cane,2023,86703
Niger,Sugar cane,2024,76126
Niger,Sweet potatoes,2022,97313
Niger,Sweet potatoes,2023,85415
Niger,Sweet potatoes,2024,103193
Niger,Tomatoes,2022,370093
Niger,Tomatoes,2023,654055
Niger,Tomatoes,2024,659820
Niger,Unmanufactured tobacco,2022,637
Niger,Unmanufactured tobacco,2023,578
Niger,Unmanufactured tobacco,2024,568
Niger,Wheat,2022,3158
Niger,Wheat,2023,3532
Niger,Wheat,2024,3721
Nigeria,Carrots and turnips,2022,74801
Nigeria,Carrots and turnips,2023,74926
Nigeria,Carrots and turnips,2024,75050
Nigeria,"Cashew nuts, in shell",2022,29131
Nigeria,"Cashew nuts, in shell",2023,28638
Nigeria,"Cashew nuts, in shell",2024,26200
Nigeria,"Cassava, fresh",2022,8883951
Nigeria,"Cassava, fresh",2023,9085578
Nigeria,"Cassava, fresh",2024,9067243
Nigeria,"Chillies and peppers, dry (Capsicum spp., Pimenta spp.), raw",2022,23327
Nigeria,"Chillies and peppers, dry (Capsicum spp., Pimenta spp.), raw",2023,23454
Nigeria,"Chillies and peppers, dry (Capsicum spp., Pimenta spp.), raw",2024,23580
Nigeria,"Chillies and peppers, green (Capsicum spp. and Pimenta spp.)",2022,596548
Nigeria,"Chillies and peppers, green (Capsicum spp. and Pimenta spp.)",2023,598224
Nigeria,"Chillies and peppers, green (Capsicum spp. and Pimenta spp.)",2024,599901
Nigeria,Cocoa beans,2022,92892
Nigeria,Cocoa beans,2023,108374
Nigeria,Cocoa beans,2024,108374
Nigeria,"Coconuts, in shell",2022,66259
Nigeria,"Coconuts, in shell",2023,69483
Nigeria,"Coconuts, in shell",2024,70779
Nigeria,"Coffee, green",2022,563
Nigeria,"Coffee, green",2023,560
Nigeria,"Coffee, green",2024,560
Nigeria,"Cow peas, dry",2022,1173186
Nigeria,"Cow peas, dry",2023,1193418
Nigeria,"Cow peas, dry",2024,1193941
Nigeria,Fonio,2022,20053
Nigeria,Fonio,2023,19995
Nigeria,Fonio,2024,20311
Nigeria,"Game meat, fresh, chilled or frozen",2022,590882
Nigeria,"Game meat, fresh, chilled or frozen",2023,584791
Nigeria,"Game meat, fresh, chilled or frozen",2024,590898
Nigeria,"Ginger, raw",2022,416536
Nigeria,"Ginger, raw",2023,430793
Nigeria,"Ginger, raw",2024,426207
Nigeria,Green corn (maize),2022,509353
Nigeria,Green corn (maize),2023,513063
Nigeria,Green corn (maize),2024,516826
Nigeria,"Groundnuts, excluding shelled",2022,952338
Nigeria,"Groundnuts, excluding shelled",2023,955895
Nigeria,"Groundnuts, excluding shelled",2024,955895
Nigeria,"Hen eggs in shell, fresh",2022,697658
Nigeria,"Hen eggs in shell, fresh",2023,705778
Nigeria,"Hen eggs in shell, fresh",2024,692245
Nigeria,Karite nuts (sheanuts),2022,133617
Nigeria,Karite nuts (sheanuts),2023,133404
Nigeria,Karite nuts (sheanuts),2024,133352
Nigeria,Kola nuts,2022,121041
Nigeria,Kola nuts,2023,123321
Nigeria,Kola nuts,2024,125013
Nigeria,Maize (corn),2022,4508893
Nigeria,Maize (corn),2023,3848722
Nigeria,Maize (corn),2024,3887373
Nigeria,"Mangoes, guavas and mangosteens",2022,136506
Nigeria,"Mangoes, guavas and mangosteens",2023,136987
Nigeria,"Mangoes, guavas and mangosteens",2024,136997
Nigeria,"Meat of cattle with the bone, fresh or chilled (indigenous)",2022,841466
Nigeria,"Meat of cattle with the bone, fresh or chilled (indigenous)",2023,816082
Nigeria,"Meat of cattle with the bone, fresh or chilled (indigenous)",2024,829868
Nigeria,"Meat of chickens, fresh or chilled (indigenous)",2022,845337
Nigeria,"Meat of chickens, fresh or chilled (indigenous)",2023,791749
Nigeria,"Meat of chickens, fresh or chilled (indigenous)",2024,814695
Nigeria,"Meat of goat, fresh or chilled (indigenous)",2022,710924
Nigeria,"Meat of goat, fresh or chilled (indigenous)",2023,714452
Nigeria,"Meat of goat, fresh or chilled (indigenous)",2024,716918
Nigeria,"Meat of pig with the bone, fresh or chilled (indigenous)",2022,625737
Nigeria,"Meat of pig with the bone, fresh or chilled (indigenous)",2023,644164
Nigeria,"Meat of pig with the bone, fresh or chilled (indigenous)",2024,665257
Nigeria,"Meat of sheep, fresh or chilled (indigenous)",2022,394728
Nigeria,"Meat of sheep, fresh or chilled (indigenous)",2023,397308
Nigeria,"Meat of sheep, fresh or chilled (indigenous)",2024,399676
Nigeria,Melonseed,2022,114362
Nigeria,Melonseed,2023,115229
Nigeria,Melonseed,2024,114722
Nigeria,Millet,2022,582911
Nigeria,Millet,2023,468138
Nigeria,Millet,2024,465435
Nigeria,Natural rubber in primary forms,2022,25908
Nigeria,Natural rubber in primary forms,2023,27594
Nigeria,Natural rubber in primary forms,2024,28969
Nigeria,Oil palm fruit,2022,1018159
Nigeria,Oil palm fruit,2023,1062547
Nigeria,Oil palm fruit,2024,1056416
Nigeria,Okra,2022,1514957
Nigeria,Okra,2023,1523393
Nigeria,Okra,2024,1474932
Nigeria,"Onions and shallots, dry (excluding dehydrated)",2022,631845
Nigeria,"Onions and shallots, dry (excluding dehydrated)",2023,660379
Nigeria,"Onions and shallots, dry (excluding dehydrated)",2024,671349
Nigeria,"Onions and shallots, green",2022,60676
Nigeria,"Onions and shallots, green",2023,60988
Nigeria,"Onions and shallots, green",2024,60832
Nigeria,"Other citrus fruit, n.e.c.",2022,1459435
Nigeria,"Other citrus fruit, n.e.c.",2023,1462339
Nigeria,"Other citrus fruit, n.e.c.",2024,1458100
Nigeria,"Other fruits, n.e.c.",2022,192912
Nigeria,"Other fruits, n.e.c.",2023,193086
Nigeria,"Other fruits, n.e.c.",2024,193447
Nigeria,"Other nuts (excluding wild edible nuts and groundnuts), in shell, n.e.c.",2022,5346
Nigeria,"Other nuts (excluding wild edible nuts and groundnuts), in shell, n.e.c.",2023,5187
Nigeria,"Other nuts (excluding wild edible nuts and groundnuts), in shell, n.e.c.",2024,5210
Nigeria,"Other oil seeds, n.e.c.",2022,197
Nigeria,"Other oil seeds, n.e.c.",2023,200
Nigeria,"Other oil seeds, n.e.c.",2024,201
Nigeria,Other pulses n.e.c.,2022,17637
Nigeria,Other pulses n.e.c.,2023,17571
Nigeria,Other pulses n.e.c.,2024,17601
Nigeria,"Other stimulant, spice and aromatic crops, n.e.c.",2022,52598
Nigeria,"Other stimulant, spice and aromatic crops, n.e.c.",2023,29177
Nigeria,"Other stimulant, spice and aromatic crops, n.e.c.",2024,30096
Nigeria,"Other vegetables, fresh n.e.c.",2022,5721523
Nigeria,"Other vegetables, fresh n.e.c.",2023,5695103
Nigeria,"Other vegetables, fresh n.e.c.",2024,5699451
Nigeria,Papayas,2022,248280
Nigeria,Papayas,2023,249976
Nigeria,Papayas,2024,251673
Nigeria,Pineapples,2022,1209511
Nigeria,Pineapples,2023,1211836
Nigeria,Pineapples,2024,1215961
Nigeria,Potatoes,2022,508051
Nigeria,Potatoes,2023,510338
Nigeria,Potatoes,2024,508496
Nigeria,Raw milk of cattle,2022,117992
Nigeria,Raw milk of cattle,2023,118227
Nigeria,Raw milk of cattle,2024,118511
Nigeria,Rice,2022,3494904
Nigeria,Rice,2023,3659414
Nigeria,Rice,2024,3753014
Nigeria,"Seed cotton, unginned",2022,392740
Nigeria,"Seed cotton, unginned",2023,361320
Nigeria,"Seed cotton, unginned",2024,350324
Nigeria,Sesame seed,2022,135716
Nigeria,Sesame seed,2023,145410
Nigeria,Sesame seed,2024,145410
Nigeria,Sorghum,2022,2413194
Nigeria,Sorghum,2023,2269825
Nigeria,Sorghum,2024,2304571
Nigeria,Soya beans,2022,686256
Nigeria,Soya beans,2023,779837
Nigeria,Soya beans,2024,597875
Nigeria,Sugar cane,2022,175505
Nigeria,Sugar cane,2023,175728
Nigeria,Sugar cane,2024,175482
Nigeria,Sweet potatoes,2022,920985
Nigeria,Sweet potatoes,2023,917688
Nigeria,Sweet potatoes,2024,919198
Nigeria,Taro,2022,1442768
Nigeria,Taro,2023,1454611
Nigeria,Taro,2024,1514130
Nigeria,Tomatoes,2022,2924577
Nigeria,Tomatoes,2023,3087236
Nigeria,Tomatoes,2024,3009858
Nigeria,Unmanufactured tobacco,2022,1468
Nigeria,Unmanufactured tobacco,2023,1461
Nigeria,Unmanufactured tobacco,2024,1464
Nigeria,Wheat,2022,7500
Nigeria,Wheat,2023,11683
Nigeria,Wheat,2024,10502
Nigeria,Yams,2022,25033671
Nigeria,Yams,2023,25557466
Nigeria,Yams,2024,26763421
North Macedonia,"Almonds, in shell",2022,6388
North Macedonia,"Almonds, in shell",2023,3278
North Macedonia,"Almonds, in shell",2024,5606
North Macedonia,Apples,2022,44246
North Macedonia,Apples,2023,21590
North Macedonia,Apples,2024,34340
North Macedonia,Apricots,2022,4366
North Macedonia,Apricots,2023,2808
North Macedonia,Apricots,2024,3928
North Macedonia,Barley,2022,25920
North Macedonia,Barley,2023,27300
North Macedonia,Barley,2024,27324
North Macedonia,"Beans, dry",2022,12445
North Macedonia,"Beans, dry",2023,12351
North Macedonia,"Beans, dry",2024,12398
North Macedonia,Cabbages,2022,36996
North Macedonia,Cabbages,2023,33707
North Macedonia,Cabbages,2024,40406
North Macedonia,Carrots and turnips,2022,1261
North Macedonia,Carrots and turnips,2023,1286
North Macedonia,Carrots and turnips,2024,1255
North Macedonia,Cauliflowers and broccoli,2022,237
North Macedonia,Cauliflowers and broccoli,2023,237
North Macedonia,Cauliflowers and broccoli,2024,237
North Macedonia,Cherries,2022,4440
North Macedonia,Cherries,2023,3023
North Macedonia,Cherries,2024,4262
North Macedonia,"Chestnuts, in shell",2022,4124
North Macedonia,"Chestnuts, in shell",2023,4164
North Macedonia,"Chestnuts, in shell",2024,4203
North Macedonia,"Chick peas, dry",2022,757
North Macedonia,"Chick peas, dry",2023,759
North Macedonia,"Chick peas, dry",2024,760
North Macedonia,"Chillies and peppers, dry (Capsicum spp., Pimenta spp.), raw",2022,16392
North Macedonia,"Chillies and peppers, dry (Capsicum spp., Pimenta spp.), raw",2023,16444
North Macedonia,"Chillies and peppers, dry (Capsicum spp., Pimenta spp.), raw",2024,16496
North Macedonia,"Chillies and peppers, green (Capsicum spp. and Pimenta spp.)",2022,107289
North Macedonia,"Chillies and peppers, green (Capsicum spp. and Pimenta spp.)",2023,111710
North Macedonia,"Chillies and peppers, green (Capsicum spp. and Pimenta spp.)",2024,111737
North Macedonia,"Cow peas, dry",2022,5410
North Macedonia,"Cow peas, dry",2023,5419
North Macedonia,"Cow peas, dry",2024,5428
North Macedonia,Cucumbers and gherkins,2022,27264
North Macedonia,Cucumbers and gherkins,2023,17910
North Macedonia,Cucumbers and gherkins,2024,18554
North Macedonia,Eggplants (aubergines),2022,227
North Macedonia,Eggplants (aubergines),2023,227
North Macedonia,Eggplants (aubergines),2024,236
North Macedonia,Figs,2022,568
North Macedonia,Figs,2023,676
North Macedonia,Figs,2024,642
North Macedonia,Grapes,2022,70484
North Macedonia,Grapes,2023,39549
North Macedonia,Grapes,2024,54563
North Macedonia,Green corn (maize),2022,65
North Macedonia,Green corn (maize),2023,64
North Macedonia,Green corn (maize),2024,64
North Macedonia,Green garlic,2022,10491
North Macedonia,Green garlic,2023,13017
North Macedonia,Green garlic,2024,13882
North Macedonia,"Hen eggs in shell, fresh",2022,11777
North Macedonia,"Hen eggs in shell, fresh",2023,14733
North Macedonia,"Hen eggs in shell, fresh",2024,11990
North Macedonia,Leeks and other alliaceous vegetables,2022,2059
North Macedonia,Leeks and other alliaceous vegetables,2023,2065
North Macedonia,Leeks and other alliaceous vegetables,2024,2059
North Macedonia,"Lentils, dry",2022,59
North Macedonia,"Lentils, dry",2023,35
North Macedonia,"Lentils, dry",2024,36
North Macedonia,Lettuce and chicory,2022,57
North Macedonia,Lettuce and chicory,2023,57
North Macedonia,Lettuce and chicory,2024,57
North Macedonia,Maize (corn),2022,29927
North Macedonia,Maize (corn),2023,27116
North Macedonia,Maize (corn),2024,26554
North Macedonia,"Meat of cattle with the bone, fresh or chilled (indigenous)",2022,15934
North Macedonia,"Meat of cattle with the bone, fresh or chilled (indigenous)",2023,14523
North Macedonia,"Meat of cattle with the bone, fresh or chilled (indigenous)",2024,13502
North Macedonia,"Meat of chickens, fresh or chilled (indigenous)",2022,1309
North Macedonia,"Meat of chickens, fresh or chilled (indigenous)",2023,1392
North Macedonia,"Meat of chickens, fresh or chilled (indigenous)",2024,1332
North Macedonia,"Meat of pig with the bone, fresh or chilled (indigenous)",2022,41744
North Macedonia,"Meat of pig with the bone, fresh or chilled (indigenous)",2023,37104
North Macedonia,"Meat of pig with the bone, fresh or chilled (indigenous)",2024,35824
North Macedonia,"Meat of sheep, fresh or chilled (indigenous)",2022,15210
North Macedonia,"Meat of sheep, fresh or chilled (indigenous)",2023,15609
North Macedonia,"Meat of sheep, fresh or chilled (indigenous)",2024,13407
North Macedonia,Millet,2022,12
North Macedonia,Millet,2023,12
North Macedonia,Millet,2024,12
North Macedonia,Mushrooms and truffles,2022,3392
North Macedonia,Mushrooms and truffles,2023,3404
North Macedonia,Mushrooms and truffles,2024,3418
North Macedonia,Natural honey,2022,13993
North Macedonia,Natural honey,2023,12592
North Macedonia,Natural honey,2024,15600
North Macedonia,Oats,2022,1410
North Macedonia,Oats,2023,1148
North Macedonia,Oats,2024,993
North Macedonia,Olives,2022,9580
North Macedonia,Olives,2023,9521
North Macedonia,Olives,2024,9451
North Macedonia,"Onions and shallots, dry (excluding dehydrated)",2022,13763
North Macedonia,"Onions and shallots, dry (excluding dehydrated)",2023,12680
North Macedonia,"Onions and shallots, dry (excluding dehydrated)",2024,14353
North Macedonia,"Onions and shallots, green",2022,186
North Macedonia,"Onions and shallots, green",2023,184
North Macedonia,"Onions and shallots, green",2024,185
North Macedonia,"Other beans, green",2022,6617
North Macedonia,"Other beans, green",2023,6371
North Macedonia,"Other beans, green",2024,5428
North Macedonia,Other pulses n.e.c.,2022,79
North Macedonia,Other pulses n.e.c.,2023,80
North Macedonia,Other pulses n.e.c.,2024,79
North Macedonia,"Other stimulant, spice and aromatic crops, n.e.c.",2022,441
North Macedonia,"Other stimulant, spice and aromatic crops, n.e.c.",2023,439
North Macedonia,"Other stimulant, spice and aromatic crops, n.e.c.",2024,440
North Macedonia,"Other vegetables, fresh n.e.c.",2022,13383
North Macedonia,"Other vegetables, fresh n.e.c.",2023,13426
North Macedonia,"Other vegetables, fresh n.e.c.",2024,13373
North Macedonia,Peaches and nectarines,2022,6721
North Macedonia,Peaches and nectarines,2023,3361
North Macedonia,Peaches and nectarines,2024,4452
North Macedonia,Pears,2022,5693
North Macedonia,Pears,2023,3349
North Macedonia,Pears,2024,4473
North Macedonia,"Peas, dry",2022,1472
North Macedonia,"Peas, dry",2023,1474
North Macedonia,"Peas, dry",2024,1470
North Macedonia,"Peas, green",2022,1191
North Macedonia,"Peas, green",2023,1071
North Macedonia,"Peas, green",2024,1084
North Macedonia,Plums and sloes,2022,11272
North Macedonia,Plums and sloes,2023,6080
North Macedonia,Plums and sloes,2024,8202
North Macedonia,Poppy seed,2022,39
North Macedonia,Poppy seed,2023,42
North Macedonia,Poppy seed,2024,27
North Macedonia,Potatoes,2022,55550
North Macedonia,Potatoes,2023,51965
North Macedonia,Potatoes,2024,56706
North Macedonia,Quinces,2022,425
North Macedonia,Quinces,2023,406
North Macedonia,Quinces,2024,366
North Macedonia,Rape or colza seed,2022,132
North Macedonia,Rape or colza seed,2023,135
North Macedonia,Rape or colza seed,2024,197
North Macedonia,Raw milk of cattle,2022,123274
North Macedonia,Raw milk of cattle,2023,90597
North Macedonia,Raw milk of cattle,2024,104193
North Macedonia,Raw milk of goats,2022,5147
North Macedonia,Raw milk of goats,2023,5319
North Macedonia,Raw milk of goats,2024,5614
North Macedonia,Raw milk of sheep,2022,25150
North Macedonia,Raw milk of sheep,2023,19995
North Macedonia,Raw milk of sheep,2024,16224
North Macedonia,Rice,2022,7516
North Macedonia,Rice,2023,7918
North Macedonia,Rice,2024,7368
North Macedonia,Rye,2022,1768
North Macedonia,Rye,2023,1089
North Macedonia,Rye,2024,1010
North Macedonia,Sesame seed,2022,89
North Macedonia,Sesame seed,2023,88
North Macedonia,Sesame seed,2024,89
North Macedonia,"Shorn wool, greasy, including fleece-washed shorn wool",2022,529
North Macedonia,"Shorn wool, greasy, including fleece-washed shorn wool",2023,465
North Macedonia,"Shorn wool, greasy, including fleece-washed shorn wool",2024,444
North Macedonia,Sorghum,2022,13
North Macedonia,Sorghum,2023,13
North Macedonia,Sorghum,2024,13
North Macedonia,Sour cherries,2022,4015
North Macedonia,Sour cherries,2023,2827
North Macedonia,Sour cherries,2024,3615
North Macedonia,Soya beans,2022,23
North Macedonia,Soya beans,2023,26
North Macedonia,Soya beans,2024,23
North Macedonia,Spinach,2022,29
North Macedonia,Spinach,2023,36
North Macedonia,Spinach,2024,32
North Macedonia,Strawberries,2022,5977
North Macedonia,Strawberries,2023,6080
North Macedonia,Strawberries,2024,4981
North Macedonia,Sugar beet,2022,280
North Macedonia,Sugar beet,2023,278
North Macedonia,Sugar beet,2024,278
North Macedonia,Sunflower seed,2022,3535
North Macedonia,Sunflower seed,2023,2139
North Macedonia,Sunflower seed,2024,1920
North Macedonia,Tomatoes,2022,102387
North Macedonia,Tomatoes,2023,78817
North Macedonia,Tomatoes,2024,78342
North Macedonia,Unmanufactured tobacco,2022,80970
North Macedonia,Unmanufactured tobacco,2023,73911
North Macedonia,Unmanufactured tobacco,2024,75167
North Macedonia,Vetches,2022,2046
North Macedonia,Vetches,2023,2046
North Macedonia,Vetches,2024,2046
North Macedonia,"Walnuts, in shell",2022,10115
North Macedonia,"Walnuts, in shell",2023,6873
North Macedonia,"Walnuts, in shell",2024,9057
North Macedonia,Watermelons,2022,13769
North Macedonia,Watermelons,2023,13815
North Macedonia,Watermelons,2024,15194
North Macedonia,Wheat,2022,45044
North Macedonia,Wheat,2023,43145
North Macedonia,Wheat,2024,45981
Norway,Apples,2022,23184
Norway,Apples,2023,27293
Norway,Apples,2024,27288
Norway,Barley,2022,204315
Norway,Barley,2023,140013
Norway,Barley,2024,222983
Norway,Cabbages,2022,35014
Norway,Cabbages,2023,34170
Norway,Cabbages,2024,34121
Norway,Carrots and turnips,2022,50911
Norway,Carrots and turnips,2023,46442
Norway,Carrots and turnips,2024,46459
Norway,Cauliflowers and broccoli,2022,15061
Norway,Cauliflowers and broccoli,2023,14838
Norway,Cauliflowers and broccoli,2024,14810
Norway,Cherries,2022,9844
Norway,Cherries,2023,9774
Norway,Cherries,2024,9626
Norway,Cucumbers and gherkins,2022,51863
Norway,Cucumbers and gherkins,2023,47310
Norway,Cucumbers and gherkins,2024,47303
Norway,Currants,2022,713
Norway,Currants,2023,656
Norway,Currants,2024,668
Norway,"Game meat, fresh, chilled or frozen",2022,25707
Norway,"Game meat, fresh, chilled or frozen",2023,22471
Norway,"Game meat, fresh, chilled or frozen",2024,22715
Norway,"Hen eggs in shell, fresh",2022,149730
Norway,"Hen eggs in shell, fresh",2023,148263
Norway,"Hen eggs in shell, fresh",2024,151479
Norway,"Horse meat, fresh or chilled (indigenous)",2022,0
Norway,"Horse meat, fresh or chilled (indigenous)",2023,0
Norway,"Horse meat, fresh or chilled (indigenous)",2024,0
Norway,Leeks and other alliaceous vegetables,2022,6184
Norway,Leeks and other alliaceous vegetables,2023,6029
Norway,Leeks and other alliaceous vegetables,2024,6115
Norway,Lettuce and chicory,2022,69841
Norway,Lettuce and chicory,2023,69085
Norway,Lettuce and chicory,2024,68960
Norway,"Meat of cattle with the bone, fresh or chilled (indigenous)",2022,618298
Norway,"Meat of cattle with the bone, fresh or chilled (indigenous)",2023,606563
Norway,"Meat of cattle with the bone, fresh or chilled (indigenous)",2024,576630
Norway,"Meat of chickens, fresh or chilled (indigenous)",2022,281354
Norway,"Meat of chickens, fresh or chilled (indigenous)",2023,286708
Norway,"Meat of chickens, fresh or chilled (indigenous)",2024,295258
Norway,"Meat of ducks, fresh or chilled (indigenous)",2022,3685
Norway,"Meat of ducks, fresh or chilled (indigenous)",2023,3959
Norway,"Meat of ducks, fresh or chilled (indigenous)",2024,3794
Norway,"Meat of goat, fresh or chilled (indigenous)",2022,253
Norway,"Meat of goat, fresh or chilled (indigenous)",2023,257
Norway,"Meat of goat, fresh or chilled (indigenous)",2024,251
Norway,"Meat of pig with the bone, fresh or chilled (indigenous)",2022,472156
Norway,"Meat of pig with the bone, fresh or chilled (indigenous)",2023,467018
Norway,"Meat of pig with the bone, fresh or chilled (indigenous)",2024,456322
Norway,"Meat of rabbits and hares, fresh or chilled (indigenous)",2022,373
Norway,"Meat of rabbits and hares, fresh or chilled (indigenous)",2023,332
Norway,"Meat of rabbits and hares, fresh or chilled (indigenous)",2024,328
Norway,"Meat of sheep, fresh or chilled (indigenous)",2022,148765
Norway,"Meat of sheep, fresh or chilled (indigenous)",2023,141732
Norway,"Meat of sheep, fresh or chilled (indigenous)",2024,136834
Norway,"Meat of turkeys, fresh or chilled (indigenous)",2022,27836
Norway,"Meat of turkeys, fresh or chilled (indigenous)",2023,28673
Norway,"Meat of turkeys, fresh or chilled (indigenous)",2024,27853
Norway,Natural honey,2022,25677
Norway,Natural honey,2023,22942
Norway,Natural honey,2024,22942
Norway,Oats,2022,91326
Norway,Oats,2023,56177
Norway,Oats,2024,88816
Norway,"Onions and shallots, green",2022,19938
Norway,"Onions and shallots, green",2023,21815
Norway,"Onions and shallots, green",2024,21812
Norway,"Other beans, green",2022,674
Norway,"Other beans, green",2023,649
Norway,"Other beans, green",2024,643
Norway,Other berries and fruits of the genus vaccinium n.e.c.,2022,1093
Norway,Other berries and fruits of the genus vaccinium n.e.c.,2023,1074
Norway,Other berries and fruits of the genus vaccinium n.e.c.,2024,1056
Norway,"Other vegetables, fresh n.e.c.",2022,8020
Norway,"Other vegetables, fresh n.e.c.",2023,7662
Norway,"Other vegetables, fresh n.e.c.",2024,7662
Norway,Pears,2022,1193
Norway,Pears,2023,1303
Norway,Pears,2024,1229
Norway,"Peas, dry",2022,3182
Norway,"Peas, dry",2023,3361
Norway,"Peas, dry",2024,3993
Norway,"Peas, green",2022,1564
Norway,"Peas, green",2023,1564
Norway,"Peas, green",2024,1564
Norway,Plums and sloes,2022,8461
Norway,Plums and sloes,2023,8919
Norway,Plums and sloes,2024,8823
Norway,Potatoes,2022,137878
Norway,Potatoes,2023,114838
Norway,Potatoes,2024,130003
Norway,Rape or colza seed,2022,6534
Norway,Rape or colza seed,2023,3439
Norway,Rape or colza seed,2024,4127
Norway,Raspberries,2022,14609
Norway,Raspberries,2023,15622
Norway,Raspberries,2024,15353
Norway,Raw milk of cattle,2022,1026975
Norway,Raw milk of cattle,2023,982600
Norway,Raw milk of cattle,2024,1036938
Norway,Raw milk of goats,2022,13663
Norway,Raw milk of goats,2023,13232
Norway,Raw milk of goats,2024,13421
Norway,Rye,2022,21038
Norway,Rye,2023,10341
Norway,Rye,2024,8344
Norway,"Shorn wool, greasy, including fleece-washed shorn wool",2022,14683
Norway,"Shorn wool, greasy, including fleece-washed shorn wool",2023,13080
Norway,"Shorn wool, greasy, including fleece-washed shorn wool",2024,12841
Norway,Strawberries,2022,40300
Norway,Strawberries,2023,39100
Norway,Strawberries,2024,38860
Norway,Tomatoes,2022,36957
Norway,Tomatoes,2023,41116
Norway,Tomatoes,2024,41148
Norway,Wheat,2022,147785
Norway,Wheat,2023,66195
Norway,Wheat,2024,88517
Oman,Bananas,2022,11138
Oman,Bananas,2023,11141
Oman,Bananas,2024,11507
Oman,Barley,2022,524
Oman,Barley,2023,115
Oman,Barley,2024,120
Oman,Cabbages,2022,6200
Oman,Cabbages,2023,9580
Oman,Cabbages,2024,10631
Oman,Cantaloupes and other melons,2022,22326
Oman,Cantaloupes and other melons,2023,23489
Oman,Cantaloupes and other melons,2024,38380
Oman,Carrots and turnips,2022,7684
Oman,Carrots and turnips,2023,11597
Oman,Carrots and turnips,2024,16789
Oman,Cauliflowers and broccoli,2022,10397
Oman,Cauliflowers and broccoli,2023,14271
Oman,Cauliflowers and broccoli,2024,15336
Oman,"Chillies and peppers, green (Capsicum spp. and Pimenta spp.)",2022,53454
Oman,"Chillies and peppers, green (Capsicum spp. and Pimenta spp.)",2023,95526
Oman,"Chillies and peppers, green (Capsicum spp. and Pimenta spp.)",2024,104006
Oman,Cucumbers and gherkins,2022,38314
Oman,Cucumbers and gherkins,2023,40705
Oman,Cucumbers and gherkins,2024,52291
Oman,Eggplants (aubergines),2022,12038
Oman,Eggplants (aubergines),2023,5301
Oman,Eggplants (aubergines),2024,6135
Oman,Green garlic,2022,15669
Oman,Green garlic,2023,23069
Oman,Green garlic,2024,24427
Oman,Lemons and limes,2022,11144
Oman,Lemons and limes,2023,11771
Oman,Lemons and limes,2024,12396
Oman,Maize (corn),2022,9113
Oman,Maize (corn),2023,1003
Oman,Maize (corn),2024,1025
Oman,"Mangoes, guavas and mangosteens",2022,21673
Oman,"Mangoes, guavas and mangosteens",2023,21731
Oman,"Mangoes, guavas and mangosteens",2024,21871
Oman,Okra,2022,16330
Oman,Okra,2023,7609
Oman,Okra,2024,8347
Oman,"Onions and shallots, dry (excluding dehydrated)",2022,7388
Oman,"Onions and shallots, dry (excluding dehydrated)",2023,8546
Oman,"Onions and shallots, dry (excluding dehydrated)",2024,10090
Oman,Papayas,2022,4749
Oman,Papayas,2023,4759
Oman,Papayas,2024,4935
Oman,Potatoes,2022,4793
Oman,Potatoes,2023,5039
Oman,Potatoes,2024,5249
Oman,"Pumpkins, squash and gourds",2022,5180
Oman,"Pumpkins, squash and gourds",2023,5574
Oman,"Pumpkins, squash and gourds",2024,6322
Oman,Sorghum,2022,23752
Oman,Sorghum,2023,24256
Oman,Sorghum,2024,25830
Oman,Sugar cane,2022,162
Oman,Sugar cane,2023,163
Oman,Sugar cane,2024,166
Oman,Tomatoes,2022,83275
Oman,Tomatoes,2023,62171
Oman,Tomatoes,2024,65335
Oman,Watermelons,2022,13178
Oman,Watermelons,2023,11191
Oman,Watermelons,2024,27630
Oman,Wheat,2022,3788
Oman,Wheat,2023,8428
Oman,Wheat,2024,12537
Pakistan,"Almonds, in shell",2022,65983
Pakistan,"Almonds, in shell",2023,63210
Pakistan,"Almonds, in shell",2024,61068
Pakistan,Apples,2022,767997
Pakistan,Apples,2023,820050
Pakistan,Apples,2024,830016
Pakistan,Apricots,2022,84796
Pakistan,Apricots,2023,77821
Pakistan,Apricots,2024,70436
Pakistan,Bananas,2022,54858
Pakistan,Bananas,2023,74258
Pakistan,Bananas,2024,79185
Pakistan,Barley,2022,11660
Pakistan,Barley,2023,13330
Pakistan,Barley,2024,13450
Pakistan,"Beans, dry",2022,37216
Pakistan,"Beans, dry",2023,42489
Pakistan,"Beans, dry",2024,36634
Pakistan,Cabbages,2022,35460
Pakistan,Cabbages,2023,43824
Pakistan,Cabbages,2024,39983
Pakistan,Cantaloupes and other melons,2022,107345
Pakistan,Cantaloupes and other melons,2023,109790
Pakistan,Cantaloupes and other melons,2024,112768
Pakistan,Carrots and turnips,2022,93378
Pakistan,Carrots and turnips,2023,99038
Pakistan,Carrots and turnips,2024,102954
Pakistan,Castor oil seeds,2022,1755
Pakistan,Castor oil seeds,2023,1259
Pakistan,Castor oil seeds,2024,1563
Pakistan,Cauliflowers and broccoli,2022,90093
Pakistan,Cauliflowers and broccoli,2023,111935
Pakistan,Cauliflowers and broccoli,2024,104802
Pakistan,Cherries,2022,2255
Pakistan,Cherries,2023,3426
Pakistan,Cherries,2024,3873
Pakistan,"Chick peas, dry",2022,74140
Pakistan,"Chick peas, dry",2023,57121
Pakistan,"Chick peas, dry",2024,49029
Pakistan,"Chillies and peppers, dry (Capsicum spp., Pimenta spp.), raw",2022,626801
Pakistan,"Chillies and peppers, dry (Capsicum spp., Pimenta spp.), raw",2023,476601
Pakistan,"Chillies and peppers, dry (Capsicum spp., Pimenta spp.), raw",2024,524568
Pakistan,"Coconuts, in shell",2022,2811
Pakistan,"Coconuts, in shell",2023,2256
Pakistan,"Coconuts, in shell",2024,1181
Pakistan,Cucumbers and gherkins,2022,39174
Pakistan,Cucumbers and gherkins,2023,42117
Pakistan,Cucumbers and gherkins,2024,45142
Pakistan,Dates,2022,154780
Pakistan,Dates,2023,606262
Pakistan,Dates,2024,409201
Pakistan,"Edible roots and tubers with high starch or inulin content, n.e.c., fresh",2022,186036
Pakistan,"Edible roots and tubers with high starch or inulin content, n.e.c., fresh",2023,216422
Pakistan,"Edible roots and tubers with high starch or inulin content, n.e.c., fresh",2024,226419
Pakistan,Eggplants (aubergines),2022,20664
Pakistan,Eggplants (aubergines),2023,30285
Pakistan,Eggplants (aubergines),2024,28611
Pakistan,"Eggs from other birds in shell, fresh, n.e.c.",2022,12126
Pakistan,"Eggs from other birds in shell, fresh, n.e.c.",2023,12126
Pakistan,"Eggs from other birds in shell, fresh, n.e.c.",2024,12126
Pakistan,Figs,2022,95
Pakistan,Figs,2023,170
Pakistan,Figs,2024,154
Pakistan,"Ginger, raw",2022,10
Pakistan,"Ginger, raw",2023,16
Pakistan,"Ginger, raw",2024,13
Pakistan,Grapes,2022,72074
Pakistan,Grapes,2023,208422
Pakistan,Grapes,2024,133759
Pakistan,Green garlic,2022,294504
Pakistan,Green garlic,2023,314697
Pakistan,Green garlic,2024,321414
Pakistan,"Groundnuts, excluding shelled",2022,79338
Pakistan,"Groundnuts, excluding shelled",2023,83883
Pakistan,"Groundnuts, excluding shelled",2024,89963
Pakistan,"Hen eggs in shell, fresh",2022,949698
Pakistan,"Hen eggs in shell, fresh",2023,1004836
Pakistan,"Hen eggs in shell, fresh",2024,1063559
Pakistan,"Jute, raw or retted",2022,4
Pakistan,"Jute, raw or retted",2023,4
Pakistan,"Jute, raw or retted",2024,4
Pakistan,Lemons and limes,2022,36919
Pakistan,Lemons and limes,2023,37476
Pakistan,Lemons and limes,2024,35777
Pakistan,"Lentils, dry",2022,1993
Pakistan,"Lentils, dry",2023,2405
Pakistan,"Lentils, dry",2024,2431
Pakistan,Lettuce and chicory,2022,98
Pakistan,Lettuce and chicory,2023,97
Pakistan,Lettuce and chicory,2024,129
Pakistan,Linseed,2022,611
Pakistan,Linseed,2023,770
Pakistan,Linseed,2024,671
Pakistan,Maize (corn),2022,2489269
Pakistan,Maize (corn),2023,2207135
Pakistan,Maize (corn),2024,2084870
Pakistan,"Mangoes, guavas and mangosteens",2022,2097699
Pakistan,"Mangoes, guavas and mangosteens",2023,2187652
Pakistan,"Mangoes, guavas and mangosteens",2024,1617795
Pakistan,"Meat of buffalo, fresh or chilled (indigenous)",2022,4913931
Pakistan,"Meat of buffalo, fresh or chilled (indigenous)",2023,5059068
Pakistan,"Meat of buffalo, fresh or chilled (indigenous)",2024,5265378
Pakistan,"Meat of cattle with the bone, fresh or chilled (indigenous)",2022,2613672
Pakistan,"Meat of cattle with the bone, fresh or chilled (indigenous)",2023,2719443
Pakistan,"Meat of cattle with the bone, fresh or chilled (indigenous)",2024,3206944
Pakistan,"Meat of chickens, fresh or chilled (indigenous)",2022,5071314
Pakistan,"Meat of chickens, fresh or chilled (indigenous)",2023,5540738
Pakistan,"Meat of chickens, fresh or chilled (indigenous)",2024,6058899
Pakistan,"Meat of ducks, fresh or chilled (indigenous)",2022,15898
Pakistan,"Meat of ducks, fresh or chilled (indigenous)",2023,15888
Pakistan,"Meat of ducks, fresh or chilled (indigenous)",2024,15879
Pakistan,"Meat of goat, fresh or chilled (indigenous)",2022,3028221
Pakistan,"Meat of goat, fresh or chilled (indigenous)",2023,3107911
Pakistan,"Meat of goat, fresh or chilled (indigenous)",2024,3193907
Pakistan,"Meat of sheep, fresh or chilled (indigenous)",2022,560367
Pakistan,"Meat of sheep, fresh or chilled (indigenous)",2023,567092
Pakistan,"Meat of sheep, fresh or chilled (indigenous)",2024,573897
Pakistan,Millet,2022,105483
Pakistan,Millet,2023,121120
Pakistan,Millet,2024,103641
Pakistan,Natural honey,2022,1377
Pakistan,Natural honey,2023,1465
Pakistan,Natural honey,2024,1546
Pakistan,Okra,2022,122667
Pakistan,Okra,2023,119921
Pakistan,Okra,2024,121735
Pakistan,"Onions and shallots, dry (excluding dehydrated)",2022,730973
Pakistan,"Onions and shallots, dry (excluding dehydrated)",2023,653407
Pakistan,"Onions and shallots, dry (excluding dehydrated)",2024,816691
Pakistan,Oranges,2022,18630
Pakistan,Oranges,2023,17426
Pakistan,Oranges,2024,13654
Pakistan,"Other beans, green",2022,11031
Pakistan,"Other beans, green",2023,8649
Pakistan,"Other beans, green",2024,7980
Pakistan,"Other fruits, n.e.c.",2022,26438
Pakistan,"Other fruits, n.e.c.",2023,21472
Pakistan,"Other fruits, n.e.c.",2024,25092
Pakistan,"Other nuts (excluding wild edible nuts and groundnuts), in shell, n.e.c.",2022,7964
Pakistan,"Other nuts (excluding wild edible nuts and groundnuts), in shell, n.e.c.",2023,7932
Pakistan,"Other nuts (excluding wild edible nuts and groundnuts), in shell, n.e.c.",2024,7935
Pakistan,"Other oil seeds, n.e.c.",2022,265419
Pakistan,"Other oil seeds, n.e.c.",2023,274169
Pakistan,"Other oil seeds, n.e.c.",2024,278322
Pakistan,Other pulses n.e.c.,2022,91885
Pakistan,Other pulses n.e.c.,2023,91569
Pakistan,Other pulses n.e.c.,2024,91254
Pakistan,"Other stimulant, spice and aromatic crops, n.e.c.",2022,2164221
Pakistan,"Other stimulant, spice and aromatic crops, n.e.c.",2023,2216232
Pakistan,"Other stimulant, spice and aromatic crops, n.e.c.",2024,2635451
Pakistan,"Other tropical fruits, n.e.c.",2022,14701
Pakistan,"Other tropical fruits, n.e.c.",2023,16771
Pakistan,"Other tropical fruits, n.e.c.",2024,17302
Pakistan,"Other vegetables, fresh n.e.c.",2022,202808
Pakistan,"Other vegetables, fresh n.e.c.",2023,196704
Pakistan,"Other vegetables, fresh n.e.c.",2024,194035
Pakistan,Papayas,2022,5083
Pakistan,Papayas,2023,5098
Pakistan,Papayas,2024,5353
Pakistan,Peaches and nectarines,2022,132242
Pakistan,Peaches and nectarines,2023,127879
Pakistan,Peaches and nectarines,2024,125242
Pakistan,Pears,2022,3053
Pakistan,Pears,2023,2848
Pakistan,Pears,2024,2703
Pakistan,"Peas, dry",2022,5812
Pakistan,"Peas, dry",2023,4947
Pakistan,"Peas, dry",2024,5848
Pakistan,"Peas, green",2022,300300
Pakistan,"Peas, green",2023,311154
Pakistan,"Peas, green",2024,307589
Pakistan,"Pigeon peas, dry",2022,3
Pakistan,"Pigeon peas, dry",2023,3
Pakistan,"Pigeon peas, dry",2024,3
Pakistan,"Pistachios, in shell",2022,4880
Pakistan,"Pistachios, in shell",2023,5168
Pakistan,"Pistachios, in shell",2024,5128
Pakistan,Plums and sloes,2022,45427
Pakistan,Plums and sloes,2023,40715
Pakistan,Plums and sloes,2024,37593
Pakistan,Potatoes,2022,2565884
Pakistan,Potatoes,2023,2689665
Pakistan,Potatoes,2024,2726715
Pakistan,"Pumpkins, squash and gourds",2022,56702
Pakistan,"Pumpkins, squash and gourds",2023,58649
Pakistan,"Pumpkins, squash and gourds",2024,52730
Pakistan,Rape or colza seed,2022,185573
Pakistan,Rape or colza seed,2023,313082
Pakistan,Rape or colza seed,2024,174271
Pakistan,Raw milk of buffalo,2022,11351065
Pakistan,Raw milk of buffalo,2023,11688698
Pakistan,Raw milk of buffalo,2024,12036100
Pakistan,Raw milk of cattle,2022,10920213
Pakistan,Raw milk of cattle,2023,11331557
Pakistan,Raw milk of cattle,2024,11758669
Pakistan,Raw milk of goats,2022,450982
Pakistan,Raw milk of goats,2023,463386
Pakistan,Raw milk of goats,2024,475791
Pakistan,Raw milk of sheep,2022,18555
Pakistan,Raw milk of sheep,2023,18555
Pakistan,Raw milk of sheep,2024,18555
Pakistan,Rice,2022,4014073
Pakistan,Rice,2023,5404998
Pakistan,Rice,2024,5330579
Pakistan,"Seed cotton, unginned",2022,1601467
Pakistan,"Seed cotton, unginned",2023,3347545
Pakistan,"Seed cotton, unginned",2024,2326538
Pakistan,Sesame seed,2022,101974
Pakistan,Sesame seed,2023,201642
Pakistan,Sesame seed,2024,291801
Pakistan,"Shorn wool, greasy, including fleece-washed shorn wool",2022,33582
Pakistan,"Shorn wool, greasy, including fleece-washed shorn wool",2023,32978
Pakistan,"Shorn wool, greasy, including fleece-washed shorn wool",2024,32452
Pakistan,Sorghum,2022,18979
Pakistan,Sorghum,2023,15069
Pakistan,Sorghum,2024,14700
Pakistan,Soya beans,2022,4
Pakistan,Soya beans,2023,3
Pakistan,Soya beans,2024,1
Pakistan,Spinach,2022,14003
Pakistan,Spinach,2023,16428
Pakistan,Spinach,2024,14559
Pakistan,Sugar beet,2022,709
Pakistan,Sugar beet,2023,799
Pakistan,Sugar beet,2024,818
Pakistan,Sugar cane,2022,3202053
Pakistan,Sugar cane,2023,3189553
Pakistan,Sugar cane,2024,3065730
Pakistan,Sunflower seed,2022,41607
Pakistan,Sunflower seed,2023,66254
Pakistan,Sunflower seed,2024,48987
Pakistan,Sweet potatoes,2022,6477
Pakistan,Sweet potatoes,2023,11480
Pakistan,Sweet potatoes,2024,2012
Pakistan,"Tangerines, mandarins, clementines",2022,353094
Pakistan,"Tangerines, mandarins, clementines",2023,331794
Pakistan,"Tangerines, mandarins, clementines",2024,345781
Pakistan,Tomatoes,2022,330293
Pakistan,Tomatoes,2023,317713
Pakistan,Tomatoes,2024,332125
Pakistan,Unmanufactured tobacco,2022,166203
Pakistan,Unmanufactured tobacco,2023,188979
Pakistan,Unmanufactured tobacco,2024,230189
Pakistan,"Walnuts, in shell",2022,31314
Pakistan,"Walnuts, in shell",2023,29753
Pakistan,"Walnuts, in shell",2024,28874
Pakistan,Watermelons,2022,263267
Pakistan,Watermelons,2023,209591
Pakistan,Watermelons,2024,196562
Pakistan,Wheat,2022,7627542
Pakistan,Wheat,2023,8195593
Pakistan,Wheat,2024,9258997
Palestine,"Almonds, in shell",2022,37372
Palestine,"Anise, badian, coriander, cumin, caraway, fennel and juniper berries, raw",2022,761
Palestine,Apples,2022,925
Palestine,Apricots,2022,2187
Palestine,Avocados,2022,13348
Palestine,Bananas,2022,3275
Palestine,Barley,2022,8318
Palestine,"Broad beans and horse beans, dry",2022,559
Palestine,"Broad beans and horse beans, green",2022,10041
Palestine,Cabbages,2022,14295
Palestine,Cantaloupes and other melons,2022,5051
Palestine,Carrots and turnips,2022,3171
Palestine,Cauliflowers and broccoli,2022,22980
Palestine,Cherries,2022,2837
Palestine,"Chick peas, dry",2022,1328
Palestine,"Chillies and peppers, green (Capsicum spp. and Pimenta spp.)",2022,26852
Palestine,Cucumbers and gherkins,2022,93216
Palestine,Dates,2022,19762
Palestine,Eggplants (aubergines),2022,38459
Palestine,Figs,2022,4954
Palestine,Grapes,2022,63560
Palestine,Green corn (maize),2022,14924
Palestine,Green garlic,2022,3822
Palestine,"Groundnuts, excluding shelled",2022,8
Palestine,"Hen eggs in shell, fresh",2022,49464
Palestine,Lemons and limes,2022,10606
Palestine,"Lentils, dry",2022,1652
Palestine,Lettuce and chicory,2022,2163
Palestine,"Mangoes, guavas and mangosteens",2022,11871
Palestine,"Meat of cattle with the bone, fresh or chilled (indigenous)",2022,61616
Palestine,"Meat of chickens, fresh or chilled (indigenous)",2022,122020
Palestine,"Meat of goat, fresh or chilled (indigenous)",2022,91945
Palestine,"Meat of sheep, fresh or chilled (indigenous)",2022,152701
Palestine,Natural honey,2022,8601
Palestine,Okra,2022,14566
Palestine,Olives,2022,239019
Palestine,"Onions and shallots, dry (excluding dehydrated)",2022,14948
Palestine,"Onions and shallots, green",2022,9649
Palestine,Oranges,2022,3994
Palestine,"Other beans, green",2022,12752
Palestine,"Other citrus fruit, n.e.c.",2022,2092
Palestine,"Other fruits, n.e.c.",2022,5070
Palestine,"Other stimulant, spice and aromatic crops, n.e.c.",2022,7556
Palestine,"Other vegetables, fresh n.e.c.",2022,32107
Palestine,Peaches and nectarines,2022,2995
Palestine,Pears,2022,133
Palestine,"Peas, dry",2022,99
Palestine,"Peas, green",2022,5970
Palestine,Plums and sloes,2022,2125
Palestine,Pomelos and grapefruits,2022,755
Palestine,Poppy seed,2022,2696
Palestine,Potatoes,2022,41909
Palestine,"Pumpkins, squash and gourds",2022,59152
Palestine,Quinces,2022,26
Palestine,Raw milk of cattle,2022,137377
Palestine,Raw milk of goats,2022,49490
Palestine,Raw milk of sheep,2022,110440
Palestine,Sesame seed,2022,1348
Palestine,Sorghum,2022,146
Palestine,Spinach,2022,4835
Palestine,Strawberries,2022,17423
Palestine,Sunflower seed,2022,1
Palestine,Sweet potatoes,2022,626
Palestine,"Tangerines, mandarins, clementines",2022,2757
Palestine,Tomatoes,2022,178474
Palestine,Vetches,2022,4269
Palestine,"Walnuts, in shell",2022,6052
Palestine,Watermelons,2022,9747
Palestine,Wheat,2022,20266
Panama,Avocados,2022,20610
Panama,Avocados,2023,19951
Panama,Avocados,2024,20346
Panama,Bananas,2022,48000
Panama,Bananas,2023,44995
Panama,Bananas,2024,47266
Panama,"Beans, dry",2022,8649
Panama,"Beans, dry",2023,7439
Panama,"Beans, dry",2024,7110
Panama,Cabbages,2022,1992
Panama,Cabbages,2023,2002
Panama,Cabbages,2024,2009
Panama,Cantaloupes and other melons,2022,12293
Panama,Cantaloupes and other melons,2023,12434
Panama,Cantaloupes and other melons,2024,12180
Panama,Carrots and turnips,2022,1939
Panama,Carrots and turnips,2023,2520
Panama,Carrots and turnips,2024,2289
Panama,"Cassava, fresh",2022,14452
Panama,"Cassava, fresh",2023,12786
Panama,"Cassava, fresh",2024,13371
Panama,"Chillies and peppers, green (Capsicum spp. and Pimenta spp.)",2022,7243
Panama,"Chillies and peppers, green (Capsicum spp. and Pimenta spp.)",2023,7325
Panama,"Chillies and peppers, green (Capsicum spp. and Pimenta spp.)",2024,7470
Panama,Cocoa beans,2022,2538
Panama,Cocoa beans,2023,2110
Panama,Cocoa beans,2024,1093
Panama,"Coconuts, in shell",2022,10816
Panama,"Coconuts, in shell",2023,10816
Panama,"Coconuts, in shell",2024,11059
Panama,"Coffee, green",2022,19174
Panama,"Coffee, green",2023,19967
Panama,"Coffee, green",2024,19573
Panama,Cucumbers and gherkins,2022,3065
Panama,Cucumbers and gherkins,2023,3136
Panama,Cucumbers and gherkins,2024,3167
Panama,"Hen eggs in shell, fresh",2022,113490
Panama,"Hen eggs in shell, fresh",2023,116656
Panama,"Hen eggs in shell, fresh",2024,144751
Panama,Lettuce and chicory,2022,3870
Panama,Lettuce and chicory,2023,3744
Panama,Lettuce and chicory,2024,3369
Panama,Maize (corn),2022,55225
Panama,Maize (corn),2023,53371
Panama,Maize (corn),2024,50421
Panama,"Mangoes, guavas and mangosteens",2022,4152
Panama,"Mangoes, guavas and mangosteens",2023,3765
Panama,"Mangoes, guavas and mangosteens",2024,3625
Panama,"Meat of cattle with the bone, fresh or chilled (indigenous)",2022,206823
Panama,"Meat of cattle with the bone, fresh or chilled (indigenous)",2023,197853
Panama,"Meat of cattle with the bone, fresh or chilled (indigenous)",2024,192128
Panama,"Meat of chickens, fresh or chilled (indigenous)",2022,1248205
Panama,"Meat of chickens, fresh or chilled (indigenous)",2023,1306137
Panama,"Meat of chickens, fresh or chilled (indigenous)",2024,1365932
Panama,"Meat of pig with the bone, fresh or chilled (indigenous)",2022,57103
Panama,"Meat of pig with the bone, fresh or chilled (indigenous)",2023,57231
Panama,"Meat of pig with the bone, fresh or chilled (indigenous)",2024,52337
Panama,Oil palm fruit,2022,93856
Panama,Oil palm fruit,2023,95675
Panama,Oil palm fruit,2024,97888
Panama,"Onions and shallots, dry (excluding dehydrated)",2022,25692
Panama,"Onions and shallots, dry (excluding dehydrated)",2023,26888
Panama,"Onions and shallots, dry (excluding dehydrated)",2024,29109
Panama,Oranges,2022,13426
Panama,Oranges,2023,13579
Panama,Oranges,2024,13660
Panama,"Other vegetables, fresh n.e.c.",2022,1396
Panama,"Other vegetables, fresh n.e.c.",2023,983
Panama,"Other vegetables, fresh n.e.c.",2024,954
Panama,Papayas,2022,5093
Panama,Papayas,2023,5135
Panama,Papayas,2024,5185
Panama,"Pigeon peas, dry",2022,2530
Panama,"Pigeon peas, dry",2023,2497
Panama,"Pigeon peas, dry",2024,2495
Panama,Pineapples,2022,72781
Panama,Pineapples,2023,72781
Panama,Pineapples,2024,70929
Panama,Plantains and cooking bananas,2022,100302
Panama,Plantains and cooking bananas,2023,103407
Panama,Plantains and cooking bananas,2024,105948
Panama,Potatoes,2022,30974
Panama,Potatoes,2023,31126
Panama,Potatoes,2024,30906
Panama,Raw milk of cattle,2022,143208
Panama,Raw milk of cattle,2023,140058
Panama,Raw milk of cattle,2024,128013
Panama,Rice,2022,227184
Panama,Rice,2023,214107
Panama,Rice,2024,200085
Panama,Sorghum,2022,703
Panama,Sorghum,2023,642
Panama,Sorghum,2024,596
Panama,Soya beans,2022,58
Panama,Soya beans,2023,57
Panama,Soya beans,2024,57
Panama,Sugar cane,2022,43191
Panama,Sugar cane,2023,41991
Panama,Sugar cane,2024,44390
Panama,Tomatoes,2022,28086
Panama,Tomatoes,2023,28230
Panama,Tomatoes,2024,28530
Panama,Unmanufactured tobacco,2022,9826
Panama,Unmanufactured tobacco,2023,9860
Panama,Unmanufactured tobacco,2024,9894
Panama,Watermelons,2022,20552
Panama,Watermelons,2023,21324
Panama,Watermelons,2024,32016
Panama,Yams,2022,30495
Panama,Yams,2023,33019
Panama,Yams,2024,36328
Panama,Yautia,2022,5461
Panama,Yautia,2023,4945
Panama,Yautia,2024,4750
Paraguay,Apples,2022,248
Paraguay,Apples,2023,248
Paraguay,Apples,2024,248
Paraguay,Avocados,2022,6034
Paraguay,Avocados,2023,6039
Paraguay,Avocados,2024,6044
Paraguay,Bananas,2022,34121
Paraguay,Bananas,2023,32922
Paraguay,Bananas,2024,32606
Paraguay,"Beans, dry",2022,15722
Paraguay,"Beans, dry",2023,14150
Paraguay,"Beans, dry",2024,16277
Paraguay,"Broad beans and horse beans, dry",2022,10803
Paraguay,"Broad beans and horse beans, dry",2023,10818
Paraguay,"Broad beans and horse beans, dry",2024,10806
Paraguay,Cantaloupes and other melons,2022,8720
Paraguay,Cantaloupes and other melons,2023,8751
Paraguay,Cantaloupes and other melons,2024,8782
Paraguay,Carrots and turnips,2022,6330
Paraguay,Carrots and turnips,2023,5434
Paraguay,Carrots and turnips,2024,5374
Paraguay,"Cassava, fresh",2022,131080
Paraguay,"Cassava, fresh",2023,140216
Paraguay,"Cassava, fresh",2024,180389
Paraguay,Castor oil seeds,2022,1554
Paraguay,Castor oil seeds,2023,1243
Paraguay,Castor oil seeds,2024,1243
Paraguay,"Chillies and peppers, green (Capsicum spp. and Pimenta spp.)",2022,16447
Paraguay,"Chillies and peppers, green (Capsicum spp. and Pimenta spp.)",2023,6205
Paraguay,"Chillies and peppers, green (Capsicum spp. and Pimenta spp.)",2024,8872
Paraguay,"Coffee, green",2022,195
Paraguay,"Coffee, green",2023,179
Paraguay,"Coffee, green",2024,180
Paraguay,"Eggs from other birds in shell, fresh, n.e.c.",2022,4565
Paraguay,"Eggs from other birds in shell, fresh, n.e.c.",2023,4565
Paraguay,"Eggs from other birds in shell, fresh, n.e.c.",2024,4565
Paraguay,Grapes,2022,886
Paraguay,Grapes,2023,237
Paraguay,Grapes,2024,922
Paraguay,Green garlic,2022,176
Paraguay,Green garlic,2023,113
Paraguay,Green garlic,2024,75
Paraguay,"Groundnuts, excluding shelled",2022,3928
Paraguay,"Groundnuts, excluding shelled",2023,8237
Paraguay,"Groundnuts, excluding shelled",2024,7038
Paraguay,"Hen eggs in shell, fresh",2022,519551
Paraguay,"Hen eggs in shell, fresh",2023,515293
Paraguay,"Hen eggs in shell, fresh",2024,514318
Paraguay,"Horse meat, fresh or chilled (indigenous)",2022,2145
Paraguay,"Horse meat, fresh or chilled (indigenous)",2023,1633
Paraguay,"Horse meat, fresh or chilled (indigenous)",2024,1731
Paraguay,Lemons and limes,2022,6723
Paraguay,Lemons and limes,2023,6400
Paraguay,Lemons and limes,2024,6410
Paraguay,Maize (corn),2022,695395
Paraguay,Maize (corn),2023,675377
Paraguay,Maize (corn),2024,592819
Paraguay,"Mangoes, guavas and mangosteens",2022,5492
Paraguay,"Mangoes, guavas and mangosteens",2023,5495
Paraguay,"Mangoes, guavas and mangosteens",2024,5488
Paraguay,Maté leaves,2022,79119
Paraguay,Maté leaves,2023,59726
Paraguay,Maté leaves,2024,63372
Paraguay,"Meat of cattle with the bone, fresh or chilled (indigenous)",2022,1543449
Paraguay,"Meat of cattle with the bone, fresh or chilled (indigenous)",2023,1348987
Paraguay,"Meat of cattle with the bone, fresh or chilled (indigenous)",2024,1280197
Paraguay,"Meat of chickens, fresh or chilled (indigenous)",2022,463949
Paraguay,"Meat of chickens, fresh or chilled (indigenous)",2023,478827
Paraguay,"Meat of chickens, fresh or chilled (indigenous)",2024,468471
Paraguay,"Meat of ducks, fresh or chilled (indigenous)",2022,5864
Paraguay,"Meat of ducks, fresh or chilled (indigenous)",2023,5874
Paraguay,"Meat of ducks, fresh or chilled (indigenous)",2024,5883
Paraguay,"Meat of geese, fresh or chilled (indigenous)",2022,1871
Paraguay,"Meat of geese, fresh or chilled (indigenous)",2023,1890
Paraguay,"Meat of geese, fresh or chilled (indigenous)",2024,1910
Paraguay,"Meat of goat, fresh or chilled (indigenous)",2022,3223
Paraguay,"Meat of goat, fresh or chilled (indigenous)",2023,3762
Paraguay,"Meat of goat, fresh or chilled (indigenous)",2024,2884
Paraguay,"Meat of pig with the bone, fresh or chilled (indigenous)",2022,151029
Paraguay,"Meat of pig with the bone, fresh or chilled (indigenous)",2023,138886
Paraguay,"Meat of pig with the bone, fresh or chilled (indigenous)",2024,149767
Paraguay,"Meat of sheep, fresh or chilled (indigenous)",2022,13527
Paraguay,"Meat of sheep, fresh or chilled (indigenous)",2023,10306
Paraguay,"Meat of sheep, fresh or chilled (indigenous)",2024,10493
Paraguay,"Meat of turkeys, fresh or chilled (indigenous)",2022,2192
Paraguay,"Meat of turkeys, fresh or chilled (indigenous)",2023,2213
Paraguay,"Meat of turkeys, fresh or chilled (indigenous)",2024,2233
Paraguay,Natural honey,2022,8405
Paraguay,Natural honey,2023,8446
Paraguay,Natural honey,2024,8487
Paraguay,Oil palm fruit,2022,2484
Paraguay,Oil palm fruit,2023,2493
Paraguay,Oil palm fruit,2024,2489
Paraguay,"Onions and shallots, dry (excluding dehydrated)",2022,10838
Paraguay,"Onions and shallots, dry (excluding dehydrated)",2023,10846
Paraguay,"Onions and shallots, dry (excluding dehydrated)",2024,10854
Paraguay,"Onions and shallots, green",2022,6935
Paraguay,"Onions and shallots, green",2023,4787
Paraguay,"Onions and shallots, green",2024,4431
Paraguay,Oranges,2022,94686
Paraguay,Oranges,2023,100874
Paraguay,Oranges,2024,89699
Paraguay,"Other fruits, n.e.c.",2022,2516
Paraguay,"Other fruits, n.e.c.",2023,2507
Paraguay,"Other fruits, n.e.c.",2024,2526
Paraguay,"Other tropical fruits, n.e.c.",2022,3102
Paraguay,"Other tropical fruits, n.e.c.",2023,3113
Paraguay,"Other tropical fruits, n.e.c.",2024,3123
Paraguay,"Other vegetables, fresh n.e.c.",2022,19604
Paraguay,"Other vegetables, fresh n.e.c.",2023,19536
Paraguay,"Other vegetables, fresh n.e.c.",2024,19568
Paraguay,Papayas,2022,3992
Paraguay,Papayas,2023,3967
Paraguay,Papayas,2024,3993
Paraguay,Peaches and nectarines,2022,1717
Paraguay,Peaches and nectarines,2023,1729
Paraguay,Peaches and nectarines,2024,1716
Paraguay,Pears,2022,74
Paraguay,Pears,2023,74
Paraguay,Pears,2024,74
Paraguay,"Peas, dry",2022,5080
Paraguay,"Peas, dry",2023,5097
Paraguay,"Peas, dry",2024,5092
Paraguay,Pineapples,2022,25351
Paraguay,Pineapples,2023,24423
Paraguay,Pineapples,2024,28760
Paraguay,Plums and sloes,2022,424
Paraguay,Plums and sloes,2023,425
Paraguay,Plums and sloes,2024,426
Paraguay,Pomelos and grapefruits,2022,2803
Paraguay,Pomelos and grapefruits,2023,3348
Paraguay,Pomelos and grapefruits,2024,5077
Paraguay,Potatoes,2022,625
Paraguay,Potatoes,2023,661
Paraguay,Potatoes,2024,581
Paraguay,"Pumpkins, squash and gourds",2022,3016
Paraguay,"Pumpkins, squash and gourds",2023,3031
Paraguay,"Pumpkins, squash and gourds",2024,3046
Paraguay,Rape or colza seed,2022,14935
Paraguay,Rape or colza seed,2023,21444
Paraguay,Rape or colza seed,2024,25928
Paraguay,Raw milk of cattle,2022,261926
Paraguay,Raw milk of cattle,2023,262049
Paraguay,Raw milk of cattle,2024,262049
Paraguay,Rice,2022,197855
Paraguay,Rice,2023,198541
Paraguay,Rice,2024,213415
Paraguay,"Seed cotton, unginned",2022,13018
Paraguay,"Seed cotton, unginned",2023,16826
Paraguay,"Seed cotton, unginned",2024,11549
Paraguay,Sesame seed,2022,28728
Paraguay,Sesame seed,2023,45133
Paraguay,Sesame seed,2024,38527
Paraguay,"Shorn wool, greasy, including fleece-washed shorn wool",2022,2871
Paraguay,"Shorn wool, greasy, including fleece-washed shorn wool",2023,2860
Paraguay,"Shorn wool, greasy, including fleece-washed shorn wool",2024,2681
Paraguay,Sorghum,2022,3289
Paraguay,Sorghum,2023,3724
Paraguay,Sorghum,2024,4496
Paraguay,Soya beans,2022,1926789
Paraguay,Soya beans,2023,3764128
Paraguay,Soya beans,2024,4097537
Paraguay,Strawberries,2022,12164
Paraguay,Strawberries,2023,12186
Paraguay,Strawberries,2024,12272
Paraguay,Sugar cane,2022,119675
Paraguay,Sugar cane,2023,162567
Paraguay,Sugar cane,2024,162712
Paraguay,Sunflower seed,2022,2921
Paraguay,Sunflower seed,2023,18535
Paraguay,Sunflower seed,2024,12246
Paraguay,Sweet potatoes,2022,7841
Paraguay,Sweet potatoes,2023,12399
Paraguay,Sweet potatoes,2024,13302
Paraguay,"Tangerines, mandarins, clementines",2022,1209
Paraguay,"Tangerines, mandarins, clementines",2023,1616
Paraguay,"Tangerines, mandarins, clementines",2024,2386
Paraguay,Tomatoes,2022,37464
Paraguay,Tomatoes,2023,36198
Paraguay,Tomatoes,2024,37675
Paraguay,Tung nuts,2022,808
Paraguay,Tung nuts,2023,3891
Paraguay,Tung nuts,2024,4845
Paraguay,Unmanufactured tobacco,2022,3018
Paraguay,Unmanufactured tobacco,2023,4046
Paraguay,Unmanufactured tobacco,2024,4230
Paraguay,Watermelons,2022,50453
Paraguay,Watermelons,2023,50455
Paraguay,Watermelons,2024,50457
Paraguay,Wheat,2022,134142
Paraguay,Wheat,2023,133579
Paraguay,Wheat,2024,105853
Peru,"Anise, badian, coriander, cumin, caraway, fennel and juniper berries, raw",2022,188
Peru,"Anise, badian, coriander, cumin, caraway, fennel and juniper berries, raw",2023,247
Peru,"Anise, badian, coriander, cumin, caraway, fennel and juniper berries, raw",2024,244
Peru,Apples,2022,33273
Peru,Apples,2023,31470
Peru,Apples,2024,29015
Peru,Apricots,2022,1531
Peru,Apricots,2023,2017
Peru,Apricots,2024,1538
Peru,Artichokes,2022,58355
Peru,Artichokes,2023,89133
Peru,Artichokes,2024,80151
Peru,Asparagus,2022,422397
Peru,Asparagus,2023,399424
Peru,Asparagus,2024,372916
Peru,Avocados,2022,582564
Peru,Avocados,2023,636430
Peru,Avocados,2024,671069
Peru,Barley,2022,87607
Peru,Barley,2023,81157
Peru,Barley,2024,96404
Peru,"Beans, dry",2022,95402
Peru,"Beans, dry",2023,99899
Peru,"Beans, dry",2024,101626
Peru,"Brazil nuts, in shell",2022,20470
Peru,"Brazil nuts, in shell",2023,14390
Peru,"Brazil nuts, in shell",2024,15368
Peru,"Broad beans and horse beans, dry",2022,55916
Peru,"Broad beans and horse beans, dry",2023,52038
Peru,"Broad beans and horse beans, dry",2024,66490
Peru,"Broad beans and horse beans, green",2022,24858
Peru,"Broad beans and horse beans, green",2023,22928
Peru,"Broad beans and horse beans, green",2024,24399
Peru,Cabbages,2022,6233
Peru,Cabbages,2023,7790
Peru,Cabbages,2024,7555
Peru,Cantaloupes and other melons,2022,5862
Peru,Cantaloupes and other melons,2023,6304
Peru,Cantaloupes and other melons,2024,6456
Peru,Carrots and turnips,2022,50750
Peru,Carrots and turnips,2023,45643
Peru,Carrots and turnips,2024,50021
Peru,"Cashew nuts, in shell",2022,647
Peru,"Cashew nuts, in shell",2023,479
Peru,"Cashew nuts, in shell",2024,458
Peru,"Cassava, fresh",2022,265875
Peru,"Cassava, fresh",2023,282388
Peru,"Cassava, fresh",2024,267438
Peru,Cauliflowers and broccoli,2022,17731
Peru,Cauliflowers and broccoli,2023,18718
Peru,Cauliflowers and broccoli,2024,17247
Peru,Cereals n.e.c.,2022,21703
Peru,Cereals n.e.c.,2023,21801
Peru,Cereals n.e.c.,2024,21884
Peru,Cherries,2022,2
Peru,Cherries,2023,2
Peru,Cherries,2024,2
Peru,"Chestnuts, in shell",2022,222
Peru,"Chestnuts, in shell",2023,222
Peru,"Chestnuts, in shell",2024,222
Peru,"Chick peas, dry",2022,501
Peru,"Chick peas, dry",2023,1751
Peru,"Chick peas, dry",2024,834
Peru,"Chillies and peppers, dry (Capsicum spp., Pimenta spp.), raw",2022,93793
Peru,"Chillies and peppers, dry (Capsicum spp., Pimenta spp.), raw",2023,109946
Peru,"Chillies and peppers, dry (Capsicum spp., Pimenta spp.), raw",2024,132121
Peru,"Chillies and peppers, green (Capsicum spp. and Pimenta spp.)",2022,158131
Peru,"Chillies and peppers, green (Capsicum spp. and Pimenta spp.)",2023,161794
Peru,"Chillies and peppers, green (Capsicum spp. and Pimenta spp.)",2024,151327
Peru,Cocoa beans,2022,398670
Peru,Cocoa beans,2023,385352
Peru,Cocoa beans,2024,362999
Peru,"Coconuts, in shell",2022,4866
Peru,"Coconuts, in shell",2023,5004
Peru,"Coconuts, in shell",2024,5010
Peru,"Coffee, green",2022,739761
Peru,"Coffee, green",2023,759621
Peru,"Coffee, green",2024,743171
Peru,"Cow peas, dry",2022,13063
Peru,"Cow peas, dry",2023,23186
Peru,"Cow peas, dry",2024,13932
Peru,Cucumbers and gherkins,2022,11029
Peru,Cucumbers and gherkins,2023,11684
Peru,Cucumbers and gherkins,2024,12957
Peru,Dates,2022,196
Peru,Dates,2023,214
Peru,Dates,2024,188
Peru,"Edible roots and tubers with high starch or inulin content, n.e.c., fresh",2022,79058
Peru,"Edible roots and tubers with high starch or inulin content, n.e.c., fresh",2023,79319
Peru,"Edible roots and tubers with high starch or inulin content, n.e.c., fresh",2024,79581
Peru,Eggplants (aubergines),2022,118
Peru,Eggplants (aubergines),2023,148
Peru,Eggplants (aubergines),2024,163
Peru,Figs,2022,1734
Peru,Figs,2023,1570
Peru,Figs,2024,1827
Peru,"Game meat, fresh, chilled or frozen",2022,14468
Peru,"Game meat, fresh, chilled or frozen",2023,14327
Peru,"Game meat, fresh, chilled or frozen",2024,14476
Peru,Grapes,2022,618477
Peru,Grapes,2023,742461
Peru,Grapes,2024,709301
Peru,Green corn (maize),2022,163443
Peru,Green corn (maize),2023,148773
Peru,Green corn (maize),2024,154440
Peru,Green garlic,2022,112764
Peru,Green garlic,2023,96896
Peru,Green garlic,2024,97735
Peru,"Groundnuts, excluding shelled",2022,6473
Peru,"Groundnuts, excluding shelled",2023,6655
Peru,"Groundnuts, excluding shelled",2024,5552
Peru,"Hen eggs in shell, fresh",2022,765266
Peru,"Hen eggs in shell, fresh",2023,753462
Peru,"Hen eggs in shell, fresh",2024,761717
Peru,"Jute, raw or retted",2022,119
Peru,"Jute, raw or retted",2023,118
Peru,"Jute, raw or retted",2024,118
Peru,Leeks and other alliaceous vegetables,2022,4312
Peru,Leeks and other alliaceous vegetables,2023,4791
Peru,Leeks and other alliaceous vegetables,2024,4742
Peru,Lemons and limes,2022,105635
Peru,Lemons and limes,2023,85935
Peru,Lemons and limes,2024,120068
Peru,"Lentils, dry",2022,2725
Peru,"Lentils, dry",2023,4093
Peru,"Lentils, dry",2024,3570
Peru,Lettuce and chicory,2022,17328
Peru,Lettuce and chicory,2023,17423
Peru,Lettuce and chicory,2024,17053
Peru,Linseed,2022,1015
Peru,Linseed,2023,798
Peru,Linseed,2024,1122
Peru,Lupins,2022,20950
Peru,Lupins,2023,20208
Peru,Lupins,2024,26758
Peru,Maize (corn),2022,823457
Peru,Maize (corn),2023,839199
Peru,Maize (corn),2024,861324
Peru,"Mangoes, guavas and mangosteens",2022,98643
Peru,"Mangoes, guavas and mangosteens",2023,65723
Peru,"Mangoes, guavas and mangosteens",2024,65212
Peru,"Meat of cattle with the bone, fresh or chilled (indigenous)",2022,649848
Peru,"Meat of cattle with the bone, fresh or chilled (indigenous)",2023,670135
Peru,"Meat of cattle with the bone, fresh or chilled (indigenous)",2024,687826
Peru,"Meat of chickens, fresh or chilled (indigenous)",2022,4415708
Peru,"Meat of chickens, fresh or chilled (indigenous)",2023,4365945
Peru,"Meat of chickens, fresh or chilled (indigenous)",2024,4556322
Peru,"Meat of goat, fresh or chilled (indigenous)",2022,15141
Peru,"Meat of goat, fresh or chilled (indigenous)",2023,15177
Peru,"Meat of goat, fresh or chilled (indigenous)",2024,15211
Peru,"Meat of other domestic camelids, fresh or chilled (indigenous)",2022,57541
Peru,"Meat of other domestic camelids, fresh or chilled (indigenous)",2023,58030
Peru,"Meat of other domestic camelids, fresh or chilled (indigenous)",2024,58388
Peru,"Meat of pig with the bone, fresh or chilled (indigenous)",2022,496887
Peru,"Meat of pig with the bone, fresh or chilled (indigenous)",2023,549034
Peru,"Meat of pig with the bone, fresh or chilled (indigenous)",2024,573720
Peru,"Meat of rabbits and hares, fresh or chilled (indigenous)",2022,5808
Peru,"Meat of rabbits and hares, fresh or chilled (indigenous)",2023,5786
Peru,"Meat of rabbits and hares, fresh or chilled (indigenous)",2024,5764
Peru,"Meat of sheep, fresh or chilled (indigenous)",2022,138141
Peru,"Meat of sheep, fresh or chilled (indigenous)",2023,138777
Peru,"Meat of sheep, fresh or chilled (indigenous)",2024,138510
Peru,Natural honey,2022,6888
Peru,Natural honey,2023,6945
Peru,Natural honey,2024,6903
Peru,Oats,2022,12309
Peru,Oats,2023,6696
Peru,Oats,2024,13718
Peru,Oil palm fruit,2022,183385
Peru,Oil palm fruit,2023,175058
Peru,Oil palm fruit,2024,179052
Peru,Olives,2022,199325
Peru,Olives,2023,156234
Peru,Olives,2024,20869
Peru,"Onions and shallots, dry (excluding dehydrated)",2022,152645
Peru,"Onions and shallots, dry (excluding dehydrated)",2023,159532
Peru,"Onions and shallots, dry (excluding dehydrated)",2024,175250
Peru,Oranges,2022,112676
Peru,Oranges,2023,108596
Peru,Oranges,2024,105743
Peru,"Other beans, green",2022,7039
Peru,"Other beans, green",2023,7557
Peru,"Other beans, green",2024,5737
Peru,"Other citrus fruit, n.e.c.",2022,29922
Peru,"Other citrus fruit, n.e.c.",2023,28724
Peru,"Other citrus fruit, n.e.c.",2024,32318
Peru,"Other fruits, n.e.c.",2022,44667
Peru,"Other fruits, n.e.c.",2023,44761
Peru,"Other fruits, n.e.c.",2024,44658
Peru,"Other nuts (excluding wild edible nuts and groundnuts), in shell, n.e.c.",2022,2517
Peru,"Other nuts (excluding wild edible nuts and groundnuts), in shell, n.e.c.",2023,2524
Peru,"Other nuts (excluding wild edible nuts and groundnuts), in shell, n.e.c.",2024,2513
Peru,Other pulses n.e.c.,2022,3149
Peru,Other pulses n.e.c.,2023,3367
Peru,Other pulses n.e.c.,2024,2083
Peru,"Other stimulant, spice and aromatic crops, n.e.c.",2022,10691
Peru,"Other stimulant, spice and aromatic crops, n.e.c.",2023,10666
Peru,"Other stimulant, spice and aromatic crops, n.e.c.",2024,11925
Peru,"Other vegetables, fresh n.e.c.",2022,24084
Peru,"Other vegetables, fresh n.e.c.",2023,24273
Peru,"Other vegetables, fresh n.e.c.",2024,25093
Peru,Papayas,2022,39974
Peru,Papayas,2023,38068
Peru,Papayas,2024,37229
Peru,Peaches and nectarines,2022,31154
Peru,Peaches and nectarines,2023,27030
Peru,Peaches and nectarines,2024,26135
Peru,Pears,2022,2684
Peru,Pears,2023,2787
Peru,Pears,2024,2063
Peru,"Peas, dry",2022,38783
Peru,"Peas, dry",2023,37658
Peru,"Peas, dry",2024,42178
Peru,"Peas, green",2022,75048
Peru,"Peas, green",2023,72113
Peru,"Peas, green",2024,79390
Peru,"Pepper (Piper spp.), raw",2022,1875
Peru,"Pepper (Piper spp.), raw",2023,2201
Peru,"Pepper (Piper spp.), raw",2024,2433
Peru,Pineapples,2022,126224
Peru,Pineapples,2023,125212
Peru,Pineapples,2024,125725
Peru,Plums and sloes,2022,3086
Peru,Plums and sloes,2023,2701
Peru,Plums and sloes,2024,3240
Peru,Pomelos and grapefruits,2022,1204
Peru,Pomelos and grapefruits,2023,1999
Peru,Pomelos and grapefruits,2024,2236
Peru,Potatoes,2022,1710753
Peru,Potatoes,2023,1543599
Peru,Potatoes,2024,1861409
Peru,"Pumpkins, squash and gourds",2022,46994
Peru,"Pumpkins, squash and gourds",2023,46308
Peru,"Pumpkins, squash and gourds",2024,51743
Peru,Quinces,2022,1649
Peru,Quinces,2023,1696
Peru,Quinces,2024,1816
Peru,Quinoa,2022,209236
Peru,Quinoa,2023,133279
Peru,Quinoa,2024,209673
Peru,Raw milk of cattle,2022,862677
Peru,Raw milk of cattle,2023,845077
Peru,Raw milk of cattle,2024,855748
Peru,Raw milk of goats,2022,7264
Peru,Raw milk of goats,2023,7263
Peru,Raw milk of goats,2024,7233
Peru,Rice,2022,1194204
Peru,Rice,2023,1213710
Peru,Rice,2024,1298634
Peru,Rye,2022,15
Peru,Rye,2023,19
Peru,Rye,2024,19
Peru,"Seed cotton, unginned",2022,35901
Peru,"Seed cotton, unginned",2023,30229
Peru,"Seed cotton, unginned",2024,20695
Peru,Sesame seed,2022,352
Peru,Sesame seed,2023,256
Peru,Sesame seed,2024,274
Peru,"Shorn wool, greasy, including fleece-washed shorn wool",2022,17349
Peru,"Shorn wool, greasy, including fleece-washed shorn wool",2023,18070
Peru,"Shorn wool, greasy, including fleece-washed shorn wool",2024,18119
Peru,Sorghum,2022,14
Peru,Sorghum,2023,37
Peru,Sorghum,2024,50
Peru,Sour cherries,2022,653
Peru,Sour cherries,2023,696
Peru,Sour cherries,2024,701
Peru,Soya beans,2022,1280
Peru,Soya beans,2023,2068
Peru,Soya beans,2024,1694
Peru,Spinach,2022,8903
Peru,Spinach,2023,8698
Peru,Spinach,2024,9651
Peru,Strawberries,2022,25172
Peru,Strawberries,2023,23667
Peru,Strawberries,2024,22706
Peru,String beans,2022,12823
Peru,String beans,2023,12872
Peru,String beans,2024,12919
Peru,Sugar cane,2022,434852
Peru,Sugar cane,2023,433071
Peru,Sugar cane,2024,437407
Peru,Sweet potatoes,2022,53331
Peru,Sweet potatoes,2023,59601
Peru,Sweet potatoes,2024,56793
Peru,"Tangerines, mandarins, clementines",2022,230696
Peru,"Tangerines, mandarins, clementines",2023,236893
Peru,"Tangerines, mandarins, clementines",2024,235170
Peru,Tea leaves,2022,452
Peru,Tea leaves,2023,478
Peru,Tea leaves,2024,499
Peru,Tomatoes,2022,62333
Peru,Tomatoes,2023,66817
Peru,Tomatoes,2024,78446
Peru,Unmanufactured tobacco,2022,520
Peru,Unmanufactured tobacco,2023,522
Peru,Unmanufactured tobacco,2024,828
Peru,"Walnuts, in shell",2022,109
Peru,"Walnuts, in shell",2023,104
Peru,"Walnuts, in shell",2024,97
Peru,Watermelons,2022,24065
Peru,Watermelons,2023,34240
Peru,Watermelons,2024,37517
Peru,Wheat,2022,102469
Peru,Wheat,2023,93593
Peru,Wheat,2024,98185
Peru,Yautia,2022,560
Peru,Yautia,2023,462
Peru,Yautia,2024,329
Philippines,"Abaca, manila hemp, raw",2022,73540
Philippines,"Abaca, manila hemp, raw",2023,72713
Philippines,"Abaca, manila hemp, raw",2024,74215
Philippines,"Agave fibres, raw, n.e.c.",2022,1870
Philippines,"Agave fibres, raw, n.e.c.",2023,1871
Philippines,"Agave fibres, raw, n.e.c.",2024,1872
Philippines,Asparagus,2022,1101
Philippines,Asparagus,2023,1132
Philippines,Asparagus,2024,731
Philippines,Avocados,2022,8153
Philippines,Avocados,2023,7669
Philippines,Avocados,2024,7516
Philippines,Bananas,2022,1631187
Philippines,Bananas,2023,1623363
Philippines,Bananas,2024,1559694
Philippines,"Beans, dry",2022,44239
Philippines,"Beans, dry",2023,43261
Philippines,"Beans, dry",2024,36954
Philippines,Cabbages,2022,48514
Philippines,Cabbages,2023,51306
Philippines,Cabbages,2024,54077
Philippines,Cantaloupes and other melons,2022,3278
Philippines,Cantaloupes and other melons,2023,3775
Philippines,Cantaloupes and other melons,2024,3854
Philippines,Carrots and turnips,2022,37809
Philippines,Carrots and turnips,2023,38737
Philippines,Carrots and turnips,2024,38608
Philippines,"Cashew nuts, in shell",2022,80886
Philippines,"Cashew nuts, in shell",2023,89057
Philippines,"Cashew nuts, in shell",2024,89777
Philippines,"Cassava, fresh",2022,340477
Philippines,"Cassava, fresh",2023,339971
Philippines,"Cassava, fresh",2024,315574
Philippines,Castor oil seeds,2022,13
Philippines,Castor oil seeds,2023,12
Philippines,Castor oil seeds,2024,11
Philippines,Cauliflowers and broccoli,2022,9671
Philippines,Cauliflowers and broccoli,2023,9541
Philippines,Cauliflowers and broccoli,2024,18018
Philippines,"Chillies and peppers, green (Capsicum spp. and Pimenta spp.)",2022,18814
Philippines,"Chillies and peppers, green (Capsicum spp. and Pimenta spp.)",2023,18423
Philippines,"Chillies and peppers, green (Capsicum spp. and Pimenta spp.)",2024,19121
Philippines,Cocoa beans,2022,21304
Philippines,Cocoa beans,2023,21942
Philippines,Cocoa beans,2024,22115
Philippines,"Coconuts, in shell",2022,2331391
Philippines,"Coconuts, in shell",2023,2325374
Philippines,"Coconuts, in shell",2024,2264133
Philippines,"Coffee, green",2022,104521
Philippines,"Coffee, green",2023,104587
Philippines,"Coffee, green",2024,111559
Philippines,"Cow peas, dry",2022,237
Philippines,"Cow peas, dry",2023,184
Philippines,"Cow peas, dry",2024,125
Philippines,Cucumbers and gherkins,2022,4636
Philippines,Cucumbers and gherkins,2023,4858
Philippines,Cucumbers and gherkins,2024,6091
Philippines,"Edible roots and tubers with high starch or inulin content, n.e.c., fresh",2022,1539
Philippines,"Edible roots and tubers with high starch or inulin content, n.e.c., fresh",2023,1538
Philippines,"Edible roots and tubers with high starch or inulin content, n.e.c., fresh",2024,1551
Philippines,Eggplants (aubergines),2022,100601
Philippines,Eggplants (aubergines),2023,96727
Philippines,Eggplants (aubergines),2024,92538
Philippines,"Eggs from other birds in shell, fresh, n.e.c.",2022,109588
Philippines,"Eggs from other birds in shell, fresh, n.e.c.",2023,107389
Philippines,"Eggs from other birds in shell, fresh, n.e.c.",2024,104163
Philippines,"Ginger, raw",2022,36036
Philippines,"Ginger, raw",2023,36522
Philippines,"Ginger, raw",2024,39288
Philippines,Grapes,2022,261
Philippines,Grapes,2023,228
Philippines,Grapes,2024,393
Philippines,Green garlic,2022,13496
Philippines,Green garlic,2023,13221
Philippines,Green garlic,2024,12428
Philippines,"Groundnuts, excluding shelled",2022,26866
Philippines,"Groundnuts, excluding shelled",2023,27082
Philippines,"Groundnuts, excluding shelled",2024,26385
Philippines,"Hen eggs in shell, fresh",2022,1658171
Philippines,"Hen eggs in shell, fresh",2023,1711677
Philippines,"Hen eggs in shell, fresh",2024,1832013
Philippines,"Horse meat, fresh or chilled (indigenous)",2022,291
Philippines,"Horse meat, fresh or chilled (indigenous)",2023,745
Philippines,"Horse meat, fresh or chilled (indigenous)",2024,734
Philippines,Leeks and other alliaceous vegetables,2022,3332
Philippines,Leeks and other alliaceous vegetables,2023,10893
Philippines,Leeks and other alliaceous vegetables,2024,3089
Philippines,Lemons and limes,2022,655
Philippines,Lemons and limes,2023,687
Philippines,Lemons and limes,2024,910
Philippines,Lettuce and chicory,2022,3913
Philippines,Lettuce and chicory,2023,4327
Philippines,Lettuce and chicory,2024,6595
Philippines,Maize (corn),2022,2381208
Philippines,Maize (corn),2023,2424299
Philippines,Maize (corn),2024,2347337
Philippines,"Mangoes, guavas and mangosteens",2022,333094
Philippines,"Mangoes, guavas and mangosteens",2023,368175
Philippines,"Mangoes, guavas and mangosteens",2024,358404
Philippines,"Meat of buffalo, fresh or chilled (indigenous)",2022,219156
Philippines,"Meat of buffalo, fresh or chilled (indigenous)",2023,218336
Philippines,"Meat of buffalo, fresh or chilled (indigenous)",2024,217989
Philippines,"Meat of cattle with the bone, fresh or chilled (indigenous)",2022,474731
Philippines,"Meat of cattle with the bone, fresh or chilled (indigenous)",2023,463569
Philippines,"Meat of cattle with the bone, fresh or chilled (indigenous)",2024,459512
Philippines,"Meat of chickens, fresh or chilled (indigenous)",2022,3823181
Philippines,"Meat of chickens, fresh or chilled (indigenous)",2023,3987507
Philippines,"Meat of chickens, fresh or chilled (indigenous)",2024,4260208
Philippines,"Meat of ducks, fresh or chilled (indigenous)",2022,54731
Philippines,"Meat of ducks, fresh or chilled (indigenous)",2023,57138
Philippines,"Meat of ducks, fresh or chilled (indigenous)",2024,51186
Philippines,"Meat of geese, fresh or chilled (indigenous)",2022,1238
Philippines,"Meat of geese, fresh or chilled (indigenous)",2023,1238
Philippines,"Meat of geese, fresh or chilled (indigenous)",2024,1238
Philippines,"Meat of goat, fresh or chilled (indigenous)",2022,181721
Philippines,"Meat of goat, fresh or chilled (indigenous)",2023,189181
Philippines,"Meat of goat, fresh or chilled (indigenous)",2024,182016
Philippines,"Meat of pig with the bone, fresh or chilled (indigenous)",2022,3704967
Philippines,"Meat of pig with the bone, fresh or chilled (indigenous)",2023,3826736
Philippines,"Meat of pig with the bone, fresh or chilled (indigenous)",2024,4309415
Philippines,"Meat of sheep, fresh or chilled (indigenous)",2022,533
Philippines,"Meat of sheep, fresh or chilled (indigenous)",2023,533
Philippines,"Meat of sheep, fresh or chilled (indigenous)",2024,533
Philippines,"Meat of turkeys, fresh or chilled (indigenous)",2022,5168
Philippines,"Meat of turkeys, fresh or chilled (indigenous)",2023,5158
Philippines,"Meat of turkeys, fresh or chilled (indigenous)",2024,5147
Philippines,Mushrooms and truffles,2022,2142
Philippines,Mushrooms and truffles,2023,1919
Philippines,Mushrooms and truffles,2024,2380
Philippines,Natural rubber in primary forms,2022,209334
Philippines,Natural rubber in primary forms,2023,190739
Philippines,Natural rubber in primary forms,2024,183558
Philippines,Oil palm fruit,2022,44655
Philippines,Oil palm fruit,2023,45262
Philippines,Oil palm fruit,2024,43684
Philippines,Okra,2022,13690
Philippines,Okra,2023,13859
Philippines,Okra,2024,13588
Philippines,"Onions and shallots, dry (excluding dehydrated)",2022,210194
Philippines,"Onions and shallots, dry (excluding dehydrated)",2023,220183
Philippines,"Onions and shallots, dry (excluding dehydrated)",2024,230504
Philippines,Oranges,2022,1284
Philippines,Oranges,2023,1254
Philippines,Oranges,2024,1230
Philippines,"Other beans, green",2022,7582
Philippines,"Other beans, green",2023,7780
Philippines,"Other beans, green",2024,9118
Philippines,"Other citrus fruit, n.e.c.",2022,47070
Philippines,"Other citrus fruit, n.e.c.",2023,44595
Philippines,"Other citrus fruit, n.e.c.",2024,47990
Philippines,"Other fibre crops, raw, n.e.c.",2022,581
Philippines,"Other fibre crops, raw, n.e.c.",2023,583
Philippines,"Other fibre crops, raw, n.e.c.",2024,580
Philippines,"Other fruits, n.e.c.",2022,88898
Philippines,"Other fruits, n.e.c.",2023,89382
Philippines,"Other fruits, n.e.c.",2024,89879
Philippines,"Other nuts (excluding wild edible nuts and groundnuts), in shell, n.e.c.",2022,38837
Philippines,"Other nuts (excluding wild edible nuts and groundnuts), in shell, n.e.c.",2023,39944
Philippines,"Other nuts (excluding wild edible nuts and groundnuts), in shell, n.e.c.",2024,40558
Philippines,"Other oil seeds, n.e.c.",2022,2792
Philippines,"Other oil seeds, n.e.c.",2023,2796
Philippines,"Other oil seeds, n.e.c.",2024,2790
Philippines,Other pulses n.e.c.,2022,24516
Philippines,Other pulses n.e.c.,2023,24470
Philippines,Other pulses n.e.c.,2024,24520
Philippines,"Other tropical fruits, n.e.c.",2022,1803355
Philippines,"Other tropical fruits, n.e.c.",2023,1803839
Philippines,"Other tropical fruits, n.e.c.",2024,1804323
Philippines,"Other vegetables, fresh n.e.c.",2022,1856705
Philippines,"Other vegetables, fresh n.e.c.",2023,1860533
Philippines,"Other vegetables, fresh n.e.c.",2024,1860874
Philippines,Papayas,2022,25716
Philippines,Papayas,2023,25288
Philippines,Papayas,2024,24107
Philippines,"Peas, green",2022,9765
Philippines,"Peas, green",2023,9738
Philippines,"Peas, green",2024,9743
Philippines,"Pepper (Piper spp.), raw",2022,8223
Philippines,"Pepper (Piper spp.), raw",2023,7284
Philippines,"Pepper (Piper spp.), raw",2024,6776
Philippines,"Pigeon peas, dry",2022,1071
Philippines,"Pigeon peas, dry",2023,1017
Philippines,"Pigeon peas, dry",2024,1075
Philippines,Pineapples,2022,541331
Philippines,Pineapples,2023,546873
Philippines,Pineapples,2024,542355
Philippines,Pomelos and grapefruits,2022,16147
Philippines,Pomelos and grapefruits,2023,16202
Philippines,Pomelos and grapefruits,2024,16301
Philippines,Potatoes,2022,66952
Philippines,Potatoes,2023,62364
Philippines,Potatoes,2024,64069
Philippines,"Pumpkins, squash and gourds",2022,60306
Philippines,"Pumpkins, squash and gourds",2023,58260
Philippines,"Pumpkins, squash and gourds",2024,54715
Philippines,Raw milk of cattle,2022,19513
Philippines,Raw milk of cattle,2023,18757
Philippines,Raw milk of cattle,2024,21254
Philippines,Rice,2022,7902344
Philippines,Rice,2023,8023560
Philippines,Rice,2024,7634602
Philippines,"Seed cotton, unginned",2022,120
Philippines,"Seed cotton, unginned",2023,96
Philippines,"Seed cotton, unginned",2024,84
Philippines,Sorghum,2022,168
Philippines,Sorghum,2023,181
Philippines,Sorghum,2024,129
Philippines,Soya beans,2022,322
Philippines,Soya beans,2023,317
Philippines,Soya beans,2024,260
Philippines,String beans,2022,58075
Philippines,String beans,2023,57195
Philippines,String beans,2024,54540
Philippines,Sugar cane,2022,1500681
Philippines,Sugar cane,2023,1385231
Philippines,Sugar cane,2024,1196087
Philippines,Sweet potatoes,2022,175581
Philippines,Sweet potatoes,2023,164566
Philippines,Sweet potatoes,2024,158628
Philippines,"Tangerines, mandarins, clementines",2022,2721
Philippines,"Tangerines, mandarins, clementines",2023,2742
Philippines,"Tangerines, mandarins, clementines",2024,2503
Philippines,Taro,2022,37679
Philippines,Taro,2023,35777
Philippines,Taro,2024,31238
Philippines,Tomatoes,2022,70125
Philippines,Tomatoes,2023,70999
Philippines,Tomatoes,2024,68096
Philippines,Unmanufactured tobacco,2022,107310
Philippines,Unmanufactured tobacco,2023,121160
Philippines,Unmanufactured tobacco,2024,124431
Philippines,Watermelons,2022,34602
Philippines,Watermelons,2023,32062
Philippines,Watermelons,2024,33145
Philippines,Yams,2022,7733
Philippines,Yams,2023,7353
Philippines,Yams,2024,7646
Puerto Rico,Avocados,2022,6677
Puerto Rico,Avocados,2023,4878
Puerto Rico,Avocados,2024,3386
Puerto Rico,Bananas,2022,40468
Puerto Rico,Bananas,2023,40151
Puerto Rico,Bananas,2024,41390
Puerto Rico,"Beans, dry",2022,129
Puerto Rico,"Beans, dry",2023,107
Puerto Rico,"Beans, dry",2024,113
Puerto Rico,Cabbages,2022,56
Puerto Rico,Cabbages,2023,67
Puerto Rico,Cabbages,2024,71
Puerto Rico,Cantaloupes and other melons,2022,50
Puerto Rico,Cantaloupes and other melons,2023,19
Puerto Rico,Cantaloupes and other melons,2024,40
Puerto Rico,"Cassava, fresh",2022,488
Puerto Rico,"Cassava, fresh",2023,394
Puerto Rico,"Cassava, fresh",2024,319
Puerto Rico,Chicory roots,2022,1936
Puerto Rico,Chicory roots,2023,1932
Puerto Rico,Chicory roots,2024,1927
Puerto Rico,"Chillies and peppers, green (Capsicum spp. and Pimenta spp.)",2022,3243
Puerto Rico,"Chillies and peppers, green (Capsicum spp. and Pimenta spp.)",2023,2869
Puerto Rico,"Chillies and peppers, green (Capsicum spp. and Pimenta spp.)",2024,2938
Puerto Rico,"Coconuts, in shell",2022,40
Puerto Rico,"Coconuts, in shell",2023,41
Puerto Rico,"Coconuts, in shell",2024,35
Puerto Rico,"Coffee, green",2022,15080
Puerto Rico,"Coffee, green",2023,8084
Puerto Rico,"Coffee, green",2024,3500
Puerto Rico,Cucumbers and gherkins,2022,1431
Puerto Rico,Cucumbers and gherkins,2023,1158
Puerto Rico,Cucumbers and gherkins,2024,1139
Puerto Rico,"Edible roots and tubers with high starch or inulin content, n.e.c., fresh",2022,1805
Puerto Rico,"Edible roots and tubers with high starch or inulin content, n.e.c., fresh",2023,888
Puerto Rico,"Edible roots and tubers with high starch or inulin content, n.e.c., fresh",2024,524
Puerto Rico,Eggplants (aubergines),2022,872
Puerto Rico,Eggplants (aubergines),2023,959
Puerto Rico,Eggplants (aubergines),2024,986
Puerto Rico,"Ginger, raw",2022,184
Puerto Rico,"Ginger, raw",2023,181
Puerto Rico,"Ginger, raw",2024,181
Puerto Rico,Green corn (maize),2022,1525
Puerto Rico,Green corn (maize),2023,1537
Puerto Rico,Green corn (maize),2024,1549
Puerto Rico,"Hen eggs in shell, fresh",2022,27175
Puerto Rico,"Hen eggs in shell, fresh",2023,26988
Puerto Rico,"Hen eggs in shell, fresh",2024,27287
Puerto Rico,Lemons and limes,2022,2090
Puerto Rico,Lemons and limes,2023,2304
Puerto Rico,Lemons and limes,2024,841
Puerto Rico,Lettuce and chicory,2022,5017
Puerto Rico,Lettuce and chicory,2023,5233
Puerto Rico,Lettuce and chicory,2024,5848
Puerto Rico,Maize (corn),2022,558
Puerto Rico,Maize (corn),2023,494
Puerto Rico,Maize (corn),2024,337
Puerto Rico,"Mangoes, guavas and mangosteens",2022,15971
Puerto Rico,"Mangoes, guavas and mangosteens",2023,17160
Puerto Rico,"Mangoes, guavas and mangosteens",2024,22564
Puerto Rico,"Meat of cattle with the bone, fresh or chilled (indigenous)",2022,26925
Puerto Rico,"Meat of cattle with the bone, fresh or chilled (indigenous)",2023,25424
Puerto Rico,"Meat of cattle with the bone, fresh or chilled (indigenous)",2024,25094
Puerto Rico,"Meat of chickens, fresh or chilled (indigenous)",2022,19450
Puerto Rico,"Meat of chickens, fresh or chilled (indigenous)",2023,19450
Puerto Rico,"Meat of chickens, fresh or chilled (indigenous)",2024,26313
Puerto Rico,"Meat of goat, fresh or chilled (indigenous)",2022,112
Puerto Rico,"Meat of goat, fresh or chilled (indigenous)",2023,109
Puerto Rico,"Meat of goat, fresh or chilled (indigenous)",2024,112
Puerto Rico,"Meat of pig with the bone, fresh or chilled (indigenous)",2022,35886
Puerto Rico,"Meat of pig with the bone, fresh or chilled (indigenous)",2023,41003
Puerto Rico,"Meat of pig with the bone, fresh or chilled (indigenous)",2024,40086
Puerto Rico,"Meat of rabbits and hares, fresh or chilled (indigenous)",2022,1351
Puerto Rico,"Meat of rabbits and hares, fresh or chilled (indigenous)",2023,1261
Puerto Rico,"Meat of rabbits and hares, fresh or chilled (indigenous)",2024,1204
Puerto Rico,"Meat of sheep, fresh or chilled (indigenous)",2022,434
Puerto Rico,"Meat of sheep, fresh or chilled (indigenous)",2023,429
Puerto Rico,"Meat of sheep, fresh or chilled (indigenous)",2024,333
Puerto Rico,Natural honey,2022,2410
Puerto Rico,Natural honey,2023,2773
Puerto Rico,Natural honey,2024,981
Puerto Rico,Okra,2022,233
Puerto Rico,Okra,2023,233
Puerto Rico,Okra,2024,233
Puerto Rico,"Onions and shallots, green",2022,487
Puerto Rico,"Onions and shallots, green",2023,401
Puerto Rico,"Onions and shallots, green",2024,329
Puerto Rico,Oranges,2022,9996
Puerto Rico,Oranges,2023,8398
Puerto Rico,Oranges,2024,7488
Puerto Rico,"Other beans, green",2022,584
Puerto Rico,"Other beans, green",2023,578
Puerto Rico,"Other beans, green",2024,555
Puerto Rico,"Other fruits, n.e.c.",2022,1541
Puerto Rico,"Other fruits, n.e.c.",2023,1534
Puerto Rico,"Other fruits, n.e.c.",2024,1531
Puerto Rico,Papayas,2022,5318
Puerto Rico,Papayas,2023,5994
Puerto Rico,Papayas,2024,6372
Puerto Rico,"Pigeon peas, dry",2022,244
Puerto Rico,"Pigeon peas, dry",2023,353
Puerto Rico,"Pigeon peas, dry",2024,500
Puerto Rico,Pineapples,2022,11888
Puerto Rico,Pineapples,2023,13244
Puerto Rico,Pineapples,2024,5705
Puerto Rico,Plantains and cooking bananas,2022,148636
Puerto Rico,Plantains and cooking bananas,2023,121688
Puerto Rico,Plantains and cooking bananas,2024,115670
Puerto Rico,Pomelos and grapefruits,2022,78
Puerto Rico,Pomelos and grapefruits,2023,75
Puerto Rico,Pomelos and grapefruits,2024,72
Puerto Rico,"Pumpkins, squash and gourds",2022,7105
Puerto Rico,"Pumpkins, squash and gourds",2023,6733
Puerto Rico,"Pumpkins, squash and gourds",2024,5262
Puerto Rico,Raw milk of cattle,2022,195753
Puerto Rico,Raw milk of cattle,2023,186693
Puerto Rico,Raw milk of cattle,2024,184337
Puerto Rico,Raw milk of goats,2022,106
Puerto Rico,Raw milk of goats,2023,107
Puerto Rico,Raw milk of goats,2024,107
Puerto Rico,Rice,2022,4795
Puerto Rico,Rice,2023,5472
Puerto Rico,Rice,2024,5273
Puerto Rico,Sweet potatoes,2022,313
Puerto Rico,Sweet potatoes,2023,233
Puerto Rico,Sweet potatoes,2024,256
Puerto Rico,Tomatoes,2022,19660
Puerto Rico,Tomatoes,2023,19779
Puerto Rico,Tomatoes,2024,19901
Puerto Rico,Unmanufactured tobacco,2022,12
Puerto Rico,Unmanufactured tobacco,2023,12
Puerto Rico,Unmanufactured tobacco,2024,12
Puerto Rico,Watermelons,2022,3215
Puerto Rico,Watermelons,2023,3057
Puerto Rico,Watermelons,2024,3121
Puerto Rico,Yams,2022,3558
Puerto Rico,Yams,2023,3407
Puerto Rico,Yams,2024,3986
Puerto Rico,Yautia,2022,2294
Puerto Rico,Yautia,2023,2243
Puerto Rico,Yautia,2024,1833
Qatar,Barley,2022,10
Qatar,Barley,2023,47
Qatar,Barley,2024,35
Qatar,Cabbages,2022,916
Qatar,Cabbages,2023,1639
Qatar,Cabbages,2024,1392
Qatar,Cantaloupes and other melons,2022,349
Qatar,Cantaloupes and other melons,2023,1616
Qatar,Cantaloupes and other melons,2024,1592
Qatar,Carrots and turnips,2022,16
Qatar,Carrots and turnips,2023,120
Qatar,Carrots and turnips,2024,99
Qatar,Cauliflowers and broccoli,2022,796
Qatar,Cauliflowers and broccoli,2023,1413
Qatar,Cauliflowers and broccoli,2024,1179
Qatar,Cereals n.e.c.,2022,0
Qatar,Chicory roots,2022,77
Qatar,Chicory roots,2023,76
Qatar,Chicory roots,2024,76
Qatar,"Chillies and peppers, green (Capsicum spp. and Pimenta spp.)",2022,3460
Qatar,"Chillies and peppers, green (Capsicum spp. and Pimenta spp.)",2023,4308
Qatar,"Chillies and peppers, green (Capsicum spp. and Pimenta spp.)",2024,4837
Qatar,Cucumbers and gherkins,2022,16748
Qatar,Cucumbers and gherkins,2023,10949
Qatar,Cucumbers and gherkins,2024,10078
Qatar,Dates,2022,28274
Qatar,Dates,2023,29660
Qatar,Dates,2024,29468
Qatar,Eggplants (aubergines),2022,7021
Qatar,Eggplants (aubergines),2023,7075
Qatar,Eggplants (aubergines),2024,6409
Qatar,Figs,2022,50
Qatar,Figs,2023,200
Qatar,Figs,2024,161
Qatar,Grapes,2024,4
Qatar,Green corn (maize),2022,892
Qatar,Green corn (maize),2023,894
Qatar,Green corn (maize),2024,895
Qatar,"Hen eggs in shell, fresh",2022,28229
Qatar,"Hen eggs in shell, fresh",2023,31956
Qatar,"Hen eggs in shell, fresh",2024,31956
Qatar,Lettuce and chicory,2022,96
Qatar,Lettuce and chicory,2023,250
Qatar,Lettuce and chicory,2024,268
Qatar,Maize (corn),2022,397
Qatar,Maize (corn),2023,694
Qatar,Maize (corn),2024,553
Qatar,"Meat of camels, fresh or chilled (indigenous)",2022,1
Qatar,"Meat of camels, fresh or chilled (indigenous)",2023,1
Qatar,"Meat of camels, fresh or chilled (indigenous)",2024,1
Qatar,"Meat of cattle with the bone, fresh or chilled (indigenous)",2022,1
Qatar,"Meat of cattle with the bone, fresh or chilled (indigenous)",2023,1
Qatar,"Meat of cattle with the bone, fresh or chilled (indigenous)",2024,380
Qatar,"Meat of chickens, fresh or chilled (indigenous)",2022,143425
Qatar,"Meat of chickens, fresh or chilled (indigenous)",2023,158061
Qatar,"Meat of chickens, fresh or chilled (indigenous)",2024,142077
Qatar,"Meat of goat, fresh or chilled (indigenous)",2022,0
Qatar,"Meat of goat, fresh or chilled (indigenous)",2023,0
Qatar,"Meat of goat, fresh or chilled (indigenous)",2024,0
Qatar,"Meat of sheep, fresh or chilled (indigenous)",2022,0
Qatar,"Meat of sheep, fresh or chilled (indigenous)",2023,0
Qatar,"Meat of sheep, fresh or chilled (indigenous)",2024,0
Qatar,Okra,2022,655
Qatar,Okra,2023,3959
Qatar,Okra,2024,2105
Qatar,"Onions and shallots, dry (excluding dehydrated)",2022,1489
Qatar,"Onions and shallots, dry (excluding dehydrated)",2023,1828
Qatar,"Onions and shallots, dry (excluding dehydrated)",2024,1727
Qatar,"Other beans, green",2022,134
Qatar,"Other beans, green",2023,140
Qatar,"Other beans, green",2024,142
Qatar,"Other citrus fruit, n.e.c.",2022,805
Qatar,"Other citrus fruit, n.e.c.",2023,556
Qatar,"Other citrus fruit, n.e.c.",2024,487
Qatar,"Other fruits, n.e.c.",2022,216
Qatar,"Other fruits, n.e.c.",2023,1091
Qatar,"Other fruits, n.e.c.",2024,641
Qatar,"Other vegetables, fresh n.e.c.",2022,5590
Qatar,"Other vegetables, fresh n.e.c.",2023,11966
Qatar,"Other vegetables, fresh n.e.c.",2024,10004
Qatar,Potatoes,2022,346
Qatar,Potatoes,2023,760
Qatar,Potatoes,2024,716
Qatar,"Pumpkins, squash and gourds",2022,4772
Qatar,"Pumpkins, squash and gourds",2023,8157
Qatar,"Pumpkins, squash and gourds",2024,7461
Qatar,Raw milk of camel,2022,69633
Qatar,Raw milk of camel,2023,66881
Qatar,Raw milk of camel,2024,70699
Qatar,Raw milk of cattle,2022,8026
Qatar,Raw milk of cattle,2023,8026
Qatar,Raw milk of cattle,2024,8026
Qatar,Raw milk of goats,2022,13071
Qatar,Raw milk of goats,2023,13380
Qatar,Raw milk of goats,2024,13379
Qatar,Raw milk of sheep,2022,20304
Qatar,Raw milk of sheep,2023,20273
Qatar,Raw milk of sheep,2024,20206
Qatar,Spinach,2022,23
Qatar,Spinach,2023,44
Qatar,Spinach,2024,67
Qatar,Tomatoes,2022,17926
Qatar,Tomatoes,2023,18386
Qatar,Tomatoes,2024,18147
Qatar,Watermelons,2022,232
Qatar,Watermelons,2023,486
Qatar,Watermelons,2024,471
Qatar,Wheat,2022,0
Qatar,Wheat,2023,1
Qatar,Wheat,2024,8
Republic of Korea,Apples,2022,829706
Republic of Korea,Apples,2023,578155
Republic of Korea,Apples,2024,674400
Republic of Korea,Barley,2022,43653
Republic of Korea,Barley,2023,42441
Republic of Korea,Barley,2024,30649
Republic of Korea,"Beans, dry",2022,41134
Republic of Korea,"Beans, dry",2023,31423
Republic of Korea,"Beans, dry",2024,23805
Republic of Korea,Buckwheat,2022,6336
Republic of Korea,Buckwheat,2023,5392
Republic of Korea,Buckwheat,2024,5299
Republic of Korea,Cabbages,2022,251678
Republic of Korea,Cabbages,2023,230997
Republic of Korea,Cabbages,2024,237735
Republic of Korea,Cantaloupes and other melons,2022,48890
Republic of Korea,Cantaloupes and other melons,2023,50852
Republic of Korea,Cantaloupes and other melons,2024,50724
Republic of Korea,Carrots and turnips,2022,48265
Republic of Korea,Carrots and turnips,2023,52095
Republic of Korea,Carrots and turnips,2024,47820
Republic of Korea,Cauliflowers and broccoli,2022,61
Republic of Korea,Cauliflowers and broccoli,2023,60
Republic of Korea,Cauliflowers and broccoli,2024,60
Republic of Korea,Cereals n.e.c.,2022,18618
Republic of Korea,Cereals n.e.c.,2023,18736
Republic of Korea,Cereals n.e.c.,2024,18326
Republic of Korea,"Chestnuts, in shell",2022,97404
Republic of Korea,"Chestnuts, in shell",2023,98378
Republic of Korea,"Chestnuts, in shell",2024,98081
Republic of Korea,"Chillies and peppers, green (Capsicum spp. and Pimenta spp.)",2022,6022485
Republic of Korea,"Chillies and peppers, green (Capsicum spp. and Pimenta spp.)",2023,5780606
Republic of Korea,"Chillies and peppers, green (Capsicum spp. and Pimenta spp.)",2024,5903258
Republic of Korea,Cucumbers and gherkins,2022,222357
Republic of Korea,Cucumbers and gherkins,2023,227347
Republic of Korea,Cucumbers and gherkins,2024,227583
Republic of Korea,Eggplants (aubergines),2022,4350
Republic of Korea,Eggplants (aubergines),2023,4340
Republic of Korea,Eggplants (aubergines),2024,4355
Republic of Korea,"Eggs from other birds in shell, fresh, n.e.c.",2022,53425
Republic of Korea,"Eggs from other birds in shell, fresh, n.e.c.",2023,53425
Republic of Korea,"Eggs from other birds in shell, fresh, n.e.c.",2024,53425
Republic of Korea,"Ginger, raw",2022,68329
Republic of Korea,"Ginger, raw",2023,70524
Republic of Korea,"Ginger, raw",2024,67528
Republic of Korea,Grapes,2022,526289
Republic of Korea,Grapes,2023,545738
Republic of Korea,Grapes,2024,521254
Republic of Korea,Green garlic,2022,683786
Republic of Korea,Green garlic,2023,797753
Republic of Korea,Green garlic,2024,714313
Republic of Korea,"Groundnuts, excluding shelled",2022,59173
Republic of Korea,"Groundnuts, excluding shelled",2023,50748
Republic of Korea,"Groundnuts, excluding shelled",2024,55245
Republic of Korea,"Hen eggs in shell, fresh",2022,1136613
Republic of Korea,"Hen eggs in shell, fresh",2023,1186780
Republic of Korea,"Hen eggs in shell, fresh",2024,1217239
Republic of Korea,Kiwi fruit,2022,11575
Republic of Korea,Kiwi fruit,2023,11478
Republic of Korea,Kiwi fruit,2024,11382
Republic of Korea,Leeks and other alliaceous vegetables,2022,141750
Republic of Korea,Leeks and other alliaceous vegetables,2023,142741
Republic of Korea,Leeks and other alliaceous vegetables,2024,143731
Republic of Korea,Lettuce and chicory,2022,391452
Republic of Korea,Lettuce and chicory,2023,404614
Republic of Korea,Lettuce and chicory,2024,409542
Republic of Korea,Maize (corn),2022,58305
Republic of Korea,Maize (corn),2023,58170
Republic of Korea,Maize (corn),2024,56891
Republic of Korea,"Meat of cattle with the bone, fresh or chilled (indigenous)",2022,4322533
Republic of Korea,"Meat of cattle with the bone, fresh or chilled (indigenous)",2023,4518995
Republic of Korea,"Meat of cattle with the bone, fresh or chilled (indigenous)",2024,4846402
Republic of Korea,"Meat of chickens, fresh or chilled (indigenous)",2022,2582456
Republic of Korea,"Meat of chickens, fresh or chilled (indigenous)",2023,2576648
Republic of Korea,"Meat of chickens, fresh or chilled (indigenous)",2024,2609905
Republic of Korea,"Meat of ducks, fresh or chilled (indigenous)",2022,182278
Republic of Korea,"Meat of ducks, fresh or chilled (indigenous)",2023,162627
Republic of Korea,"Meat of ducks, fresh or chilled (indigenous)",2024,198702
Republic of Korea,"Meat of geese, fresh or chilled (indigenous)",2022,39
Republic of Korea,"Meat of geese, fresh or chilled (indigenous)",2023,33
Republic of Korea,"Meat of geese, fresh or chilled (indigenous)",2024,28
Republic of Korea,"Meat of goat, fresh or chilled (indigenous)",2022,33965
Republic of Korea,"Meat of goat, fresh or chilled (indigenous)",2023,34186
Republic of Korea,"Meat of goat, fresh or chilled (indigenous)",2024,34204
Republic of Korea,"Meat of pig with the bone, fresh or chilled (indigenous)",2022,5500106
Republic of Korea,"Meat of pig with the bone, fresh or chilled (indigenous)",2023,5561497
Republic of Korea,"Meat of pig with the bone, fresh or chilled (indigenous)",2024,5639547
Republic of Korea,"Meat of rabbits and hares, fresh or chilled (indigenous)",2022,22921
Republic of Korea,"Meat of rabbits and hares, fresh or chilled (indigenous)",2023,23934
Republic of Korea,"Meat of rabbits and hares, fresh or chilled (indigenous)",2024,24988
Republic of Korea,"Meat of sheep, fresh or chilled (indigenous)",2022,261
Republic of Korea,"Meat of sheep, fresh or chilled (indigenous)",2023,186
Republic of Korea,"Meat of sheep, fresh or chilled (indigenous)",2024,0
Republic of Korea,Millet,2022,669
Republic of Korea,Millet,2023,669
Republic of Korea,Millet,2024,669
Republic of Korea,Mushrooms and truffles,2022,72601
Republic of Korea,Mushrooms and truffles,2023,72179
Republic of Korea,Mushrooms and truffles,2024,71431
Republic of Korea,Natural honey,2022,487205
Republic of Korea,Natural honey,2023,501571
Republic of Korea,Natural honey,2024,516054
Republic of Korea,"Onions and shallots, dry (excluding dehydrated)",2022,232507
Republic of Korea,"Onions and shallots, dry (excluding dehydrated)",2023,228089
Republic of Korea,"Onions and shallots, dry (excluding dehydrated)",2024,228561
Republic of Korea,"Onions and shallots, green",2022,469245
Republic of Korea,"Onions and shallots, green",2023,475175
Republic of Korea,"Onions and shallots, green",2024,470418
Republic of Korea,"Other citrus fruit, n.e.c.",2022,896
Republic of Korea,"Other citrus fruit, n.e.c.",2023,896
Republic of Korea,"Other citrus fruit, n.e.c.",2024,896
Republic of Korea,"Other fruits, n.e.c.",2022,58318
Republic of Korea,"Other fruits, n.e.c.",2023,54044
Republic of Korea,"Other fruits, n.e.c.",2024,64380
Republic of Korea,"Other nuts (excluding wild edible nuts and groundnuts), in shell, n.e.c.",2022,97888
Republic of Korea,"Other nuts (excluding wild edible nuts and groundnuts), in shell, n.e.c.",2023,98788
Republic of Korea,"Other nuts (excluding wild edible nuts and groundnuts), in shell, n.e.c.",2024,98268
Republic of Korea,"Other oil seeds, n.e.c.",2022,80036
Republic of Korea,"Other oil seeds, n.e.c.",2023,80361
Republic of Korea,"Other oil seeds, n.e.c.",2024,78848
Republic of Korea,Other pulses n.e.c.,2022,32295
Republic of Korea,Other pulses n.e.c.,2023,27734
Republic of Korea,Other pulses n.e.c.,2024,28929
Republic of Korea,"Other vegetables, fresh n.e.c.",2022,2115531
Republic of Korea,"Other vegetables, fresh n.e.c.",2023,2110605
Republic of Korea,"Other vegetables, fresh n.e.c.",2024,2105679
Republic of Korea,Peaches and nectarines,2022,324478
Republic of Korea,Peaches and nectarines,2023,310341
Republic of Korea,Peaches and nectarines,2024,326487
Republic of Korea,Pears,2022,230069
Republic of Korea,Pears,2023,168412
Republic of Korea,Pears,2024,163509
Republic of Korea,Persimmons,2022,150322
Republic of Korea,Persimmons,2023,128525
Republic of Korea,Persimmons,2024,154307
Republic of Korea,Pineapples,2022,1084
Republic of Korea,Pineapples,2023,1083
Republic of Korea,Pineapples,2024,1087
Republic of Korea,Plums and sloes,2022,90308
Republic of Korea,Plums and sloes,2023,83675
Republic of Korea,Plums and sloes,2024,87078
Republic of Korea,Potatoes,2022,92151
Republic of Korea,Potatoes,2023,105514
Republic of Korea,Potatoes,2024,109029
Republic of Korea,"Pumpkins, squash and gourds",2022,415110
Republic of Korea,"Pumpkins, squash and gourds",2023,463532
Republic of Korea,"Pumpkins, squash and gourds",2024,484141
Republic of Korea,Rape or colza seed,2022,726
Republic of Korea,Rape or colza seed,2023,726
Republic of Korea,Rape or colza seed,2024,726
Republic of Korea,Raw milk of cattle,2022,1335743
Republic of Korea,Raw milk of cattle,2023,1304976
Republic of Korea,Raw milk of cattle,2024,1194412
Republic of Korea,Raw milk of goats,2022,6728
Republic of Korea,Raw milk of goats,2023,6809
Republic of Korea,Raw milk of goats,2024,6869
Republic of Korea,Rice,2022,8576627
Republic of Korea,Rice,2023,8404374
Republic of Korea,Rice,2024,8207514
Republic of Korea,Rye,2022,2
Republic of Korea,Rye,2023,2
Republic of Korea,Rye,2024,2
Republic of Korea,Sesame seed,2022,149878
Republic of Korea,Sesame seed,2023,115139
Republic of Korea,Sesame seed,2024,115524
Republic of Korea,Silk-worm cocoons suitable for reeling,2022,79
Republic of Korea,Silk-worm cocoons suitable for reeling,2023,83
Republic of Korea,Silk-worm cocoons suitable for reeling,2024,126
Republic of Korea,Sorghum,2022,8927
Republic of Korea,Sorghum,2023,9001
Republic of Korea,Sorghum,2024,9077
Republic of Korea,Soya beans,2022,445681
Republic of Korea,Soya beans,2023,485308
Republic of Korea,Soya beans,2024,531538
Republic of Korea,Spinach,2022,104409
Republic of Korea,Spinach,2023,107401
Republic of Korea,Spinach,2024,109110
Republic of Korea,Strawberries,2022,1119812
Republic of Korea,Strawberries,2023,1124522
Republic of Korea,Strawberries,2024,1193569
Republic of Korea,Sweet potatoes,2022,171064
Republic of Korea,Sweet potatoes,2023,152068
Republic of Korea,Sweet potatoes,2024,159533
Republic of Korea,"Tangerines, mandarins, clementines",2022,408242
Republic of Korea,"Tangerines, mandarins, clementines",2023,406444
Republic of Korea,"Tangerines, mandarins, clementines",2024,428154
Republic of Korea,Tea leaves,2022,70542
Republic of Korea,Tea leaves,2023,72817
Republic of Korea,Tea leaves,2024,83740
Republic of Korea,Tomatoes,2022,736593
Republic of Korea,Tomatoes,2023,657234
Republic of Korea,Tomatoes,2024,622126
Republic of Korea,Unmanufactured tobacco,2022,224353
Republic of Korea,Unmanufactured tobacco,2023,225739
Republic of Korea,Unmanufactured tobacco,2024,225237
Republic of Korea,"Walnuts, in shell",2022,4204
Republic of Korea,"Walnuts, in shell",2023,4190
Republic of Korea,"Walnuts, in shell",2024,4209
Republic of Korea,Watermelons,2022,196046
Republic of Korea,Watermelons,2023,187173
Republic of Korea,Watermelons,2024,178226
Republic of Korea,Wheat,2022,24143
Republic of Korea,Wheat,2023,36190
Republic of Korea,Wheat,2024,26108
Republic of Moldova,"Almonds, in shell",2022,362
Republic of Moldova,"Almonds, in shell",2023,364
Republic of Moldova,"Almonds, in shell",2024,363
Republic of Moldova,Apples,2022,55975
Republic of Moldova,Apples,2023,64713
Republic of Moldova,Apples,2024,50583
Republic of Moldova,Apricots,2022,3270
Republic of Moldova,Apricots,2023,1661
Republic of Moldova,Apricots,2024,4272
Republic of Moldova,Barley,2022,16703
Republic of Moldova,Barley,2023,30575
Republic of Moldova,Barley,2024,25228
Republic of Moldova,"Beans, dry",2022,6340
Republic of Moldova,"Beans, dry",2023,7586
Republic of Moldova,"Beans, dry",2024,6088
Republic of Moldova,Buckwheat,2022,2
Republic of Moldova,Buckwheat,2023,0
Republic of Moldova,Buckwheat,2024,0
Republic of Moldova,Cabbages,2022,2331
Republic of Moldova,Cabbages,2023,2583
Republic of Moldova,Cabbages,2024,2594
Republic of Moldova,Cantaloupes and other melons,2022,623
Republic of Moldova,Cantaloupes and other melons,2023,1494
Republic of Moldova,Cantaloupes and other melons,2024,1247
Republic of Moldova,Carrots and turnips,2022,4069
Republic of Moldova,Carrots and turnips,2023,4852
Republic of Moldova,Carrots and turnips,2024,4327
Republic of Moldova,Cauliflowers and broccoli,2022,310
Republic of Moldova,Cauliflowers and broccoli,2023,310
Republic of Moldova,Cauliflowers and broccoli,2024,310
Republic of Moldova,Cherries,2022,5761
Republic of Moldova,Cherries,2023,6818
Republic of Moldova,Cherries,2024,5642
Republic of Moldova,"Chick peas, dry",2022,373
Republic of Moldova,"Chick peas, dry",2023,373
Republic of Moldova,"Chick peas, dry",2024,373
Republic of Moldova,"Chillies and peppers, green (Capsicum spp. and Pimenta spp.)",2022,2150
Republic of Moldova,"Chillies and peppers, green (Capsicum spp. and Pimenta spp.)",2023,1888
Republic of Moldova,"Chillies and peppers, green (Capsicum spp. and Pimenta spp.)",2024,1626
Republic of Moldova,Cucumbers and gherkins,2022,3738
Republic of Moldova,Cucumbers and gherkins,2023,4401
Republic of Moldova,Cucumbers and gherkins,2024,3733
Republic of Moldova,Currants,2022,328
Republic of Moldova,Currants,2023,687
Republic of Moldova,Currants,2024,967
Republic of Moldova,Eggplants (aubergines),2022,1347
Republic of Moldova,Eggplants (aubergines),2023,1348
Republic of Moldova,Eggplants (aubergines),2024,1303
Republic of Moldova,"Eggs from other birds in shell, fresh, n.e.c.",2022,24
Republic of Moldova,"Eggs from other birds in shell, fresh, n.e.c.",2023,24
Republic of Moldova,"Eggs from other birds in shell, fresh, n.e.c.",2024,24
Republic of Moldova,Gooseberries,2022,11
Republic of Moldova,Gooseberries,2023,56
Republic of Moldova,Gooseberries,2024,42
Republic of Moldova,Grapes,2022,114452
Republic of Moldova,Grapes,2023,123064
Republic of Moldova,Grapes,2024,85419
Republic of Moldova,Green corn (maize),2022,1048
Republic of Moldova,Green corn (maize),2023,1059
Republic of Moldova,Green corn (maize),2024,1051
Republic of Moldova,Green garlic,2022,11310
Republic of Moldova,Green garlic,2023,13332
Republic of Moldova,Green garlic,2024,11063
Republic of Moldova,"Hazelnuts, in shell",2022,214
Republic of Moldova,"Hazelnuts, in shell",2023,213
Republic of Moldova,"Hazelnuts, in shell",2024,213
Republic of Moldova,"Hen eggs in shell, fresh",2022,36390
Republic of Moldova,"Hen eggs in shell, fresh",2023,36041
Republic of Moldova,"Hen eggs in shell, fresh",2024,37273
Republic of Moldova,"Horse meat, fresh or chilled (indigenous)",2022,739
Republic of Moldova,"Horse meat, fresh or chilled (indigenous)",2023,807
Republic of Moldova,"Horse meat, fresh or chilled (indigenous)",2024,772
Republic of Moldova,Leeks and other alliaceous vegetables,2022,195
Republic of Moldova,Leeks and other alliaceous vegetables,2023,194
Republic of Moldova,Leeks and other alliaceous vegetables,2024,194
Republic of Moldova,Maize (corn),2022,103025
Republic of Moldova,Maize (corn),2023,185081
Republic of Moldova,Maize (corn),2024,98178
Republic of Moldova,"Meat of cattle with the bone, fresh or chilled (indigenous)",2022,4582
Republic of Moldova,"Meat of cattle with the bone, fresh or chilled (indigenous)",2023,5013
Republic of Moldova,"Meat of cattle with the bone, fresh or chilled (indigenous)",2024,5183
Republic of Moldova,"Meat of chickens, fresh or chilled (indigenous)",2022,75406
Republic of Moldova,"Meat of chickens, fresh or chilled (indigenous)",2023,77016
Republic of Moldova,"Meat of chickens, fresh or chilled (indigenous)",2024,86190
Republic of Moldova,"Meat of pig with the bone, fresh or chilled (indigenous)",2022,36821
Republic of Moldova,"Meat of pig with the bone, fresh or chilled (indigenous)",2023,38502
Republic of Moldova,"Meat of pig with the bone, fresh or chilled (indigenous)",2024,43856
Republic of Moldova,"Meat of rabbits and hares, fresh or chilled (indigenous)",2022,733
Republic of Moldova,"Meat of rabbits and hares, fresh or chilled (indigenous)",2023,668
Republic of Moldova,"Meat of rabbits and hares, fresh or chilled (indigenous)",2024,741
Republic of Moldova,"Meat of sheep, fresh or chilled (indigenous)",2022,1238
Republic of Moldova,"Meat of sheep, fresh or chilled (indigenous)",2023,1686
Republic of Moldova,"Meat of sheep, fresh or chilled (indigenous)",2024,2342
Republic of Moldova,"Meat of turkeys, fresh or chilled (indigenous)",2022,962
Republic of Moldova,"Meat of turkeys, fresh or chilled (indigenous)",2023,952
Republic of Moldova,"Meat of turkeys, fresh or chilled (indigenous)",2024,942
Republic of Moldova,Millet,2022,23
Republic of Moldova,Millet,2023,64
Republic of Moldova,Millet,2024,47
Republic of Moldova,Mixed grain,2022,205
Republic of Moldova,Mixed grain,2023,312
Republic of Moldova,Mixed grain,2024,392
Republic of Moldova,Mushrooms and truffles,2022,2291
Republic of Moldova,Mushrooms and truffles,2023,2251
Republic of Moldova,Mushrooms and truffles,2024,2253
Republic of Moldova,Natural honey,2022,10779
Republic of Moldova,Natural honey,2023,10750
Republic of Moldova,Natural honey,2024,10833
Republic of Moldova,Oats,2022,207
Republic of Moldova,Oats,2023,289
Republic of Moldova,Oats,2024,280
Republic of Moldova,"Onions and shallots, dry (excluding dehydrated)",2022,9712
Republic of Moldova,"Onions and shallots, dry (excluding dehydrated)",2023,12124
Republic of Moldova,"Onions and shallots, dry (excluding dehydrated)",2024,11018
Republic of Moldova,"Other beans, green",2022,158
Republic of Moldova,"Other beans, green",2023,162
Republic of Moldova,"Other beans, green",2024,162
Republic of Moldova,"Other nuts (excluding wild edible nuts and groundnuts), in shell, n.e.c.",2022,148
Republic of Moldova,"Other nuts (excluding wild edible nuts and groundnuts), in shell, n.e.c.",2023,148
Republic of Moldova,"Other nuts (excluding wild edible nuts and groundnuts), in shell, n.e.c.",2024,147
Republic of Moldova,"Other vegetables, fresh n.e.c.",2022,6136
Republic of Moldova,"Other vegetables, fresh n.e.c.",2023,7220
Republic of Moldova,"Other vegetables, fresh n.e.c.",2024,5974
Republic of Moldova,Peaches and nectarines,2022,4406
Republic of Moldova,Peaches and nectarines,2023,2751
Republic of Moldova,Peaches and nectarines,2024,3325
Republic of Moldova,Pears,2022,1099
Republic of Moldova,Pears,2023,1175
Republic of Moldova,Pears,2024,752
Republic of Moldova,"Peas, dry",2022,3564
Republic of Moldova,"Peas, dry",2023,5757
Republic of Moldova,"Peas, dry",2024,5826
Republic of Moldova,"Peas, green",2022,626
Republic of Moldova,"Peas, green",2023,577
Republic of Moldova,"Peas, green",2024,476
Republic of Moldova,Plums and sloes,2022,12675
Republic of Moldova,Plums and sloes,2023,19018
Republic of Moldova,Plums and sloes,2024,12033
Republic of Moldova,Potatoes,2022,22574
Republic of Moldova,Potatoes,2023,22655
Republic of Moldova,Potatoes,2024,17788
Republic of Moldova,"Pumpkins, squash and gourds",2022,3829
Republic of Moldova,"Pumpkins, squash and gourds",2023,4315
Republic of Moldova,"Pumpkins, squash and gourds",2024,3410
Republic of Moldova,Quinces,2022,843
Republic of Moldova,Quinces,2023,1057
Republic of Moldova,Quinces,2024,616
Republic of Moldova,Rape or colza seed,2022,26741
Republic of Moldova,Rape or colza seed,2023,72901
Republic of Moldova,Rape or colza seed,2024,29910
Republic of Moldova,Raspberries,2022,4933
Republic of Moldova,Raspberries,2023,5659
Republic of Moldova,Raspberries,2024,3580
Republic of Moldova,Raw milk of cattle,2022,75748
Republic of Moldova,Raw milk of cattle,2023,72910
Republic of Moldova,Raw milk of cattle,2024,73214
Republic of Moldova,Raw milk of goats,2022,1845
Republic of Moldova,Raw milk of goats,2023,1909
Republic of Moldova,Raw milk of goats,2024,2348
Republic of Moldova,Raw milk of sheep,2022,12290
Republic of Moldova,Raw milk of sheep,2023,11775
Republic of Moldova,Raw milk of sheep,2024,13500
Republic of Moldova,Rye,2022,103
Republic of Moldova,Rye,2023,219
Republic of Moldova,Rye,2024,176
Republic of Moldova,"Shorn wool, greasy, including fleece-washed shorn wool",2022,628
Republic of Moldova,"Shorn wool, greasy, including fleece-washed shorn wool",2023,581
Republic of Moldova,"Shorn wool, greasy, including fleece-washed shorn wool",2024,538
Republic of Moldova,Sorghum,2022,1654
Republic of Moldova,Sorghum,2023,2494
Republic of Moldova,Sorghum,2024,1293
Republic of Moldova,Sour cherries,2022,3282
Republic of Moldova,Sour cherries,2023,3010
Republic of Moldova,Sour cherries,2024,3291
Republic of Moldova,Soya beans,2022,10552
Republic of Moldova,Soya beans,2023,12530
Republic of Moldova,Soya beans,2024,10291
Republic of Moldova,Strawberries,2022,8823
Republic of Moldova,Strawberries,2023,8061
Republic of Moldova,Strawberries,2024,7293
Republic of Moldova,Sugar beet,2022,17708
Republic of Moldova,Sugar beet,2023,15859
Republic of Moldova,Sugar beet,2024,10838
Republic of Moldova,Sunflower seed,2022,204445
Republic of Moldova,Sunflower seed,2023,247192
Republic of Moldova,Sunflower seed,2024,201785
Republic of Moldova,Tomatoes,2022,7180
Republic of Moldova,Tomatoes,2023,6628
Republic of Moldova,Tomatoes,2024,5438
Republic of Moldova,Unmanufactured tobacco,2022,86
Republic of Moldova,Unmanufactured tobacco,2023,380
Republic of Moldova,Unmanufactured tobacco,2024,732
Republic of Moldova,Vetches,2022,373
Republic of Moldova,Vetches,2023,202
Republic of Moldova,Vetches,2024,106
Republic of Moldova,"Walnuts, in shell",2022,18968
Republic of Moldova,"Walnuts, in shell",2023,20427
Republic of Moldova,"Walnuts, in shell",2024,17376
Republic of Moldova,Watermelons,2022,2226
Republic of Moldova,Watermelons,2023,2613
Republic of Moldova,Watermelons,2024,2425
Republic of Moldova,Wheat,2022,108227
Republic of Moldova,Wheat,2023,196835
Republic of Moldova,Wheat,2024,151236
Russian Federation,"Anise, badian, coriander, cumin, caraway, fennel and juniper berries, raw",2022,153532
Russian Federation,"Anise, badian, coriander, cumin, caraway, fennel and juniper berries, raw",2023,141734
Russian Federation,"Anise, badian, coriander, cumin, caraway, fennel and juniper berries, raw",2024,111502
Russian Federation,Apples,2022,855866
Russian Federation,Apples,2023,750252
Russian Federation,Apples,2024,724426
Russian Federation,Apricots,2022,56309
Russian Federation,Apricots,2023,50371
Russian Federation,Apricots,2024,49447
Russian Federation,Barley,2022,2960758
Russian Federation,Barley,2023,2594546
Russian Federation,Barley,2024,2109429
Russian Federation,"Beans, dry",2022,2351
Russian Federation,"Beans, dry",2023,2440
Russian Federation,"Beans, dry",2024,1529
Russian Federation,"Broad beans and horse beans, dry",2022,1340
Russian Federation,"Broad beans and horse beans, dry",2023,1429
Russian Federation,"Broad beans and horse beans, dry",2024,1668
Russian Federation,"Broad beans and horse beans, green",2022,98
Russian Federation,"Broad beans and horse beans, green",2023,98
Russian Federation,"Broad beans and horse beans, green",2024,98
Russian Federation,Buckwheat,2022,380708
Russian Federation,Buckwheat,2023,336354
Russian Federation,Buckwheat,2024,305207
Russian Federation,Cabbages,2022,532451
Russian Federation,Cabbages,2023,581505
Russian Federation,Cabbages,2024,607854
Russian Federation,Carrots and turnips,2022,327235
Russian Federation,Carrots and turnips,2023,338360
Russian Federation,Carrots and turnips,2024,332275
Russian Federation,Castor oil seeds,2022,13
Russian Federation,Castor oil seeds,2023,30
Russian Federation,Castor oil seeds,2024,34
Russian Federation,Cauliflowers and broccoli,2022,8582
Russian Federation,Cauliflowers and broccoli,2023,8771
Russian Federation,Cauliflowers and broccoli,2024,9266
Russian Federation,Cereals n.e.c.,2022,2491
Russian Federation,Cereals n.e.c.,2023,3736
Russian Federation,Cereals n.e.c.,2024,3236
Russian Federation,Cherries,2022,38910
Russian Federation,Cherries,2023,36049
Russian Federation,Cherries,2024,35007
Russian Federation,"Chick peas, dry",2022,106681
Russian Federation,"Chick peas, dry",2023,99307
Russian Federation,"Chick peas, dry",2024,94414
Russian Federation,Chicory roots,2022,3
Russian Federation,Chicory roots,2023,4
Russian Federation,Chicory roots,2024,3
Russian Federation,Cucumbers and gherkins,2022,2101144
Russian Federation,Cucumbers and gherkins,2023,2149226
Russian Federation,Cucumbers and gherkins,2024,2175110
Russian Federation,Currants,2022,714720
Russian Federation,Currants,2023,744075
Russian Federation,Currants,2024,715345
Russian Federation,"Eggs from other birds in shell, fresh, n.e.c.",2022,33386
Russian Federation,"Eggs from other birds in shell, fresh, n.e.c.",2023,33787
Russian Federation,"Eggs from other birds in shell, fresh, n.e.c.",2024,31324
Russian Federation,Gooseberries,2022,116407
Russian Federation,Gooseberries,2023,120290
Russian Federation,Gooseberries,2024,117164
Russian Federation,Grapes,2022,346154
Russian Federation,Grapes,2023,356369
Russian Federation,Grapes,2024,320328
Russian Federation,Green garlic,2022,176967
Russian Federation,Green garlic,2023,175672
Russian Federation,Green garlic,2024,160902
Russian Federation,Hempseed,2022,5675
Russian Federation,Hempseed,2023,4161
Russian Federation,Hempseed,2024,4875
Russian Federation,"Hen eggs in shell, fresh",2022,3346724
Russian Federation,"Hen eggs in shell, fresh",2023,3386910
Russian Federation,"Hen eggs in shell, fresh",2024,3393572
Russian Federation,Hop cones,2022,7130
Russian Federation,Hop cones,2023,4485
Russian Federation,Hop cones,2024,3623
Russian Federation,"Horse meat, fresh or chilled (indigenous)",2022,65732
Russian Federation,"Horse meat, fresh or chilled (indigenous)",2023,69606
Russian Federation,"Horse meat, fresh or chilled (indigenous)",2024,72344
Russian Federation,"Lentils, dry",2022,55459
Russian Federation,"Lentils, dry",2023,39395
Russian Federation,"Lentils, dry",2024,51586
Russian Federation,Linseed,2022,454837
Russian Federation,Linseed,2023,316689
Russian Federation,Linseed,2024,303815
Russian Federation,Lupins,2022,24062
Russian Federation,Lupins,2023,27549
Russian Federation,Lupins,2024,25040
Russian Federation,Maize (corn),2022,2138550
Russian Federation,Maize (corn),2023,2022278
Russian Federation,Maize (corn),2024,1881258
Russian Federation,"Meat of camels, fresh or chilled (indigenous)",2022,153
Russian Federation,"Meat of camels, fresh or chilled (indigenous)",2023,159
Russian Federation,"Meat of camels, fresh or chilled (indigenous)",2024,0
Russian Federation,"Meat of cattle with the bone, fresh or chilled (indigenous)",2022,6590374
Russian Federation,"Meat of cattle with the bone, fresh or chilled (indigenous)",2023,6760606
Russian Federation,"Meat of cattle with the bone, fresh or chilled (indigenous)",2024,6896615
Russian Federation,"Meat of chickens, fresh or chilled (indigenous)",2022,9055855
Russian Federation,"Meat of chickens, fresh or chilled (indigenous)",2023,9110070
Russian Federation,"Meat of chickens, fresh or chilled (indigenous)",2024,9311699
Russian Federation,"Meat of goat, fresh or chilled (indigenous)",2022,58329
Russian Federation,"Meat of goat, fresh or chilled (indigenous)",2023,57468
Russian Federation,"Meat of goat, fresh or chilled (indigenous)",2024,53808
Russian Federation,"Meat of pig with the bone, fresh or chilled (indigenous)",2022,13479825
Russian Federation,"Meat of pig with the bone, fresh or chilled (indigenous)",2023,14037658
Russian Federation,"Meat of pig with the bone, fresh or chilled (indigenous)",2024,14700326
Russian Federation,"Meat of rabbits and hares, fresh or chilled (indigenous)",2022,32474
Russian Federation,"Meat of rabbits and hares, fresh or chilled (indigenous)",2023,33187
Russian Federation,"Meat of rabbits and hares, fresh or chilled (indigenous)",2024,31697
Russian Federation,"Meat of sheep, fresh or chilled (indigenous)",2022,742762
Russian Federation,"Meat of sheep, fresh or chilled (indigenous)",2023,733134
Russian Federation,"Meat of sheep, fresh or chilled (indigenous)",2024,728620
Russian Federation,Millet,2022,37256
Russian Federation,Millet,2023,53245
Russian Federation,Millet,2024,39328
Russian Federation,Mushrooms and truffles,2022,214442
Russian Federation,Mushrooms and truffles,2023,244211
Russian Federation,Mushrooms and truffles,2024,202698
Russian Federation,Mustard seed,2022,36108
Russian Federation,Mustard seed,2023,33323
Russian Federation,Mustard seed,2024,28888
Russian Federation,Natural honey,2022,301193
Russian Federation,Natural honey,2023,289943
Russian Federation,Natural honey,2024,294186
Russian Federation,Oats,2022,475595
Russian Federation,Oats,2023,346464
Russian Federation,Oats,2024,314967
Russian Federation,"Onions and shallots, dry (excluding dehydrated)",2022,346644
Russian Federation,"Onions and shallots, dry (excluding dehydrated)",2023,367470
Russian Federation,"Onions and shallots, dry (excluding dehydrated)",2024,361441
Russian Federation,Other berries and fruits of the genus vaccinium n.e.c.,2022,9730
Russian Federation,Other berries and fruits of the genus vaccinium n.e.c.,2023,9577
Russian Federation,Other berries and fruits of the genus vaccinium n.e.c.,2024,8562
Russian Federation,"Other fruits, n.e.c.",2022,531
Russian Federation,"Other fruits, n.e.c.",2023,675
Russian Federation,"Other fruits, n.e.c.",2024,493
Russian Federation,"Other nuts (excluding wild edible nuts and groundnuts), in shell, n.e.c.",2022,100367
Russian Federation,"Other nuts (excluding wild edible nuts and groundnuts), in shell, n.e.c.",2023,91288
Russian Federation,"Other nuts (excluding wild edible nuts and groundnuts), in shell, n.e.c.",2024,94136
Russian Federation,Other pulses n.e.c.,2022,1280
Russian Federation,Other pulses n.e.c.,2023,1471
Russian Federation,Other pulses n.e.c.,2024,680
Russian Federation,"Other vegetables, fresh n.e.c.",2022,477963
Russian Federation,"Other vegetables, fresh n.e.c.",2023,510802
Russian Federation,"Other vegetables, fresh n.e.c.",2024,405004
Russian Federation,Peaches and nectarines,2022,30533
Russian Federation,Peaches and nectarines,2023,28043
Russian Federation,Peaches and nectarines,2024,26862
Russian Federation,Pears,2022,30562
Russian Federation,Pears,2023,26155
Russian Federation,Pears,2024,25537
Russian Federation,"Peas, dry",2022,760177
Russian Federation,"Peas, dry",2023,779844
Russian Federation,"Peas, dry",2024,683614
Russian Federation,"Peas, green",2022,51838
Russian Federation,"Peas, green",2023,49477
Russian Federation,"Peas, green",2024,50519
Russian Federation,Plums and sloes,2022,142320
Russian Federation,Plums and sloes,2023,124460
Russian Federation,Plums and sloes,2024,120345
Russian Federation,Potatoes,2022,4441573
Russian Federation,Potatoes,2023,4524720
Russian Federation,Potatoes,2024,4338180
Russian Federation,"Pumpkins, squash and gourds",2022,75873
Russian Federation,"Pumpkins, squash and gourds",2023,79213
Russian Federation,"Pumpkins, squash and gourds",2024,84053
Russian Federation,Quinces,2022,3096
Russian Federation,Quinces,2023,2847
Russian Federation,Quinces,2024,2788
Russian Federation,Rape or colza seed,2022,1406295
Russian Federation,Rape or colza seed,2023,1307156
Russian Federation,Rape or colza seed,2024,1436127
Russian Federation,Raspberries,2022,292890
Russian Federation,Raspberries,2023,304539
Russian Federation,Raspberries,2024,294984
Russian Federation,Raw milk of camel,2022,10
Russian Federation,Raw milk of camel,2023,10
Russian Federation,Raw milk of camel,2024,10
Russian Federation,Raw milk of cattle,2022,12825090
Russian Federation,Raw milk of cattle,2023,13146597
Russian Federation,Raw milk of cattle,2024,12846084
Russian Federation,Raw milk of goats,2022,80225
Russian Federation,Raw milk of goats,2023,82237
Russian Federation,Raw milk of goats,2024,82672
Russian Federation,Raw milk of sheep,2022,3079
Russian Federation,Raw milk of sheep,2023,3156
Russian Federation,Raw milk of sheep,2024,3161
Russian Federation,Rice,2022,274779
Russian Federation,Rice,2023,320443
Russian Federation,Rice,2024,375961
Russian Federation,Rye,2022,217909
Russian Federation,Rye,2023,170022
Russian Federation,Rye,2024,120016
Russian Federation,Safflower seed,2022,94426
Russian Federation,Safflower seed,2023,99368
Russian Federation,Safflower seed,2024,67700
Russian Federation,"Shorn wool, greasy, including fleece-washed shorn wool",2022,58174
Russian Federation,"Shorn wool, greasy, including fleece-washed shorn wool",2023,56749
Russian Federation,"Shorn wool, greasy, including fleece-washed shorn wool",2024,55050
Russian Federation,Sorghum,2022,42156
Russian Federation,Sorghum,2023,41830
Russian Federation,Sorghum,2024,35958
Russian Federation,Sour cherries,2022,199346
Russian Federation,Sour cherries,2023,178634
Russian Federation,Sour cherries,2024,178009
Russian Federation,Soya beans,2022,2209999
Russian Federation,Soya beans,2023,2510713
Russian Federation,Soya beans,2024,2576978
Russian Federation,Strawberries,2022,354135
Russian Federation,Strawberries,2023,367683
Russian Federation,Strawberries,2024,352507
Russian Federation,Sugar beet,2022,2328696
Russian Federation,Sugar beet,2023,2360873
Russian Federation,Sugar beet,2024,2222632
Russian Federation,Sunflower seed,2022,5234696
Russian Federation,Sunflower seed,2023,5950622
Russian Federation,Sunflower seed,2024,5502725
Russian Federation,Tea leaves,2022,3955
Russian Federation,Tea leaves,2023,3242
Russian Federation,Tea leaves,2024,6420
Russian Federation,Tomatoes,2022,3065432
Russian Federation,Tomatoes,2023,3158746
Russian Federation,Tomatoes,2024,3417426
Russian Federation,"True hemp, raw or retted",2022,422
Russian Federation,"True hemp, raw or retted",2023,421
Russian Federation,"True hemp, raw or retted",2024,421
Russian Federation,Unmanufactured tobacco,2022,16
Russian Federation,Unmanufactured tobacco,2023,61
Russian Federation,Unmanufactured tobacco,2024,104
Russian Federation,Vetches,2022,31463
Russian Federation,Vetches,2023,31299
Russian Federation,Vetches,2024,30524
Russian Federation,Watermelons,2022,215510
Russian Federation,Watermelons,2023,233609
Russian Federation,Watermelons,2024,255107
Russian Federation,Wheat,2022,15778384
Russian Federation,Wheat,2023,14043033
Russian Federation,Wheat,2024,12501735
Rwanda,Avocados,2022,1821
Rwanda,Avocados,2023,2111
Rwanda,Avocados,2024,2952
Rwanda,Bananas,2022,1509248
Rwanda,Bananas,2023,1577807
Rwanda,Bananas,2024,1665586
Rwanda,"Beans, dry",2022,252006
Rwanda,"Beans, dry",2023,252518
Rwanda,"Beans, dry",2024,268209
Rwanda,Cabbages,2022,11393
Rwanda,Cabbages,2023,14029
Rwanda,Cabbages,2024,14012
Rwanda,Carrots and turnips,2022,19542
Rwanda,Carrots and turnips,2023,20239
Rwanda,Carrots and turnips,2024,20211
Rwanda,"Cassava, fresh",2022,418977
Rwanda,"Cassava, fresh",2023,409909
Rwanda,"Cassava, fresh",2024,396487
Rwanda,"Chillies and peppers, green (Capsicum spp. and Pimenta spp.)",2022,4845
Rwanda,"Chillies and peppers, green (Capsicum spp. and Pimenta spp.)",2023,2915
Rwanda,"Chillies and peppers, green (Capsicum spp. and Pimenta spp.)",2024,6347
Rwanda,"Coffee, green",2022,18408
Rwanda,"Coffee, green",2023,26336
Rwanda,"Coffee, green",2024,17334
Rwanda,Eggplants (aubergines),2022,34048
Rwanda,Eggplants (aubergines),2023,31549
Rwanda,Eggplants (aubergines),2024,31849
Rwanda,"Game meat, fresh, chilled or frozen",2022,27206
Rwanda,"Game meat, fresh, chilled or frozen",2023,27674
Rwanda,"Game meat, fresh, chilled or frozen",2024,28340
Rwanda,"Groundnuts, excluding shelled",2022,21970
Rwanda,"Groundnuts, excluding shelled",2023,18564
Rwanda,"Groundnuts, excluding shelled",2024,20250
Rwanda,"Hen eggs in shell, fresh",2022,24529
Rwanda,"Hen eggs in shell, fresh",2023,24482
Rwanda,"Hen eggs in shell, fresh",2024,24525
Rwanda,Lemons and limes,2022,4925
Rwanda,Lemons and limes,2023,4946
Rwanda,Lemons and limes,2024,4935
Rwanda,Maize (corn),2022,160336
Rwanda,Maize (corn),2023,177809
Rwanda,Maize (corn),2024,219279
Rwanda,"Mangoes, guavas and mangosteens",2022,1012
Rwanda,"Mangoes, guavas and mangosteens",2023,430
Rwanda,"Mangoes, guavas and mangosteens",2024,4693
Rwanda,"Meat of cattle with the bone, fresh or chilled (indigenous)",2022,97562
Rwanda,"Meat of cattle with the bone, fresh or chilled (indigenous)",2023,100448
Rwanda,"Meat of cattle with the bone, fresh or chilled (indigenous)",2024,107789
Rwanda,"Meat of chickens, fresh or chilled (indigenous)",2022,55275
Rwanda,"Meat of chickens, fresh or chilled (indigenous)",2023,32355
Rwanda,"Meat of chickens, fresh or chilled (indigenous)",2024,52344
Rwanda,"Meat of goat, fresh or chilled (indigenous)",2022,41943
Rwanda,"Meat of goat, fresh or chilled (indigenous)",2023,42206
Rwanda,"Meat of goat, fresh or chilled (indigenous)",2024,43756
Rwanda,"Meat of pig with the bone, fresh or chilled (indigenous)",2022,12839
Rwanda,"Meat of pig with the bone, fresh or chilled (indigenous)",2023,20446
Rwanda,"Meat of pig with the bone, fresh or chilled (indigenous)",2024,19801
Rwanda,"Meat of rabbits and hares, fresh or chilled (indigenous)",2022,926
Rwanda,"Meat of rabbits and hares, fresh or chilled (indigenous)",2023,2632
Rwanda,"Meat of rabbits and hares, fresh or chilled (indigenous)",2024,2336
Rwanda,"Meat of sheep, fresh or chilled (indigenous)",2022,6483
Rwanda,"Meat of sheep, fresh or chilled (indigenous)",2023,5893
Rwanda,"Meat of sheep, fresh or chilled (indigenous)",2024,5652
Rwanda,Millet,2022,3369
Rwanda,Millet,2023,869
Rwanda,Millet,2024,920
Rwanda,Natural honey,2022,23220
Rwanda,Natural honey,2023,23999
Rwanda,Natural honey,2024,24850
Rwanda,"Onions and shallots, dry (excluding dehydrated)",2022,29481
Rwanda,"Onions and shallots, dry (excluding dehydrated)",2023,25108
Rwanda,"Onions and shallots, dry (excluding dehydrated)",2024,21810
Rwanda,Oranges,2022,2629
Rwanda,Oranges,2023,2631
Rwanda,Oranges,2024,2632
Rwanda,"Other beans, green",2022,6357
Rwanda,"Other beans, green",2023,6368
Rwanda,"Other beans, green",2024,6351
Rwanda,"Other fruits, n.e.c.",2022,21799
Rwanda,"Other fruits, n.e.c.",2023,21857
Rwanda,"Other fruits, n.e.c.",2024,21892
Rwanda,"Other stimulant, spice and aromatic crops, n.e.c.",2022,24
Rwanda,"Other stimulant, spice and aromatic crops, n.e.c.",2023,24
Rwanda,"Other stimulant, spice and aromatic crops, n.e.c.",2024,24
Rwanda,"Other vegetables, fresh n.e.c.",2022,6030
Rwanda,"Other vegetables, fresh n.e.c.",2023,5993
Rwanda,"Other vegetables, fresh n.e.c.",2024,6015
Rwanda,Papayas,2022,911
Rwanda,Papayas,2023,174
Rwanda,Papayas,2024,79
Rwanda,"Peas, dry",2022,21858
Rwanda,"Peas, dry",2023,18832
Rwanda,"Peas, dry",2024,18988
Rwanda,Pineapples,2022,7240
Rwanda,Pineapples,2023,8079
Rwanda,Pineapples,2024,7762
Rwanda,Potatoes,2022,253316
Rwanda,Potatoes,2023,241322
Rwanda,Potatoes,2024,230816
Rwanda,"Pumpkins, squash and gourds",2022,108588
Rwanda,"Pumpkins, squash and gourds",2023,108005
Rwanda,"Pumpkins, squash and gourds",2024,108297
Rwanda,"Pyrethrum, dried flowers",2022,75
Rwanda,"Pyrethrum, dried flowers",2023,398
Rwanda,"Pyrethrum, dried flowers",2024,212
Rwanda,Raw milk of cattle,2022,94215
Rwanda,Raw milk of cattle,2023,95693
Rwanda,Raw milk of cattle,2024,100160
Rwanda,Raw milk of goats,2022,21503
Rwanda,Raw milk of goats,2023,21810
Rwanda,Raw milk of goats,2024,22534
Rwanda,Raw milk of sheep,2022,2560
Rwanda,Raw milk of sheep,2023,2430
Rwanda,Raw milk of sheep,2024,2376
Rwanda,Rice,2022,119434
Rwanda,Rice,2023,118154
Rwanda,Rice,2024,125497
Rwanda,Sorghum,2022,85272
Rwanda,Sorghum,2023,82300
Rwanda,Sorghum,2024,83206
Rwanda,Soya beans,2022,22048
Rwanda,Soya beans,2023,19178
Rwanda,Soya beans,2024,23763
Rwanda,Sugar cane,2022,13201
Rwanda,Sugar cane,2023,11813
Rwanda,Sugar cane,2024,18101
Rwanda,Sweet potatoes,2022,294401
Rwanda,Sweet potatoes,2023,281455
Rwanda,Sweet potatoes,2024,299875
Rwanda,Taro,2022,74167
Rwanda,Taro,2023,70158
Rwanda,Taro,2024,74454
Rwanda,Tea leaves,2022,29168
Rwanda,Tea leaves,2023,28819
Rwanda,Tea leaves,2024,29200
Rwanda,Tomatoes,2022,42867
Rwanda,Tomatoes,2023,44629
Rwanda,Tomatoes,2024,42604
Rwanda,Unmanufactured tobacco,2022,2515
Rwanda,Unmanufactured tobacco,2023,2508
Rwanda,Unmanufactured tobacco,2024,2506
Rwanda,Wheat,2022,9122
Rwanda,Wheat,2023,10948
Rwanda,Wheat,2024,10791
Rwanda,Yams,2022,20593
Rwanda,Yams,2023,20797
Rwanda,Yams,2024,20699
Saint Kitts and Nevis,Cabbages,2022,25
Saint Kitts and Nevis,Cabbages,2023,14
Saint Kitts and Nevis,Cabbages,2024,22
Saint Kitts and Nevis,Carrots and turnips,2022,145
Saint Kitts and Nevis,Carrots and turnips,2023,132
Saint Kitts and Nevis,Carrots and turnips,2024,154
Saint Kitts and Nevis,"Chillies and peppers, green (Capsicum spp. and Pimenta spp.)",2022,198
Saint Kitts and Nevis,"Chillies and peppers, green (Capsicum spp. and Pimenta spp.)",2023,102
Saint Kitts and Nevis,"Chillies and peppers, green (Capsicum spp. and Pimenta spp.)",2024,144
Saint Kitts and Nevis,"Coconuts, in shell",2022,6694
Saint Kitts and Nevis,"Coconuts, in shell",2023,6694
Saint Kitts and Nevis,"Coconuts, in shell",2024,6867
Saint Kitts and Nevis,Cucumbers and gherkins,2022,60
Saint Kitts and Nevis,Cucumbers and gherkins,2023,196
Saint Kitts and Nevis,Cucumbers and gherkins,2024,190
Saint Kitts and Nevis,"Edible roots and tubers with high starch or inulin content, n.e.c., fresh",2022,1164
Saint Kitts and Nevis,"Edible roots and tubers with high starch or inulin content, n.e.c., fresh",2023,1175
Saint Kitts and Nevis,"Edible roots and tubers with high starch or inulin content, n.e.c., fresh",2024,1171
Saint Kitts and Nevis,"Hen eggs in shell, fresh",2022,2191
Saint Kitts and Nevis,"Hen eggs in shell, fresh",2023,2191
Saint Kitts and Nevis,"Hen eggs in shell, fresh",2024,2191
Saint Kitts and Nevis,"Onions and shallots, dry (excluding dehydrated)",2022,76
Saint Kitts and Nevis,"Onions and shallots, dry (excluding dehydrated)",2023,68
Saint Kitts and Nevis,"Onions and shallots, dry (excluding dehydrated)",2024,69
Saint Kitts and Nevis,Pineapples,2022,98
Saint Kitts and Nevis,Pineapples,2023,41
Saint Kitts and Nevis,Pineapples,2024,7
Saint Kitts and Nevis,Sweet potatoes,2022,367
Saint Kitts and Nevis,Sweet potatoes,2023,513
Saint Kitts and Nevis,Sweet potatoes,2024,516
Saint Kitts and Nevis,Tomatoes,2022,517
Saint Kitts and Nevis,Tomatoes,2023,248
Saint Kitts and Nevis,Tomatoes,2024,340
Saint Kitts and Nevis,Watermelons,2022,201
Saint Kitts and Nevis,Watermelons,2023,224
Saint Kitts and Nevis,Watermelons,2024,262
Saint Kitts and Nevis,Yams,2022,127
Saint Kitts and Nevis,Yams,2023,90
Saint Kitts and Nevis,Yams,2024,76
Saint Lucia,Avocados,2022,522
Saint Lucia,Avocados,2023,377
Saint Lucia,Avocados,2024,370
Saint Lucia,Bananas,2022,5160
Saint Lucia,Bananas,2023,2765
Saint Lucia,Bananas,2024,2092
Saint Lucia,Cabbages,2022,200
Saint Lucia,Cabbages,2023,185
Saint Lucia,Cabbages,2024,188
Saint Lucia,Carrots and turnips,2022,33
Saint Lucia,Carrots and turnips,2023,29
Saint Lucia,Carrots and turnips,2024,35
Saint Lucia,"Cassava, fresh",2022,712
Saint Lucia,"Cassava, fresh",2023,714
Saint Lucia,"Cassava, fresh",2024,716
Saint Lucia,Cocoa beans,2022,222
Saint Lucia,Cocoa beans,2023,138
Saint Lucia,Cocoa beans,2024,127
Saint Lucia,"Coconuts, in shell",2022,20452
Saint Lucia,"Coconuts, in shell",2023,20452
Saint Lucia,"Coconuts, in shell",2024,17238
Saint Lucia,Cucumbers and gherkins,2022,1291
Saint Lucia,Cucumbers and gherkins,2023,1323
Saint Lucia,Cucumbers and gherkins,2024,1330
Saint Lucia,"Edible roots and tubers with high starch or inulin content, n.e.c., fresh",2022,1933
Saint Lucia,"Edible roots and tubers with high starch or inulin content, n.e.c., fresh",2023,1924
Saint Lucia,"Edible roots and tubers with high starch or inulin content, n.e.c., fresh",2024,1929
Saint Lucia,"Ginger, raw",2022,64
Saint Lucia,"Ginger, raw",2023,61
Saint Lucia,"Ginger, raw",2024,57
Saint Lucia,"Hen eggs in shell, fresh",2022,4144
Saint Lucia,"Hen eggs in shell, fresh",2023,3733
Saint Lucia,"Hen eggs in shell, fresh",2024,3957
Saint Lucia,Lemons and limes,2022,640
Saint Lucia,Lemons and limes,2023,579
Saint Lucia,Lemons and limes,2024,640
Saint Lucia,"Mangoes, guavas and mangosteens",2022,1163
Saint Lucia,"Mangoes, guavas and mangosteens",2023,846
Saint Lucia,"Mangoes, guavas and mangosteens",2024,557
Saint Lucia,"Meat of cattle with the bone, fresh or chilled (indigenous)",2022,2503
Saint Lucia,"Meat of cattle with the bone, fresh or chilled (indigenous)",2023,2492
Saint Lucia,"Meat of cattle with the bone, fresh or chilled (indigenous)",2024,2411
Saint Lucia,"Meat of chickens, fresh or chilled (indigenous)",2022,6106
Saint Lucia,"Meat of chickens, fresh or chilled (indigenous)",2023,5966
Saint Lucia,"Meat of chickens, fresh or chilled (indigenous)",2024,5669
Saint Lucia,"Meat of goat, fresh or chilled (indigenous)",2022,633
Saint Lucia,"Meat of goat, fresh or chilled (indigenous)",2023,634
Saint Lucia,"Meat of goat, fresh or chilled (indigenous)",2024,635
Saint Lucia,"Meat of pig with the bone, fresh or chilled (indigenous)",2022,5164
Saint Lucia,"Meat of pig with the bone, fresh or chilled (indigenous)",2023,4486
Saint Lucia,"Meat of pig with the bone, fresh or chilled (indigenous)",2024,4471
Saint Lucia,"Meat of sheep, fresh or chilled (indigenous)",2022,926
Saint Lucia,"Meat of sheep, fresh or chilled (indigenous)",2023,931
Saint Lucia,"Meat of sheep, fresh or chilled (indigenous)",2024,936
Saint Lucia,"Nutmeg, mace, cardamoms, raw",2022,252
Saint Lucia,"Nutmeg, mace, cardamoms, raw",2023,252
Saint Lucia,"Nutmeg, mace, cardamoms, raw",2024,251
Saint Lucia,Oranges,2022,321
Saint Lucia,Oranges,2023,290
Saint Lucia,Oranges,2024,334
Saint Lucia,"Other fruits, n.e.c.",2022,4590
Saint Lucia,"Other fruits, n.e.c.",2023,4595
Saint Lucia,"Other fruits, n.e.c.",2024,4585
Saint Lucia,Other pulses n.e.c.,2022,410
Saint Lucia,Other pulses n.e.c.,2023,410
Saint Lucia,Other pulses n.e.c.,2024,411
Saint Lucia,"Other stimulant, spice and aromatic crops, n.e.c.",2022,627
Saint Lucia,"Other stimulant, spice and aromatic crops, n.e.c.",2023,626
Saint Lucia,"Other stimulant, spice and aromatic crops, n.e.c.",2024,625
Saint Lucia,"Other tropical fruits, n.e.c.",2022,5433
Saint Lucia,"Other tropical fruits, n.e.c.",2023,5454
Saint Lucia,"Other tropical fruits, n.e.c.",2024,5461
Saint Lucia,"Other vegetables, fresh n.e.c.",2022,3619
Saint Lucia,"Other vegetables, fresh n.e.c.",2023,3643
Saint Lucia,"Other vegetables, fresh n.e.c.",2024,3630
Saint Lucia,"Pepper (Piper spp.), raw",2022,53
Saint Lucia,"Pepper (Piper spp.), raw",2023,25
Saint Lucia,"Pepper (Piper spp.), raw",2024,25
Saint Lucia,Pineapples,2022,207
Saint Lucia,Pineapples,2023,155
Saint Lucia,Pineapples,2024,122
Saint Lucia,Plantains and cooking bananas,2022,2590
Saint Lucia,Plantains and cooking bananas,2023,1380
Saint Lucia,Plantains and cooking bananas,2024,1675
Saint Lucia,Pomelos and grapefruits,2022,410
Saint Lucia,Pomelos and grapefruits,2023,517
Saint Lucia,Pomelos and grapefruits,2024,518
Saint Lucia,"Pumpkins, squash and gourds",2022,854
Saint Lucia,"Pumpkins, squash and gourds",2023,967
Saint Lucia,"Pumpkins, squash and gourds",2024,1015
Saint Lucia,Raw milk of cattle,2022,1356
Saint Lucia,Raw milk of cattle,2023,1356
Saint Lucia,Raw milk of cattle,2024,1355
Saint Lucia,Sweet potatoes,2022,1292
Saint Lucia,Sweet potatoes,2023,752
Saint Lucia,Sweet potatoes,2024,724
Saint Lucia,Taro,2022,854
Saint Lucia,Taro,2023,956
Saint Lucia,Taro,2024,944
Saint Lucia,Tomatoes,2022,746
Saint Lucia,Tomatoes,2023,651
Saint Lucia,Tomatoes,2024,693
Saint Lucia,Watermelons,2022,746
Saint Lucia,Watermelons,2023,845
Saint Lucia,Watermelons,2024,866
Saint Lucia,Yams,2022,916
Saint Lucia,Yams,2023,755
Saint Lucia,Yams,2024,662
Saint Lucia,Yautia,2022,239
Saint Lucia,Yautia,2023,273
Saint Lucia,Yautia,2024,263
Saint Vincent and the Grenadines,Bananas,2022,39143
Saint Vincent and the Grenadines,Bananas,2023,39424
Saint Vincent and the Grenadines,Bananas,2024,39704
Saint Vincent and the Grenadines,Carrots and turnips,2022,614
Saint Vincent and the Grenadines,Carrots and turnips,2023,540
Saint Vincent and the Grenadines,Carrots and turnips,2024,402
Saint Vincent and the Grenadines,"Cassava, fresh",2022,316
Saint Vincent and the Grenadines,"Cassava, fresh",2023,292
Saint Vincent and the Grenadines,"Cassava, fresh",2024,196
Saint Vincent and the Grenadines,"Chillies and peppers, green (Capsicum spp. and Pimenta spp.)",2022,651
Saint Vincent and the Grenadines,"Chillies and peppers, green (Capsicum spp. and Pimenta spp.)",2023,628
Saint Vincent and the Grenadines,"Chillies and peppers, green (Capsicum spp. and Pimenta spp.)",2024,430
Saint Vincent and the Grenadines,Cocoa beans,2022,388
Saint Vincent and the Grenadines,Cocoa beans,2023,390
Saint Vincent and the Grenadines,Cocoa beans,2024,392
Saint Vincent and the Grenadines,"Coconuts, in shell",2022,1285
Saint Vincent and the Grenadines,"Coconuts, in shell",2023,1339
Saint Vincent and the Grenadines,"Coconuts, in shell",2024,1347
Saint Vincent and the Grenadines,"Edible roots and tubers with high starch or inulin content, n.e.c., fresh",2022,10640
Saint Vincent and the Grenadines,"Edible roots and tubers with high starch or inulin content, n.e.c., fresh",2023,10593
Saint Vincent and the Grenadines,"Edible roots and tubers with high starch or inulin content, n.e.c., fresh",2024,10555
Saint Vincent and the Grenadines,"Groundnuts, excluding shelled",2022,779
Saint Vincent and the Grenadines,"Groundnuts, excluding shelled",2023,798
Saint Vincent and the Grenadines,"Groundnuts, excluding shelled",2024,592
Saint Vincent and the Grenadines,"Hen eggs in shell, fresh",2022,1460
Saint Vincent and the Grenadines,"Hen eggs in shell, fresh",2023,1365
Saint Vincent and the Grenadines,"Hen eggs in shell, fresh",2024,1627
Saint Vincent and the Grenadines,Lemons and limes,2022,272
Saint Vincent and the Grenadines,Lemons and limes,2023,212
Saint Vincent and the Grenadines,Lemons and limes,2024,51
Saint Vincent and the Grenadines,Maize (corn),2022,906
Saint Vincent and the Grenadines,Maize (corn),2023,896
Saint Vincent and the Grenadines,Maize (corn),2024,604
Saint Vincent and the Grenadines,"Mangoes, guavas and mangosteens",2022,1500
Saint Vincent and the Grenadines,"Mangoes, guavas and mangosteens",2023,1517
Saint Vincent and the Grenadines,"Mangoes, guavas and mangosteens",2024,1050
Saint Vincent and the Grenadines,"Meat of cattle with the bone, fresh or chilled (indigenous)",2022,2007
Saint Vincent and the Grenadines,"Meat of cattle with the bone, fresh or chilled (indigenous)",2023,1778
Saint Vincent and the Grenadines,"Meat of cattle with the bone, fresh or chilled (indigenous)",2024,1318
Saint Vincent and the Grenadines,"Meat of chickens, fresh or chilled (indigenous)",2022,1127
Saint Vincent and the Grenadines,"Meat of chickens, fresh or chilled (indigenous)",2023,1139
Saint Vincent and the Grenadines,"Meat of chickens, fresh or chilled (indigenous)",2024,1234
Saint Vincent and the Grenadines,"Meat of goat, fresh or chilled (indigenous)",2022,464
Saint Vincent and the Grenadines,"Meat of goat, fresh or chilled (indigenous)",2023,482
Saint Vincent and the Grenadines,"Meat of goat, fresh or chilled (indigenous)",2024,429
Saint Vincent and the Grenadines,"Meat of pig with the bone, fresh or chilled (indigenous)",2022,1016
Saint Vincent and the Grenadines,"Meat of pig with the bone, fresh or chilled (indigenous)",2023,802
Saint Vincent and the Grenadines,"Meat of pig with the bone, fresh or chilled (indigenous)",2024,603
Saint Vincent and the Grenadines,"Meat of sheep, fresh or chilled (indigenous)",2022,1291
Saint Vincent and the Grenadines,"Meat of sheep, fresh or chilled (indigenous)",2023,782
Saint Vincent and the Grenadines,"Meat of sheep, fresh or chilled (indigenous)",2024,576
Saint Vincent and the Grenadines,"Nutmeg, mace, cardamoms, raw",2022,235
Saint Vincent and the Grenadines,"Nutmeg, mace, cardamoms, raw",2023,248
Saint Vincent and the Grenadines,"Nutmeg, mace, cardamoms, raw",2024,253
Saint Vincent and the Grenadines,Oranges,2022,255
Saint Vincent and the Grenadines,Oranges,2023,242
Saint Vincent and the Grenadines,Oranges,2024,45
Saint Vincent and the Grenadines,"Other stimulant, spice and aromatic crops, n.e.c.",2022,17137
Saint Vincent and the Grenadines,"Other stimulant, spice and aromatic crops, n.e.c.",2023,19780
Saint Vincent and the Grenadines,"Other stimulant, spice and aromatic crops, n.e.c.",2024,15633
Saint Vincent and the Grenadines,"Pigeon peas, dry",2022,345
Saint Vincent and the Grenadines,"Pigeon peas, dry",2023,314
Saint Vincent and the Grenadines,"Pigeon peas, dry",2024,200
Saint Vincent and the Grenadines,Plantains and cooking bananas,2022,1773
Saint Vincent and the Grenadines,Plantains and cooking bananas,2023,1743
Saint Vincent and the Grenadines,Plantains and cooking bananas,2024,1317
Saint Vincent and the Grenadines,Pomelos and grapefruits,2022,47
Saint Vincent and the Grenadines,Pomelos and grapefruits,2023,46
Saint Vincent and the Grenadines,Pomelos and grapefruits,2024,10
Saint Vincent and the Grenadines,"Pumpkins, squash and gourds",2022,212
Saint Vincent and the Grenadines,"Pumpkins, squash and gourds",2023,232
Saint Vincent and the Grenadines,"Pumpkins, squash and gourds",2024,241
Saint Vincent and the Grenadines,Raw milk of cattle,2022,1445
Saint Vincent and the Grenadines,Raw milk of cattle,2023,1353
Saint Vincent and the Grenadines,Raw milk of cattle,2024,1294
Saint Vincent and the Grenadines,Sweet potatoes,2022,1094
Saint Vincent and the Grenadines,Sweet potatoes,2023,902
Saint Vincent and the Grenadines,Sweet potatoes,2024,694
Saint Vincent and the Grenadines,Yams,2022,1238
Saint Vincent and the Grenadines,Yams,2023,1121
Saint Vincent and the Grenadines,Yams,2024,1029
Samoa,Avocados,2022,3799
Samoa,Avocados,2023,3784
Samoa,Avocados,2024,3791
Samoa,Bananas,2022,21577
Samoa,Bananas,2023,22298
Samoa,Bananas,2024,21947
Samoa,"Coconuts, in shell",2022,15436
Samoa,"Coconuts, in shell",2023,15436
Samoa,"Coconuts, in shell",2024,15687
Samoa,"Hen eggs in shell, fresh",2022,990
Samoa,"Hen eggs in shell, fresh",2023,991
Samoa,"Hen eggs in shell, fresh",2024,987
Samoa,"Mangoes, guavas and mangosteens",2022,8460
Samoa,"Mangoes, guavas and mangosteens",2023,8477
Samoa,"Mangoes, guavas and mangosteens",2024,8494
Samoa,"Other citrus fruit, n.e.c.",2022,676
Samoa,"Other citrus fruit, n.e.c.",2023,679
Samoa,"Other citrus fruit, n.e.c.",2024,683
Samoa,Papayas,2022,3578
Samoa,Papayas,2023,3559
Samoa,Papayas,2024,3539
Samoa,Pineapples,2022,12021
Samoa,Pineapples,2023,12041
Samoa,Pineapples,2024,12060
Samoa,Taro,2022,15307
Samoa,Taro,2023,16053
Samoa,Taro,2024,15781
Samoa,Yams,2022,269
Samoa,Yams,2023,359
Samoa,Yams,2024,110
Saudi Arabia,Barley,2022,1088
Saudi Arabia,Barley,2023,506
Saudi Arabia,Barley,2024,2979
Saudi Arabia,Cabbages,2022,14196
Saudi Arabia,Cabbages,2023,15651
Saudi Arabia,Cabbages,2024,16616
Saudi Arabia,Cantaloupes and other melons,2022,50035
Saudi Arabia,Cantaloupes and other melons,2023,56894
Saudi Arabia,Cantaloupes and other melons,2024,62371
Saudi Arabia,Carrots and turnips,2022,34560
Saudi Arabia,Carrots and turnips,2023,48791
Saudi Arabia,Carrots and turnips,2024,47274
Saudi Arabia,"Coffee, green",2023,7397
Saudi Arabia,"Coffee, green",2024,7365
Saudi Arabia,Cucumbers and gherkins,2022,222553
Saudi Arabia,Cucumbers and gherkins,2023,249573
Saudi Arabia,Cucumbers and gherkins,2024,247268
Saudi Arabia,Dates,2022,4754592
Saudi Arabia,Dates,2023,5617619
Saudi Arabia,Dates,2024,5689803
Saudi Arabia,Eggplants (aubergines),2022,107229
Saudi Arabia,Eggplants (aubergines),2023,105774
Saudi Arabia,Eggplants (aubergines),2024,102483
Saudi Arabia,Grapes,2022,236224
Saudi Arabia,Grapes,2023,260238
Saudi Arabia,Grapes,2024,257702
Saudi Arabia,"Groundnuts, excluding shelled",2022,2102
Saudi Arabia,"Groundnuts, excluding shelled",2023,2078
Saudi Arabia,"Groundnuts, excluding shelled",2024,2100
Saudi Arabia,"Hen eggs in shell, fresh",2022,833956
Saudi Arabia,"Hen eggs in shell, fresh",2023,882882
Saudi Arabia,"Hen eggs in shell, fresh",2024,838549
Saudi Arabia,Lemons and limes,2022,85839
Saudi Arabia,Lemons and limes,2023,119757
Saudi Arabia,Lemons and limes,2024,126011
Saudi Arabia,Maize (corn),2022,30220
Saudi Arabia,Maize (corn),2023,32917
Saudi Arabia,Maize (corn),2024,34839
Saudi Arabia,"Meat of camels, fresh or chilled (indigenous)",2022,541019
Saudi Arabia,"Meat of camels, fresh or chilled (indigenous)",2023,625118
Saudi Arabia,"Meat of camels, fresh or chilled (indigenous)",2024,420046
Saudi Arabia,"Meat of cattle with the bone, fresh or chilled (indigenous)",2022,23388
Saudi Arabia,"Meat of cattle with the bone, fresh or chilled (indigenous)",2023,65000
Saudi Arabia,"Meat of cattle with the bone, fresh or chilled (indigenous)",2024,84956
Saudi Arabia,"Meat of chickens, fresh or chilled (indigenous)",2022,3870002
Saudi Arabia,"Meat of chickens, fresh or chilled (indigenous)",2023,3595399
Saudi Arabia,"Meat of chickens, fresh or chilled (indigenous)",2024,2594163
Saudi Arabia,"Meat of goat, fresh or chilled (indigenous)",2022,241128
Saudi Arabia,"Meat of goat, fresh or chilled (indigenous)",2023,396768
Saudi Arabia,"Meat of goat, fresh or chilled (indigenous)",2024,329492
Saudi Arabia,"Meat of pigeons and other birds n.e.c., fresh, chilled or frozen (indigenous)",2022,1423
Saudi Arabia,"Meat of pigeons and other birds n.e.c., fresh, chilled or frozen (indigenous)",2023,1333
Saudi Arabia,"Meat of pigeons and other birds n.e.c., fresh, chilled or frozen (indigenous)",2024,1203
Saudi Arabia,"Meat of sheep, fresh or chilled (indigenous)",2022,387977
Saudi Arabia,"Meat of sheep, fresh or chilled (indigenous)",2023,1060109
Saudi Arabia,"Meat of sheep, fresh or chilled (indigenous)",2024,0
Saudi Arabia,Millet,2022,4374
Saudi Arabia,Millet,2023,4923
Saudi Arabia,Millet,2024,4935
Saudi Arabia,Natural honey,2022,26437
Saudi Arabia,Natural honey,2023,26587
Saudi Arabia,Natural honey,2024,26341
Saudi Arabia,Okra,2022,82957
Saudi Arabia,Okra,2023,89927
Saudi Arabia,Okra,2024,92988
Saudi Arabia,"Onions and shallots, dry (excluding dehydrated)",2022,193716
Saudi Arabia,"Onions and shallots, dry (excluding dehydrated)",2023,195900
Saudi Arabia,"Onions and shallots, dry (excluding dehydrated)",2024,184779
Saudi Arabia,"Other citrus fruit, n.e.c.",2022,125053
Saudi Arabia,"Other citrus fruit, n.e.c.",2023,124024
Saudi Arabia,"Other citrus fruit, n.e.c.",2024,98174
Saudi Arabia,Other pulses n.e.c.,2022,9831
Saudi Arabia,Other pulses n.e.c.,2023,9885
Saudi Arabia,Other pulses n.e.c.,2024,9938
Saudi Arabia,Potatoes,2022,408173
Saudi Arabia,Potatoes,2023,419475
Saudi Arabia,Potatoes,2024,421714
Saudi Arabia,"Pumpkins, squash and gourds",2022,82616
Saudi Arabia,"Pumpkins, squash and gourds",2023,93115
Saudi Arabia,"Pumpkins, squash and gourds",2024,97879
Saudi Arabia,Raw milk of camel,2022,218281
Saudi Arabia,Raw milk of camel,2023,219027
Saudi Arabia,Raw milk of camel,2024,219351
Saudi Arabia,Raw milk of cattle,2022,2337325
Saudi Arabia,Raw milk of cattle,2023,3137775
Saudi Arabia,Raw milk of cattle,2024,3143535
Saudi Arabia,Raw milk of goats,2022,149026
Saudi Arabia,Raw milk of goats,2023,157820
Saudi Arabia,Raw milk of goats,2024,162468
Saudi Arabia,Raw milk of sheep,2022,119185
Saudi Arabia,Raw milk of sheep,2023,120094
Saudi Arabia,Raw milk of sheep,2024,120943
Saudi Arabia,Sesame seed,2022,6070
Saudi Arabia,Sesame seed,2023,6247
Saudi Arabia,Sesame seed,2024,6472
Saudi Arabia,"Shorn wool, greasy, including fleece-washed shorn wool",2022,55310
Saudi Arabia,"Shorn wool, greasy, including fleece-washed shorn wool",2023,56341
Saudi Arabia,"Shorn wool, greasy, including fleece-washed shorn wool",2024,56977
Saudi Arabia,Sorghum,2022,35745
Saudi Arabia,Sorghum,2023,46893
Saudi Arabia,Sorghum,2024,50141
Saudi Arabia,Tomatoes,2022,787321
Saudi Arabia,Tomatoes,2023,827175
Saudi Arabia,Tomatoes,2024,816049
Saudi Arabia,Watermelons,2022,440440
Saudi Arabia,Watermelons,2023,446724
Saudi Arabia,Watermelons,2024,442972
Saudi Arabia,Wheat,2022,335324
Saudi Arabia,Wheat,2023,550949
Saudi Arabia,Wheat,2024,343872
Senegal,Bananas,2022,21464
Senegal,Bananas,2023,22358
Senegal,Bananas,2024,23029
Senegal,Cabbages,2022,90289
Senegal,Cabbages,2023,94075
Senegal,Cabbages,2024,96897
Senegal,"Cashew nuts, in shell",2022,3251
Senegal,"Cashew nuts, in shell",2023,3302
Senegal,"Cashew nuts, in shell",2024,3353
Senegal,"Cassava, fresh",2022,387436
Senegal,"Cassava, fresh",2023,406749
Senegal,"Cassava, fresh",2024,419880
Senegal,"Cow peas, dry",2022,89759
Senegal,"Cow peas, dry",2023,130795
Senegal,"Cow peas, dry",2024,125553
Senegal,Fonio,2022,4088
Senegal,Fonio,2023,5791
Senegal,Fonio,2024,5852
Senegal,"Groundnuts, excluding shelled",2022,533002
Senegal,"Groundnuts, excluding shelled",2023,594709
Senegal,"Groundnuts, excluding shelled",2024,597060
Senegal,"Hen eggs in shell, fresh",2022,6673
Senegal,"Hen eggs in shell, fresh",2023,8078
Senegal,"Hen eggs in shell, fresh",2024,6990
Senegal,Maize (corn),2022,236669
Senegal,Maize (corn),2023,256883
Senegal,Maize (corn),2024,232538
Senegal,"Mangoes, guavas and mangosteens",2022,47911
Senegal,"Mangoes, guavas and mangosteens",2023,48581
Senegal,"Mangoes, guavas and mangosteens",2024,50039
Senegal,"Meat of asses, fresh or chilled (indigenous)",2022,632
Senegal,"Meat of asses, fresh or chilled (indigenous)",2023,644
Senegal,"Meat of asses, fresh or chilled (indigenous)",2024,645
Senegal,Millet,2022,354228
Senegal,Millet,2023,407078
Senegal,Millet,2024,357123
Senegal,Natural honey,2022,7720
Senegal,Natural honey,2023,7753
Senegal,Natural honey,2024,7786
Senegal,Oranges,2022,32793
Senegal,Oranges,2023,33972
Senegal,Oranges,2024,34991
Senegal,Other pulses n.e.c.,2022,37
Senegal,Other pulses n.e.c.,2023,36
Senegal,Other pulses n.e.c.,2024,36
Senegal,"Other tropical fruits, n.e.c.",2022,10162
Senegal,"Other tropical fruits, n.e.c.",2023,10096
Senegal,"Other tropical fruits, n.e.c.",2024,10128
Senegal,"Other vegetables, fresh n.e.c.",2022,88768
Senegal,"Other vegetables, fresh n.e.c.",2023,93762
Senegal,"Other vegetables, fresh n.e.c.",2024,96575
Senegal,Potatoes,2022,47204
Senegal,Potatoes,2023,47876
Senegal,Potatoes,2024,49312
Senegal,Raw milk of cattle,2022,146162
Senegal,Raw milk of cattle,2023,151001
Senegal,Raw milk of cattle,2024,144435
Senegal,Raw milk of goats,2022,9241
Senegal,Raw milk of goats,2023,8771
Senegal,Raw milk of goats,2024,8848
Senegal,Raw milk of sheep,2022,7764
Senegal,Raw milk of sheep,2023,7857
Senegal,Raw milk of sheep,2024,7821
Senegal,Rice,2022,313571
Senegal,Rice,2023,338178
Senegal,Rice,2024,351597
Senegal,"Seed cotton, unginned",2022,5560
Senegal,"Seed cotton, unginned",2023,4610
Senegal,"Seed cotton, unginned",2024,5086
Senegal,Sorghum,2022,114624
Senegal,Sorghum,2023,115070
Senegal,Sorghum,2024,140454
Senegal,Sugar cane,2022,17969
Senegal,Sugar cane,2023,18099
Senegal,Sugar cane,2024,18488
Senegal,Sweet potatoes,2022,41516
Senegal,Sweet potatoes,2023,41816
Senegal,Sweet potatoes,2024,43071
Senegal,Tomatoes,2022,58687
Senegal,Tomatoes,2023,59503
Senegal,Tomatoes,2024,61288
Senegal,Watermelons,2022,656730
Senegal,Watermelons,2023,609217
Senegal,Watermelons,2024,599451
Serbia,Apples,2022,205796
Serbia,Apples,2023,160708
Serbia,Apples,2024,164731
Serbia,Apricots,2022,34967
Serbia,Apricots,2023,22915
Serbia,Apricots,2024,19515
Serbia,Barley,2022,76216
Serbia,Barley,2023,90754
Serbia,Barley,2024,87473
Serbia,"Beans, dry",2022,16433
Serbia,"Beans, dry",2023,16162
Serbia,"Beans, dry",2024,15176
Serbia,Cabbages,2022,31694
Serbia,Cabbages,2023,30398
Serbia,Cabbages,2024,26897
Serbia,Carrots and turnips,2022,15356
Serbia,Carrots and turnips,2023,13159
Serbia,Carrots and turnips,2024,15984
Serbia,Cherries,2022,36959
Serbia,Cherries,2023,25087
Serbia,Cherries,2024,31593
Serbia,"Chillies and peppers, dry (Capsicum spp., Pimenta spp.), raw",2022,14231
Serbia,"Chillies and peppers, dry (Capsicum spp., Pimenta spp.), raw",2023,14171
Serbia,"Chillies and peppers, dry (Capsicum spp., Pimenta spp.), raw",2024,14196
Serbia,"Chillies and peppers, green (Capsicum spp. and Pimenta spp.)",2022,60385
Serbia,"Chillies and peppers, green (Capsicum spp. and Pimenta spp.)",2023,50046
Serbia,"Chillies and peppers, green (Capsicum spp. and Pimenta spp.)",2024,80011
Serbia,"Cow peas, dry",2022,12404
Serbia,"Cow peas, dry",2023,12366
Serbia,"Cow peas, dry",2024,12329
Serbia,Cucumbers and gherkins,2022,10397
Serbia,Cucumbers and gherkins,2023,10033
Serbia,Cucumbers and gherkins,2024,10103
Serbia,Grapes,2022,114755
Serbia,Grapes,2023,92893
Serbia,Grapes,2024,91630
Serbia,Green garlic,2022,6024
Serbia,Green garlic,2023,5604
Serbia,Green garlic,2024,6110
Serbia,"Hen eggs in shell, fresh",2022,127235
Serbia,"Hen eggs in shell, fresh",2023,118319
Serbia,"Hen eggs in shell, fresh",2024,122426
Serbia,Hop cones,2022,342
Serbia,Hop cones,2023,347
Serbia,Hop cones,2024,346
Serbia,"Horse meat, fresh or chilled (indigenous)",2022,0
Serbia,"Horse meat, fresh or chilled (indigenous)",2023,22
Serbia,"Horse meat, fresh or chilled (indigenous)",2024,18
Serbia,Maize (corn),2022,621157
Serbia,Maize (corn),2023,961616
Serbia,Maize (corn),2024,740655
Serbia,"Meat of cattle with the bone, fresh or chilled (indigenous)",2022,303581
Serbia,"Meat of cattle with the bone, fresh or chilled (indigenous)",2023,307456
Serbia,"Meat of cattle with the bone, fresh or chilled (indigenous)",2024,307698
Serbia,"Meat of chickens, fresh or chilled (indigenous)",2022,175520
Serbia,"Meat of chickens, fresh or chilled (indigenous)",2023,192049
Serbia,"Meat of chickens, fresh or chilled (indigenous)",2024,211866
Serbia,"Meat of ducks, fresh or chilled (indigenous)",2022,27
Serbia,"Meat of ducks, fresh or chilled (indigenous)",2023,13
Serbia,"Meat of ducks, fresh or chilled (indigenous)",2024,27
Serbia,"Meat of goat, fresh or chilled (indigenous)",2022,11151
Serbia,"Meat of goat, fresh or chilled (indigenous)",2023,10558
Serbia,"Meat of goat, fresh or chilled (indigenous)",2024,8736
Serbia,"Meat of pig with the bone, fresh or chilled (indigenous)",2022,597040
Serbia,"Meat of pig with the bone, fresh or chilled (indigenous)",2023,576947
Serbia,"Meat of pig with the bone, fresh or chilled (indigenous)",2024,583152
Serbia,"Meat of sheep, fresh or chilled (indigenous)",2022,141962
Serbia,"Meat of sheep, fresh or chilled (indigenous)",2023,150561
Serbia,"Meat of sheep, fresh or chilled (indigenous)",2024,145304
Serbia,"Meat of turkeys, fresh or chilled (indigenous)",2022,17
Serbia,"Meat of turkeys, fresh or chilled (indigenous)",2023,17
Serbia,"Meat of turkeys, fresh or chilled (indigenous)",2024,17
Serbia,Natural honey,2022,48557
Serbia,Natural honey,2023,38721
Serbia,Natural honey,2024,50045
Serbia,Oats,2022,7812
Serbia,Oats,2023,9201
Serbia,Oats,2024,7821
Serbia,"Onions and shallots, dry (excluding dehydrated)",2022,7728
Serbia,"Onions and shallots, dry (excluding dehydrated)",2023,6153
Serbia,"Onions and shallots, dry (excluding dehydrated)",2024,7051
Serbia,"Other beans, green",2022,70675
Serbia,"Other beans, green",2023,70577
Serbia,"Other beans, green",2024,70605
Serbia,Peaches and nectarines,2022,26865
Serbia,Peaches and nectarines,2023,26484
Serbia,Peaches and nectarines,2024,20720
Serbia,Pears,2022,41514
Serbia,Pears,2023,33391
Serbia,Pears,2024,28101
Serbia,"Peas, green",2022,7045
Serbia,"Peas, green",2023,6569
Serbia,"Peas, green",2024,7014
Serbia,Plums and sloes,2022,229584
Serbia,Plums and sloes,2023,170435
Serbia,Plums and sloes,2024,181953
Serbia,Poppy seed,2022,1753
Serbia,Poppy seed,2023,1740
Serbia,Poppy seed,2024,1748
Serbia,Potatoes,2022,118231
Serbia,Potatoes,2023,135344
Serbia,Potatoes,2024,137451
Serbia,Quinces,2022,7233
Serbia,Quinces,2023,7059
Serbia,Quinces,2024,6714
Serbia,Rape or colza seed,2022,32539
Serbia,Rape or colza seed,2023,49558
Serbia,Rape or colza seed,2024,36190
Serbia,Raw milk of cattle,2022,456545
Serbia,Raw milk of cattle,2023,430350
Serbia,Raw milk of cattle,2024,419743
Serbia,Raw milk of goats,2022,19252
Serbia,Raw milk of goats,2023,11839
Serbia,Raw milk of goats,2024,10432
Serbia,Raw milk of sheep,2022,6618
Serbia,Raw milk of sheep,2023,8257
Serbia,Raw milk of sheep,2024,7385
Serbia,Rye,2022,3299
Serbia,Rye,2023,3349
Serbia,Rye,2024,3209
Serbia,"Shorn wool, greasy, including fleece-washed shorn wool",2022,3160
Serbia,"Shorn wool, greasy, including fleece-washed shorn wool",2023,2197
Serbia,"Shorn wool, greasy, including fleece-washed shorn wool",2024,2731
Serbia,Sorghum,2022,7418
Serbia,Sorghum,2023,7453
Serbia,Sorghum,2024,7488
Serbia,Sour cherries,2022,158684
Serbia,Sour cherries,2023,139773
Serbia,Sour cherries,2024,132026
Serbia,Soya beans,2022,148681
Serbia,Soya beans,2023,223784
Serbia,Soya beans,2024,129377
Serbia,Strawberries,2022,33569
Serbia,Strawberries,2023,24154
Serbia,Strawberries,2024,29435
Serbia,Sugar beet,2022,58809
Serbia,Sugar beet,2023,71986
Serbia,Sugar beet,2024,67832
Serbia,Sunflower seed,2022,196294
Serbia,Sunflower seed,2023,209353
Serbia,Sunflower seed,2024,189904
Serbia,Tomatoes,2022,77891
Serbia,Tomatoes,2023,59898
Serbia,Tomatoes,2024,92713
Serbia,Unmanufactured tobacco,2022,15172
Serbia,Unmanufactured tobacco,2023,17001
Serbia,Unmanufactured tobacco,2024,16102
Serbia,Vetches,2022,14782
Serbia,Vetches,2023,14782
Serbia,Vetches,2024,14782
Serbia,"Walnuts, in shell",2022,25629
Serbia,"Walnuts, in shell",2023,21437
Serbia,"Walnuts, in shell",2024,15420
Serbia,Watermelons,2022,23703
Serbia,Watermelons,2023,20782
Serbia,Watermelons,2024,23311
Serbia,Wheat,2022,517095
Serbia,Wheat,2023,573442
Serbia,Wheat,2024,482294
Seychelles,Avocados,2022,18
Seychelles,Avocados,2023,18
Seychelles,Avocados,2024,18
Seychelles,Bananas,2022,3234
Seychelles,Bananas,2023,3240
Seychelles,Bananas,2024,3247
Seychelles,"Cassava, fresh",2022,445
Seychelles,"Cassava, fresh",2023,447
Seychelles,"Cassava, fresh",2024,447
Seychelles,"Cinnamon and cinnamon-tree flowers, raw",2022,0
Seychelles,"Coconuts, in shell",2022,10669
Seychelles,"Coconuts, in shell",2023,10669
Seychelles,"Coconuts, in shell",2024,10517
Seychelles,"Hen eggs in shell, fresh",2022,9634
Seychelles,"Hen eggs in shell, fresh",2023,10230
Seychelles,"Hen eggs in shell, fresh",2024,10290
Seychelles,Lemons and limes,2022,288
Seychelles,Lemons and limes,2023,288
Seychelles,Lemons and limes,2024,288
Seychelles,"Mangoes, guavas and mangosteens",2022,133
Seychelles,"Mangoes, guavas and mangosteens",2023,134
Seychelles,"Mangoes, guavas and mangosteens",2024,133
Seychelles,Oranges,2022,120
Seychelles,Oranges,2023,119
Seychelles,Oranges,2024,120
Seychelles,Pineapples,2022,231
Seychelles,Pineapples,2023,231
Seychelles,Pineapples,2024,230
Seychelles,Tea leaves,2022,83
Seychelles,Tomatoes,2022,1566
Seychelles,Tomatoes,2023,1559
Seychelles,Tomatoes,2024,1563
Sierra Leone,"Broad beans and horse beans, dry",2022,6090
Sierra Leone,"Broad beans and horse beans, dry",2023,3791
Sierra Leone,"Broad beans and horse beans, dry",2024,32588
Sierra Leone,"Cassava, fresh",2022,1223997
Sierra Leone,"Cassava, fresh",2023,1138215
Sierra Leone,"Cassava, fresh",2024,1215745
Sierra Leone,"Coconuts, in shell",2022,5493
Sierra Leone,"Coconuts, in shell",2023,5493
Sierra Leone,"Coconuts, in shell",2024,5126
Sierra Leone,"Groundnuts, excluding shelled",2022,87938
Sierra Leone,"Groundnuts, excluding shelled",2023,95040
Sierra Leone,"Groundnuts, excluding shelled",2024,79060
Sierra Leone,"Hen eggs in shell, fresh",2022,44269
Sierra Leone,"Hen eggs in shell, fresh",2023,44300
Sierra Leone,"Hen eggs in shell, fresh",2024,44258
Sierra Leone,Kola nuts,2022,23699
Sierra Leone,Kola nuts,2023,22623
Sierra Leone,Kola nuts,2024,15775
Sierra Leone,Maize (corn),2022,25789
Sierra Leone,Maize (corn),2023,27179
Sierra Leone,Maize (corn),2024,29488
Sierra Leone,"Mangoes, guavas and mangosteens",2022,38386
Sierra Leone,"Mangoes, guavas and mangosteens",2023,42858
Sierra Leone,"Mangoes, guavas and mangosteens",2024,43840
Sierra Leone,"Other citrus fruit, n.e.c.",2022,63698
Sierra Leone,"Other citrus fruit, n.e.c.",2023,63800
Sierra Leone,"Other citrus fruit, n.e.c.",2024,63638
Sierra Leone,"Other vegetables, fresh n.e.c.",2022,535666
Sierra Leone,"Other vegetables, fresh n.e.c.",2023,531746
Sierra Leone,"Other vegetables, fresh n.e.c.",2024,233222
Sierra Leone,Plantains and cooking bananas,2022,50908
Sierra Leone,Plantains and cooking bananas,2023,50982
Sierra Leone,Plantains and cooking bananas,2024,50861
Sierra Leone,Rice,2022,959889
Sierra Leone,Rice,2023,903821
Sierra Leone,Rice,2024,955628
Sierra Leone,Sesame seed,2022,8160
Sierra Leone,Sesame seed,2023,7499
Sierra Leone,Sesame seed,2024,16104
Sierra Leone,Sweet potatoes,2022,252694
Sierra Leone,Sweet potatoes,2023,265742
Sierra Leone,Sweet potatoes,2024,253911
Sierra Leone,Tomatoes,2022,62880
Sierra Leone,Tomatoes,2023,64603
Sierra Leone,Tomatoes,2024,64192
Sierra Leone,Unmanufactured tobacco,2022,589
Sierra Leone,Unmanufactured tobacco,2023,587
Sierra Leone,Unmanufactured tobacco,2024,590
Singapore,Cabbages,2022,731
Singapore,Cabbages,2023,727
Singapore,Cabbages,2024,728
Singapore,"Cassava, fresh",2022,0
Singapore,"Cassava, fresh",2023,0
Singapore,"Cassava, fresh",2024,0
Singapore,"Coconuts, in shell",2022,54
Singapore,"Coconuts, in shell",2023,54
Singapore,"Coconuts, in shell",2024,53
Singapore,"Edible roots and tubers with high starch or inulin content, n.e.c., fresh",2022,5
Singapore,"Edible roots and tubers with high starch or inulin content, n.e.c., fresh",2023,5
Singapore,"Edible roots and tubers with high starch or inulin content, n.e.c., fresh",2024,5
Singapore,"Eggs from other birds in shell, fresh, n.e.c.",2022,7463
Singapore,"Eggs from other birds in shell, fresh, n.e.c.",2023,7463
Singapore,"Eggs from other birds in shell, fresh, n.e.c.",2024,7463
Singapore,"Hen eggs in shell, fresh",2022,61355
Singapore,"Hen eggs in shell, fresh",2023,69008
Singapore,"Hen eggs in shell, fresh",2024,77919
Singapore,Lettuce and chicory,2022,1195
Singapore,Lettuce and chicory,2023,1755
Singapore,Lettuce and chicory,2024,2389
Singapore,"Meat of cattle with the bone, fresh or chilled (indigenous)",2022,430
Singapore,"Meat of cattle with the bone, fresh or chilled (indigenous)",2023,427
Singapore,"Meat of cattle with the bone, fresh or chilled (indigenous)",2024,423
Singapore,"Meat of chickens, fresh or chilled (indigenous)",2022,85
Singapore,"Meat of chickens, fresh or chilled (indigenous)",2023,3
Singapore,"Meat of chickens, fresh or chilled (indigenous)",2024,3
Singapore,"Meat of ducks, fresh or chilled (indigenous)",2022,37
Singapore,"Meat of ducks, fresh or chilled (indigenous)",2023,2
Singapore,"Meat of ducks, fresh or chilled (indigenous)",2024,62
Singapore,"Meat of goat, fresh or chilled (indigenous)",2022,47
Singapore,"Meat of goat, fresh or chilled (indigenous)",2023,7
Singapore,"Meat of goat, fresh or chilled (indigenous)",2024,49
Singapore,"Meat of pig with the bone, fresh or chilled (indigenous)",2022,14001
Singapore,"Meat of pig with the bone, fresh or chilled (indigenous)",2023,0
Singapore,"Meat of pig with the bone, fresh or chilled (indigenous)",2024,0
Singapore,"Meat of sheep, fresh or chilled (indigenous)",2022,125
Singapore,"Meat of sheep, fresh or chilled (indigenous)",2023,75
Singapore,"Meat of sheep, fresh or chilled (indigenous)",2024,0
Singapore,Mushrooms and truffles,2022,1477
Singapore,Mushrooms and truffles,2023,1796
Singapore,Mushrooms and truffles,2024,1715
Singapore,"Other fruits, n.e.c.",2022,8
Singapore,"Other fruits, n.e.c.",2023,8
Singapore,"Other fruits, n.e.c.",2024,8
Singapore,"Other vegetables, fresh n.e.c.",2022,18829
Singapore,"Other vegetables, fresh n.e.c.",2023,15647
Singapore,"Other vegetables, fresh n.e.c.",2024,14874
Singapore,Spinach,2022,1597
Singapore,Spinach,2023,1605
Singapore,Spinach,2024,1614
Singapore,Sweet potatoes,2022,0
Singapore,Sweet potatoes,2023,0
Singapore,Sweet potatoes,2024,0
Singapore,Tomatoes,2022,1
Singapore,Tomatoes,2023,0
Singapore,Tomatoes,2024,0
South Africa,Apples,2022,605674
South Africa,Apples,2023,589464
South Africa,Apples,2024,652717
South Africa,Apricots,2022,22721
South Africa,Apricots,2023,19315
South Africa,Apricots,2024,19080
South Africa,Asparagus,2022,1494
South Africa,Asparagus,2023,3932
South Africa,Asparagus,2024,4069
South Africa,Avocados,2022,80419
South Africa,Avocados,2023,84517
South Africa,Avocados,2024,95825
South Africa,Bananas,2022,206057
South Africa,Bananas,2023,175982
South Africa,Bananas,2024,176858
South Africa,Barley,2022,71908
South Africa,Barley,2023,89766
South Africa,Barley,2024,89051
South Africa,"Beans, dry",2022,50424
South Africa,"Beans, dry",2023,48190
South Africa,"Beans, dry",2024,48415
South Africa,Buckwheat,2022,20
South Africa,Buckwheat,2023,20
South Africa,Buckwheat,2024,20
South Africa,Cabbages,2022,27787
South Africa,Cabbages,2023,30959
South Africa,Cabbages,2024,30855
South Africa,Cantaloupes and other melons,2022,7878
South Africa,Cantaloupes and other melons,2023,7919
South Africa,Cantaloupes and other melons,2024,8471
South Africa,Carrots and turnips,2022,51497
South Africa,Carrots and turnips,2023,49542
South Africa,Carrots and turnips,2024,52513
South Africa,Castor oil seeds,2022,2171
South Africa,Castor oil seeds,2023,2181
South Africa,Castor oil seeds,2024,2188
South Africa,Cauliflowers and broccoli,2022,5267
South Africa,Cauliflowers and broccoli,2023,5084
South Africa,Cauliflowers and broccoli,2024,5683
South Africa,Cereals n.e.c.,2022,2843
South Africa,Cereals n.e.c.,2023,2819
South Africa,Cereals n.e.c.,2024,2841
South Africa,Cherries,2022,6887
South Africa,Cherries,2023,7170
South Africa,Cherries,2024,6915
South Africa,Chicory roots,2022,1324
South Africa,Chicory roots,2023,623
South Africa,Chicory roots,2024,481
South Africa,"Chillies and peppers, dry (Capsicum spp., Pimenta spp.), raw",2022,14209
South Africa,"Chillies and peppers, dry (Capsicum spp., Pimenta spp.), raw",2023,14230
South Africa,"Chillies and peppers, dry (Capsicum spp., Pimenta spp.), raw",2024,14194
South Africa,"Chillies and peppers, green (Capsicum spp. and Pimenta spp.)",2022,1356
South Africa,"Chillies and peppers, green (Capsicum spp. and Pimenta spp.)",2023,1416
South Africa,"Chillies and peppers, green (Capsicum spp. and Pimenta spp.)",2024,1435
South Africa,"Cow peas, dry",2022,1843
South Africa,"Cow peas, dry",2023,1835
South Africa,"Cow peas, dry",2024,1827
South Africa,Cucumbers and gherkins,2022,16350
South Africa,Cucumbers and gherkins,2023,16295
South Africa,Cucumbers and gherkins,2024,18044
South Africa,Figs,2022,2829
South Africa,Figs,2023,2670
South Africa,Figs,2024,1621
South Africa,"Game meat, fresh, chilled or frozen",2022,126753
South Africa,"Game meat, fresh, chilled or frozen",2023,128738
South Africa,"Game meat, fresh, chilled or frozen",2024,131574
South Africa,Grapes,2022,2167224
South Africa,Grapes,2023,2071787
South Africa,Grapes,2024,1963837
South Africa,Green corn (maize),2022,377497
South Africa,Green corn (maize),2023,385260
South Africa,Green corn (maize),2024,376394
South Africa,"Groundnuts, excluding shelled",2022,30360
South Africa,"Groundnuts, excluding shelled",2023,33177
South Africa,"Groundnuts, excluding shelled",2024,32551
South Africa,"Hen eggs in shell, fresh",2022,756134
South Africa,"Hen eggs in shell, fresh",2023,645809
South Africa,"Hen eggs in shell, fresh",2024,582573
South Africa,Hop cones,2022,645
South Africa,Hop cones,2023,642
South Africa,Hop cones,2024,643
South Africa,"Horse meat, fresh or chilled (indigenous)",2022,2038
South Africa,"Horse meat, fresh or chilled (indigenous)",2023,2296
South Africa,"Horse meat, fresh or chilled (indigenous)",2024,2291
South Africa,"Kenaf, and other textile bast fibres, raw or retted",2022,486
South Africa,"Kenaf, and other textile bast fibres, raw or retted",2023,483
South Africa,"Kenaf, and other textile bast fibres, raw or retted",2024,486
South Africa,Lemons and limes,2022,477247
South Africa,Lemons and limes,2023,495957
South Africa,Lemons and limes,2024,458452
South Africa,Lettuce and chicory,2022,13001
South Africa,Lettuce and chicory,2023,12270
South Africa,Lettuce and chicory,2024,13381
South Africa,Lupins,2022,2842
South Africa,Lupins,2023,2887
South Africa,Lupins,2024,3465
South Africa,Maize (corn),2022,2981918
South Africa,Maize (corn),2023,3166963
South Africa,Maize (corn),2024,2476900
South Africa,"Mangoes, guavas and mangosteens",2022,69318
South Africa,"Mangoes, guavas and mangosteens",2023,54193
South Africa,"Mangoes, guavas and mangosteens",2024,63576
South Africa,"Meat of cattle with the bone, fresh or chilled (indigenous)",2022,2412324
South Africa,"Meat of cattle with the bone, fresh or chilled (indigenous)",2023,2425360
South Africa,"Meat of cattle with the bone, fresh or chilled (indigenous)",2024,2539874
South Africa,"Meat of chickens, fresh or chilled (indigenous)",2022,3300651
South Africa,"Meat of chickens, fresh or chilled (indigenous)",2023,3143316
South Africa,"Meat of chickens, fresh or chilled (indigenous)",2024,3239747
South Africa,"Meat of ducks, fresh or chilled (indigenous)",2022,1029
South Africa,"Meat of ducks, fresh or chilled (indigenous)",2023,1036
South Africa,"Meat of ducks, fresh or chilled (indigenous)",2024,1041
South Africa,"Meat of geese, fresh or chilled (indigenous)",2022,427
South Africa,"Meat of geese, fresh or chilled (indigenous)",2023,429
South Africa,"Meat of geese, fresh or chilled (indigenous)",2024,431
South Africa,"Meat of goat, fresh or chilled (indigenous)",2022,35332
South Africa,"Meat of goat, fresh or chilled (indigenous)",2023,36860
South Africa,"Meat of goat, fresh or chilled (indigenous)",2024,39663
South Africa,"Meat of pig with the bone, fresh or chilled (indigenous)",2022,624541
South Africa,"Meat of pig with the bone, fresh or chilled (indigenous)",2023,624400
South Africa,"Meat of pig with the bone, fresh or chilled (indigenous)",2024,646227
South Africa,"Meat of sheep, fresh or chilled (indigenous)",2022,606910
South Africa,"Meat of sheep, fresh or chilled (indigenous)",2023,556845
South Africa,"Meat of sheep, fresh or chilled (indigenous)",2024,631286
South Africa,"Meat of turkeys, fresh or chilled (indigenous)",2022,4687
South Africa,"Meat of turkeys, fresh or chilled (indigenous)",2023,4715
South Africa,"Meat of turkeys, fresh or chilled (indigenous)",2024,4744
South Africa,Millet,2022,801
South Africa,Millet,2023,801
South Africa,Millet,2024,801
South Africa,Mushrooms and truffles,2022,44189
South Africa,Mushrooms and truffles,2023,49237
South Africa,Mushrooms and truffles,2024,51568
South Africa,Natural honey,2022,2333
South Africa,Natural honey,2023,2333
South Africa,Natural honey,2024,2334
South Africa,Oats,2022,7191
South Africa,Oats,2023,10702
South Africa,Oats,2024,11172
South Africa,"Onions and shallots, dry (excluding dehydrated)",2022,163996
South Africa,"Onions and shallots, dry (excluding dehydrated)",2023,157395
South Africa,"Onions and shallots, dry (excluding dehydrated)",2024,169963
South Africa,Oranges,2022,476287
South Africa,Oranges,2023,439193
South Africa,Oranges,2024,454346
South Africa,"Other beans, green",2022,10594
South Africa,"Other beans, green",2023,8613
South Africa,"Other beans, green",2024,8303
South Africa,Other berries and fruits of the genus vaccinium n.e.c.,2022,35000
South Africa,Other berries and fruits of the genus vaccinium n.e.c.,2023,23962
South Africa,Other berries and fruits of the genus vaccinium n.e.c.,2024,29370
South Africa,"Other citrus fruit, n.e.c.",2022,4454
South Africa,"Other citrus fruit, n.e.c.",2023,4460
South Africa,"Other citrus fruit, n.e.c.",2024,4451
South Africa,"Other fibre crops, raw, n.e.c.",2022,1115
South Africa,"Other fibre crops, raw, n.e.c.",2023,1105
South Africa,"Other fibre crops, raw, n.e.c.",2024,1115
South Africa,"Other fruits, n.e.c.",2022,12054
South Africa,"Other fruits, n.e.c.",2023,8436
South Africa,"Other fruits, n.e.c.",2024,8977
South Africa,"Other nuts (excluding wild edible nuts and groundnuts), in shell, n.e.c.",2022,763576
South Africa,"Other nuts (excluding wild edible nuts and groundnuts), in shell, n.e.c.",2023,755111
South Africa,"Other nuts (excluding wild edible nuts and groundnuts), in shell, n.e.c.",2024,759142
South Africa,"Other oil seeds, n.e.c.",2022,4777
South Africa,"Other oil seeds, n.e.c.",2023,4804
South Africa,"Other oil seeds, n.e.c.",2024,4786
South Africa,"Other vegetables, fresh n.e.c.",2022,70974
South Africa,"Other vegetables, fresh n.e.c.",2023,67499
South Africa,"Other vegetables, fresh n.e.c.",2024,71903
South Africa,Papayas,2022,4731
South Africa,Papayas,2023,4335
South Africa,Papayas,2024,4419
South Africa,Peaches and nectarines,2022,131056
South Africa,Peaches and nectarines,2023,122457
South Africa,Peaches and nectarines,2024,88719
South Africa,Pears,2022,271129
South Africa,Pears,2023,237738
South Africa,Pears,2024,229869
South Africa,"Peas, dry",2022,740
South Africa,"Peas, dry",2023,735
South Africa,"Peas, dry",2024,741
South Africa,"Peas, green",2022,2384
South Africa,"Peas, green",2023,2163
South Africa,"Peas, green",2024,1500
South Africa,Pineapples,2022,54521
South Africa,Pineapples,2023,52870
South Africa,Pineapples,2024,49978
South Africa,Plums and sloes,2022,82398
South Africa,Plums and sloes,2023,69850
South Africa,Plums and sloes,2024,61029
South Africa,Pomelos and grapefruits,2022,131135
South Africa,Pomelos and grapefruits,2023,128207
South Africa,Pomelos and grapefruits,2024,132818
South Africa,Potatoes,2022,603102
South Africa,Potatoes,2023,575336
South Africa,Potatoes,2024,624843
South Africa,"Pumpkins, squash and gourds",2022,101830
South Africa,"Pumpkins, squash and gourds",2023,101527
South Africa,"Pumpkins, squash and gourds",2024,108169
South Africa,Quinces,2022,261
South Africa,Quinces,2023,238
South Africa,Quinces,2024,175
South Africa,Raw milk of cattle,2022,1263329
South Africa,Raw milk of cattle,2023,1278768
South Africa,Raw milk of cattle,2024,1303270
South Africa,Rice,2022,1373
South Africa,Rice,2023,1373
South Africa,Rice,2024,1373
South Africa,Rye,2022,345
South Africa,Rye,2023,343
South Africa,Rye,2024,344
South Africa,"Seed cotton, unginned",2022,25746
South Africa,"Seed cotton, unginned",2023,26882
South Africa,"Seed cotton, unginned",2024,30266
South Africa,"Shorn wool, greasy, including fleece-washed shorn wool",2022,409552
South Africa,"Shorn wool, greasy, including fleece-washed shorn wool",2023,408571
South Africa,"Shorn wool, greasy, including fleece-washed shorn wool",2024,407589
South Africa,"Sisal, raw",2022,1155
South Africa,"Sisal, raw",2023,1151
South Africa,"Sisal, raw",2024,1148
South Africa,Sorghum,2022,22764
South Africa,Sorghum,2023,20826
South Africa,Sorghum,2024,21630
South Africa,Soya beans,2022,968913
South Africa,Soya beans,2023,1203537
South Africa,Soya beans,2024,802938
South Africa,Strawberries,2022,23948
South Africa,Strawberries,2023,24712
South Africa,Strawberries,2024,28048
South Africa,Sugar cane,2022,681517
South Africa,Sugar cane,2023,682772
South Africa,Sugar cane,2024,636998
South Africa,Sunflower seed,2022,331927
South Africa,Sunflower seed,2023,282642
South Africa,Sunflower seed,2024,248096
South Africa,Sweet potatoes,2022,28035
South Africa,Sweet potatoes,2023,23159
South Africa,Sweet potatoes,2024,21581
South Africa,"Tangerines, mandarins, clementines",2022,380558
South Africa,"Tangerines, mandarins, clementines",2023,430584
South Africa,"Tangerines, mandarins, clementines",2024,458575
South Africa,Tea leaves,2022,2652
South Africa,Tea leaves,2023,2773
South Africa,Tea leaves,2024,2721
South Africa,Tomatoes,2022,151751
South Africa,Tomatoes,2023,171245
South Africa,Tomatoes,2024,163958
South Africa,Unmanufactured tobacco,2022,31905
South Africa,Unmanufactured tobacco,2023,30354
South Africa,Unmanufactured tobacco,2024,35832
South Africa,Watermelons,2022,11729
South Africa,Watermelons,2023,11839
South Africa,Watermelons,2024,16467
South Africa,Wheat,2022,582941
South Africa,Wheat,2023,566364
South Africa,Wheat,2024,531800
Sri Lanka,Areca nuts,2022,62122
Sri Lanka,Areca nuts,2023,67296
Sri Lanka,Areca nuts,2024,66167
Sri Lanka,"Beans, dry",2022,3254
Sri Lanka,"Beans, dry",2023,3254
Sri Lanka,"Beans, dry",2024,3255
Sri Lanka,Cabbages,2022,46638
Sri Lanka,Cabbages,2023,40011
Sri Lanka,Cabbages,2024,42693
Sri Lanka,Carrots and turnips,2022,52183
Sri Lanka,Carrots and turnips,2023,44187
Sri Lanka,Carrots and turnips,2024,49500
Sri Lanka,"Cashew nuts, in shell",2022,46838
Sri Lanka,"Cashew nuts, in shell",2023,41382
Sri Lanka,"Cashew nuts, in shell",2024,44537
Sri Lanka,"Cassava, fresh",2022,84000
Sri Lanka,"Cassava, fresh",2023,97126
Sri Lanka,"Cassava, fresh",2024,85157
Sri Lanka,"Chillies and peppers, green (Capsicum spp. and Pimenta spp.)",2022,143510
Sri Lanka,"Chillies and peppers, green (Capsicum spp. and Pimenta spp.)",2023,145637
Sri Lanka,"Chillies and peppers, green (Capsicum spp. and Pimenta spp.)",2024,141378
Sri Lanka,"Cinnamon and cinnamon-tree flowers, raw",2022,197843
Sri Lanka,"Cinnamon and cinnamon-tree flowers, raw",2023,186570
Sri Lanka,"Cinnamon and cinnamon-tree flowers, raw",2024,171393
Sri Lanka,"Cloves (whole stems), raw",2022,48609
Sri Lanka,"Cloves (whole stems), raw",2023,50112
Sri Lanka,"Cloves (whole stems), raw",2024,49382
Sri Lanka,Cocoa beans,2022,2470
Sri Lanka,Cocoa beans,2023,2672
Sri Lanka,Cocoa beans,2024,2327
Sri Lanka,"Coconuts, in shell",2022,792710
Sri Lanka,"Coconuts, in shell",2023,741047
Sri Lanka,"Coconuts, in shell",2024,652682
Sri Lanka,"Coffee, green",2022,9750
Sri Lanka,"Coffee, green",2023,9592
Sri Lanka,"Coffee, green",2024,10334
Sri Lanka,"Cow peas, dry",2022,17584
Sri Lanka,"Cow peas, dry",2023,15164
Sri Lanka,"Cow peas, dry",2024,13520
Sri Lanka,Cucumbers and gherkins,2022,8972
Sri Lanka,Cucumbers and gherkins,2023,12445
Sri Lanka,Cucumbers and gherkins,2024,12417
Sri Lanka,Eggplants (aubergines),2022,52362
Sri Lanka,Eggplants (aubergines),2023,55154
Sri Lanka,Eggplants (aubergines),2024,50727
Sri Lanka,"Eggs from other birds in shell, fresh, n.e.c.",2022,64
Sri Lanka,"Eggs from other birds in shell, fresh, n.e.c.",2023,64
Sri Lanka,"Eggs from other birds in shell, fresh, n.e.c.",2024,64
Sri Lanka,"Ginger, raw",2022,112361
Sri Lanka,"Ginger, raw",2023,92965
Sri Lanka,"Ginger, raw",2024,81257
Sri Lanka,"Groundnuts, excluding shelled",2022,28591
Sri Lanka,"Groundnuts, excluding shelled",2023,31219
Sri Lanka,"Groundnuts, excluding shelled",2024,30464
Sri Lanka,"Hen eggs in shell, fresh",2022,157270
Sri Lanka,"Hen eggs in shell, fresh",2023,136452
Sri Lanka,"Hen eggs in shell, fresh",2024,144000
Sri Lanka,Leeks and other alliaceous vegetables,2022,29464
Sri Lanka,Leeks and other alliaceous vegetables,2023,23171
Sri Lanka,Leeks and other alliaceous vegetables,2024,26734
Sri Lanka,Lemons and limes,2022,12977
Sri Lanka,Lemons and limes,2023,13738
Sri Lanka,Lemons and limes,2024,9881
Sri Lanka,Maize (corn),2022,69962
Sri Lanka,Maize (corn),2023,59755
Sri Lanka,Maize (corn),2024,60362
Sri Lanka,"Mangoes, guavas and mangosteens",2022,82095
Sri Lanka,"Mangoes, guavas and mangosteens",2023,77162
Sri Lanka,"Mangoes, guavas and mangosteens",2024,70055
Sri Lanka,"Meat of buffalo, fresh or chilled (indigenous)",2022,22182
Sri Lanka,"Meat of buffalo, fresh or chilled (indigenous)",2023,21941
Sri Lanka,"Meat of buffalo, fresh or chilled (indigenous)",2024,23814
Sri Lanka,"Meat of cattle with the bone, fresh or chilled (indigenous)",2022,30215
Sri Lanka,"Meat of cattle with the bone, fresh or chilled (indigenous)",2023,29855
Sri Lanka,"Meat of cattle with the bone, fresh or chilled (indigenous)",2024,32669
Sri Lanka,"Meat of chickens, fresh or chilled (indigenous)",2022,586015
Sri Lanka,"Meat of chickens, fresh or chilled (indigenous)",2023,605270
Sri Lanka,"Meat of chickens, fresh or chilled (indigenous)",2024,663742
Sri Lanka,"Meat of ducks, fresh or chilled (indigenous)",2022,24
Sri Lanka,"Meat of ducks, fresh or chilled (indigenous)",2023,28
Sri Lanka,"Meat of ducks, fresh or chilled (indigenous)",2024,30
Sri Lanka,"Meat of goat, fresh or chilled (indigenous)",2022,18317
Sri Lanka,"Meat of goat, fresh or chilled (indigenous)",2023,18796
Sri Lanka,"Meat of goat, fresh or chilled (indigenous)",2024,18180
Sri Lanka,"Meat of pig with the bone, fresh or chilled (indigenous)",2022,3263
Sri Lanka,"Meat of pig with the bone, fresh or chilled (indigenous)",2023,2297
Sri Lanka,"Meat of pig with the bone, fresh or chilled (indigenous)",2024,2320
Sri Lanka,Millet,2022,9410
Sri Lanka,Millet,2023,8180
Sri Lanka,Millet,2024,7300
Sri Lanka,Mustard seed,2022,126
Sri Lanka,Mustard seed,2023,132
Sri Lanka,Mustard seed,2024,560
Sri Lanka,Natural rubber in primary forms,2022,128201
Sri Lanka,Natural rubber in primary forms,2023,116582
Sri Lanka,Natural rubber in primary forms,2024,125314
Sri Lanka,"Nutmeg, mace, cardamoms, raw",2022,44808
Sri Lanka,"Nutmeg, mace, cardamoms, raw",2023,42218
Sri Lanka,"Nutmeg, mace, cardamoms, raw",2024,42207
Sri Lanka,"Onions and shallots, dry (excluding dehydrated)",2022,40856
Sri Lanka,"Onions and shallots, dry (excluding dehydrated)",2023,33061
Sri Lanka,"Onions and shallots, dry (excluding dehydrated)",2024,32396
Sri Lanka,Oranges,2022,4383
Sri Lanka,Oranges,2023,5142
Sri Lanka,Oranges,2024,4256
Sri Lanka,"Other beans, green",2022,117650
Sri Lanka,"Other beans, green",2023,113557
Sri Lanka,"Other beans, green",2024,111306
Sri Lanka,"Other fruits, n.e.c.",2022,11791
Sri Lanka,"Other fruits, n.e.c.",2023,11801
Sri Lanka,"Other fruits, n.e.c.",2024,11812
Sri Lanka,"Other stimulant, spice and aromatic crops, n.e.c.",2022,3558
Sri Lanka,"Other stimulant, spice and aromatic crops, n.e.c.",2023,3543
Sri Lanka,"Other stimulant, spice and aromatic crops, n.e.c.",2024,3538
Sri Lanka,"Other vegetables, fresh n.e.c.",2022,52849
Sri Lanka,"Other vegetables, fresh n.e.c.",2023,40821
Sri Lanka,"Other vegetables, fresh n.e.c.",2024,45861
Sri Lanka,"Pepper (Piper spp.), raw",2022,368062
Sri Lanka,"Pepper (Piper spp.), raw",2023,377045
Sri Lanka,"Pepper (Piper spp.), raw",2024,371209
Sri Lanka,Pineapples,2022,24936
Sri Lanka,Pineapples,2023,21378
Sri Lanka,Pineapples,2024,23783
Sri Lanka,Plantains and cooking bananas,2022,203436
Sri Lanka,Plantains and cooking bananas,2023,201205
Sri Lanka,Plantains and cooking bananas,2024,190851
Sri Lanka,Potatoes,2022,30893
Sri Lanka,Potatoes,2023,26439
Sri Lanka,Potatoes,2024,27385
Sri Lanka,"Pumpkins, squash and gourds",2022,53184
Sri Lanka,"Pumpkins, squash and gourds",2023,67537
Sri Lanka,"Pumpkins, squash and gourds",2024,48160
Sri Lanka,Raw milk of buffalo,2022,43529
Sri Lanka,Raw milk of buffalo,2023,46425
Sri Lanka,Raw milk of buffalo,2024,44418
Sri Lanka,Raw milk of cattle,2022,184279
Sri Lanka,Raw milk of cattle,2023,180719
Sri Lanka,Raw milk of cattle,2024,183524
Sri Lanka,Raw milk of goats,2022,6577
Sri Lanka,Raw milk of goats,2023,6409
Sri Lanka,Raw milk of goats,2024,6425
Sri Lanka,Rice,2022,975106
Sri Lanka,Rice,2023,1297140
Sri Lanka,Rice,2024,1350315
Sri Lanka,Sesame seed,2022,12376
Sri Lanka,Sesame seed,2023,13733
Sri Lanka,Sesame seed,2024,12706
Sri Lanka,Sorghum,2022,72
Sri Lanka,Sorghum,2023,204
Sri Lanka,Sorghum,2024,144
Sri Lanka,Soya beans,2022,3729
Sri Lanka,Soya beans,2023,7552
Sri Lanka,Soya beans,2024,6015
Sri Lanka,Sugar cane,2022,27933
Sri Lanka,Sugar cane,2023,25670
Sri Lanka,Sugar cane,2024,22208
Sri Lanka,Sweet potatoes,2022,14465
Sri Lanka,Sweet potatoes,2023,17201
Sri Lanka,Sweet potatoes,2024,16002
Sri Lanka,Tea leaves,2022,687087
Sri Lanka,Tea leaves,2023,734028
Sri Lanka,Tea leaves,2024,743048
Sri Lanka,Tomatoes,2022,43372
Sri Lanka,Tomatoes,2023,39597
Sri Lanka,Tomatoes,2024,36556
Sri Lanka,Unmanufactured tobacco,2022,127706
Sri Lanka,Unmanufactured tobacco,2023,166547
Sri Lanka,Unmanufactured tobacco,2024,164442
Sudan,Bananas,2022,764868
Sudan,Bananas,2023,764661
Sudan,Bananas,2024,769035
Sudan,Eggplants (aubergines),2022,74913
Sudan,Eggplants (aubergines),2023,75074
Sudan,Eggplants (aubergines),2024,74791
Sudan,"Groundnuts, excluding shelled",2022,1288874
Sudan,"Groundnuts, excluding shelled",2023,675998
Sudan,"Groundnuts, excluding shelled",2024,821363
Sudan,Lemons and limes,2022,465954
Sudan,Lemons and limes,2023,491723
Sudan,Lemons and limes,2024,514728
Sudan,Melonseed,2022,110592
Sudan,Melonseed,2023,108939
Sudan,Melonseed,2024,111325
Sudan,Millet,2022,767134
Sudan,Millet,2023,313122
Sudan,Millet,2024,363238
Sudan,Okra,2022,415524
Sudan,Okra,2023,413660
Sudan,Okra,2024,414584
Sudan,Potatoes,2022,535850
Sudan,Potatoes,2023,543674
Sudan,Potatoes,2024,559270
Sudan,Sesame seed,2022,1470783
Sudan,Sesame seed,2023,1043899
Sudan,Sesame seed,2024,1089255
Sudan,Sorghum,2022,1636738
Sudan,Sorghum,2023,952759
Sudan,Sorghum,2024,1682218
Sudan,Sweet potatoes,2022,219327
Sudan,Sweet potatoes,2023,224440
Sudan,Sweet potatoes,2024,228597
Sudan,Tomatoes,2022,990749
Sudan,Tomatoes,2023,997064
Sudan,Tomatoes,2024,993811
Sudan,Wheat,2022,204712
Sudan,Wheat,2023,162430
Sudan,Wheat,2024,210751
Suriname,Avocados,2022,260
Suriname,Avocados,2023,131
Suriname,Avocados,2024,181
Suriname,Bananas,2022,1755
Suriname,Bananas,2023,1443
Suriname,Bananas,2024,1282
Suriname,Cabbages,2022,605
Suriname,Cabbages,2023,582
Suriname,Cabbages,2024,630
Suriname,"Cassava, fresh",2022,1764
Suriname,"Cassava, fresh",2023,1715
Suriname,"Cassava, fresh",2024,1720
Suriname,Cocoa beans,2022,9
Suriname,Cocoa beans,2023,9
Suriname,Cocoa beans,2024,9
Suriname,"Coconuts, in shell",2022,1512
Suriname,"Coconuts, in shell",2023,1385
Suriname,"Coconuts, in shell",2024,1815
Suriname,"Coffee, green",2022,8
Suriname,"Coffee, green",2023,8
Suriname,"Coffee, green",2024,8
Suriname,Cucumbers and gherkins,2022,246
Suriname,Cucumbers and gherkins,2023,258
Suriname,Cucumbers and gherkins,2024,278
Suriname,"Edible roots and tubers with high starch or inulin content, n.e.c., fresh",2022,2405
Suriname,"Edible roots and tubers with high starch or inulin content, n.e.c., fresh",2023,2396
Suriname,"Edible roots and tubers with high starch or inulin content, n.e.c., fresh",2024,2400
Suriname,"Groundnuts, excluding shelled",2022,147
Suriname,"Groundnuts, excluding shelled",2023,41
Suriname,"Groundnuts, excluding shelled",2024,27
Suriname,"Hen eggs in shell, fresh",2022,13701
Suriname,"Hen eggs in shell, fresh",2023,13580
Suriname,"Hen eggs in shell, fresh",2024,14198
Suriname,Lemons and limes,2022,1362
Suriname,Lemons and limes,2023,1115
Suriname,Lemons and limes,2024,994
Suriname,Maize (corn),2022,54
Suriname,Maize (corn),2023,196
Suriname,Maize (corn),2024,208
Suriname,"Mangoes, guavas and mangosteens",2022,263
Suriname,"Mangoes, guavas and mangosteens",2023,264
Suriname,"Mangoes, guavas and mangosteens",2024,340
Suriname,"Meat of cattle with the bone, fresh or chilled (indigenous)",2022,9510
Suriname,"Meat of cattle with the bone, fresh or chilled (indigenous)",2023,8979
Suriname,"Meat of cattle with the bone, fresh or chilled (indigenous)",2024,8105
Suriname,"Meat of chickens, fresh or chilled (indigenous)",2022,42744
Suriname,"Meat of chickens, fresh or chilled (indigenous)",2023,32766
Suriname,"Meat of chickens, fresh or chilled (indigenous)",2024,29709
Suriname,"Meat of ducks, fresh or chilled (indigenous)",2022,8252
Suriname,"Meat of ducks, fresh or chilled (indigenous)",2023,7825
Suriname,"Meat of ducks, fresh or chilled (indigenous)",2024,7510
Suriname,"Meat of goat, fresh or chilled (indigenous)",2022,62
Suriname,"Meat of goat, fresh or chilled (indigenous)",2023,67
Suriname,"Meat of goat, fresh or chilled (indigenous)",2024,64
Suriname,"Meat of pig with the bone, fresh or chilled (indigenous)",2022,5233
Suriname,"Meat of pig with the bone, fresh or chilled (indigenous)",2023,5437
Suriname,"Meat of pig with the bone, fresh or chilled (indigenous)",2024,5320
Suriname,"Meat of sheep, fresh or chilled (indigenous)",2022,114
Suriname,"Meat of sheep, fresh or chilled (indigenous)",2023,115
Suriname,"Meat of sheep, fresh or chilled (indigenous)",2024,111
Suriname,Natural honey,2022,89
Suriname,Natural honey,2023,94
Suriname,Natural honey,2024,97
Suriname,Oil palm fruit,2022,1074
Suriname,Oil palm fruit,2023,1074
Suriname,Oil palm fruit,2024,1074
Suriname,Oranges,2022,15532
Suriname,Oranges,2023,14873
Suriname,Oranges,2024,14783
Suriname,"Other beans, green",2022,3326
Suriname,"Other beans, green",2023,3503
Suriname,"Other beans, green",2024,4442
Suriname,"Other citrus fruit, n.e.c.",2022,6995
Suriname,"Other citrus fruit, n.e.c.",2023,7175
Suriname,"Other citrus fruit, n.e.c.",2024,7214
Suriname,Other pulses n.e.c.,2022,263
Suriname,Other pulses n.e.c.,2023,206
Suriname,Other pulses n.e.c.,2024,214
Suriname,"Other vegetables, fresh n.e.c.",2022,9455
Suriname,"Other vegetables, fresh n.e.c.",2023,10848
Suriname,"Other vegetables, fresh n.e.c.",2024,9596
Suriname,Papayas,2022,174
Suriname,Papayas,2023,133
Suriname,Papayas,2024,120
Suriname,Pineapples,2022,4630
Suriname,Pineapples,2023,4487
Suriname,Pineapples,2024,4518
Suriname,Plantains and cooking bananas,2022,3860
Suriname,Plantains and cooking bananas,2023,5311
Suriname,Plantains and cooking bananas,2024,6083
Suriname,Pomelos and grapefruits,2022,971
Suriname,Pomelos and grapefruits,2023,627
Suriname,Pomelos and grapefruits,2024,406
Suriname,Raw milk of cattle,2022,1808
Suriname,Raw milk of cattle,2023,1774
Suriname,Raw milk of cattle,2024,1725
Suriname,Rice,2022,31004
Suriname,Rice,2023,38518
Suriname,Rice,2024,38019
Suriname,Soya beans,2022,16
Suriname,Soya beans,2023,10
Suriname,Soya beans,2024,8
Suriname,Sugar cane,2022,6342
Suriname,Sugar cane,2023,6016
Suriname,Sugar cane,2024,5932
Suriname,Sweet potatoes,2022,275
Suriname,Sweet potatoes,2023,416
Suriname,Sweet potatoes,2024,402
Suriname,Tomatoes,2022,1207
Suriname,Tomatoes,2023,1379
Suriname,Tomatoes,2024,882
Suriname,Watermelons,2022,1528
Suriname,Watermelons,2023,1110
Suriname,Watermelons,2024,1297
Switzerland,Apples,2022,204007
Switzerland,Apples,2023,169029
Switzerland,Apples,2024,223245
Switzerland,Apricots,2022,22130
Switzerland,Apricots,2023,13476
Switzerland,Apricots,2024,19964
Switzerland,Artichokes,2022,9
Switzerland,Artichokes,2023,9
Switzerland,Asparagus,2022,7600
Switzerland,Asparagus,2023,6845
Switzerland,Asparagus,2024,8034
Switzerland,Barley,2022,59993
Switzerland,Barley,2023,53505
Switzerland,Barley,2024,37970
Switzerland,"Broad beans and horse beans, dry",2022,1110
Switzerland,"Broad beans and horse beans, dry",2023,763
Switzerland,"Broad beans and horse beans, dry",2024,1305
Switzerland,"Broad beans and horse beans, green",2022,78
Switzerland,"Broad beans and horse beans, green",2023,125
Switzerland,"Broad beans and horse beans, green",2024,31
Switzerland,Cabbages,2022,51705
Switzerland,Cabbages,2023,48544
Switzerland,Cabbages,2024,54740
Switzerland,Cantaloupes and other melons,2022,72
Switzerland,Cantaloupes and other melons,2023,52
Switzerland,Cantaloupes and other melons,2024,72
Switzerland,Carrots and turnips,2022,52962
Switzerland,Carrots and turnips,2023,41959
Switzerland,Carrots and turnips,2024,52423
Switzerland,Cauliflowers and broccoli,2022,33136
Switzerland,Cauliflowers and broccoli,2023,27888
Switzerland,Cauliflowers and broccoli,2024,28544
Switzerland,Cereals n.e.c.,2022,355
Switzerland,Cereals n.e.c.,2023,375
Switzerland,Cereals n.e.c.,2024,309
Switzerland,Cherries,2022,26016
Switzerland,Cherries,2023,18256
Switzerland,Cherries,2024,27096
Switzerland,"Chestnuts, in shell",2022,704
Switzerland,"Chestnuts, in shell",2023,752
Switzerland,"Chestnuts, in shell",2024,752
Switzerland,"Chillies and peppers, green (Capsicum spp. and Pimenta spp.)",2022,3361
Switzerland,"Chillies and peppers, green (Capsicum spp. and Pimenta spp.)",2023,2417
Switzerland,"Chillies and peppers, green (Capsicum spp. and Pimenta spp.)",2024,1823
Switzerland,Cucumbers and gherkins,2022,27993
Switzerland,Cucumbers and gherkins,2023,27107
Switzerland,Cucumbers and gherkins,2024,27184
Switzerland,Currants,2022,255
Switzerland,Currants,2023,326
Switzerland,Currants,2024,384
Switzerland,"Game meat, fresh, chilled or frozen",2022,8937
Switzerland,"Game meat, fresh, chilled or frozen",2023,9010
Switzerland,"Game meat, fresh, chilled or frozen",2024,8923
Switzerland,Gooseberries,2022,2416
Switzerland,Gooseberries,2023,2446
Switzerland,Gooseberries,2024,2106
Switzerland,Grapes,2022,435235
Switzerland,Grapes,2023,442757
Switzerland,Grapes,2024,331064
Switzerland,Green corn (maize),2022,1318
Switzerland,Green corn (maize),2023,1655
Switzerland,Green corn (maize),2024,1457
Switzerland,"Hen eggs in shell, fresh",2022,379208
Switzerland,"Hen eggs in shell, fresh",2023,364212
Switzerland,"Hen eggs in shell, fresh",2024,372732
Switzerland,Hop cones,2022,273
Switzerland,Hop cones,2023,325
Switzerland,Hop cones,2024,274
Switzerland,"Horse meat, fresh or chilled (indigenous)",2022,1
Switzerland,"Horse meat, fresh or chilled (indigenous)",2023,1
Switzerland,"Horse meat, fresh or chilled (indigenous)",2024,1
Switzerland,Kiwi fruit,2022,827
Switzerland,Kiwi fruit,2023,908
Switzerland,Kiwi fruit,2024,754
Switzerland,Lettuce and chicory,2022,160916
Switzerland,Lettuce and chicory,2023,148036
Switzerland,Lettuce and chicory,2024,152286
Switzerland,Lupins,2022,326
Switzerland,Lupins,2023,224
Switzerland,Lupins,2024,263
Switzerland,Maize (corn),2022,40562
Switzerland,Maize (corn),2023,43798
Switzerland,Maize (corn),2024,50737
Switzerland,"Meat of cattle with the bone, fresh or chilled (indigenous)",2022,1367330
Switzerland,"Meat of cattle with the bone, fresh or chilled (indigenous)",2023,1383426
Switzerland,"Meat of cattle with the bone, fresh or chilled (indigenous)",2024,1385411
Switzerland,"Meat of chickens, fresh or chilled (indigenous)",2022,410174
Switzerland,"Meat of chickens, fresh or chilled (indigenous)",2023,405684
Switzerland,"Meat of chickens, fresh or chilled (indigenous)",2024,425523
Switzerland,"Meat of goat, fresh or chilled (indigenous)",2022,4514
Switzerland,"Meat of goat, fresh or chilled (indigenous)",2023,4326
Switzerland,"Meat of goat, fresh or chilled (indigenous)",2024,4110
Switzerland,"Meat of pig with the bone, fresh or chilled (indigenous)",2022,820203
Switzerland,"Meat of pig with the bone, fresh or chilled (indigenous)",2023,774011
Switzerland,"Meat of pig with the bone, fresh or chilled (indigenous)",2024,750021
Switzerland,"Meat of rabbits and hares, fresh or chilled (indigenous)",2022,13534
Switzerland,"Meat of rabbits and hares, fresh or chilled (indigenous)",2023,12966
Switzerland,"Meat of rabbits and hares, fresh or chilled (indigenous)",2024,9381
Switzerland,"Meat of sheep, fresh or chilled (indigenous)",2022,55239
Switzerland,"Meat of sheep, fresh or chilled (indigenous)",2023,57335
Switzerland,"Meat of sheep, fresh or chilled (indigenous)",2024,54852
Switzerland,"Meat of turkeys, fresh or chilled (indigenous)",2022,9382
Switzerland,"Meat of turkeys, fresh or chilled (indigenous)",2023,9703
Switzerland,"Meat of turkeys, fresh or chilled (indigenous)",2024,9878
Switzerland,Mixed grain,2022,356
Switzerland,Mixed grain,2023,325
Switzerland,Mixed grain,2024,282
Switzerland,Mushrooms and truffles,2022,37524
Switzerland,Mushrooms and truffles,2023,37322
Switzerland,Mushrooms and truffles,2024,37798
Switzerland,Natural honey,2022,80239
Switzerland,Natural honey,2023,61231
Switzerland,Natural honey,2024,59061
Switzerland,Oats,2022,3535
Switzerland,Oats,2023,3617
Switzerland,Oats,2024,2122
Switzerland,"Onions and shallots, dry (excluding dehydrated)",2022,39948
Switzerland,"Onions and shallots, dry (excluding dehydrated)",2023,32745
Switzerland,"Onions and shallots, dry (excluding dehydrated)",2024,33849
Switzerland,"Onions and shallots, green",2022,11761
Switzerland,"Onions and shallots, green",2023,11735
Switzerland,"Onions and shallots, green",2024,12171
Switzerland,"Other beans, green",2022,10584
Switzerland,"Other beans, green",2023,11085
Switzerland,"Other beans, green",2024,8242
Switzerland,Other berries and fruits of the genus vaccinium n.e.c.,2022,1542
Switzerland,Other berries and fruits of the genus vaccinium n.e.c.,2023,1548
Switzerland,Other berries and fruits of the genus vaccinium n.e.c.,2024,1554
Switzerland,"Other fruits, n.e.c.",2022,62
Switzerland,"Other fruits, n.e.c.",2023,62
Switzerland,"Other fruits, n.e.c.",2024,62
Switzerland,"Other vegetables, fresh n.e.c.",2022,113328
Switzerland,"Other vegetables, fresh n.e.c.",2023,107897
Switzerland,"Other vegetables, fresh n.e.c.",2024,91616
Switzerland,Peaches and nectarines,2022,840
Switzerland,Peaches and nectarines,2023,783
Switzerland,Peaches and nectarines,2024,793
Switzerland,Pears,2022,43305
Switzerland,Pears,2023,37757
Switzerland,Pears,2024,58648
Switzerland,"Peas, dry",2022,8329
Switzerland,"Peas, dry",2023,4700
Switzerland,"Peas, dry",2024,4075
Switzerland,"Peas, green",2022,4085
Switzerland,"Peas, green",2023,2787
Switzerland,"Peas, green",2024,2543
Switzerland,Plums and sloes,2022,14564
Switzerland,Plums and sloes,2023,11973
Switzerland,Plums and sloes,2024,18675
Switzerland,Potatoes,2022,194149
Switzerland,Potatoes,2023,182778
Switzerland,Potatoes,2024,188374
Switzerland,"Pumpkins, squash and gourds",2022,24382
Switzerland,"Pumpkins, squash and gourds",2023,22304
Switzerland,"Pumpkins, squash and gourds",2024,18288
Switzerland,Quinces,2022,917
Switzerland,Quinces,2023,933
Switzerland,Quinces,2024,928
Switzerland,Rape or colza seed,2022,72641
Switzerland,Rape or colza seed,2023,64933
Switzerland,Rape or colza seed,2024,58734
Switzerland,Raspberries,2022,56249
Switzerland,Raspberries,2023,49213
Switzerland,Raspberries,2024,55430
Switzerland,Raw milk of cattle,2022,2419391
Switzerland,Raw milk of cattle,2023,2437057
Switzerland,Raw milk of cattle,2024,2413553
Switzerland,Raw milk of goats,2022,14460
Switzerland,Raw milk of goats,2023,14054
Switzerland,Raw milk of goats,2024,13658
Switzerland,Raw milk of sheep,2022,4259
Switzerland,Raw milk of sheep,2023,4214
Switzerland,Raw milk of sheep,2024,4169
Switzerland,Rye,2022,3903
Switzerland,Rye,2023,3850
Switzerland,Rye,2024,2753
Switzerland,"Shorn wool, greasy, including fleece-washed shorn wool",2022,494
Switzerland,"Shorn wool, greasy, including fleece-washed shorn wool",2023,487
Switzerland,"Shorn wool, greasy, including fleece-washed shorn wool",2024,477
Switzerland,Soya beans,2022,5863
Switzerland,Soya beans,2023,6598
Switzerland,Soya beans,2024,7102
Switzerland,Spinach,2022,18949
Switzerland,Spinach,2023,16548
Switzerland,Spinach,2024,12354
Switzerland,Strawberries,2022,54581
Switzerland,Strawberries,2023,62864
Switzerland,Strawberries,2024,57028
Switzerland,Sugar beet,2022,87583
Switzerland,Sugar beet,2023,77635
Switzerland,Sugar beet,2024,73549
Switzerland,Sunflower seed,2022,11579
Switzerland,Sunflower seed,2023,14580
Switzerland,Sunflower seed,2024,12930
Switzerland,Tomatoes,2022,94709
Switzerland,Tomatoes,2023,91610
Switzerland,Tomatoes,2024,94487
Switzerland,Triticale,2022,13627
Switzerland,Triticale,2023,11479
Switzerland,Triticale,2024,8152
Switzerland,Unmanufactured tobacco,2022,13609
Switzerland,Unmanufactured tobacco,2023,13556
Switzerland,Unmanufactured tobacco,2024,12519
Switzerland,"Walnuts, in shell",2022,6409
Switzerland,"Walnuts, in shell",2023,7088
Switzerland,"Walnuts, in shell",2024,7450
Switzerland,Wheat,2022,235449
Switzerland,Wheat,2023,216476
Switzerland,Wheat,2024,150852
Tajikistan,"Almonds, in shell",2022,7628
Tajikistan,"Almonds, in shell",2023,7611
Tajikistan,"Almonds, in shell",2024,7593
Tajikistan,Apples,2022,201324
Tajikistan,Apples,2023,186688
Tajikistan,Apples,2024,228320
Tajikistan,Apricots,2022,50792
Tajikistan,Apricots,2023,99861
Tajikistan,Apricots,2024,130318
Tajikistan,Barley,2022,47033
Tajikistan,Barley,2023,50898
Tajikistan,Barley,2024,49430
Tajikistan,Cabbages,2022,36618
Tajikistan,Cabbages,2023,35902
Tajikistan,Cabbages,2024,36250
Tajikistan,Carrots and turnips,2022,78943
Tajikistan,Carrots and turnips,2023,78101
Tajikistan,Carrots and turnips,2024,78629
Tajikistan,Cucumbers and gherkins,2022,62669
Tajikistan,Cucumbers and gherkins,2023,61269
Tajikistan,Cucumbers and gherkins,2024,61982
Tajikistan,Figs,2022,588
Tajikistan,Figs,2023,588
Tajikistan,Figs,2024,588
Tajikistan,Grapes,2022,103886
Tajikistan,Grapes,2023,65692
Tajikistan,Grapes,2024,100032
Tajikistan,Green garlic,2022,14460
Tajikistan,Green garlic,2023,13877
Tajikistan,Green garlic,2024,14345
Tajikistan,"Groundnuts, excluding shelled",2022,11908
Tajikistan,"Groundnuts, excluding shelled",2023,11978
Tajikistan,"Groundnuts, excluding shelled",2024,11990
Tajikistan,"Hazelnuts, in shell",2022,2863
Tajikistan,"Hazelnuts, in shell",2023,2860
Tajikistan,"Hazelnuts, in shell",2024,2857
Tajikistan,"Hen eggs in shell, fresh",2022,79130
Tajikistan,"Hen eggs in shell, fresh",2023,79881
Tajikistan,"Hen eggs in shell, fresh",2024,82613
Tajikistan,Lemons and limes,2022,4714
Tajikistan,Lemons and limes,2023,4827
Tajikistan,Lemons and limes,2024,4823
Tajikistan,"Lentils, dry",2022,840
Tajikistan,"Lentils, dry",2023,837
Tajikistan,"Lentils, dry",2024,843
Tajikistan,Maize (corn),2022,55656
Tajikistan,Maize (corn),2023,50596
Tajikistan,Maize (corn),2024,86013
Tajikistan,"Meat of cattle with the bone, fresh or chilled (indigenous)",2022,488829
Tajikistan,"Meat of cattle with the bone, fresh or chilled (indigenous)",2023,546209
Tajikistan,"Meat of cattle with the bone, fresh or chilled (indigenous)",2024,563810
Tajikistan,"Meat of chickens, fresh or chilled (indigenous)",2022,53199
Tajikistan,"Meat of chickens, fresh or chilled (indigenous)",2023,70874
Tajikistan,"Meat of chickens, fresh or chilled (indigenous)",2024,66960
Tajikistan,"Meat of pig with the bone, fresh or chilled (indigenous)",2022,15
Tajikistan,"Meat of pig with the bone, fresh or chilled (indigenous)",2023,15
Tajikistan,"Meat of pig with the bone, fresh or chilled (indigenous)",2024,12
Tajikistan,"Meat of sheep, fresh or chilled (indigenous)",2022,176707
Tajikistan,"Meat of sheep, fresh or chilled (indigenous)",2023,192829
Tajikistan,"Meat of sheep, fresh or chilled (indigenous)",2024,164198
Tajikistan,Natural honey,2022,21548
Tajikistan,Natural honey,2023,22171
Tajikistan,Natural honey,2024,23048
Tajikistan,Oats,2022,524
Tajikistan,Oats,2023,541
Tajikistan,Oats,2024,541
Tajikistan,"Onions and shallots, dry (excluding dehydrated)",2022,161174
Tajikistan,"Onions and shallots, dry (excluding dehydrated)",2023,162769
Tajikistan,"Onions and shallots, dry (excluding dehydrated)",2024,182808
Tajikistan,Oranges,2022,1158
Tajikistan,Oranges,2023,1162
Tajikistan,Oranges,2024,1161
Tajikistan,"Other beans, green",2022,12937
Tajikistan,"Other beans, green",2023,12758
Tajikistan,"Other beans, green",2024,12975
Tajikistan,"Other fruits, n.e.c.",2022,17237
Tajikistan,"Other fruits, n.e.c.",2023,17295
Tajikistan,"Other fruits, n.e.c.",2024,17278
Tajikistan,"Other nuts (excluding wild edible nuts and groundnuts), in shell, n.e.c.",2022,776
Tajikistan,"Other nuts (excluding wild edible nuts and groundnuts), in shell, n.e.c.",2023,777
Tajikistan,"Other nuts (excluding wild edible nuts and groundnuts), in shell, n.e.c.",2024,779
Tajikistan,Other pulses n.e.c.,2022,20465
Tajikistan,Other pulses n.e.c.,2023,23828
Tajikistan,Other pulses n.e.c.,2024,20747
Tajikistan,"Other vegetables, fresh n.e.c.",2022,73793
Tajikistan,"Other vegetables, fresh n.e.c.",2023,72811
Tajikistan,"Other vegetables, fresh n.e.c.",2024,73459
Tajikistan,Peaches and nectarines,2022,31655
Tajikistan,Peaches and nectarines,2023,31693
Tajikistan,Peaches and nectarines,2024,31632
Tajikistan,"Peas, dry",2022,12629
Tajikistan,"Peas, dry",2023,12181
Tajikistan,"Peas, dry",2024,12300
Tajikistan,"Pepper (Piper spp.), raw",2022,128708
Tajikistan,"Pepper (Piper spp.), raw",2023,117197
Tajikistan,"Pepper (Piper spp.), raw",2024,123920
Tajikistan,Plums and sloes,2022,3025
Tajikistan,Plums and sloes,2023,3027
Tajikistan,Plums and sloes,2024,3025
Tajikistan,Potatoes,2022,260804
Tajikistan,Potatoes,2023,272839
Tajikistan,Potatoes,2024,301209
Tajikistan,Rape or colza seed,2022,57
Tajikistan,Rape or colza seed,2023,61
Tajikistan,Rape or colza seed,2024,63
Tajikistan,Raw milk of cattle,2022,349715
Tajikistan,Raw milk of cattle,2023,367559
Tajikistan,Raw milk of cattle,2024,386908
Tajikistan,Raw milk of goats,2022,12879
Tajikistan,Raw milk of goats,2023,13207
Tajikistan,Raw milk of goats,2024,13412
Tajikistan,Rice,2022,70318
Tajikistan,Rice,2023,77503
Tajikistan,Rice,2024,78315
Tajikistan,Rye,2022,65
Tajikistan,Rye,2023,65
Tajikistan,Rye,2024,65
Tajikistan,Safflower seed,2022,2556
Tajikistan,Safflower seed,2023,2259
Tajikistan,Safflower seed,2024,2379
Tajikistan,"Seed cotton, unginned",2022,149035
Tajikistan,"Seed cotton, unginned",2023,126792
Tajikistan,"Seed cotton, unginned",2024,93237
Tajikistan,Sesame seed,2022,467
Tajikistan,Sesame seed,2023,422
Tajikistan,Sesame seed,2024,433
Tajikistan,"Shorn wool, greasy, including fleece-washed shorn wool",2022,5472
Tajikistan,"Shorn wool, greasy, including fleece-washed shorn wool",2023,5615
Tajikistan,"Shorn wool, greasy, including fleece-washed shorn wool",2024,5758
Tajikistan,Silk-worm cocoons suitable for reeling,2022,634
Tajikistan,Silk-worm cocoons suitable for reeling,2023,633
Tajikistan,Silk-worm cocoons suitable for reeling,2024,633
Tajikistan,Sorghum,2022,5
Tajikistan,Sorghum,2023,6
Tajikistan,Sorghum,2024,6
Tajikistan,Soya beans,2022,9
Tajikistan,Soya beans,2023,9
Tajikistan,Soya beans,2024,9
Tajikistan,Sunflower seed,2022,12471
Tajikistan,Sunflower seed,2023,13430
Tajikistan,Sunflower seed,2024,12471
Tajikistan,Tomatoes,2022,95853
Tajikistan,Tomatoes,2023,94187
Tajikistan,Tomatoes,2024,94906
Tajikistan,Unmanufactured tobacco,2022,77
Tajikistan,Unmanufactured tobacco,2023,484
Tajikistan,Unmanufactured tobacco,2024,367
Tajikistan,Watermelons,2022,198474
Tajikistan,Watermelons,2023,195950
Tajikistan,Watermelons,2024,196807
Tajikistan,Wheat,2022,226388
Tajikistan,Wheat,2023,208509
Tajikistan,Wheat,2024,213415
Thailand,Areca nuts,2022,57233
Thailand,Areca nuts,2023,57231
Thailand,Areca nuts,2024,57257
Thailand,Asparagus,2022,55325
Thailand,Asparagus,2023,55176
Thailand,Asparagus,2024,55265
Thailand,Bananas,2022,394277
Thailand,Bananas,2023,397952
Thailand,Bananas,2024,397791
Thailand,Barley,2022,29300
Thailand,Barley,2023,30589
Thailand,Barley,2024,31999
Thailand,"Beans, dry",2022,47742
Thailand,"Beans, dry",2023,47761
Thailand,"Beans, dry",2024,47601
Thailand,"Broad beans and horse beans, green",2022,1566
Thailand,"Broad beans and horse beans, green",2023,1570
Thailand,"Broad beans and horse beans, green",2024,1574
Thailand,Cabbages,2022,85294
Thailand,Cabbages,2023,74315
Thailand,Cabbages,2024,68074
Thailand,Canary seed,2022,14347
Thailand,Canary seed,2023,14336
Thailand,Canary seed,2024,14343
Thailand,"Cashew nuts, in shell",2022,21998
Thailand,"Cashew nuts, in shell",2023,21849
Thailand,"Cashew nuts, in shell",2024,21926
Thailand,"Cassava, fresh",2022,2072822
Thailand,"Cassava, fresh",2023,1862825
Thailand,"Cassava, fresh",2024,1741608
Thailand,Castor oil seeds,2022,4040
Thailand,Castor oil seeds,2023,4040
Thailand,Castor oil seeds,2024,4040
Thailand,Cauliflowers and broccoli,2022,9088
Thailand,Cauliflowers and broccoli,2023,8965
Thailand,Cauliflowers and broccoli,2024,8910
Thailand,Cereals n.e.c.,2022,22125
Thailand,Cereals n.e.c.,2023,22289
Thailand,Cereals n.e.c.,2024,22454
Thailand,"Chillies and peppers, dry (Capsicum spp., Pimenta spp.), raw",2022,709410
Thailand,"Chillies and peppers, dry (Capsicum spp., Pimenta spp.), raw",2023,709278
Thailand,"Chillies and peppers, dry (Capsicum spp., Pimenta spp.), raw",2024,712440
Thailand,"Chillies and peppers, green (Capsicum spp. and Pimenta spp.)",2022,16462
Thailand,"Chillies and peppers, green (Capsicum spp. and Pimenta spp.)",2023,16481
Thailand,"Chillies and peppers, green (Capsicum spp. and Pimenta spp.)",2024,16442
Thailand,Cocoa beans,2022,129
Thailand,Cocoa beans,2023,130
Thailand,Cocoa beans,2024,130
Thailand,"Coconuts, in shell",2022,270927
Thailand,"Coconuts, in shell",2023,269934
Thailand,"Coconuts, in shell",2024,271298
Thailand,"Coffee, green",2022,35987
Thailand,"Coffee, green",2023,32050
Thailand,"Coffee, green",2024,31923
Thailand,Cucumbers and gherkins,2022,70254
Thailand,Cucumbers and gherkins,2023,70174
Thailand,Cucumbers and gherkins,2024,70149
Thailand,"Edible roots and tubers with high starch or inulin content, n.e.c., fresh",2022,44292
Thailand,"Edible roots and tubers with high starch or inulin content, n.e.c., fresh",2023,44613
Thailand,"Edible roots and tubers with high starch or inulin content, n.e.c., fresh",2024,44337
Thailand,Eggplants (aubergines),2022,8847
Thailand,Eggplants (aubergines),2023,8826
Thailand,Eggplants (aubergines),2024,8835
Thailand,"Eggs from other birds in shell, fresh, n.e.c.",2022,470268
Thailand,"Eggs from other birds in shell, fresh, n.e.c.",2023,470268
Thailand,"Eggs from other birds in shell, fresh, n.e.c.",2024,470268
Thailand,"Ginger, raw",2022,186702
Thailand,"Ginger, raw",2023,187124
Thailand,"Ginger, raw",2024,186516
Thailand,Grapes,2022,99887
Thailand,Grapes,2023,99963
Thailand,Grapes,2024,99669
Thailand,Green corn (maize),2022,169999
Thailand,Green corn (maize),2023,170328
Thailand,Green corn (maize),2024,169763
Thailand,Green garlic,2022,133814
Thailand,Green garlic,2023,126886
Thailand,Green garlic,2024,114884
Thailand,"Groundnuts, excluding shelled",2022,35360
Thailand,"Groundnuts, excluding shelled",2023,34592
Thailand,"Groundnuts, excluding shelled",2024,33281
Thailand,"Hen eggs in shell, fresh",2022,980133
Thailand,"Hen eggs in shell, fresh",2023,996737
Thailand,"Hen eggs in shell, fresh",2024,1013879
Thailand,"Jute, raw or retted",2022,58
Thailand,"Jute, raw or retted",2023,58
Thailand,"Jute, raw or retted",2024,58
Thailand,Kapok fruit,2022,4726
Thailand,Kapok fruit,2023,4706
Thailand,Kapok fruit,2024,4686
Thailand,"Kenaf, and other textile bast fibres, raw or retted",2022,740
Thailand,"Kenaf, and other textile bast fibres, raw or retted",2023,732
Thailand,"Kenaf, and other textile bast fibres, raw or retted",2024,733
Thailand,Lemons and limes,2022,282711
Thailand,Lemons and limes,2023,284224
Thailand,Lemons and limes,2024,286990
Thailand,Lettuce and chicory,2022,21858
Thailand,Lettuce and chicory,2023,21926
Thailand,Lettuce and chicory,2024,21993
Thailand,Maize (corn),2022,1010816
Thailand,Maize (corn),2023,992204
Thailand,Maize (corn),2024,980202
Thailand,"Mangoes, guavas and mangosteens",2022,1134585
Thailand,"Mangoes, guavas and mangosteens",2023,1112511
Thailand,"Mangoes, guavas and mangosteens",2024,1021748
Thailand,"Meat of buffalo, fresh or chilled (indigenous)",2022,115428
Thailand,"Meat of buffalo, fresh or chilled (indigenous)",2023,111310
Thailand,"Meat of buffalo, fresh or chilled (indigenous)",2024,98710
Thailand,"Meat of cattle with the bone, fresh or chilled (indigenous)",2022,641321
Thailand,"Meat of cattle with the bone, fresh or chilled (indigenous)",2023,600323
Thailand,"Meat of cattle with the bone, fresh or chilled (indigenous)",2024,567592
Thailand,"Meat of chickens, fresh or chilled (indigenous)",2022,2477402
Thailand,"Meat of chickens, fresh or chilled (indigenous)",2023,2534782
Thailand,"Meat of chickens, fresh or chilled (indigenous)",2024,2593268
Thailand,"Meat of ducks, fresh or chilled (indigenous)",2022,190863
Thailand,"Meat of ducks, fresh or chilled (indigenous)",2023,158176
Thailand,"Meat of ducks, fresh or chilled (indigenous)",2024,154343
Thailand,"Meat of geese, fresh or chilled (indigenous)",2022,1601
Thailand,"Meat of geese, fresh or chilled (indigenous)",2023,1430
Thailand,"Meat of geese, fresh or chilled (indigenous)",2024,1238
Thailand,"Meat of goat, fresh or chilled (indigenous)",2022,3851
Thailand,"Meat of goat, fresh or chilled (indigenous)",2023,3879
Thailand,"Meat of goat, fresh or chilled (indigenous)",2024,3908
Thailand,"Meat of pig with the bone, fresh or chilled (indigenous)",2022,2252851
Thailand,"Meat of pig with the bone, fresh or chilled (indigenous)",2023,2257651
Thailand,"Meat of pig with the bone, fresh or chilled (indigenous)",2024,2262788
Thailand,"Meat of sheep, fresh or chilled (indigenous)",2022,276
Thailand,"Meat of sheep, fresh or chilled (indigenous)",2023,297
Thailand,"Meat of sheep, fresh or chilled (indigenous)",2024,303
Thailand,Mushrooms and truffles,2022,2688
Thailand,Mushrooms and truffles,2023,2743
Thailand,Mushrooms and truffles,2024,2784
Thailand,Natural honey,2022,32274
Thailand,Natural honey,2023,33105
Thailand,Natural honey,2024,33799
Thailand,Natural rubber in primary forms,2022,6912256
Thailand,Natural rubber in primary forms,2023,6947744
Thailand,Natural rubber in primary forms,2024,6916968
Thailand,Oil palm fruit,2022,3448396
Thailand,Oil palm fruit,2023,3390053
Thailand,Oil palm fruit,2024,3451855
Thailand,"Onions and shallots, dry (excluding dehydrated)",2022,11285
Thailand,"Onions and shallots, dry (excluding dehydrated)",2023,11264
Thailand,"Onions and shallots, dry (excluding dehydrated)",2024,11276
Thailand,"Onions and shallots, green",2022,91171
Thailand,"Onions and shallots, green",2023,94542
Thailand,"Onions and shallots, green",2024,95156
Thailand,Oranges,2022,406668
Thailand,Oranges,2023,405222
Thailand,Oranges,2024,405904
Thailand,"Other beans, green",2022,183219
Thailand,"Other beans, green",2023,182246
Thailand,"Other beans, green",2024,182769
Thailand,"Other citrus fruit, n.e.c.",2022,54338
Thailand,"Other citrus fruit, n.e.c.",2023,54338
Thailand,"Other citrus fruit, n.e.c.",2024,54338
Thailand,"Other fibre crops, raw, n.e.c.",2022,356
Thailand,"Other fibre crops, raw, n.e.c.",2023,357
Thailand,"Other fibre crops, raw, n.e.c.",2024,358
Thailand,"Other fruits, n.e.c.",2022,793774
Thailand,"Other fruits, n.e.c.",2023,793774
Thailand,"Other fruits, n.e.c.",2024,793774
Thailand,"Other nuts (excluding wild edible nuts and groundnuts), in shell, n.e.c.",2022,26104
Thailand,"Other nuts (excluding wild edible nuts and groundnuts), in shell, n.e.c.",2023,26068
Thailand,"Other nuts (excluding wild edible nuts and groundnuts), in shell, n.e.c.",2024,26051
Thailand,Other pulses n.e.c.,2022,72218
Thailand,Other pulses n.e.c.,2023,72309
Thailand,Other pulses n.e.c.,2024,72112
Thailand,"Other stimulant, spice and aromatic crops, n.e.c.",2022,34445
Thailand,"Other stimulant, spice and aromatic crops, n.e.c.",2023,31195
Thailand,"Other stimulant, spice and aromatic crops, n.e.c.",2024,29358
Thailand,"Other tropical fruits, n.e.c.",2022,548329
Thailand,"Other tropical fruits, n.e.c.",2023,546873
Thailand,"Other tropical fruits, n.e.c.",2024,513102
Thailand,"Other vegetables, fresh n.e.c.",2022,496500
Thailand,"Other vegetables, fresh n.e.c.",2023,496132
Thailand,"Other vegetables, fresh n.e.c.",2024,495764
Thailand,Papayas,2022,25245
Thailand,Papayas,2023,25412
Thailand,Papayas,2024,25364
Thailand,"Peas, green",2022,4078
Thailand,"Peas, green",2023,3965
Thailand,"Peas, green",2024,3852
Thailand,"Pepper (Piper spp.), raw",2022,6800
Thailand,"Pepper (Piper spp.), raw",2023,3593
Thailand,"Pepper (Piper spp.), raw",2024,2396
Thailand,Pineapples,2022,462268
Thailand,Pineapples,2023,336928
Thailand,Pineapples,2024,294536
Thailand,Pomelos and grapefruits,2022,264392
Thailand,Pomelos and grapefruits,2023,263837
Thailand,Pomelos and grapefruits,2024,264238
Thailand,Potatoes,2022,40320
Thailand,Potatoes,2023,43816
Thailand,Potatoes,2024,43462
Thailand,"Pumpkins, squash and gourds",2022,47000
Thailand,"Pumpkins, squash and gourds",2023,46692
Thailand,"Pumpkins, squash and gourds",2024,46470
Thailand,Raw milk of cattle,2022,630907
Thailand,Raw milk of cattle,2023,659992
Thailand,Raw milk of cattle,2024,653337
Thailand,Rice,2022,8047099
Thailand,Rice,2023,8284146
Thailand,Rice,2024,8210671
Thailand,"Seed cotton, unginned",2022,2552
Thailand,"Seed cotton, unginned",2023,2552
Thailand,"Seed cotton, unginned",2024,2275
Thailand,Sesame seed,2022,36627
Thailand,Sesame seed,2023,37808
Thailand,Sesame seed,2024,36627
Thailand,Silk-worm cocoons suitable for reeling,2022,14263
Thailand,Silk-worm cocoons suitable for reeling,2023,9542
Thailand,Silk-worm cocoons suitable for reeling,2024,9181
Thailand,Sorghum,2022,9827
Thailand,Sorghum,2023,9827
Thailand,Sorghum,2024,9827
Thailand,Soya beans,2022,9430
Thailand,Soya beans,2023,7698
Thailand,Soya beans,2024,7447
Thailand,Sugar cane,2022,2212628
Thailand,Sugar cane,2023,2256299
Thailand,Sugar cane,2024,1979096
Thailand,Sunflower seed,2022,10508
Thailand,Sunflower seed,2023,10508
Thailand,Sunflower seed,2024,9730
Thailand,"Tangerines, mandarins, clementines",2022,338664
Thailand,"Tangerines, mandarins, clementines",2023,331775
Thailand,"Tangerines, mandarins, clementines",2024,309210
Thailand,Taro,2022,76160
Thailand,Taro,2023,76289
Thailand,Taro,2024,76072
Thailand,Tea leaves,2022,531203
Thailand,Tea leaves,2023,530654
Thailand,Tea leaves,2024,532131
Thailand,Tomatoes,2022,53014
Thailand,Tomatoes,2023,53954
Thailand,Tomatoes,2024,53750
Thailand,Unmanufactured tobacco,2022,66157
Thailand,Unmanufactured tobacco,2023,66005
Thailand,Unmanufactured tobacco,2024,65854
Thailand,Watermelons,2022,68955
Thailand,Watermelons,2023,69245
Thailand,Watermelons,2024,69606
Thailand,Wheat,2022,308
Thailand,Wheat,2023,308
Thailand,Wheat,2024,307
Timor-Leste,Bananas,2022,497
Timor-Leste,Bananas,2023,369
Timor-Leste,Bananas,2024,404
Timor-Leste,"Beans, dry",2022,17231
Timor-Leste,"Beans, dry",2023,17170
Timor-Leste,"Beans, dry",2024,17208
Timor-Leste,Cabbages,2022,1857
Timor-Leste,Cabbages,2023,1851
Timor-Leste,Cabbages,2024,1854
Timor-Leste,"Cassava, fresh",2022,11853
Timor-Leste,"Cassava, fresh",2023,12225
Timor-Leste,"Cassava, fresh",2024,11563
Timor-Leste,"Coffee, green",2022,27890
Timor-Leste,"Coffee, green",2023,23228
Timor-Leste,"Coffee, green",2024,22952
Timor-Leste,Cucumbers and gherkins,2022,403
Timor-Leste,Cucumbers and gherkins,2023,406
Timor-Leste,Cucumbers and gherkins,2024,409
Timor-Leste,Green garlic,2022,501
Timor-Leste,Green garlic,2023,501
Timor-Leste,Green garlic,2024,501
Timor-Leste,Maize (corn),2022,126936
Timor-Leste,Maize (corn),2023,124018
Timor-Leste,Maize (corn),2024,102132
Timor-Leste,"Mangoes, guavas and mangosteens",2022,2783
Timor-Leste,"Mangoes, guavas and mangosteens",2023,2785
Timor-Leste,"Mangoes, guavas and mangosteens",2024,2785
Timor-Leste,"Meat of buffalo, fresh or chilled (indigenous)",2022,6399
Timor-Leste,"Meat of buffalo, fresh or chilled (indigenous)",2023,6783
Timor-Leste,"Meat of buffalo, fresh or chilled (indigenous)",2024,6806
Timor-Leste,"Meat of cattle with the bone, fresh or chilled (indigenous)",2022,12316
Timor-Leste,"Meat of cattle with the bone, fresh or chilled (indigenous)",2023,12618
Timor-Leste,"Meat of cattle with the bone, fresh or chilled (indigenous)",2024,12296
Timor-Leste,"Meat of goat, fresh or chilled (indigenous)",2022,2767
Timor-Leste,"Meat of goat, fresh or chilled (indigenous)",2023,2024
Timor-Leste,"Meat of goat, fresh or chilled (indigenous)",2024,1825
Timor-Leste,"Meat of pig with the bone, fresh or chilled (indigenous)",2022,95857
Timor-Leste,"Meat of pig with the bone, fresh or chilled (indigenous)",2023,103577
Timor-Leste,"Meat of pig with the bone, fresh or chilled (indigenous)",2024,104150
Timor-Leste,"Meat of sheep, fresh or chilled (indigenous)",2022,345
Timor-Leste,"Meat of sheep, fresh or chilled (indigenous)",2023,166
Timor-Leste,"Meat of sheep, fresh or chilled (indigenous)",2024,241
Timor-Leste,Oranges,2022,3051
Timor-Leste,Oranges,2023,3056
Timor-Leste,Oranges,2024,3045
Timor-Leste,"Other beans, green",2022,5045
Timor-Leste,"Other beans, green",2023,5244
Timor-Leste,"Other beans, green",2024,5087
Timor-Leste,Papayas,2022,1196
Timor-Leste,Papayas,2023,1194
Timor-Leste,Papayas,2024,1192
Timor-Leste,Pineapples,2022,75
Timor-Leste,Pineapples,2023,74
Timor-Leste,Pineapples,2024,74
Timor-Leste,Potatoes,2022,1062
Timor-Leste,Potatoes,2023,1301
Timor-Leste,Potatoes,2024,1240
Timor-Leste,Rice,2022,113703
Timor-Leste,Rice,2023,110378
Timor-Leste,Rice,2024,82451
Timor-Leste,Soya beans,2022,1898
Timor-Leste,Soya beans,2023,2085
Timor-Leste,Soya beans,2024,2105
Timor-Leste,Sweet potatoes,2022,2112
Timor-Leste,Sweet potatoes,2023,2298
Timor-Leste,Sweet potatoes,2024,2228
Timor-Leste,Tomatoes,2022,529
Timor-Leste,Tomatoes,2023,527
Timor-Leste,Tomatoes,2024,528
Togo,"Bambara beans, dry",2022,13662
Togo,"Bambara beans, dry",2023,13689
Togo,"Bambara beans, dry",2024,13664
Togo,Bananas,2022,11845
Togo,Bananas,2023,11917
Togo,Bananas,2024,11989
Togo,"Beans, dry",2022,153584
Togo,"Beans, dry",2023,158898
Togo,"Beans, dry",2024,168918
Togo,Cabbages,2022,418
Togo,Cabbages,2023,417
Togo,Cabbages,2024,417
Togo,"Cashew nuts, in shell",2022,6271
Togo,"Cashew nuts, in shell",2023,6328
Togo,"Cashew nuts, in shell",2024,6384
Togo,"Cassava, fresh",2022,246628
Togo,"Cassava, fresh",2023,250728
Togo,"Cassava, fresh",2024,255172
Togo,Castor oil seeds,2022,26
Togo,Castor oil seeds,2023,26
Togo,Castor oil seeds,2024,26
Togo,"Chillies and peppers, dry (Capsicum spp., Pimenta spp.), raw",2022,13142
Togo,"Chillies and peppers, dry (Capsicum spp., Pimenta spp.), raw",2023,13162
Togo,"Chillies and peppers, dry (Capsicum spp., Pimenta spp.), raw",2024,13130
Togo,Cocoa beans,2022,33312
Togo,Cocoa beans,2023,41640
Togo,Cocoa beans,2024,52049
Togo,"Coconuts, in shell",2022,5356
Togo,"Coconuts, in shell",2023,5354
Togo,"Coconuts, in shell",2024,5325
Togo,"Coffee, green",2022,27795
Togo,"Coffee, green",2023,25016
Togo,"Coffee, green",2024,24076
Togo,"Edible roots and tubers with high starch or inulin content, n.e.c., fresh",2022,2452
Togo,"Edible roots and tubers with high starch or inulin content, n.e.c., fresh",2023,2500
Togo,"Edible roots and tubers with high starch or inulin content, n.e.c., fresh",2024,2490
Togo,Fonio,2022,6504
Togo,Fonio,2023,6710
Togo,Fonio,2024,7089
Togo,"Game meat, fresh, chilled or frozen",2022,16450
Togo,"Game meat, fresh, chilled or frozen",2023,16651
Togo,"Game meat, fresh, chilled or frozen",2024,16852
Togo,"Groundnuts, excluding shelled",2022,27263
Togo,"Groundnuts, excluding shelled",2023,27218
Togo,"Groundnuts, excluding shelled",2024,27823
Togo,"Hen eggs in shell, fresh",2022,190113
Togo,"Hen eggs in shell, fresh",2023,154380
Togo,"Hen eggs in shell, fresh",2024,162568
Togo,Karite nuts (sheanuts),2022,4555
Togo,Karite nuts (sheanuts),2023,4537
Togo,Karite nuts (sheanuts),2024,4545
Togo,Maize (corn),2022,260375
Togo,Maize (corn),2023,275598
Togo,Maize (corn),2024,274782
Togo,"Meat of cattle with the bone, fresh or chilled (indigenous)",2022,22657
Togo,"Meat of cattle with the bone, fresh or chilled (indigenous)",2023,19963
Togo,"Meat of cattle with the bone, fresh or chilled (indigenous)",2024,14474
Togo,"Meat of chickens, fresh or chilled (indigenous)",2022,81932
Togo,"Meat of chickens, fresh or chilled (indigenous)",2023,94163
Togo,"Meat of chickens, fresh or chilled (indigenous)",2024,94026
Togo,"Meat of goat, fresh or chilled (indigenous)",2022,18493
Togo,"Meat of goat, fresh or chilled (indigenous)",2023,17067
Togo,"Meat of goat, fresh or chilled (indigenous)",2024,17601
Togo,"Meat of pig with the bone, fresh or chilled (indigenous)",2022,44147
Togo,"Meat of pig with the bone, fresh or chilled (indigenous)",2023,36828
Togo,"Meat of pig with the bone, fresh or chilled (indigenous)",2024,43335
Togo,"Meat of sheep, fresh or chilled (indigenous)",2022,19668
Togo,"Meat of sheep, fresh or chilled (indigenous)",2023,40186
Togo,"Meat of sheep, fresh or chilled (indigenous)",2024,36409
Togo,Millet,2022,10169
Togo,Millet,2023,10564
Togo,Millet,2024,10200
Togo,"Nutmeg, mace, cardamoms, raw",2022,18
Togo,"Nutmeg, mace, cardamoms, raw",2023,18
Togo,"Nutmeg, mace, cardamoms, raw",2024,18
Togo,Oil palm fruit,2022,22060
Togo,Oil palm fruit,2023,23837
Togo,Oil palm fruit,2024,24232
Togo,Oranges,2022,5466
Togo,Oranges,2023,5481
Togo,Oranges,2024,5495
Togo,"Other fruits, n.e.c.",2022,14547
Togo,"Other fruits, n.e.c.",2023,14477
Togo,"Other fruits, n.e.c.",2024,14506
Togo,"Other stimulant, spice and aromatic crops, n.e.c.",2022,623
Togo,"Other stimulant, spice and aromatic crops, n.e.c.",2023,628
Togo,"Other stimulant, spice and aromatic crops, n.e.c.",2024,623
Togo,"Other vegetables, fresh n.e.c.",2022,109247
Togo,"Other vegetables, fresh n.e.c.",2023,109600
Togo,"Other vegetables, fresh n.e.c.",2024,109959
Togo,Pineapples,2022,617
Togo,Pineapples,2023,620
Togo,Pineapples,2024,619
Togo,Raw milk of cattle,2022,14312
Togo,Raw milk of cattle,2023,15238
Togo,Raw milk of cattle,2024,15241
Togo,Rice,2022,66749
Togo,Rice,2023,72059
Togo,Rice,2024,70918
Togo,"Seed cotton, unginned",2022,16394
Togo,"Seed cotton, unginned",2023,16519
Togo,"Seed cotton, unginned",2024,16116
Togo,Sesame seed,2022,1832
Togo,Sesame seed,2023,1843
Togo,Sesame seed,2024,1853
Togo,Sorghum,2022,104158
Togo,Sorghum,2023,111276
Togo,Sorghum,2024,114985
Togo,Soya beans,2022,87381
Togo,Soya beans,2023,96084
Togo,Soya beans,2024,105080
Togo,Sweet potatoes,2022,2817
Togo,Sweet potatoes,2023,2206
Togo,Sweet potatoes,2024,1810
Togo,Taro,2022,7884
Togo,Taro,2023,7516
Togo,Taro,2024,7443
Togo,Tomatoes,2022,3193
Togo,Tomatoes,2023,3188
Togo,Tomatoes,2024,3198
Togo,Unmanufactured tobacco,2022,2448
Togo,Unmanufactured tobacco,2023,2455
Togo,Unmanufactured tobacco,2024,2463
Togo,Yams,2022,393599
Togo,Yams,2023,388960
Togo,Yams,2024,392708
Trinidad and Tobago,Avocados,2022,103
Trinidad and Tobago,Avocados,2023,104
Trinidad and Tobago,Avocados,2024,104
Trinidad and Tobago,Bananas,2022,1460
Trinidad and Tobago,Bananas,2023,1447
Trinidad and Tobago,Bananas,2024,1435
Trinidad and Tobago,Cabbages,2022,1980
Trinidad and Tobago,Cabbages,2023,1138
Trinidad and Tobago,Cabbages,2024,937
Trinidad and Tobago,"Cassava, fresh",2022,603
Trinidad and Tobago,"Cassava, fresh",2023,889
Trinidad and Tobago,"Cassava, fresh",2024,1282
Trinidad and Tobago,Cauliflowers and broccoli,2022,209
Trinidad and Tobago,Cauliflowers and broccoli,2023,163
Trinidad and Tobago,Cauliflowers and broccoli,2024,611
Trinidad and Tobago,"Chillies and peppers, green (Capsicum spp. and Pimenta spp.)",2022,18764
Trinidad and Tobago,"Chillies and peppers, green (Capsicum spp. and Pimenta spp.)",2023,10680
Trinidad and Tobago,"Chillies and peppers, green (Capsicum spp. and Pimenta spp.)",2024,9873
Trinidad and Tobago,Cocoa beans,2022,652
Trinidad and Tobago,Cocoa beans,2023,197
Trinidad and Tobago,Cocoa beans,2024,990
Trinidad and Tobago,"Coconuts, in shell",2022,16432
Trinidad and Tobago,"Coconuts, in shell",2023,16432
Trinidad and Tobago,"Coconuts, in shell",2024,15780
Trinidad and Tobago,"Coffee, green",2022,1197
Trinidad and Tobago,"Coffee, green",2023,1179
Trinidad and Tobago,"Coffee, green",2024,1186
Trinidad and Tobago,"Cow peas, dry",2022,446
Trinidad and Tobago,"Cow peas, dry",2023,448
Trinidad and Tobago,"Cow peas, dry",2024,450
Trinidad and Tobago,Cucumbers and gherkins,2022,1446
Trinidad and Tobago,Cucumbers and gherkins,2023,321
Trinidad and Tobago,Cucumbers and gherkins,2024,623
Trinidad and Tobago,Eggplants (aubergines),2022,1219
Trinidad and Tobago,Eggplants (aubergines),2023,1446
Trinidad and Tobago,Eggplants (aubergines),2024,1118
Trinidad and Tobago,"Ginger, raw",2022,997
Trinidad and Tobago,"Ginger, raw",2023,68
Trinidad and Tobago,"Ginger, raw",2024,284
Trinidad and Tobago,Green corn (maize),2022,2929
Trinidad and Tobago,Green corn (maize),2023,2828
Trinidad and Tobago,Green corn (maize),2024,2168
Trinidad and Tobago,"Hen eggs in shell, fresh",2022,10737
Trinidad and Tobago,"Hen eggs in shell, fresh",2023,10998
Trinidad and Tobago,"Hen eggs in shell, fresh",2024,9075
Trinidad and Tobago,Lemons and limes,2022,436
Trinidad and Tobago,Lemons and limes,2023,437
Trinidad and Tobago,Lemons and limes,2024,437
Trinidad and Tobago,Lettuce and chicory,2022,9050
Trinidad and Tobago,Lettuce and chicory,2023,5007
Trinidad and Tobago,Lettuce and chicory,2024,6351
Trinidad and Tobago,"Mangoes, guavas and mangosteens",2022,1107
Trinidad and Tobago,"Mangoes, guavas and mangosteens",2023,1111
Trinidad and Tobago,"Mangoes, guavas and mangosteens",2024,1115
Trinidad and Tobago,"Meat of cattle with the bone, fresh or chilled (indigenous)",2022,12878
Trinidad and Tobago,"Meat of cattle with the bone, fresh or chilled (indigenous)",2023,12974
Trinidad and Tobago,"Meat of cattle with the bone, fresh or chilled (indigenous)",2024,13070
Trinidad and Tobago,"Meat of chickens, fresh or chilled (indigenous)",2022,142610
Trinidad and Tobago,"Meat of chickens, fresh or chilled (indigenous)",2023,139872
Trinidad and Tobago,"Meat of chickens, fresh or chilled (indigenous)",2024,130733
Trinidad and Tobago,"Meat of goat, fresh or chilled (indigenous)",2022,688
Trinidad and Tobago,"Meat of goat, fresh or chilled (indigenous)",2023,993
Trinidad and Tobago,"Meat of goat, fresh or chilled (indigenous)",2024,886
Trinidad and Tobago,"Meat of pig with the bone, fresh or chilled (indigenous)",2022,17405
Trinidad and Tobago,"Meat of pig with the bone, fresh or chilled (indigenous)",2023,17398
Trinidad and Tobago,"Meat of pig with the bone, fresh or chilled (indigenous)",2024,12777
Trinidad and Tobago,"Meat of sheep, fresh or chilled (indigenous)",2022,654
Trinidad and Tobago,"Meat of sheep, fresh or chilled (indigenous)",2023,861
Trinidad and Tobago,"Meat of sheep, fresh or chilled (indigenous)",2024,1108
Trinidad and Tobago,Natural honey,2022,1146
Trinidad and Tobago,Natural honey,2023,2444
Trinidad and Tobago,Natural honey,2024,1753
Trinidad and Tobago,"Nutmeg, mace, cardamoms, raw",2022,1438
Trinidad and Tobago,"Nutmeg, mace, cardamoms, raw",2023,1438
Trinidad and Tobago,"Nutmeg, mace, cardamoms, raw",2024,1438
Trinidad and Tobago,Okra,2022,4526
Trinidad and Tobago,Okra,2023,2933
Trinidad and Tobago,Okra,2024,4350
Trinidad and Tobago,Oranges,2022,1311
Trinidad and Tobago,Oranges,2023,1332
Trinidad and Tobago,Oranges,2024,1353
Trinidad and Tobago,"Other citrus fruit, n.e.c.",2022,1313
Trinidad and Tobago,"Other citrus fruit, n.e.c.",2023,1314
Trinidad and Tobago,"Other citrus fruit, n.e.c.",2024,1311
Trinidad and Tobago,"Other fruits, n.e.c.",2022,42952
Trinidad and Tobago,"Other fruits, n.e.c.",2023,43038
Trinidad and Tobago,"Other fruits, n.e.c.",2024,43124
Trinidad and Tobago,Other pulses n.e.c.,2022,348
Trinidad and Tobago,Other pulses n.e.c.,2023,335
Trinidad and Tobago,Other pulses n.e.c.,2024,340
Trinidad and Tobago,"Other vegetables, fresh n.e.c.",2022,1520
Trinidad and Tobago,"Other vegetables, fresh n.e.c.",2023,1296
Trinidad and Tobago,"Other vegetables, fresh n.e.c.",2024,1183
Trinidad and Tobago,Papayas,2022,954
Trinidad and Tobago,Papayas,2023,503
Trinidad and Tobago,Papayas,2024,979
Trinidad and Tobago,"Pigeon peas, dry",2022,1352
Trinidad and Tobago,"Pigeon peas, dry",2023,3026
Trinidad and Tobago,"Pigeon peas, dry",2024,2282
Trinidad and Tobago,Pineapples,2022,1753
Trinidad and Tobago,Pineapples,2023,1094
Trinidad and Tobago,Pineapples,2024,945
Trinidad and Tobago,Plantains and cooking bananas,2022,6882
Trinidad and Tobago,Plantains and cooking bananas,2023,6842
Trinidad and Tobago,Plantains and cooking bananas,2024,6860
Trinidad and Tobago,Pomelos and grapefruits,2022,206
Trinidad and Tobago,Pomelos and grapefruits,2023,205
Trinidad and Tobago,Pomelos and grapefruits,2024,205
Trinidad and Tobago,"Pumpkins, squash and gourds",2022,299
Trinidad and Tobago,"Pumpkins, squash and gourds",2023,526
Trinidad and Tobago,"Pumpkins, squash and gourds",2024,575
Trinidad and Tobago,Raw milk of cattle,2022,930
Trinidad and Tobago,Raw milk of cattle,2023,962
Trinidad and Tobago,Raw milk of cattle,2024,1148
Trinidad and Tobago,Rice,2022,57
Trinidad and Tobago,Rice,2023,148
Trinidad and Tobago,Rice,2024,355
Trinidad and Tobago,Sweet potatoes,2022,1607
Trinidad and Tobago,Sweet potatoes,2023,1138
Trinidad and Tobago,Sweet potatoes,2024,425
Trinidad and Tobago,Taro,2022,4581
Trinidad and Tobago,Taro,2023,5708
Trinidad and Tobago,Taro,2024,4661
Trinidad and Tobago,Tomatoes,2022,5885
Trinidad and Tobago,Tomatoes,2023,2415
Trinidad and Tobago,Tomatoes,2024,943
Trinidad and Tobago,Unmanufactured tobacco,2022,1742
Trinidad and Tobago,Unmanufactured tobacco,2023,1736
Trinidad and Tobago,Unmanufactured tobacco,2024,1730
Trinidad and Tobago,Watermelons,2022,227
Trinidad and Tobago,Watermelons,2023,390
Trinidad and Tobago,Watermelons,2024,281
Trinidad and Tobago,Yams,2022,17
Trinidad and Tobago,Yams,2023,15
Trinidad and Tobago,Yautia,2022,1013
Trinidad and Tobago,Yautia,2023,1013
Trinidad and Tobago,Yautia,2024,1013
Tunisia,"Almonds, in shell",2022,152384
Tunisia,"Almonds, in shell",2023,153335
Tunisia,"Almonds, in shell",2024,154284
Tunisia,"Anise, badian, coriander, cumin, caraway, fennel and juniper berries, raw",2022,5997
Tunisia,"Anise, badian, coriander, cumin, caraway, fennel and juniper berries, raw",2023,5994
Tunisia,"Anise, badian, coriander, cumin, caraway, fennel and juniper berries, raw",2024,5991
Tunisia,Apples,2022,67063
Tunisia,Apples,2023,70103
Tunisia,Apples,2024,74133
Tunisia,Apricots,2022,18926
Tunisia,Apricots,2023,18668
Tunisia,Apricots,2024,19122
Tunisia,Artichokes,2022,10776
Tunisia,Artichokes,2023,9689
Tunisia,Artichokes,2024,11421
Tunisia,Asparagus,2022,151
Tunisia,Asparagus,2023,152
Tunisia,Asparagus,2024,153
Tunisia,Avocados,2022,73
Tunisia,Avocados,2023,72
Tunisia,Avocados,2024,72
Tunisia,Barley,2022,102624
Tunisia,Barley,2023,17531
Tunisia,Barley,2024,59092
Tunisia,"Beans, dry",2022,47
Tunisia,"Beans, dry",2023,46
Tunisia,"Beans, dry",2024,46
Tunisia,"Broad beans and horse beans, dry",2022,31947
Tunisia,"Broad beans and horse beans, dry",2023,34674
Tunisia,"Broad beans and horse beans, dry",2024,36988
Tunisia,"Broad beans and horse beans, green",2022,19299
Tunisia,"Broad beans and horse beans, green",2023,19242
Tunisia,"Broad beans and horse beans, green",2024,19184
Tunisia,Cabbages,2022,5419
Tunisia,Cabbages,2023,5464
Tunisia,Cabbages,2024,5426
Tunisia,Cantaloupes and other melons,2022,30904
Tunisia,Cantaloupes and other melons,2023,31118
Tunisia,Cantaloupes and other melons,2024,30967
Tunisia,Carrots and turnips,2022,36575
Tunisia,Carrots and turnips,2023,36592
Tunisia,Carrots and turnips,2024,36578
Tunisia,Cauliflowers and broccoli,2022,1394
Tunisia,Cauliflowers and broccoli,2023,1405
Tunisia,Cauliflowers and broccoli,2024,1395
Tunisia,Cereals n.e.c.,2022,2242
Tunisia,Cereals n.e.c.,2023,1962
Tunisia,Cereals n.e.c.,2024,2032
Tunisia,Cherries,2022,9446
Tunisia,Cherries,2023,9387
Tunisia,Cherries,2024,9329
Tunisia,"Chick peas, dry",2022,13418
Tunisia,"Chick peas, dry",2023,12424
Tunisia,"Chick peas, dry",2024,11605
Tunisia,"Chillies and peppers, dry (Capsicum spp., Pimenta spp.), raw",2022,14106
Tunisia,"Chillies and peppers, dry (Capsicum spp., Pimenta spp.), raw",2023,14119
Tunisia,"Chillies and peppers, dry (Capsicum spp., Pimenta spp.), raw",2024,14084
Tunisia,"Chillies and peppers, green (Capsicum spp. and Pimenta spp.)",2022,171147
Tunisia,"Chillies and peppers, green (Capsicum spp. and Pimenta spp.)",2023,181037
Tunisia,"Chillies and peppers, green (Capsicum spp. and Pimenta spp.)",2024,194992
Tunisia,Cranberries,2022,55
Tunisia,Cranberries,2023,55
Tunisia,Cranberries,2024,55
Tunisia,Cucumbers and gherkins,2022,23001
Tunisia,Cucumbers and gherkins,2023,22915
Tunisia,Cucumbers and gherkins,2024,22933
Tunisia,Dates,2022,643977
Tunisia,Dates,2023,675652
Tunisia,Dates,2024,698461
Tunisia,Eggplants (aubergines),2022,207
Tunisia,Eggplants (aubergines),2023,207
Tunisia,Eggplants (aubergines),2024,207
Tunisia,Figs,2022,17309
Tunisia,Figs,2023,17390
Tunisia,Figs,2024,17379
Tunisia,"Game meat, fresh, chilled or frozen",2022,811
Tunisia,"Game meat, fresh, chilled or frozen",2023,815
Tunisia,"Game meat, fresh, chilled or frozen",2024,819
Tunisia,Grapes,2022,77569
Tunisia,Grapes,2023,77569
Tunisia,Grapes,2024,75012
Tunisia,Green garlic,2022,13075
Tunisia,Green garlic,2023,13224
Tunisia,Green garlic,2024,13118
Tunisia,"Hazelnuts, in shell",2022,107
Tunisia,"Hazelnuts, in shell",2023,108
Tunisia,"Hazelnuts, in shell",2024,108
Tunisia,"Hen eggs in shell, fresh",2022,148668
Tunisia,"Hen eggs in shell, fresh",2023,151917
Tunisia,"Hen eggs in shell, fresh",2024,149852
Tunisia,"Horse meat, fresh or chilled (indigenous)",2022,1399
Tunisia,"Horse meat, fresh or chilled (indigenous)",2023,1407
Tunisia,"Horse meat, fresh or chilled (indigenous)",2024,1403
Tunisia,Kiwi fruit,2022,14
Tunisia,Kiwi fruit,2023,14
Tunisia,Kiwi fruit,2024,14
Tunisia,Lemons and limes,2022,20434
Tunisia,Lemons and limes,2023,21317
Tunisia,Lemons and limes,2024,22099
Tunisia,"Lentils, dry",2022,1234
Tunisia,"Lentils, dry",2023,1201
Tunisia,"Lentils, dry",2024,1215
Tunisia,Lettuce and chicory,2022,23120
Tunisia,Lettuce and chicory,2023,23182
Tunisia,Lettuce and chicory,2024,23101
Tunisia,Linseed,2022,676
Tunisia,Linseed,2023,673
Tunisia,Linseed,2024,671
Tunisia,Locust beans (carobs),2022,208
Tunisia,Locust beans (carobs),2023,207
Tunisia,Locust beans (carobs),2024,206
Tunisia,"Meat of camels, fresh or chilled (indigenous)",2022,3937
Tunisia,"Meat of camels, fresh or chilled (indigenous)",2023,3945
Tunisia,"Meat of camels, fresh or chilled (indigenous)",2024,3952
Tunisia,"Meat of cattle with the bone, fresh or chilled (indigenous)",2022,175112
Tunisia,"Meat of cattle with the bone, fresh or chilled (indigenous)",2023,163613
Tunisia,"Meat of cattle with the bone, fresh or chilled (indigenous)",2024,146667
Tunisia,"Meat of chickens, fresh or chilled (indigenous)",2022,420875
Tunisia,"Meat of chickens, fresh or chilled (indigenous)",2023,438949
Tunisia,"Meat of chickens, fresh or chilled (indigenous)",2024,445390
Tunisia,"Meat of goat, fresh or chilled (indigenous)",2022,44671
Tunisia,"Meat of goat, fresh or chilled (indigenous)",2023,43799
Tunisia,"Meat of goat, fresh or chilled (indigenous)",2024,41772
Tunisia,"Meat of pig with the bone, fresh or chilled (indigenous)",2022,251
Tunisia,"Meat of pig with the bone, fresh or chilled (indigenous)",2023,248
Tunisia,"Meat of pig with the bone, fresh or chilled (indigenous)",2024,4
Tunisia,"Meat of sheep, fresh or chilled (indigenous)",2022,240701
Tunisia,"Meat of sheep, fresh or chilled (indigenous)",2023,233094
Tunisia,"Meat of sheep, fresh or chilled (indigenous)",2024,221082
Tunisia,"Meat of turkeys, fresh or chilled (indigenous)",2022,206410
Tunisia,"Meat of turkeys, fresh or chilled (indigenous)",2023,212813
Tunisia,"Meat of turkeys, fresh or chilled (indigenous)",2024,216671
Tunisia,Mushrooms and truffles,2022,533
Tunisia,Mushrooms and truffles,2023,543
Tunisia,Mushrooms and truffles,2024,552
Tunisia,Natural honey,2022,1981
Tunisia,Natural honey,2023,1994
Tunisia,Natural honey,2024,2008
Tunisia,Oats,2022,280
Tunisia,Oats,2023,281
Tunisia,Oats,2024,283
Tunisia,Olives,2022,644014
Tunisia,Olives,2023,586837
Tunisia,Olives,2024,566854
Tunisia,"Onions and shallots, dry (excluding dehydrated)",2022,11006
Tunisia,"Onions and shallots, dry (excluding dehydrated)",2023,10883
Tunisia,"Onions and shallots, dry (excluding dehydrated)",2024,10965
Tunisia,"Onions and shallots, green",2022,72582
Tunisia,"Onions and shallots, green",2023,73206
Tunisia,"Onions and shallots, green",2024,73451
Tunisia,Oranges,2022,119982
Tunisia,Oranges,2023,124363
Tunisia,Oranges,2024,144986
Tunisia,"Other beans, green",2022,695
Tunisia,"Other beans, green",2023,694
Tunisia,"Other beans, green",2024,694
Tunisia,"Other citrus fruit, n.e.c.",2022,51480
Tunisia,"Other citrus fruit, n.e.c.",2023,51820
Tunisia,"Other citrus fruit, n.e.c.",2024,51537
Tunisia,"Other fruits, n.e.c.",2022,23931
Tunisia,"Other fruits, n.e.c.",2023,23752
Tunisia,"Other fruits, n.e.c.",2024,23850
Tunisia,"Other nuts (excluding wild edible nuts and groundnuts), in shell, n.e.c.",2022,34
Tunisia,"Other nuts (excluding wild edible nuts and groundnuts), in shell, n.e.c.",2023,33
Tunisia,"Other nuts (excluding wild edible nuts and groundnuts), in shell, n.e.c.",2024,33
Tunisia,Other pulses n.e.c.,2022,11333
Tunisia,Other pulses n.e.c.,2023,11265
Tunisia,Other pulses n.e.c.,2024,11295
Tunisia,"Other stimulant, spice and aromatic crops, n.e.c.",2022,697
Tunisia,"Other stimulant, spice and aromatic crops, n.e.c.",2023,699
Tunisia,"Other stimulant, spice and aromatic crops, n.e.c.",2024,697
Tunisia,Other stone fruits,2022,2352
Tunisia,Other stone fruits,2023,2352
Tunisia,Other stone fruits,2024,2352
Tunisia,"Other tropical fruits, n.e.c.",2022,67049
Tunisia,"Other tropical fruits, n.e.c.",2023,67139
Tunisia,"Other tropical fruits, n.e.c.",2024,66980
Tunisia,"Other vegetables, fresh n.e.c.",2022,17865
Tunisia,"Other vegetables, fresh n.e.c.",2023,17793
Tunisia,"Other vegetables, fresh n.e.c.",2024,17827
Tunisia,Papayas,2022,8
Tunisia,Papayas,2023,8
Tunisia,Papayas,2024,9
Tunisia,Peaches and nectarines,2022,77059
Tunisia,Peaches and nectarines,2023,77963
Tunisia,Peaches and nectarines,2024,78384
Tunisia,Pears,2022,13480
Tunisia,Pears,2023,13182
Tunisia,Pears,2024,9665
Tunisia,"Peas, dry",2022,374
Tunisia,"Peas, dry",2023,370
Tunisia,"Peas, dry",2024,373
Tunisia,"Peas, green",2022,32521
Tunisia,"Peas, green",2023,32497
Tunisia,"Peas, green",2024,32598
Tunisia,"Pistachios, in shell",2022,15265
Tunisia,"Pistachios, in shell",2023,15179
Tunisia,"Pistachios, in shell",2024,15228
Tunisia,Plums and sloes,2022,11296
Tunisia,Plums and sloes,2023,11735
Tunisia,Plums and sloes,2024,11632
Tunisia,Pomelos and grapefruits,2022,21556
Tunisia,Pomelos and grapefruits,2023,21711
Tunisia,Pomelos and grapefruits,2024,21570
Tunisia,Potatoes,2022,97580
Tunisia,Potatoes,2023,106822
Tunisia,Potatoes,2024,113703
Tunisia,"Pumpkins, squash and gourds",2022,19534
Tunisia,"Pumpkins, squash and gourds",2023,19625
Tunisia,"Pumpkins, squash and gourds",2024,19717
Tunisia,Quinces,2022,1305
Tunisia,Quinces,2023,1295
Tunisia,Quinces,2024,1309
Tunisia,Rape or colza seed,2022,1407
Tunisia,Rape or colza seed,2023,1510
Tunisia,Rape or colza seed,2024,1284
Tunisia,Raw milk of camel,2022,380
Tunisia,Raw milk of camel,2023,380
Tunisia,Raw milk of camel,2024,381
Tunisia,Raw milk of cattle,2022,538874
Tunisia,Raw milk of cattle,2023,542700
Tunisia,Raw milk of cattle,2024,543758
Tunisia,Raw milk of goats,2022,3845
Tunisia,Raw milk of goats,2023,3921
Tunisia,Raw milk of goats,2024,3872
Tunisia,Raw milk of sheep,2022,7782
Tunisia,Raw milk of sheep,2023,7858
Tunisia,Raw milk of sheep,2024,8074
Tunisia,"Seed cotton, unginned",2022,4032
Tunisia,"Seed cotton, unginned",2023,3776
Tunisia,"Seed cotton, unginned",2024,4588
Tunisia,"Shorn wool, greasy, including fleece-washed shorn wool",2022,15336
Tunisia,"Shorn wool, greasy, including fleece-washed shorn wool",2023,15258
Tunisia,"Shorn wool, greasy, including fleece-washed shorn wool",2024,15184
Tunisia,Sorghum,2022,114
Tunisia,Sorghum,2023,114
Tunisia,Sorghum,2024,114
Tunisia,Spinach,2022,2796
Tunisia,Spinach,2023,2775
Tunisia,Spinach,2024,2753
Tunisia,Strawberries,2022,7381
Tunisia,Strawberries,2023,7405
Tunisia,Strawberries,2024,7401
Tunisia,Sugar beet,2022,2403
Tunisia,Sugar beet,2023,2395
Tunisia,Sugar beet,2024,2404
Tunisia,Sunflower seed,2022,1386
Tunisia,Sunflower seed,2023,1383
Tunisia,Sunflower seed,2024,1387
Tunisia,"Tangerines, mandarins, clementines",2022,37173
Tunisia,"Tangerines, mandarins, clementines",2023,36884
Tunisia,"Tangerines, mandarins, clementines",2024,37343
Tunisia,Tomatoes,2022,169591
Tunisia,Tomatoes,2023,184400
Tunisia,Tomatoes,2024,209178
Tunisia,Triticale,2022,4241
Tunisia,Triticale,2023,4153
Tunisia,Triticale,2024,4117
Tunisia,Unmanufactured tobacco,2022,2235
Tunisia,Unmanufactured tobacco,2023,2178
Tunisia,Unmanufactured tobacco,2024,2206
Tunisia,Vetches,2022,90
Tunisia,Vetches,2023,90
Tunisia,Vetches,2024,90
Tunisia,Watermelons,2022,65496
Tunisia,Watermelons,2023,66977
Tunisia,Watermelons,2024,73369
Tunisia,Wheat,2022,351889
Tunisia,Wheat,2023,145716
Tunisia,Wheat,2024,356540
Türkiye,"Almonds, in shell",2022,577637
Türkiye,"Almonds, in shell",2023,516833
Türkiye,"Almonds, in shell",2024,608039
Türkiye,"Anise, badian, coriander, cumin, caraway, fennel and juniper berries, raw",2022,55653
Türkiye,"Anise, badian, coriander, cumin, caraway, fennel and juniper berries, raw",2023,47486
Türkiye,"Anise, badian, coriander, cumin, caraway, fennel and juniper berries, raw",2024,58358
Türkiye,Apples,2022,2198840
Türkiye,Apples,2023,2100716
Türkiye,Apples,2024,2017495
Türkiye,Apricots,2022,731986
Türkiye,Apricots,2023,683673
Türkiye,Apricots,2024,1156775
Türkiye,Artichokes,2022,54938
Türkiye,Artichokes,2023,49093
Türkiye,Artichokes,2024,51252
Türkiye,Asparagus,2022,9693
Türkiye,Asparagus,2023,11556
Türkiye,Asparagus,2024,17240
Türkiye,Avocados,2022,55556
Türkiye,Avocados,2023,53179
Türkiye,Avocados,2024,89180
Türkiye,Bananas,2022,758966
Türkiye,Bananas,2023,707972
Türkiye,Bananas,2024,665931
Türkiye,Barley,2022,2114022
Türkiye,Barley,2023,2288117
Türkiye,Barley,2024,2014538
Türkiye,"Beans, dry",2022,366296
Türkiye,"Beans, dry",2023,325597
Türkiye,"Beans, dry",2024,378506
Türkiye,Beeswax,2022,24874
Türkiye,Beeswax,2023,24098
Türkiye,Beeswax,2024,20123
Türkiye,"Broad beans and horse beans, dry",2022,4987
Türkiye,"Broad beans and horse beans, dry",2023,4817
Türkiye,"Broad beans and horse beans, dry",2024,4908
Türkiye,"Broad beans and horse beans, green",2022,25902
Türkiye,"Broad beans and horse beans, green",2023,22279
Türkiye,"Broad beans and horse beans, green",2024,22458
Türkiye,Cabbages,2022,356312
Türkiye,Cabbages,2023,365112
Türkiye,Cabbages,2024,337298
Türkiye,Canary seed,2022,4806
Türkiye,Canary seed,2023,4156
Türkiye,Canary seed,2024,6367
Türkiye,Cantaloupes and other melons,2022,460569
Türkiye,Cantaloupes and other melons,2023,407173
Türkiye,Cantaloupes and other melons,2024,429164
Türkiye,Carrots and turnips,2022,231712
Türkiye,Carrots and turnips,2023,228581
Türkiye,Carrots and turnips,2024,262245
Türkiye,Cauliflowers and broccoli,2022,180295
Türkiye,Cauliflowers and broccoli,2023,191174
Türkiye,Cauliflowers and broccoli,2024,204514
Türkiye,Cherries,2022,877312
Türkiye,Cherries,2023,985298
Türkiye,Cherries,2024,971536
Türkiye,"Chestnuts, in shell",2022,234704
Türkiye,"Chestnuts, in shell",2023,208237
Türkiye,"Chestnuts, in shell",2024,217438
Türkiye,"Chick peas, dry",2022,626576
Türkiye,"Chick peas, dry",2023,626576
Türkiye,"Chick peas, dry",2024,621175
Türkiye,"Chillies and peppers, dry (Capsicum spp., Pimenta spp.), raw",2022,36445
Türkiye,"Chillies and peppers, dry (Capsicum spp., Pimenta spp.), raw",2023,36304
Türkiye,"Chillies and peppers, dry (Capsicum spp., Pimenta spp.), raw",2024,36219
Türkiye,"Chillies and peppers, green (Capsicum spp. and Pimenta spp.)",2022,1679028
Türkiye,"Chillies and peppers, green (Capsicum spp. and Pimenta spp.)",2023,1713642
Türkiye,"Chillies and peppers, green (Capsicum spp. and Pimenta spp.)",2024,1906658
Türkiye,Cucumbers and gherkins,2022,864816
Türkiye,Cucumbers and gherkins,2023,835000
Türkiye,Cucumbers and gherkins,2024,777535
Türkiye,Eggplants (aubergines),2022,395418
Türkiye,Eggplants (aubergines),2023,413815
Türkiye,Eggplants (aubergines),2024,418579
Türkiye,Figs,2022,375089
Türkiye,Figs,2023,381519
Türkiye,Figs,2024,401881
Türkiye,"Flax, processed but not spun",2022,6
Türkiye,"Flax, processed but not spun",2023,11
Türkiye,"Flax, processed but not spun",2024,64
Türkiye,Grapes,2022,2211017
Türkiye,Grapes,2023,1804912
Türkiye,Grapes,2024,1841010
Türkiye,Green garlic,2022,87550
Türkiye,Green garlic,2023,99792
Türkiye,Green garlic,2024,93787
Türkiye,"Groundnuts, excluding shelled",2022,264054
Türkiye,"Groundnuts, excluding shelled",2023,262350
Türkiye,"Groundnuts, excluding shelled",2024,349724
Türkiye,"Hazelnuts, in shell",2022,3392093
Türkiye,"Hazelnuts, in shell",2023,2882170
Türkiye,"Hazelnuts, in shell",2024,3179256
Türkiye,"Hen eggs in shell, fresh",2022,2164255
Türkiye,"Hen eggs in shell, fresh",2023,2254851
Türkiye,"Hen eggs in shell, fresh",2024,2311377
Türkiye,"Horse meat, fresh or chilled (indigenous)",2022,3201
Türkiye,"Horse meat, fresh or chilled (indigenous)",2023,2831
Türkiye,"Horse meat, fresh or chilled (indigenous)",2024,2670
Türkiye,Kiwi fruit,2022,97382
Türkiye,Kiwi fruit,2023,86809
Türkiye,Kiwi fruit,2024,89145
Türkiye,Leeks and other alliaceous vegetables,2022,72704
Türkiye,Leeks and other alliaceous vegetables,2023,69318
Türkiye,Leeks and other alliaceous vegetables,2024,65191
Türkiye,Lemons and limes,2022,537826
Türkiye,Lemons and limes,2023,945454
Türkiye,Lemons and limes,2024,703280
Türkiye,"Lentils, dry",2022,360352
Türkiye,"Lentils, dry",2023,383836
Türkiye,"Lentils, dry",2024,327961
Türkiye,Lettuce and chicory,2022,276475
Türkiye,Lettuce and chicory,2023,284240
Türkiye,Lettuce and chicory,2024,296576
Türkiye,Linseed,2022,10
Türkiye,Linseed,2023,39
Türkiye,Linseed,2024,230
Türkiye,Locust beans (carobs),2022,16733
Türkiye,Locust beans (carobs),2023,16370
Türkiye,Locust beans (carobs),2024,16663
Türkiye,Maize (corn),2022,2113237
Türkiye,Maize (corn),2023,2237545
Türkiye,Maize (corn),2024,2013791
Türkiye,"Meat of buffalo, fresh or chilled (indigenous)",2022,97494
Türkiye,"Meat of buffalo, fresh or chilled (indigenous)",2023,110415
Türkiye,"Meat of buffalo, fresh or chilled (indigenous)",2024,98897
Türkiye,"Meat of cattle with the bone, fresh or chilled (indigenous)",2022,12184411
Türkiye,"Meat of cattle with the bone, fresh or chilled (indigenous)",2023,10827843
Türkiye,"Meat of cattle with the bone, fresh or chilled (indigenous)",2024,10499972
Türkiye,"Meat of chickens, fresh or chilled (indigenous)",2022,5940225
Türkiye,"Meat of chickens, fresh or chilled (indigenous)",2023,5721079
Türkiye,"Meat of chickens, fresh or chilled (indigenous)",2024,6171486
Türkiye,"Meat of ducks, fresh or chilled (indigenous)",2022,1821
Türkiye,"Meat of ducks, fresh or chilled (indigenous)",2023,1776
Türkiye,"Meat of ducks, fresh or chilled (indigenous)",2024,1652
Türkiye,"Meat of geese, fresh or chilled (indigenous)",2022,18352
Türkiye,"Meat of geese, fresh or chilled (indigenous)",2023,17643
Türkiye,"Meat of geese, fresh or chilled (indigenous)",2024,17359
Türkiye,"Meat of goat, fresh or chilled (indigenous)",2022,852222
Türkiye,"Meat of goat, fresh or chilled (indigenous)",2023,948057
Türkiye,"Meat of goat, fresh or chilled (indigenous)",2024,731368
Türkiye,"Meat of rabbits and hares, fresh or chilled (indigenous)",2022,628
Türkiye,"Meat of rabbits and hares, fresh or chilled (indigenous)",2023,629
Türkiye,"Meat of rabbits and hares, fresh or chilled (indigenous)",2024,629
Türkiye,"Meat of sheep, fresh or chilled (indigenous)",2022,3914260
Türkiye,"Meat of sheep, fresh or chilled (indigenous)",2023,4549731
Türkiye,"Meat of sheep, fresh or chilled (indigenous)",2024,4068626
Türkiye,"Meat of turkeys, fresh or chilled (indigenous)",2022,223979
Türkiye,"Meat of turkeys, fresh or chilled (indigenous)",2023,198349
Türkiye,"Meat of turkeys, fresh or chilled (indigenous)",2024,218590
Türkiye,Millet,2022,2156
Türkiye,Millet,2023,2121
Türkiye,Millet,2024,1952
Türkiye,Mushrooms and truffles,2022,87525
Türkiye,Mushrooms and truffles,2023,95317
Türkiye,Mushrooms and truffles,2024,100466
Türkiye,Natural honey,2022,977673
Türkiye,Natural honey,2023,949486
Türkiye,Natural honey,2024,789202
Türkiye,Oats,2022,108694
Türkiye,Oats,2023,122094
Türkiye,Oats,2024,116139
Türkiye,Okra,2022,61449
Türkiye,Okra,2023,58700
Türkiye,Okra,2024,56748
Türkiye,Olives,2022,3729820
Türkiye,Olives,2023,1905015
Türkiye,Olives,2024,4699874
Türkiye,"Onions and shallots, dry (excluding dehydrated)",2022,575210
Türkiye,"Onions and shallots, dry (excluding dehydrated)",2023,636403
Türkiye,"Onions and shallots, dry (excluding dehydrated)",2024,644236
Türkiye,"Onions and shallots, green",2022,33397
Türkiye,"Onions and shallots, green",2023,31005
Türkiye,"Onions and shallots, green",2024,28990
Türkiye,Oranges,2022,306157
Türkiye,Oranges,2023,535273
Türkiye,Oranges,2024,372854
Türkiye,"Other beans, green",2022,508472
Türkiye,"Other beans, green",2023,494276
Türkiye,"Other beans, green",2024,496093
Türkiye,Other berries and fruits of the genus vaccinium n.e.c.,2022,119927
Türkiye,Other berries and fruits of the genus vaccinium n.e.c.,2023,120194
Türkiye,Other berries and fruits of the genus vaccinium n.e.c.,2024,126918
Türkiye,"Other citrus fruit, n.e.c.",2022,1903
Türkiye,"Other citrus fruit, n.e.c.",2023,2427
Türkiye,"Other citrus fruit, n.e.c.",2024,2424
Türkiye,"Other nuts (excluding wild edible nuts and groundnuts), in shell, n.e.c.",2022,13820
Türkiye,"Other nuts (excluding wild edible nuts and groundnuts), in shell, n.e.c.",2023,13778
Türkiye,"Other nuts (excluding wild edible nuts and groundnuts), in shell, n.e.c.",2024,13798
Türkiye,Other pulses n.e.c.,2022,3496
Türkiye,Other pulses n.e.c.,2023,3721
Türkiye,Other pulses n.e.c.,2024,3330
Türkiye,"Other stimulant, spice and aromatic crops, n.e.c.",2022,691147
Türkiye,"Other stimulant, spice and aromatic crops, n.e.c.",2023,711452
Türkiye,"Other stimulant, spice and aromatic crops, n.e.c.",2024,817354
Türkiye,Other stone fruits,2022,21732
Türkiye,Other stone fruits,2023,18901
Türkiye,Other stone fruits,2024,20125
Türkiye,"Other vegetables, fresh n.e.c.",2022,210585
Türkiye,"Other vegetables, fresh n.e.c.",2023,217630
Türkiye,"Other vegetables, fresh n.e.c.",2024,216374
Türkiye,Peaches and nectarines,2022,647312
Türkiye,Peaches and nectarines,2023,691400
Türkiye,Peaches and nectarines,2024,757011
Türkiye,Pears,2022,397279
Türkiye,Pears,2023,385332
Türkiye,Pears,2024,454529
Türkiye,"Peas, dry",2022,1057
Türkiye,"Peas, dry",2023,1678
Türkiye,"Peas, dry",2024,2365
Türkiye,"Peas, green",2022,61532
Türkiye,"Peas, green",2023,75268
Türkiye,"Peas, green",2024,70846
Türkiye,"Pistachios, in shell",2022,1625943
Türkiye,"Pistachios, in shell",2023,1195901
Türkiye,"Pistachios, in shell",2024,2602444
Türkiye,Plums and sloes,2022,270267
Türkiye,Plums and sloes,2023,275213
Türkiye,Plums and sloes,2024,291385
Türkiye,Pomelos and grapefruits,2022,36885
Türkiye,Pomelos and grapefruits,2023,53010
Türkiye,Pomelos and grapefruits,2024,27943
Türkiye,Poppy seed,2022,32106
Türkiye,Poppy seed,2023,20780
Türkiye,Poppy seed,2024,22141
Türkiye,Potatoes,2022,2010333
Türkiye,Potatoes,2023,2203634
Türkiye,Potatoes,2024,2667557
Türkiye,"Pumpkins, squash and gourds",2022,567298
Türkiye,"Pumpkins, squash and gourds",2023,553803
Türkiye,"Pumpkins, squash and gourds",2024,565509
Türkiye,Quinces,2022,116781
Türkiye,Quinces,2023,113667
Türkiye,Quinces,2024,120141
Türkiye,Rape or colza seed,2022,71889
Türkiye,Rape or colza seed,2023,57511
Türkiye,Rape or colza seed,2024,29553
Türkiye,Raw milk of buffalo,2022,51279
Türkiye,Raw milk of buffalo,2023,50616
Türkiye,Raw milk of buffalo,2024,68377
Türkiye,Raw milk of cattle,2022,8516926
Türkiye,Raw milk of cattle,2023,8538215
Türkiye,Raw milk of cattle,2024,8999531
Türkiye,Raw milk of goats,2022,400253
Türkiye,Raw milk of goats,2023,402203
Türkiye,Raw milk of goats,2024,357165
Türkiye,Raw milk of sheep,2022,821898
Türkiye,Raw milk of sheep,2023,718892
Türkiye,Raw milk of sheep,2024,698385
Türkiye,Rice,2022,619962
Türkiye,Rice,2023,587332
Türkiye,Rice,2024,664991
Türkiye,Rye,2022,67362
Türkiye,Rye,2023,75258
Türkiye,Rye,2024,63414
Türkiye,Safflower seed,2022,15060
Türkiye,Safflower seed,2023,19577
Türkiye,Safflower seed,2024,14558
Türkiye,"Seed cotton, unginned",2022,3008321
Türkiye,"Seed cotton, unginned",2023,2297263
Türkiye,"Seed cotton, unginned",2024,2453696
Türkiye,Sesame seed,2022,39016
Türkiye,Sesame seed,2023,36374
Türkiye,Sesame seed,2024,32440
Türkiye,"Shorn wool, greasy, including fleece-washed shorn wool",2022,71832
Türkiye,"Shorn wool, greasy, including fleece-washed shorn wool",2023,67863
Türkiye,"Shorn wool, greasy, including fleece-washed shorn wool",2024,71311
Türkiye,Silk-worm cocoons suitable for reeling,2022,943
Türkiye,Silk-worm cocoons suitable for reeling,2023,1066
Türkiye,Silk-worm cocoons suitable for reeling,2024,1162
Türkiye,Sour cherries,2022,139936
Türkiye,Sour cherries,2023,167264
Türkiye,Sour cherries,2024,163630
Türkiye,Soya beans,2022,67268
Türkiye,Soya beans,2023,59673
Türkiye,Soya beans,2024,78117
Türkiye,Spinach,2022,120456
Türkiye,Spinach,2023,121832
Türkiye,Spinach,2024,124197
Türkiye,Strawberries,2022,706897
Türkiye,Strawberries,2023,657098
Türkiye,Strawberries,2024,588590
Türkiye,String beans,2022,122460
Türkiye,String beans,2023,112884
Türkiye,String beans,2024,108617
Türkiye,Sugar beet,2022,1208855
Türkiye,Sugar beet,2023,1585327
Türkiye,Sugar beet,2024,1444048
Türkiye,Sunflower seed,2022,2333753
Türkiye,Sunflower seed,2023,2011604
Türkiye,Sunflower seed,2024,2008858
Türkiye,"Tangerines, mandarins, clementines",2022,456949
Türkiye,"Tangerines, mandarins, clementines",2023,723468
Türkiye,"Tangerines, mandarins, clementines",2024,487085
Türkiye,Tea leaves,2022,748586
Türkiye,Tea leaves,2023,799891
Türkiye,Tea leaves,2024,833763
Türkiye,Tomatoes,2022,6002121
Türkiye,Tomatoes,2023,6140631
Türkiye,Tomatoes,2024,6748692
Türkiye,Triticale,2022,81522
Türkiye,Triticale,2023,94259
Türkiye,Triticale,2024,86871
Türkiye,Unmanufactured tobacco,2022,409774
Türkiye,Unmanufactured tobacco,2023,399427
Türkiye,Unmanufactured tobacco,2024,504481
Türkiye,"Vanilla, raw",2022,4950
Türkiye,"Vanilla, raw",2023,5138
Türkiye,"Vanilla, raw",2024,5287
Türkiye,Vetches,2022,1180
Türkiye,Vetches,2023,1031
Türkiye,Vetches,2024,1011
Türkiye,"Walnuts, in shell",2022,1658704
Türkiye,"Walnuts, in shell",2023,1782488
Türkiye,"Walnuts, in shell",2024,2109278
Türkiye,Watermelons,2022,612501
Türkiye,Watermelons,2023,567962
Türkiye,Watermelons,2024,576997
Türkiye,Wheat,2022,5851026
Türkiye,Wheat,2023,6517599
Türkiye,Wheat,2024,6162093
Turkmenistan,"Almonds, in shell",2022,4674
Turkmenistan,"Almonds, in shell",2023,4663
Turkmenistan,"Almonds, in shell",2024,4652
Turkmenistan,Apples,2022,27560
Turkmenistan,Apples,2023,27602
Turkmenistan,Apples,2024,27522
Turkmenistan,Apricots,2022,21238
Turkmenistan,Apricots,2023,21126
Turkmenistan,Apricots,2024,21162
Turkmenistan,Barley,2022,54180
Turkmenistan,Barley,2023,72263
Turkmenistan,Barley,2024,16803
Turkmenistan,Cabbages,2022,10181
Turkmenistan,Cabbages,2023,10173
Turkmenistan,Cabbages,2024,10165
Turkmenistan,Carrots and turnips,2022,27702
Turkmenistan,Carrots and turnips,2023,27795
Turkmenistan,Carrots and turnips,2024,27889
Turkmenistan,Cucumbers and gherkins,2022,6391
Turkmenistan,Cucumbers and gherkins,2023,6405
Turkmenistan,Cucumbers and gherkins,2024,6376
Turkmenistan,"Eggs from other birds in shell, fresh, n.e.c.",2022,4733
Turkmenistan,"Eggs from other birds in shell, fresh, n.e.c.",2023,4733
Turkmenistan,"Eggs from other birds in shell, fresh, n.e.c.",2024,4733
Turkmenistan,Grapes,2022,80010
Turkmenistan,Grapes,2023,80201
Turkmenistan,Grapes,2024,83877
Turkmenistan,Green garlic,2022,4615
Turkmenistan,Green garlic,2023,4594
Turkmenistan,Green garlic,2024,4604
Turkmenistan,"Hen eggs in shell, fresh",2022,101548
Turkmenistan,"Hen eggs in shell, fresh",2023,105151
Turkmenistan,"Hen eggs in shell, fresh",2024,110786
Turkmenistan,Maize (corn),2022,7624
Turkmenistan,Maize (corn),2023,2880
Turkmenistan,Maize (corn),2024,4419
Turkmenistan,"Meat of cattle with the bone, fresh or chilled (indigenous)",2022,568447
Turkmenistan,"Meat of cattle with the bone, fresh or chilled (indigenous)",2023,614697
Turkmenistan,"Meat of cattle with the bone, fresh or chilled (indigenous)",2024,687290
Turkmenistan,"Meat of chickens, fresh or chilled (indigenous)",2022,102570
Turkmenistan,"Meat of chickens, fresh or chilled (indigenous)",2023,82041
Turkmenistan,"Meat of chickens, fresh or chilled (indigenous)",2024,86359
Turkmenistan,"Meat of goat, fresh or chilled (indigenous)",2022,21177
Turkmenistan,"Meat of goat, fresh or chilled (indigenous)",2023,20969
Turkmenistan,"Meat of goat, fresh or chilled (indigenous)",2024,22958
Turkmenistan,"Meat of pig with the bone, fresh or chilled (indigenous)",2022,770
Turkmenistan,"Meat of pig with the bone, fresh or chilled (indigenous)",2023,790
Turkmenistan,"Meat of pig with the bone, fresh or chilled (indigenous)",2024,784
Turkmenistan,"Meat of sheep, fresh or chilled (indigenous)",2022,149032
Turkmenistan,"Meat of sheep, fresh or chilled (indigenous)",2023,147589
Turkmenistan,"Meat of sheep, fresh or chilled (indigenous)",2024,144204
Turkmenistan,Natural honey,2022,3309
Turkmenistan,Natural honey,2023,3458
Turkmenistan,Natural honey,2024,3523
Turkmenistan,"Onions and shallots, dry (excluding dehydrated)",2022,32309
Turkmenistan,"Onions and shallots, dry (excluding dehydrated)",2023,32282
Turkmenistan,"Onions and shallots, dry (excluding dehydrated)",2024,32261
Turkmenistan,"Other nuts (excluding wild edible nuts and groundnuts), in shell, n.e.c.",2022,2618
Turkmenistan,"Other nuts (excluding wild edible nuts and groundnuts), in shell, n.e.c.",2023,2617
Turkmenistan,"Other nuts (excluding wild edible nuts and groundnuts), in shell, n.e.c.",2024,2618
Turkmenistan,"Other vegetables, fresh n.e.c.",2022,11149
Turkmenistan,"Other vegetables, fresh n.e.c.",2023,11179
Turkmenistan,"Other vegetables, fresh n.e.c.",2024,11185
Turkmenistan,Peaches and nectarines,2022,18232
Turkmenistan,Peaches and nectarines,2023,18080
Turkmenistan,Peaches and nectarines,2024,18164
Turkmenistan,"Peas, dry",2022,22062
Turkmenistan,"Peas, dry",2023,22000
Turkmenistan,"Peas, dry",2024,20203
Turkmenistan,Plums and sloes,2022,13220
Turkmenistan,Plums and sloes,2023,13231
Turkmenistan,Plums and sloes,2024,13243
Turkmenistan,Potatoes,2022,303203
Turkmenistan,Potatoes,2023,342046
Turkmenistan,Potatoes,2024,357690
Turkmenistan,Raw milk of cattle,2022,858343
Turkmenistan,Raw milk of cattle,2023,896711
Turkmenistan,Raw milk of cattle,2024,918648
Turkmenistan,Rice,2022,70973
Turkmenistan,Rice,2023,71246
Turkmenistan,Rice,2024,70356
Turkmenistan,"Seed cotton, unginned",2022,797123
Turkmenistan,"Seed cotton, unginned",2023,438696
Turkmenistan,"Seed cotton, unginned",2024,398248
Turkmenistan,"Shorn wool, greasy, including fleece-washed shorn wool",2022,129616
Turkmenistan,"Shorn wool, greasy, including fleece-washed shorn wool",2023,130612
Turkmenistan,"Shorn wool, greasy, including fleece-washed shorn wool",2024,131264
Turkmenistan,Sugar beet,2022,12204
Turkmenistan,Sugar beet,2023,7329
Turkmenistan,Sugar beet,2024,23351
Turkmenistan,Tomatoes,2022,65989
Turkmenistan,Tomatoes,2023,66045
Turkmenistan,Tomatoes,2024,65883
Turkmenistan,Unmanufactured tobacco,2022,7129
Turkmenistan,Unmanufactured tobacco,2023,7151
Turkmenistan,Unmanufactured tobacco,2024,7173
Turkmenistan,Watermelons,2022,62034
Turkmenistan,Watermelons,2023,65481
Turkmenistan,Watermelons,2024,69425
Turkmenistan,Wheat,2022,425237
Turkmenistan,Wheat,2023,374208
Turkmenistan,Wheat,2024,452452
Ukraine,"Anise, badian, coriander, cumin, caraway, fennel and juniper berries, raw",2022,2847
Ukraine,"Anise, badian, coriander, cumin, caraway, fennel and juniper berries, raw",2023,2440
Ukraine,"Anise, badian, coriander, cumin, caraway, fennel and juniper berries, raw",2024,2678
Ukraine,Apples,2022,221480
Ukraine,Apples,2023,230038
Ukraine,Apples,2024,225752
Ukraine,Apricots,2022,24484
Ukraine,Apricots,2023,20081
Ukraine,Apricots,2024,22263
Ukraine,Barley,2022,716416
Ukraine,Barley,2023,703517
Ukraine,Barley,2024,678822
Ukraine,"Beans, dry",2022,14475
Ukraine,"Beans, dry",2023,17445
Ukraine,"Beans, dry",2024,19570
Ukraine,Blueberries,2022,354
Ukraine,Blueberries,2023,519
Ukraine,Blueberries,2024,472
Ukraine,"Broad beans and horse beans, dry",2022,1015
Ukraine,"Broad beans and horse beans, dry",2023,467
Ukraine,"Broad beans and horse beans, dry",2024,548
Ukraine,"Broad beans and horse beans, green",2022,222
Ukraine,"Broad beans and horse beans, green",2023,221
Ukraine,"Broad beans and horse beans, green",2024,220
Ukraine,Buckwheat,2022,60696
Ukraine,Buckwheat,2023,86599
Ukraine,Buckwheat,2024,46706
Ukraine,Cabbages,2022,253610
Ukraine,Cabbages,2023,262528
Ukraine,Cabbages,2024,258067
Ukraine,Cantaloupes and other melons,2022,2886
Ukraine,Cantaloupes and other melons,2023,2505
Ukraine,Cantaloupes and other melons,2024,2693
Ukraine,Carrots and turnips,2022,119640
Ukraine,Carrots and turnips,2023,134893
Ukraine,Carrots and turnips,2024,127272
Ukraine,Cauliflowers and broccoli,2022,2567
Ukraine,Cauliflowers and broccoli,2023,2952
Ukraine,Cauliflowers and broccoli,2024,2758
Ukraine,Cereals n.e.c.,2022,874
Ukraine,Cereals n.e.c.,2023,862
Ukraine,Cereals n.e.c.,2024,825
Ukraine,Cherries,2022,30453
Ukraine,Cherries,2023,27862
Ukraine,Cherries,2024,29155
Ukraine,"Chestnuts, in shell",2022,240
Ukraine,"Chestnuts, in shell",2023,239
Ukraine,"Chestnuts, in shell",2024,220
Ukraine,Chicory roots,2022,3190
Ukraine,Chicory roots,2023,3217
Ukraine,Chicory roots,2024,3248
Ukraine,"Chillies and peppers, green (Capsicum spp. and Pimenta spp.)",2022,43631
Ukraine,"Chillies and peppers, green (Capsicum spp. and Pimenta spp.)",2023,46300
Ukraine,"Chillies and peppers, green (Capsicum spp. and Pimenta spp.)",2024,44973
Ukraine,Cranberries,2022,403
Ukraine,Cranberries,2023,398
Ukraine,Cranberries,2024,371
Ukraine,Cucumbers and gherkins,2022,552509
Ukraine,Cucumbers and gherkins,2023,585134
Ukraine,Cucumbers and gherkins,2024,568845
Ukraine,Currants,2022,20399
Ukraine,Currants,2023,18870
Ukraine,Currants,2024,19663
Ukraine,Eggplants (aubergines),2022,5756
Ukraine,Eggplants (aubergines),2023,6197
Ukraine,Eggplants (aubergines),2024,5974
Ukraine,"Eggs from other birds in shell, fresh, n.e.c.",2022,10482
Ukraine,"Eggs from other birds in shell, fresh, n.e.c.",2023,10004
Ukraine,"Eggs from other birds in shell, fresh, n.e.c.",2024,10257
Ukraine,Gooseberries,2022,7293
Ukraine,Gooseberries,2023,6822
Ukraine,Gooseberries,2024,7014
Ukraine,Grapes,2022,70492
Ukraine,Grapes,2023,66936
Ukraine,Grapes,2024,68721
Ukraine,Green garlic,2022,238271
Ukraine,Green garlic,2023,234955
Ukraine,Green garlic,2024,236657
Ukraine,"Hazelnuts, in shell",2022,319
Ukraine,"Hazelnuts, in shell",2023,1201
Ukraine,"Hazelnuts, in shell",2024,760
Ukraine,Hempseed,2022,378
Ukraine,Hempseed,2023,377
Ukraine,Hempseed,2024,376
Ukraine,"Hen eggs in shell, fresh",2022,665824
Ukraine,"Hen eggs in shell, fresh",2023,635526
Ukraine,"Hen eggs in shell, fresh",2024,650678
Ukraine,Hop cones,2022,1006
Ukraine,Hop cones,2023,1850
Ukraine,Hop cones,2024,1609
Ukraine,"Horse meat, fresh or chilled (indigenous)",2022,9244
Ukraine,"Horse meat, fresh or chilled (indigenous)",2023,8554
Ukraine,"Horse meat, fresh or chilled (indigenous)",2024,7864
Ukraine,"Lentils, dry",2022,650
Ukraine,"Lentils, dry",2023,1582
Ukraine,"Lentils, dry",2024,6619
Ukraine,Lettuce and chicory,2022,790
Ukraine,Lettuce and chicory,2023,893
Ukraine,Lettuce and chicory,2024,826
Ukraine,Linseed,2022,8463
Ukraine,Linseed,2023,16602
Ukraine,Linseed,2024,20375
Ukraine,Locust beans (carobs),2022,40
Ukraine,Locust beans (carobs),2023,40
Ukraine,Locust beans (carobs),2024,41
Ukraine,Lupins,2022,398
Ukraine,Lupins,2023,607
Ukraine,Lupins,2024,1507
Ukraine,Maize (corn),2022,3682160
Ukraine,Maize (corn),2023,4363209
Ukraine,Maize (corn),2024,3777327
Ukraine,"Meat of cattle with the bone, fresh or chilled (indigenous)",2022,443450
Ukraine,"Meat of cattle with the bone, fresh or chilled (indigenous)",2023,424133
Ukraine,"Meat of cattle with the bone, fresh or chilled (indigenous)",2024,403661
Ukraine,"Meat of chickens, fresh or chilled (indigenous)",2022,1522365
Ukraine,"Meat of chickens, fresh or chilled (indigenous)",2023,1561706
Ukraine,"Meat of chickens, fresh or chilled (indigenous)",2024,1361296
Ukraine,"Meat of goat, fresh or chilled (indigenous)",2022,10876
Ukraine,"Meat of goat, fresh or chilled (indigenous)",2023,13088
Ukraine,"Meat of goat, fresh or chilled (indigenous)",2024,12846
Ukraine,"Meat of pig with the bone, fresh or chilled (indigenous)",2022,1080896
Ukraine,"Meat of pig with the bone, fresh or chilled (indigenous)",2023,1046245
Ukraine,"Meat of pig with the bone, fresh or chilled (indigenous)",2024,1101539
Ukraine,"Meat of rabbits and hares, fresh or chilled (indigenous)",2022,15817
Ukraine,"Meat of rabbits and hares, fresh or chilled (indigenous)",2023,19831
Ukraine,"Meat of rabbits and hares, fresh or chilled (indigenous)",2024,18886
Ukraine,"Meat of sheep, fresh or chilled (indigenous)",2022,13466
Ukraine,"Meat of sheep, fresh or chilled (indigenous)",2023,13676
Ukraine,"Meat of sheep, fresh or chilled (indigenous)",2024,12940
Ukraine,Millet,2022,13854
Ukraine,Millet,2023,31128
Ukraine,Millet,2024,23993
Ukraine,Mushrooms and truffles,2022,14356
Ukraine,Mushrooms and truffles,2023,13876
Ukraine,Mushrooms and truffles,2024,14123
Ukraine,Mustard seed,2022,5732
Ukraine,Mustard seed,2023,31113
Ukraine,Mustard seed,2024,11497
Ukraine,Natural honey,2022,88598
Ukraine,Natural honey,2023,81351
Ukraine,Natural honey,2024,75130
Ukraine,Oats,2022,41662
Ukraine,Oats,2023,47029
Ukraine,Oats,2024,50316
Ukraine,"Onions and shallots, dry (excluding dehydrated)",2022,123956
Ukraine,"Onions and shallots, dry (excluding dehydrated)",2023,136088
Ukraine,"Onions and shallots, dry (excluding dehydrated)",2024,130024
Ukraine,"Onions and shallots, green",2022,3776
Ukraine,"Onions and shallots, green",2023,4080
Ukraine,"Onions and shallots, green",2024,3934
Ukraine,"Other beans, green",2022,1286
Ukraine,"Other beans, green",2023,1305
Ukraine,"Other beans, green",2024,1204
Ukraine,Other berries and fruits of the genus vaccinium n.e.c.,2022,3696
Ukraine,Other berries and fruits of the genus vaccinium n.e.c.,2023,4277
Ukraine,Other berries and fruits of the genus vaccinium n.e.c.,2024,3956
Ukraine,"Other fruits, n.e.c.",2022,262
Ukraine,"Other fruits, n.e.c.",2023,320
Ukraine,"Other fruits, n.e.c.",2024,223
Ukraine,"Other nuts (excluding wild edible nuts and groundnuts), in shell, n.e.c.",2022,25
Ukraine,"Other nuts (excluding wild edible nuts and groundnuts), in shell, n.e.c.",2023,25
Ukraine,"Other nuts (excluding wild edible nuts and groundnuts), in shell, n.e.c.",2024,25
Ukraine,"Other oil seeds, n.e.c.",2022,6978
Ukraine,"Other oil seeds, n.e.c.",2023,6744
Ukraine,"Other oil seeds, n.e.c.",2024,6749
Ukraine,Other pome fruits,2022,144
Ukraine,Other pome fruits,2023,164
Ukraine,Other pome fruits,2024,164
Ukraine,Other pulses n.e.c.,2022,1074
Ukraine,Other pulses n.e.c.,2023,1625
Ukraine,Other pulses n.e.c.,2024,1352
Ukraine,Other stone fruits,2022,5563
Ukraine,Other stone fruits,2023,5405
Ukraine,Other stone fruits,2024,5478
Ukraine,"Other vegetables, fresh n.e.c.",2022,233182
Ukraine,"Other vegetables, fresh n.e.c.",2023,236817
Ukraine,"Other vegetables, fresh n.e.c.",2024,235003
Ukraine,Peaches and nectarines,2022,5870
Ukraine,Peaches and nectarines,2023,5132
Ukraine,Peaches and nectarines,2024,5503
Ukraine,Pears,2022,36864
Ukraine,Pears,2023,36544
Ukraine,Pears,2024,36698
Ukraine,"Peas, dry",2022,64394
Ukraine,"Peas, dry",2023,91363
Ukraine,"Peas, dry",2024,114798
Ukraine,"Peas, green",2022,6285
Ukraine,"Peas, green",2023,8070
Ukraine,"Peas, green",2024,8343
Ukraine,Plums and sloes,2022,71276
Ukraine,Plums and sloes,2023,69881
Ukraine,Plums and sloes,2024,70595
Ukraine,Potatoes,2022,2768566
Ukraine,Potatoes,2023,2829427
Ukraine,Potatoes,2024,2798994
Ukraine,"Pumpkins, squash and gourds",2022,215552
Ukraine,"Pumpkins, squash and gourds",2023,218743
Ukraine,"Pumpkins, squash and gourds",2024,217147
Ukraine,Quinces,2022,1190
Ukraine,Quinces,2023,1137
Ukraine,Quinces,2024,1172
Ukraine,Rape or colza seed,2022,1161245
Ukraine,Rape or colza seed,2023,1464217
Ukraine,Rape or colza seed,2024,1256903
Ukraine,Raspberries,2022,35500
Ukraine,Raspberries,2023,35468
Ukraine,Raspberries,2024,35531
Ukraine,Raw milk of cattle,2022,1809303
Ukraine,Raw milk of cattle,2023,1731053
Ukraine,Raw milk of cattle,2024,1688653
Ukraine,Raw milk of goats,2022,38017
Ukraine,Raw milk of goats,2023,36159
Ukraine,Raw milk of goats,2024,34873
Ukraine,Raw milk of sheep,2022,2954
Ukraine,Raw milk of sheep,2023,2739
Ukraine,Raw milk of sheep,2024,2596
Ukraine,Rice,2022,1004
Ukraine,Rice,2023,3601
Ukraine,Rice,2024,4875
Ukraine,Rye,2022,34049
Ukraine,Rye,2023,25066
Ukraine,Rye,2024,23679
Ukraine,"Shorn wool, greasy, including fleece-washed shorn wool",2022,925
Ukraine,"Shorn wool, greasy, including fleece-washed shorn wool",2023,887
Ukraine,"Shorn wool, greasy, including fleece-washed shorn wool",2024,836
Ukraine,Sorghum,2022,6265
Ukraine,Sorghum,2023,6585
Ukraine,Sorghum,2024,7223
Ukraine,Sour cherries,2022,94342
Ukraine,Sour cherries,2023,84921
Ukraine,Sour cherries,2024,89611
Ukraine,Soya beans,2022,1240490
Ukraine,Soya beans,2023,1708312
Ukraine,Soya beans,2024,2390055
Ukraine,Strawberries,2022,50790
Ukraine,Strawberries,2023,49546
Ukraine,Strawberries,2024,50214
Ukraine,Sugar beet,2022,367519
Ukraine,Sugar beet,2023,485384
Ukraine,Sugar beet,2024,473129
Ukraine,Sunflower seed,2022,3788242
Ukraine,Sunflower seed,2023,4266740
Ukraine,Sunflower seed,2024,3663580
Ukraine,Tomatoes,2022,179505
Ukraine,Tomatoes,2023,240330
Ukraine,Tomatoes,2024,209915
Ukraine,"True hemp, raw or retted",2022,396
Ukraine,"True hemp, raw or retted",2023,397
Ukraine,"True hemp, raw or retted",2024,399
Ukraine,Unmanufactured tobacco,2022,1166
Ukraine,Unmanufactured tobacco,2023,1638
Ukraine,Unmanufactured tobacco,2024,1660
Ukraine,Vetches,2022,718
Ukraine,Vetches,2023,961
Ukraine,Vetches,2024,1087
Ukraine,"Walnuts, in shell",2022,174281
Ukraine,"Walnuts, in shell",2023,171788
Ukraine,"Walnuts, in shell",2024,173051
Ukraine,Watermelons,2022,13148
Ukraine,Watermelons,2023,13869
Ukraine,Watermelons,2024,13508
Ukraine,Wheat,2022,2861187
Ukraine,Wheat,2023,2984850
Ukraine,Wheat,2024,3097471
United Kingdom of Great Britain and Northern Ireland,Apples,2022,490249
United Kingdom of Great Britain and Northern Ireland,Apples,2023,424172
United Kingdom of Great Britain and Northern Ireland,Apples,2024,422954
United Kingdom of Great Britain and Northern Ireland,Asparagus,2022,53359
United Kingdom of Great Britain and Northern Ireland,Asparagus,2023,65312
United Kingdom of Great Britain and Northern Ireland,Asparagus,2024,62050
United Kingdom of Great Britain and Northern Ireland,Barley,2022,1219984
United Kingdom of Great Britain and Northern Ireland,Barley,2023,1150271
United Kingdom of Great Britain and Northern Ireland,Barley,2024,1171416
United Kingdom of Great Britain and Northern Ireland,"Broad beans and horse beans, dry",2022,413102
United Kingdom of Great Britain and Northern Ireland,"Broad beans and horse beans, dry",2023,445607
United Kingdom of Great Britain and Northern Ireland,"Broad beans and horse beans, dry",2024,299330
United Kingdom of Great Britain and Northern Ireland,"Broad beans and horse beans, green",2022,72886
United Kingdom of Great Britain and Northern Ireland,"Broad beans and horse beans, green",2023,71777
United Kingdom of Great Britain and Northern Ireland,"Broad beans and horse beans, green",2024,71356
United Kingdom of Great Britain and Northern Ireland,Cabbages,2022,86658
United Kingdom of Great Britain and Northern Ireland,Cabbages,2023,81820
United Kingdom of Great Britain and Northern Ireland,Cabbages,2024,84375
United Kingdom of Great Britain and Northern Ireland,Carrots and turnips,2022,448346
United Kingdom of Great Britain and Northern Ireland,Carrots and turnips,2023,420389
United Kingdom of Great Britain and Northern Ireland,Carrots and turnips,2024,446378
United Kingdom of Great Britain and Northern Ireland,Cauliflowers and broccoli,2022,122720
United Kingdom of Great Britain and Northern Ireland,Cauliflowers and broccoli,2023,117835
United Kingdom of Great Britain and Northern Ireland,Cauliflowers and broccoli,2024,139071
United Kingdom of Great Britain and Northern Ireland,Cherries,2022,24129
United Kingdom of Great Britain and Northern Ireland,Cherries,2023,26810
United Kingdom of Great Britain and Northern Ireland,Cherries,2024,34852
United Kingdom of Great Britain and Northern Ireland,"Chillies and peppers, green (Capsicum spp. and Pimenta spp.)",2022,35724
United Kingdom of Great Britain and Northern Ireland,"Chillies and peppers, green (Capsicum spp. and Pimenta spp.)",2023,33435
United Kingdom of Great Britain and Northern Ireland,"Chillies and peppers, green (Capsicum spp. and Pimenta spp.)",2024,33437
United Kingdom of Great Britain and Northern Ireland,Cucumbers and gherkins,2022,52078
United Kingdom of Great Britain and Northern Ireland,Cucumbers and gherkins,2023,59601
United Kingdom of Great Britain and Northern Ireland,Cucumbers and gherkins,2024,61337
United Kingdom of Great Britain and Northern Ireland,Currants,2022,95937
United Kingdom of Great Britain and Northern Ireland,Currants,2023,90970
United Kingdom of Great Britain and Northern Ireland,Currants,2024,109873
United Kingdom of Great Britain and Northern Ireland,"Eggs from other birds in shell, fresh, n.e.c.",2022,13882
United Kingdom of Great Britain and Northern Ireland,"Eggs from other birds in shell, fresh, n.e.c.",2023,13882
United Kingdom of Great Britain and Northern Ireland,"Eggs from other birds in shell, fresh, n.e.c.",2024,13882
United Kingdom of Great Britain and Northern Ireland,"Game meat, fresh, chilled or frozen",2022,10448
United Kingdom of Great Britain and Northern Ireland,"Game meat, fresh, chilled or frozen",2023,10439
United Kingdom of Great Britain and Northern Ireland,"Game meat, fresh, chilled or frozen",2024,10429
United Kingdom of Great Britain and Northern Ireland,Gooseberries,2022,5208
United Kingdom of Great Britain and Northern Ireland,Gooseberries,2023,5200
United Kingdom of Great Britain and Northern Ireland,Gooseberries,2024,5200
United Kingdom of Great Britain and Northern Ireland,Grapes,2022,22584
United Kingdom of Great Britain and Northern Ireland,Grapes,2023,23793
United Kingdom of Great Britain and Northern Ireland,Grapes,2024,27893
United Kingdom of Great Britain and Northern Ireland,"Hen eggs in shell, fresh",2022,839619
United Kingdom of Great Britain and Northern Ireland,"Hen eggs in shell, fresh",2023,954855
United Kingdom of Great Britain and Northern Ireland,"Hen eggs in shell, fresh",2024,1002202
United Kingdom of Great Britain and Northern Ireland,Hop cones,2022,6271
United Kingdom of Great Britain and Northern Ireland,Hop cones,2023,6296
United Kingdom of Great Britain and Northern Ireland,Hop cones,2024,6128
United Kingdom of Great Britain and Northern Ireland,"Horse meat, fresh or chilled (indigenous)",2022,17036
United Kingdom of Great Britain and Northern Ireland,"Horse meat, fresh or chilled (indigenous)",2023,20299
United Kingdom of Great Britain and Northern Ireland,"Horse meat, fresh or chilled (indigenous)",2024,17685
United Kingdom of Great Britain and Northern Ireland,Leeks and other alliaceous vegetables,2022,59024
United Kingdom of Great Britain and Northern Ireland,Leeks and other alliaceous vegetables,2023,54863
United Kingdom of Great Britain and Northern Ireland,Leeks and other alliaceous vegetables,2024,64286
United Kingdom of Great Britain and Northern Ireland,Lettuce and chicory,2022,207978
United Kingdom of Great Britain and Northern Ireland,Lettuce and chicory,2023,209265
United Kingdom of Great Britain and Northern Ireland,Lettuce and chicory,2024,221334
United Kingdom of Great Britain and Northern Ireland,Linseed,2022,22677
United Kingdom of Great Britain and Northern Ireland,Linseed,2023,16895
United Kingdom of Great Britain and Northern Ireland,Linseed,2024,14452
United Kingdom of Great Britain and Northern Ireland,"Meat of cattle with the bone, fresh or chilled (indigenous)",2022,5290599
United Kingdom of Great Britain and Northern Ireland,"Meat of cattle with the bone, fresh or chilled (indigenous)",2023,5159070
United Kingdom of Great Britain and Northern Ireland,"Meat of cattle with the bone, fresh or chilled (indigenous)",2024,5338419
United Kingdom of Great Britain and Northern Ireland,"Meat of chickens, fresh or chilled (indigenous)",2022,3108411
United Kingdom of Great Britain and Northern Ireland,"Meat of chickens, fresh or chilled (indigenous)",2023,3115548
United Kingdom of Great Britain and Northern Ireland,"Meat of chickens, fresh or chilled (indigenous)",2024,3117214
United Kingdom of Great Britain and Northern Ireland,"Meat of ducks, fresh or chilled (indigenous)",2022,77501
United Kingdom of Great Britain and Northern Ireland,"Meat of ducks, fresh or chilled (indigenous)",2023,71206
United Kingdom of Great Britain and Northern Ireland,"Meat of ducks, fresh or chilled (indigenous)",2024,107369
United Kingdom of Great Britain and Northern Ireland,"Meat of geese, fresh or chilled (indigenous)",2022,22261
United Kingdom of Great Britain and Northern Ireland,"Meat of geese, fresh or chilled (indigenous)",2023,21623
United Kingdom of Great Britain and Northern Ireland,"Meat of geese, fresh or chilled (indigenous)",2024,16551
United Kingdom of Great Britain and Northern Ireland,"Meat of pig with the bone, fresh or chilled (indigenous)",2022,2162110
United Kingdom of Great Britain and Northern Ireland,"Meat of pig with the bone, fresh or chilled (indigenous)",2023,1930839
United Kingdom of Great Britain and Northern Ireland,"Meat of pig with the bone, fresh or chilled (indigenous)",2024,2001508
United Kingdom of Great Britain and Northern Ireland,"Meat of sheep, fresh or chilled (indigenous)",2022,1409435
United Kingdom of Great Britain and Northern Ireland,"Meat of sheep, fresh or chilled (indigenous)",2023,1384266
United Kingdom of Great Britain and Northern Ireland,"Meat of sheep, fresh or chilled (indigenous)",2024,1285044
United Kingdom of Great Britain and Northern Ireland,"Meat of turkeys, fresh or chilled (indigenous)",2022,252168
United Kingdom of Great Britain and Northern Ireland,"Meat of turkeys, fresh or chilled (indigenous)",2023,238350
United Kingdom of Great Britain and Northern Ireland,"Meat of turkeys, fresh or chilled (indigenous)",2024,253746
United Kingdom of Great Britain and Northern Ireland,Mixed grain,2022,6845
United Kingdom of Great Britain and Northern Ireland,Mixed grain,2023,7620
United Kingdom of Great Britain and Northern Ireland,Mixed grain,2024,7569
United Kingdom of Great Britain and Northern Ireland,Mushrooms and truffles,2022,233075
United Kingdom of Great Britain and Northern Ireland,Mushrooms and truffles,2023,221591
United Kingdom of Great Britain and Northern Ireland,Mushrooms and truffles,2024,212872
United Kingdom of Great Britain and Northern Ireland,Natural honey,2022,148744
United Kingdom of Great Britain and Northern Ireland,Natural honey,2023,152386
United Kingdom of Great Britain and Northern Ireland,Natural honey,2024,155750
United Kingdom of Great Britain and Northern Ireland,Oats,2022,184472
United Kingdom of Great Britain and Northern Ireland,Oats,2023,138312
United Kingdom of Great Britain and Northern Ireland,Oats,2024,164308
United Kingdom of Great Britain and Northern Ireland,"Onions and shallots, dry (excluding dehydrated)",2022,150754
United Kingdom of Great Britain and Northern Ireland,"Onions and shallots, dry (excluding dehydrated)",2023,151288
United Kingdom of Great Britain and Northern Ireland,"Onions and shallots, dry (excluding dehydrated)",2024,125159
United Kingdom of Great Britain and Northern Ireland,"Onions and shallots, green",2022,64349
United Kingdom of Great Britain and Northern Ireland,"Onions and shallots, green",2023,61282
United Kingdom of Great Britain and Northern Ireland,"Onions and shallots, green",2024,65617
United Kingdom of Great Britain and Northern Ireland,"Other beans, green",2022,57812
United Kingdom of Great Britain and Northern Ireland,"Other beans, green",2023,61113
United Kingdom of Great Britain and Northern Ireland,"Other beans, green",2024,64241
United Kingdom of Great Britain and Northern Ireland,Other berries and fruits of the genus vaccinium n.e.c.,2022,97007
United Kingdom of Great Britain and Northern Ireland,Other berries and fruits of the genus vaccinium n.e.c.,2023,86295
United Kingdom of Great Britain and Northern Ireland,Other berries and fruits of the genus vaccinium n.e.c.,2024,70920
United Kingdom of Great Britain and Northern Ireland,Other pulses n.e.c.,2022,143977
United Kingdom of Great Britain and Northern Ireland,Other pulses n.e.c.,2023,143142
United Kingdom of Great Britain and Northern Ireland,Other pulses n.e.c.,2024,143737
United Kingdom of Great Britain and Northern Ireland,"Other vegetables, fresh n.e.c.",2022,768859
United Kingdom of Great Britain and Northern Ireland,"Other vegetables, fresh n.e.c.",2023,740886
United Kingdom of Great Britain and Northern Ireland,"Other vegetables, fresh n.e.c.",2024,773001
United Kingdom of Great Britain and Northern Ireland,Pears,2022,16383
United Kingdom of Great Britain and Northern Ireland,Pears,2023,14223
United Kingdom of Great Britain and Northern Ireland,Pears,2024,17879
United Kingdom of Great Britain and Northern Ireland,"Peas, dry",2022,40931
United Kingdom of Great Britain and Northern Ireland,"Peas, dry",2023,46689
United Kingdom of Great Britain and Northern Ireland,"Peas, dry",2024,74913
United Kingdom of Great Britain and Northern Ireland,"Peas, green",2022,395002
United Kingdom of Great Britain and Northern Ireland,"Peas, green",2023,416091
United Kingdom of Great Britain and Northern Ireland,"Peas, green",2024,409475
United Kingdom of Great Britain and Northern Ireland,Plums and sloes,2022,12063
United Kingdom of Great Britain and Northern Ireland,Plums and sloes,2023,9708
United Kingdom of Great Britain and Northern Ireland,Plums and sloes,2024,8578
United Kingdom of Great Britain and Northern Ireland,Potatoes,2022,1191464
United Kingdom of Great Britain and Northern Ireland,Potatoes,2023,1107073
United Kingdom of Great Britain and Northern Ireland,Potatoes,2024,1298141
United Kingdom of Great Britain and Northern Ireland,Rape or colza seed,2022,547877
United Kingdom of Great Britain and Northern Ireland,Rape or colza seed,2023,489415
United Kingdom of Great Britain and Northern Ireland,Rape or colza seed,2024,331455
United Kingdom of Great Britain and Northern Ireland,Raspberries,2022,110522
United Kingdom of Great Britain and Northern Ireland,Raspberries,2023,101038
United Kingdom of Great Britain and Northern Ireland,Raspberries,2024,99385
United Kingdom of Great Britain and Northern Ireland,Raw milk of cattle,2022,6106106
United Kingdom of Great Britain and Northern Ireland,Raw milk of cattle,2023,6106920
United Kingdom of Great Britain and Northern Ireland,Raw milk of cattle,2024,6176496
United Kingdom of Great Britain and Northern Ireland,Rye,2022,33626
United Kingdom of Great Britain and Northern Ireland,Rye,2023,25482
United Kingdom of Great Britain and Northern Ireland,Rye,2024,19195
United Kingdom of Great Britain and Northern Ireland,"Shorn wool, greasy, including fleece-washed shorn wool",2022,91350
United Kingdom of Great Britain and Northern Ireland,"Shorn wool, greasy, including fleece-washed shorn wool",2023,91312
United Kingdom of Great Britain and Northern Ireland,"Shorn wool, greasy, including fleece-washed shorn wool",2024,91325
United Kingdom of Great Britain and Northern Ireland,Strawberries,2022,478633
United Kingdom of Great Britain and Northern Ireland,Strawberries,2023,417217
United Kingdom of Great Britain and Northern Ireland,Strawberries,2024,386878
United Kingdom of Great Britain and Northern Ireland,Sugar beet,2022,230962
United Kingdom of Great Britain and Northern Ireland,Sugar beet,2023,320933
United Kingdom of Great Britain and Northern Ireland,Sugar beet,2024,323868
United Kingdom of Great Britain and Northern Ireland,Tomatoes,2022,58200
United Kingdom of Great Britain and Northern Ireland,Tomatoes,2023,56458
United Kingdom of Great Britain and Northern Ireland,Tomatoes,2024,61283
United Kingdom of Great Britain and Northern Ireland,Triticale,2022,10902
United Kingdom of Great Britain and Northern Ireland,Triticale,2023,10417
United Kingdom of Great Britain and Northern Ireland,Triticale,2024,7893
United Kingdom of Great Britain and Northern Ireland,Wheat,2022,3150273
United Kingdom of Great Britain and Northern Ireland,Wheat,2023,2834029
United Kingdom of Great Britain and Northern Ireland,Wheat,2024,2259520
United Republic of Tanzania,Bananas,2022,1168997
United Republic of Tanzania,Bananas,2023,1153250
United Republic of Tanzania,Bananas,2024,1167345
United Republic of Tanzania,"Beans, dry",2022,825798
United Republic of Tanzania,"Beans, dry",2023,965709
United Republic of Tanzania,"Beans, dry",2024,952577
United Republic of Tanzania,Cabbages,2022,27770
United Republic of Tanzania,Cabbages,2023,27805
United Republic of Tanzania,Cabbages,2024,27742
United Republic of Tanzania,"Cassava, fresh",2022,1994007
United Republic of Tanzania,"Cassava, fresh",2023,2160175
United Republic of Tanzania,"Cassava, fresh",2024,1944527
United Republic of Tanzania,"Coconuts, in shell",2022,128248
United Republic of Tanzania,"Coconuts, in shell",2023,135034
United Republic of Tanzania,"Coconuts, in shell",2024,137299
United Republic of Tanzania,"Cow peas, dry",2022,103476
United Republic of Tanzania,"Cow peas, dry",2023,106439
United Republic of Tanzania,"Cow peas, dry",2024,111768
United Republic of Tanzania,"Edible roots and tubers with high starch or inulin content, n.e.c., fresh",2022,403
United Republic of Tanzania,"Edible roots and tubers with high starch or inulin content, n.e.c., fresh",2023,406
United Republic of Tanzania,"Edible roots and tubers with high starch or inulin content, n.e.c., fresh",2024,404
United Republic of Tanzania,"Groundnuts, excluding shelled",2022,352930
United Republic of Tanzania,"Groundnuts, excluding shelled",2023,220851
United Republic of Tanzania,"Groundnuts, excluding shelled",2024,286323
United Republic of Tanzania,Maize (corn),2022,1248018
United Republic of Tanzania,Maize (corn),2023,1529418
United Republic of Tanzania,Maize (corn),2024,1925197
United Republic of Tanzania,Millet,2022,159504
United Republic of Tanzania,Millet,2023,134269
United Republic of Tanzania,Millet,2024,154743
United Republic of Tanzania,"Onions and shallots, dry (excluding dehydrated)",2022,279249
United Republic of Tanzania,"Onions and shallots, dry (excluding dehydrated)",2023,182656
United Republic of Tanzania,"Onions and shallots, dry (excluding dehydrated)",2024,134627
United Republic of Tanzania,Oranges,2022,26985
United Republic of Tanzania,Oranges,2023,29979
United Republic of Tanzania,Oranges,2024,30261
United Republic of Tanzania,"Other beans, green",2022,3726
United Republic of Tanzania,"Other beans, green",2023,3766
United Republic of Tanzania,"Other beans, green",2024,3683
United Republic of Tanzania,"Other nuts (excluding wild edible nuts and groundnuts), in shell, n.e.c.",2022,1352
United Republic of Tanzania,"Other nuts (excluding wild edible nuts and groundnuts), in shell, n.e.c.",2023,1354
United Republic of Tanzania,"Other nuts (excluding wild edible nuts and groundnuts), in shell, n.e.c.",2024,1355
United Republic of Tanzania,Other pulses n.e.c.,2022,10597
United Republic of Tanzania,Other pulses n.e.c.,2023,8229
United Republic of Tanzania,Other pulses n.e.c.,2024,6215
United Republic of Tanzania,"Peas, green",2022,7170
United Republic of Tanzania,"Peas, green",2023,7212
United Republic of Tanzania,"Peas, green",2024,7181
United Republic of Tanzania,"Pigeon peas, dry",2022,39494
United Republic of Tanzania,"Pigeon peas, dry",2023,136372
United Republic of Tanzania,"Pigeon peas, dry",2024,110708
United Republic of Tanzania,Plantains and cooking bananas,2022,122874
United Republic of Tanzania,Plantains and cooking bananas,2023,122861
United Republic of Tanzania,Plantains and cooking bananas,2024,122847
United Republic of Tanzania,Potatoes,2022,66593
United Republic of Tanzania,Potatoes,2023,85288
United Republic of Tanzania,Potatoes,2024,86668
United Republic of Tanzania,Raw milk of cattle,2022,580886
United Republic of Tanzania,Raw milk of cattle,2023,635280
United Republic of Tanzania,Raw milk of cattle,2024,647040
United Republic of Tanzania,Raw milk of goats,2022,47554
United Republic of Tanzania,Raw milk of goats,2023,48721
United Republic of Tanzania,Raw milk of goats,2024,49916
United Republic of Tanzania,Rice,2022,1436516
United Republic of Tanzania,Rice,2023,1246365
United Republic of Tanzania,Rice,2024,1407594
United Republic of Tanzania,Sesame seed,2022,62876
United Republic of Tanzania,Sesame seed,2023,212041
United Republic of Tanzania,Sesame seed,2024,216549
United Republic of Tanzania,Sorghum,2022,166058
United Republic of Tanzania,Sorghum,2023,159532
United Republic of Tanzania,Sorghum,2024,172977
United Republic of Tanzania,Soya beans,2022,40124
United Republic of Tanzania,Soya beans,2023,25980
United Republic of Tanzania,Soya beans,2024,28580
United Republic of Tanzania,Sunflower seed,2022,260256
United Republic of Tanzania,Sunflower seed,2023,264782
United Republic of Tanzania,Sunflower seed,2024,271571
United Republic of Tanzania,Sweet potatoes,2022,279713
United Republic of Tanzania,Sweet potatoes,2023,272440
United Republic of Tanzania,Sweet potatoes,2024,337522
United Republic of Tanzania,Tomatoes,2022,154896
United Republic of Tanzania,Tomatoes,2023,160518
United Republic of Tanzania,Tomatoes,2024,155150
United Republic of Tanzania,Unmanufactured tobacco,2022,2684
United Republic of Tanzania,Unmanufactured tobacco,2023,4664
United Republic of Tanzania,Unmanufactured tobacco,2024,4459
United Republic of Tanzania,Wheat,2022,27673
United Republic of Tanzania,Wheat,2023,36278
United Republic of Tanzania,Wheat,2024,49896
United States of America,"Almonds, in shell",2022,13076020
United States of America,"Almonds, in shell",2023,12254799
United States of America,"Almonds, in shell",2024,13993712
United States of America,Apples,2022,3023934
United States of America,Apples,2023,3477900
United States of America,Apples,2024,3290098
United States of America,Apricots,2022,24805
United States of America,Apricots,2023,30583
United States of America,Apricots,2024,29284
United States of America,Artichokes,2022,56762
United States of America,Artichokes,2023,57846
United States of America,Artichokes,2024,50223
United States of America,Asparagus,2022,83989
United States of America,Asparagus,2023,85593
United States of America,Asparagus,2024,74313
United States of America,Avocados,2022,339267
United States of America,Avocados,2023,278705
United States of America,Avocados,2024,426271
United States of America,Bananas,2022,7089
United States of America,Bananas,2023,7132
United States of America,Bananas,2024,7176
United States of America,Barley,2022,915110
United States of America,Barley,2023,973598
United States of America,Barley,2024,756818
United States of America,"Beans, dry",2022,757338
United States of America,"Beans, dry",2023,698904
United States of America,"Beans, dry",2024,919583
United States of America,Blueberries,2022,1073143
United States of America,Blueberries,2023,1013393
United States of America,Blueberries,2024,1226009
United States of America,"Broad beans and horse beans, green",2022,69644
United States of America,"Broad beans and horse beans, green",2023,69417
United States of America,"Broad beans and horse beans, green",2024,69190
United States of America,Buckwheat,2022,16289
United States of America,Buckwheat,2023,16368
United States of America,Buckwheat,2024,16461
United States of America,Cabbages,2022,439117
United States of America,Cabbages,2023,398682
United States of America,Cabbages,2024,412154
United States of America,Cantaloupes and other melons,2022,288225
United States of America,Cantaloupes and other melons,2023,253320
United States of America,Cantaloupes and other melons,2024,261262
United States of America,Carrots and turnips,2022,880158
United States of America,Carrots and turnips,2023,792549
United States of America,Carrots and turnips,2024,679610
United States of America,Cauliflowers and broccoli,2022,1489891
United States of America,Cauliflowers and broccoli,2023,1235509
United States of America,Cauliflowers and broccoli,2024,1233135
United States of America,Cherries,2022,494203
United States of America,Cherries,2023,784158
United States of America,Cherries,2024,812702
United States of America,"Chick peas, dry",2022,103714
United States of America,"Chick peas, dry",2023,131120
United States of America,"Chick peas, dry",2024,158470
United States of America,"Chillies and peppers, green (Capsicum spp. and Pimenta spp.)",2022,522070
United States of America,"Chillies and peppers, green (Capsicum spp. and Pimenta spp.)",2023,483092
United States of America,"Chillies and peppers, green (Capsicum spp. and Pimenta spp.)",2024,462312
United States of America,"Coffee, green",2022,122347
United States of America,"Coffee, green",2023,101581
United States of America,"Coffee, green",2024,124234
United States of America,"Cow peas, dry",2022,10749
United States of America,"Cow peas, dry",2023,20152
United States of America,"Cow peas, dry",2024,16038
United States of America,Cranberries,2022,247711
United States of America,Cranberries,2023,250022
United States of America,Cranberries,2024,275795
United States of America,Cucumbers and gherkins,2022,313699
United States of America,Cucumbers and gherkins,2023,334529
United States of America,Cucumbers and gherkins,2024,264495
United States of America,Dates,2022,109433
United States of America,Dates,2023,108853
United States of America,Dates,2024,105954
United States of America,Eggplants (aubergines),2022,90337
United States of America,Eggplants (aubergines),2023,90954
United States of America,Eggplants (aubergines),2024,90408
United States of America,Figs,2022,25375
United States of America,Figs,2023,25294
United States of America,Figs,2024,25300
United States of America,"Game meat, fresh, chilled or frozen",2022,836092
United States of America,"Game meat, fresh, chilled or frozen",2023,840408
United States of America,"Game meat, fresh, chilled or frozen",2024,844724
United States of America,"Ginger, raw",2022,2544
United States of America,"Ginger, raw",2023,2534
United States of America,"Ginger, raw",2024,2529
United States of America,Grapes,2022,4639196
United States of America,Grapes,2023,4590181
United States of America,Grapes,2024,4204496
United States of America,Green corn (maize),2022,1394389
United States of America,Green corn (maize),2023,1412568
United States of America,Green corn (maize),2024,1209288
United States of America,Green garlic,2022,338380
United States of America,Green garlic,2023,284529
United States of America,Green garlic,2024,269553
United States of America,"Groundnuts, excluding shelled",2022,1126142
United States of America,"Groundnuts, excluding shelled",2023,1194377
United States of America,"Groundnuts, excluding shelled",2024,1310297
United States of America,"Hazelnuts, in shell",2022,235070
United States of America,"Hazelnuts, in shell",2023,285721
United States of America,"Hazelnuts, in shell",2024,293612
United States of America,"Hen eggs in shell, fresh",2022,11224422
United States of America,"Hen eggs in shell, fresh",2023,11236555
United States of America,"Hen eggs in shell, fresh",2024,11122448
United States of America,Hop cones,2022,467498
United States of America,Hop cones,2023,477516
United States of America,Hop cones,2024,399701
United States of America,Kiwi fruit,2022,50765
United States of America,Kiwi fruit,2023,38781
United States of America,Kiwi fruit,2024,49910
United States of America,Lemons and limes,2022,723369
United States of America,Lemons and limes,2023,743884
United States of America,Lemons and limes,2024,698755
United States of America,"Lentils, dry",2022,157954
United States of America,"Lentils, dry",2023,159267
United States of America,"Lentils, dry",2024,252980
United States of America,Lettuce and chicory,2022,2643672
United States of America,Lettuce and chicory,2023,2771950
United States of America,Lettuce and chicory,2024,2612863
United States of America,Linseed,2022,41043
United States of America,Linseed,2023,28379
United States of America,Linseed,2024,23195
United States of America,Maize (corn),2022,48543524
United States of America,Maize (corn),2023,54557224
United States of America,Maize (corn),2024,52868577
United States of America,"Mangoes, guavas and mangosteens",2022,550
United States of America,"Mangoes, guavas and mangosteens",2023,652
United States of America,"Mangoes, guavas and mangosteens",2024,513
United States of America,"Meat of cattle with the bone, fresh or chilled (indigenous)",2022,67812574
United States of America,"Meat of cattle with the bone, fresh or chilled (indigenous)",2023,64092812
United States of America,"Meat of cattle with the bone, fresh or chilled (indigenous)",2024,62919381
United States of America,"Meat of chickens, fresh or chilled (indigenous)",2022,32860399
United States of America,"Meat of chickens, fresh or chilled (indigenous)",2023,32960847
United States of America,"Meat of chickens, fresh or chilled (indigenous)",2024,33415874
United States of America,"Meat of ducks, fresh or chilled (indigenous)",2022,98850
United States of America,"Meat of ducks, fresh or chilled (indigenous)",2023,106934
United States of America,"Meat of ducks, fresh or chilled (indigenous)",2024,90526
United States of America,"Meat of pig with the bone, fresh or chilled (indigenous)",2022,21789720
United States of America,"Meat of pig with the bone, fresh or chilled (indigenous)",2023,22546946
United States of America,"Meat of pig with the bone, fresh or chilled (indigenous)",2024,22427025
United States of America,"Meat of sheep, fresh or chilled (indigenous)",2022,167899
United States of America,"Meat of sheep, fresh or chilled (indigenous)",2023,166542
United States of America,"Meat of sheep, fresh or chilled (indigenous)",2024,171228
United States of America,"Meat of turkeys, fresh or chilled (indigenous)",2022,5162568
United States of America,"Meat of turkeys, fresh or chilled (indigenous)",2023,5431366
United States of America,"Meat of turkeys, fresh or chilled (indigenous)",2024,5237236
United States of America,Millet,2022,25893
United States of America,Millet,2023,55338
United States of America,Millet,2024,39756
United States of America,Mushrooms and truffles,2022,885071
United States of America,Mushrooms and truffles,2023,913073
United States of America,Mushrooms and truffles,2024,830066
United States of America,Mustard seed,2022,32200
United States of America,Mustard seed,2023,48975
United States of America,Mustard seed,2024,33762
United States of America,Natural honey,2022,266300
United States of America,Natural honey,2023,296345
United States of America,Natural honey,2024,285557
United States of America,Oats,2022,142021
United States of America,Oats,2023,140486
United States of America,Oats,2024,166954
United States of America,Okra,2022,19055
United States of America,Okra,2023,19142
United States of America,Okra,2024,19230
United States of America,Olives,2022,72694
United States of America,Olives,2023,102578
United States of America,Olives,2024,137199
United States of America,"Onions and shallots, dry (excluding dehydrated)",2022,999067
United States of America,"Onions and shallots, dry (excluding dehydrated)",2023,1048763
United States of America,"Onions and shallots, dry (excluding dehydrated)",2024,1099856
United States of America,Oranges,2022,881642
United States of America,Oranges,2023,654669
United States of America,Oranges,2024,709740
United States of America,"Other beans, green",2022,19946
United States of America,"Other beans, green",2023,19861
United States of America,"Other beans, green",2024,19896
United States of America,Other berries and fruits of the genus vaccinium n.e.c.,2022,50199
United States of America,Other berries and fruits of the genus vaccinium n.e.c.,2023,50261
United States of America,Other berries and fruits of the genus vaccinium n.e.c.,2024,50132
United States of America,"Other citrus fruit, n.e.c.",2022,4607
United States of America,"Other citrus fruit, n.e.c.",2023,4670
United States of America,"Other citrus fruit, n.e.c.",2024,4637
United States of America,"Other fruits, n.e.c.",2022,767
United States of America,"Other fruits, n.e.c.",2023,762
United States of America,"Other fruits, n.e.c.",2024,762
United States of America,"Other nuts (excluding wild edible nuts and groundnuts), in shell, n.e.c.",2022,733981
United States of America,"Other nuts (excluding wild edible nuts and groundnuts), in shell, n.e.c.",2023,772969
United States of America,"Other nuts (excluding wild edible nuts and groundnuts), in shell, n.e.c.",2024,676937
United States of America,"Other vegetables, fresh n.e.c.",2022,294300
United States of America,"Other vegetables, fresh n.e.c.",2023,283969
United States of America,"Other vegetables, fresh n.e.c.",2024,298371
United States of America,Papayas,2022,5429
United States of America,Papayas,2023,4754
United States of America,Papayas,2024,5101
United States of America,Peaches and nectarines,2022,602250
United States of America,Peaches and nectarines,2023,563907
United States of America,Peaches and nectarines,2024,642664
United States of America,Pears,2022,393866
United States of America,Pears,2023,421517
United States of America,Pears,2024,310290
United States of America,"Peas, dry",2022,185345
United States of America,"Peas, dry",2023,214369
United States of America,"Peas, dry",2024,199225
United States of America,"Peas, green",2022,89178
United States of America,"Peas, green",2023,83262
United States of America,"Peas, green",2024,70669
United States of America,Pineapples,2022,111110
United States of America,Pineapples,2023,111035
United States of America,Pineapples,2024,111018
United States of America,"Pistachios, in shell",2022,2510839
United States of America,"Pistachios, in shell",2023,4241635
United States of America,"Pistachios, in shell",2024,3131410
United States of America,Plums and sloes,2022,251162
United States of America,Plums and sloes,2023,319028
United States of America,Plums and sloes,2024,291540
United States of America,Pomelos and grapefruits,2022,78941
United States of America,Pomelos and grapefruits,2023,73241
United States of America,Pomelos and grapefruits,2024,72608
United States of America,Potatoes,2022,3580504
United States of America,Potatoes,2023,3925114
United States of America,Potatoes,2024,3742479
United States of America,"Pumpkins, squash and gourds",2022,588344
United States of America,"Pumpkins, squash and gourds",2023,540588
United States of America,"Pumpkins, squash and gourds",2024,506416
United States of America,Rape or colza seed,2022,1320114
United States of America,Rape or colza seed,2023,1438267
United States of America,Rape or colza seed,2024,1675159
United States of America,Raspberries,2022,330788
United States of America,Raspberries,2023,283571
United States of America,Raspberries,2024,371576
United States of America,Raw milk of cattle,2022,43476626
United States of America,Raw milk of cattle,2023,43456464
United States of America,Raw milk of cattle,2024,43371399
United States of America,Rice,2022,1918886
United States of America,Rice,2023,2617299
United States of America,Rice,2024,2663365
United States of America,Rye,2022,80451
United States of America,Rye,2023,67027
United States of America,Rye,2024,95154
United States of America,Safflower seed,2022,37762
United States of America,Safflower seed,2023,30543
United States of America,Safflower seed,2024,30311
United States of America,"Seed cotton, unginned",2022,7433362
United States of America,"Seed cotton, unginned",2023,7277923
United States of America,"Seed cotton, unginned",2024,8607611
United States of America,"Shorn wool, greasy, including fleece-washed shorn wool",2022,27899
United States of America,"Shorn wool, greasy, including fleece-washed shorn wool",2023,27264
United States of America,"Shorn wool, greasy, including fleece-washed shorn wool",2024,26952
United States of America,Sorghum,2022,634405
United States of America,Sorghum,2023,1073455
United States of America,Sorghum,2024,1161647
United States of America,Sour cherries,2022,78759
United States of America,Sour cherries,2023,64479
United States of America,Sour cherries,2024,70020
United States of America,Soya beans,2022,40599772
United States of America,Soya beans,2023,39569905
United States of America,Soya beans,2024,41513530
United States of America,Spinach,2022,455390
United States of America,Spinach,2023,427643
United States of America,Spinach,2024,297387
United States of America,Strawberries,2022,2626541
United States of America,Strawberries,2023,2648631
United States of America,Strawberries,2024,2976489
United States of America,String beans,2022,907872
United States of America,String beans,2023,810312
United States of America,String beans,2024,638688
United States of America,Sugar beet,2022,1401736
United States of America,Sugar beet,2023,1512607
United States of America,Sugar beet,2024,1514840
United States of America,Sugar cane,2022,1132308
United States of America,Sugar cane,2023,1076298
United States of America,Sugar cane,2024,1137958
United States of America,Sunflower seed,2022,549493
United States of America,Sunflower seed,2023,441716
United States of America,Sunflower seed,2024,224138
United States of America,Sweet potatoes,2022,614034
United States of America,Sweet potatoes,2023,555286
United States of America,Sweet potatoes,2024,546211
United States of America,"Tangerines, mandarins, clementines",2022,372348
United States of America,"Tangerines, mandarins, clementines",2023,487189
United States of America,"Tangerines, mandarins, clementines",2024,565100
United States of America,Taro,2022,2101
United States of America,Taro,2023,2088
United States of America,Taro,2024,2078
United States of America,Tomatoes,2022,9801064
United States of America,Tomatoes,2023,11838507
United States of America,Tomatoes,2024,10231285
United States of America,Unmanufactured tobacco,2022,890719
United States of America,Unmanufactured tobacco,2023,872372
United States of America,Unmanufactured tobacco,2024,661726
United States of America,"Walnuts, in shell",2022,1728520
United States of America,"Walnuts, in shell",2023,1893148
United States of America,"Walnuts, in shell",2024,1378698
United States of America,Watermelons,2022,489522
United States of America,Watermelons,2023,503029
United States of America,Watermelons,2024,506639
United States of America,Wheat,2022,8126507
United States of America,Wheat,2023,8925821
United States of America,Wheat,2024,9710654
Uruguay,Apples,2022,55901
Uruguay,Apples,2023,53689
Uruguay,Apples,2024,49176
Uruguay,Barley,2022,193721
Uruguay,Barley,2023,188899
Uruguay,Barley,2024,174536
Uruguay,"Beans, dry",2022,562
Uruguay,"Beans, dry",2023,561
Uruguay,"Beans, dry",2024,563
Uruguay,Beeswax,2022,4689
Uruguay,Beeswax,2023,4755
Uruguay,Beeswax,2024,4817
Uruguay,"Broad beans and horse beans, dry",2022,116
Uruguay,"Broad beans and horse beans, dry",2023,116
Uruguay,"Broad beans and horse beans, dry",2024,115
Uruguay,Cabbages,2022,1113
Uruguay,Cabbages,2023,1119
Uruguay,Cabbages,2024,1124
Uruguay,Canary seed,2022,198
Uruguay,Canary seed,2023,199
Uruguay,Canary seed,2024,200
Uruguay,Cantaloupes and other melons,2022,2175
Uruguay,Cantaloupes and other melons,2023,2186
Uruguay,Cantaloupes and other melons,2024,2198
Uruguay,Carrots and turnips,2022,14622
Uruguay,Carrots and turnips,2023,14659
Uruguay,Carrots and turnips,2024,14698
Uruguay,"Chillies and peppers, green (Capsicum spp. and Pimenta spp.)",2022,24242
Uruguay,"Chillies and peppers, green (Capsicum spp. and Pimenta spp.)",2023,24446
Uruguay,"Chillies and peppers, green (Capsicum spp. and Pimenta spp.)",2024,24307
Uruguay,"Game meat, fresh, chilled or frozen",2022,698
Uruguay,"Game meat, fresh, chilled or frozen",2023,699
Uruguay,"Game meat, fresh, chilled or frozen",2024,700
Uruguay,Grapes,2022,127566
Uruguay,Grapes,2023,119702
Uruguay,Grapes,2024,121526
Uruguay,Green corn (maize),2022,1645
Uruguay,Green corn (maize),2023,1645
Uruguay,Green corn (maize),2024,1641
Uruguay,Green garlic,2022,3286
Uruguay,Green garlic,2023,3294
Uruguay,Green garlic,2024,3273
Uruguay,"Groundnuts, excluding shelled",2022,620
Uruguay,"Groundnuts, excluding shelled",2023,624
Uruguay,"Groundnuts, excluding shelled",2024,622
Uruguay,"Hen eggs in shell, fresh",2022,93309
Uruguay,"Hen eggs in shell, fresh",2023,90676
Uruguay,"Hen eggs in shell, fresh",2024,91428
Uruguay,"Horse meat, fresh or chilled (indigenous)",2022,23581
Uruguay,"Horse meat, fresh or chilled (indigenous)",2023,10733
Uruguay,"Horse meat, fresh or chilled (indigenous)",2024,19968
Uruguay,Lemons and limes,2022,47527
Uruguay,Lemons and limes,2023,33518
Uruguay,Lemons and limes,2024,34901
Uruguay,Linseed,2022,3017
Uruguay,Linseed,2023,3037
Uruguay,Linseed,2024,3021
Uruguay,Maize (corn),2022,183111
Uruguay,Maize (corn),2023,55455
Uruguay,Maize (corn),2024,121308
Uruguay,"Meat of cattle with the bone, fresh or chilled (indigenous)",2022,1925917
Uruguay,"Meat of cattle with the bone, fresh or chilled (indigenous)",2023,1871293
Uruguay,"Meat of cattle with the bone, fresh or chilled (indigenous)",2024,1805354
Uruguay,"Meat of chickens, fresh or chilled (indigenous)",2022,146609
Uruguay,"Meat of chickens, fresh or chilled (indigenous)",2023,136858
Uruguay,"Meat of chickens, fresh or chilled (indigenous)",2024,137239
Uruguay,"Meat of pig with the bone, fresh or chilled (indigenous)",2022,24620
Uruguay,"Meat of pig with the bone, fresh or chilled (indigenous)",2023,26557
Uruguay,"Meat of pig with the bone, fresh or chilled (indigenous)",2024,25128
Uruguay,"Meat of rabbits and hares, fresh or chilled (indigenous)",2022,3114
Uruguay,"Meat of rabbits and hares, fresh or chilled (indigenous)",2023,3106
Uruguay,"Meat of rabbits and hares, fresh or chilled (indigenous)",2024,3097
Uruguay,"Meat of sheep, fresh or chilled (indigenous)",2022,84953
Uruguay,"Meat of sheep, fresh or chilled (indigenous)",2023,78713
Uruguay,"Meat of sheep, fresh or chilled (indigenous)",2024,70556
Uruguay,Natural honey,2022,20732
Uruguay,Natural honey,2023,24040
Uruguay,Natural honey,2024,26669
Uruguay,Oats,2022,6835
Uruguay,Oats,2023,6748
Uruguay,Oats,2024,8118
Uruguay,Olives,2022,4528
Uruguay,Olives,2023,4528
Uruguay,Olives,2024,3779
Uruguay,"Onions and shallots, dry (excluding dehydrated)",2022,22377
Uruguay,"Onions and shallots, dry (excluding dehydrated)",2023,22509
Uruguay,"Onions and shallots, dry (excluding dehydrated)",2024,22641
Uruguay,Oranges,2022,54967
Uruguay,Oranges,2023,49133
Uruguay,Oranges,2024,53557
Uruguay,"Other beans, green",2022,3158
Uruguay,"Other beans, green",2023,3177
Uruguay,"Other beans, green",2024,3171
Uruguay,"Other fruits, n.e.c.",2022,3192
Uruguay,"Other fruits, n.e.c.",2023,3206
Uruguay,"Other fruits, n.e.c.",2024,3219
Uruguay,"Other vegetables, fresh n.e.c.",2022,67468
Uruguay,"Other vegetables, fresh n.e.c.",2023,67626
Uruguay,"Other vegetables, fresh n.e.c.",2024,67416
Uruguay,Peaches and nectarines,2022,15806
Uruguay,Peaches and nectarines,2023,15622
Uruguay,Peaches and nectarines,2024,15253
Uruguay,Pears,2022,14098
Uruguay,Pears,2023,12550
Uruguay,Pears,2024,12637
Uruguay,"Peas, dry",2022,506
Uruguay,"Peas, dry",2023,507
Uruguay,"Peas, dry",2024,508
Uruguay,Plums and sloes,2022,3182
Uruguay,Plums and sloes,2023,3145
Uruguay,Plums and sloes,2024,3258
Uruguay,Pomelos and grapefruits,2022,733
Uruguay,Pomelos and grapefruits,2023,423
Uruguay,Pomelos and grapefruits,2024,414
Uruguay,Potatoes,2022,74334
Uruguay,Potatoes,2023,55546
Uruguay,Potatoes,2024,54363
Uruguay,"Pumpkins, squash and gourds",2022,16073
Uruguay,"Pumpkins, squash and gourds",2023,16157
Uruguay,"Pumpkins, squash and gourds",2024,16243
Uruguay,Quinces,2022,4441
Uruguay,Quinces,2023,4241
Uruguay,Quinces,2024,4149
Uruguay,Raw milk of cattle,2022,763545
Uruguay,Raw milk of cattle,2023,727055
Uruguay,Raw milk of cattle,2024,757561
Uruguay,Rice,2022,320211
Uruguay,Rice,2023,314438
Uruguay,Rice,2024,299137
Uruguay,"Shorn wool, greasy, including fleece-washed shorn wool",2022,83003
Uruguay,"Shorn wool, greasy, including fleece-washed shorn wool",2023,80059
Uruguay,"Shorn wool, greasy, including fleece-washed shorn wool",2024,74604
Uruguay,Sorghum,2022,14041
Uruguay,Sorghum,2023,3993
Uruguay,Sorghum,2024,10820
Uruguay,Soya beans,2022,1072136
Uruguay,Soya beans,2023,250173
Uruguay,Soya beans,2024,1183667
Uruguay,Sugar cane,2022,2741
Uruguay,Sugar cane,2023,2837
Uruguay,Sugar cane,2024,2833
Uruguay,Sunflower seed,2022,6452
Uruguay,Sunflower seed,2023,4864
Uruguay,Sunflower seed,2024,2321
Uruguay,Sweet potatoes,2022,59659
Uruguay,Sweet potatoes,2023,59748
Uruguay,Sweet potatoes,2024,59589
Uruguay,"Tangerines, mandarins, clementines",2022,49513
Uruguay,"Tangerines, mandarins, clementines",2023,41958
Uruguay,"Tangerines, mandarins, clementines",2024,47639
Uruguay,Tomatoes,2022,61643
Uruguay,Tomatoes,2023,61675
Uruguay,Tomatoes,2024,61712
Uruguay,Unmanufactured tobacco,2022,751
Uruguay,Unmanufactured tobacco,2023,755
Uruguay,Unmanufactured tobacco,2024,759
Uruguay,Watermelons,2022,3939
Uruguay,Watermelons,2023,3929
Uruguay,Watermelons,2024,3918
Uruguay,Wheat,2022,252487
Uruguay,Wheat,2023,264432
Uruguay,Wheat,2024,254911
Vanuatu,Bananas,2022,11727
Vanuatu,Bananas,2023,11834
Vanuatu,Bananas,2024,11937
Vanuatu,Cocoa beans,2022,4386
Vanuatu,Cocoa beans,2023,4386
Vanuatu,Cocoa beans,2024,4386
Vanuatu,"Coconuts, in shell",2022,82575
Vanuatu,"Coconuts, in shell",2023,82575
Vanuatu,"Coconuts, in shell",2024,82878
Vanuatu,"Coffee, green",2022,42
Vanuatu,"Coffee, green",2023,40
Vanuatu,"Coffee, green",2024,37
Vanuatu,"Groundnuts, excluding shelled",2022,1190
Vanuatu,"Groundnuts, excluding shelled",2023,986
Vanuatu,"Groundnuts, excluding shelled",2024,2205
Vanuatu,Maize (corn),2022,1441
Vanuatu,Maize (corn),2023,1438
Vanuatu,Maize (corn),2024,1441
Viet Nam,Bananas,2022,801593
Viet Nam,Bananas,2023,848519
Viet Nam,Bananas,2024,848796
Viet Nam,"Beans, dry",2022,211645
Viet Nam,"Beans, dry",2023,204144
Viet Nam,"Beans, dry",2024,200736
Viet Nam,Cabbages,2022,332247
Viet Nam,Cabbages,2023,329606
Viet Nam,Cabbages,2024,329499
Viet Nam,"Cashew nuts, in shell",2022,371147
Viet Nam,"Cashew nuts, in shell",2023,392375
Viet Nam,"Cashew nuts, in shell",2024,345591
Viet Nam,"Cassava, fresh",2022,1636539
Viet Nam,"Cassava, fresh",2023,1607635
Viet Nam,"Cassava, fresh",2024,1622232
Viet Nam,Cauliflowers and broccoli,2022,91584
Viet Nam,Cauliflowers and broccoli,2023,94539
Viet Nam,Cauliflowers and broccoli,2024,100069
Viet Nam,"Chillies and peppers, dry (Capsicum spp., Pimenta spp.), raw",2022,90049
Viet Nam,"Chillies and peppers, dry (Capsicum spp., Pimenta spp.), raw",2023,90706
Viet Nam,"Chillies and peppers, dry (Capsicum spp., Pimenta spp.), raw",2024,90167
Viet Nam,"Cinnamon and cinnamon-tree flowers, raw",2022,65714
Viet Nam,"Cinnamon and cinnamon-tree flowers, raw",2023,68747
Viet Nam,"Cinnamon and cinnamon-tree flowers, raw",2024,72089
Viet Nam,"Coconuts, in shell",2022,776207
Viet Nam,"Coconuts, in shell",2023,860277
Viet Nam,"Coconuts, in shell",2024,920112
Viet Nam,"Coffee, green",2022,3140009
Viet Nam,"Coffee, green",2023,3144496
Viet Nam,"Coffee, green",2024,3238514
Viet Nam,Grapes,2022,26021
Viet Nam,Grapes,2023,24528
Viet Nam,Grapes,2024,19328
Viet Nam,"Groundnuts, excluding shelled",2022,438398
Viet Nam,"Groundnuts, excluding shelled",2023,429995
Viet Nam,"Groundnuts, excluding shelled",2024,426855
Viet Nam,"Hen eggs in shell, fresh",2022,1357038
Viet Nam,"Hen eggs in shell, fresh",2023,1475312
Viet Nam,"Hen eggs in shell, fresh",2024,1554259
Viet Nam,"Horse meat, fresh or chilled (indigenous)",2022,6064
Viet Nam,"Horse meat, fresh or chilled (indigenous)",2023,5738
Viet Nam,"Horse meat, fresh or chilled (indigenous)",2024,5514
Viet Nam,"Jute, raw or retted",2022,269
Viet Nam,"Jute, raw or retted",2023,238
Viet Nam,"Jute, raw or retted",2024,579
Viet Nam,Maize (corn),2022,1401685
Viet Nam,Maize (corn),2023,1406079
Viet Nam,Maize (corn),2024,1394973
Viet Nam,"Mangoes, guavas and mangosteens",2022,914804
Viet Nam,"Mangoes, guavas and mangosteens",2023,969531
Viet Nam,"Mangoes, guavas and mangosteens",2024,1004930
Viet Nam,"Meat of buffalo, fresh or chilled (indigenous)",2022,227498
Viet Nam,"Meat of buffalo, fresh or chilled (indigenous)",2023,244783
Viet Nam,"Meat of buffalo, fresh or chilled (indigenous)",2024,241052
Viet Nam,"Meat of cattle with the bone, fresh or chilled (indigenous)",2022,1008219
Viet Nam,"Meat of cattle with the bone, fresh or chilled (indigenous)",2023,1049414
Viet Nam,"Meat of cattle with the bone, fresh or chilled (indigenous)",2024,1026915
Viet Nam,"Meat of chickens, fresh or chilled (indigenous)",2022,5897865
Viet Nam,"Meat of chickens, fresh or chilled (indigenous)",2023,6650916
Viet Nam,"Meat of chickens, fresh or chilled (indigenous)",2024,5419138
Viet Nam,"Meat of ducks, fresh or chilled (indigenous)",2022,379918
Viet Nam,"Meat of ducks, fresh or chilled (indigenous)",2023,346367
Viet Nam,"Meat of ducks, fresh or chilled (indigenous)",2024,348849
Viet Nam,"Meat of goat, fresh or chilled (indigenous)",2022,108298
Viet Nam,"Meat of goat, fresh or chilled (indigenous)",2023,112816
Viet Nam,"Meat of goat, fresh or chilled (indigenous)",2024,117679
Viet Nam,"Meat of pig with the bone, fresh or chilled (indigenous)",2022,7049943
Viet Nam,"Meat of pig with the bone, fresh or chilled (indigenous)",2023,7552918
Viet Nam,"Meat of pig with the bone, fresh or chilled (indigenous)",2024,8055325
Viet Nam,Millet,2022,2114
Viet Nam,Millet,2023,1174
Viet Nam,Millet,2024,1242
Viet Nam,Mushrooms and truffles,2022,44847
Viet Nam,Mushrooms and truffles,2023,45515
Viet Nam,Mushrooms and truffles,2024,46184
Viet Nam,Natural honey,2022,167519
Viet Nam,Natural honey,2023,173143
Viet Nam,Natural honey,2024,179428
Viet Nam,Natural rubber in primary forms,2022,1748088
Viet Nam,Natural rubber in primary forms,2023,1659462
Viet Nam,Natural rubber in primary forms,2024,1734151
Viet Nam,"Onions and shallots, dry (excluding dehydrated)",2022,186589
Viet Nam,"Onions and shallots, dry (excluding dehydrated)",2023,186954
Viet Nam,"Onions and shallots, dry (excluding dehydrated)",2024,186315
Viet Nam,Oranges,2022,1660231
Viet Nam,Oranges,2023,1700575
Viet Nam,Oranges,2024,1786135
Viet Nam,Other berries and fruits of the genus vaccinium n.e.c.,2022,203412
Viet Nam,Other berries and fruits of the genus vaccinium n.e.c.,2023,203284
Viet Nam,Other berries and fruits of the genus vaccinium n.e.c.,2024,203121
Viet Nam,"Other nuts (excluding wild edible nuts and groundnuts), in shell, n.e.c.",2022,8095
Viet Nam,"Other nuts (excluding wild edible nuts and groundnuts), in shell, n.e.c.",2023,8117
Viet Nam,"Other nuts (excluding wild edible nuts and groundnuts), in shell, n.e.c.",2024,8139
Viet Nam,Other pulses n.e.c.,2022,168307
Viet Nam,Other pulses n.e.c.,2023,168610
Viet Nam,Other pulses n.e.c.,2024,168944
Viet Nam,"Pepper (Piper spp.), raw",2022,2161443
Viet Nam,"Pepper (Piper spp.), raw",2023,2044281
Viet Nam,"Pepper (Piper spp.), raw",2024,2082421
Viet Nam,Pineapples,2022,258909
Viet Nam,Pineapples,2023,286436
Viet Nam,Pineapples,2024,295967
Viet Nam,Pomelos and grapefruits,2022,822465
Viet Nam,Pomelos and grapefruits,2023,865444
Viet Nam,Pomelos and grapefruits,2024,881381
Viet Nam,Potatoes,2022,178206
Viet Nam,Potatoes,2023,182497
Viet Nam,Potatoes,2024,189881
Viet Nam,Raw milk of cattle,2022,2378413
Viet Nam,Raw milk of cattle,2023,2505817
Viet Nam,Raw milk of cattle,2024,2621568
Viet Nam,Rice,2022,12528254
Viet Nam,Rice,2023,12774006
Viet Nam,Rice,2024,12760152
Viet Nam,Sesame seed,2022,48336
Viet Nam,Sesame seed,2023,45875
Viet Nam,Sesame seed,2024,40726
Viet Nam,Soya beans,2022,43429
Viet Nam,Soya beans,2023,40061
Viet Nam,Soya beans,2024,38416
Viet Nam,Sugar cane,2022,496890
Viet Nam,Sugar cane,2023,530713
Viet Nam,Sugar cane,2024,530713
Viet Nam,Sweet potatoes,2022,333762
Viet Nam,Sweet potatoes,2023,312764
Viet Nam,Sweet potatoes,2024,332657
Viet Nam,Tea leaves,2022,384434
Viet Nam,Tea leaves,2023,387296
Viet Nam,Tea leaves,2024,397433
Viet Nam,Unmanufactured tobacco,2022,73188
Viet Nam,Unmanufactured tobacco,2023,81210
Viet Nam,Unmanufactured tobacco,2024,101399
Viet Nam,Watermelons,2022,330368
Viet Nam,Watermelons,2023,349538
Viet Nam,Watermelons,2024,337847
Yemen,Apples,2022,47318
Yemen,Apples,2023,48223
Yemen,Apples,2024,48840
Yemen,Apricots,2022,3015
Yemen,Apricots,2023,3040
Yemen,Apricots,2024,3022
Yemen,Bananas,2022,79833
Yemen,Bananas,2023,80513
Yemen,Bananas,2024,81425
Yemen,Barley,2022,27317
Yemen,Barley,2023,27438
Yemen,Barley,2024,20466
Yemen,"Beans, dry",2022,2918
Yemen,"Beans, dry",2023,2770
Yemen,"Beans, dry",2024,2589
Yemen,"Broad beans and horse beans, dry",2022,11918
Yemen,"Broad beans and horse beans, dry",2023,12117
Yemen,"Broad beans and horse beans, dry",2024,10573
Yemen,Cantaloupes and other melons,2022,29837
Yemen,Cantaloupes and other melons,2023,29250
Yemen,Cantaloupes and other melons,2024,28358
Yemen,Carrots and turnips,2022,12712
Yemen,Carrots and turnips,2023,12600
Yemen,Carrots and turnips,2024,12940
Yemen,"Chick peas, dry",2022,34708
Yemen,"Chick peas, dry",2023,35068
Yemen,"Chick peas, dry",2024,34738
Yemen,"Chillies and peppers, green (Capsicum spp. and Pimenta spp.)",2022,25415
Yemen,"Chillies and peppers, green (Capsicum spp. and Pimenta spp.)",2023,23552
Yemen,"Chillies and peppers, green (Capsicum spp. and Pimenta spp.)",2024,23881
Yemen,"Coffee, green",2022,184150
Yemen,"Coffee, green",2023,189494
Yemen,"Coffee, green",2024,204139
Yemen,Dates,2022,58302
Yemen,Dates,2023,57816
Yemen,Dates,2024,58581
Yemen,Grapes,2022,197120
Yemen,Grapes,2023,201424
Yemen,Grapes,2024,192339
Yemen,"Hen eggs in shell, fresh",2022,190612
Yemen,"Hen eggs in shell, fresh",2023,184409
Yemen,"Hen eggs in shell, fresh",2024,185483
Yemen,Lemons and limes,2022,59678
Yemen,Lemons and limes,2023,59239
Yemen,Lemons and limes,2024,59431
Yemen,"Lentils, dry",2022,24451
Yemen,"Lentils, dry",2023,25370
Yemen,"Lentils, dry",2024,25432
Yemen,Maize (corn),2022,74001
Yemen,Maize (corn),2023,45952
Yemen,Maize (corn),2024,44420
Yemen,"Mangoes, guavas and mangosteens",2022,215038
Yemen,"Mangoes, guavas and mangosteens",2023,208945
Yemen,"Mangoes, guavas and mangosteens",2024,205125
Yemen,"Meat of camels, fresh or chilled (indigenous)",2022,8349
Yemen,"Meat of camels, fresh or chilled (indigenous)",2023,11173
Yemen,"Meat of camels, fresh or chilled (indigenous)",2024,12430
Yemen,"Meat of cattle with the bone, fresh or chilled (indigenous)",2022,539200
Yemen,"Meat of cattle with the bone, fresh or chilled (indigenous)",2023,537411
Yemen,"Meat of cattle with the bone, fresh or chilled (indigenous)",2024,530163
Yemen,"Meat of chickens, fresh or chilled (indigenous)",2022,807823
Yemen,"Meat of chickens, fresh or chilled (indigenous)",2023,812108
Yemen,"Meat of chickens, fresh or chilled (indigenous)",2024,828045
Yemen,"Meat of goat, fresh or chilled (indigenous)",2022,782857
Yemen,"Meat of goat, fresh or chilled (indigenous)",2023,777421
Yemen,"Meat of goat, fresh or chilled (indigenous)",2024,826634
Yemen,"Meat of sheep, fresh or chilled (indigenous)",2022,625594
Yemen,"Meat of sheep, fresh or chilled (indigenous)",2023,636694
Yemen,"Meat of sheep, fresh or chilled (indigenous)",2024,653959
Yemen,Millet,2022,34206
Yemen,Millet,2023,34206
Yemen,Millet,2024,34206
Yemen,Natural honey,2022,100218
Yemen,Natural honey,2023,100286
Yemen,Natural honey,2024,100363
Yemen,Okra,2022,44517
Yemen,Okra,2023,42644
Yemen,Okra,2024,40640
Yemen,"Onions and shallots, dry (excluding dehydrated)",2022,167088
Yemen,"Onions and shallots, dry (excluding dehydrated)",2023,156300
Yemen,"Onions and shallots, dry (excluding dehydrated)",2024,156048
Yemen,Oranges,2022,195291
Yemen,Oranges,2023,194143
Yemen,Oranges,2024,194447
Yemen,"Other fruits, n.e.c.",2022,30246
Yemen,"Other fruits, n.e.c.",2023,30306
Yemen,"Other fruits, n.e.c.",2024,42720
Yemen,Other pulses n.e.c.,2022,14619
Yemen,Other pulses n.e.c.,2023,14633
Yemen,Other pulses n.e.c.,2024,14654
Yemen,"Other vegetables, fresh n.e.c.",2022,38206
Yemen,"Other vegetables, fresh n.e.c.",2023,38730
Yemen,"Other vegetables, fresh n.e.c.",2024,39637
Yemen,Papayas,2022,9332
Yemen,Papayas,2023,9475
Yemen,Papayas,2024,8941
Yemen,Peaches and nectarines,2022,26881
Yemen,Peaches and nectarines,2023,27606
Yemen,Peaches and nectarines,2024,28703
Yemen,"Peas, dry",2022,5085
Yemen,"Peas, dry",2023,5077
Yemen,"Peas, dry",2024,4879
Yemen,Potatoes,2022,197414
Yemen,Potatoes,2023,200382
Yemen,Potatoes,2024,195431
Yemen,Raw milk of camel,2022,7808
Yemen,Raw milk of camel,2023,8065
Yemen,Raw milk of camel,2024,7770
Yemen,Raw milk of cattle,2022,346218
Yemen,Raw milk of cattle,2023,352520
Yemen,Raw milk of cattle,2024,327431
Yemen,Raw milk of goats,2022,182355
Yemen,Raw milk of goats,2023,186641
Yemen,Raw milk of goats,2024,180888
Yemen,Raw milk of sheep,2022,107692
Yemen,Raw milk of sheep,2023,106400
Yemen,Raw milk of sheep,2024,105552
Yemen,"Seed cotton, unginned",2022,744
Yemen,"Seed cotton, unginned",2023,694
Yemen,"Seed cotton, unginned",2024,581
Yemen,Sesame seed,2022,39956
Yemen,Sesame seed,2023,40126
Yemen,Sesame seed,2024,40146
Yemen,"Shorn wool, greasy, including fleece-washed shorn wool",2022,35839
Yemen,"Shorn wool, greasy, including fleece-washed shorn wool",2023,36465
Yemen,"Shorn wool, greasy, including fleece-washed shorn wool",2024,37038
Yemen,Sorghum,2022,158148
Yemen,Sorghum,2023,150617
Yemen,Sorghum,2024,143086
Yemen,"Tangerines, mandarins, clementines",2022,32329
Yemen,"Tangerines, mandarins, clementines",2023,33861
Yemen,"Tangerines, mandarins, clementines",2024,34771
Yemen,Tomatoes,2022,111636
Yemen,Tomatoes,2023,113923
Yemen,Tomatoes,2024,114966
Yemen,Unmanufactured tobacco,2022,66831
Yemen,Unmanufactured tobacco,2023,64674
Yemen,Unmanufactured tobacco,2024,64588
Yemen,Watermelons,2022,125563
Yemen,Watermelons,2023,128258
Yemen,Watermelons,2024,129518
Yemen,Wheat,2022,78855
Yemen,Wheat,2023,78855
Yemen,Wheat,2024,77278
Zambia,Bananas,2022,512
Zambia,Bananas,2023,510
Zambia,Bananas,2024,510
Zambia,"Cassava, fresh",2022,2408551
Zambia,"Cassava, fresh",2023,3064414
Zambia,"Cassava, fresh",2024,2153880
Zambia,"Groundnuts, excluding shelled",2022,80407
Zambia,"Groundnuts, excluding shelled",2023,99562
Zambia,"Groundnuts, excluding shelled",2024,37066
Zambia,"Hen eggs in shell, fresh",2022,171479
Zambia,"Hen eggs in shell, fresh",2023,171479
Zambia,"Hen eggs in shell, fresh",2024,171476
Zambia,Maize (corn),2022,429909
Zambia,Maize (corn),2023,518146
Zambia,Maize (corn),2024,240058
Zambia,"Meat of cattle with the bone, fresh or chilled (indigenous)",2022,686876
Zambia,"Meat of cattle with the bone, fresh or chilled (indigenous)",2023,883939
Zambia,"Meat of cattle with the bone, fresh or chilled (indigenous)",2024,845495
Zambia,"Meat of chickens, fresh or chilled (indigenous)",2022,122534
Zambia,"Meat of chickens, fresh or chilled (indigenous)",2023,123774
Zambia,"Meat of chickens, fresh or chilled (indigenous)",2024,125011
Zambia,"Meat of goat, fresh or chilled (indigenous)",2022,55220
Zambia,"Meat of goat, fresh or chilled (indigenous)",2023,68884
Zambia,"Meat of goat, fresh or chilled (indigenous)",2024,57622
Zambia,"Meat of pig with the bone, fresh or chilled (indigenous)",2022,101140
Zambia,"Meat of pig with the bone, fresh or chilled (indigenous)",2023,146869
Zambia,"Meat of pig with the bone, fresh or chilled (indigenous)",2024,149919
Zambia,Millet,2022,13311
Zambia,Millet,2023,25691
Zambia,Millet,2024,8457
Zambia,"Onions and shallots, dry (excluding dehydrated)",2022,45821
Zambia,"Onions and shallots, dry (excluding dehydrated)",2023,46108
Zambia,"Onions and shallots, dry (excluding dehydrated)",2024,46395
Zambia,Oranges,2022,4673
Zambia,Oranges,2023,4682
Zambia,Oranges,2024,4692
Zambia,Other pulses n.e.c.,2022,21412
Zambia,Other pulses n.e.c.,2023,21583
Zambia,Other pulses n.e.c.,2024,21491
Zambia,Potatoes,2022,37295
Zambia,Potatoes,2023,46347
Zambia,Potatoes,2024,24321
Zambia,Raw milk of cattle,2022,641505
Zambia,Raw milk of cattle,2023,683273
Zambia,Raw milk of cattle,2024,661497
Zambia,Rice,2022,79710
Zambia,Rice,2023,80222
Zambia,Rice,2024,31441
Zambia,Sorghum,2022,11214
Zambia,Sorghum,2023,5165
Zambia,Sorghum,2024,2164
Zambia,Soya beans,2022,78287
Zambia,Soya beans,2023,125177
Zambia,Soya beans,2024,27948
Zambia,Sweet potatoes,2022,48819
Zambia,Sweet potatoes,2023,86486
Zambia,Sweet potatoes,2024,30794
Zambia,Tomatoes,2022,18656
Zambia,Tomatoes,2023,18678
Zambia,Tomatoes,2024,18699
Zimbabwe,Apples,2022,8677
Zimbabwe,Apples,2023,9959
Zimbabwe,Apples,2024,12132
Zimbabwe,Avocados,2022,97119
Zimbabwe,Avocados,2023,101762
Zimbabwe,Avocados,2024,126028
Zimbabwe,Bananas,2022,180147
Zimbabwe,Bananas,2023,187712
Zimbabwe,Bananas,2024,194752
Zimbabwe,"Beans, dry",2022,17879
Zimbabwe,"Beans, dry",2023,26482
Zimbabwe,"Beans, dry",2024,16797
Zimbabwe,Cabbages,2022,367488
Zimbabwe,Cabbages,2023,377519
Zimbabwe,Cabbages,2024,386891
Zimbabwe,Cantaloupes and other melons,2022,438
Zimbabwe,Cantaloupes and other melons,2023,441
Zimbabwe,Cantaloupes and other melons,2024,438
Zimbabwe,Carrots and turnips,2022,45144
Zimbabwe,Carrots and turnips,2023,52600
Zimbabwe,Carrots and turnips,2024,58766
Zimbabwe,Cereals n.e.c.,2022,806
Zimbabwe,Cereals n.e.c.,2023,807
Zimbabwe,Cereals n.e.c.,2024,808
Zimbabwe,"Chillies and peppers, green (Capsicum spp. and Pimenta spp.)",2022,76078
Zimbabwe,"Chillies and peppers, green (Capsicum spp. and Pimenta spp.)",2023,79424
Zimbabwe,"Chillies and peppers, green (Capsicum spp. and Pimenta spp.)",2024,85186
Zimbabwe,"Cow peas, dry",2022,4961
Zimbabwe,"Cow peas, dry",2023,11487
Zimbabwe,"Cow peas, dry",2024,975
Zimbabwe,Cucumbers and gherkins,2022,14726
Zimbabwe,Cucumbers and gherkins,2023,15841
Zimbabwe,Cucumbers and gherkins,2024,16866
Zimbabwe,Grapes,2022,13856
Zimbabwe,Grapes,2023,13876
Zimbabwe,Grapes,2024,13843
Zimbabwe,Green corn (maize),2022,1189
Zimbabwe,Green corn (maize),2023,1196
Zimbabwe,Green corn (maize),2024,1203
Zimbabwe,Green garlic,2022,11441
Zimbabwe,Green garlic,2023,11996
Zimbabwe,Green garlic,2024,7725
Zimbabwe,"Groundnuts, excluding shelled",2022,31066
Zimbabwe,"Groundnuts, excluding shelled",2023,48627
Zimbabwe,"Groundnuts, excluding shelled",2024,17256
Zimbabwe,Lettuce and chicory,2022,177
Zimbabwe,Lettuce and chicory,2023,177
Zimbabwe,Lettuce and chicory,2024,177
Zimbabwe,Maize (corn),2022,315773
Zimbabwe,Maize (corn),2023,370939
Zimbabwe,Maize (corn),2024,230607
Zimbabwe,"Mangoes, guavas and mangosteens",2022,155301
Zimbabwe,"Mangoes, guavas and mangosteens",2023,154197
Zimbabwe,"Mangoes, guavas and mangosteens",2024,167606
Zimbabwe,Millet,2022,8650
Zimbabwe,Millet,2023,16064
Zimbabwe,Millet,2024,7765
Zimbabwe,"Onions and shallots, dry (excluding dehydrated)",2022,190797
Zimbabwe,"Onions and shallots, dry (excluding dehydrated)",2023,193254
Zimbabwe,"Onions and shallots, dry (excluding dehydrated)",2024,202864
Zimbabwe,Oranges,2022,84204
Zimbabwe,Oranges,2023,88474
Zimbabwe,Oranges,2024,101474
Zimbabwe,"Other beans, green",2022,4050
Zimbabwe,"Other beans, green",2023,4072
Zimbabwe,"Other beans, green",2024,4056
Zimbabwe,Other pulses n.e.c.,2022,1818
Zimbabwe,Other pulses n.e.c.,2023,1813
Zimbabwe,Other pulses n.e.c.,2024,1815
Zimbabwe,"Other vegetables, fresh n.e.c.",2022,314090
Zimbabwe,"Other vegetables, fresh n.e.c.",2023,403467
Zimbabwe,"Other vegetables, fresh n.e.c.",2024,421295
Zimbabwe,Pears,2022,5971
Zimbabwe,Pears,2023,6096
Zimbabwe,Pears,2024,7397
Zimbabwe,"Peas, green",2022,4877
Zimbabwe,"Peas, green",2023,4444
Zimbabwe,"Peas, green",2024,4453
Zimbabwe,Pineapples,2022,17901
Zimbabwe,Pineapples,2023,19039
Zimbabwe,Pineapples,2024,20682
Zimbabwe,Plums and sloes,2022,882
Zimbabwe,Plums and sloes,2023,883
Zimbabwe,Plums and sloes,2024,881
Zimbabwe,Potatoes,2022,335426
Zimbabwe,Potatoes,2023,376218
Zimbabwe,Potatoes,2024,422611
Zimbabwe,Raw milk of cattle,2022,197869
Zimbabwe,Raw milk of cattle,2023,203704
Zimbabwe,Raw milk of cattle,2024,203541
Zimbabwe,"Seed cotton, unginned",2022,88309
Zimbabwe,"Seed cotton, unginned",2023,48442
Zimbabwe,"Seed cotton, unginned",2024,77224
Zimbabwe,Sorghum,2022,25485
Zimbabwe,Sorghum,2023,24151
Zimbabwe,Sorghum,2024,25440
Zimbabwe,Soya beans,2022,30163
Zimbabwe,Soya beans,2023,39523
Zimbabwe,Soya beans,2024,38572
Zimbabwe,Sugar cane,2022,3284826
Zimbabwe,Sugar cane,2023,3549702
Zimbabwe,Sugar cane,2024,3593261
Zimbabwe,Sunflower seed,2022,2559
Zimbabwe,Sunflower seed,2023,10168
Zimbabwe,Sunflower seed,2024,2561
Zimbabwe,Sweet potatoes,2022,70041
Zimbabwe,Sweet potatoes,2023,70041
Zimbabwe,Sweet potatoes,2024,72766
Zimbabwe,Tomatoes,2022,150802
Zimbabwe,Tomatoes,2023,210371
Zimbabwe,Tomatoes,2024,211872
Zimbabwe,Unmanufactured tobacco,2022,525470
Zimbabwe,Unmanufactured tobacco,2023,559157
Zimbabwe,Unmanufactured tobacco,2024,679659
Zimbabwe,Wheat,2022,122167
Zimbabwe,Wheat,2023,227719
Zimbabwe,Wheat,2024,263880
