countryiso3code,country,date,value
AFE,"{'id': 'ZH', 'value': 'Africa Eastern and Southern'}",2024,4.48978854243448
AFE,"{'id': 'ZH', 'value': 'Africa Eastern and Southern'}",2023,7.39918558080627
AFE,"{'id': 'ZH', 'value': 'Africa Eastern and Southern'}",2022,10.8834775726018
AFE,"{'id': 'ZH', 'value': 'Africa Eastern and Southern'}",2021,6.82472709282067
AFE,"{'id': 'ZH', 'value': 'Africa Eastern and Southern'}",2020,5.19162942092851
AFE,"{'id': 'ZH', 'value': 'Africa Eastern and Southern'}",2019,4.10285075461156
AFE,"{'id': 'ZH', 'value': 'Africa Eastern and Southern'}",2018,4.6898064677633
AFE,"{'id': 'ZH', 'value': 'Africa Eastern and Southern'}",2017,6.22137528933118
AFE,"{'id': 'ZH', 'value': 'Africa Eastern and Southern'}",2016,6.44687722255584
AFE,"{'id': 'ZH', 'value': 'Africa Eastern and Southern'}",2015,5.09856164363687
AFW,"{'id': 'ZI', 'value': 'Africa Western and Central'}",2024,3.60804426950566
AFW,"{'id': 'ZI', 'value': 'Africa Western and Central'}",2023,5.22116801324002
AFW,"{'id': 'ZI', 'value': 'Africa Western and Central'}",2022,7.94925143524016
AFW,"{'id': 'ZI', 'value': 'Africa Western and Central'}",2021,3.74556782333009
AFW,"{'id': 'ZI', 'value': 'Africa Western and Central'}",2020,2.49037783931949
AFW,"{'id': 'ZI', 'value': 'Africa Western and Central'}",2019,1.98309228487232
AFW,"{'id': 'ZI', 'value': 'Africa Western and Central'}",2018,1.78404994832044
AFW,"{'id': 'ZI', 'value': 'Africa Western and Central'}",2017,1.72548602374731
AFW,"{'id': 'ZI', 'value': 'Africa Western and Central'}",2016,1.48741550755546
AFW,"{'id': 'ZI', 'value': 'Africa Western and Central'}",2015,2.13081738058791
ARB,"{'id': '1A', 'value': 'Arab World'}",2024,2.10135577419612
ARB,"{'id': '1A', 'value': 'Arab World'}",2023,4.00025877060147
ARB,"{'id': '1A', 'value': 'Arab World'}",2022,5.17980847967061
ARB,"{'id': '1A', 'value': 'Arab World'}",2021,2.86833027751019
ARB,"{'id': '1A', 'value': 'Arab World'}",2020,1.44703656998741
ARB,"{'id': '1A', 'value': 'Arab World'}",2019,1.33601568147656
ARB,"{'id': '1A', 'value': 'Arab World'}",2018,2.30874696703938
ARB,"{'id': '1A', 'value': 'Arab World'}",2017,2.06932928164424
ARB,"{'id': '1A', 'value': 'Arab World'}",2016,2.36503123461077
ARB,"{'id': '1A', 'value': 'Arab World'}",2015,1.83135233156369
CSS,"{'id': 'S3', 'value': 'Caribbean small states'}",2024,2.56921890367726
CSS,"{'id': 'S3', 'value': 'Caribbean small states'}",2023,4.47720868651285
CSS,"{'id': 'S3', 'value': 'Caribbean small states'}",2022,5.82838638517959
CSS,"{'id': 'S3', 'value': 'Caribbean small states'}",2021,2.22891330700344
CSS,"{'id': 'S3', 'value': 'Caribbean small states'}",2020,0.121434644614894
CSS,"{'id': 'S3', 'value': 'Caribbean small states'}",2019,1.00054293027237
CSS,"{'id': 'S3', 'value': 'Caribbean small states'}",2018,1.20715793367008
CSS,"{'id': 'S3', 'value': 'Caribbean small states'}",2017,1.6992957045984
CSS,"{'id': 'S3', 'value': 'Caribbean small states'}",2016,0.402621696824957
CSS,"{'id': 'S3', 'value': 'Caribbean small states'}",2015,-0.852705497033039
CEB,"{'id': 'B8', 'value': 'Central Europe and the Baltics'}",2024,2.75760909424272
CEB,"{'id': 'B8', 'value': 'Central Europe and the Baltics'}",2023,9.44284140088564
CEB,"{'id': 'B8', 'value': 'Central Europe and the Baltics'}",2022,14.6081439492433
CEB,"{'id': 'B8', 'value': 'Central Europe and the Baltics'}",2021,3.83984491500146
CEB,"{'id': 'B8', 'value': 'Central Europe and the Baltics'}",2020,1.67244096855756
CEB,"{'id': 'B8', 'value': 'Central Europe and the Baltics'}",2019,2.66456133425431
CEB,"{'id': 'B8', 'value': 'Central Europe and the Baltics'}",2018,2.53445424186598
CEB,"{'id': 'B8', 'value': 'Central Europe and the Baltics'}",2017,2.0759355367385
CEB,"{'id': 'B8', 'value': 'Central Europe and the Baltics'}",2016,-0.054999541670474
CEB,"{'id': 'B8', 'value': 'Central Europe and the Baltics'}",2015,-0.464499004644911
EAR,"{'id': 'V2', 'value': 'Early-demographic dividend'}",2024,3.29589662451998
EAR,"{'id': 'V2', 'value': 'Early-demographic dividend'}",2023,5.88585897042164
EAR,"{'id': 'V2', 'value': 'Early-demographic dividend'}",2022,7.19861615609867
EAR,"{'id': 'V2', 'value': 'Early-demographic dividend'}",2021,4.12676744440695
EAR,"{'id': 'V2', 'value': 'Early-demographic dividend'}",2020,2.96354992076065
EAR,"{'id': 'V2', 'value': 'Early-demographic dividend'}",2019,2.76252019386111
EAR,"{'id': 'V2', 'value': 'Early-demographic dividend'}",2018,3.97561015740694
EAR,"{'id': 'V2', 'value': 'Early-demographic dividend'}",2017,3.32817337461298
EAR,"{'id': 'V2', 'value': 'Early-demographic dividend'}",2016,3.52317317628473
EAR,"{'id': 'V2', 'value': 'Early-demographic dividend'}",2015,3.12900274473925
EAS,"{'id': 'Z4', 'value': 'East Asia & Pacific'}",2024,2.3556272611928
EAS,"{'id': 'Z4', 'value': 'East Asia & Pacific'}",2023,5.21536927681554
EAS,"{'id': 'Z4', 'value': 'East Asia & Pacific'}",2022,5.34595440908904
EAS,"{'id': 'Z4', 'value': 'East Asia & Pacific'}",2021,2.47710241465447
EAS,"{'id': 'Z4', 'value': 'East Asia & Pacific'}",2020,0.846905537459305
EAS,"{'id': 'Z4', 'value': 'East Asia & Pacific'}",2019,1.70397863236257
EAS,"{'id': 'Z4', 'value': 'East Asia & Pacific'}",2018,2.368549058067
EAS,"{'id': 'Z4', 'value': 'East Asia & Pacific'}",2017,1.80034222468621
EAS,"{'id': 'Z4', 'value': 'East Asia & Pacific'}",2016,1.27699094497324
EAS,"{'id': 'Z4', 'value': 'East Asia & Pacific'}",2015,0.795279630579839
EAP,"{'id': '4E', 'value': 'East Asia & Pacific (excluding high income)'}",2024,2.31848172887108
EAP,"{'id': '4E', 'value': 'East Asia & Pacific (excluding high income)'}",2023,5.97802515541409
EAP,"{'id': '4E', 'value': 'East Asia & Pacific (excluding high income)'}",2022,5.37734908193985
EAP,"{'id': '4E', 'value': 'East Asia & Pacific (excluding high income)'}",2021,2.69891859529198
EAP,"{'id': '4E', 'value': 'East Asia & Pacific (excluding high income)'}",2020,2.40629214387011
EAP,"{'id': '4E', 'value': 'East Asia & Pacific (excluding high income)'}",2019,1.94257500833107
EAP,"{'id': '4E', 'value': 'East Asia & Pacific (excluding high income)'}",2018,3.19834755924996
EAP,"{'id': '4E', 'value': 'East Asia & Pacific (excluding high income)'}",2017,2.91263557371478
EAP,"{'id': '4E', 'value': 'East Asia & Pacific (excluding high income)'}",2016,1.91731090233378
EAP,"{'id': '4E', 'value': 'East Asia & Pacific (excluding high income)'}",2015,1.22393195511119
TEA,"{'id': 'T4', 'value': 'East Asia & Pacific (IDA & IBRD countries)'}",2024,2.23172772921704
TEA,"{'id': 'T4', 'value': 'East Asia & Pacific (IDA & IBRD countries)'}",2023,6.16457747898299
TEA,"{'id': 'T4', 'value': 'East Asia & Pacific (IDA & IBRD countries)'}",2022,5.40874375479067
TEA,"{'id': 'T4', 'value': 'East Asia & Pacific (IDA & IBRD countries)'}",2021,2.6124818577648
TEA,"{'id': 'T4', 'value': 'East Asia & Pacific (IDA & IBRD countries)'}",2020,2.3931623931624
TEA,"{'id': 'T4', 'value': 'East Asia & Pacific (IDA & IBRD countries)'}",2019,1.93321335810515
TEA,"{'id': 'T4', 'value': 'East Asia & Pacific (IDA & IBRD countries)'}",2018,2.91740978470444
TEA,"{'id': 'T4', 'value': 'East Asia & Pacific (IDA & IBRD countries)'}",2017,2.88291164981213
TEA,"{'id': 'T4', 'value': 'East Asia & Pacific (IDA & IBRD countries)'}",2016,1.75711158908291
TEA,"{'id': 'T4', 'value': 'East Asia & Pacific (IDA & IBRD countries)'}",2015,1.08648629940414
EMU,"{'id': 'XC', 'value': 'Euro area'}",2024,2.18497406958038
EMU,"{'id': 'XC', 'value': 'Euro area'}",2023,5.78431554960862
EMU,"{'id': 'XC', 'value': 'Euro area'}",2022,8.47117645590892
EMU,"{'id': 'XC', 'value': 'Euro area'}",2021,2.4865043812082
EMU,"{'id': 'XC', 'value': 'Euro area'}",2020,0.186938139702131
EMU,"{'id': 'XC', 'value': 'Euro area'}",2019,1.44123966942341
EMU,"{'id': 'XC', 'value': 'Euro area'}",2018,1.6892396580413
EMU,"{'id': 'XC', 'value': 'Euro area'}",2017,1.37503641525339
EMU,"{'id': 'XC', 'value': 'Euro area'}",2016,0.166009884375616
EMU,"{'id': 'XC', 'value': 'Euro area'}",2015,-0.0852072296963751
ECS,"{'id': 'Z7', 'value': 'Europe & Central Asia'}",2024,2.75760909424272
ECS,"{'id': 'Z7', 'value': 'Europe & Central Asia'}",2023,7.120422120899
ECS,"{'id': 'Z7', 'value': 'Europe & Central Asia'}",2022,11.1136121878761
ECS,"{'id': 'Z7', 'value': 'Europe & Central Asia'}",2021,3.19017771027094
ECS,"{'id': 'Z7', 'value': 'Europe & Central Asia'}",2020,1.19998396936028
ECS,"{'id': 'Z7', 'value': 'Europe & Central Asia'}",2019,1.76373586528842
ECS,"{'id': 'Z7', 'value': 'Europe & Central Asia'}",2018,2.01321972250337
ECS,"{'id': 'Z7', 'value': 'Europe & Central Asia'}",2017,1.91558846458259
ECS,"{'id': 'Z7', 'value': 'Europe & Central Asia'}",2016,0.388838296895799
ECS,"{'id': 'Z7', 'value': 'Europe & Central Asia'}",2015,0.36804684232536
ECA,"{'id': '7E', 'value': 'Europe & Central Asia (excluding high income)'}",2024,3.48974086026947
ECA,"{'id': '7E', 'value': 'Europe & Central Asia (excluding high income)'}",2023,9.07365149809048
ECA,"{'id': '7E', 'value': 'Europe & Central Asia (excluding high income)'}",2022,13.8875841659221
ECA,"{'id': '7E', 'value': 'Europe & Central Asia (excluding high income)'}",2021,6.91756771076075
ECA,"{'id': '7E', 'value': 'Europe & Central Asia (excluding high income)'}",2020,2.74615078213777
ECA,"{'id': '7E', 'value': 'Europe & Central Asia (excluding high income)'}",2019,2.64328192719554
ECA,"{'id': '7E', 'value': 'Europe & Central Asia (excluding high income)'}",2018,2.56572880132719
ECA,"{'id': '7E', 'value': 'Europe & Central Asia (excluding high income)'}",2017,4.60357355778862
ECA,"{'id': '7E', 'value': 'Europe & Central Asia (excluding high income)'}",2016,2.13492713939121
ECA,"{'id': '7E', 'value': 'Europe & Central Asia (excluding high income)'}",2015,4.02768573742726
TEC,"{'id': 'T7', 'value': 'Europe & Central Asia (IDA & IBRD countries)'}",2024,3.63700046769908
TEC,"{'id': 'T7', 'value': 'Europe & Central Asia (IDA & IBRD countries)'}",2023,9.36187249769016
TEC,"{'id': 'T7', 'value': 'Europe & Central Asia (IDA & IBRD countries)'}",2022,13.8522590144267
TEC,"{'id': 'T7', 'value': 'Europe & Central Asia (IDA & IBRD countries)'}",2021,5.10641129002841
TEC,"{'id': 'T7', 'value': 'Europe & Central Asia (IDA & IBRD countries)'}",2020,2.73249209419427
TEC,"{'id': 'T7', 'value': 'Europe & Central Asia (IDA & IBRD countries)'}",2019,2.67599202639893
TEC,"{'id': 'T7', 'value': 'Europe & Central Asia (IDA & IBRD countries)'}",2018,2.611223782638
TEC,"{'id': 'T7', 'value': 'Europe & Central Asia (IDA & IBRD countries)'}",2017,3.13106248590115
TEC,"{'id': 'T7', 'value': 'Europe & Central Asia (IDA & IBRD countries)'}",2016,1.19887282892596
TEC,"{'id': 'T7', 'value': 'Europe & Central Asia (IDA & IBRD countries)'}",2015,3.86763469978395
EUU,"{'id': 'EU', 'value': 'European Union'}",2024,2.43531202435314
EUU,"{'id': 'EU', 'value': 'European Union'}",2023,6.29942487419125
EUU,"{'id': 'EU', 'value': 'European Union'}",2022,8.83369886749452
EUU,"{'id': 'EU', 'value': 'European Union'}",2021,2.55450699642041
EUU,"{'id': 'EU', 'value': 'European Union'}",2020,0.476498852725066
EUU,"{'id': 'EU', 'value': 'European Union'}",2019,1.63052260754344
EUU,"{'id': 'EU', 'value': 'European Union'}",2018,1.7386086198818
EUU,"{'id': 'EU', 'value': 'European Union'}",2017,1.42910743319306
EUU,"{'id': 'EU', 'value': 'European Union'}",2016,0.18333486112386
EUU,"{'id': 'EU', 'value': 'European Union'}",2015,-0.0616446800641672
FCS,"{'id': 'F1', 'value': 'Fragile and conflict affected situations'}",2024,4.4275764904982
FCS,"{'id': 'F1', 'value': 'Fragile and conflict affected situations'}",2023,7.11459205344455
FCS,"{'id': 'F1', 'value': 'Fragile and conflict affected situations'}",2022,9.39075933985203
FCS,"{'id': 'F1', 'value': 'Fragile and conflict affected situations'}",2021,4.25936417542868
FCS,"{'id': 'F1', 'value': 'Fragile and conflict affected situations'}",2020,2.8981937602627
FCS,"{'id': 'F1', 'value': 'Fragile and conflict affected situations'}",2019,2.45280214062732
FCS,"{'id': 'F1', 'value': 'Fragile and conflict affected situations'}",2018,2.96760366004456
FCS,"{'id': 'F1', 'value': 'Fragile and conflict affected situations'}",2017,4.18072331871267
FCS,"{'id': 'F1', 'value': 'Fragile and conflict affected situations'}",2016,3.19056179723773
FCS,"{'id': 'F1', 'value': 'Fragile and conflict affected situations'}",2015,2.676235314199
HPC,"{'id': 'XE', 'value': 'Heavily indebted poor countries (HIPC)'}",2024,4.56976223919357
HPC,"{'id': 'XE', 'value': 'Heavily indebted poor countries (HIPC)'}",2023,7.12697482131851
HPC,"{'id': 'XE', 'value': 'Heavily indebted poor countries (HIPC)'}",2022,9.65914753785069
HPC,"{'id': 'XE', 'value': 'Heavily indebted poor countries (HIPC)'}",2021,4.37012190478157
HPC,"{'id': 'XE', 'value': 'Heavily indebted poor countries (HIPC)'}",2020,3.47617372722194
HPC,"{'id': 'XE', 'value': 'Heavily indebted poor countries (HIPC)'}",2019,2.83514555687506
HPC,"{'id': 'XE', 'value': 'Heavily indebted poor countries (HIPC)'}",2018,3.01748181031406
HPC,"{'id': 'XE', 'value': 'Heavily indebted poor countries (HIPC)'}",2017,4.5783374121255
HPC,"{'id': 'XE', 'value': 'Heavily indebted poor countries (HIPC)'}",2016,4.38389195513915
HPC,"{'id': 'XE', 'value': 'Heavily indebted poor countries (HIPC)'}",2015,3.55075967356746
,"{'id': 'XD', 'value': 'High income'}",2024,2.38554753438095
,"{'id': 'XD', 'value': 'High income'}",2023,4.85604044667119
,"{'id': 'XD', 'value': 'High income'}",2022,7.53107834634288
,"{'id': 'XD', 'value': 'High income'}",2021,2.51837109614213
,"{'id': 'XD', 'value': 'High income'}",2020,0.598986330824643
,"{'id': 'XD', 'value': 'High income'}",2019,1.61519988737213
,"{'id': 'XD', 'value': 'High income'}",2018,1.88110801380597
,"{'id': 'XD', 'value': 'High income'}",2017,1.58909413567799
,"{'id': 'XD', 'value': 'High income'}",2016,0.394769306686392
,"{'id': 'XD', 'value': 'High income'}",2015,0.330027165141066
IBD,"{'id': 'XF', 'value': 'IBRD only'}",2024,3.48974086026947
IBD,"{'id': 'XF', 'value': 'IBRD only'}",2023,6.02663450060535
IBD,"{'id': 'XF', 'value': 'IBRD only'}",2022,9.10437983075437
IBD,"{'id': 'XF', 'value': 'IBRD only'}",2021,4.27166381536798
IBD,"{'id': 'XF', 'value': 'IBRD only'}",2020,2.41513094083414
IBD,"{'id': 'XF', 'value': 'IBRD only'}",2019,2.58405829251271
IBD,"{'id': 'XF', 'value': 'IBRD only'}",2018,3.22703471046143
IBD,"{'id': 'XF', 'value': 'IBRD only'}",2017,3.32389447576097
IBD,"{'id': 'XF', 'value': 'IBRD only'}",2016,2.12081713361588
IBD,"{'id': 'XF', 'value': 'IBRD only'}",2015,3.09551722027242
IBT,"{'id': 'ZT', 'value': 'IDA & IBRD total'}",2024,3.62109273885843
IBT,"{'id': 'ZT', 'value': 'IDA & IBRD total'}",2023,6.20657592272126
IBT,"{'id': 'ZT', 'value': 'IDA & IBRD total'}",2022,8.81109209279587
IBT,"{'id': 'ZT', 'value': 'IDA & IBRD total'}",2021,4.25936417542868
IBT,"{'id': 'ZT', 'value': 'IDA & IBRD total'}",2020,2.8981937602627
IBT,"{'id': 'ZT', 'value': 'IDA & IBRD total'}",2019,2.70590196327809
IBT,"{'id': 'ZT', 'value': 'IDA & IBRD total'}",2018,3.13285375991676
IBT,"{'id': 'ZT', 'value': 'IDA & IBRD total'}",2017,3.33787586109568
IBT,"{'id': 'ZT', 'value': 'IDA & IBRD total'}",2016,2.81495791361944
IBT,"{'id': 'ZT', 'value': 'IDA & IBRD total'}",2015,3.12900274473925
IDB,"{'id': 'XH', 'value': 'IDA blend'}",2024,3.45053028131019
IDB,"{'id': 'XH', 'value': 'IDA blend'}",2023,4.56457719814894
IDB,"{'id': 'XH', 'value': 'IDA blend'}",2022,6.32752007290448
IDB,"{'id': 'XH', 'value': 'IDA blend'}",2021,3.46677876951929
IDB,"{'id': 'XH', 'value': 'IDA blend'}",2020,2.1039488213608
IDB,"{'id': 'XH', 'value': 'IDA blend'}",2019,1.98958744120896
IDB,"{'id': 'XH', 'value': 'IDA blend'}",2018,2.48030843191907
IDB,"{'id': 'XH', 'value': 'IDA blend'}",2017,1.14765339305816
IDB,"{'id': 'XH', 'value': 'IDA blend'}",2016,1.65038994431573
IDB,"{'id': 'XH', 'value': 'IDA blend'}",2015,1.37488542621446
IDX,"{'id': 'XI', 'value': 'IDA only'}",2024,4.19081721344523
IDX,"{'id': 'XI', 'value': 'IDA only'}",2023,7.12142371831339
IDX,"{'id': 'XI', 'value': 'IDA only'}",2022,9.57337118555953
IDX,"{'id': 'XI', 'value': 'IDA only'}",2021,4.37012190478157
IDX,"{'id': 'XI', 'value': 'IDA only'}",2020,3.94180326908065
IDX,"{'id': 'XI', 'value': 'IDA only'}",2019,3.09342088075364
IDX,"{'id': 'XI', 'value': 'IDA only'}",2018,3.01748181031406
IDX,"{'id': 'XI', 'value': 'IDA only'}",2017,4.31421134623784
IDX,"{'id': 'XI', 'value': 'IDA only'}",2016,3.74103082110771
IDX,"{'id': 'XI', 'value': 'IDA only'}",2015,3.40274327737188
IDA,"{'id': 'XG', 'value': 'IDA total'}",2024,3.92206330291068
IDA,"{'id': 'XG', 'value': 'IDA total'}",2023,7.10220928557059
IDA,"{'id': 'XG', 'value': 'IDA total'}",2022,8.21619710967436
IDA,"{'id': 'XG', 'value': 'IDA total'}",2021,4.17270582217659
IDA,"{'id': 'XG', 'value': 'IDA total'}",2020,3.47617372722194
IDA,"{'id': 'XG', 'value': 'IDA total'}",2019,2.74447528387472
IDA,"{'id': 'XG', 'value': 'IDA total'}",2018,2.84578376094084
IDA,"{'id': 'XG', 'value': 'IDA total'}",2017,3.85067166284727
IDA,"{'id': 'XG', 'value': 'IDA total'}",2016,3.21988689395718
IDA,"{'id': 'XG', 'value': 'IDA total'}",2015,3.15783117980923
LTE,"{'id': 'V3', 'value': 'Late-demographic dividend'}",2024,2.90125149455067
LTE,"{'id': 'V3', 'value': 'Late-demographic dividend'}",2023,6.09114152504141
LTE,"{'id': 'V3', 'value': 'Late-demographic dividend'}",2022,8.64091108973855
LTE,"{'id': 'V3', 'value': 'Late-demographic dividend'}",2021,3.49505757399448
LTE,"{'id': 'V3', 'value': 'Late-demographic dividend'}",2020,1.93694126694223
LTE,"{'id': 'V3', 'value': 'Late-demographic dividend'}",2019,2.16176258133054
LTE,"{'id': 'V3', 'value': 'Late-demographic dividend'}",2018,2.47446347118434
LTE,"{'id': 'V3', 'value': 'Late-demographic dividend'}",2017,2.17727572689262
LTE,"{'id': 'V3', 'value': 'Late-demographic dividend'}",2016,1.10920805807027
LTE,"{'id': 'V3', 'value': 'Late-demographic dividend'}",2015,1.5579071134626
LCN,"{'id': 'ZJ', 'value': 'Latin America & Caribbean'}",2024,3.46497037946077
LCN,"{'id': 'ZJ', 'value': 'Latin America & Caribbean'}",2023,4.78561281021135
LCN,"{'id': 'ZJ', 'value': 'Latin America & Caribbean'}",2022,7.71367726901419
LCN,"{'id': 'ZJ', 'value': 'Latin America & Caribbean'}",2021,3.87805442411131
LCN,"{'id': 'ZJ', 'value': 'Latin America & Caribbean'}",2020,1.49389017299587
LCN,"{'id': 'ZJ', 'value': 'Latin America & Caribbean'}",2019,2.37167859363036
LCN,"{'id': 'ZJ', 'value': 'Latin America & Caribbean'}",2018,2.37951733360489
LCN,"{'id': 'ZJ', 'value': 'Latin America & Caribbean'}",2017,2.19201010962985
LCN,"{'id': 'ZJ', 'value': 'Latin America & Caribbean'}",2016,1.65038994431573
LCN,"{'id': 'ZJ', 'value': 'Latin America & Caribbean'}",2015,1.86148302863371
LAC,"{'id': 'XJ', 'value': 'Latin America & Caribbean (excluding high income)'}",2024,3.83540271728533
LAC,"{'id': 'XJ', 'value': 'Latin America & Caribbean (excluding high income)'}",2023,5.08677483158112
LAC,"{'id': 'XJ', 'value': 'Latin America & Caribbean (excluding high income)'}",2022,8.33370630096231
LAC,"{'id': 'XJ', 'value': 'Latin America & Caribbean (excluding high income)'}",2021,4.27166381536798
LAC,"{'id': 'XJ', 'value': 'Latin America & Caribbean (excluding high income)'}",2020,2.52663500084706
LAC,"{'id': 'XJ', 'value': 'Latin America & Caribbean (excluding high income)'}",2019,2.50460959460401
LAC,"{'id': 'XJ', 'value': 'Latin America & Caribbean (excluding high income)'}",2018,3.40250179472038
LAC,"{'id': 'XJ', 'value': 'Latin America & Caribbean (excluding high income)'}",2017,3.36296514855608
LAC,"{'id': 'XJ', 'value': 'Latin America & Caribbean (excluding high income)'}",2016,2.77316004021475
LAC,"{'id': 'XJ', 'value': 'Latin America & Caribbean (excluding high income)'}",2015,3.14341696227424
TLA,"{'id': 'T2', 'value': 'Latin America & the Caribbean (IDA & IBRD countries)'}",2024,3.62770736940927
TLA,"{'id': 'T2', 'value': 'Latin America & the Caribbean (IDA & IBRD countries)'}",2023,4.92637573192674
TLA,"{'id': 'T2', 'value': 'Latin America & the Caribbean (IDA & IBRD countries)'}",2022,7.8962761916855
TLA,"{'id': 'T2', 'value': 'Latin America & the Caribbean (IDA & IBRD countries)'}",2021,4.26105127422813
TLA,"{'id': 'T2', 'value': 'Latin America & the Caribbean (IDA & IBRD countries)'}",2020,1.76751592356698
TLA,"{'id': 'T2', 'value': 'Latin America & the Caribbean (IDA & IBRD countries)'}",2019,2.09604635327807
TLA,"{'id': 'T2', 'value': 'Latin America & the Caribbean (IDA & IBRD countries)'}",2018,2.32414485367921
TLA,"{'id': 'T2', 'value': 'Latin America & the Caribbean (IDA & IBRD countries)'}",2017,2.8227580554717
TLA,"{'id': 'T2', 'value': 'Latin America & the Caribbean (IDA & IBRD countries)'}",2016,2.53781710390567
TLA,"{'id': 'T2', 'value': 'Latin America & the Caribbean (IDA & IBRD countries)'}",2015,2.92482169718974
LDC,"{'id': 'XL', 'value': 'Least developed countries: UN classification'}",2024,4.50346801326901
LDC,"{'id': 'XL', 'value': 'Least developed countries: UN classification'}",2023,7.12697482131851
LDC,"{'id': 'XL', 'value': 'Least developed countries: UN classification'}",2022,9.45801281304023
LDC,"{'id': 'XL', 'value': 'Least developed countries: UN classification'}",2021,4.15649125482107
LDC,"{'id': 'XL', 'value': 'Least developed countries: UN classification'}",2020,4.33296874711709
LDC,"{'id': 'XL', 'value': 'Least developed countries: UN classification'}",2019,3.32255881256925
LDC,"{'id': 'XL', 'value': 'Least developed countries: UN classification'}",2018,3.46147484973729
LDC,"{'id': 'XL', 'value': 'Least developed countries: UN classification'}",2017,4.5725365531752
LDC,"{'id': 'XL', 'value': 'Least developed countries: UN classification'}",2016,5.34414600997244
LDC,"{'id': 'XL', 'value': 'Least developed countries: UN classification'}",2015,3.40274327737188
LMY,"{'id': 'XO', 'value': 'Low & middle income'}",2024,3.6966328135552
LMY,"{'id': 'XO', 'value': 'Low & middle income'}",2023,6.20657592272126
LMY,"{'id': 'XO', 'value': 'Low & middle income'}",2022,8.48730869535043
LMY,"{'id': 'XO', 'value': 'Low & middle income'}",2021,4.22278962033194
LMY,"{'id': 'XO', 'value': 'Low & middle income'}",2020,2.99313555869912
LMY,"{'id': 'XO', 'value': 'Low & middle income'}",2019,2.75980873474443
LMY,"{'id': 'XO', 'value': 'Low & middle income'}",2018,3.23929245939142
LMY,"{'id': 'XO', 'value': 'Low & middle income'}",2017,3.63473722012434
LMY,"{'id': 'XO', 'value': 'Low & middle income'}",2016,2.95249541214558
LMY,"{'id': 'XO', 'value': 'Low & middle income'}",2015,3.16346457365876
,"{'id': 'XM', 'value': 'Low income'}",2024,4.19081721344523
,"{'id': 'XM', 'value': 'Low income'}",2023,7.11459205344455
,"{'id': 'XM', 'value': 'Low income'}",2022,9.62147608489064
,"{'id': 'XM', 'value': 'Low income'}",2021,5.13320340824963
,"{'id': 'XM', 'value': 'Low income'}",2020,4.46414437232861
,"{'id': 'XM', 'value': 'Low income'}",2019,2.83514555687506
,"{'id': 'XM', 'value': 'Low income'}",2018,2.79180778478365
,"{'id': 'XM', 'value': 'Low income'}",2017,8.15686323403372
,"{'id': 'XM', 'value': 'Low income'}",2016,5.70637504616212
,"{'id': 'XM', 'value': 'Low income'}",2015,4.37712665065654
,"{'id': 'XN', 'value': 'Lower middle income'}",2024,4.60621098127107
,"{'id': 'XN', 'value': 'Lower middle income'}",2023,7.38281384280984
,"{'id': 'XN', 'value': 'Lower middle income'}",2022,7.6702057938028
,"{'id': 'XN', 'value': 'Lower middle income'}",2021,4.15919657911798
,"{'id': 'XN', 'value': 'Lower middle income'}",2020,4.87167398565555
,"{'id': 'XN', 'value': 'Lower middle income'}",2019,3.46428057999021
,"{'id': 'XN', 'value': 'Lower middle income'}",2018,4.29159105337875
,"{'id': 'XN', 'value': 'Lower middle income'}",2017,3.52025688811617
,"{'id': 'XN', 'value': 'Lower middle income'}",2016,3.37153003512095
,"{'id': 'XN', 'value': 'Lower middle income'}",2015,3.32437113264095
MEA,"{'id': 'ZQ', 'value': 'Middle East, North Africa, Afghanistan & Pakistan'}",2024,2.07655387954199
MEA,"{'id': 'ZQ', 'value': 'Middle East, North Africa, Afghanistan & Pakistan'}",2023,4.22522603168918
MEA,"{'id': 'ZQ', 'value': 'Middle East, North Africa, Afghanistan & Pakistan'}",2022,5.17980847967061
MEA,"{'id': 'ZQ', 'value': 'Middle East, North Africa, Afghanistan & Pakistan'}",2021,2.86833027751019
MEA,"{'id': 'ZQ', 'value': 'Middle East, North Africa, Afghanistan & Pakistan'}",2020,1.44703656998741
MEA,"{'id': 'ZQ', 'value': 'Middle East, North Africa, Afghanistan & Pakistan'}",2019,1.33601568147656
MEA,"{'id': 'ZQ', 'value': 'Middle East, North Africa, Afghanistan & Pakistan'}",2018,1.94579304594437
MEA,"{'id': 'ZQ', 'value': 'Middle East, North Africa, Afghanistan & Pakistan'}",2017,2.06932928164424
MEA,"{'id': 'ZQ', 'value': 'Middle East, North Africa, Afghanistan & Pakistan'}",2016,2.70750189418473
MEA,"{'id': 'ZQ', 'value': 'Middle East, North Africa, Afghanistan & Pakistan'}",2015,1.6859921764201
MNA,"{'id': 'XQ', 'value': 'Middle East, North Africa, Afghanistan & Pakistan (excluding high income)'}",2024,4.04611455313434
MNA,"{'id': 'XQ', 'value': 'Middle East, North Africa, Afghanistan & Pakistan (excluding high income)'}",2023,6.09114152504141
MNA,"{'id': 'XQ', 'value': 'Middle East, North Africa, Afghanistan & Pakistan (excluding high income)'}",2022,8.30646124447623
MNA,"{'id': 'XQ', 'value': 'Middle East, North Africa, Afghanistan & Pakistan (excluding high income)'}",2021,5.21404940513043
MNA,"{'id': 'XQ', 'value': 'Middle East, North Africa, Afghanistan & Pakistan (excluding high income)'}",2020,2.41513094083414
MNA,"{'id': 'XQ', 'value': 'Middle East, North Africa, Afghanistan & Pakistan (excluding high income)'}",2019,2.65388100453608
MNA,"{'id': 'XQ', 'value': 'Middle East, North Africa, Afghanistan & Pakistan (excluding high income)'}",2018,4.36615064471282
MNA,"{'id': 'XQ', 'value': 'Middle East, North Africa, Afghanistan & Pakistan (excluding high income)'}",2017,4.64865184428512
MNA,"{'id': 'XQ', 'value': 'Middle East, North Africa, Afghanistan & Pakistan (excluding high income)'}",2016,3.69725926870481
MNA,"{'id': 'XQ', 'value': 'Middle East, North Africa, Afghanistan & Pakistan (excluding high income)'}",2015,2.04361764300244
TMN,"{'id': 'T3', 'value': 'Middle East, North Africa, Afghanistan & Pakistan (IDA & IBRD)'}",2024,3.0861361109923
TMN,"{'id': 'T3', 'value': 'Middle East, North Africa, Afghanistan & Pakistan (IDA & IBRD)'}",2023,7.70665764216232
TMN,"{'id': 'T3', 'value': 'Middle East, North Africa, Afghanistan & Pakistan (IDA & IBRD)'}",2022,8.78598837999588
TMN,"{'id': 'T3', 'value': 'Middle East, North Africa, Afghanistan & Pakistan (IDA & IBRD)'}",2021,5.46019980671871
TMN,"{'id': 'T3', 'value': 'Middle East, North Africa, Afghanistan & Pakistan (IDA & IBRD)'}",2020,3.73003191530476
TMN,"{'id': 'T3', 'value': 'Middle East, North Africa, Afghanistan & Pakistan (IDA & IBRD)'}",2019,3.00538949390383
TMN,"{'id': 'T3', 'value': 'Middle East, North Africa, Afghanistan & Pakistan (IDA & IBRD)'}",2018,4.46231108475481
TMN,"{'id': 'T3', 'value': 'Middle East, North Africa, Afghanistan & Pakistan (IDA & IBRD)'}",2017,4.97595150553833
TMN,"{'id': 'T3', 'value': 'Middle East, North Africa, Afghanistan & Pakistan (IDA & IBRD)'}",2016,3.7651191635658
TMN,"{'id': 'T3', 'value': 'Middle East, North Africa, Afghanistan & Pakistan (IDA & IBRD)'}",2015,2.52932817254229
MIC,"{'id': 'XP', 'value': 'Middle income'}",2024,3.6045220384796
MIC,"{'id': 'XP', 'value': 'Middle income'}",2023,6.1059011284828
MIC,"{'id': 'XP', 'value': 'Middle income'}",2022,8.30646124447623
MIC,"{'id': 'XP', 'value': 'Middle income'}",2021,4.12676744440695
MIC,"{'id': 'XP', 'value': 'Middle income'}",2020,2.73249209419427
MIC,"{'id': 'XP', 'value': 'Middle income'}",2019,2.74176382475804
MIC,"{'id': 'XP', 'value': 'Middle income'}",2018,3.35102208952149
MIC,"{'id': 'XP', 'value': 'Middle income'}",2017,3.33787586109568
MIC,"{'id': 'XP', 'value': 'Middle income'}",2016,2.72461223295289
MIC,"{'id': 'XP', 'value': 'Middle income'}",2015,3.12900274473925
NAC,"{'id': 'XU', 'value': 'North America'}",2024,2.6655545188319
NAC,"{'id': 'XU', 'value': 'North America'}",2023,3.99766999081457
NAC,"{'id': 'XU', 'value': 'North America'}",2022,7.40280048696867
NAC,"{'id': 'XU', 'value': 'North America'}",2021,4.04652602445635
NAC,"{'id': 'XU', 'value': 'North America'}",2020,0.97529201430706
NAC,"{'id': 'XU', 'value': 'North America'}",2019,1.88073954968807
NAC,"{'id': 'XU', 'value': 'North America'}",2018,2.3554044847046
NAC,"{'id': 'XU', 'value': 'North America'}",2017,1.86349706609469
NAC,"{'id': 'XU', 'value': 'North America'}",2016,1.34517137635811
NAC,"{'id': 'XU', 'value': 'North America'}",2015,0.621934248247613
,"{'id': 'XY', 'value': 'Not classified'}",2024,
,"{'id': 'XY', 'value': 'Not classified'}",2023,
,"{'id': 'XY', 'value': 'Not classified'}",2022,
,"{'id': 'XY', 'value': 'Not classified'}",2021,
,"{'id': 'XY', 'value': 'Not classified'}",2020,
,"{'id': 'XY', 'value': 'Not classified'}",2019,
,"{'id': 'XY', 'value': 'Not classified'}",2018,
,"{'id': 'XY', 'value': 'Not classified'}",2017,
,"{'id': 'XY', 'value': 'Not classified'}",2016,
,"{'id': 'XY', 'value': 'Not classified'}",2015,
OED,"{'id': 'OE', 'value': 'OECD members'}",2024,2.76589367979522
OED,"{'id': 'OE', 'value': 'OECD members'}",2023,5.67767862615429
OED,"{'id': 'OE', 'value': 'OECD members'}",2022,8.23803240697186
OED,"{'id': 'OE', 'value': 'OECD members'}",2021,2.81528854435832
OED,"{'id': 'OE', 'value': 'OECD members'}",2020,0.73285164517586
OED,"{'id': 'OE', 'value': 'OECD members'}",2019,1.74071267870181
OED,"{'id': 'OE', 'value': 'OECD members'}",2018,1.9324681228636
OED,"{'id': 'OE', 'value': 'OECD members'}",2017,1.82264336059063
OED,"{'id': 'OE', 'value': 'OECD members'}",2016,0.443258157565783
OED,"{'id': 'OE', 'value': 'OECD members'}",2015,0.338705695410168
OSS,"{'id': 'S4', 'value': 'Other small states'}",2024,2.06969770479834
OSS,"{'id': 'S4', 'value': 'Other small states'}",2023,5.51293808804143
OSS,"{'id': 'S4', 'value': 'Other small states'}",2022,7.46811935414937
OSS,"{'id': 'S4', 'value': 'Other small states'}",2021,2.4284453278932
OSS,"{'id': 'S4', 'value': 'Other small states'}",2020,0.712593443137932
OSS,"{'id': 'S4', 'value': 'Other small states'}",2019,1.6420600176894
OSS,"{'id': 'S4', 'value': 'Other small states'}",2018,2.611223782638
OSS,"{'id': 'S4', 'value': 'Other small states'}",2017,1.76041559180596
OSS,"{'id': 'S4', 'value': 'Other small states'}",2016,0.642702771527304
OSS,"{'id': 'S4', 'value': 'Other small states'}",2015,0.953206658777607
PSS,"{'id': 'S2', 'value': 'Pacific island small states'}",2024,2.8195484170954
PSS,"{'id': 'S2', 'value': 'Pacific island small states'}",2023,7.92164684826777
PSS,"{'id': 'S2', 'value': 'Pacific island small states'}",2022,6.09871755232029
PSS,"{'id': 'S2', 'value': 'Pacific island small states'}",2021,2.47788271992717
PSS,"{'id': 'S2', 'value': 'Pacific island small states'}",2020,0.386388224517504
PSS,"{'id': 'S2', 'value': 'Pacific island small states'}",2019,1.40719939417024
PSS,"{'id': 'S2', 'value': 'Pacific island small states'}",2018,2.89621932270298
PSS,"{'id': 'S2', 'value': 'Pacific island small states'}",2017,1.58394248575812
PSS,"{'id': 'S2', 'value': 'Pacific island small states'}",2016,1.07339388853343
PSS,"{'id': 'S2', 'value': 'Pacific island small states'}",2015,0.648242939254492
PST,"{'id': 'V4', 'value': 'Post-demographic dividend'}",2024,2.44091572720697
PST,"{'id': 'V4', 'value': 'Post-demographic dividend'}",2023,5.09396758978883
PST,"{'id': 'V4', 'value': 'Post-demographic dividend'}",2022,7.87737003690613
PST,"{'id': 'V4', 'value': 'Post-demographic dividend'}",2021,2.50835221473776
PST,"{'id': 'V4', 'value': 'Post-demographic dividend'}",2020,0.632267331911716
PST,"{'id': 'V4', 'value': 'Post-demographic dividend'}",2019,1.61963190184048
PST,"{'id': 'V4', 'value': 'Post-demographic dividend'}",2018,1.7386086198818
PST,"{'id': 'V4', 'value': 'Post-demographic dividend'}",2017,1.73079959118887
PST,"{'id': 'V4', 'value': 'Post-demographic dividend'}",2016,0.607397074641719
PST,"{'id': 'V4', 'value': 'Post-demographic dividend'}",2015,0.36804684232536
PRE,"{'id': 'V1', 'value': 'Pre-demographic dividend'}",2024,4.13469278078273
PRE,"{'id': 'V1', 'value': 'Pre-demographic dividend'}",2023,7.10220928557059
PRE,"{'id': 'V1', 'value': 'Pre-demographic dividend'}",2022,8.77567482988523
PRE,"{'id': 'V1', 'value': 'Pre-demographic dividend'}",2021,4.22278962033194
PRE,"{'id': 'V1', 'value': 'Pre-demographic dividend'}",2020,3.39862928518853
PRE,"{'id': 'V1', 'value': 'Pre-demographic dividend'}",2019,2.56908784664759
PRE,"{'id': 'V1', 'value': 'Pre-demographic dividend'}",2018,2.80203783510174
PRE,"{'id': 'V1', 'value': 'Pre-demographic dividend'}",2017,4.5783374121255
PRE,"{'id': 'V1', 'value': 'Pre-demographic dividend'}",2016,4.38389195513915
PRE,"{'id': 'V1', 'value': 'Pre-demographic dividend'}",2015,3.25472688117631
SST,"{'id': 'S1', 'value': 'Small states'}",2024,2.45545072159028
SST,"{'id': 'S1', 'value': 'Small states'}",2023,5.08677483158112
SST,"{'id': 'S1', 'value': 'Small states'}",2022,6.15375621933037
SST,"{'id': 'S1', 'value': 'Small states'}",2021,2.41070312174393
SST,"{'id': 'S1', 'value': 'Small states'}",2020,0.598986330824643
SST,"{'id': 'S1', 'value': 'Small states'}",2019,1.30544966502392
SST,"{'id': 'S1', 'value': 'Small states'}",2018,2.13062774274025
SST,"{'id': 'S1', 'value': 'Small states'}",2017,1.74989677484705
SST,"{'id': 'S1', 'value': 'Small states'}",2016,0.644075340346552
SST,"{'id': 'S1', 'value': 'Small states'}",2015,0.552796026277853
SAS,"{'id': '8S', 'value': 'South Asia'}",2024,3.72320611944934
SAS,"{'id': '8S', 'value': 'South Asia'}",2023,6.38250790219375
SAS,"{'id': '8S', 'value': 'South Asia'}",2022,7.18461996730066
SAS,"{'id': '8S', 'value': 'South Asia'}",2021,5.33853088974921
SAS,"{'id': '8S', 'value': 'South Asia'}",2020,5.6602199868936
SAS,"{'id': '8S', 'value': 'South Asia'}",2019,3.6289496588547
SAS,"{'id': '8S', 'value': 'South Asia'}",2018,3.33139516437672
SAS,"{'id': '8S', 'value': 'South Asia'}",2017,4.14162852223214
SAS,"{'id': '8S', 'value': 'South Asia'}",2016,4.45355240327605
SAS,"{'id': '8S', 'value': 'South Asia'}",2015,4.72755869604731
TSA,"{'id': 'T5', 'value': 'South Asia (IDA & IBRD)'}",2024,3.72320611944934
TSA,"{'id': 'T5', 'value': 'South Asia (IDA & IBRD)'}",2023,6.38250790219375
TSA,"{'id': 'T5', 'value': 'South Asia (IDA & IBRD)'}",2022,7.18461996730066
TSA,"{'id': 'T5', 'value': 'South Asia (IDA & IBRD)'}",2021,5.33853088974921
TSA,"{'id': 'T5', 'value': 'South Asia (IDA & IBRD)'}",2020,5.6602199868936
TSA,"{'id': 'T5', 'value': 'South Asia (IDA & IBRD)'}",2019,3.6289496588547
TSA,"{'id': 'T5', 'value': 'South Asia (IDA & IBRD)'}",2018,3.33139516437672
TSA,"{'id': 'T5', 'value': 'South Asia (IDA & IBRD)'}",2017,4.14162852223214
TSA,"{'id': 'T5', 'value': 'South Asia (IDA & IBRD)'}",2016,4.45355240327605
TSA,"{'id': 'T5', 'value': 'South Asia (IDA & IBRD)'}",2015,4.72755869604731
SSF,"{'id': 'ZG', 'value': 'Sub-Saharan Africa'}",2024,4.23903922877036
SSF,"{'id': 'ZG', 'value': 'Sub-Saharan Africa'}",2023,6.69759990789845
SSF,"{'id': 'ZG', 'value': 'Sub-Saharan Africa'}",2022,9.45801281304023
SSF,"{'id': 'ZG', 'value': 'Sub-Saharan Africa'}",2021,4.43905481215002
SSF,"{'id': 'ZG', 'value': 'Sub-Saharan Africa'}",2020,3.39862928518853
SSF,"{'id': 'ZG', 'value': 'Sub-Saharan Africa'}",2019,2.867588034469
SSF,"{'id': 'ZG', 'value': 'Sub-Saharan Africa'}",2018,3.91133439990729
SSF,"{'id': 'ZG', 'value': 'Sub-Saharan Africa'}",2017,5.18618655524149
SSF,"{'id': 'ZG', 'value': 'Sub-Saharan Africa'}",2016,5.30264297710325
SSF,"{'id': 'ZG', 'value': 'Sub-Saharan Africa'}",2015,3.47238752883652
SSA,"{'id': 'ZF', 'value': 'Sub-Saharan Africa (excluding high income)'}",2024,4.23903922877036
SSA,"{'id': 'ZF', 'value': 'Sub-Saharan Africa (excluding high income)'}",2023,6.69759990789845
SSA,"{'id': 'ZF', 'value': 'Sub-Saharan Africa (excluding high income)'}",2022,9.45801281304023
SSA,"{'id': 'ZF', 'value': 'Sub-Saharan Africa (excluding high income)'}",2021,4.22278962033194
SSA,"{'id': 'ZF', 'value': 'Sub-Saharan Africa (excluding high income)'}",2020,3.39862928518853
SSA,"{'id': 'ZF', 'value': 'Sub-Saharan Africa (excluding high income)'}",2019,2.867588034469
SSA,"{'id': 'ZF', 'value': 'Sub-Saharan Africa (excluding high income)'}",2018,3.91133439990729
SSA,"{'id': 'ZF', 'value': 'Sub-Saharan Africa (excluding high income)'}",2017,5.18618655524149
SSA,"{'id': 'ZF', 'value': 'Sub-Saharan Africa (excluding high income)'}",2016,5.30264297710325
SSA,"{'id': 'ZF', 'value': 'Sub-Saharan Africa (excluding high income)'}",2015,3.32437113264095
TSS,"{'id': 'T6', 'value': 'Sub-Saharan Africa (IDA & IBRD countries)'}",2024,4.23903922877036
TSS,"{'id': 'T6', 'value': 'Sub-Saharan Africa (IDA & IBRD countries)'}",2023,6.69759990789845
TSS,"{'id': 'T6', 'value': 'Sub-Saharan Africa (IDA & IBRD countries)'}",2022,9.45801281304023
TSS,"{'id': 'T6', 'value': 'Sub-Saharan Africa (IDA & IBRD countries)'}",2021,4.43905481215002
TSS,"{'id': 'T6', 'value': 'Sub-Saharan Africa (IDA & IBRD countries)'}",2020,3.39862928518853
TSS,"{'id': 'T6', 'value': 'Sub-Saharan Africa (IDA & IBRD countries)'}",2019,2.867588034469
TSS,"{'id': 'T6', 'value': 'Sub-Saharan Africa (IDA & IBRD countries)'}",2018,3.91133439990729
TSS,"{'id': 'T6', 'value': 'Sub-Saharan Africa (IDA & IBRD countries)'}",2017,5.18618655524149
TSS,"{'id': 'T6', 'value': 'Sub-Saharan Africa (IDA & IBRD countries)'}",2016,5.30264297710325
TSS,"{'id': 'T6', 'value': 'Sub-Saharan Africa (IDA & IBRD countries)'}",2015,3.47238752883652
,"{'id': 'XT', 'value': 'Upper middle income'}",2024,3.05252419284577
,"{'id': 'XT', 'value': 'Upper middle income'}",2023,5.07719516250971
,"{'id': 'XT', 'value': 'Upper middle income'}",2022,9.0383038041557
,"{'id': 'XT', 'value': 'Upper middle income'}",2021,4.05681586746239
,"{'id': 'XT', 'value': 'Upper middle income'}",2020,1.82893754590454
,"{'id': 'XT', 'value': 'Upper middle income'}",2019,1.84922984511086
,"{'id': 'XT', 'value': 'Upper middle income'}",2018,3.04505397337071
,"{'id': 'XT', 'value': 'Upper middle income'}",2017,3.30828076768219
,"{'id': 'XT', 'value': 'Upper middle income'}",2016,2.09056659525742
,"{'id': 'XT', 'value': 'Upper middle income'}",2015,2.10438980238359
WLD,"{'id': '1W', 'value': 'World'}",2024,2.97200477643618
WLD,"{'id': '1W', 'value': 'World'}",2023,5.87010268787553
WLD,"{'id': '1W', 'value': 'World'}",2022,7.98518671835033
WLD,"{'id': '1W', 'value': 'World'}",2021,3.4754032028988
WLD,"{'id': '1W', 'value': 'World'}",2020,1.90509722047501
WLD,"{'id': '1W', 'value': 'World'}",2019,2.227478809383
WLD,"{'id': '1W', 'value': 'World'}",2018,2.44258329692817
WLD,"{'id': '1W', 'value': 'World'}",2017,2.22314331448899
WLD,"{'id': '1W', 'value': 'World'}",2016,1.59691227583204
WLD,"{'id': '1W', 'value': 'World'}",2015,1.43702380935655
AFG,"{'id': 'AF', 'value': 'Afghanistan'}",2024,-6.60118564073726
AFG,"{'id': 'AF', 'value': 'Afghanistan'}",2023,-4.64470870797775
AFG,"{'id': 'AF', 'value': 'Afghanistan'}",2022,13.7121023720065
AFG,"{'id': 'AF', 'value': 'Afghanistan'}",2021,5.13320340824963
AFG,"{'id': 'AF', 'value': 'Afghanistan'}",2020,5.60188791482224
AFG,"{'id': 'AF', 'value': 'Afghanistan'}",2019,2.30237251516834
AFG,"{'id': 'AF', 'value': 'Afghanistan'}",2018,0.626149149168847
AFG,"{'id': 'AF', 'value': 'Afghanistan'}",2017,4.97595150553833
AFG,"{'id': 'AF', 'value': 'Afghanistan'}",2016,4.38389195513915
AFG,"{'id': 'AF', 'value': 'Afghanistan'}",2015,-0.661709164713742
ALB,"{'id': 'AL', 'value': 'Albania'}",2024,2.21587375089999
ALB,"{'id': 'AL', 'value': 'Albania'}",2023,4.75834555150039
ALB,"{'id': 'AL', 'value': 'Albania'}",2022,6.7252027153006
ALB,"{'id': 'AL', 'value': 'Albania'}",2021,2.04147163139545
ALB,"{'id': 'AL', 'value': 'Albania'}",2020,1.62088661717004
ALB,"{'id': 'AL', 'value': 'Albania'}",2019,1.41109078954251
ALB,"{'id': 'AL', 'value': 'Albania'}",2018,2.02805963071135
ALB,"{'id': 'AL', 'value': 'Albania'}",2017,1.98666133171194
ALB,"{'id': 'AL', 'value': 'Albania'}",2016,1.27543168367423
ALB,"{'id': 'AL', 'value': 'Albania'}",2015,1.89617402592366
DZA,"{'id': 'DZ', 'value': 'Algeria'}",2024,4.04611455313434
DZA,"{'id': 'DZ', 'value': 'Algeria'}",2023,9.32217375928322
DZA,"{'id': 'DZ', 'value': 'Algeria'}",2022,9.26551551551553
DZA,"{'id': 'DZ', 'value': 'Algeria'}",2021,7.22606307415477
DZA,"{'id': 'DZ', 'value': 'Algeria'}",2020,2.41513094083414
DZA,"{'id': 'DZ', 'value': 'Algeria'}",2019,1.95176821052892
DZA,"{'id': 'DZ', 'value': 'Algeria'}",2018,4.26999020467084
DZA,"{'id': 'DZ', 'value': 'Algeria'}",2017,5.59111590961664
DZA,"{'id': 'DZ', 'value': 'Algeria'}",2016,6.39769480268757
DZA,"{'id': 'DZ', 'value': 'Algeria'}",2015,4.78444700693889
ASM,"{'id': 'AS', 'value': 'American Samoa'}",2024,
ASM,"{'id': 'AS', 'value': 'American Samoa'}",2023,
ASM,"{'id': 'AS', 'value': 'American Samoa'}",2022,
ASM,"{'id': 'AS', 'value': 'American Samoa'}",2021,
ASM,"{'id': 'AS', 'value': 'American Samoa'}",2020,
ASM,"{'id': 'AS', 'value': 'American Samoa'}",2019,
ASM,"{'id': 'AS', 'value': 'American Samoa'}",2018,
ASM,"{'id': 'AS', 'value': 'American Samoa'}",2017,
ASM,"{'id': 'AS', 'value': 'American Samoa'}",2016,
ASM,"{'id': 'AS', 'value': 'American Samoa'}",2015,
AND,"{'id': 'AD', 'value': 'Andorra'}",2024,
AND,"{'id': 'AD', 'value': 'Andorra'}",2023,
AND,"{'id': 'AD', 'value': 'Andorra'}",2022,
AND,"{'id': 'AD', 'value': 'Andorra'}",2021,
AND,"{'id': 'AD', 'value': 'Andorra'}",2020,
AND,"{'id': 'AD', 'value': 'Andorra'}",2019,
AND,"{'id': 'AD', 'value': 'Andorra'}",2018,
AND,"{'id': 'AD', 'value': 'Andorra'}",2017,
AND,"{'id': 'AD', 'value': 'Andorra'}",2016,
AND,"{'id': 'AD', 'value': 'Andorra'}",2015,
AGO,"{'id': 'AO', 'value': 'Angola'}",2024,28.2404948915772
AGO,"{'id': 'AO', 'value': 'Angola'}",2023,13.6441017767715
AGO,"{'id': 'AO', 'value': 'Angola'}",2022,21.3552901320822
AGO,"{'id': 'AO', 'value': 'Angola'}",2021,25.7542948841891
AGO,"{'id': 'AO', 'value': 'Angola'}",2020,22.271539247051
AGO,"{'id': 'AO', 'value': 'Angola'}",2019,17.080954143438
AGO,"{'id': 'AO', 'value': 'Angola'}",2018,19.6289379701521
AGO,"{'id': 'AO', 'value': 'Angola'}",2017,29.8444799015679
AGO,"{'id': 'AO', 'value': 'Angola'}",2016,30.6944150806719
AGO,"{'id': 'AO', 'value': 'Angola'}",2015,9.35597215533784
ATG,"{'id': 'AG', 'value': 'Antigua and Barbuda'}",2024,6.19886698842116
ATG,"{'id': 'AG', 'value': 'Antigua and Barbuda'}",2023,5.06713865364213
ATG,"{'id': 'AG', 'value': 'Antigua and Barbuda'}",2022,7.53107834634288
ATG,"{'id': 'AG', 'value': 'Antigua and Barbuda'}",2021,2.06299638545334
ATG,"{'id': 'AG', 'value': 'Antigua and Barbuda'}",2020,0.625989707046719
ATG,"{'id': 'AG', 'value': 'Antigua and Barbuda'}",2019,1.43135598182984
ATG,"{'id': 'AG', 'value': 'Antigua and Barbuda'}",2018,1.20715793367008
ATG,"{'id': 'AG', 'value': 'Antigua and Barbuda'}",2017,2.43248789041363
ATG,"{'id': 'AG', 'value': 'Antigua and Barbuda'}",2016,-0.489437796230499
ATG,"{'id': 'AG', 'value': 'Antigua and Barbuda'}",2015,0.968993458825638
ARG,"{'id': 'AR', 'value': 'Argentina'}",2024,219.883929014578
ARG,"{'id': 'AR', 'value': 'Argentina'}",2023,133.488935594175
ARG,"{'id': 'AR', 'value': 'Argentina'}",2022,72.430757531824
ARG,"{'id': 'AR', 'value': 'Argentina'}",2021,48.4093786255199
ARG,"{'id': 'AR', 'value': 'Argentina'}",2020,42.0150947376509
ARG,"{'id': 'AR', 'value': 'Argentina'}",2019,53.5483043492339
ARG,"{'id': 'AR', 'value': 'Argentina'}",2018,34.2772237131003
ARG,"{'id': 'AR', 'value': 'Argentina'}",2017,
ARG,"{'id': 'AR', 'value': 'Argentina'}",2016,
ARG,"{'id': 'AR', 'value': 'Argentina'}",2015,
ARM,"{'id': 'AM', 'value': 'Armenia'}",2024,0.269511978259125
ARM,"{'id': 'AM', 'value': 'Armenia'}",2023,1.98041877615554
ARM,"{'id': 'AM', 'value': 'Armenia'}",2022,8.64091108973855
ARM,"{'id': 'AM', 'value': 'Armenia'}",2021,7.18483629443371
ARM,"{'id': 'AM', 'value': 'Armenia'}",2020,1.21143577838465
ARM,"{'id': 'AM', 'value': 'Armenia'}",2019,1.44344660770698
ARM,"{'id': 'AM', 'value': 'Armenia'}",2018,2.52023382001638
ARM,"{'id': 'AM', 'value': 'Armenia'}",2017,0.969553268816138
ARM,"{'id': 'AM', 'value': 'Armenia'}",2016,-1.403607559009
ARM,"{'id': 'AM', 'value': 'Armenia'}",2015,3.73169119261693
ABW,"{'id': 'AW', 'value': 'Aruba'}",2024,
ABW,"{'id': 'AW', 'value': 'Aruba'}",2023,
ABW,"{'id': 'AW', 'value': 'Aruba'}",2022,
ABW,"{'id': 'AW', 'value': 'Aruba'}",2021,
ABW,"{'id': 'AW', 'value': 'Aruba'}",2020,
ABW,"{'id': 'AW', 'value': 'Aruba'}",2019,4.25746204335428
ABW,"{'id': 'AW', 'value': 'Aruba'}",2018,3.62604141352961
ABW,"{'id': 'AW', 'value': 'Aruba'}",2017,-1.02828178762012
ABW,"{'id': 'AW', 'value': 'Aruba'}",2016,-0.931195987079561
ABW,"{'id': 'AW', 'value': 'Aruba'}",2015,0.474763597342641
AUS,"{'id': 'AU', 'value': 'Australia'}",2024,3.1616142830575
AUS,"{'id': 'AU', 'value': 'Australia'}",2023,5.5970149253731
AUS,"{'id': 'AU', 'value': 'Australia'}",2022,6.59409671341846
AUS,"{'id': 'AU', 'value': 'Australia'}",2021,2.86391042204994
AUS,"{'id': 'AU', 'value': 'Australia'}",2020,0.846905537459305
AUS,"{'id': 'AU', 'value': 'Australia'}",2019,1.61076787290379
AUS,"{'id': 'AU', 'value': 'Australia'}",2018,1.91140094445691
AUS,"{'id': 'AU', 'value': 'Australia'}",2017,1.94864740944527
AUS,"{'id': 'AU', 'value': 'Australia'}",2016,1.27699094497324
AUS,"{'id': 'AU', 'value': 'Australia'}",2015,1.50836672165921
AUT,"{'id': 'AT', 'value': 'Austria'}",2024,2.93791574279383
AUT,"{'id': 'AT', 'value': 'Austria'}",2023,7.81413417002832
AUT,"{'id': 'AT', 'value': 'Austria'}",2022,8.5468699318845
AUT,"{'id': 'AT', 'value': 'Austria'}",2021,2.7666666666667
AUT,"{'id': 'AT', 'value': 'Austria'}",2020,1.38191063351862
AUT,"{'id': 'AT', 'value': 'Austria'}",2019,1.53089564152644
AUT,"{'id': 'AT', 'value': 'Austria'}",2018,1.9983798142954
AUT,"{'id': 'AT', 'value': 'Austria'}",2017,2.08126911385587
AUT,"{'id': 'AT', 'value': 'Austria'}",2016,0.891591752655362
AUT,"{'id': 'AT', 'value': 'Austria'}",2015,0.89656333526032
AZE,"{'id': 'AZ', 'value': 'Azerbaijan'}",2024,2.21217188919901
AZE,"{'id': 'AZ', 'value': 'Azerbaijan'}",2023,8.78543049849081
AZE,"{'id': 'AZ', 'value': 'Azerbaijan'}",2022,13.8522590144267
AZE,"{'id': 'AZ', 'value': 'Azerbaijan'}",2021,6.65029912708779
AZE,"{'id': 'AZ', 'value': 'Azerbaijan'}",2020,2.75980947008127
AZE,"{'id': 'AZ', 'value': 'Azerbaijan'}",2019,2.61057182799215
AZE,"{'id': 'AZ', 'value': 'Azerbaijan'}",2018,2.26854690373999
AZE,"{'id': 'AZ', 'value': 'Azerbaijan'}",2017,12.9359184187335
AZE,"{'id': 'AZ', 'value': 'Azerbaijan'}",2016,12.4433748584372
AZE,"{'id': 'AZ', 'value': 'Azerbaijan'}",2015,4.02768573742726
BHS,"{'id': 'BS', 'value': 'Bahamas, The'}",2024,0.409162489083286
BHS,"{'id': 'BS', 'value': 'Bahamas, The'}",2023,3.05291578969743
BHS,"{'id': 'BS', 'value': 'Bahamas, The'}",2022,5.60540633583044
BHS,"{'id': 'BS', 'value': 'Bahamas, The'}",2021,2.90491262928478
BHS,"{'id': 'BS', 'value': 'Bahamas, The'}",2020,0.0385210980054558
BHS,"{'id': 'BS', 'value': 'Bahamas, The'}",2019,2.49123527368046
BHS,"{'id': 'BS', 'value': 'Bahamas, The'}",2018,2.26586346678736
BHS,"{'id': 'BS', 'value': 'Bahamas, The'}",2017,1.51820700736147
BHS,"{'id': 'BS', 'value': 'Bahamas, The'}",2016,-0.346376929989397
BHS,"{'id': 'BS', 'value': 'Bahamas, The'}",2015,1.86148302863371
BHR,"{'id': 'BH', 'value': 'Bahrain'}",2024,0.919635459817651
BHR,"{'id': 'BH', 'value': 'Bahrain'}",2023,0.0746206782192256
BHR,"{'id': 'BH', 'value': 'Bahrain'}",2022,3.62574104304482
BHR,"{'id': 'BH', 'value': 'Bahrain'}",2021,-0.60631938514085
BHR,"{'id': 'BH', 'value': 'Bahrain'}",2020,-2.31770629331379
BHR,"{'id': 'BH', 'value': 'Bahrain'}",2019,1.00582004702137
BHR,"{'id': 'BH', 'value': 'Bahrain'}",2018,2.08766938046978
BHR,"{'id': 'BH', 'value': 'Bahrain'}",2017,1.38671830576406
BHR,"{'id': 'BH', 'value': 'Bahrain'}",2016,2.78679347602044
BHR,"{'id': 'BH', 'value': 'Bahrain'}",2015,1.84862742374977
BGD,"{'id': 'BD', 'value': 'Bangladesh'}",2024,10.4657482763412
BGD,"{'id': 'BD', 'value': 'Bangladesh'}",2023,9.8835030377921
BGD,"{'id': 'BD', 'value': 'Bangladesh'}",2022,7.69695437176898
BGD,"{'id': 'BD', 'value': 'Bangladesh'}",2021,5.54565430773473
BGD,"{'id': 'BD', 'value': 'Bangladesh'}",2020,5.69107474746211
BGD,"{'id': 'BD', 'value': 'Bangladesh'}",2019,5.59199639930629
BGD,"{'id': 'BD', 'value': 'Bangladesh'}",2018,5.54362139486476
BGD,"{'id': 'BD', 'value': 'Bangladesh'}",2017,5.70207015717239
BGD,"{'id': 'BD', 'value': 'Bangladesh'}",2016,5.51352572692995
BGD,"{'id': 'BD', 'value': 'Bangladesh'}",2015,6.19428022984984
BRB,"{'id': 'BB', 'value': 'Barbados'}",2024,-0.440112940205204
BRB,"{'id': 'BB', 'value': 'Barbados'}",2023,9.79207077126447
BRB,"{'id': 'BB', 'value': 'Barbados'}",2022,
BRB,"{'id': 'BB', 'value': 'Barbados'}",2021,
BRB,"{'id': 'BB', 'value': 'Barbados'}",2020,
BRB,"{'id': 'BB', 'value': 'Barbados'}",2019,4.10028964518461
BRB,"{'id': 'BB', 'value': 'Barbados'}",2018,3.67381410406801
BRB,"{'id': 'BB', 'value': 'Barbados'}",2017,4.66018463955996
BRB,"{'id': 'BB', 'value': 'Barbados'}",2016,1.28192813061895
BRB,"{'id': 'BB', 'value': 'Barbados'}",2015,-1.11278992510967
BLR,"{'id': 'BY', 'value': 'Belarus'}",2024,5.78531910427999
BLR,"{'id': 'BY', 'value': 'Belarus'}",2023,5.00059903091313
BLR,"{'id': 'BY', 'value': 'Belarus'}",2022,15.209675274081
BLR,"{'id': 'BY', 'value': 'Belarus'}",2021,9.46028389623106
BLR,"{'id': 'BY', 'value': 'Belarus'}",2020,5.54814357456511
BLR,"{'id': 'BY', 'value': 'Belarus'}",2019,5.59815595039854
BLR,"{'id': 'BY', 'value': 'Belarus'}",2018,4.8723022055069
BLR,"{'id': 'BY', 'value': 'Belarus'}",2017,6.03183725177785
BLR,"{'id': 'BY', 'value': 'Belarus'}",2016,11.8365807653496
BLR,"{'id': 'BY', 'value': 'Belarus'}",2015,13.5344897649735
BEL,"{'id': 'BE', 'value': 'Belgium'}",2024,3.14349136500041
BEL,"{'id': 'BE', 'value': 'Belgium'}",2023,4.04901077613941
BEL,"{'id': 'BE', 'value': 'Belgium'}",2022,9.597511728725
BEL,"{'id': 'BE', 'value': 'Belgium'}",2021,2.44024851144084
BEL,"{'id': 'BE', 'value': 'Belgium'}",2020,0.740791812220344
BEL,"{'id': 'BE', 'value': 'Belgium'}",2019,1.43681956996429
BEL,"{'id': 'BE', 'value': 'Belgium'}",2018,2.05316499865186
BEL,"{'id': 'BE', 'value': 'Belgium'}",2017,2.12597086002607
BEL,"{'id': 'BE', 'value': 'Belgium'}",2016,1.97385264653181
BEL,"{'id': 'BE', 'value': 'Belgium'}",2015,0.561429152790065
BLZ,"{'id': 'BZ', 'value': 'Belize'}",2024,3.28955985952768
BLZ,"{'id': 'BZ', 'value': 'Belize'}",2023,4.38984017487675
BLZ,"{'id': 'BZ', 'value': 'Belize'}",2022,6.27689319447544
BLZ,"{'id': 'BZ', 'value': 'Belize'}",2021,3.23563659237071
BLZ,"{'id': 'BZ', 'value': 'Belize'}",2020,0.121434644614894
BLZ,"{'id': 'BZ', 'value': 'Belize'}",2019,0.187069385181424
BLZ,"{'id': 'BZ', 'value': 'Belize'}",2018,0.269982622646335
BLZ,"{'id': 'BZ', 'value': 'Belize'}",2017,1.14765339305816
BLZ,"{'id': 'BZ', 'value': 'Belize'}",2016,0.663427167917601
BLZ,"{'id': 'BZ', 'value': 'Belize'}",2015,-0.861584009427748
BEN,"{'id': 'BJ', 'value': 'Benin'}",2024,1.16093089640415
BEN,"{'id': 'BJ', 'value': 'Benin'}",2023,2.73870078406075
BEN,"{'id': 'BJ', 'value': 'Benin'}",2022,1.35077863583527
BEN,"{'id': 'BJ', 'value': 'Benin'}",2021,1.73353962694036
BEN,"{'id': 'BJ', 'value': 'Benin'}",2020,3.02272119663759
BEN,"{'id': 'BJ', 'value': 'Benin'}",2019,0.732849371241066
BEN,"{'id': 'BJ', 'value': 'Benin'}",2018,0.919170717886054
BEN,"{'id': 'BJ', 'value': 'Benin'}",2017,0.0432648555103608
BEN,"{'id': 'BJ', 'value': 'Benin'}",2016,-0.793310145785624
BEN,"{'id': 'BJ', 'value': 'Benin'}",2015,0.218785923536245
BMU,"{'id': 'BM', 'value': 'Bermuda'}",2024,
BMU,"{'id': 'BM', 'value': 'Bermuda'}",2023,
BMU,"{'id': 'BM', 'value': 'Bermuda'}",2022,
BMU,"{'id': 'BM', 'value': 'Bermuda'}",2021,
BMU,"{'id': 'BM', 'value': 'Bermuda'}",2020,
BMU,"{'id': 'BM', 'value': 'Bermuda'}",2019,
BMU,"{'id': 'BM', 'value': 'Bermuda'}",2018,
BMU,"{'id': 'BM', 'value': 'Bermuda'}",2017,
BMU,"{'id': 'BM', 'value': 'Bermuda'}",2016,
BMU,"{'id': 'BM', 'value': 'Bermuda'}",2015,
BTN,"{'id': 'BT', 'value': 'Bhutan'}",2024,2.76131569624098
BTN,"{'id': 'BT', 'value': 'Bhutan'}",2023,4.22934419929251
BTN,"{'id': 'BT', 'value': 'Bhutan'}",2022,5.6391667139637
BTN,"{'id': 'BT', 'value': 'Bhutan'}",2021,7.3468144053353
BTN,"{'id': 'BT', 'value': 'Bhutan'}",2020,5.62936522632508
BTN,"{'id': 'BT', 'value': 'Bhutan'}",2019,2.72643037388832
BTN,"{'id': 'BT', 'value': 'Bhutan'}",2018,2.72396386183713
BTN,"{'id': 'BT', 'value': 'Bhutan'}",2017,4.95508366985129
BTN,"{'id': 'BT', 'value': 'Bhutan'}",2016,3.21988689395718
BTN,"{'id': 'BT', 'value': 'Bhutan'}",2015,4.54814395082205
BOL,"{'id': 'BO', 'value': 'Bolivia'}",2024,5.09976568317427
BOL,"{'id': 'BO', 'value': 'Bolivia'}",2023,2.57688800489192
BOL,"{'id': 'BO', 'value': 'Bolivia'}",2022,1.74632872945969
BOL,"{'id': 'BO', 'value': 'Bolivia'}",2021,0.737383721452275
BOL,"{'id': 'BO', 'value': 'Bolivia'}",2020,0.940742153381849
BOL,"{'id': 'BO', 'value': 'Bolivia'}",2019,1.83954504969026
BOL,"{'id': 'BO', 'value': 'Bolivia'}",2018,2.27205987230155
BOL,"{'id': 'BO', 'value': 'Bolivia'}",2017,2.8227580554717
BOL,"{'id': 'BO', 'value': 'Bolivia'}",2016,3.62321431764138
BOL,"{'id': 'BO', 'value': 'Bolivia'}",2015,4.05961041135645
BIH,"{'id': 'BA', 'value': 'Bosnia and Herzegovina'}",2024,1.69212733599724
BIH,"{'id': 'BA', 'value': 'Bosnia and Herzegovina'}",2023,6.1059011284828
BIH,"{'id': 'BA', 'value': 'Bosnia and Herzegovina'}",2022,14.0208440826771
BIH,"{'id': 'BA', 'value': 'Bosnia and Herzegovina'}",2021,1.98163900587622
BIH,"{'id': 'BA', 'value': 'Bosnia and Herzegovina'}",2020,-1.0512960076349
BIH,"{'id': 'BA', 'value': 'Bosnia and Herzegovina'}",2019,0.56278215406123
BIH,"{'id': 'BA', 'value': 'Bosnia and Herzegovina'}",2018,1.41710814018034
BIH,"{'id': 'BA', 'value': 'Bosnia and Herzegovina'}",2017,0.810133321953039
BIH,"{'id': 'BA', 'value': 'Bosnia and Herzegovina'}",2016,-1.58410000000002
BIH,"{'id': 'BA', 'value': 'Bosnia and Herzegovina'}",2015,-1.03602303425474
BWA,"{'id': 'BW', 'value': 'Botswana'}",2024,2.81835131676251
BWA,"{'id': 'BW', 'value': 'Botswana'}",2023,5.0676154934383
BWA,"{'id': 'BW', 'value': 'Botswana'}",2022,11.665567478802
BWA,"{'id': 'BW', 'value': 'Botswana'}",2021,7.24097765588442
BWA,"{'id': 'BW', 'value': 'Botswana'}",2020,1.8903591682421
BWA,"{'id': 'BW', 'value': 'Botswana'}",2019,2.77286442863321
BWA,"{'id': 'BW', 'value': 'Botswana'}",2018,3.23801558947715
BWA,"{'id': 'BW', 'value': 'Botswana'}",2017,3.30828076768219
BWA,"{'id': 'BW', 'value': 'Botswana'}",2016,2.81495791361944
BWA,"{'id': 'BW', 'value': 'Botswana'}",2015,3.06203169580558
BRA,"{'id': 'BR', 'value': 'Brazil'}",2024,4.36746407652337
BRA,"{'id': 'BR', 'value': 'Brazil'}",2023,4.59356282283204
BRA,"{'id': 'BR', 'value': 'Brazil'}",2022,9.28010608956873
BRA,"{'id': 'BR', 'value': 'Brazil'}",2021,8.30165975585673
BRA,"{'id': 'BR', 'value': 'Brazil'}",2020,3.21176803803376
BRA,"{'id': 'BR', 'value': 'Brazil'}",2019,3.73297621216894
BRA,"{'id': 'BR', 'value': 'Brazil'}",2018,3.66485028376729
BRA,"{'id': 'BR', 'value': 'Brazil'}",2017,3.44637335032669
BRA,"{'id': 'BR', 'value': 'Brazil'}",2016,8.73914352329393
BRA,"{'id': 'BR', 'value': 'Brazil'}",2015,9.02990102416136
VGB,"{'id': 'VG', 'value': 'British Virgin Islands'}",2024,
VGB,"{'id': 'VG', 'value': 'British Virgin Islands'}",2023,
VGB,"{'id': 'VG', 'value': 'British Virgin Islands'}",2022,
VGB,"{'id': 'VG', 'value': 'British Virgin Islands'}",2021,
VGB,"{'id': 'VG', 'value': 'British Virgin Islands'}",2020,
VGB,"{'id': 'VG', 'value': 'British Virgin Islands'}",2019,
VGB,"{'id': 'VG', 'value': 'British Virgin Islands'}",2018,
VGB,"{'id': 'VG', 'value': 'British Virgin Islands'}",2017,
VGB,"{'id': 'VG', 'value': 'British Virgin Islands'}",2016,
VGB,"{'id': 'VG', 'value': 'British Virgin Islands'}",2015,
BRN,"{'id': 'BN', 'value': 'Brunei Darussalam'}",2024,-0.388674165036461
BRN,"{'id': 'BN', 'value': 'Brunei Darussalam'}",2023,0.35706431153689
BRN,"{'id': 'BN', 'value': 'Brunei Darussalam'}",2022,3.68225030604216
BRN,"{'id': 'BN', 'value': 'Brunei Darussalam'}",2021,1.73341388450593
BRN,"{'id': 'BN', 'value': 'Brunei Darussalam'}",2020,1.94031996607184
BRN,"{'id': 'BN', 'value': 'Brunei Darussalam'}",2019,-0.390522069165529
BRN,"{'id': 'BN', 'value': 'Brunei Darussalam'}",2018,1.02505179290212
BRN,"{'id': 'BN', 'value': 'Brunei Darussalam'}",2017,-1.2605056462896
BRN,"{'id': 'BN', 'value': 'Brunei Darussalam'}",2016,-0.278693265753083
BRN,"{'id': 'BN', 'value': 'Brunei Darussalam'}",2015,-0.488347420743522
BGR,"{'id': 'BG', 'value': 'Bulgaria'}",2024,2.44651943006079
BGR,"{'id': 'BG', 'value': 'Bulgaria'}",2023,9.44284140088564
BGR,"{'id': 'BG', 'value': 'Bulgaria'}",2022,15.3252589264366
BGR,"{'id': 'BG', 'value': 'Bulgaria'}",2021,3.29774435299515
BGR,"{'id': 'BG', 'value': 'Bulgaria'}",2020,1.67244096855756
BGR,"{'id': 'BG', 'value': 'Bulgaria'}",2019,3.10372944796781
BGR,"{'id': 'BG', 'value': 'Bulgaria'}",2018,2.81454473824829
BGR,"{'id': 'BG', 'value': 'Bulgaria'}",2017,2.06159619443141
BGR,"{'id': 'BG', 'value': 'Bulgaria'}",2016,-0.79864988645371
BGR,"{'id': 'BG', 'value': 'Bulgaria'}",2015,-0.104633261008385
BFA,"{'id': 'BF', 'value': 'Burkina Faso'}",2024,4.19081721344523
BFA,"{'id': 'BF', 'value': 'Burkina Faso'}",2023,0.742910428668918
BFA,"{'id': 'BF', 'value': 'Burkina Faso'}",2022,14.2902354303358
BFA,"{'id': 'BF', 'value': 'Burkina Faso'}",2021,3.65326761825509
BFA,"{'id': 'BF', 'value': 'Burkina Faso'}",2020,1.88470066518847
BFA,"{'id': 'BF', 'value': 'Burkina Faso'}",2019,-3.23338933983322
BFA,"{'id': 'BF', 'value': 'Burkina Faso'}",2018,1.95594302672532
BFA,"{'id': 'BF', 'value': 'Burkina Faso'}",2017,1.48299897161326
BFA,"{'id': 'BF', 'value': 'Burkina Faso'}",2016,0.441041448058809
BFA,"{'id': 'BF', 'value': 'Burkina Faso'}",2015,0.724838981070517
BDI,"{'id': 'BI', 'value': 'Burundi'}",2024,20.2124925027847
BDI,"{'id': 'BI', 'value': 'Burundi'}",2023,26.9414835762453
BDI,"{'id': 'BI', 'value': 'Burundi'}",2022,18.8008786664945
BDI,"{'id': 'BI', 'value': 'Burundi'}",2021,8.40453845076341
BDI,"{'id': 'BI', 'value': 'Burundi'}",2020,7.32110643415521
BDI,"{'id': 'BI', 'value': 'Burundi'}",2019,-0.686772170797359
BDI,"{'id': 'BI', 'value': 'Burundi'}",2018,-2.81469807668465
BDI,"{'id': 'BI', 'value': 'Burundi'}",2017,16.0525353030392
BDI,"{'id': 'BI', 'value': 'Burundi'}",2016,5.55768961400965
BDI,"{'id': 'BI', 'value': 'Burundi'}",2015,5.54468891259779
CPV,"{'id': 'CV', 'value': 'Cabo Verde'}",2024,1.04817001091965
CPV,"{'id': 'CV', 'value': 'Cabo Verde'}",2023,3.72437517668748
CPV,"{'id': 'CV', 'value': 'Cabo Verde'}",2022,7.93092925430087
CPV,"{'id': 'CV', 'value': 'Cabo Verde'}",2021,1.86215297494647
CPV,"{'id': 'CV', 'value': 'Cabo Verde'}",2020,0.605795808395385
CPV,"{'id': 'CV', 'value': 'Cabo Verde'}",2019,1.10666674296063
CPV,"{'id': 'CV', 'value': 'Cabo Verde'}",2018,1.25699566690509
CPV,"{'id': 'CV', 'value': 'Cabo Verde'}",2017,0.784415251101334
CPV,"{'id': 'CV', 'value': 'Cabo Verde'}",2016,-1.40781637091706
CPV,"{'id': 'CV', 'value': 'Cabo Verde'}",2015,0.131187999024545
KHM,"{'id': 'KH', 'value': 'Cambodia'}",2024,0.808042016536654
KHM,"{'id': 'KH', 'value': 'Cambodia'}",2023,2.12746796594194
KHM,"{'id': 'KH', 'value': 'Cambodia'}",2022,5.34370264895437
KHM,"{'id': 'KH', 'value': 'Cambodia'}",2021,2.92073477592949
KHM,"{'id': 'KH', 'value': 'Cambodia'}",2020,2.9402951426397
KHM,"{'id': 'KH', 'value': 'Cambodia'}",2019,1.94257500833107
KHM,"{'id': 'KH', 'value': 'Cambodia'}",2018,2.45908515380146
KHM,"{'id': 'KH', 'value': 'Cambodia'}",2017,2.91263557371478
KHM,"{'id': 'KH', 'value': 'Cambodia'}",2016,3.01913975139128
KHM,"{'id': 'KH', 'value': 'Cambodia'}",2015,1.22393195511119
CMR,"{'id': 'CM', 'value': 'Cameroon'}",2024,4.53331349711606
CMR,"{'id': 'CM', 'value': 'Cameroon'}",2023,7.38281384280984
CMR,"{'id': 'CM', 'value': 'Cameroon'}",2022,6.24767713343861
CMR,"{'id': 'CM', 'value': 'Cameroon'}",2021,2.27185762503637
CMR,"{'id': 'CM', 'value': 'Cameroon'}",2020,2.43760882182236
CMR,"{'id': 'CM', 'value': 'Cameroon'}",2019,2.45280214062732
CMR,"{'id': 'CM', 'value': 'Cameroon'}",2018,1.0688581131292
CMR,"{'id': 'CM', 'value': 'Cameroon'}",2017,0.64040914988195
CMR,"{'id': 'CM', 'value': 'Cameroon'}",2016,0.874190383288856
CMR,"{'id': 'CM', 'value': 'Cameroon'}",2015,2.676235314199
CAN,"{'id': 'CA', 'value': 'Canada'}",2024,2.38158383281173
CAN,"{'id': 'CA', 'value': 'Canada'}",2023,3.87900159788426
CAN,"{'id': 'CA', 'value': 'Canada'}",2022,6.80280115341613
CAN,"{'id': 'CA', 'value': 'Canada'}",2021,3.39519318527528
CAN,"{'id': 'CA', 'value': 'Canada'}",2020,0.716999632307827
CAN,"{'id': 'CA', 'value': 'Canada'}",2019,1.94926902411593
CAN,"{'id': 'CA', 'value': 'Canada'}",2018,2.26822567248103
CAN,"{'id': 'CA', 'value': 'Canada'}",2017,1.59688412852977
CAN,"{'id': 'CA', 'value': 'Canada'}",2016,1.42875954701085
CAN,"{'id': 'CA', 'value': 'Canada'}",2015,1.12524136094277
CYM,"{'id': 'KY', 'value': 'Cayman Islands'}",2024,
CYM,"{'id': 'KY', 'value': 'Cayman Islands'}",2023,
CYM,"{'id': 'KY', 'value': 'Cayman Islands'}",2022,
CYM,"{'id': 'KY', 'value': 'Cayman Islands'}",2021,
CYM,"{'id': 'KY', 'value': 'Cayman Islands'}",2020,
CYM,"{'id': 'KY', 'value': 'Cayman Islands'}",2019,
CYM,"{'id': 'KY', 'value': 'Cayman Islands'}",2018,
CYM,"{'id': 'KY', 'value': 'Cayman Islands'}",2017,
CYM,"{'id': 'KY', 'value': 'Cayman Islands'}",2016,-0.62525835861814
CYM,"{'id': 'KY', 'value': 'Cayman Islands'}",2015,-2.34752770165615
CAF,"{'id': 'CF', 'value': 'Central African Republic'}",2024,1.47733600718744
CAF,"{'id': 'CF', 'value': 'Central African Republic'}",2023,2.97913852618937
CAF,"{'id': 'CF', 'value': 'Central African Republic'}",2022,5.58316735183247
CAF,"{'id': 'CF', 'value': 'Central African Republic'}",2021,4.25936417542868
CAF,"{'id': 'CF', 'value': 'Central African Republic'}",2020,1.71015659523153
CAF,"{'id': 'CF', 'value': 'Central African Republic'}",2019,2.68537355266787
CAF,"{'id': 'CF', 'value': 'Central African Republic'}",2018,1.61215686991555
CAF,"{'id': 'CF', 'value': 'Central African Republic'}",2017,4.18072331871267
CAF,"{'id': 'CF', 'value': 'Central African Republic'}",2016,4.94543276106518
CAF,"{'id': 'CF', 'value': 'Central African Republic'}",2015,1.40297017136816
TCD,"{'id': 'TD', 'value': 'Chad'}",2024,8.89950732263754
TCD,"{'id': 'TD', 'value': 'Chad'}",2023,10.8363568399843
TCD,"{'id': 'TD', 'value': 'Chad'}",2022,5.78802687843616
TCD,"{'id': 'TD', 'value': 'Chad'}",2021,-0.77284437035914
TCD,"{'id': 'TD', 'value': 'Chad'}",2020,4.46414437232861
TCD,"{'id': 'TD', 'value': 'Chad'}",2019,-0.971939175419401
TCD,"{'id': 'TD', 'value': 'Chad'}",2018,4.27462198610545
TCD,"{'id': 'TD', 'value': 'Chad'}",2017,-1.5370996298084
TCD,"{'id': 'TD', 'value': 'Chad'}",2016,-0.792440525236102
TCD,"{'id': 'TD', 'value': 'Chad'}",2015,4.37712665065654
CHI,"{'id': 'JG', 'value': 'Channel Islands'}",2024,
CHI,"{'id': 'JG', 'value': 'Channel Islands'}",2023,
CHI,"{'id': 'JG', 'value': 'Channel Islands'}",2022,
CHI,"{'id': 'JG', 'value': 'Channel Islands'}",2021,
CHI,"{'id': 'JG', 'value': 'Channel Islands'}",2020,
CHI,"{'id': 'JG', 'value': 'Channel Islands'}",2019,
CHI,"{'id': 'JG', 'value': 'Channel Islands'}",2018,
CHI,"{'id': 'JG', 'value': 'Channel Islands'}",2017,
CHI,"{'id': 'JG', 'value': 'Channel Islands'}",2016,
CHI,"{'id': 'JG', 'value': 'Channel Islands'}",2015,
CHL,"{'id': 'CL', 'value': 'Chile'}",2024,4.29763891572524
CHL,"{'id': 'CL', 'value': 'Chile'}",2023,7.58168251407962
CHL,"{'id': 'CL', 'value': 'Chile'}",2022,11.643866711056
CHL,"{'id': 'CL', 'value': 'Chile'}",2021,4.52456838259144
CHL,"{'id': 'CL', 'value': 'Chile'}",2020,3.04549084804326
CHL,"{'id': 'CL', 'value': 'Chile'}",2019,2.55754475703327
CHL,"{'id': 'CL', 'value': 'Chile'}",2018,2.43488981353057
CHL,"{'id': 'CL', 'value': 'Chile'}",2017,2.18271846868519
CHL,"{'id': 'CL', 'value': 'Chile'}",2016,3.78619355893118
CHL,"{'id': 'CL', 'value': 'Chile'}",2015,4.34877353217044
CHN,"{'id': 'CN', 'value': 'China'}",2024,0.218128938439177
CHN,"{'id': 'CN', 'value': 'China'}",2023,0.234836828893051
CHN,"{'id': 'CN', 'value': 'China'}",2022,1.97357555739051
CHN,"{'id': 'CN', 'value': 'China'}",2021,0.981015135544882
CHN,"{'id': 'CN', 'value': 'China'}",2020,2.41942189457782
CHN,"{'id': 'CN', 'value': 'China'}",2019,2.89923416358227
CHN,"{'id': 'CN', 'value': 'China'}",2018,2.07479039965576
CHN,"{'id': 'CN', 'value': 'China'}",2017,1.59313600071436
CHN,"{'id': 'CN', 'value': 'China'}",2016,2.00000182191943
CHN,"{'id': 'CN', 'value': 'China'}",2015,1.43702380935655
COL,"{'id': 'CO', 'value': 'Colombia'}",2024,6.60908593728228
COL,"{'id': 'CO', 'value': 'Colombia'}",2023,11.7359044948689
COL,"{'id': 'CO', 'value': 'Colombia'}",2022,10.1772313546166
COL,"{'id': 'CO', 'value': 'Colombia'}",2021,3.49505757399448
COL,"{'id': 'CO', 'value': 'Colombia'}",2020,2.52663500084706
COL,"{'id': 'CO', 'value': 'Colombia'}",2019,3.52301932741447
COL,"{'id': 'CO', 'value': 'Colombia'}",2018,3.24056932930569
COL,"{'id': 'CO', 'value': 'Colombia'}",2017,4.31431325695011
COL,"{'id': 'CO', 'value': 'Colombia'}",2016,7.51346024627675
COL,"{'id': 'CO', 'value': 'Colombia'}",2015,4.9898311584953
COM,"{'id': 'KM', 'value': 'Comoros'}",2024,5.05192609588218
COM,"{'id': 'KM', 'value': 'Comoros'}",2023,8.37373955490996
COM,"{'id': 'KM', 'value': 'Comoros'}",2022,12.5320314570999
COM,"{'id': 'KM', 'value': 'Comoros'}",2021,-0.00441793682346988
COM,"{'id': 'KM', 'value': 'Comoros'}",2020,0.786641929499151
COM,"{'id': 'KM', 'value': 'Comoros'}",2019,3.58213544469211
COM,"{'id': 'KM', 'value': 'Comoros'}",2018,2.15155084413033
COM,"{'id': 'KM', 'value': 'Comoros'}",2017,-0.237362224154613
COM,"{'id': 'KM', 'value': 'Comoros'}",2016,0.797517430888487
COM,"{'id': 'KM', 'value': 'Comoros'}",2015,-0.11717388419007
COD,"{'id': 'CD', 'value': 'Congo, Dem. Rep.'}",2024,
COD,"{'id': 'CD', 'value': 'Congo, Dem. Rep.'}",2023,
COD,"{'id': 'CD', 'value': 'Congo, Dem. Rep.'}",2022,
COD,"{'id': 'CD', 'value': 'Congo, Dem. Rep.'}",2021,
COD,"{'id': 'CD', 'value': 'Congo, Dem. Rep.'}",2020,
COD,"{'id': 'CD', 'value': 'Congo, Dem. Rep.'}",2019,
COD,"{'id': 'CD', 'value': 'Congo, Dem. Rep.'}",2018,
COD,"{'id': 'CD', 'value': 'Congo, Dem. Rep.'}",2017,
COD,"{'id': 'CD', 'value': 'Congo, Dem. Rep.'}",2016,2.88585107289988
COD,"{'id': 'CD', 'value': 'Congo, Dem. Rep.'}",2015,0.74419899478147
COG,"{'id': 'CG', 'value': 'Congo, Rep.'}",2024,3.09143630919166
COG,"{'id': 'CG', 'value': 'Congo, Rep.'}",2023,4.30174563591016
COG,"{'id': 'CG', 'value': 'Congo, Rep.'}",2022,3.04344334698478
COG,"{'id': 'CG', 'value': 'Congo, Rep.'}",2021,1.7156427545126
COG,"{'id': 'CG', 'value': 'Congo, Rep.'}",2020,1.79537147083108
COG,"{'id': 'CG', 'value': 'Congo, Rep.'}",2019,2.20607305781525
COG,"{'id': 'CG', 'value': 'Congo, Rep.'}",2018,1.15277896375523
COG,"{'id': 'CG', 'value': 'Congo, Rep.'}",2017,0.450063823285546
COG,"{'id': 'CG', 'value': 'Congo, Rep.'}",2016,3.19056179723773
COG,"{'id': 'CG', 'value': 'Congo, Rep.'}",2015,3.16909796750829
CRI,"{'id': 'CR', 'value': 'Costa Rica'}",2024,-0.412853001047069
CRI,"{'id': 'CR', 'value': 'Costa Rica'}",2023,0.525193508693455
CRI,"{'id': 'CR', 'value': 'Costa Rica'}",2022,8.27477490232654
CRI,"{'id': 'CR', 'value': 'Costa Rica'}",2021,1.72647755109241
CRI,"{'id': 'CR', 'value': 'Costa Rica'}",2020,0.724911478131376
CRI,"{'id': 'CR', 'value': 'Costa Rica'}",2019,2.09604635327807
CRI,"{'id': 'CR', 'value': 'Costa Rica'}",2018,2.22111461526581
CRI,"{'id': 'CR', 'value': 'Costa Rica'}",2017,1.62590692991732
CRI,"{'id': 'CR', 'value': 'Costa Rica'}",2016,-0.0174788505908217
CRI,"{'id': 'CR', 'value': 'Costa Rica'}",2015,0.801982005099623
CIV,"{'id': 'CI', 'value': ""Cote d'Ivoire""}",2024,3.45053028131019
CIV,"{'id': 'CI', 'value': ""Cote d'Ivoire""}",2023,4.36972254867474
CIV,"{'id': 'CI', 'value': ""Cote d'Ivoire""}",2022,5.23352856100843
CIV,"{'id': 'CI', 'value': ""Cote d'Ivoire""}",2021,4.15919657911798
CIV,"{'id': 'CI', 'value': ""Cote d'Ivoire""}",2020,2.41252617189053
CIV,"{'id': 'CI', 'value': ""Cote d'Ivoire""}",2019,0.790855512053661
CIV,"{'id': 'CI', 'value': ""Cote d'Ivoire""}",2018,0.401297817263547
CIV,"{'id': 'CI', 'value': ""Cote d'Ivoire""}",2017,0.685881065304603
CIV,"{'id': 'CI', 'value': ""Cote d'Ivoire""}",2016,0.723178457513308
CIV,"{'id': 'CI', 'value': ""Cote d'Ivoire""}",2015,1.25149954781468
HRV,"{'id': 'HR', 'value': 'Croatia'}",2024,2.97200477643618
HRV,"{'id': 'HR', 'value': 'Croatia'}",2023,7.9412817758683
HRV,"{'id': 'HR', 'value': 'Croatia'}",2022,10.7805806758686
HRV,"{'id': 'HR', 'value': 'Croatia'}",2021,2.55450699642041
HRV,"{'id': 'HR', 'value': 'Croatia'}",2020,0.154811374562106
HRV,"{'id': 'HR', 'value': 'Croatia'}",2019,0.771820346498019
HRV,"{'id': 'HR', 'value': 'Croatia'}",2018,1.50012501041756
HRV,"{'id': 'HR', 'value': 'Croatia'}",2017,1.12937210282347
HRV,"{'id': 'HR', 'value': 'Croatia'}",2016,-1.12500000000002
HRV,"{'id': 'HR', 'value': 'Croatia'}",2015,-0.464499004644911
CUB,"{'id': 'CU', 'value': 'Cuba'}",2024,
CUB,"{'id': 'CU', 'value': 'Cuba'}",2023,
CUB,"{'id': 'CU', 'value': 'Cuba'}",2022,
CUB,"{'id': 'CU', 'value': 'Cuba'}",2021,
CUB,"{'id': 'CU', 'value': 'Cuba'}",2020,
CUB,"{'id': 'CU', 'value': 'Cuba'}",2019,
CUB,"{'id': 'CU', 'value': 'Cuba'}",2018,
CUB,"{'id': 'CU', 'value': 'Cuba'}",2017,
CUB,"{'id': 'CU', 'value': 'Cuba'}",2016,
CUB,"{'id': 'CU', 'value': 'Cuba'}",2015,
CUW,"{'id': 'CW', 'value': 'Curacao'}",2024,
CUW,"{'id': 'CW', 'value': 'Curacao'}",2023,
CUW,"{'id': 'CW', 'value': 'Curacao'}",2022,
CUW,"{'id': 'CW', 'value': 'Curacao'}",2021,
CUW,"{'id': 'CW', 'value': 'Curacao'}",2020,
CUW,"{'id': 'CW', 'value': 'Curacao'}",2019,2.62220783425059
CUW,"{'id': 'CW', 'value': 'Curacao'}",2018,2.58368756641814
CUW,"{'id': 'CW', 'value': 'Curacao'}",2017,1.58558801700345
CUW,"{'id': 'CW', 'value': 'Curacao'}",2016,-0.0472079848940293
CUW,"{'id': 'CW', 'value': 'Curacao'}",2015,-0.476542049801405
CYP,"{'id': 'CY', 'value': 'Cyprus'}",2024,1.80023018624815
CYP,"{'id': 'CY', 'value': 'Cyprus'}",2023,3.54134188751663
CYP,"{'id': 'CY', 'value': 'Cyprus'}",2022,8.39548297993334
CYP,"{'id': 'CY', 'value': 'Cyprus'}",2021,2.44608867175474
CYP,"{'id': 'CY', 'value': 'Cyprus'}",2020,-0.638422797978959
CYP,"{'id': 'CY', 'value': 'Cyprus'}",2019,0.250370996758493
CYP,"{'id': 'CY', 'value': 'Cyprus'}",2018,1.43549119531759
CYP,"{'id': 'CY', 'value': 'Cyprus'}",2017,0.531766496174467
CYP,"{'id': 'CY', 'value': 'Cyprus'}",2016,-1.42916666666665
CYP,"{'id': 'CY', 'value': 'Cyprus'}",2015,-2.0969976905311
CZE,"{'id': 'CZ', 'value': 'Czechia'}",2024,2.43531202435314
CZE,"{'id': 'CZ', 'value': 'Czechia'}",2023,10.6612601372426
CZE,"{'id': 'CZ', 'value': 'Czechia'}",2022,15.1001651468371
CZE,"{'id': 'CZ', 'value': 'Czechia'}",2021,3.83984491500146
CZE,"{'id': 'CZ', 'value': 'Czechia'}",2020,3.16129528497801
CZE,"{'id': 'CZ', 'value': 'Czechia'}",2019,2.8478759591805
CZE,"{'id': 'CZ', 'value': 'Czechia'}",2018,2.14949494949493
CZE,"{'id': 'CZ', 'value': 'Czechia'}",2017,2.4505339846014
CZE,"{'id': 'CZ', 'value': 'Czechia'}",2016,0.683504209385703
CZE,"{'id': 'CZ', 'value': 'Czechia'}",2015,0.309364548494975
DNK,"{'id': 'DK', 'value': 'Denmark'}",2024,1.37220049768918
DNK,"{'id': 'DK', 'value': 'Denmark'}",2023,3.30517811237606
DNK,"{'id': 'DK', 'value': 'Denmark'}",2022,7.6965669988926
DNK,"{'id': 'DK', 'value': 'Denmark'}",2021,1.8530454398968
DNK,"{'id': 'DK', 'value': 'Denmark'}",2020,0.420711974110115
DNK,"{'id': 'DK', 'value': 'Denmark'}",2019,0.75813157251162
DNK,"{'id': 'DK', 'value': 'Denmark'}",2018,0.813609467455631
DNK,"{'id': 'DK', 'value': 'Denmark'}",2017,1.14713216957602
DNK,"{'id': 'DK', 'value': 'Denmark'}",2016,0.250000000000031
DNK,"{'id': 'DK', 'value': 'Denmark'}",2015,0.452034153691575
DJI,"{'id': 'DJ', 'value': 'Djibouti'}",2024,2.07655387954199
DJI,"{'id': 'DJ', 'value': 'Djibouti'}",2023,1.49506816515088
DJI,"{'id': 'DJ', 'value': 'Djibouti'}",2022,5.17980847967061
DJI,"{'id': 'DJ', 'value': 'Djibouti'}",2021,1.18191775339802
DJI,"{'id': 'DJ', 'value': 'Djibouti'}",2020,1.7774078380617
DJI,"{'id': 'DJ', 'value': 'Djibouti'}",2019,3.31925372703827
DJI,"{'id': 'DJ', 'value': 'Djibouti'}",2018,0.14797084987711
DJI,"{'id': 'DJ', 'value': 'Djibouti'}",2017,0.568112117084804
DJI,"{'id': 'DJ', 'value': 'Djibouti'}",2016,2.73841208738755
DJI,"{'id': 'DJ', 'value': 'Djibouti'}",2015,-0.847389733971996
DMA,"{'id': 'DM', 'value': 'Dominica'}",2024,2.56921890367726
DMA,"{'id': 'DM', 'value': 'Dominica'}",2023,5.08677483158112
DMA,"{'id': 'DM', 'value': 'Dominica'}",2022,2.88490226829353
DMA,"{'id': 'DM', 'value': 'Dominica'}",2021,2.22891330700344
DMA,"{'id': 'DM', 'value': 'Dominica'}",2020,1.22026442242476
DMA,"{'id': 'DM', 'value': 'Dominica'}",2019,1.50462353858141
DMA,"{'id': 'DM', 'value': 'Dominica'}",2018,0.98919111918989
DMA,"{'id': 'DM', 'value': 'Dominica'}",2017,0.296252889279487
DMA,"{'id': 'DM', 'value': 'Dominica'}",2016,0.141816225732312
DMA,"{'id': 'DM', 'value': 'Dominica'}",2015,-0.84382698463833
DOM,"{'id': 'DO', 'value': 'Dominican Republic'}",2024,3.30223338951227
DOM,"{'id': 'DO', 'value': 'Dominican Republic'}",2023,4.78561281021135
DOM,"{'id': 'DO', 'value': 'Dominican Republic'}",2022,8.81109209279587
DOM,"{'id': 'DO', 'value': 'Dominican Republic'}",2021,8.24300347981809
DOM,"{'id': 'DO', 'value': 'Dominican Republic'}",2020,3.78103179915517
DOM,"{'id': 'DO', 'value': 'Dominican Republic'}",2019,1.81060377042959
DOM,"{'id': 'DO', 'value': 'Dominican Republic'}",2018,3.56443426013508
DOM,"{'id': 'DO', 'value': 'Dominican Republic'}",2017,3.27955694678546
DOM,"{'id': 'DO', 'value': 'Dominican Republic'}",2016,1.61416607245223
DOM,"{'id': 'DO', 'value': 'Dominican Republic'}",2015,0.836746346724557
ECU,"{'id': 'EC', 'value': 'Ecuador'}",2024,1.54732515615369
ECU,"{'id': 'EC', 'value': 'Ecuador'}",2023,2.21568764237058
ECU,"{'id': 'EC', 'value': 'Ecuador'}",2022,3.46616972213077
ECU,"{'id': 'EC', 'value': 'Ecuador'}",2021,0.133251386096389
ECU,"{'id': 'EC', 'value': 'Ecuador'}",2020,-0.338872392562139
ECU,"{'id': 'EC', 'value': 'Ecuador'}",2019,0.266012515466155
ECU,"{'id': 'EC', 'value': 'Ecuador'}",2018,-0.224103246005552
ECU,"{'id': 'EC', 'value': 'Ecuador'}",2017,0.417335588666825
ECU,"{'id': 'EC', 'value': 'Ecuador'}",2016,1.72826463324533
ECU,"{'id': 'EC', 'value': 'Ecuador'}",2015,3.96664623255358
EGY,"{'id': 'EG', 'value': 'Egypt, Arab Rep.'}",2024,28.2705899322083
EGY,"{'id': 'EG', 'value': 'Egypt, Arab Rep.'}",2023,33.8847763115546
EGY,"{'id': 'EG', 'value': 'Egypt, Arab Rep.'}",2022,13.8956609775178
EGY,"{'id': 'EG', 'value': 'Egypt, Arab Rep.'}",2021,5.21404940513043
EGY,"{'id': 'EG', 'value': 'Egypt, Arab Rep.'}",2020,5.04493288977539
EGY,"{'id': 'EG', 'value': 'Egypt, Arab Rep.'}",2019,9.15279959324804
EGY,"{'id': 'EG', 'value': 'Egypt, Arab Rep.'}",2018,14.4014657807422
EGY,"{'id': 'EG', 'value': 'Egypt, Arab Rep.'}",2017,29.5066083940039
EGY,"{'id': 'EG', 'value': 'Egypt, Arab Rep.'}",2016,13.813606214829
EGY,"{'id': 'EG', 'value': 'Egypt, Arab Rep.'}",2015,10.370490343517
SLV,"{'id': 'SV', 'value': 'El Salvador'}",2024,0.853782292567288
SLV,"{'id': 'SV', 'value': 'El Salvador'}",2023,4.04554694222477
SLV,"{'id': 'SV', 'value': 'El Salvador'}",2022,7.19861615609867
SLV,"{'id': 'SV', 'value': 'El Salvador'}",2021,3.46692585313082
SLV,"{'id': 'SV', 'value': 'El Salvador'}",2020,-0.371590212324095
SLV,"{'id': 'SV', 'value': 'El Salvador'}",2019,0.0753241350024612
SLV,"{'id': 'SV', 'value': 'El Salvador'}",2018,1.09033000581892
SLV,"{'id': 'SV', 'value': 'El Salvador'}",2017,1.0123540331558
SLV,"{'id': 'SV', 'value': 'El Salvador'}",2016,0.60404908699661
SLV,"{'id': 'SV', 'value': 'El Salvador'}",2015,-0.731384487387957
GNQ,"{'id': 'GQ', 'value': 'Equatorial Guinea'}",2024,2.92140227309103
GNQ,"{'id': 'GQ', 'value': 'Equatorial Guinea'}",2023,2.85949506037322
GNQ,"{'id': 'GQ', 'value': 'Equatorial Guinea'}",2022,4.78671704710803
GNQ,"{'id': 'GQ', 'value': 'Equatorial Guinea'}",2021,-0.0971007664640198
GNQ,"{'id': 'GQ', 'value': 'Equatorial Guinea'}",2020,4.76669523944228
GNQ,"{'id': 'GQ', 'value': 'Equatorial Guinea'}",2019,1.53027528964189
GNQ,"{'id': 'GQ', 'value': 'Equatorial Guinea'}",2018,1.06007410662171
GNQ,"{'id': 'GQ', 'value': 'Equatorial Guinea'}",2017,0.74435474661241
GNQ,"{'id': 'GQ', 'value': 'Equatorial Guinea'}",2016,1.41193915479015
GNQ,"{'id': 'GQ', 'value': 'Equatorial Guinea'}",2015,1.67663085315988
ERI,"{'id': 'ER', 'value': 'Eritrea'}",2024,
ERI,"{'id': 'ER', 'value': 'Eritrea'}",2023,
ERI,"{'id': 'ER', 'value': 'Eritrea'}",2022,
ERI,"{'id': 'ER', 'value': 'Eritrea'}",2021,
ERI,"{'id': 'ER', 'value': 'Eritrea'}",2020,
ERI,"{'id': 'ER', 'value': 'Eritrea'}",2019,
ERI,"{'id': 'ER', 'value': 'Eritrea'}",2018,
ERI,"{'id': 'ER', 'value': 'Eritrea'}",2017,
ERI,"{'id': 'ER', 'value': 'Eritrea'}",2016,
ERI,"{'id': 'ER', 'value': 'Eritrea'}",2015,
EST,"{'id': 'EE', 'value': 'Estonia'}",2024,3.52056053296586
EST,"{'id': 'EE', 'value': 'Estonia'}",2023,9.15922507983982
EST,"{'id': 'EE', 'value': 'Estonia'}",2022,19.3982634080616
EST,"{'id': 'EE', 'value': 'Estonia'}",2021,4.65316673847473
EST,"{'id': 'EE', 'value': 'Estonia'}",2020,-0.44453109767983
EST,"{'id': 'EE', 'value': 'Estonia'}",2019,2.27725931243522
EST,"{'id': 'EE', 'value': 'Estonia'}",2018,3.43632688420446
EST,"{'id': 'EE', 'value': 'Estonia'}",2017,3.41723549488054
EST,"{'id': 'EE', 'value': 'Estonia'}",2016,0.148684907627373
EST,"{'id': 'EE', 'value': 'Estonia'}",2015,-0.49232600654737
SWZ,"{'id': 'SZ', 'value': 'Eswatini'}",2024,
SWZ,"{'id': 'SZ', 'value': 'Eswatini'}",2023,
SWZ,"{'id': 'SZ', 'value': 'Eswatini'}",2022,
SWZ,"{'id': 'SZ', 'value': 'Eswatini'}",2021,
SWZ,"{'id': 'SZ', 'value': 'Eswatini'}",2020,
SWZ,"{'id': 'SZ', 'value': 'Eswatini'}",2019,2.59801620311077
SWZ,"{'id': 'SZ', 'value': 'Eswatini'}",2018,4.81506167461513
SWZ,"{'id': 'SZ', 'value': 'Eswatini'}",2017,6.22137528933118
SWZ,"{'id': 'SZ', 'value': 'Eswatini'}",2016,7.8472745908568
SWZ,"{'id': 'SZ', 'value': 'Eswatini'}",2015,4.95124493704919
ETH,"{'id': 'ET', 'value': 'Ethiopia'}",2024,21.0377460577711
ETH,"{'id': 'ET', 'value': 'Ethiopia'}",2023,30.2188278135278
ETH,"{'id': 'ET', 'value': 'Ethiopia'}",2022,33.8898797100898
ETH,"{'id': 'ET', 'value': 'Ethiopia'}",2021,26.8395221557722
ETH,"{'id': 'ET', 'value': 'Ethiopia'}",2020,20.3563468559061
ETH,"{'id': 'ET', 'value': 'Ethiopia'}",2019,15.8096321719344
ETH,"{'id': 'ET', 'value': 'Ethiopia'}",2018,13.8330356586661
ETH,"{'id': 'ET', 'value': 'Ethiopia'}",2017,10.6871150284238
ETH,"{'id': 'ET', 'value': 'Ethiopia'}",2016,6.62813337230924
ETH,"{'id': 'ET', 'value': 'Ethiopia'}",2015,9.56889955968623
FRO,"{'id': 'FO', 'value': 'Faroe Islands'}",2024,
FRO,"{'id': 'FO', 'value': 'Faroe Islands'}",2023,
FRO,"{'id': 'FO', 'value': 'Faroe Islands'}",2022,
FRO,"{'id': 'FO', 'value': 'Faroe Islands'}",2021,
FRO,"{'id': 'FO', 'value': 'Faroe Islands'}",2020,
FRO,"{'id': 'FO', 'value': 'Faroe Islands'}",2019,
FRO,"{'id': 'FO', 'value': 'Faroe Islands'}",2018,
FRO,"{'id': 'FO', 'value': 'Faroe Islands'}",2017,
FRO,"{'id': 'FO', 'value': 'Faroe Islands'}",2016,
FRO,"{'id': 'FO', 'value': 'Faroe Islands'}",2015,
FJI,"{'id': 'FJ', 'value': 'Fiji'}",2024,4.51138256524155
FJI,"{'id': 'FJ', 'value': 'Fiji'}",2023,2.34408296633042
FJI,"{'id': 'FJ', 'value': 'Fiji'}",2022,4.32011856243056
FJI,"{'id': 'FJ', 'value': 'Fiji'}",2021,0.155855722131516
FJI,"{'id': 'FJ', 'value': 'Fiji'}",2020,-2.59524325887372
FJI,"{'id': 'FJ', 'value': 'Fiji'}",2019,1.77310182460266
FJI,"{'id': 'FJ', 'value': 'Fiji'}",2018,4.08147637644542
FJI,"{'id': 'FJ', 'value': 'Fiji'}",2017,3.34757834757839
FJI,"{'id': 'FJ', 'value': 'Fiji'}",2016,3.86322538221269
FJI,"{'id': 'FJ', 'value': 'Fiji'}",2015,1.37488542621446
FIN,"{'id': 'FI', 'value': 'Finland'}",2024,1.56568906231616
FIN,"{'id': 'FI', 'value': 'Finland'}",2023,6.25064322154763
FIN,"{'id': 'FI', 'value': 'Finland'}",2022,7.12350773301402
FIN,"{'id': 'FI', 'value': 'Finland'}",2021,2.19457432340007
FIN,"{'id': 'FI', 'value': 'Finland'}",2020,0.290554555653239
FIN,"{'id': 'FI', 'value': 'Finland'}",2019,1.02409392963431
FIN,"{'id': 'FI', 'value': 'Finland'}",2018,1.08382098409305
FIN,"{'id': 'FI', 'value': 'Finland'}",2017,0.754015047084346
FIN,"{'id': 'FI', 'value': 'Finland'}",2016,0.356684500891695
FIN,"{'id': 'FI', 'value': 'Finland'}",2015,-0.207928839905268
FRA,"{'id': 'FR', 'value': 'France'}",2024,1.99904942291463
FRA,"{'id': 'FR', 'value': 'France'}",2023,4.87835726508441
FRA,"{'id': 'FR', 'value': 'France'}",2022,5.22236748369735
FRA,"{'id': 'FR', 'value': 'France'}",2021,1.64233141038385
FRA,"{'id': 'FR', 'value': 'France'}",2020,0.476498852725066
FRA,"{'id': 'FR', 'value': 'France'}",2019,1.10825492288294
FRA,"{'id': 'FR', 'value': 'France'}",2018,1.85081508315502
FRA,"{'id': 'FR', 'value': 'France'}",2017,1.03228275064662
FRA,"{'id': 'FR', 'value': 'France'}",2016,0.18333486112386
FRA,"{'id': 'FR', 'value': 'France'}",2015,0.0375143805125182
PYF,"{'id': 'PF', 'value': 'French Polynesia'}",2024,
PYF,"{'id': 'PF', 'value': 'French Polynesia'}",2023,
PYF,"{'id': 'PF', 'value': 'French Polynesia'}",2022,
PYF,"{'id': 'PF', 'value': 'French Polynesia'}",2021,
PYF,"{'id': 'PF', 'value': 'French Polynesia'}",2020,
PYF,"{'id': 'PF', 'value': 'French Polynesia'}",2019,
PYF,"{'id': 'PF', 'value': 'French Polynesia'}",2018,
PYF,"{'id': 'PF', 'value': 'French Polynesia'}",2017,
PYF,"{'id': 'PF', 'value': 'French Polynesia'}",2016,
PYF,"{'id': 'PF', 'value': 'French Polynesia'}",2015,
GAB,"{'id': 'GA', 'value': 'Gabon'}",2024,1.17311998381218
GAB,"{'id': 'GA', 'value': 'Gabon'}",2023,3.62901534185376
GAB,"{'id': 'GA', 'value': 'Gabon'}",2022,4.23124798274579
GAB,"{'id': 'GA', 'value': 'Gabon'}",2021,1.0869074651941
GAB,"{'id': 'GA', 'value': 'Gabon'}",2020,1.35276110675333
GAB,"{'id': 'GA', 'value': 'Gabon'}",2019,2.46456756151187
GAB,"{'id': 'GA', 'value': 'Gabon'}",2018,4.74906652083221
GAB,"{'id': 'GA', 'value': 'Gabon'}",2017,2.65192583143902
GAB,"{'id': 'GA', 'value': 'Gabon'}",2016,2.10670712784054
GAB,"{'id': 'GA', 'value': 'Gabon'}",2015,-0.338795188753406
GMB,"{'id': 'GM', 'value': 'Gambia, The'}",2024,11.5610532897511
GMB,"{'id': 'GM', 'value': 'Gambia, The'}",2023,16.9742129632327
GMB,"{'id': 'GM', 'value': 'Gambia, The'}",2022,11.5131198380505
GMB,"{'id': 'GM', 'value': 'Gambia, The'}",2021,7.37034758876618
GMB,"{'id': 'GM', 'value': 'Gambia, The'}",2020,5.93127636562441
GMB,"{'id': 'GM', 'value': 'Gambia, The'}",2019,7.11567625631192
GMB,"{'id': 'GM', 'value': 'Gambia, The'}",2018,6.52096823946573
GMB,"{'id': 'GM', 'value': 'Gambia, The'}",2017,8.03418974545911
GMB,"{'id': 'GM', 'value': 'Gambia, The'}",2016,7.22879272057922
GMB,"{'id': 'GM', 'value': 'Gambia, The'}",2015,6.8084549457961
GEO,"{'id': 'GE', 'value': 'Georgia'}",2024,1.10971758022096
GEO,"{'id': 'GE', 'value': 'Georgia'}",2023,2.48776056578715
GEO,"{'id': 'GE', 'value': 'Georgia'}",2022,11.8981654203198
GEO,"{'id': 'GE', 'value': 'Georgia'}",2021,9.56691433824769
GEO,"{'id': 'GE', 'value': 'Georgia'}",2020,5.2024648897534
GEO,"{'id': 'GE', 'value': 'Georgia'}",2019,4.85289821696723
GEO,"{'id': 'GE', 'value': 'Georgia'}",2018,2.6152447139767
GEO,"{'id': 'GE', 'value': 'Georgia'}",2017,6.03531725272117
GEO,"{'id': 'GE', 'value': 'Georgia'}",2016,2.13492713939121
GEO,"{'id': 'GE', 'value': 'Georgia'}",2015,4.00357820695097
DEU,"{'id': 'DE', 'value': 'Germany'}",2024,2.2564981433876
DEU,"{'id': 'DE', 'value': 'Germany'}",2023,5.94643667725823
DEU,"{'id': 'DE', 'value': 'Germany'}",2022,6.87257438551097
DEU,"{'id': 'DE', 'value': 'Germany'}",2021,3.06666666666673
DEU,"{'id': 'DE', 'value': 'Germany'}",2020,0.144877925813982
DEU,"{'id': 'DE', 'value': 'Germany'}",2019,1.44565976888253
DEU,"{'id': 'DE', 'value': 'Germany'}",2018,1.73216879766942
DEU,"{'id': 'DE', 'value': 'Germany'}",2017,1.50949485109628
DEU,"{'id': 'DE', 'value': 'Germany'}",2016,0.491747008445174
DEU,"{'id': 'DE', 'value': 'Germany'}",2015,0.514426137125456
GHA,"{'id': 'GH', 'value': 'Ghana'}",2024,22.8483281157842
GHA,"{'id': 'GH', 'value': 'Ghana'}",2023,38.1069656296501
GHA,"{'id': 'GH', 'value': 'Ghana'}",2022,31.2558951049016
GHA,"{'id': 'GH', 'value': 'Ghana'}",2021,9.9710886750444
GHA,"{'id': 'GH', 'value': 'Ghana'}",2020,9.88728956269944
GHA,"{'id': 'GH', 'value': 'Ghana'}",2019,7.14364003330857
GHA,"{'id': 'GH', 'value': 'Ghana'}",2018,7.80876516610703
GHA,"{'id': 'GH', 'value': 'Ghana'}",2017,12.3719215507048
GHA,"{'id': 'GH', 'value': 'Ghana'}",2016,17.4546347070868
GHA,"{'id': 'GH', 'value': 'Ghana'}",2015,17.1499695007878
GIB,"{'id': 'GI', 'value': 'Gibraltar'}",2024,
GIB,"{'id': 'GI', 'value': 'Gibraltar'}",2023,
GIB,"{'id': 'GI', 'value': 'Gibraltar'}",2022,
GIB,"{'id': 'GI', 'value': 'Gibraltar'}",2021,
GIB,"{'id': 'GI', 'value': 'Gibraltar'}",2020,
GIB,"{'id': 'GI', 'value': 'Gibraltar'}",2019,
GIB,"{'id': 'GI', 'value': 'Gibraltar'}",2018,
GIB,"{'id': 'GI', 'value': 'Gibraltar'}",2017,
GIB,"{'id': 'GI', 'value': 'Gibraltar'}",2016,
GIB,"{'id': 'GI', 'value': 'Gibraltar'}",2015,
GRC,"{'id': 'GR', 'value': 'Greece'}",2024,2.74149045788606
GRC,"{'id': 'GR', 'value': 'Greece'}",2023,3.46480128513405
GRC,"{'id': 'GR', 'value': 'Greece'}",2022,9.64525981280632
GRC,"{'id': 'GR', 'value': 'Greece'}",2021,1.22382501019854
GRC,"{'id': 'GR', 'value': 'Greece'}",2020,-1.24798355581405
GRC,"{'id': 'GR', 'value': 'Greece'}",2019,0.253007522038157
GRC,"{'id': 'GR', 'value': 'Greece'}",2018,0.62562141345364
GRC,"{'id': 'GR', 'value': 'Greece'}",2017,1.12125452031419
GRC,"{'id': 'GR', 'value': 'Greece'}",2016,-0.825653978390973
GRC,"{'id': 'GR', 'value': 'Greece'}",2015,-1.73588804765284
GRL,"{'id': 'GL', 'value': 'Greenland'}",2024,
GRL,"{'id': 'GL', 'value': 'Greenland'}",2023,
GRL,"{'id': 'GL', 'value': 'Greenland'}",2022,
GRL,"{'id': 'GL', 'value': 'Greenland'}",2021,
GRL,"{'id': 'GL', 'value': 'Greenland'}",2020,
GRL,"{'id': 'GL', 'value': 'Greenland'}",2019,
GRL,"{'id': 'GL', 'value': 'Greenland'}",2018,
GRL,"{'id': 'GL', 'value': 'Greenland'}",2017,
GRL,"{'id': 'GL', 'value': 'Greenland'}",2016,
GRL,"{'id': 'GL', 'value': 'Greenland'}",2015,
GRD,"{'id': 'GD', 'value': 'Grenada'}",2024,1.08615365134737
GRD,"{'id': 'GD', 'value': 'Grenada'}",2023,2.69612269814564
GRD,"{'id': 'GD', 'value': 'Grenada'}",2022,2.5805392590792
GRD,"{'id': 'GD', 'value': 'Grenada'}",2021,1.21951193916838
GRD,"{'id': 'GD', 'value': 'Grenada'}",2020,-0.740732597045498
GRD,"{'id': 'GD', 'value': 'Grenada'}",2019,0.598149764736022
GRD,"{'id': 'GD', 'value': 'Grenada'}",2018,0.804102313277033
GRD,"{'id': 'GD', 'value': 'Grenada'}",2017,0.908458255874249
GRD,"{'id': 'GD', 'value': 'Grenada'}",2016,1.65038994431573
GRD,"{'id': 'GD', 'value': 'Grenada'}",2015,-0.515448031435329
GUM,"{'id': 'GU', 'value': 'Guam'}",2024,
GUM,"{'id': 'GU', 'value': 'Guam'}",2023,
GUM,"{'id': 'GU', 'value': 'Guam'}",2022,
GUM,"{'id': 'GU', 'value': 'Guam'}",2021,
GUM,"{'id': 'GU', 'value': 'Guam'}",2020,
GUM,"{'id': 'GU', 'value': 'Guam'}",2019,
GUM,"{'id': 'GU', 'value': 'Guam'}",2018,
GUM,"{'id': 'GU', 'value': 'Guam'}",2017,
GUM,"{'id': 'GU', 'value': 'Guam'}",2016,
GUM,"{'id': 'GU', 'value': 'Guam'}",2015,
GTM,"{'id': 'GT', 'value': 'Guatemala'}",2024,2.86992752918294
GTM,"{'id': 'GT', 'value': 'Guatemala'}",2023,6.20657592272126
GTM,"{'id': 'GT', 'value': 'Guatemala'}",2022,6.88512823344287
GTM,"{'id': 'GT', 'value': 'Guatemala'}",2021,4.26105127422813
GTM,"{'id': 'GT', 'value': 'Guatemala'}",2020,3.21444062197345
GTM,"{'id': 'GT', 'value': 'Guatemala'}",2019,3.69998398008605
GTM,"{'id': 'GT', 'value': 'Guatemala'}",2018,3.75186186704508
GTM,"{'id': 'GT', 'value': 'Guatemala'}",2017,4.42453655182546
GTM,"{'id': 'GT', 'value': 'Guatemala'}",2016,4.44844199942827
GTM,"{'id': 'GT', 'value': 'Guatemala'}",2015,2.3887203283955
GIN,"{'id': 'GN', 'value': 'Guinea'}",2024,8.12313914948596
GIN,"{'id': 'GN', 'value': 'Guinea'}",2023,7.80497591927973
GIN,"{'id': 'GN', 'value': 'Guinea'}",2022,10.4930409984424
GIN,"{'id': 'GN', 'value': 'Guinea'}",2021,12.5972882566934
GIN,"{'id': 'GN', 'value': 'Guinea'}",2020,10.6016203387167
GIN,"{'id': 'GN', 'value': 'Guinea'}",2019,9.47001039253012
GIN,"{'id': 'GN', 'value': 'Guinea'}",2018,9.82761701259191
GIN,"{'id': 'GN', 'value': 'Guinea'}",2017,8.91435947913097
GIN,"{'id': 'GN', 'value': 'Guinea'}",2016,8.17268112275132
GIN,"{'id': 'GN', 'value': 'Guinea'}",2015,11.7800825029834
GNB,"{'id': 'GW', 'value': 'Guinea-Bissau'}",2024,3.76555825770114
GNB,"{'id': 'GW', 'value': 'Guinea-Bissau'}",2023,7.10220928557059
GNB,"{'id': 'GW', 'value': 'Guinea-Bissau'}",2022,9.39075933985203
GNB,"{'id': 'GW', 'value': 'Guinea-Bissau'}",2021,2.24248879577658
GNB,"{'id': 'GW', 'value': 'Guinea-Bissau'}",2020,1.14000939393222
GNB,"{'id': 'GW', 'value': 'Guinea-Bissau'}",2019,0.24660026814783
GNB,"{'id': 'GW', 'value': 'Guinea-Bissau'}",2018,0.381324702790992
GNB,"{'id': 'GW', 'value': 'Guinea-Bissau'}",2017,1.69111461822298
GNB,"{'id': 'GW', 'value': 'Guinea-Bissau'}",2016,1.50312055861088
GNB,"{'id': 'GW', 'value': 'Guinea-Bissau'}",2015,1.47672048910485
GUY,"{'id': 'GY', 'value': 'Guyana'}",2024,2.90395226446373
GUY,"{'id': 'GY', 'value': 'Guyana'}",2023,2.82110335099641
GUY,"{'id': 'GY', 'value': 'Guyana'}",2022,6.11505550109935
GUY,"{'id': 'GY', 'value': 'Guyana'}",2021,5.03285574626702
GUY,"{'id': 'GY', 'value': 'Guyana'}",2020,0.99333702283873
GUY,"{'id': 'GY', 'value': 'Guyana'}",2019,2.08723089162013
GUY,"{'id': 'GY', 'value': 'Guyana'}",2018,1.28284288443528
GUY,"{'id': 'GY', 'value': 'Guyana'}",2017,1.90465615515584
GUY,"{'id': 'GY', 'value': 'Guyana'}",2016,0.836008061506207
GUY,"{'id': 'GY', 'value': 'Guyana'}",2015,-1.00173432776374
HTI,"{'id': 'HT', 'value': 'Haiti'}",2024,26.9490564091987
HTI,"{'id': 'HT', 'value': 'Haiti'}",2023,36.8135162780854
HTI,"{'id': 'HT', 'value': 'Haiti'}",2022,33.98393194707
HTI,"{'id': 'HT', 'value': 'Haiti'}",2021,16.8415240198785
HTI,"{'id': 'HT', 'value': 'Haiti'}",2020,22.7963113642528
HTI,"{'id': 'HT', 'value': 'Haiti'}",2019,18.7037825672506
HTI,"{'id': 'HT', 'value': 'Haiti'}",2018,12.4814111170435
HTI,"{'id': 'HT', 'value': 'Haiti'}",2017,10.6800887242584
HTI,"{'id': 'HT', 'value': 'Haiti'}",2016,11.5029073942666
HTI,"{'id': 'HT', 'value': 'Haiti'}",2015,6.73184069658997
HND,"{'id': 'HN', 'value': 'Honduras'}",2024,4.60621098127107
HND,"{'id': 'HN', 'value': 'Honduras'}",2023,6.66325180347457
HND,"{'id': 'HN', 'value': 'Honduras'}",2022,9.08963911525025
HND,"{'id': 'HN', 'value': 'Honduras'}",2021,4.48087963413445
HND,"{'id': 'HN', 'value': 'Honduras'}",2020,3.46841177951184
HND,"{'id': 'HN', 'value': 'Honduras'}",2019,4.36587159819267
HND,"{'id': 'HN', 'value': 'Honduras'}",2018,4.34734937777528
HND,"{'id': 'HN', 'value': 'Honduras'}",2017,3.93436084442044
HND,"{'id': 'HN', 'value': 'Honduras'}",2016,2.72461223295289
HND,"{'id': 'HN', 'value': 'Honduras'}",2015,3.15783117980923
HKG,"{'id': 'HK', 'value': 'Hong Kong SAR, China'}",2024,1.72972119105914
HKG,"{'id': 'HK', 'value': 'Hong Kong SAR, China'}",2023,2.09660511249089
HKG,"{'id': 'HK', 'value': 'Hong Kong SAR, China'}",2022,1.88136707196853
HKG,"{'id': 'HK', 'value': 'Hong Kong SAR, China'}",2021,1.56875834445922
HKG,"{'id': 'HK', 'value': 'Hong Kong SAR, China'}",2020,0.2509620210808
HKG,"{'id': 'HK', 'value': 'Hong Kong SAR, China'}",2019,2.88320853773996
HKG,"{'id': 'HK', 'value': 'Hong Kong SAR, China'}",2018,2.40613432046534
HKG,"{'id': 'HK', 'value': 'Hong Kong SAR, China'}",2017,1.49387243939522
HKG,"{'id': 'HK', 'value': 'Hong Kong SAR, China'}",2016,2.40930743862224
HKG,"{'id': 'HK', 'value': 'Hong Kong SAR, China'}",2015,2.99084819322581
HUN,"{'id': 'HU', 'value': 'Hungary'}",2024,3.70370370370369
HUN,"{'id': 'HU', 'value': 'Hungary'}",2023,17.1249659678737
HUN,"{'id': 'HU', 'value': 'Hungary'}",2022,14.6081439492433
HUN,"{'id': 'HU', 'value': 'Hungary'}",2021,5.11096534382855
HUN,"{'id': 'HU', 'value': 'Hungary'}",2020,3.32674385766738
HUN,"{'id': 'HU', 'value': 'Hungary'}",2019,3.33858635382008
HUN,"{'id': 'HU', 'value': 'Hungary'}",2018,2.85024792594646
HUN,"{'id': 'HU', 'value': 'Hungary'}",2017,2.34824281150154
HUN,"{'id': 'HU', 'value': 'Hungary'}",2016,0.394769306686392
HUN,"{'id': 'HU', 'value': 'Hungary'}",2015,-0.0616446800641672
ISL,"{'id': 'IS', 'value': 'Iceland'}",2024,5.85683849970066
ISL,"{'id': 'IS', 'value': 'Iceland'}",2023,8.73630299937298
ISL,"{'id': 'IS', 'value': 'Iceland'}",2022,8.3087551155892
ISL,"{'id': 'IS', 'value': 'Iceland'}",2021,4.44423970189739
ISL,"{'id': 'IS', 'value': 'Iceland'}",2020,2.84792401518665
ISL,"{'id': 'IS', 'value': 'Iceland'}",2019,3.01397179156053
ISL,"{'id': 'IS', 'value': 'Iceland'}",2018,2.68291768267392
ISL,"{'id': 'IS', 'value': 'Iceland'}",2017,1.76041559180596
ISL,"{'id': 'IS', 'value': 'Iceland'}",2016,1.69692761997751
ISL,"{'id': 'IS', 'value': 'Iceland'}",2015,1.63305558181326
IND,"{'id': 'IN', 'value': 'India'}",2024,4.95303550973656
IND,"{'id': 'IN', 'value': 'India'}",2023,5.64914318907925
IND,"{'id': 'IN', 'value': 'India'}",2022,6.69903414079852
IND,"{'id': 'IN', 'value': 'India'}",2021,5.13140747176369
IND,"{'id': 'IN', 'value': 'India'}",2020,6.62343677628535
IND,"{'id': 'IN', 'value': 'India'}",2019,3.72950573539129
IND,"{'id': 'IN', 'value': 'India'}",2018,3.9388264669163
IND,"{'id': 'IN', 'value': 'India'}",2017,3.32817337461298
IND,"{'id': 'IN', 'value': 'India'}",2016,4.94821634062141
IND,"{'id': 'IN', 'value': 'India'}",2015,4.90697344127256
IDN,"{'id': 'ID', 'value': 'Indonesia'}",2024,2.18151273615189
IDN,"{'id': 'ID', 'value': 'Indonesia'}",2023,3.66938654859761
IDN,"{'id': 'ID', 'value': 'Indonesia'}",2022,4.20946463714784
IDN,"{'id': 'ID', 'value': 'Indonesia'}",2021,1.56007882983334
IDN,"{'id': 'ID', 'value': 'Indonesia'}",2020,1.91983527270793
IDN,"{'id': 'ID', 'value': 'Indonesia'}",2019,3.03058460941661
IDN,"{'id': 'ID', 'value': 'Indonesia'}",2018,3.19834755924996
IDN,"{'id': 'ID', 'value': 'Indonesia'}",2017,3.80879857691949
IDN,"{'id': 'ID', 'value': 'Indonesia'}",2016,3.52580452815451
IDN,"{'id': 'ID', 'value': 'Indonesia'}",2015,6.36312061196646
IRN,"{'id': 'IR', 'value': 'Iran, Islamic Rep.'}",2024,32.455871402917
IRN,"{'id': 'IR', 'value': 'Iran, Islamic Rep.'}",2023,44.5791857572797
IRN,"{'id': 'IR', 'value': 'Iran, Islamic Rep.'}",2022,43.4884641742179
IRN,"{'id': 'IR', 'value': 'Iran, Islamic Rep.'}",2021,43.3890162681514
IRN,"{'id': 'IR', 'value': 'Iran, Islamic Rep.'}",2020,30.5941390387295
IRN,"{'id': 'IR', 'value': 'Iran, Islamic Rep.'}",2019,39.9073455697784
IRN,"{'id': 'IR', 'value': 'Iran, Islamic Rep.'}",2018,18.0141183371874
IRN,"{'id': 'IR', 'value': 'Iran, Islamic Rep.'}",2017,8.04492437660278
IRN,"{'id': 'IR', 'value': 'Iran, Islamic Rep.'}",2016,7.24542548952979
IRN,"{'id': 'IR', 'value': 'Iran, Islamic Rep.'}",2015,12.4846815611533
IRQ,"{'id': 'IQ', 'value': 'Iraq'}",2024,-12.2969837587007
IRQ,"{'id': 'IQ', 'value': 'Iraq'}",2023,4.35835351089586
IRQ,"{'id': 'IQ', 'value': 'Iraq'}",2022,4.99476596381044
IRQ,"{'id': 'IQ', 'value': 'Iraq'}",2021,6.04186489058044
IRQ,"{'id': 'IQ', 'value': 'Iraq'}",2020,0.574162679425795
IRQ,"{'id': 'IQ', 'value': 'Iraq'}",2019,-0.198965380023928
IRQ,"{'id': 'IQ', 'value': 'Iraq'}",2018,0.367441488936849
IRQ,"{'id': 'IQ', 'value': 'Iraq'}",2017,0.18405889884769
IRQ,"{'id': 'IQ', 'value': 'Iraq'}",2016,0.556521397155511
IRQ,"{'id': 'IQ', 'value': 'Iraq'}",2015,1.39333028780309
IRL,"{'id': 'IE', 'value': 'Ireland'}",2024,2.11344999577317
IRL,"{'id': 'IE', 'value': 'Ireland'}",2023,6.29942487419125
IRL,"{'id': 'IE', 'value': 'Ireland'}",2022,7.82945736434105
IRL,"{'id': 'IE', 'value': 'Ireland'}",2021,2.34034113447044
IRL,"{'id': 'IE', 'value': 'Ireland'}",2020,-0.326183651280033
IRL,"{'id': 'IE', 'value': 'Ireland'}",2019,0.937842961189274
IRL,"{'id': 'IE', 'value': 'Ireland'}",2018,0.471130713712916
IRL,"{'id': 'IE', 'value': 'Ireland'}",2017,0.362173038229378
IRL,"{'id': 'IE', 'value': 'Ireland'}",2016,0.0201247735963237
IRL,"{'id': 'IE', 'value': 'Ireland'}",2015,-0.330959783371788
IMN,"{'id': 'IM', 'value': 'Isle of Man'}",2024,
IMN,"{'id': 'IM', 'value': 'Isle of Man'}",2023,
IMN,"{'id': 'IM', 'value': 'Isle of Man'}",2022,
IMN,"{'id': 'IM', 'value': 'Isle of Man'}",2021,
IMN,"{'id': 'IM', 'value': 'Isle of Man'}",2020,
IMN,"{'id': 'IM', 'value': 'Isle of Man'}",2019,
IMN,"{'id': 'IM', 'value': 'Isle of Man'}",2018,
IMN,"{'id': 'IM', 'value': 'Isle of Man'}",2017,
IMN,"{'id': 'IM', 'value': 'Isle of Man'}",2016,
IMN,"{'id': 'IM', 'value': 'Isle of Man'}",2015,
ISR,"{'id': 'IL', 'value': 'Israel'}",2024,3.07480889805025
ISR,"{'id': 'IL', 'value': 'Israel'}",2023,4.22522603168918
ISR,"{'id': 'IL', 'value': 'Israel'}",2022,4.41162725488371
ISR,"{'id': 'IL', 'value': 'Israel'}",2021,1.47965474722561
ISR,"{'id': 'IL', 'value': 'Israel'}",2020,-0.575254620897756
ISR,"{'id': 'IL', 'value': 'Israel'}",2019,0.817645940292794
ISR,"{'id': 'IL', 'value': 'Israel'}",2018,0.805060379528526
ISR,"{'id': 'IL', 'value': 'Israel'}",2017,0.249807840123008
ISR,"{'id': 'IL', 'value': 'Israel'}",2016,-0.535168195718695
ISR,"{'id': 'IL', 'value': 'Israel'}",2015,-0.617342577642765
ITA,"{'id': 'IT', 'value': 'Italy'}",2024,0.982373023061417
ITA,"{'id': 'IT', 'value': 'Italy'}",2023,5.62219442195901
ITA,"{'id': 'IT', 'value': 'Italy'}",2022,8.20128991161718
ITA,"{'id': 'IT', 'value': 'Italy'}",2021,1.87378325762481
ITA,"{'id': 'IT', 'value': 'Italy'}",2020,-0.13770757391651
ITA,"{'id': 'IT', 'value': 'Italy'}",2019,0.611246943765304
ITA,"{'id': 'IT', 'value': 'Italy'}",2018,1.13748763600391
ITA,"{'id': 'IT', 'value': 'Italy'}",2017,1.22653316645812
ITA,"{'id': 'IT', 'value': 'Italy'}",2016,-0.09401665691575
ITA,"{'id': 'IT', 'value': 'Italy'}",2015,0.0387903996579733
JAM,"{'id': 'JM', 'value': 'Jamaica'}",2024,5.41194447981659
JAM,"{'id': 'JM', 'value': 'Jamaica'}",2023,6.47413734662063
JAM,"{'id': 'JM', 'value': 'Jamaica'}",2022,10.3495688391272
JAM,"{'id': 'JM', 'value': 'Jamaica'}",2021,5.86278242801063
JAM,"{'id': 'JM', 'value': 'Jamaica'}",2020,5.2267777929352
JAM,"{'id': 'JM', 'value': 'Jamaica'}",2019,3.90510000865872
JAM,"{'id': 'JM', 'value': 'Jamaica'}",2018,3.73663882152163
JAM,"{'id': 'JM', 'value': 'Jamaica'}",2017,4.37839864991561
JAM,"{'id': 'JM', 'value': 'Jamaica'}",2016,2.35102197485846
JAM,"{'id': 'JM', 'value': 'Jamaica'}",2015,3.69154228855725
JPN,"{'id': 'JP', 'value': 'Japan'}",2024,2.73853681635241
JPN,"{'id': 'JP', 'value': 'Japan'}",2023,3.26813365933163
JPN,"{'id': 'JP', 'value': 'Japan'}",2022,2.49770278172255
JPN,"{'id': 'JP', 'value': 'Japan'}",2021,-0.233352779398264
JPN,"{'id': 'JP', 'value': 'Japan'}",2020,-0.024995834027731
JPN,"{'id': 'JP', 'value': 'Japan'}",2019,0.46877615938395
JPN,"{'id': 'JP', 'value': 'Japan'}",2018,0.989094598021848
JPN,"{'id': 'JP', 'value': 'Japan'}",2017,0.484199796126385
JPN,"{'id': 'JP', 'value': 'Japan'}",2016,-0.127258844489754
JPN,"{'id': 'JP', 'value': 'Japan'}",2015,0.795279630579839
JOR,"{'id': 'JO', 'value': 'Jordan'}",2024,1.55659611283953
JOR,"{'id': 'JO', 'value': 'Jordan'}",2023,2.08486986327134
JOR,"{'id': 'JO', 'value': 'Jordan'}",2022,4.22915568897117
JOR,"{'id': 'JO', 'value': 'Jordan'}",2021,1.34609377243118
JOR,"{'id': 'JO', 'value': 'Jordan'}",2020,0.333294350628378
JOR,"{'id': 'JO', 'value': 'Jordan'}",2019,0.761514047265601
JOR,"{'id': 'JO', 'value': 'Jordan'}",2018,4.46231108475481
JOR,"{'id': 'JO', 'value': 'Jordan'}",2017,3.32389447576097
JOR,"{'id': 'JO', 'value': 'Jordan'}",2016,-0.778430463054142
JOR,"{'id': 'JO', 'value': 'Jordan'}",2015,-0.876851359704049
KAZ,"{'id': 'KZ', 'value': 'Kazakhstan'}",2024,8.83943897452672
KAZ,"{'id': 'KZ', 'value': 'Kazakhstan'}",2023,14.7249900200331
KAZ,"{'id': 'KZ', 'value': 'Kazakhstan'}",2022,15.0278644440851
KAZ,"{'id': 'KZ', 'value': 'Kazakhstan'}",2021,8.04147134028391
KAZ,"{'id': 'KZ', 'value': 'Kazakhstan'}",2020,6.71815454861464
KAZ,"{'id': 'KZ', 'value': 'Kazakhstan'}",2019,5.33356098916675
KAZ,"{'id': 'KZ', 'value': 'Kazakhstan'}",2018,6.16366247577757
KAZ,"{'id': 'KZ', 'value': 'Kazakhstan'}",2017,7.44266321306792
KAZ,"{'id': 'KZ', 'value': 'Kazakhstan'}",2016,14.3610942386248
KAZ,"{'id': 'KZ', 'value': 'Kazakhstan'}",2015,6.67828585615244
KEN,"{'id': 'KE', 'value': 'Kenya'}",2024,4.48978854243448
KEN,"{'id': 'KE', 'value': 'Kenya'}",2023,7.67139634029402
KEN,"{'id': 'KE', 'value': 'Kenya'}",2022,7.65986268272224
KEN,"{'id': 'KE', 'value': 'Kenya'}",2021,6.10793603659176
KEN,"{'id': 'KE', 'value': 'Kenya'}",2020,5.40516207933392
KEN,"{'id': 'KE', 'value': 'Kenya'}",2019,5.23963795764792
KEN,"{'id': 'KE', 'value': 'Kenya'}",2018,4.6898064677633
KEN,"{'id': 'KE', 'value': 'Kenya'}",2017,8.00564967709945
KEN,"{'id': 'KE', 'value': 'Kenya'}",2016,6.29724953814625
KEN,"{'id': 'KE', 'value': 'Kenya'}",2015,6.58215429284779
KIR,"{'id': 'KI', 'value': 'Kiribati'}",2024,2.45545072159028
KIR,"{'id': 'KI', 'value': 'Kiribati'}",2023,9.28307374517721
KIR,"{'id': 'KI', 'value': 'Kiribati'}",2022,5.34595440908904
KIR,"{'id': 'KI', 'value': 'Kiribati'}",2021,2.05361676773907
KIR,"{'id': 'KI', 'value': 'Kiribati'}",2020,2.5532455441463
KIR,"{'id': 'KI', 'value': 'Kiribati'}",2019,-1.81307995302947
KIR,"{'id': 'KI', 'value': 'Kiribati'}",2018,0.564030491493476
KIR,"{'id': 'KI', 'value': 'Kiribati'}",2017,0.355520888546828
KIR,"{'id': 'KI', 'value': 'Kiribati'}",2016,1.91731090233378
KIR,"{'id': 'KI', 'value': 'Kiribati'}",2015,0.572015743634256
PRK,"{'id': 'KP', 'value': ""Korea, Dem. People's Rep.""}",2024,
PRK,"{'id': 'KP', 'value': ""Korea, Dem. People's Rep.""}",2023,
PRK,"{'id': 'KP', 'value': ""Korea, Dem. People's Rep.""}",2022,
PRK,"{'id': 'KP', 'value': ""Korea, Dem. People's Rep.""}",2021,
PRK,"{'id': 'KP', 'value': ""Korea, Dem. People's Rep.""}",2020,
PRK,"{'id': 'KP', 'value': ""Korea, Dem. People's Rep.""}",2019,
PRK,"{'id': 'KP', 'value': ""Korea, Dem. People's Rep.""}",2018,
PRK,"{'id': 'KP', 'value': ""Korea, Dem. People's Rep.""}",2017,
PRK,"{'id': 'KP', 'value': ""Korea, Dem. People's Rep.""}",2016,
PRK,"{'id': 'KP', 'value': ""Korea, Dem. People's Rep.""}",2015,
KOR,"{'id': 'KR', 'value': 'Korea, Rep.'}",2024,2.32174328643542
KOR,"{'id': 'KR', 'value': 'Korea, Rep.'}",2023,3.5974562502901
KOR,"{'id': 'KR', 'value': 'Korea, Rep.'}",2022,5.08951365062842
KOR,"{'id': 'KR', 'value': 'Korea, Rep.'}",2021,2.49833333333339
KOR,"{'id': 'KR', 'value': 'Korea, Rep.'}",2020,0.537288023411737
KOR,"{'id': 'KR', 'value': 'Korea, Rep.'}",2019,0.383000303608136
KOR,"{'id': 'KR', 'value': 'Korea, Rep.'}",2018,1.47583935002645
KOR,"{'id': 'KR', 'value': 'Korea, Rep.'}",2017,1.94433230786366
KOR,"{'id': 'KR', 'value': 'Korea, Rep.'}",2016,0.971685739912168
KOR,"{'id': 'KR', 'value': 'Korea, Rep.'}",2015,0.70633177245575
XKX,"{'id': 'XK', 'value': 'Kosovo'}",2024,1.61944994559476
XKX,"{'id': 'XK', 'value': 'Kosovo'}",2023,4.94432438791283
XKX,"{'id': 'XK', 'value': 'Kosovo'}",2022,11.5805104542012
XKX,"{'id': 'XK', 'value': 'Kosovo'}",2021,3.35369139207997
XKX,"{'id': 'XK', 'value': 'Kosovo'}",2020,0.198227922994854
XKX,"{'id': 'XK', 'value': 'Kosovo'}",2019,2.67599202639893
XKX,"{'id': 'XK', 'value': 'Kosovo'}",2018,1.05379773654991
XKX,"{'id': 'XK', 'value': 'Kosovo'}",2017,1.48823430592319
XKX,"{'id': 'XK', 'value': 'Kosovo'}",2016,0.273169431045468
XKX,"{'id': 'XK', 'value': 'Kosovo'}",2015,-0.536929392740659
KWT,"{'id': 'KW', 'value': 'Kuwait'}",2024,2.89855072463762
KWT,"{'id': 'KW', 'value': 'Kuwait'}",2023,3.64216403030709
KWT,"{'id': 'KW', 'value': 'Kuwait'}",2022,3.98064961990313
KWT,"{'id': 'KW', 'value': 'Kuwait'}",2021,3.42362947609188
KWT,"{'id': 'KW', 'value': 'Kuwait'}",2020,2.101729548274
KWT,"{'id': 'KW', 'value': 'Kuwait'}",2019,1.09184802655856
KWT,"{'id': 'KW', 'value': 'Kuwait'}",2018,0.543133148199567
KWT,"{'id': 'KW', 'value': 'Kuwait'}",2017,2.17183298510006
KWT,"{'id': 'KW', 'value': 'Kuwait'}",2016,3.19839776658374
KWT,"{'id': 'KW', 'value': 'Kuwait'}",2015,3.27170166092133
KGZ,"{'id': 'KG', 'value': 'Kyrgyz Republic'}",2024,
KGZ,"{'id': 'KG', 'value': 'Kyrgyz Republic'}",2023,10.7532770416742
KGZ,"{'id': 'KG', 'value': 'Kyrgyz Republic'}",2022,13.9229093174176
KGZ,"{'id': 'KG', 'value': 'Kyrgyz Republic'}",2021,11.9050398185147
KGZ,"{'id': 'KG', 'value': 'Kyrgyz Republic'}",2020,6.32542296338078
KGZ,"{'id': 'KG', 'value': 'Kyrgyz Republic'}",2019,1.13362257718804
KGZ,"{'id': 'KG', 'value': 'Kyrgyz Republic'}",2018,1.54266145238436
KGZ,"{'id': 'KG', 'value': 'Kyrgyz Republic'}",2017,3.1753098637994
KGZ,"{'id': 'KG', 'value': 'Kyrgyz Republic'}",2016,0.388838296895799
KGZ,"{'id': 'KG', 'value': 'Kyrgyz Republic'}",2015,6.50331838993384
LAO,"{'id': 'LA', 'value': 'Lao PDR'}",2024,23.1305695942588
LAO,"{'id': 'LA', 'value': 'Lao PDR'}",2023,31.2301341732646
LAO,"{'id': 'LA', 'value': 'Lao PDR'}",2022,22.9562225132056
LAO,"{'id': 'LA', 'value': 'Lao PDR'}",2021,3.75562036658877
LAO,"{'id': 'LA', 'value': 'Lao PDR'}",2020,5.10407262959919
LAO,"{'id': 'LA', 'value': 'Lao PDR'}",2019,3.32255881256925
LAO,"{'id': 'LA', 'value': 'Lao PDR'}",2018,2.04039266890201
LAO,"{'id': 'LA', 'value': 'Lao PDR'}",2017,0.825478607568026
LAO,"{'id': 'LA', 'value': 'Lao PDR'}",2016,1.59691227583204
LAO,"{'id': 'LA', 'value': 'Lao PDR'}",2015,1.27735427102992
LVA,"{'id': 'LV', 'value': 'Latvia'}",2024,1.26579885828729
LVA,"{'id': 'LV', 'value': 'Latvia'}",2023,8.93804623316637
LVA,"{'id': 'LV', 'value': 'Latvia'}",2022,17.3102830198815
LVA,"{'id': 'LV', 'value': 'Latvia'}",2021,3.27582937431156
LVA,"{'id': 'LV', 'value': 'Latvia'}",2020,0.219064904842156
LVA,"{'id': 'LV', 'value': 'Latvia'}",2019,2.81140920075615
LVA,"{'id': 'LV', 'value': 'Latvia'}",2018,2.53445424186598
LVA,"{'id': 'LV', 'value': 'Latvia'}",2017,2.93036312374665
LVA,"{'id': 'LV', 'value': 'Latvia'}",2016,0.140633334505327
LVA,"{'id': 'LV', 'value': 'Latvia'}",2015,0.174242243625186
LBN,"{'id': 'LB', 'value': 'Lebanon'}",2024,45.2430422716718
LBN,"{'id': 'LB', 'value': 'Lebanon'}",2023,221.341644023365
LBN,"{'id': 'LB', 'value': 'Lebanon'}",2022,171.205491336641
LBN,"{'id': 'LB', 'value': 'Lebanon'}",2021,154.756096023393
LBN,"{'id': 'LB', 'value': 'Lebanon'}",2020,84.8643330472041
LBN,"{'id': 'LB', 'value': 'Lebanon'}",2019,3.00538949390383
LBN,"{'id': 'LB', 'value': 'Lebanon'}",2018,6.07698907889607
LBN,"{'id': 'LB', 'value': 'Lebanon'}",2017,4.32135218303191
LBN,"{'id': 'LB', 'value': 'Lebanon'}",2016,-0.783359624361508
LBN,"{'id': 'LB', 'value': 'Lebanon'}",2015,-3.74914524799629
LSO,"{'id': 'LS', 'value': 'Lesotho'}",2024,6.10544624245032
LSO,"{'id': 'LS', 'value': 'Lesotho'}",2023,6.34221743124953
LSO,"{'id': 'LS', 'value': 'Lesotho'}",2022,8.27180389943028
LSO,"{'id': 'LS', 'value': 'Lesotho'}",2021,6.04774591950676
LSO,"{'id': 'LS', 'value': 'Lesotho'}",2020,4.97809676252309
LSO,"{'id': 'LS', 'value': 'Lesotho'}",2019,5.18708359197982
LSO,"{'id': 'LS', 'value': 'Lesotho'}",2018,4.7518030162474
LSO,"{'id': 'LS', 'value': 'Lesotho'}",2017,4.447699373763
LSO,"{'id': 'LS', 'value': 'Lesotho'}",2016,6.59650490696543
LSO,"{'id': 'LS', 'value': 'Lesotho'}",2015,3.21844513655931
LBR,"{'id': 'LR', 'value': 'Liberia'}",2024,8.21497439118964
LBR,"{'id': 'LR', 'value': 'Liberia'}",2023,10.0944535665552
LBR,"{'id': 'LR', 'value': 'Liberia'}",2022,7.59298486560313
LBR,"{'id': 'LR', 'value': 'Liberia'}",2021,7.81559385858648
LBR,"{'id': 'LR', 'value': 'Liberia'}",2020,16.9557241496255
LBR,"{'id': 'LR', 'value': 'Liberia'}",2019,26.9662760197878
LBR,"{'id': 'LR', 'value': 'Liberia'}",2018,23.5635148953742
LBR,"{'id': 'LR', 'value': 'Liberia'}",2017,12.4196323907138
LBR,"{'id': 'LR', 'value': 'Liberia'}",2016,8.83424868336488
LBR,"{'id': 'LR', 'value': 'Liberia'}",2015,7.74869687621322
LBY,"{'id': 'LY', 'value': 'Libya'}",2024,2.12615766885025
LBY,"{'id': 'LY', 'value': 'Libya'}",2023,2.37317531435169
LBY,"{'id': 'LY', 'value': 'Libya'}",2022,4.51030149235703
LBY,"{'id': 'LY', 'value': 'Libya'}",2021,2.86833027751019
LBY,"{'id': 'LY', 'value': 'Libya'}",2020,1.44703656998741
LBY,"{'id': 'LY', 'value': 'Libya'}",2019,-2.16217883470595
LBY,"{'id': 'LY', 'value': 'Libya'}",2018,13.1702038536721
LBY,"{'id': 'LY', 'value': 'Libya'}",2017,25.8036184788338
LBY,"{'id': 'LY', 'value': 'Libya'}",2016,25.8538742124461
LBY,"{'id': 'LY', 'value': 'Libya'}",2015,10.4022933588151
LIE,"{'id': 'LI', 'value': 'Liechtenstein'}",2024,
LIE,"{'id': 'LI', 'value': 'Liechtenstein'}",2023,
LIE,"{'id': 'LI', 'value': 'Liechtenstein'}",2022,
LIE,"{'id': 'LI', 'value': 'Liechtenstein'}",2021,
LIE,"{'id': 'LI', 'value': 'Liechtenstein'}",2020,
LIE,"{'id': 'LI', 'value': 'Liechtenstein'}",2019,
LIE,"{'id': 'LI', 'value': 'Liechtenstein'}",2018,
LIE,"{'id': 'LI', 'value': 'Liechtenstein'}",2017,
LIE,"{'id': 'LI', 'value': 'Liechtenstein'}",2016,
LIE,"{'id': 'LI', 'value': 'Liechtenstein'}",2015,
LTU,"{'id': 'LT', 'value': 'Lithuania'}",2024,0.715735835228723
LTU,"{'id': 'LT', 'value': 'Lithuania'}",2023,9.11731962390475
LTU,"{'id': 'LT', 'value': 'Lithuania'}",2022,19.7050461518394
LTU,"{'id': 'LT', 'value': 'Lithuania'}",2021,4.68354420903453
LTU,"{'id': 'LT', 'value': 'Lithuania'}",2020,1.19989444983569
LTU,"{'id': 'LT', 'value': 'Lithuania'}",2019,2.33450937988027
LTU,"{'id': 'LT', 'value': 'Lithuania'}",2018,2.69792779208394
LTU,"{'id': 'LT', 'value': 'Lithuania'}",2017,3.72288862303707
LTU,"{'id': 'LT', 'value': 'Lithuania'}",2016,0.905525075460342
LTU,"{'id': 'LT', 'value': 'Lithuania'}",2015,-0.884097405500596
LUX,"{'id': 'LU', 'value': 'Luxembourg'}",2024,2.05113269954859
LUX,"{'id': 'LU', 'value': 'Luxembourg'}",2023,3.74140361983136
LUX,"{'id': 'LU', 'value': 'Luxembourg'}",2022,6.33600807777919
LUX,"{'id': 'LU', 'value': 'Luxembourg'}",2021,2.52692009066166
LUX,"{'id': 'LU', 'value': 'Luxembourg'}",2020,0.819957302127036
LUX,"{'id': 'LU', 'value': 'Luxembourg'}",2019,1.74332075653848
LUX,"{'id': 'LU', 'value': 'Luxembourg'}",2018,1.5281952430738
LUX,"{'id': 'LU', 'value': 'Luxembourg'}",2017,1.73079959118887
LUX,"{'id': 'LU', 'value': 'Luxembourg'}",2016,0.290833333333317
LUX,"{'id': 'LU', 'value': 'Luxembourg'}",2015,0.474743161437779
MAC,"{'id': 'MO', 'value': 'Macao SAR, China'}",2024,
MAC,"{'id': 'MO', 'value': 'Macao SAR, China'}",2023,0.476384495788075
MAC,"{'id': 'MO', 'value': 'Macao SAR, China'}",2022,1.04502802369954
MAC,"{'id': 'MO', 'value': 'Macao SAR, China'}",2021,0.0264543647054126
MAC,"{'id': 'MO', 'value': 'Macao SAR, China'}",2020,0.811410511491651
MAC,"{'id': 'MO', 'value': 'Macao SAR, China'}",2019,2.75193081051982
MAC,"{'id': 'MO', 'value': 'Macao SAR, China'}",2018,3.00446293166938
MAC,"{'id': 'MO', 'value': 'Macao SAR, China'}",2017,1.22812404052816
MAC,"{'id': 'MO', 'value': 'Macao SAR, China'}",2016,2.36895749705898
MAC,"{'id': 'MO', 'value': 'Macao SAR, China'}",2015,4.56056338028164
MDG,"{'id': 'MG', 'value': 'Madagascar'}",2024,
MDG,"{'id': 'MG', 'value': 'Madagascar'}",2023,9.87432675044888
MDG,"{'id': 'MG', 'value': 'Madagascar'}",2022,8.16059031991844
MDG,"{'id': 'MG', 'value': 'Madagascar'}",2021,5.81225118787715
MDG,"{'id': 'MG', 'value': 'Madagascar'}",2020,4.20179312190557
MDG,"{'id': 'MG', 'value': 'Madagascar'}",2019,5.61051441492365
MDG,"{'id': 'MG', 'value': 'Madagascar'}",2018,8.59422958870476
MDG,"{'id': 'MG', 'value': 'Madagascar'}",2017,8.60905075422949
MDG,"{'id': 'MG', 'value': 'Madagascar'}",2016,6.03575858154679
MDG,"{'id': 'MG', 'value': 'Madagascar'}",2015,7.40419174202129
MWI,"{'id': 'MW', 'value': 'Malawi'}",2024,32.1796504225025
MWI,"{'id': 'MW', 'value': 'Malawi'}",2023,28.7897428247298
MWI,"{'id': 'MW', 'value': 'Malawi'}",2022,20.953969729969
MWI,"{'id': 'MW', 'value': 'Malawi'}",2021,9.33014410835212
MWI,"{'id': 'MW', 'value': 'Malawi'}",2020,8.62551469650552
MWI,"{'id': 'MW', 'value': 'Malawi'}",2019,9.3708360560567
MWI,"{'id': 'MW', 'value': 'Malawi'}",2018,12.420178108921
MWI,"{'id': 'MW', 'value': 'Malawi'}",2017,11.5433939188771
MWI,"{'id': 'MW', 'value': 'Malawi'}",2016,21.7111132136499
MWI,"{'id': 'MW', 'value': 'Malawi'}",2015,21.8673475542553
MYS,"{'id': 'MY', 'value': 'Malaysia'}",2024,1.834100204499
MYS,"{'id': 'MY', 'value': 'Malaysia'}",2023,2.48886560125754
MYS,"{'id': 'MY', 'value': 'Malaysia'}",2022,3.37869862549928
MYS,"{'id': 'MY', 'value': 'Malaysia'}",2021,2.47710241465447
MYS,"{'id': 'MY', 'value': 'Malaysia'}",2020,-1.1387021539305
MYS,"{'id': 'MY', 'value': 'Malaysia'}",2019,0.662891865764326
MYS,"{'id': 'MY', 'value': 'Malaysia'}",2018,0.884709160571235
MYS,"{'id': 'MY', 'value': 'Malaysia'}",2017,3.87120115774237
MYS,"{'id': 'MY', 'value': 'Malaysia'}",2016,2.09056659525742
MYS,"{'id': 'MY', 'value': 'Malaysia'}",2015,2.10438980238359
MDV,"{'id': 'MV', 'value': 'Maldives'}",2024,1.39979779674928
MDV,"{'id': 'MV', 'value': 'Maldives'}",2023,2.92746542425035
MDV,"{'id': 'MV', 'value': 'Maldives'}",2022,2.33314337624567
MDV,"{'id': 'MV', 'value': 'Maldives'}",2021,0.543149688737013
MDV,"{'id': 'MV', 'value': 'Maldives'}",2020,-1.36977425569811
MDV,"{'id': 'MV', 'value': 'Maldives'}",2019,0.220029731065383
MDV,"{'id': 'MV', 'value': 'Maldives'}",2018,-0.133373386117595
MDV,"{'id': 'MV', 'value': 'Maldives'}",2017,2.81747338234509
MDV,"{'id': 'MV', 'value': 'Maldives'}",2016,0.502509413611612
MDV,"{'id': 'MV', 'value': 'Maldives'}",2015,0.953206658777607
MLI,"{'id': 'ML', 'value': 'Mali'}",2024,3.2063986409966
MLI,"{'id': 'ML', 'value': 'Mali'}",2023,2.05880228274223
MLI,"{'id': 'ML', 'value': 'Mali'}",2022,9.62147608489064
MLI,"{'id': 'ML', 'value': 'Mali'}",2021,3.92560283104277
MLI,"{'id': 'ML', 'value': 'Mali'}",2020,0.438088940320669
MLI,"{'id': 'ML', 'value': 'Mali'}",2019,-1.65826694846365
MLI,"{'id': 'ML', 'value': 'Mali'}",2018,0.299546507387843
MLI,"{'id': 'ML', 'value': 'Mali'}",2017,1.75985742927165
MLI,"{'id': 'ML', 'value': 'Mali'}",2016,-1.79964707083386
MLI,"{'id': 'ML', 'value': 'Mali'}",2015,1.45069057605961
MLT,"{'id': 'MT', 'value': 'Malta'}",2024,1.65079469283109
MLT,"{'id': 'MT', 'value': 'Malta'}",2023,5.09396758978883
MLT,"{'id': 'MT', 'value': 'Malta'}",2022,6.15375621933037
MLT,"{'id': 'MT', 'value': 'Malta'}",2021,1.49789217934724
MLT,"{'id': 'MT', 'value': 'Malta'}",2020,0.638544956776712
MLT,"{'id': 'MT', 'value': 'Malta'}",2019,1.6420600176894
MLT,"{'id': 'MT', 'value': 'Malta'}",2018,1.15782362451517
MLT,"{'id': 'MT', 'value': 'Malta'}",2017,1.36435448150708
MLT,"{'id': 'MT', 'value': 'Malta'}",2016,0.642702771527304
MLT,"{'id': 'MT', 'value': 'Malta'}",2015,1.10054826378929
MHL,"{'id': 'MH', 'value': 'Marshall Islands'}",2024,
MHL,"{'id': 'MH', 'value': 'Marshall Islands'}",2023,
MHL,"{'id': 'MH', 'value': 'Marshall Islands'}",2022,
MHL,"{'id': 'MH', 'value': 'Marshall Islands'}",2021,
MHL,"{'id': 'MH', 'value': 'Marshall Islands'}",2020,
MHL,"{'id': 'MH', 'value': 'Marshall Islands'}",2019,
MHL,"{'id': 'MH', 'value': 'Marshall Islands'}",2018,
MHL,"{'id': 'MH', 'value': 'Marshall Islands'}",2017,
MHL,"{'id': 'MH', 'value': 'Marshall Islands'}",2016,
MHL,"{'id': 'MH', 'value': 'Marshall Islands'}",2015,
MRT,"{'id': 'MR', 'value': 'Mauritania'}",2024,2.49164347481972
MRT,"{'id': 'MR', 'value': 'Mauritania'}",2023,4.95305034506872
MRT,"{'id': 'MR', 'value': 'Mauritania'}",2022,9.52526628622843
MRT,"{'id': 'MR', 'value': 'Mauritania'}",2021,3.56516484650185
MRT,"{'id': 'MR', 'value': 'Mauritania'}",2020,2.3856948845632
MRT,"{'id': 'MR', 'value': 'Mauritania'}",2019,2.30009262117937
MRT,"{'id': 'MR', 'value': 'Mauritania'}",2018,3.06735996058356
MRT,"{'id': 'MR', 'value': 'Mauritania'}",2017,2.25427651934813
MRT,"{'id': 'MR', 'value': 'Mauritania'}",2016,1.47171045650004
MRT,"{'id': 'MR', 'value': 'Mauritania'}",2015,3.25472688117631
MUS,"{'id': 'MU', 'value': 'Mauritius'}",2024,3.6045220384796
MUS,"{'id': 'MU', 'value': 'Mauritius'}",2023,7.05298238454736
MUS,"{'id': 'MU', 'value': 'Mauritius'}",2022,10.7737512242899
MUS,"{'id': 'MU', 'value': 'Mauritius'}",2021,4.02852888157376
MUS,"{'id': 'MU', 'value': 'Mauritius'}",2020,2.5808007718283
MUS,"{'id': 'MU', 'value': 'Mauritius'}",2019,0.405655190309553
MUS,"{'id': 'MU', 'value': 'Mauritius'}",2018,3.2160538314457
MUS,"{'id': 'MU', 'value': 'Mauritius'}",2017,3.66699702675925
MUS,"{'id': 'MU', 'value': 'Mauritius'}",2016,0.977675134718965
MUS,"{'id': 'MU', 'value': 'Mauritius'}",2015,1.28654970760232
MEX,"{'id': 'MX', 'value': 'Mexico'}",2024,4.72225588452932
MEX,"{'id': 'MX', 'value': 'Mexico'}",2023,5.52796087314389
MEX,"{'id': 'MX', 'value': 'Mexico'}",2022,7.8962761916855
MEX,"{'id': 'MX', 'value': 'Mexico'}",2021,5.68920847683753
MEX,"{'id': 'MX', 'value': 'Mexico'}",2020,3.39683415570006
MEX,"{'id': 'MX', 'value': 'Mexico'}",2019,3.63596142127046
MEX,"{'id': 'MX', 'value': 'Mexico'}",2018,4.89935015356551
MEX,"{'id': 'MX', 'value': 'Mexico'}",2017,6.04145724018986
MEX,"{'id': 'MX', 'value': 'Mexico'}",2016,2.8217078474766
MEX,"{'id': 'MX', 'value': 'Mexico'}",2015,2.72064064964023
FSM,"{'id': 'FM', 'value': 'Micronesia, Fed. Sts.'}",2024,
FSM,"{'id': 'FM', 'value': 'Micronesia, Fed. Sts.'}",2023,
FSM,"{'id': 'FM', 'value': 'Micronesia, Fed. Sts.'}",2022,5.40874375479067
FSM,"{'id': 'FM', 'value': 'Micronesia, Fed. Sts.'}",2021,3.19128406597466
FSM,"{'id': 'FM', 'value': 'Micronesia, Fed. Sts.'}",2020,0.554594630853174
FSM,"{'id': 'FM', 'value': 'Micronesia, Fed. Sts.'}",2019,1.92385170787923
FSM,"{'id': 'FM', 'value': 'Micronesia, Fed. Sts.'}",2018,1.49840023593737
FSM,"{'id': 'FM', 'value': 'Micronesia, Fed. Sts.'}",2017,0.58225373525489
FSM,"{'id': 'FM', 'value': 'Micronesia, Fed. Sts.'}",2016,-1.03746806405349
FSM,"{'id': 'FM', 'value': 'Micronesia, Fed. Sts.'}",2015,-0.2981158373807
MDA,"{'id': 'MD', 'value': 'Moldova'}",2024,4.67773516007052
MDA,"{'id': 'MD', 'value': 'Moldova'}",2023,13.4170104381299
MDA,"{'id': 'MD', 'value': 'Moldova'}",2022,28.7372976766235
MDA,"{'id': 'MD', 'value': 'Moldova'}",2021,5.10641129002841
MDA,"{'id': 'MD', 'value': 'Moldova'}",2020,3.76597122245351
MDA,"{'id': 'MD', 'value': 'Moldova'}",2019,4.83778351428734
MDA,"{'id': 'MD', 'value': 'Moldova'}",2018,3.04505397337071
MDA,"{'id': 'MD', 'value': 'Moldova'}",2017,6.57022997455597
MDA,"{'id': 'MD', 'value': 'Moldova'}",2016,6.35930898037931
MDA,"{'id': 'MD', 'value': 'Moldova'}",2015,9.67624033101867
MCO,"{'id': 'MC', 'value': 'Monaco'}",2024,
MCO,"{'id': 'MC', 'value': 'Monaco'}",2023,
MCO,"{'id': 'MC', 'value': 'Monaco'}",2022,
MCO,"{'id': 'MC', 'value': 'Monaco'}",2021,
MCO,"{'id': 'MC', 'value': 'Monaco'}",2020,
MCO,"{'id': 'MC', 'value': 'Monaco'}",2019,
MCO,"{'id': 'MC', 'value': 'Monaco'}",2018,
MCO,"{'id': 'MC', 'value': 'Monaco'}",2017,
MCO,"{'id': 'MC', 'value': 'Monaco'}",2016,
MCO,"{'id': 'MC', 'value': 'Monaco'}",2015,
MNG,"{'id': 'MN', 'value': 'Mongolia'}",2024,6.20713301510303
MNG,"{'id': 'MN', 'value': 'Mongolia'}",2023,10.347583131434
MNG,"{'id': 'MN', 'value': 'Mongolia'}",2022,15.1509728200805
MNG,"{'id': 'MN', 'value': 'Mongolia'}",2021,7.35894657888155
MNG,"{'id': 'MN', 'value': 'Mongolia'}",2020,3.7237230614026
MNG,"{'id': 'MN', 'value': 'Mongolia'}",2019,7.30106953550729
MNG,"{'id': 'MN', 'value': 'Mongolia'}",2018,6.82424790145522
MNG,"{'id': 'MN', 'value': 'Mongolia'}",2017,4.30143105302342
MNG,"{'id': 'MN', 'value': 'Mongolia'}",2016,0.733272227314397
MNG,"{'id': 'MN', 'value': 'Mongolia'}",2015,5.73568281938327
MNE,"{'id': 'ME', 'value': 'Montenegro'}",2024,3.33675009282281
MNE,"{'id': 'ME', 'value': 'Montenegro'}",2023,8.58476910455403
MNE,"{'id': 'ME', 'value': 'Montenegro'}",2022,13.0403036347004
MNE,"{'id': 'ME', 'value': 'Montenegro'}",2021,2.41080198403165
MNE,"{'id': 'ME', 'value': 'Montenegro'}",2020,-0.255655699848551
MNE,"{'id': 'ME', 'value': 'Montenegro'}",2019,0.361563704540767
MNE,"{'id': 'ME', 'value': 'Montenegro'}",2018,2.611223782638
MNE,"{'id': 'ME', 'value': 'Montenegro'}",2017,2.3802359905313
MNE,"{'id': 'ME', 'value': 'Montenegro'}",2016,-0.271385023385176
MNE,"{'id': 'ME', 'value': 'Montenegro'}",2015,1.54869158222486
MAR,"{'id': 'MA', 'value': 'Morocco'}",2024,0.985256592004507
MAR,"{'id': 'MA', 'value': 'Morocco'}",2023,6.09114152504141
MAR,"{'id': 'MA', 'value': 'Morocco'}",2022,6.65704202759067
MAR,"{'id': 'MA', 'value': 'Morocco'}",2021,1.40195883962006
MAR,"{'id': 'MA', 'value': 'Morocco'}",2020,0.705968661338261
MAR,"{'id': 'MA', 'value': 'Morocco'}",2019,0.303386036590383
MAR,"{'id': 'MA', 'value': 'Morocco'}",2018,1.80391671141896
MAR,"{'id': 'MA', 'value': 'Morocco'}",2017,0.754663249323619
MAR,"{'id': 'MA', 'value': 'Morocco'}",2016,1.63531114327064
MAR,"{'id': 'MA', 'value': 'Morocco'}",2015,1.5579071134626
MOZ,"{'id': 'MZ', 'value': 'Mozambique'}",2024,4.07856834812022
MOZ,"{'id': 'MZ', 'value': 'Mozambique'}",2023,7.12697482131851
MOZ,"{'id': 'MZ', 'value': 'Mozambique'}",2022,10.2794018093421
MOZ,"{'id': 'MZ', 'value': 'Mozambique'}",2021,6.40847652975692
MOZ,"{'id': 'MZ', 'value': 'Mozambique'}",2020,3.48393567493204
MOZ,"{'id': 'MZ', 'value': 'Mozambique'}",2019,2.80270307928111
MOZ,"{'id': 'MZ', 'value': 'Mozambique'}",2018,3.91133439990729
MOZ,"{'id': 'MZ', 'value': 'Mozambique'}",2017,15.1132073899384
MOZ,"{'id': 'MZ', 'value': 'Mozambique'}",2016,17.4180418197597
MOZ,"{'id': 'MZ', 'value': 'Mozambique'}",2015,3.55075967356746
MMR,"{'id': 'MM', 'value': 'Myanmar'}",2024,
MMR,"{'id': 'MM', 'value': 'Myanmar'}",2023,
MMR,"{'id': 'MM', 'value': 'Myanmar'}",2022,
MMR,"{'id': 'MM', 'value': 'Myanmar'}",2021,
MMR,"{'id': 'MM', 'value': 'Myanmar'}",2020,
MMR,"{'id': 'MM', 'value': 'Myanmar'}",2019,8.82506696804558
MMR,"{'id': 'MM', 'value': 'Myanmar'}",2018,6.87232865662935
MMR,"{'id': 'MM', 'value': 'Myanmar'}",2017,4.5725365531752
MMR,"{'id': 'MM', 'value': 'Myanmar'}",2016,6.92882525816076
MMR,"{'id': 'MM', 'value': 'Myanmar'}",2015,9.45417189526018
NAM,"{'id': 'NA', 'value': 'Namibia'}",2024,4.23903922877036
NAM,"{'id': 'NA', 'value': 'Namibia'}",2023,5.87993463284275
NAM,"{'id': 'NA', 'value': 'Namibia'}",2022,6.08128114112413
NAM,"{'id': 'NA', 'value': 'Namibia'}",2021,3.61690530108814
NAM,"{'id': 'NA', 'value': 'Namibia'}",2020,2.20938236933469
NAM,"{'id': 'NA', 'value': 'Namibia'}",2019,3.72239414422695
NAM,"{'id': 'NA', 'value': 'Namibia'}",2018,4.29159105337875
NAM,"{'id': 'NA', 'value': 'Namibia'}",2017,6.14579981111164
NAM,"{'id': 'NA', 'value': 'Namibia'}",2016,6.72858234593338
NAM,"{'id': 'NA', 'value': 'Namibia'}",2015,3.39401538410559
NRU,"{'id': 'NR', 'value': 'Nauru'}",2024,
NRU,"{'id': 'NR', 'value': 'Nauru'}",2023,
NRU,"{'id': 'NR', 'value': 'Nauru'}",2022,
NRU,"{'id': 'NR', 'value': 'Nauru'}",2021,
NRU,"{'id': 'NR', 'value': 'Nauru'}",2020,
NRU,"{'id': 'NR', 'value': 'Nauru'}",2019,
NRU,"{'id': 'NR', 'value': 'Nauru'}",2018,
NRU,"{'id': 'NR', 'value': 'Nauru'}",2017,
NRU,"{'id': 'NR', 'value': 'Nauru'}",2016,
NRU,"{'id': 'NR', 'value': 'Nauru'}",2015,
NPL,"{'id': 'NP', 'value': 'Nepal'}",2024,4.6850965426577
NPL,"{'id': 'NP', 'value': 'Nepal'}",2023,7.11587261530826
NPL,"{'id': 'NP', 'value': 'Nepal'}",2022,7.6702057938028
NPL,"{'id': 'NP', 'value': 'Nepal'}",2021,4.12676744440695
NPL,"{'id': 'NP', 'value': 'Nepal'}",2020,5.05635826238499
NPL,"{'id': 'NP', 'value': 'Nepal'}",2019,5.56616035243723
NPL,"{'id': 'NP', 'value': 'Nepal'}",2018,4.40659410175714
NPL,"{'id': 'NP', 'value': 'Nepal'}",2017,2.77703998300211
NPL,"{'id': 'NP', 'value': 'Nepal'}",2016,8.7903433200464
NPL,"{'id': 'NP', 'value': 'Nepal'}",2015,7.86890895590891
NLD,"{'id': 'NL', 'value': 'Netherlands'}",2024,3.34754304219953
NLD,"{'id': 'NL', 'value': 'Netherlands'}",2023,3.83839354342808
NLD,"{'id': 'NL', 'value': 'Netherlands'}",2022,10.0012078753473
NLD,"{'id': 'NL', 'value': 'Netherlands'}",2021,2.67572008805385
NLD,"{'id': 'NL', 'value': 'Netherlands'}",2020,1.27246037789161
NLD,"{'id': 'NL', 'value': 'Netherlands'}",2019,2.63369910249601
NLD,"{'id': 'NL', 'value': 'Netherlands'}",2018,1.7034979474447
NLD,"{'id': 'NL', 'value': 'Netherlands'}",2017,1.38145871407206
NLD,"{'id': 'NL', 'value': 'Netherlands'}",2016,0.316666666666743
NLD,"{'id': 'NL', 'value': 'Netherlands'}",2015,0.600248147278776
NCL,"{'id': 'NC', 'value': 'New Caledonia'}",2024,
NCL,"{'id': 'NC', 'value': 'New Caledonia'}",2023,
NCL,"{'id': 'NC', 'value': 'New Caledonia'}",2022,
NCL,"{'id': 'NC', 'value': 'New Caledonia'}",2021,
NCL,"{'id': 'NC', 'value': 'New Caledonia'}",2020,
NCL,"{'id': 'NC', 'value': 'New Caledonia'}",2019,
NCL,"{'id': 'NC', 'value': 'New Caledonia'}",2018,
NCL,"{'id': 'NC', 'value': 'New Caledonia'}",2017,
NCL,"{'id': 'NC', 'value': 'New Caledonia'}",2016,0.578317435520754
NCL,"{'id': 'NC', 'value': 'New Caledonia'}",2015,0.570508141048402
NZL,"{'id': 'NZ', 'value': 'New Zealand'}",2024,2.92279782301957
NZL,"{'id': 'NZ', 'value': 'New Zealand'}",2023,5.73316283034957
NZL,"{'id': 'NZ', 'value': 'New Zealand'}",2022,7.17222476016441
NZL,"{'id': 'NZ', 'value': 'New Zealand'}",2021,3.94112060778728
NZL,"{'id': 'NZ', 'value': 'New Zealand'}",2020,1.71456170007245
NZL,"{'id': 'NZ', 'value': 'New Zealand'}",2019,1.61963190184048
NZL,"{'id': 'NZ', 'value': 'New Zealand'}",2018,1.59829703801696
NZL,"{'id': 'NZ', 'value': 'New Zealand'}",2017,1.85078767452536
NZL,"{'id': 'NZ', 'value': 'New Zealand'}",2016,0.646240284454524
NZL,"{'id': 'NZ', 'value': 'New Zealand'}",2015,0.292704628136101
NIC,"{'id': 'NI', 'value': 'Nicaragua'}",2024,4.62473841057141
NIC,"{'id': 'NI', 'value': 'Nicaragua'}",2023,8.38765854872536
NIC,"{'id': 'NI', 'value': 'Nicaragua'}",2022,10.4674244465991
NIC,"{'id': 'NI', 'value': 'Nicaragua'}",2021,4.92841396948968
NIC,"{'id': 'NI', 'value': 'Nicaragua'}",2020,3.68181341625572
NIC,"{'id': 'NI', 'value': 'Nicaragua'}",2019,5.37628990844126
NIC,"{'id': 'NI', 'value': 'Nicaragua'}",2018,4.94723728039886
NIC,"{'id': 'NI', 'value': 'Nicaragua'}",2017,3.85067166284727
NIC,"{'id': 'NI', 'value': 'Nicaragua'}",2016,3.52317317628473
NIC,"{'id': 'NI', 'value': 'Nicaragua'}",2015,3.99737996694396
NER,"{'id': 'NE', 'value': 'Niger'}",2024,9.07151997725013
NER,"{'id': 'NE', 'value': 'Niger'}",2023,3.70097316425834
NER,"{'id': 'NE', 'value': 'Niger'}",2022,4.22621791916392
NER,"{'id': 'NE', 'value': 'Niger'}",2021,3.8378680284051
NER,"{'id': 'NE', 'value': 'Niger'}",2020,2.8981937602627
NER,"{'id': 'NE', 'value': 'Niger'}",2019,-2.48979265070855
NER,"{'id': 'NE', 'value': 'Niger'}",2018,2.96760366004456
NER,"{'id': 'NE', 'value': 'Niger'}",2017,2.79637318871284
NER,"{'id': 'NE', 'value': 'Niger'}",2016,1.65388922387806
NER,"{'id': 'NE', 'value': 'Niger'}",2015,-0.576090369833189
NGA,"{'id': 'NG', 'value': 'Nigeria'}",2024,33.2420966545406
NGA,"{'id': 'NG', 'value': 'Nigeria'}",2023,24.659550203114
NGA,"{'id': 'NG', 'value': 'Nigeria'}",2022,18.8471877843274
NGA,"{'id': 'NG', 'value': 'Nigeria'}",2021,16.9528457221608
NGA,"{'id': 'NG', 'value': 'Nigeria'}",2020,13.2460234276597
NGA,"{'id': 'NG', 'value': 'Nigeria'}",2019,11.3964223378116
NGA,"{'id': 'NG', 'value': 'Nigeria'}",2018,12.0951065173432
NGA,"{'id': 'NG', 'value': 'Nigeria'}",2017,16.5022662139641
NGA,"{'id': 'NG', 'value': 'Nigeria'}",2016,15.6968126387972
NGA,"{'id': 'NG', 'value': 'Nigeria'}",2015,9.00943498007706
MKD,"{'id': 'MK', 'value': 'North Macedonia'}",2024,3.48974086026947
MKD,"{'id': 'MK', 'value': 'North Macedonia'}",2023,9.36187249769016
MKD,"{'id': 'MK', 'value': 'North Macedonia'}",2022,14.2047173195833
MKD,"{'id': 'MK', 'value': 'North Macedonia'}",2021,3.23074912132919
MKD,"{'id': 'MK', 'value': 'North Macedonia'}",2020,1.20007348888487
MKD,"{'id': 'MK', 'value': 'North Macedonia'}",2019,0.766439573459716
MKD,"{'id': 'MK', 'value': 'North Macedonia'}",2018,1.45831298507117
MKD,"{'id': 'MK', 'value': 'North Macedonia'}",2017,1.35161889677442
MKD,"{'id': 'MK', 'value': 'North Macedonia'}",2016,-0.23929078768441
MKD,"{'id': 'MK', 'value': 'North Macedonia'}",2015,-0.299920475631552
MNP,"{'id': 'MP', 'value': 'Northern Mariana Islands'}",2024,
MNP,"{'id': 'MP', 'value': 'Northern Mariana Islands'}",2023,
MNP,"{'id': 'MP', 'value': 'Northern Mariana Islands'}",2022,
MNP,"{'id': 'MP', 'value': 'Northern Mariana Islands'}",2021,
MNP,"{'id': 'MP', 'value': 'Northern Mariana Islands'}",2020,
MNP,"{'id': 'MP', 'value': 'Northern Mariana Islands'}",2019,
MNP,"{'id': 'MP', 'value': 'Northern Mariana Islands'}",2018,
MNP,"{'id': 'MP', 'value': 'Northern Mariana Islands'}",2017,
MNP,"{'id': 'MP', 'value': 'Northern Mariana Islands'}",2016,
MNP,"{'id': 'MP', 'value': 'Northern Mariana Islands'}",2015,
NOR,"{'id': 'NO', 'value': 'Norway'}",2024,3.14530134431073
NOR,"{'id': 'NO', 'value': 'Norway'}",2023,5.51784987104659
NOR,"{'id': 'NO', 'value': 'Norway'}",2022,5.76412317852272
NOR,"{'id': 'NO', 'value': 'Norway'}",2021,3.48388055266678
NOR,"{'id': 'NO', 'value': 'Norway'}",2020,1.28658490708005
NOR,"{'id': 'NO', 'value': 'Norway'}",2019,2.16773003305402
NOR,"{'id': 'NO', 'value': 'Norway'}",2018,2.76483134528788
NOR,"{'id': 'NO', 'value': 'Norway'}",2017,1.87510059552554
NOR,"{'id': 'NO', 'value': 'Norway'}",2016,3.54999999999998
NOR,"{'id': 'NO', 'value': 'Norway'}",2015,2.17113665389527
OMN,"{'id': 'OM', 'value': 'Oman'}",2024,0.593589236248469
OMN,"{'id': 'OM', 'value': 'Oman'}",2023,0.950782997762827
OMN,"{'id': 'OM', 'value': 'Oman'}",2022,2.5061425061425
OMN,"{'id': 'OM', 'value': 'Oman'}",2021,1.68221185876085
OMN,"{'id': 'OM', 'value': 'Oman'}",2020,-0.40640291946585
OMN,"{'id': 'OM', 'value': 'Oman'}",2019,0.490815362820671
OMN,"{'id': 'OM', 'value': 'Oman'}",2018,0.889312370970404
OMN,"{'id': 'OM', 'value': 'Oman'}",2017,1.58909413567799
OMN,"{'id': 'OM', 'value': 'Oman'}",2016,1.10920805807027
OMN,"{'id': 'OM', 'value': 'Oman'}",2015,0.0652901330286599
PAK,"{'id': 'PK', 'value': 'Pakistan'}",2024,12.6325318530452
PAK,"{'id': 'PK', 'value': 'Pakistan'}",2023,30.7681280657005
PAK,"{'id': 'PK', 'value': 'Pakistan'}",2022,19.8738599646655
PAK,"{'id': 'PK', 'value': 'Pakistan'}",2021,9.49621056124947
PAK,"{'id': 'PK', 'value': 'Pakistan'}",2020,9.73999313898155
PAK,"{'id': 'PK', 'value': 'Pakistan'}",2019,10.5783618004555
PAK,"{'id': 'PK', 'value': 'Pakistan'}",2018,5.07805725868917
PAK,"{'id': 'PK', 'value': 'Pakistan'}",2017,4.08537368032608
PAK,"{'id': 'PK', 'value': 'Pakistan'}",2016,3.7651191635658
PAK,"{'id': 'PK', 'value': 'Pakistan'}",2015,2.52932817254229
PLW,"{'id': 'PW', 'value': 'Palau'}",2024,2.23172772921704
PLW,"{'id': 'PW', 'value': 'Palau'}",2023,12.8199748216534
PLW,"{'id': 'PW', 'value': 'Palau'}",2022,12.3526638378124
PLW,"{'id': 'PW', 'value': 'Palau'}",2021,2.6124818577648
PLW,"{'id': 'PW', 'value': 'Palau'}",2020,0.218181818181833
PLW,"{'id': 'PW', 'value': 'Palau'}",2019,0.26737967914444
PLW,"{'id': 'PW', 'value': 'Palau'}",2018,2.10970464135017
PLW,"{'id': 'PW', 'value': 'Palau'}",2017,1.4179881966692
PLW,"{'id': 'PW', 'value': 'Palau'}",2016,-1.04230533415074
PLW,"{'id': 'PW', 'value': 'Palau'}",2015,0.949040643697081
PAN,"{'id': 'PA', 'value': 'Panama'}",2024,0.693225551004538
PAN,"{'id': 'PA', 'value': 'Panama'}",2023,1.48641355277038
PAN,"{'id': 'PA', 'value': 'Panama'}",2022,2.85965128834711
PAN,"{'id': 'PA', 'value': 'Panama'}",2021,1.63070337301898
PAN,"{'id': 'PA', 'value': 'Panama'}",2020,-1.5502754080376
PAN,"{'id': 'PA', 'value': 'Panama'}",2019,-0.355083821021245
PAN,"{'id': 'PA', 'value': 'Panama'}",2018,0.761578359399944
PAN,"{'id': 'PA', 'value': 'Panama'}",2017,0.875585918759878
PAN,"{'id': 'PA', 'value': 'Panama'}",2016,0.739734025300033
PAN,"{'id': 'PA', 'value': 'Panama'}",2015,0.137492058461504
PNG,"{'id': 'PG', 'value': 'Papua New Guinea'}",2024,0.602403921107917
PNG,"{'id': 'PG', 'value': 'Papua New Guinea'}",2023,2.29869991296791
PNG,"{'id': 'PG', 'value': 'Papua New Guinea'}",2022,5.25323922215241
PNG,"{'id': 'PG', 'value': 'Papua New Guinea'}",2021,4.48359014042398
PNG,"{'id': 'PG', 'value': 'Papua New Guinea'}",2020,4.87167398565555
PNG,"{'id': 'PG', 'value': 'Papua New Guinea'}",2019,3.92867290939597
PNG,"{'id': 'PG', 'value': 'Papua New Guinea'}",2018,4.37448921453162
PNG,"{'id': 'PG', 'value': 'Papua New Guinea'}",2017,5.42204568023834
PNG,"{'id': 'PG', 'value': 'Papua New Guinea'}",2016,6.6737288135593
PNG,"{'id': 'PG', 'value': 'Papua New Guinea'}",2015,5.99595778127107
PRY,"{'id': 'PY', 'value': 'Paraguay'}",2024,3.83540271728533
PRY,"{'id': 'PY', 'value': 'Paraguay'}",2023,4.63202285403356
PRY,"{'id': 'PY', 'value': 'Paraguay'}",2022,9.76556667164402
PRY,"{'id': 'PY', 'value': 'Paraguay'}",2021,4.787983101236
PRY,"{'id': 'PY', 'value': 'Paraguay'}",2020,1.76751592356698
PRY,"{'id': 'PY', 'value': 'Paraguay'}",2019,2.75709727562775
PRY,"{'id': 'PY', 'value': 'Paraguay'}",2018,3.97561015740694
PRY,"{'id': 'PY', 'value': 'Paraguay'}",2017,3.60247741348943
PRY,"{'id': 'PY', 'value': 'Paraguay'}",2016,4.08682280577241
PRY,"{'id': 'PY', 'value': 'Paraguay'}",2015,3.12900274473925
PER,"{'id': 'PE', 'value': 'Peru'}",2024,2.00770739412712
PER,"{'id': 'PE', 'value': 'Peru'}",2023,6.45561348369586
PER,"{'id': 'PE', 'value': 'Peru'}",2022,8.33370630096231
PER,"{'id': 'PE', 'value': 'Peru'}",2021,4.27166381536798
PER,"{'id': 'PE', 'value': 'Peru'}",2020,2.00241205759292
PER,"{'id': 'PE', 'value': 'Peru'}",2019,2.25212191358027
PER,"{'id': 'PE', 'value': 'Peru'}",2018,1.50915423024742
PER,"{'id': 'PE', 'value': 'Peru'}",2017,2.99490045809443
PER,"{'id': 'PE', 'value': 'Peru'}",2016,3.55717663556279
PER,"{'id': 'PE', 'value': 'Peru'}",2015,3.39809194746308
PHL,"{'id': 'PH', 'value': 'Philippines'}",2024,3.21260487006347
PHL,"{'id': 'PH', 'value': 'Philippines'}",2023,5.97802515541409
PHL,"{'id': 'PH', 'value': 'Philippines'}",2022,5.82115811213955
PHL,"{'id': 'PH', 'value': 'Philippines'}",2021,3.92718022100332
PHL,"{'id': 'PH', 'value': 'Philippines'}",2020,2.3931623931624
PHL,"{'id': 'PH', 'value': 'Philippines'}",2019,2.39206534422404
PHL,"{'id': 'PH', 'value': 'Philippines'}",2018,5.30934661627707
PHL,"{'id': 'PH', 'value': 'Philippines'}",2017,2.85318772590947
PHL,"{'id': 'PH', 'value': 'Philippines'}",2016,1.25369880080982
PHL,"{'id': 'PH', 'value': 'Philippines'}",2015,0.674192536845408
POL,"{'id': 'PL', 'value': 'Poland'}",2024,3.7842600751287
POL,"{'id': 'PL', 'value': 'Poland'}",2023,11.5289127961105
POL,"{'id': 'PL', 'value': 'Poland'}",2022,14.4294507575758
POL,"{'id': 'PL', 'value': 'Poland'}",2021,5.05502704719272
POL,"{'id': 'PL', 'value': 'Poland'}",2020,3.37446972618589
POL,"{'id': 'PL', 'value': 'Poland'}",2019,2.227478809383
POL,"{'id': 'PL', 'value': 'Poland'}",2018,1.81295156542679
POL,"{'id': 'PL', 'value': 'Poland'}",2017,2.0759355367385
POL,"{'id': 'PL', 'value': 'Poland'}",2016,-0.664767331433961
POL,"{'id': 'PL', 'value': 'Poland'}",2015,-0.87412587412577
PRT,"{'id': 'PT', 'value': 'Portugal'}",2024,2.41613187791884
PRT,"{'id': 'PT', 'value': 'Portugal'}",2023,4.31128191898672
PRT,"{'id': 'PT', 'value': 'Portugal'}",2022,7.83269124233323
PRT,"{'id': 'PT', 'value': 'Portugal'}",2021,1.26565719069044
PRT,"{'id': 'PT', 'value': 'Portugal'}",2020,-0.0124383299575305
PRT,"{'id': 'PT', 'value': 'Portugal'}",2019,0.338178410046034
PRT,"{'id': 'PT', 'value': 'Portugal'}",2018,0.993715683468326
PRT,"{'id': 'PT', 'value': 'Portugal'}",2017,1.36861411643472
PRT,"{'id': 'PT', 'value': 'Portugal'}",2016,0.607397074641719
PRT,"{'id': 'PT', 'value': 'Portugal'}",2015,0.48793862390472
PRI,"{'id': 'PR', 'value': 'Puerto Rico (US)'}",2024,
PRI,"{'id': 'PR', 'value': 'Puerto Rico (US)'}",2023,
PRI,"{'id': 'PR', 'value': 'Puerto Rico (US)'}",2022,
PRI,"{'id': 'PR', 'value': 'Puerto Rico (US)'}",2021,
PRI,"{'id': 'PR', 'value': 'Puerto Rico (US)'}",2020,
PRI,"{'id': 'PR', 'value': 'Puerto Rico (US)'}",2019,
PRI,"{'id': 'PR', 'value': 'Puerto Rico (US)'}",2018,
PRI,"{'id': 'PR', 'value': 'Puerto Rico (US)'}",2017,
PRI,"{'id': 'PR', 'value': 'Puerto Rico (US)'}",2016,
PRI,"{'id': 'PR', 'value': 'Puerto Rico (US)'}",2015,
QAT,"{'id': 'QA', 'value': 'Qatar'}",2024,1.26734310292375
QAT,"{'id': 'QA', 'value': 'Qatar'}",2023,3.02764899198902
QAT,"{'id': 'QA', 'value': 'Qatar'}",2022,4.99527553740761
QAT,"{'id': 'QA', 'value': 'Qatar'}",2021,2.30446565742003
QAT,"{'id': 'QA', 'value': 'Qatar'}",2020,-2.5403150300476
QAT,"{'id': 'QA', 'value': 'Qatar'}",2019,-0.666641124861147
QAT,"{'id': 'QA', 'value': 'Qatar'}",2018,0.255815382724408
QAT,"{'id': 'QA', 'value': 'Qatar'}",2017,0.394878914083005
QAT,"{'id': 'QA', 'value': 'Qatar'}",2016,2.6765917009819
QAT,"{'id': 'QA', 'value': 'Qatar'}",2015,1.8140772393776
ROU,"{'id': 'RO', 'value': 'Romania'}",2024,5.72140574354439
ROU,"{'id': 'RO', 'value': 'Romania'}",2023,10.3971874764996
ROU,"{'id': 'RO', 'value': 'Romania'}",2022,13.7954887432521
ROU,"{'id': 'RO', 'value': 'Romania'}",2021,5.05232876096582
ROU,"{'id': 'RO', 'value': 'Romania'}",2020,2.63107311184743
ROU,"{'id': 'RO', 'value': 'Romania'}",2019,3.82785432599438
ROU,"{'id': 'RO', 'value': 'Romania'}",2018,4.62548443137779
ROU,"{'id': 'RO', 'value': 'Romania'}",2017,1.3390212110439
ROU,"{'id': 'RO', 'value': 'Romania'}",2016,-1.54479666813897
ROU,"{'id': 'RO', 'value': 'Romania'}",2015,-0.594156437495203
RUS,"{'id': 'RU', 'value': 'Russian Federation'}",2024,8.43486410496723
RUS,"{'id': 'RU', 'value': 'Russian Federation'}",2023,5.86571931748967
RUS,"{'id': 'RU', 'value': 'Russian Federation'}",2022,13.7436797398232
RUS,"{'id': 'RU', 'value': 'Russian Federation'}",2021,6.69445891957612
RUS,"{'id': 'RU', 'value': 'Russian Federation'}",2020,3.38219796948068
RUS,"{'id': 'RU', 'value': 'Russian Federation'}",2019,4.47202631837903
RUS,"{'id': 'RU', 'value': 'Russian Federation'}",2018,2.87831382614981
RUS,"{'id': 'RU', 'value': 'Russian Federation'}",2017,3.68333072334495
RUS,"{'id': 'RU', 'value': 'Russian Federation'}",2016,7.04243725413707
RUS,"{'id': 'RU', 'value': 'Russian Federation'}",2015,15.5343959935701
RWA,"{'id': 'RW', 'value': 'Rwanda'}",2024,1.77029240198635
RWA,"{'id': 'RW', 'value': 'Rwanda'}",2023,19.789546746467
RWA,"{'id': 'RW', 'value': 'Rwanda'}",2022,17.6892095588153
RWA,"{'id': 'RW', 'value': 'Rwanda'}",2021,-0.391346748300791
RWA,"{'id': 'RW', 'value': 'Rwanda'}",2020,9.85039902274207
RWA,"{'id': 'RW', 'value': 'Rwanda'}",2019,3.34787655037648
RWA,"{'id': 'RW', 'value': 'Rwanda'}",2018,-0.311210160390699
RWA,"{'id': 'RW', 'value': 'Rwanda'}",2017,8.27953672260832
RWA,"{'id': 'RW', 'value': 'Rwanda'}",2016,7.17434301982009
RWA,"{'id': 'RW', 'value': 'Rwanda'}",2015,2.52850284192421
WSM,"{'id': 'WS', 'value': 'Samoa'}",2024,2.17245530514377
WSM,"{'id': 'WS', 'value': 'Samoa'}",2023,7.92164684826777
WSM,"{'id': 'WS', 'value': 'Samoa'}",2022,10.9618822286844
WSM,"{'id': 'WS', 'value': 'Samoa'}",2021,3.13320473174494
WSM,"{'id': 'WS', 'value': 'Samoa'}",2020,-1.56891247740895
WSM,"{'id': 'WS', 'value': 'Samoa'}",2019,0.982326569888117
WSM,"{'id': 'WS', 'value': 'Samoa'}",2018,4.19745888663752
WSM,"{'id': 'WS', 'value': 'Samoa'}",2017,1.74989677484705
WSM,"{'id': 'WS', 'value': 'Samoa'}",2016,1.30471869303179
WSM,"{'id': 'WS', 'value': 'Samoa'}",2015,0.724470134874729
SMR,"{'id': 'SM', 'value': 'San Marino'}",2024,1.24216507945569
SMR,"{'id': 'SM', 'value': 'San Marino'}",2023,5.93190858629403
SMR,"{'id': 'SM', 'value': 'San Marino'}",2022,5.32545321311365
SMR,"{'id': 'SM', 'value': 'San Marino'}",2021,1.61551411551421
SMR,"{'id': 'SM', 'value': 'San Marino'}",2020,-0.133368898372915
SMR,"{'id': 'SM', 'value': 'San Marino'}",2019,0.472651967352852
SMR,"{'id': 'SM', 'value': 'San Marino'}",2018,1.16333522293158
SMR,"{'id': 'SM', 'value': 'San Marino'}",2017,1.01413313194508
SMR,"{'id': 'SM', 'value': 'San Marino'}",2016,0.644075340346552
SMR,"{'id': 'SM', 'value': 'San Marino'}",2015,0.145686073241066
STP,"{'id': 'ST', 'value': 'Sao Tome and Principe'}",2024,14.3519273571008
STP,"{'id': 'ST', 'value': 'Sao Tome and Principe'}",2023,21.2589138473
STP,"{'id': 'ST', 'value': 'Sao Tome and Principe'}",2022,18.0056351122841
STP,"{'id': 'ST', 'value': 'Sao Tome and Principe'}",2021,8.13777038378732
STP,"{'id': 'ST', 'value': 'Sao Tome and Principe'}",2020,9.81932791540146
STP,"{'id': 'ST', 'value': 'Sao Tome and Principe'}",2019,7.72024525213248
STP,"{'id': 'ST', 'value': 'Sao Tome and Principe'}",2018,7.86859628873909
STP,"{'id': 'ST', 'value': 'Sao Tome and Principe'}",2017,5.6902961992902
STP,"{'id': 'ST', 'value': 'Sao Tome and Principe'}",2016,5.43051966119156
STP,"{'id': 'ST', 'value': 'Sao Tome and Principe'}",2015,5.24587835022454
SAU,"{'id': 'SA', 'value': 'Saudi Arabia'}",2024,1.68792112375809
SAU,"{'id': 'SA', 'value': 'Saudi Arabia'}",2023,2.32708518362699
SAU,"{'id': 'SA', 'value': 'Saudi Arabia'}",2022,2.47407371925372
SAU,"{'id': 'SA', 'value': 'Saudi Arabia'}",2021,3.06328988941548
SAU,"{'id': 'SA', 'value': 'Saudi Arabia'}",2020,3.37234961012303
SAU,"{'id': 'SA', 'value': 'Saudi Arabia'}",2019,-1.1929864453332
SAU,"{'id': 'SA', 'value': 'Saudi Arabia'}",2018,2.46594308994843
SAU,"{'id': 'SA', 'value': 'Saudi Arabia'}",2017,-0.834845735027246
SAU,"{'id': 'SA', 'value': 'Saudi Arabia'}",2016,2.05347076823965
SAU,"{'id': 'SA', 'value': 'Saudi Arabia'}",2015,1.22269318552337
SEN,"{'id': 'SN', 'value': 'Senegal'}",2024,0.804503298792438
SEN,"{'id': 'SN', 'value': 'Senegal'}",2023,5.93947798773215
SEN,"{'id': 'SN', 'value': 'Senegal'}",2022,9.69681899081073
SEN,"{'id': 'SN', 'value': 'Senegal'}",2021,2.18032278088147
SEN,"{'id': 'SN', 'value': 'Senegal'}",2020,2.54314685681662
SEN,"{'id': 'SN', 'value': 'Senegal'}",2019,1.76011151192939
SEN,"{'id': 'SN', 'value': 'Senegal'}",2018,0.460985642464188
SEN,"{'id': 'SN', 'value': 'Senegal'}",2017,1.31815314847789
SEN,"{'id': 'SN', 'value': 'Senegal'}",2016,0.837284942557434
SEN,"{'id': 'SN', 'value': 'Senegal'}",2015,0.135211933635165
SRB,"{'id': 'RS', 'value': 'Serbia'}",2024,4.6705297488997
SRB,"{'id': 'RS', 'value': 'Serbia'}",2023,12.3719043552519
SRB,"{'id': 'RS', 'value': 'Serbia'}",2022,11.9815117344703
SRB,"{'id': 'RS', 'value': 'Serbia'}",2021,4.08510285335102
SRB,"{'id': 'RS', 'value': 'Serbia'}",2020,1.57553290083415
SRB,"{'id': 'RS', 'value': 'Serbia'}",2019,1.84922984511086
SRB,"{'id': 'RS', 'value': 'Serbia'}",2018,1.95984076293801
SRB,"{'id': 'RS', 'value': 'Serbia'}",2017,3.13106248590115
SRB,"{'id': 'RS', 'value': 'Serbia'}",2016,1.12231397417769
SRB,"{'id': 'RS', 'value': 'Serbia'}",2015,1.39235822000187
SYC,"{'id': 'SC', 'value': 'Seychelles'}",2024,0.311726050919668
SYC,"{'id': 'SC', 'value': 'Seychelles'}",2023,-1.03530088431952
SYC,"{'id': 'SC', 'value': 'Seychelles'}",2022,2.6260363285129
SYC,"{'id': 'SC', 'value': 'Seychelles'}",2021,9.76909936973542
SYC,"{'id': 'SC', 'value': 'Seychelles'}",2020,1.20266463987123
SYC,"{'id': 'SC', 'value': 'Seychelles'}",2019,1.80709400809982
SYC,"{'id': 'SC', 'value': 'Seychelles'}",2018,3.70291839111568
SYC,"{'id': 'SC', 'value': 'Seychelles'}",2017,2.85679575568437
SYC,"{'id': 'SC', 'value': 'Seychelles'}",2016,-1.01548191697626
SYC,"{'id': 'SC', 'value': 'Seychelles'}",2015,4.04194410725617
SLE,"{'id': 'SL', 'value': 'Sierra Leone'}",2024,28.6337500014115
SLE,"{'id': 'SL', 'value': 'Sierra Leone'}",2023,47.6428733253179
SLE,"{'id': 'SL', 'value': 'Sierra Leone'}",2022,27.2082883814653
SLE,"{'id': 'SL', 'value': 'Sierra Leone'}",2021,11.8739588840234
SLE,"{'id': 'SL', 'value': 'Sierra Leone'}",2020,13.4468711101052
SLE,"{'id': 'SL', 'value': 'Sierra Leone'}",2019,14.8049990906021
SLE,"{'id': 'SL', 'value': 'Sierra Leone'}",2018,16.0295447693699
SLE,"{'id': 'SL', 'value': 'Sierra Leone'}",2017,18.2215094003386
SLE,"{'id': 'SL', 'value': 'Sierra Leone'}",2016,10.8860609413903
SLE,"{'id': 'SL', 'value': 'Sierra Leone'}",2015,6.68943562498681
SGP,"{'id': 'SG', 'value': 'Singapore'}",2024,2.38951123595017
SGP,"{'id': 'SG', 'value': 'Singapore'}",2023,4.83372362825798
SGP,"{'id': 'SG', 'value': 'Singapore'}",2022,6.13095418919732
SGP,"{'id': 'SG', 'value': 'Singapore'}",2021,2.31610315765146
SGP,"{'id': 'SG', 'value': 'Singapore'}",2020,-0.172111865925382
SGP,"{'id': 'SG', 'value': 'Singapore'}",2019,0.567829988405447
SGP,"{'id': 'SG', 'value': 'Singapore'}",2018,0.438784215129623
SGP,"{'id': 'SG', 'value': 'Singapore'}",2017,0.576763191179996
SGP,"{'id': 'SG', 'value': 'Singapore'}",2016,-0.529809760375464
SGP,"{'id': 'SG', 'value': 'Singapore'}",2015,-0.521975611895763
SXM,"{'id': 'SX', 'value': 'Sint Maarten (Dutch part)'}",2024,
SXM,"{'id': 'SX', 'value': 'Sint Maarten (Dutch part)'}",2023,
SXM,"{'id': 'SX', 'value': 'Sint Maarten (Dutch part)'}",2022,
SXM,"{'id': 'SX', 'value': 'Sint Maarten (Dutch part)'}",2021,
SXM,"{'id': 'SX', 'value': 'Sint Maarten (Dutch part)'}",2020,
SXM,"{'id': 'SX', 'value': 'Sint Maarten (Dutch part)'}",2019,
SXM,"{'id': 'SX', 'value': 'Sint Maarten (Dutch part)'}",2018,
SXM,"{'id': 'SX', 'value': 'Sint Maarten (Dutch part)'}",2017,2.19201010962985
SXM,"{'id': 'SX', 'value': 'Sint Maarten (Dutch part)'}",2016,0.111682655737579
SXM,"{'id': 'SX', 'value': 'Sint Maarten (Dutch part)'}",2015,0.330027165141066
SVK,"{'id': 'SK', 'value': 'Slovak Republic'}",2024,2.75760909424272
SVK,"{'id': 'SK', 'value': 'Slovak Republic'}",2023,10.5319476645211
SVK,"{'id': 'SK', 'value': 'Slovak Republic'}",2022,12.7741463637611
SVK,"{'id': 'SK', 'value': 'Slovak Republic'}",2021,3.14960629921268
SVK,"{'id': 'SK', 'value': 'Slovak Republic'}",2020,1.93694126694223
SVK,"{'id': 'SK', 'value': 'Slovak Republic'}",2019,2.66456133425431
SVK,"{'id': 'SK', 'value': 'Slovak Republic'}",2018,2.51403712883812
SVK,"{'id': 'SK', 'value': 'Slovak Republic'}",2017,1.31194588223228
SVK,"{'id': 'SK', 'value': 'Slovak Republic'}",2016,-0.520010196278266
SVK,"{'id': 'SK', 'value': 'Slovak Republic'}",2015,-0.325219777427673
SVN,"{'id': 'SI', 'value': 'Slovenia'}",2024,1.96562656432512
SVN,"{'id': 'SI', 'value': 'Slovenia'}",2023,7.44687717385838
SVN,"{'id': 'SI', 'value': 'Slovenia'}",2022,8.83369886749452
SVN,"{'id': 'SI', 'value': 'Slovenia'}",2021,1.91706506089259
SVN,"{'id': 'SI', 'value': 'Slovenia'}",2020,-0.05485681576061
SVN,"{'id': 'SI', 'value': 'Slovenia'}",2019,1.63052260754344
SVN,"{'id': 'SI', 'value': 'Slovenia'}",2018,1.7386086198818
SVN,"{'id': 'SI', 'value': 'Slovenia'}",2017,1.42910743319306
SVN,"{'id': 'SI', 'value': 'Slovenia'}",2016,-0.054999541670474
SVN,"{'id': 'SI', 'value': 'Slovenia'}",2015,-0.525552285820877
SLB,"{'id': 'SB', 'value': 'Solomon Islands'}",2024,4.32183948388033
SLB,"{'id': 'SB', 'value': 'Solomon Islands'}",2023,5.88585897042164
SLB,"{'id': 'SB', 'value': 'Solomon Islands'}",2022,5.51812928576938
SLB,"{'id': 'SB', 'value': 'Solomon Islands'}",2021,-0.115437894412839
SLB,"{'id': 'SB', 'value': 'Solomon Islands'}",2020,2.96354992076065
SLB,"{'id': 'SB', 'value': 'Solomon Islands'}",2019,1.63485544012247
SLB,"{'id': 'SB', 'value': 'Solomon Islands'}",2018,3.46147484973729
SLB,"{'id': 'SB', 'value': 'Solomon Islands'}",2017,0.488686760261083
SLB,"{'id': 'SB', 'value': 'Solomon Islands'}",2016,0.512485626268792
SLB,"{'id': 'SB', 'value': 'Solomon Islands'}",2015,-0.57446928635949
SOM,"{'id': 'SO', 'value': 'Somalia, Fed. Rep.'}",2024,
SOM,"{'id': 'SO', 'value': 'Somalia, Fed. Rep.'}",2023,
SOM,"{'id': 'SO', 'value': 'Somalia, Fed. Rep.'}",2022,
SOM,"{'id': 'SO', 'value': 'Somalia, Fed. Rep.'}",2021,
SOM,"{'id': 'SO', 'value': 'Somalia, Fed. Rep.'}",2020,
SOM,"{'id': 'SO', 'value': 'Somalia, Fed. Rep.'}",2019,
SOM,"{'id': 'SO', 'value': 'Somalia, Fed. Rep.'}",2018,
SOM,"{'id': 'SO', 'value': 'Somalia, Fed. Rep.'}",2017,
SOM,"{'id': 'SO', 'value': 'Somalia, Fed. Rep.'}",2016,
SOM,"{'id': 'SO', 'value': 'Somalia, Fed. Rep.'}",2015,
ZAF,"{'id': 'ZA', 'value': 'South Africa'}",2024,4.36115246518962
ZAF,"{'id': 'ZA', 'value': 'South Africa'}",2023,6.0752438457966
ZAF,"{'id': 'ZA', 'value': 'South Africa'}",2022,7.03987272546482
ZAF,"{'id': 'ZA', 'value': 'South Africa'}",2021,4.61874544887136
ZAF,"{'id': 'ZA', 'value': 'South Africa'}",2020,3.23238831615113
ZAF,"{'id': 'ZA', 'value': 'South Africa'}",2019,4.10285075461156
ZAF,"{'id': 'ZA', 'value': 'South Africa'}",2018,4.50987264867388
ZAF,"{'id': 'ZA', 'value': 'South Africa'}",2017,5.18618655524149
ZAF,"{'id': 'ZA', 'value': 'South Africa'}",2016,6.60290842394872
ZAF,"{'id': 'ZA', 'value': 'South Africa'}",2015,4.51869094892506
SSD,"{'id': 'SS', 'value': 'South Sudan'}",2024,91.4408220769046
SSD,"{'id': 'SS', 'value': 'South Sudan'}",2023,2.38280434813754
SSD,"{'id': 'SS', 'value': 'South Sudan'}",2022,-6.68732094212668
SSD,"{'id': 'SS', 'value': 'South Sudan'}",2021,10.5167158294358
SSD,"{'id': 'SS', 'value': 'South Sudan'}",2020,29.6758435538572
SSD,"{'id': 'SS', 'value': 'South Sudan'}",2019,87.2413641500032
SSD,"{'id': 'SS', 'value': 'South Sudan'}",2018,83.5015294922
SSD,"{'id': 'SS', 'value': 'South Sudan'}",2017,187.851630279442
SSD,"{'id': 'SS', 'value': 'South Sudan'}",2016,379.999585624026
SSD,"{'id': 'SS', 'value': 'South Sudan'}",2015,52.7663304192143
ESP,"{'id': 'ES', 'value': 'Spain'}",2024,2.77417826534772
ESP,"{'id': 'ES', 'value': 'Spain'}",2023,3.53236133492433
ESP,"{'id': 'ES', 'value': 'Spain'}",2022,8.39057634118627
ESP,"{'id': 'ES', 'value': 'Spain'}",2021,3.0931351197642
ESP,"{'id': 'ES', 'value': 'Spain'}",2020,-0.322753017299739
ESP,"{'id': 'ES', 'value': 'Spain'}",2019,0.699518994458739
ESP,"{'id': 'ES', 'value': 'Spain'}",2018,1.6749813686379
ESP,"{'id': 'ES', 'value': 'Spain'}",2017,1.95607633363963
ESP,"{'id': 'ES', 'value': 'Spain'}",2016,-0.202598000426452
ESP,"{'id': 'ES', 'value': 'Spain'}",2015,-0.500365709903242
LKA,"{'id': 'LK', 'value': 'Sri Lanka'}",2024,-0.42936004906973
LKA,"{'id': 'LK', 'value': 'Sri Lanka'}",2023,16.5411742279832
LKA,"{'id': 'LK', 'value': 'Sri Lanka'}",2022,49.7211021114327
LKA,"{'id': 'LK', 'value': 'Sri Lanka'}",2021,7.01478071238195
LKA,"{'id': 'LK', 'value': 'Sri Lanka'}",2020,6.15394508391738
LKA,"{'id': 'LK', 'value': 'Sri Lanka'}",2019,3.52839358231811
LKA,"{'id': 'LK', 'value': 'Sri Lanka'}",2018,2.135037737132
LKA,"{'id': 'LK', 'value': 'Sri Lanka'}",2017,7.70413767850602
LKA,"{'id': 'LK', 'value': 'Sri Lanka'}",2016,3.9588884659307
LKA,"{'id': 'LK', 'value': 'Sri Lanka'}",2015,3.76836783062096
KNA,"{'id': 'KN', 'value': 'St. Kitts and Nevis'}",2024,
KNA,"{'id': 'KN', 'value': 'St. Kitts and Nevis'}",2023,3.55711230848243
KNA,"{'id': 'KN', 'value': 'St. Kitts and Nevis'}",2022,2.66817533111249
KNA,"{'id': 'KN', 'value': 'St. Kitts and Nevis'}",2021,1.195688870384
KNA,"{'id': 'KN', 'value': 'St. Kitts and Nevis'}",2020,-1.16724501769353
KNA,"{'id': 'KN', 'value': 'St. Kitts and Nevis'}",2019,-0.329562063663977
KNA,"{'id': 'KN', 'value': 'St. Kitts and Nevis'}",2018,-1.03712214131572
KNA,"{'id': 'KN', 'value': 'St. Kitts and Nevis'}",2017,0.694916711613604
KNA,"{'id': 'KN', 'value': 'St. Kitts and Nevis'}",2016,-0.687037123294039
KNA,"{'id': 'KN', 'value': 'St. Kitts and Nevis'}",2015,-2.30187563045616
LCA,"{'id': 'LC', 'value': 'St. Lucia'}",2024,-0.110283575834694
LCA,"{'id': 'LC', 'value': 'St. Lucia'}",2023,4.07060821926204
LCA,"{'id': 'LC', 'value': 'St. Lucia'}",2022,6.37814695133351
LCA,"{'id': 'LC', 'value': 'St. Lucia'}",2021,2.41070312174393
LCA,"{'id': 'LC', 'value': 'St. Lucia'}",2020,-1.75580833517594
LCA,"{'id': 'LC', 'value': 'St. Lucia'}",2019,0.539087559191757
LCA,"{'id': 'LC', 'value': 'St. Lucia'}",2018,1.93561893150602
LCA,"{'id': 'LC', 'value': 'St. Lucia'}",2017,0.104262078958441
LCA,"{'id': 'LC', 'value': 'St. Lucia'}",2016,-3.07821765676927
LCA,"{'id': 'LC', 'value': 'St. Lucia'}",2015,-0.983600952696996
MAF,"{'id': 'MF', 'value': 'St. Martin (French part)'}",2024,
MAF,"{'id': 'MF', 'value': 'St. Martin (French part)'}",2023,
MAF,"{'id': 'MF', 'value': 'St. Martin (French part)'}",2022,
MAF,"{'id': 'MF', 'value': 'St. Martin (French part)'}",2021,
MAF,"{'id': 'MF', 'value': 'St. Martin (French part)'}",2020,
MAF,"{'id': 'MF', 'value': 'St. Martin (French part)'}",2019,
MAF,"{'id': 'MF', 'value': 'St. Martin (French part)'}",2018,
MAF,"{'id': 'MF', 'value': 'St. Martin (French part)'}",2017,
MAF,"{'id': 'MF', 'value': 'St. Martin (French part)'}",2016,
MAF,"{'id': 'MF', 'value': 'St. Martin (French part)'}",2015,
VCT,"{'id': 'VC', 'value': 'St. Vincent and the Grenadines'}",2024,3.62770736940927
VCT,"{'id': 'VC', 'value': 'St. Vincent and the Grenadines'}",2023,4.56457719814894
VCT,"{'id': 'VC', 'value': 'St. Vincent and the Grenadines'}",2022,5.66009779226552
VCT,"{'id': 'VC', 'value': 'St. Vincent and the Grenadines'}",2021,1.57272932500558
VCT,"{'id': 'VC', 'value': 'St. Vincent and the Grenadines'}",2020,-0.628131309354654
VCT,"{'id': 'VC', 'value': 'St. Vincent and the Grenadines'}",2019,0.91306972532459
VCT,"{'id': 'VC', 'value': 'St. Vincent and the Grenadines'}",2018,2.32414485367921
VCT,"{'id': 'VC', 'value': 'St. Vincent and the Grenadines'}",2017,2.15333648840511
VCT,"{'id': 'VC', 'value': 'St. Vincent and the Grenadines'}",2016,-0.149641647633284
VCT,"{'id': 'VC', 'value': 'St. Vincent and the Grenadines'}",2015,-1.73361194953959
SDN,"{'id': 'SD', 'value': 'Sudan'}",2024,
SDN,"{'id': 'SD', 'value': 'Sudan'}",2023,
SDN,"{'id': 'SD', 'value': 'Sudan'}",2022,138.80846024176
SDN,"{'id': 'SD', 'value': 'Sudan'}",2021,359.093040778999
SDN,"{'id': 'SD', 'value': 'Sudan'}",2020,163.257782355458
SDN,"{'id': 'SD', 'value': 'Sudan'}",2019,50.9940515002965
SDN,"{'id': 'SD', 'value': 'Sudan'}",2018,63.2925073455888
SDN,"{'id': 'SD', 'value': 'Sudan'}",2017,32.3516260968437
SDN,"{'id': 'SD', 'value': 'Sudan'}",2016,17.750253831196
SDN,"{'id': 'SD', 'value': 'Sudan'}",2015,16.9095706050977
SUR,"{'id': 'SR', 'value': 'Suriname'}",2024,16.2296159130279
SUR,"{'id': 'SR', 'value': 'Suriname'}",2023,51.5873159600861
SUR,"{'id': 'SR', 'value': 'Suriname'}",2022,52.446027276241
SUR,"{'id': 'SR', 'value': 'Suriname'}",2021,59.1196626251977
SUR,"{'id': 'SR', 'value': 'Suriname'}",2020,34.889784309078
SUR,"{'id': 'SR', 'value': 'Suriname'}",2019,
SUR,"{'id': 'SR', 'value': 'Suriname'}",2018,
SUR,"{'id': 'SR', 'value': 'Suriname'}",2017,21.9969430173304
SUR,"{'id': 'SR', 'value': 'Suriname'}",2016,55.4123879763196
SUR,"{'id': 'SR', 'value': 'Suriname'}",2015,6.89390359168238
SWE,"{'id': 'SE', 'value': 'Sweden'}",2024,2.83581658224034
SWE,"{'id': 'SE', 'value': 'Sweden'}",2023,8.54862489748902
SWE,"{'id': 'SE', 'value': 'Sweden'}",2022,8.36929098869189
SWE,"{'id': 'SE', 'value': 'Sweden'}",2021,2.16319736447153
SWE,"{'id': 'SE', 'value': 'Sweden'}",2020,0.497367318853572
SWE,"{'id': 'SE', 'value': 'Sweden'}",2019,1.78415097403835
SWE,"{'id': 'SE', 'value': 'Sweden'}",2018,1.95353530127028
SWE,"{'id': 'SE', 'value': 'Sweden'}",2017,1.79449904665589
SWE,"{'id': 'SE', 'value': 'Sweden'}",2016,0.984269244577992
SWE,"{'id': 'SE', 'value': 'Sweden'}",2015,-0.0467847449832812
CHE,"{'id': 'CH', 'value': 'Switzerland'}",2024,1.06234041976595
CHE,"{'id': 'CH', 'value': 'Switzerland'}",2023,2.13540088016377
CHE,"{'id': 'CH', 'value': 'Switzerland'}",2022,2.83502798644463
CHE,"{'id': 'CH', 'value': 'Switzerland'}",2021,0.581814168489856
CHE,"{'id': 'CH', 'value': 'Switzerland'}",2020,-0.725874933313384
CHE,"{'id': 'CH', 'value': 'Switzerland'}",2019,0.362886179940614
CHE,"{'id': 'CH', 'value': 'Switzerland'}",2018,0.936335464113563
CHE,"{'id': 'CH', 'value': 'Switzerland'}",2017,0.533787839825897
CHE,"{'id': 'CH', 'value': 'Switzerland'}",2016,-0.434618664285835
CHE,"{'id': 'CH', 'value': 'Switzerland'}",2015,-1.14390867228183
SYR,"{'id': 'SY', 'value': 'Syrian Arab Republic'}",2024,
SYR,"{'id': 'SY', 'value': 'Syrian Arab Republic'}",2023,
SYR,"{'id': 'SY', 'value': 'Syrian Arab Republic'}",2022,
SYR,"{'id': 'SY', 'value': 'Syrian Arab Republic'}",2021,
SYR,"{'id': 'SY', 'value': 'Syrian Arab Republic'}",2020,
SYR,"{'id': 'SY', 'value': 'Syrian Arab Republic'}",2019,13.4175653228571
SYR,"{'id': 'SY', 'value': 'Syrian Arab Republic'}",2018,0.940983843906769
SYR,"{'id': 'SY', 'value': 'Syrian Arab Republic'}",2017,18.0752696281771
SYR,"{'id': 'SY', 'value': 'Syrian Arab Republic'}",2016,47.7051615298923
SYR,"{'id': 'SY', 'value': 'Syrian Arab Republic'}",2015,38.4611429599733
TJK,"{'id': 'TJ', 'value': 'Tajikistan'}",2024,
TJK,"{'id': 'TJ', 'value': 'Tajikistan'}",2023,
TJK,"{'id': 'TJ', 'value': 'Tajikistan'}",2022,
TJK,"{'id': 'TJ', 'value': 'Tajikistan'}",2021,
TJK,"{'id': 'TJ', 'value': 'Tajikistan'}",2020,
TJK,"{'id': 'TJ', 'value': 'Tajikistan'}",2019,
TJK,"{'id': 'TJ', 'value': 'Tajikistan'}",2018,
TJK,"{'id': 'TJ', 'value': 'Tajikistan'}",2017,
TJK,"{'id': 'TJ', 'value': 'Tajikistan'}",2016,6.00458082322139
TJK,"{'id': 'TJ', 'value': 'Tajikistan'}",2015,5.7145594964971
TZA,"{'id': 'TZ', 'value': 'Tanzania'}",2024,3.05694676312373
TZA,"{'id': 'TZ', 'value': 'Tanzania'}",2023,3.79923291384916
TZA,"{'id': 'TZ', 'value': 'Tanzania'}",2022,4.35027204269101
TZA,"{'id': 'TZ', 'value': 'Tanzania'}",2021,3.69091958802199
TZA,"{'id': 'TZ', 'value': 'Tanzania'}",2020,3.29029062798325
TZA,"{'id': 'TZ', 'value': 'Tanzania'}",2019,3.46428057999021
TZA,"{'id': 'TZ', 'value': 'Tanzania'}",2018,3.49445848856181
TZA,"{'id': 'TZ', 'value': 'Tanzania'}",2017,5.31871605228931
TZA,"{'id': 'TZ', 'value': 'Tanzania'}",2016,5.17476629301493
TZA,"{'id': 'TZ', 'value': 'Tanzania'}",2015,5.58816952959298
THA,"{'id': 'TH', 'value': 'Thailand'}",2024,1.36580540798037
THA,"{'id': 'TH', 'value': 'Thailand'}",2023,8.47805174421543
THA,"{'id': 'TH', 'value': 'Thailand'}",2022,-1.61068030486688
THA,"{'id': 'TH', 'value': 'Thailand'}",2021,1.23039541318384
THA,"{'id': 'TH', 'value': 'Thailand'}",2020,-0.845937147357041
THA,"{'id': 'TH', 'value': 'Thailand'}",2019,0.706728601314311
THA,"{'id': 'TH', 'value': 'Thailand'}",2018,1.06389754183024
THA,"{'id': 'TH', 'value': 'Thailand'}",2017,0.665631893135106
THA,"{'id': 'TH', 'value': 'Thailand'}",2016,0.188149704448143
THA,"{'id': 'TH', 'value': 'Thailand'}",2015,-0.900424963291569
TLS,"{'id': 'TL', 'value': 'Timor-Leste'}",2024,2.06284153005468
TLS,"{'id': 'TL', 'value': 'Timor-Leste'}",2023,8.42035103310377
TLS,"{'id': 'TL', 'value': 'Timor-Leste'}",2022,7.00530945399787
TLS,"{'id': 'TL', 'value': 'Timor-Leste'}",2021,3.69792094666786
TLS,"{'id': 'TL', 'value': 'Timor-Leste'}",2020,0.495499215459571
TLS,"{'id': 'TL', 'value': 'Timor-Leste'}",2019,0.958812739703141
TLS,"{'id': 'TL', 'value': 'Timor-Leste'}",2018,2.63647201015892
TLS,"{'id': 'TL', 'value': 'Timor-Leste'}",2017,0.557215537430361
TLS,"{'id': 'TL', 'value': 'Timor-Leste'}",2016,-1.33853876185163
TLS,"{'id': 'TL', 'value': 'Timor-Leste'}",2015,0.552796026277853
TGO,"{'id': 'TG', 'value': 'Togo'}",2024,2.86262074089801
TGO,"{'id': 'TG', 'value': 'Togo'}",2023,5.48928568141131
TGO,"{'id': 'TG', 'value': 'Togo'}",2022,7.96757361617945
TGO,"{'id': 'TG', 'value': 'Togo'}",2021,4.1862150652352
TGO,"{'id': 'TG', 'value': 'Togo'}",2020,1.69928463299399
TGO,"{'id': 'TG', 'value': 'Togo'}",2019,0.674652770077525
TGO,"{'id': 'TG', 'value': 'Togo'}",2018,0.927755426457183
TGO,"{'id': 'TG', 'value': 'Togo'}",2017,-0.981889868943119
TGO,"{'id': 'TG', 'value': 'Togo'}",2016,1.28544847051417
TGO,"{'id': 'TG', 'value': 'Togo'}",2015,2.58500390801595
TON,"{'id': 'TO', 'value': 'Tonga'}",2024,3.18364611260051
TON,"{'id': 'TO', 'value': 'Tonga'}",2023,6.35112980255189
TON,"{'id': 'TO', 'value': 'Tonga'}",2022,10.9713652903022
TON,"{'id': 'TO', 'value': 'Tonga'}",2021,5.64051140636743
TON,"{'id': 'TO', 'value': 'Tonga'}",2020,-0.349737696727418
TON,"{'id': 'TO', 'value': 'Tonga'}",2019,1.179543348218
TON,"{'id': 'TO', 'value': 'Tonga'}",2018,5.03209691984882
TON,"{'id': 'TO', 'value': 'Tonga'}",2017,7.51706283551125
TON,"{'id': 'TO', 'value': 'Tonga'}",2016,2.57815515245072
TON,"{'id': 'TO', 'value': 'Tonga'}",2015,-1.05399831971283
TTO,"{'id': 'TT', 'value': 'Trinidad and Tobago'}",2024,0.526884625776839
TTO,"{'id': 'TT', 'value': 'Trinidad and Tobago'}",2023,4.62930242419968
TTO,"{'id': 'TT', 'value': 'Trinidad and Tobago'}",2022,5.82838638517959
TTO,"{'id': 'TT', 'value': 'Trinidad and Tobago'}",2021,2.05922746915458
TTO,"{'id': 'TT', 'value': 'Trinidad and Tobago'}",2020,0.598986330824643
TTO,"{'id': 'TT', 'value': 'Trinidad and Tobago'}",2019,1.00054293027237
TTO,"{'id': 'TT', 'value': 'Trinidad and Tobago'}",2018,1.01856930188822
TTO,"{'id': 'TT', 'value': 'Trinidad and Tobago'}",2017,1.88038440183532
TTO,"{'id': 'TT', 'value': 'Trinidad and Tobago'}",2016,3.07066742464024
TTO,"{'id': 'TT', 'value': 'Trinidad and Tobago'}",2015,4.66121598098264
TUN,"{'id': 'TN', 'value': 'Tunisia'}",2024,7.20661657168794
TUN,"{'id': 'TN', 'value': 'Tunisia'}",2023,9.32899597507865
TUN,"{'id': 'TN', 'value': 'Tunisia'}",2022,8.30646124447623
TUN,"{'id': 'TN', 'value': 'Tunisia'}",2021,5.706350208307
TUN,"{'id': 'TN', 'value': 'Tunisia'}",2020,5.63415115897625
TUN,"{'id': 'TN', 'value': 'Tunisia'}",2019,6.72007532863799
TUN,"{'id': 'TN', 'value': 'Tunisia'}",2018,7.30759176031652
TUN,"{'id': 'TN', 'value': 'Tunisia'}",2017,5.30884839565844
TUN,"{'id': 'TN', 'value': 'Tunisia'}",2016,3.62939937384381
TUN,"{'id': 'TN', 'value': 'Tunisia'}",2015,4.437371273215
TUR,"{'id': 'TR', 'value': 'Turkiye'}",2024,58.5064507300343
TUR,"{'id': 'TR', 'value': 'Turkiye'}",2023,53.8594087593315
TUR,"{'id': 'TR', 'value': 'Turkiye'}",2022,72.3088359891207
TUR,"{'id': 'TR', 'value': 'Turkiye'}",2021,19.5964926913324
TUR,"{'id': 'TR', 'value': 'Turkiye'}",2020,12.2789574462574
TUR,"{'id': 'TR', 'value': 'Turkiye'}",2019,15.1768215720022
TUR,"{'id': 'TR', 'value': 'Turkiye'}",2018,16.3324638988928
TUR,"{'id': 'TR', 'value': 'Turkiye'}",2017,11.1443110840765
TUR,"{'id': 'TR', 'value': 'Turkiye'}",2016,7.7751341532833
TUR,"{'id': 'TR', 'value': 'Turkiye'}",2015,7.67085364845877
TKM,"{'id': 'TM', 'value': 'Turkmenistan'}",2024,
TKM,"{'id': 'TM', 'value': 'Turkmenistan'}",2023,
TKM,"{'id': 'TM', 'value': 'Turkmenistan'}",2022,
TKM,"{'id': 'TM', 'value': 'Turkmenistan'}",2021,
TKM,"{'id': 'TM', 'value': 'Turkmenistan'}",2020,
TKM,"{'id': 'TM', 'value': 'Turkmenistan'}",2019,
TKM,"{'id': 'TM', 'value': 'Turkmenistan'}",2018,
TKM,"{'id': 'TM', 'value': 'Turkmenistan'}",2017,
TKM,"{'id': 'TM', 'value': 'Turkmenistan'}",2016,
TKM,"{'id': 'TM', 'value': 'Turkmenistan'}",2015,
TCA,"{'id': 'TC', 'value': 'Turks and Caicos Islands'}",2024,
TCA,"{'id': 'TC', 'value': 'Turks and Caicos Islands'}",2023,
TCA,"{'id': 'TC', 'value': 'Turks and Caicos Islands'}",2022,
TCA,"{'id': 'TC', 'value': 'Turks and Caicos Islands'}",2021,
TCA,"{'id': 'TC', 'value': 'Turks and Caicos Islands'}",2020,
TCA,"{'id': 'TC', 'value': 'Turks and Caicos Islands'}",2019,
TCA,"{'id': 'TC', 'value': 'Turks and Caicos Islands'}",2018,
TCA,"{'id': 'TC', 'value': 'Turks and Caicos Islands'}",2017,
TCA,"{'id': 'TC', 'value': 'Turks and Caicos Islands'}",2016,
TCA,"{'id': 'TC', 'value': 'Turks and Caicos Islands'}",2015,
TUV,"{'id': 'TV', 'value': 'Tuvalu'}",2024,
TUV,"{'id': 'TV', 'value': 'Tuvalu'}",2023,
TUV,"{'id': 'TV', 'value': 'Tuvalu'}",2022,
TUV,"{'id': 'TV', 'value': 'Tuvalu'}",2021,
TUV,"{'id': 'TV', 'value': 'Tuvalu'}",2020,
TUV,"{'id': 'TV', 'value': 'Tuvalu'}",2019,
TUV,"{'id': 'TV', 'value': 'Tuvalu'}",2018,
TUV,"{'id': 'TV', 'value': 'Tuvalu'}",2017,
TUV,"{'id': 'TV', 'value': 'Tuvalu'}",2016,
TUV,"{'id': 'TV', 'value': 'Tuvalu'}",2015,
UGA,"{'id': 'UG', 'value': 'Uganda'}",2024,3.3233806708656
UGA,"{'id': 'UG', 'value': 'Uganda'}",2023,5.35094804280395
UGA,"{'id': 'UG', 'value': 'Uganda'}",2022,7.1957888597581
UGA,"{'id': 'UG', 'value': 'Uganda'}",2021,2.20457204757414
UGA,"{'id': 'UG', 'value': 'Uganda'}",2020,3.31332289544502
UGA,"{'id': 'UG', 'value': 'Uganda'}",2019,2.867588034469
UGA,"{'id': 'UG', 'value': 'Uganda'}",2018,2.61601190952274
UGA,"{'id': 'UG', 'value': 'Uganda'}",2017,5.20971705914209
UGA,"{'id': 'UG', 'value': 'Uganda'}",2016,5.70637504616212
UGA,"{'id': 'UG', 'value': 'Uganda'}",2015,5.58968606251725
UKR,"{'id': 'UA', 'value': 'Ukraine'}",2024,6.50198464669254
UKR,"{'id': 'UA', 'value': 'Ukraine'}",2023,12.8490222828559
UKR,"{'id': 'UA', 'value': 'Ukraine'}",2022,20.1836366617478
UKR,"{'id': 'UA', 'value': 'Ukraine'}",2021,9.36313917695223
UKR,"{'id': 'UA', 'value': 'Ukraine'}",2020,2.73249209419427
UKR,"{'id': 'UA', 'value': 'Ukraine'}",2019,7.88671745611133
UKR,"{'id': 'UA', 'value': 'Ukraine'}",2018,10.9518559353178
UKR,"{'id': 'UA', 'value': 'Ukraine'}",2017,14.4383227488749
UKR,"{'id': 'UA', 'value': 'Ukraine'}",2016,13.9127101997797
UKR,"{'id': 'UA', 'value': 'Ukraine'}",2015,48.6998646434424
ARE,"{'id': 'AE', 'value': 'United Arab Emirates'}",2024,1.66336510224894
ARE,"{'id': 'AE', 'value': 'United Arab Emirates'}",2023,1.62670837213248
ARE,"{'id': 'AE', 'value': 'United Arab Emirates'}",2022,5.29122604376849
ARE,"{'id': 'AE', 'value': 'United Arab Emirates'}",2021,0.179935336174431
ARE,"{'id': 'AE', 'value': 'United Arab Emirates'}",2020,-2.07940317940944
ARE,"{'id': 'AE', 'value': 'United Arab Emirates'}",2019,-1.93108114782173
ARE,"{'id': 'AE', 'value': 'United Arab Emirates'}",2018,3.06863379251997
ARE,"{'id': 'AE', 'value': 'United Arab Emirates'}",2017,1.96682557818842
ARE,"{'id': 'AE', 'value': 'United Arab Emirates'}",2016,1.61748808904198
ARE,"{'id': 'AE', 'value': 'United Arab Emirates'}",2015,4.06996608361593
GBR,"{'id': 'GB', 'value': 'United Kingdom'}",2024,3.2715729463592
GBR,"{'id': 'GB', 'value': 'United Kingdom'}",2023,6.79396706793963
GBR,"{'id': 'GB', 'value': 'United Kingdom'}",2022,7.92204883147902
GBR,"{'id': 'GB', 'value': 'United Kingdom'}",2021,2.51837109614213
GBR,"{'id': 'GB', 'value': 'United Kingdom'}",2020,0.989486703772491
GBR,"{'id': 'GB', 'value': 'United Kingdom'}",2019,1.73810460086513
GBR,"{'id': 'GB', 'value': 'United Kingdom'}",2018,2.29283990345938
GBR,"{'id': 'GB', 'value': 'United Kingdom'}",2017,2.55775577557747
GBR,"{'id': 'GB', 'value': 'United Kingdom'}",2016,1.0084173681141
GBR,"{'id': 'GB', 'value': 'United Kingdom'}",2015,0.36804684232536
USA,"{'id': 'US', 'value': 'United States'}",2024,2.94952520485207
USA,"{'id': 'US', 'value': 'United States'}",2023,4.11633838374488
USA,"{'id': 'US', 'value': 'United States'}",2022,8.00279982052121
USA,"{'id': 'US', 'value': 'United States'}",2021,4.69785886363742
USA,"{'id': 'US', 'value': 'United States'}",2020,1.23358439630629
USA,"{'id': 'US', 'value': 'United States'}",2019,1.81221007526021
USA,"{'id': 'US', 'value': 'United States'}",2018,2.44258329692817
USA,"{'id': 'US', 'value': 'United States'}",2017,2.13011000365961
USA,"{'id': 'US', 'value': 'United States'}",2016,1.26158320570536
USA,"{'id': 'US', 'value': 'United States'}",2015,0.118627135552451
URY,"{'id': 'UY', 'value': 'Uruguay'}",2024,4.84914366613156
URY,"{'id': 'UY', 'value': 'Uruguay'}",2023,5.86910359896119
URY,"{'id': 'UY', 'value': 'Uruguay'}",2022,9.10437983075437
URY,"{'id': 'UY', 'value': 'Uruguay'}",2021,7.74791402314762
URY,"{'id': 'UY', 'value': 'Uruguay'}",2020,9.75640636078194
URY,"{'id': 'UY', 'value': 'Uruguay'}",2019,7.88198870879619
URY,"{'id': 'UY', 'value': 'Uruguay'}",2018,7.60653360377047
URY,"{'id': 'UY', 'value': 'Uruguay'}",2017,6.2180938256186
URY,"{'id': 'UY', 'value': 'Uruguay'}",2016,9.6394134763508
URY,"{'id': 'UY', 'value': 'Uruguay'}",2015,8.66626987079328
UZB,"{'id': 'UZ', 'value': 'Uzbekistan'}",2024,9.62825465956682
UZB,"{'id': 'UZ', 'value': 'Uzbekistan'}",2023,9.95659071258018
UZB,"{'id': 'UZ', 'value': 'Uzbekistan'}",2022,11.4466436998836
UZB,"{'id': 'UZ', 'value': 'Uzbekistan'}",2021,10.8492397508122
UZB,"{'id': 'UZ', 'value': 'Uzbekistan'}",2020,12.8677297362606
UZB,"{'id': 'UZ', 'value': 'Uzbekistan'}",2019,14.5257359560687
UZB,"{'id': 'UZ', 'value': 'Uzbekistan'}",2018,17.5241796514055
UZB,"{'id': 'UZ', 'value': 'Uzbekistan'}",2017,13.8757425441635
UZB,"{'id': 'UZ', 'value': 'Uzbekistan'}",2016,8.130886695236
UZB,"{'id': 'UZ', 'value': 'Uzbekistan'}",2015,8.75188196737508
VUT,"{'id': 'VU', 'value': 'Vanuatu'}",2024,
VUT,"{'id': 'VU', 'value': 'Vanuatu'}",2023,11.1825017088175
VUT,"{'id': 'VU', 'value': 'Vanuatu'}",2022,6.67930581887121
VUT,"{'id': 'VU', 'value': 'Vanuatu'}",2021,2.34328358208953
VUT,"{'id': 'VU', 'value': 'Vanuatu'}",2020,5.32935073101715
VUT,"{'id': 'VU', 'value': 'Vanuatu'}",2019,2.76252019386111
VUT,"{'id': 'VU', 'value': 'Vanuatu'}",2018,2.33096379566866
VUT,"{'id': 'VU', 'value': 'Vanuatu'}",2017,3.08452624403546
VUT,"{'id': 'VU', 'value': 'Vanuatu'}",2016,0.842069084035061
VUT,"{'id': 'VU', 'value': 'Vanuatu'}",2015,2.48326875660439
VEN,"{'id': 'VE', 'value': 'Venezuela, RB'}",2024,
VEN,"{'id': 'VE', 'value': 'Venezuela, RB'}",2023,
VEN,"{'id': 'VE', 'value': 'Venezuela, RB'}",2022,
VEN,"{'id': 'VE', 'value': 'Venezuela, RB'}",2021,
VEN,"{'id': 'VE', 'value': 'Venezuela, RB'}",2020,
VEN,"{'id': 'VE', 'value': 'Venezuela, RB'}",2019,
VEN,"{'id': 'VE', 'value': 'Venezuela, RB'}",2018,
VEN,"{'id': 'VE', 'value': 'Venezuela, RB'}",2017,
VEN,"{'id': 'VE', 'value': 'Venezuela, RB'}",2016,254.948534781816
VEN,"{'id': 'VE', 'value': 'Venezuela, RB'}",2015,121.738085297503
VNM,"{'id': 'VN', 'value': 'Viet Nam'}",2024,3.62109273885843
VNM,"{'id': 'VN', 'value': 'Viet Nam'}",2023,3.25289282667662
VNM,"{'id': 'VN', 'value': 'Viet Nam'}",2022,3.15650749963129
VNM,"{'id': 'VN', 'value': 'Viet Nam'}",2021,1.83471554810444
VNM,"{'id': 'VN', 'value': 'Viet Nam'}",2020,3.22093436652514
VNM,"{'id': 'VN', 'value': 'Viet Nam'}",2019,2.7958236745225
VNM,"{'id': 'VN', 'value': 'Viet Nam'}",2018,3.53962805942641
VNM,"{'id': 'VN', 'value': 'Viet Nam'}",2017,3.52025688811617
VNM,"{'id': 'VN', 'value': 'Viet Nam'}",2016,2.66824816969082
VNM,"{'id': 'VN', 'value': 'Viet Nam'}",2015,0.631200905175754
VIR,"{'id': 'VI', 'value': 'Virgin Islands (U.S.)'}",2024,
VIR,"{'id': 'VI', 'value': 'Virgin Islands (U.S.)'}",2023,
VIR,"{'id': 'VI', 'value': 'Virgin Islands (U.S.)'}",2022,
VIR,"{'id': 'VI', 'value': 'Virgin Islands (U.S.)'}",2021,
VIR,"{'id': 'VI', 'value': 'Virgin Islands (U.S.)'}",2020,
VIR,"{'id': 'VI', 'value': 'Virgin Islands (U.S.)'}",2019,
VIR,"{'id': 'VI', 'value': 'Virgin Islands (U.S.)'}",2018,
VIR,"{'id': 'VI', 'value': 'Virgin Islands (U.S.)'}",2017,
VIR,"{'id': 'VI', 'value': 'Virgin Islands (U.S.)'}",2016,
VIR,"{'id': 'VI', 'value': 'Virgin Islands (U.S.)'}",2015,
PSE,"{'id': 'PS', 'value': 'West Bank and Gaza'}",2024,53.6691458303782
PSE,"{'id': 'PS', 'value': 'West Bank and Gaza'}",2023,5.87110177678988
PSE,"{'id': 'PS', 'value': 'West Bank and Gaza'}",2022,3.74122391852077
PSE,"{'id': 'PS', 'value': 'West Bank and Gaza'}",2021,1.23748102831369
PSE,"{'id': 'PS', 'value': 'West Bank and Gaza'}",2020,-0.735332001092191
PSE,"{'id': 'PS', 'value': 'West Bank and Gaza'}",2019,1.58018333639455
PSE,"{'id': 'PS', 'value': 'West Bank and Gaza'}",2018,-0.195107773730735
PSE,"{'id': 'PS', 'value': 'West Bank and Gaza'}",2017,0.212570934228881
PSE,"{'id': 'PS', 'value': 'West Bank and Gaza'}",2016,-0.219106604907316
PSE,"{'id': 'PS', 'value': 'West Bank and Gaza'}",2015,1.43161145810476
YEM,"{'id': 'YE', 'value': 'Yemen, Rep.'}",2024,
YEM,"{'id': 'YE', 'value': 'Yemen, Rep.'}",2023,
YEM,"{'id': 'YE', 'value': 'Yemen, Rep.'}",2022,
YEM,"{'id': 'YE', 'value': 'Yemen, Rep.'}",2021,
YEM,"{'id': 'YE', 'value': 'Yemen, Rep.'}",2020,
YEM,"{'id': 'YE', 'value': 'Yemen, Rep.'}",2019,
YEM,"{'id': 'YE', 'value': 'Yemen, Rep.'}",2018,
YEM,"{'id': 'YE', 'value': 'Yemen, Rep.'}",2017,
YEM,"{'id': 'YE', 'value': 'Yemen, Rep.'}",2016,
YEM,"{'id': 'YE', 'value': 'Yemen, Rep.'}",2015,
ZMB,"{'id': 'ZM', 'value': 'Zambia'}",2024,14.9856262747939
ZMB,"{'id': 'ZM', 'value': 'Zambia'}",2023,10.884531691282
ZMB,"{'id': 'ZM', 'value': 'Zambia'}",2022,10.9932039209136
ZMB,"{'id': 'ZM', 'value': 'Zambia'}",2021,22.0207676245777
ZMB,"{'id': 'ZM', 'value': 'Zambia'}",2020,15.7330604721369
ZMB,"{'id': 'ZM', 'value': 'Zambia'}",2019,9.15031644316296
ZMB,"{'id': 'ZM', 'value': 'Zambia'}",2018,7.4945719272852
ZMB,"{'id': 'ZM', 'value': 'Zambia'}",2017,6.57731154205644
ZMB,"{'id': 'ZM', 'value': 'Zambia'}",2016,17.8697300795268
ZMB,"{'id': 'ZM', 'value': 'Zambia'}",2015,10.1105928909618
ZWE,"{'id': 'ZW', 'value': 'Zimbabwe'}",2024,
ZWE,"{'id': 'ZW', 'value': 'Zimbabwe'}",2023,
ZWE,"{'id': 'ZW', 'value': 'Zimbabwe'}",2022,104.705170628667
ZWE,"{'id': 'ZW', 'value': 'Zimbabwe'}",2021,98.5461050920624
ZWE,"{'id': 'ZW', 'value': 'Zimbabwe'}",2020,557.201817362051
ZWE,"{'id': 'ZW', 'value': 'Zimbabwe'}",2019,255.304990757856
ZWE,"{'id': 'ZW', 'value': 'Zimbabwe'}",2018,10.6188658669575
ZWE,"{'id': 'ZW', 'value': 'Zimbabwe'}",2017,0.893962316050027
ZWE,"{'id': 'ZW', 'value': 'Zimbabwe'}",2016,-1.54366960054161
ZWE,"{'id': 'ZW', 'value': 'Zimbabwe'}",2015,-2.43096842383404
