countryName,year,tavg,prcp,tmax,tmin
Afghanistan,2015,17.81447359140598,0.0,23.350594024619884,12.385102919476225
Afghanistan,2016,19.05365436427012,0.3,24.03346394095343,12.902734831505814
Afghanistan,2017,18.74754025877719,284.5,25.550560619699993,13.418745636607039
Afghanistan,2018,18.308044918285,163.0,25.147071038067473,12.019698031028575
Afghanistan,2019,17.34895627605881,974.1,23.54420698924731,11.214020920196035
Afghanistan,2020,16.53579669650582,695.9,22.85320949546772,10.425312402474725
Afghanistan,2021,17.499980341599006,1.0,24.719260204081632,11.071268286884646
Afghanistan,2022,17.530894204597512,544.6,24.63706681418087,11.502981463194597
Albania,2015,16.152124580104992,446.1,22.297454510768112,10.556391508327469
Albania,2016,16.527735417365562,579.6,22.502246712985034,11.46080281000053
Albania,2017,16.431611203806696,1120.1000000000001,22.677688878295108,10.61170196128823
Albania,2018,17.32042886026757,1337.4,23.33673332939462,12.058436014918218
Albania,2019,16.312844768731864,1312.1,22.526687788018435,11.151771846731526
Albania,2020,16.0613242079677,1080.8999999999999,22.541531331108636,10.646159415811807
Albania,2021,16.115000256016383,12744.6,22.00260938300051,10.878542946748592
Albania,2022,16.42391397849462,11639.2,22.57251081669227,11.04790770609319
Albania,2023,16.729642537122377,12979.7,22.754522465437788,11.555091397849461
Albania,2024,17.249960909927356,10373.0,23.446769887032865,11.881245115391483
Albania,2025,16.82786527137737,10836.2,22.638360484984084,11.659394293060842
Algeria,2015,17.13228391206529,3901.8,23.214965186580642,10.81876219779058
Algeria,2016,17.65758338762397,3060.2,23.552876907219943,11.634580320016958
Algeria,2017,17.614227564025086,2287.3,23.721670904356568,11.928419292967389
Algeria,2018,16.717833888673432,2938.5,22.28408104439758,11.36355833153967
Algeria,2019,16.763227043286772,2788.0,22.49120567828762,11.328287447668254
Algeria,2020,17.616777086631767,2046.5,23.67146328542454,11.88878674665757
Algeria,2021,17.665043650793653,4097.4,23.529957437275986,12.157333973374296
Algeria,2022,18.186733678955456,3135.9,23.994928891449053,12.379065668202765
Algeria,2023,17.817971326164873,3935.6,23.586923195084484,11.920412314388122
Algeria,2024,18.38166981831665,3169.0,23.993679376016463,12.54040472781829
Algeria,2025,17.778527905785968,4536.6,23.41732750896057,12.211194892473118
American Samoa,2015,27.410369318181818,0.0,30.0,27.0
American Samoa,2016,27.89605302187616,28706.0,30.353935545668026,25.80268168335187
American Samoa,2017,27.772738095238093,33944.0,30.19653481822837,25.535234895033284
American Samoa,2018,27.573982974910393,40385.0,30.010628520225293,25.36589797747056
American Samoa,2019,27.816923963133643,36701.0,30.21051459293395,25.72391705069124
American Samoa,2020,27.71099833147942,48626.0,30.311326782845136,25.427335001853912
American Samoa,2021,27.565154889912954,28170.0,30.190918458781365,25.310228494623654
American Samoa,2022,27.549217229902712,28878.0,30.34344790066564,25.086264080901177
American Samoa,2023,27.726435611879158,33353.0,30.405034562211984,25.427681771633384
American Samoa,2024,28.129297367445307,33172.0,30.707411012235816,25.98925596341614
American Samoa,2025,27.583766001024063,49682.0,30.03739247311828,25.29404697900666
Andorra,2021,11.643543906810036,6332.0,18.55858177957872,6.022658774299486
Andorra,2022,13.228351894521248,5447.0,20.26121351766513,7.220103686635945
Andorra,2023,12.958755760368664,6562.0,20.28812019969278,6.887939068100358
Andorra,2024,12.489212863929216,7607.0,19.618437780925728,6.690609086597222
Andorra,2025,11.992981227320287,7097.0,19.283167924486296,6.322993916828068
Angola,2015,24.27022029768526,251.7,28.420517730312334,21.525200913960152
Angola,2016,25.551412945600934,266.79999999999995,29.41046369068719,22.843517307591924
Angola,2017,25.34780529953917,308.9,29.079878351380245,22.896684611004464
Angola,2018,25.064491990344525,219.4,28.40504422555276,23.0277876344086
Angola,2019,25.909208909370196,126.8,29.76989183307732,23.00176075268817
Angola,2020,25.170736002966258,554.3,29.337361188357434,21.61091980507442
Angola,2021,22.6305068484383,8754.8,28.255679851510497,18.270444124423964
Angola,2022,22.145373616187296,8376.5,27.788852168193937,17.77073621263485
Angola,2023,22.551638952892983,10749.5,27.958097030209935,18.308737711213517
Angola,2024,23.02436976418952,9805.7,28.445004554099892,18.66930128086288
Angola,2025,22.370278401122018,8388.0,27.485988287250386,18.30572474203566
Anguilla,2015,27.613861367127495,0.0,29.605646271482847,25.947756034089366
Anguilla,2016,27.683172992037004,0.0,29.727235085830102,25.88434595934633
Anguilla,2017,27.416684617240794,0.0,29.50222317188984,25.60541070863293
Anguilla,2018,27.361719033654516,0.0,29.80431019902933,25.382552293419923
Anguilla,2019,27.660205453149,0.0,30.212871267899075,25.700759000300156
Anguilla,2020,27.894256890372016,0.0,30.606169200346063,25.80868310468422
Anguilla,2021,27.081475294418844,6370.0,29.021786994367638,25.343139400921658
Anguilla,2022,26.968527265745006,9020.0,28.808113799283152,25.19206797235023
Antarctica,2015,-6.927712354292119,864.1,-4.563930498614375,-9.142515817041362
Antarctica,2016,-6.129463561174404,651.4,-4.006646190120004,-8.470153602181378
Antarctica,2017,-6.089835259341655,909.9,-3.7754886713676394,-8.640819084936055
Antarctica,2018,-5.125781373660307,804.5,-2.901907198016309,-7.14204442641858
Antarctica,2019,-5.775639731977329,800.7,-3.5120047264563397,-7.830846120910359
Antarctica,2020,-5.1001143245581515,790.7,-2.794001551424962,-7.08006380546286
Antarctica,2021,-5.49468733998976,1406.2,-3.7918477982590884,-7.284285714285715
Antarctica,2022,-5.4252598566308246,1314.8,-3.748503264208909,-7.143209805427547
Antarctica,2023,-6.335276497695852,1119.6000000000001,-4.552285586277522,-8.085099846390168
Antarctica,2024,-5.959085403534792,1083.7,-4.05563660901884,-7.988653122075675
Antarctica,2025,-5.480980542754736,1117.1,-4.050880696364567,-7.03924571172555
Antigua and Barbuda,2015,26.971265126234538,0.0,29.33445609162117,24.99188109728324
Antigua and Barbuda,2016,26.952489660876754,0.0,29.34848524730771,24.84355276332631
Antigua and Barbuda,2017,26.736075357098716,0.0,29.143829267351006,24.64084731056651
Antigua and Barbuda,2018,26.638451696770662,0.0,29.064638504864313,24.545734196806777
Antigua and Barbuda,2019,26.861150793650793,0.0,29.35204429083461,24.77942844342038
Antigua and Barbuda,2020,26.835781114818936,0.0,29.357691261895933,24.91556513409962
Antigua and Barbuda,2021,26.798680235535077,7172.1,29.421535458269332,24.609644137224784
Antigua and Barbuda,2022,26.964759984639016,8564.4,29.310792370711724,25.014119303635432
Argentina,2015,18.541060900371363,9082.4,25.69694541170244,13.555331816047685
Argentina,2016,17.760892161204943,9217.5,24.75676260558452,12.949793566091456
Argentina,2017,18.639405965128123,10920.8,25.81003161401975,13.635198433208918
Argentina,2018,18.30462554469007,8422.0,25.521477462432525,13.185504198073895
Argentina,2019,18.239694157454327,7915.8,25.367323588958584,13.006866878450293
Argentina,2020,18.68994924231632,5874.5,26.26106411728322,12.780850002578479
Argentina,2021,18.60091170275978,7763.7,25.67876189192247,12.941512874670133
Argentina,2022,18.40289703355933,8270.9,25.7784516235217,12.409613559752673
Argentina,2023,19.355819801059067,9783.5,26.375358775115178,13.983841215534763
Argentina,2024,18.853629487629004,9794.0,25.498879551031713,13.648068100826583
Argentina,2025,18.823675819252433,11984.800000000001,25.149382680491552,13.474216013824885
Armenia,2015,12.382338780374653,1235.8,18.919547703284188,6.133018647003967
Armenia,2016,11.253795919345558,1346.0,17.773110064994057,5.138266808191008
Armenia,2017,11.080003605771589,999.6,17.695199074264924,4.957911485866976
Armenia,2018,13.253146717080314,1164.0,19.30045951376778,7.590521763068249
Armenia,2019,9.277765138415601,1151.4,14.039555991772696,4.940979591848059
Armenia,2020,8.346519045191306,1106.7,12.720463794141438,4.361570469922972
Armenia,2021,9.25476452892985,3396.0,14.069124359959037,4.872479582693292
Armenia,2022,9.251520225294419,3867.8,13.96646178955453,4.796858230926779
Armenia,2023,9.546576932923706,5667.0,13.744376984126983,5.451561379928316
Armenia,2024,9.09182743171425,8418.6,12.941918489679892,5.279711778519342
Armenia,2025,8.93735808084821,4375.2,13.375428074845066,4.4788950487313945
Aruba,2015,28.655461824579262,0.0,31.75685701550246,26.6277107064738
Aruba,2016,28.842173093560746,0.0,31.825497804741353,26.794442041715307
Aruba,2017,28.657343697582853,0.0,31.75895288262935,26.538832337826147
Aruba,2018,28.068911076975592,0.0,30.94914776940373,26.08183161635388
Aruba,2019,28.297526241679467,0.0,31.10332373271889,26.3873047875064
Aruba,2020,28.400586454084785,0.0,31.146867816091955,26.409446298356198
Aruba,2021,28.073764080901178,0.0,30.842729774705578,26.082814260112645
Aruba,2022,27.93038274449565,4669.0,30.674735663082437,25.834505888376857
Aruba,2023,28.50933819764465,2773.0,31.372940348182283,26.47384856630824
Aruba,2024,29.194702447163518,3227.0,32.066096897787666,27.225233283895687
Aruba,2025,28.418540066564262,2164.0,31.174661418330775,26.4772209421403
Australia,2015,18.027010155316606,10244.0,23.612992447516643,13.67080376344086
Australia,2016,18.2893298452327,9093.3,23.83842306266222,14.002994592757384
Australia,2017,18.35977449223417,8691.4,24.022573348694316,13.846244879672298
Australia,2018,18.20847357341981,7587.1,23.900437467997953,13.656576676907322
Australia,2019,18.45490385162428,6161.900000000001,24.39471146953405,13.877113351254481
Australia,2020,18.11120808608851,10373.5,23.33660799035966,13.868759053269065
Australia,2021,17.343201579797658,10873.1,22.906126408090117,13.425617831541219
Australia,2022,17.373798579109064,14435.6,22.56162090373784,13.624608486943165
Australia,2023,17.951416538658474,7755.3,23.712964157706093,13.719346710189452
Australia,2024,18.16892948189769,10480.6,23.803059665059944,14.221446916326782
Australia,2025,18.060708109319,11654.0,23.624468381976445,13.934933179723503
Austria,2015,11.264970238095238,6802.1,16.231467421915003,7.208960829493088
Austria,2016,10.70981105549376,9267.0,15.510090192806823,6.882840192806823
Austria,2017,10.681227598566307,8108.7,15.727892089093702,6.615650089605735
Austria,2018,11.79003014592934,8307.4,16.50825377624168,7.999936251920123
Austria,2019,12.000020417306708,8317.1,16.484611943164364,8.278649513568869
Austria,2020,11.477190798417997,8999.6,15.934691261895933,7.727765202076381
Austria,2021,10.733775857654889,7680.2,15.054403033794163,7.055280209933435
Austria,2022,11.784389336917563,6802.6,16.129931259600614,7.829392025089605
Austria,2023,12.098565156169995,9629.3,16.24951164874552,8.383374423963135
Austria,2024,12.579290477073291,9402.4,16.699736033864788,8.842496539364726
Austria,2025,11.316824500768048,6841.3,15.448256784434204,7.503096966205836
Azerbaijan,2015,15.431345598715865,1403.3,19.389107993782144,11.486036970011549
Azerbaijan,2016,15.077430072954257,1130.4,18.952794816047586,11.187513886981954
Azerbaijan,2017,15.459442921588362,466.70000000000005,19.45305851882531,11.327616835023218
Azerbaijan,2018,15.95000365060401,3908.7999999999997,19.95514452851012,11.749833541984083
Azerbaijan,2019,14.783731817913269,2174.7999999999997,18.829354927278573,10.692170004348416
Azerbaijan,2020,14.875067828079654,1947.1,18.862770443238077,10.584140451780517
Azerbaijan,2021,16.297194956477213,3345.8,21.10971492575525,11.738375832053253
Azerbaijan,2022,16.395319243604003,2669.4,21.090722954958775,11.912223096209193
Azerbaijan,2023,16.729592933947774,4524.8,21.44913146441372,12.648641193036354
Azerbaijan,2024,16.28799843447452,3334.0,20.594642186580636,12.283980803826559
Azerbaijan,2025,16.360124446366598,3189.2,20.565850690864984,12.628253984491527
Bahamas,2015,26.305322249589494,1004.4,30.546282602896483,22.372246541171453
Bahamas,2016,26.32052638734396,1388.3999999999999,30.59138955026455,22.266016534391536
Bahamas,2017,26.9061971227697,363.0,31.007119858273388,23.037716789231965
Bahamas,2018,26.183325652841784,815.6,30.327800700829396,22.53207865175835
Bahamas,2019,26.15990207373272,902.2,30.20353110599078,22.622227982590886
Bahamas,2020,25.50550106178582,993.8,29.513370636284986,21.373634565903753
Bahamas,2021,25.149576804915515,3456.8,28.5340376344086,21.483022529441882
Bahamas,2022,25.62887475582136,6505.6,28.670348378910667,22.406385241257322
Bahamas,2023,25.723253648233488,7479.6,28.63554488820618,22.81012982164192
Bahamas,2024,25.410032892848832,6343.8,28.50434672850598,22.276951749613815
Bahamas,2025,25.409706837613058,6724.1,28.203681033267287,22.58513099448817
Bahrain,2015,28.04740207373272,145.0,31.80581424490861,25.230212962170693
Bahrain,2016,27.824092819181807,46.0,31.441836608577432,25.01702199975281
Bahrain,2017,28.074127624167946,10.0,31.46001272970359,25.19367675086761
Bahrain,2018,28.393248207885303,315.0,32.147891136143826,25.470502147693008
Bahrain,2019,28.249694700460832,396.0,31.77155017921147,25.546963645673323
Bahrain,2020,28.119059139784948,122.0,31.864865282412556,25.22958503275244
Bahrain,2021,28.54936059907834,1105.0,32.50970942140297,25.55016641065028
Bahrain,2022,28.214251792114695,762.0,32.016602662570406,25.32095750128008
Bahrain,2023,28.521810035842293,941.0000000000001,32.148902329749106,25.737064132104457
Bahrain,2024,28.517102953899393,928.0,32.172524100852804,25.77412248176987
Bahrain,2025,28.099055939580133,314.0,31.609057859703018,25.2369879672299
Bangladesh,2015,26.328419006952316,12822.2,30.734749567894305,22.137629720385053
Bangladesh,2016,26.69336830338146,6996.2,31.0733505682044,22.79697824316883
Bangladesh,2017,26.357008220714803,14282.9,30.8050010218695,22.546566578499423
Bangladesh,2018,26.02825649538528,9783.7,30.793693623950467,21.986754302635436
Bangladesh,2019,26.429852883360027,8625.0,30.881307233372315,22.685414269480756
Bangladesh,2020,26.271964362098963,12803.4,30.624161524565118,22.616344439761722
Bangladesh,2021,26.418938732078853,12327.1,30.7301904921915,22.829273873527907
Bangladesh,2022,26.310409287803612,13500.4,30.701688199998824,22.751481453893508
Bangladesh,2023,26.732925627240146,13977.5,31.48620575716846,22.828844406041984
Bangladesh,2024,26.440078421570703,14688.4,31.017616760080955,22.68169526862687
Bangladesh,2025,26.27158294575297,13600.1,30.826204317076293,22.587869459200945
Barbados,2015,27.455863545228578,0.0,30.065409019391403,25.50025553271899
Barbados,2016,27.529479050797182,0.0,30.14911372084843,25.37078160749768
Barbados,2017,27.407447516641064,0.0,30.100446349115543,25.192703257237294
Barbados,2018,27.009917287014062,0.0,29.775740842776255,24.85024072342562
Barbados,2019,27.59302483358935,0.0,30.35224334357399,25.277128136200716
Barbados,2020,27.564143183784452,0.0,30.44483191200099,25.158021876158696
Barbados,2021,27.321478494623655,0.0,30.126900921658986,25.137820660522273
Barbados,2022,27.203695596518177,9497.0,29.967311187916028,25.04207949308756
Barbados,2023,27.185075524833586,11972.0,29.828116359447005,25.08641577060932
Barbados,2024,27.73168984056359,10365.0,30.392042392782106,25.55549839327648
Barbados,2025,27.264046594982076,8040.7,29.816896697388632,25.196793266769074
Belarus,2015,8.174019975852069,2183.4,12.777638113849402,4.198118856537673
Belarus,2016,7.276556817408621,2418.7,11.418403767838067,3.2938191376440717
Belarus,2017,7.028357199087525,2105.9,11.049611693169892,3.051447988812573
Belarus,2018,7.229521786365859,1915.8,11.485482781390173,3.474814812400451
Belarus,2019,8.263962465878096,2110.2999999999997,12.319875969564515,4.267948455501559
Belarus,2020,8.51385268555673,1695.3,12.3740013096722,4.706373924628842
Belarus,2021,7.384508517468195,4592.2,11.32838403196266,3.4355273176268026
Belarus,2022,7.984516102547804,6391.0,11.818502853699878,4.1417485433550505
Belarus,2023,8.830758946350343,6298.9,12.820162641520168,4.809992461739774
Belarus,2024,9.570096215907302,5219.5,13.73035330242273,5.549287267239674
Belarus,2025,8.715127142660208,5714.7,12.59681729854159,4.9061745597439375
Belgium,2015,11.030838517665131,1418.5,14.599448984321205,7.576366555873369
Belgium,2016,10.736263125866875,2948.3,14.280562640673365,7.491878276290169
Belgium,2017,11.220631272401432,2428.8,14.770442568462311,7.820530726821689
Belgium,2018,11.659826228878648,1760.1,15.494436955965181,8.051656938044035
Belgium,2019,11.417551203277009,2240.2,15.094109126984128,7.931680235535073
Belgium,2020,12.039296502286492,3016.2,15.75209627981708,8.351786676554196
Belgium,2021,10.591498271889401,7282.2,13.979362903225807,7.369263248847926
Belgium,2022,11.962171594982077,6056.4,15.795338261648745,8.20532123655914
Belgium,2023,11.89384363799283,10193.8,15.30264074500768,8.617142281105991
Belgium,2024,11.773379124953653,10069.6,15.02469382647386,8.708826164874552
Belgium,2025,11.801740335381464,6146.2,15.546463837685613,8.152341653865848
Belize,2015,27.617528819726047,2271.9,31.786849220006754,23.574177992691013
Belize,2016,27.35438729580416,2035.8,31.841597821165635,23.151884525393257
Belize,2017,27.25251207658331,1543.9,31.598707924187995,22.825781743082466
Belize,2018,26.993079971452282,1896.9,31.129442251275844,22.7507813652437
Belize,2019,27.506511532146313,1197.5,31.693859480834565,23.56821768927087
Belize,2020,27.5904959656053,3219.0,31.491334348708,23.846575701720454
Belize,2021,27.362718253968254,2345.1,31.053960360129718,23.770566009557946
Belize,2022,27.16649641577061,4213.2,30.943312425328557,23.392095280764636
Belize,2023,27.75574586106844,4012.9,31.75982292200034,23.909838069636457
Belize,2024,27.67366456556668,4972.5,31.760638249174892,24.158497461743043
Belize,2025,27.301455026455027,5646.2,31.040813595058587,23.907470388909488
Benin,2015,27.506439587616384,4468.5,31.816786128259874,23.969599624373004
Benin,2016,27.80105574854568,6544.4,31.861577161032006,24.307461488217772
Benin,2017,27.807024844452062,4016.1,31.89050887783301,24.5154887712546
Benin,2018,27.637608697176734,5329.2,31.75868620696956,24.251792787450345
Benin,2019,27.717566987605522,5742.9,31.797488491058647,24.474253960453407
Benin,2020,27.554262440453623,5637.900000000001,31.872193066030842,24.171041167856576
Benin,2021,27.937372292468794,4469.0,32.09175911426244,24.617099129345963
Benin,2022,27.29559455306138,5514.0,31.479863772657193,24.086792227556415
Benin,2023,27.808473940788133,6747.7,32.00061733223949,24.411914340967456
Benin,2024,28.07849929596355,5173.2,32.20352684552817,24.710952962135526
Benin,2025,27.979818677037528,3648.5,31.912259457065602,24.838980743986095
Bermuda,2015,22.75789426523297,14201.0,25.19233628363356,20.09383349903094
Bermuda,2016,22.825291064145347,19552.0,25.22896697388633,20.118802483358934
Bermuda,2017,22.70398233486943,13723.0,25.271905401945723,20.024142345110086
Bermuda,2018,22.745120967741933,14514.0,25.172835381464413,20.101519457245264
Bermuda,2019,22.68934523809524,13795.0,25.048623911930363,19.96715309779826
Bermuda,2020,22.507632245705103,12460.0,24.929162031887284,19.944489865282414
Bermuda,2021,22.53626920122888,14525.0,24.91704173067076,19.918557987711214
Bermuda,2022,22.869685739887355,13593.0,25.42605734767025,20.259254992319505
Bermuda,2023,22.466136072708654,20104.0,25.081653225806452,19.814631976446492
Bermuda,2024,22.15376962056606,18280.0,24.739401804474106,19.557978309232478
Bermuda,2025,22.71405081925243,16062.0,25.207754736303123,20.254739503328214
Bhutan,2021,14.125252176139272,4770.4,21.251719083814468,8.795822717481505
Bhutan,2022,13.67714093701997,3604.2000000000003,21.43779697900666,7.615544034818229
Bhutan,2023,14.039811187916028,3753.8,22.088365335381464,7.724039298515105
Bhutan,2024,14.227615288486627,4339.0,22.376336477588794,8.078091028123472
Bhutan,2025,14.070131848438301,4227.4,22.453704237071168,8.046438812083974
Bolivia,2015,17.36396176597731,2481.9,24.13219418004915,10.857356290965134
Bolivia,2016,17.666342374182477,2412.9,25.261120110299295,10.22885058260079
Bolivia,2017,17.076202626731003,3036.2,24.929810761898768,10.358909596327095
Bolivia,2018,16.58493692968661,4778.8,24.248673774376908,10.035265853495943
Bolivia,2019,17.127691904221006,4274.5,24.301099693050876,9.417496472120055
Bolivia,2020,17.893266078036927,4669.3,26.019750766941055,10.087756181407022
Bolivia,2021,16.691624423963134,7037.0,24.51086725550435,9.477377041019514
Bolivia,2022,16.883760596233714,7312.3,25.281519528360924,8.855789597200888
Bolivia,2023,17.84415994623656,8477.9,25.85724610115307,10.090133841293115
Bolivia,2024,17.861409832545817,9667.2,25.65580962199441,10.321805489268968
Bolivia,2025,16.372725563677456,10968.4,23.767746464709273,9.490584115680255
"Bonaire, Sint Eustatius, and Saba",2015,28.02157598245439,0.0,30.687840102149313,26.30334387104124
"Bonaire, Sint Eustatius, and Saba",2016,27.875191085332908,0.0,30.50810531542984,25.91890379080813
"Bonaire, Sint Eustatius, and Saba",2017,27.67317194920393,0.0,30.44936510313318,25.609286643278853
"Bonaire, Sint Eustatius, and Saba",2018,27.31635070272084,0.0,30.045041308541773,25.326359636243954
"Bonaire, Sint Eustatius, and Saba",2019,27.703241068966875,0.0,30.547010820257483,25.70784798908297
"Bonaire, Sint Eustatius, and Saba",2020,27.805079007894395,0.0,30.524776263269803,25.719010231202798
"Bonaire, Sint Eustatius, and Saba",2021,27.52122503840246,9677.6,30.156980798771123,25.547533538146443
"Bonaire, Sint Eustatius, and Saba",2022,27.465166026625703,9116.4,30.23109997439836,25.356318100358422
"Bonaire, Sint Eustatius, and Saba",2023,28.022818740399384,6892.2,30.838849846390172,25.94489452124936
"Bonaire, Sint Eustatius, and Saba",2024,28.549494994438263,6870.4,31.26793208503275,26.45842652329749
"Bonaire, Sint Eustatius, and Saba",2025,28.026222478238605,6054.400000000001,30.586541730670763,26.105214669738864
Bosnia and Herzegovina,2015,12.239627515295467,3175.9,18.11506936744369,6.634512915696685
Bosnia and Herzegovina,2016,11.919808832962925,2757.9,17.94078698876428,6.181641523518768
Bosnia and Herzegovina,2017,11.85108153764056,2319.6,18.57279078717389,6.58411596138462
Bosnia and Herzegovina,2018,12.890347109645848,2912.1,19.131795600481755,8.073321809008675
Bosnia and Herzegovina,2019,12.885816180235535,2665.5,18.720856758832564,7.840634856630825
Bosnia and Herzegovina,2020,12.521591645037695,2555.3,18.398456433073783,7.34335431343468
Bosnia and Herzegovina,2021,12.243439708141322,8586.1,18.14437736815156,6.89065188172043
Bosnia and Herzegovina,2022,13.004908480879617,7269.5,19.278182691271187,7.485592553291832
Bosnia and Herzegovina,2023,13.402488607270865,10589.9,19.334469406041986,8.173928315412187
Bosnia and Herzegovina,2024,14.111417222840194,8497.7,20.17868946978124,8.69758388950686
Bosnia and Herzegovina,2025,12.581053059395801,8287.4,18.271181067588326,7.37470564516129
Botswana,2015,23.543694403399318,300.7,30.983668981481483,15.306629464285713
Botswana,2016,23.745770277808095,333.2,31.021415076151918,14.194246031746031
Botswana,2017,22.924060611569804,339.7,29.476641156462588,13.917045454545454
Botswana,2018,24.26876455026455,275.8,29.297530864197533,15.09970274170274
Botswana,2019,23.597905318852685,136.0,31.27570032908268,13.425019732251874
Botswana,2020,23.393345022352374,245.6,30.421047880690736,12.849457431457433
Botswana,2021,22.54876400560224,812.4,29.96777864992151,13.504161324786324
Botswana,2022,22.413305785123967,124.3,31.239666666666665,15.02765873015873
Botswana,2023,23.742337454212457,232.7,32.86643518518519,15.999756493506494
Botswana,2024,24.556277777777776,118.5,33.17703703703704,17.136296296296294
Botswana,2025,20.40523856982749,1288.8,26.728404490813407,14.594391814207789
Brazil,2015,24.066493789395626,1401.8,28.468698983755296,20.45221816985559
Brazil,2016,23.92713369793598,1633.3,28.37134547758336,20.33643113193574
Brazil,2017,23.649795570916538,1526.0,28.095049004920224,20.11581444378724
Brazil,2018,23.669194996203895,1373.5,28.165894429911948,20.142013786497426
Brazil,2019,24.179205005120327,1615.6,28.60574705581157,20.50347068612391
Brazil,2020,23.791679489556298,1488.8,28.22715606847114,20.15228973550859
Brazil,2021,23.474136904761906,10362.1,27.80511283922171,19.900265296979008
Brazil,2022,23.46276184075781,13698.2,27.765999487967232,19.883055043522788
Brazil,2023,24.124667818740402,11812.1,28.577425563236048,20.51363677675371
Brazil,2024,24.428321159312816,12276.3,28.889421270547523,20.791064886911382
Brazil,2025,23.827734318996416,11871.5,28.049312596006143,20.362776433691756
British Virgin Islands,2015,25.8,0.0,28.0,23.0
British Virgin Islands,2018,27.6473476702509,0.0,30.919990224828936,25.331888237210816
British Virgin Islands,2019,27.401664106502817,0.0,30.190782130056323,25.214764464925754
British Virgin Islands,2020,27.33383388950686,0.0,29.91226455320727,25.445794401186504
British Virgin Islands,2021,27.11068548387097,0.0,29.751433691756272,24.944174347158217
British Virgin Islands,2022,27.036678187403997,7081.2,29.60497055811572,24.909393241167436
British Virgin Islands,2023,27.522114695340502,7820.1,30.051955965181772,25.158518945212492
British Virgin Islands,2024,27.69818780126066,11867.4,30.097831850203928,25.341169200346062
British Virgin Islands,2025,27.389166666666668,7196.400000000001,29.83265616999488,25.180868535586278
Brunei,2015,27.902459037378392,16874.4,31.885128758585374,24.66011767925561
Brunei,2016,28.261501016218297,11247.6,32.234668458781364,25.157786923742428
Brunei,2017,27.713142601126474,21934.199999999997,31.805885105535644,24.213189964157706
Brunei,2018,27.98212440630683,17211.6,32.195063775812756,24.116177442629056
Brunei,2019,28.201590501792115,17364.6,32.210023041474656,24.537910906298002
Brunei,2020,28.058338586083302,19875.6,32.01692188851811,24.615594796687677
Brunei,2021,27.58031105990783,22305.6,31.806490655401944,23.845467869943676
Brunei,2022,27.494879032258066,22227.0,31.805631720430103,24.200096646185354
Brunei,2023,27.981641705069123,16952.4,32.415152329749105,24.561452892985148
Brunei,2024,28.182657273513783,21114.6,32.641035100729205,24.964948399456187
Brunei,2025,27.686270481310803,21584.4,31.97402585765489,24.50520289298515
Bulgaria,2015,12.751777777777779,585.7,18.22521344360675,7.740199274424061
Bulgaria,2016,12.769305352594628,663.3,18.432592496225638,7.591129041889581
Bulgaria,2017,12.265963323022536,862.3,18.083035876359965,6.9421921480878925
Bulgaria,2018,12.778998367367777,1099.7,18.29574373797563,7.8916521724593505
Bulgaria,2019,13.345903766215423,583.0,19.247325677779422,8.043258537684554
Bulgaria,2020,13.100318784540141,964.2,18.972854079224582,7.849480864152259
Bulgaria,2021,12.422968692853484,4382.599999999999,18.0042297564187,7.376846609611586
Bulgaria,2022,12.963660577134078,3267.4,18.995541108916683,7.34920580059981
Bulgaria,2023,13.769513008832567,4862.8,19.436464093701996,8.657351830517152
Bulgaria,2024,14.038657976851455,3955.1,19.895420190617518,8.662843014938515
Bulgaria,2025,13.185232334869431,4320.8,18.73365252593557,8.103929395829159
Burkina Faso,2015,28.71124997071137,3261.9,35.39268450764237,22.951610649208007
Burkina Faso,2016,28.917498495290673,3378.1,35.56987031947645,23.272846044268118
Burkina Faso,2017,28.752249125560304,1999.7,35.45770589732951,22.917785610684046
Burkina Faso,2018,28.902955455389993,2512.2,35.381500691525716,23.226277767837026
Burkina Faso,2019,28.20291276355949,1553.4,34.66344734514509,22.529724072617157
Burkina Faso,2020,28.93370402367514,2941.7,35.504500623463656,23.135332905491296
Burkina Faso,2021,29.178628008192522,3294.6000000000004,35.96743906810036,23.18072516641065
Burkina Faso,2022,28.364076420890935,4386.5,34.82391653865847,22.596230030721966
Burundi,2015,26.600000000000005,0.0,29.52041899408835,19.880464769055564
Burundi,2018,24.318062886933856,0.0,29.457841316389704,19.529986966438578
Burundi,2019,24.283230926779314,0.0,29.42718766001024,19.765067844342035
Burundi,2020,24.226653998269683,0.0,29.27068409343715,19.97219873934001
Burundi,2021,24.188138120839735,0.0,29.34159306195596,19.78873079877112
Burundi,2022,24.258211725550435,1381.1999999999998,29.582996671786994,19.66564260112647
Burundi,2023,24.484069380440346,2976.6,29.65709485407066,20.121467613927294
Burundi,2024,25.07169941910765,2318.4,30.210088060808307,20.716204115684093
Burundi,2025,24.69693932411674,1894.8000000000002,29.79052163338454,20.43647913466462
Cabo Verde,2015,24.39548655863434,291.3,28.277191393559015,21.742969554182206
Cabo Verde,2016,24.970512777862535,163.6,28.81222693765904,22.32367161918362
Cabo Verde,2017,25.28278939253556,0.8,29.27230866009384,22.527373408567264
Cabo Verde,2018,24.069803440126073,108.4,27.93439977656098,21.38732194996213
Cabo Verde,2019,24.82824081471191,0.0,28.513691787110737,22.19367202648009
Cabo Verde,2020,25.341827293702977,709.6,28.985472853640815,22.648188045128904
Cabo Verde,2021,24.23686491935484,1053.9,27.449460445468507,21.917615607398872
Cabo Verde,2022,24.365994863671276,2102.0,27.56531033986175,22.049536130312337
Cabo Verde,2023,25.197344870071685,1390.6000000000001,28.64869871671787,22.64187980030722
Cabo Verde,2024,25.041941913000382,1661.4,28.334554399209225,22.63836988749125
Cabo Verde,2025,24.284053659434203,1628.7,27.290098046274963,22.22543998815924
Cambodia,2015,28.838651049608643,911.1999999999999,34.65719468020576,24.574387786235775
Cambodia,2016,29.103719648117664,936.2,35.37847883780494,25.082232234110496
Cambodia,2017,28.417501065976605,1435.2,33.81337118086256,24.05460526174157
Cambodia,2018,28.26553634848307,459.7,32.96727204037624,24.662939367902432
Cambodia,2019,28.807633403592448,416.5,33.84441183782164,24.781742043712754
Cambodia,2020,28.632945421322386,694.0,33.55320051764645,24.734412971241973
Cambodia,2021,27.576827885260517,5537.599999999999,32.02458131941134,24.0827706214577
Cambodia,2022,27.636528897849463,8961.9,32.15729086661546,24.085742607526882
Cambodia,2023,28.218768241167435,8134.8,33.024864631336406,24.512987871223757
Cambodia,2024,28.93435537943394,7598.5,33.562164393115914,25.326322372542247
Cambodia,2025,27.943062480749724,9209.6,32.6712237264411,24.528119740301946
Cameroon,2015,25.761150756059838,2776.9,31.712927127155353,20.349439377558845
Cameroon,2016,25.973969977260765,3159.6,31.99554404860075,20.74676881323219
Cameroon,2017,25.833757071775906,2667.3,31.91358091837044,20.646439180688592
Cameroon,2018,25.683330542701693,2271.3,31.661815279164227,20.564409907250592
Cameroon,2019,26.156875030667223,1728.0,31.942847789995053,20.76768223264736
Cameroon,2020,26.13540852808165,1507.3,32.06008995398678,20.95598796760315
Cameroon,2021,25.08012615428077,9550.4,30.906375072832247,20.536761481010647
Cameroon,2022,24.422058084820875,12485.6,30.347094895452617,19.84111529068895
Cameroon,2023,24.87999695980543,10673.2,30.84997759856631,20.382386072708652
Cameroon,2024,25.18381245035108,9576.7,31.10781207212705,20.71314312911782
Cameroon,2025,25.020376476268396,11035.2,30.76864662294909,20.680335698006413
Canada,2015,7.977891129032258,7544.4,12.66249692780338,3.2866796594982075
Canada,2016,8.790806884192312,8178.5,13.28127851934248,4.280769867754295
Canada,2017,7.951067268305171,8916.2,12.303915386584741,3.5808680235535073
Canada,2018,7.636617191500256,8684.6,12.027545826932924,3.2420547875064
Canada,2019,6.908158922171018,8884.2,11.304781554019458,2.5076330645161287
Canada,2020,8.24531179705846,8394.5,12.680641082684465,3.7878458472376715
Canada,2021,8.651396313364055,7449.0,13.168287442396313,4.1421040706605226
Canada,2022,7.66057482078853,7546.9,12.254014208909371,3.0836356246799794
Canada,2023,8.921279057859703,7723.9,13.32455888376856,4.5479034818228365
Canada,2024,8.94230255839822,8732.8,13.195499351130886,4.705034266468916
Canada,2025,7.975961277521762,7305.9,12.456425435227855,3.4969277393753204
Cayman Islands,2015,28.31382485488395,9658.0,30.925716123650904,24.61859211105588
Cayman Islands,2016,28.447558589424535,4072.0,31.100234875631614,24.831534268267962
Cayman Islands,2017,28.277394984779043,7918.0,30.854206624963872,24.53381495369901
Cayman Islands,2018,28.14343941961152,5189.0,30.808999382863515,24.321158924811098
Cayman Islands,2019,28.626028281850118,8233.0,31.348137846827502,24.416551469762677
Cayman Islands,2020,28.758428390584186,9274.0,31.217391508786434,24.59321818144282
Cayman Islands,2021,28.29597478238607,12387.0,31.088512544802867,24.5684965437788
Cayman Islands,2022,28.254697900665644,12856.0,31.126967375567208,24.697973608241963
Cayman Islands,2023,28.761578725038405,12287.1,31.596593445980545,25.216577828981052
Cayman Islands,2024,28.63694268903826,15462.1,31.310156331504775,25.710116656736883
Cayman Islands,2025,28.574149162937733,7953.599999999999,31.14928457056034,25.82921277466106
Central African Republic,2015,25.02378068264882,3337.3,31.85905862182623,20.48548160597975
Central African Republic,2016,25.484828849724906,4252.400000000001,32.08590209872919,20.73189072399708
Central African Republic,2017,25.434240819949277,4486.8,31.9865252500901,20.736135710623156
Central African Republic,2018,25.031606644690772,4807.8,31.517419077184485,20.094516786739117
Central African Republic,2019,25.500925992454412,3280.7,31.741400724351248,21.09895835786253
Central African Republic,2020,25.614055773322374,3974.0,32.14353126797416,20.693032815143496
Central African Republic,2021,25.959917690732205,3488.4,32.23359677419355,21.22590873015873
Central African Republic,2022,25.534610803637033,7043.9,31.98836044073115,20.8719749385334
Central African Republic,2023,25.637899705581155,8868.3,32.278101105137395,21.072651583034645
Central African Republic,2024,25.959673522266836,5795.2,32.76744360094101,21.214528369603453
Central African Republic,2025,25.361927459256975,8132.3,31.895449320392867,20.797647879874727
Chad,2015,29.611533558916538,1277.4,36.537091105323356,21.495488234502123
Chad,2016,29.608565760026437,988.2,36.33780138030305,22.19228560724336
Chad,2017,29.526644163350376,1169.6,36.27590320335213,21.546380340973148
Chad,2018,29.342134813900213,569.0,35.743649268401064,20.715349662782028
Chad,2019,29.454907582992615,651.9,36.08709006907042,22.2610947993078
Chad,2020,29.29143997640368,921.7,36.033216264414456,22.172836874714474
Chad,2021,28.736194209762758,2543.5,35.918745306366276,22.46931611623144
Chad,2022,27.890248166687265,4517.2,34.990105989312056,21.43240065755013
Chad,2023,28.61324491401596,3899.6,35.706244801618524,22.258360215053763
Chad,2024,28.746189366743028,4586.8,35.72440868930024,22.527209589261805
Chad,2025,28.462289732188133,4161.8,35.60925857694644,22.425205625681784
Chile,2015,15.535212946735026,1117.9,22.25135277115181,10.384211815913735
Chile,2016,15.515360352569195,417.2,21.72899116159558,10.575454875537885
Chile,2017,15.333894232127408,1388.0,21.83634274765777,10.296432341439413
Chile,2018,15.188802006861701,1199.1000000000001,21.494728580850616,10.09270232693305
Chile,2019,15.309464713879619,629.7,21.235690300768216,10.276037573007754
Chile,2020,15.730826337471306,1217.3,21.724790053677538,10.647072115942239
Chile,2021,14.969028801843317,2021.9,20.69529774705581,10.070278545826934
Chile,2022,14.727453725038403,3691.1,20.314485215053764,9.876512992831541
Chile,2023,15.701958717357911,4733.0,21.139340821812596,11.02849244751664
Chile,2024,15.218565659374613,4922.3,20.516904406571673,10.568584648727864
Chile,2025,15.425427483358934,3963.0,20.465588389656936,10.883162442396314
China,2015,19.558170762928828,5837.4,23.42329553865983,15.923986123806294
China,2016,19.437258500453254,8690.8,23.276072505645054,15.727717104516556
China,2017,19.6855638625063,5795.0,23.65231070500861,15.802708018971922
China,2018,19.545582989035434,6417.8,23.46480134716833,15.772306912110398
China,2019,19.950118456812003,7453.1,23.862264514159676,16.172217938871164
China,2020,19.77284318758735,10158.9,23.91844019470827,16.06252165273856
China,2021,20.036432165504745,10667.0,24.38892345110087,16.153239148843987
China,2022,19.708424809957066,14204.300000000001,24.114754421206037,15.673619283941866
China,2023,18.2969697616203,10076.7,23.578066009557944,13.59061195027593
China,2024,18.587276981282358,11405.7,23.646974827998186,14.153363510896883
China,2025,18.654819366217215,10727.1,23.728410636058488,14.041851851851852
Christmas Island,2015,25.11718458781362,0.0,27.372053595819168,23.421500933067676
Christmas Island,2016,25.551581798706383,0.0,27.610074409336317,23.799809854874624
Christmas Island,2017,24.84275758092962,0.0,26.847863251334143,23.26295784346526
Christmas Island,2018,24.453930704898447,0.0,26.620520355566242,22.805309597981086
Christmas Island,2019,24.932808499743984,0.0,26.994404761904764,23.336726190476192
Christmas Island,2020,25.21796625880608,0.0,27.245736002966254,23.63381071560994
Christmas Island,2021,25.0031541218638,0.0,27.326868919610856,23.338309651817717
Christmas Island,2022,24.840584997439837,5081.3,27.316034306195597,23.047745135688686
Christmas Island,2023,24.957439836149515,6005.3,27.56183115719406,23.24070788530466
Christmas Island,2024,25.51191323692992,7558.6,27.954901433691756,23.846812816709924
Christmas Island,2025,25.173773041474654,8007.3,27.468468381976447,23.391429851510498
Cocos (Keeling) Islands,2015,27.327554513833714,0.0,29.280703575620056,25.605368514327036
Cocos (Keeling) Islands,2016,27.278306584035175,0.0,29.10568384085394,25.64589115772375
Cocos (Keeling) Islands,2017,26.662067395464504,0.0,28.57970887077123,25.023278987262376
Cocos (Keeling) Islands,2018,26.8384590903473,0.0,28.709922555043523,25.218046666097738
Cocos (Keeling) Islands,2019,27.073814004096263,0.0,28.96975358422939,25.446412570404505
Cocos (Keeling) Islands,2020,27.372433877147447,0.0,29.189632307502162,25.80261957730812
Cocos (Keeling) Islands,2021,27.147400153609833,0.0,28.912813620071685,25.538912570404506
Cocos (Keeling) Islands,2022,27.086093830005122,2349.3999999999996,28.909330517153098,25.372940988223245
Cocos (Keeling) Islands,2023,26.758421658986176,1869.6,28.665945980542755,25.09019073220686
Cocos (Keeling) Islands,2024,27.644204053887034,3059.2000000000003,29.6460354097145,25.989390063033
Cocos (Keeling) Islands,2025,27.264953277009727,3735.3999999999996,29.156651945724523,25.54566244239631
Colombia,2015,24.8503633602172,4354.6,30.25416257840772,20.515933820346714
Colombia,2016,24.699986494947854,3795.1,29.900385282842315,20.415827249861483
Colombia,2017,23.70777971375849,2872.2999999999997,28.65147569543774,19.39848812184556
Colombia,2018,24.08833388789009,3053.7,29.469193104983034,19.590209162887877
Colombia,2019,24.926697649033958,6429.5,30.734800535418508,20.457618863825232
Colombia,2020,24.551169451061213,2644.9,30.196368710952726,19.779155536673194
Colombia,2021,23.827170122887864,9908.8,28.91321639784946,19.926811251920125
Colombia,2022,23.849921530977984,18558.0,29.306703533026113,19.582106350530573
Colombia,2023,23.345835061443932,14361.1,28.834853558627753,18.743783794162827
Colombia,2024,23.716622605363984,16721.5,29.333270000912243,19.117202080550012
Colombia,2025,23.023199358536722,16825.9,28.1964696279719,19.008275403929417
Comoros,2015,25.15079365079365,0.0,29.0,18.0
Comoros,2016,26.07428799270905,0.0,27.6,20.5
Comoros,2017,26.649118457300276,0.0,30.0,21.5
Comoros,2018,26.58877321603128,0.0,30.00446585672392,22.44205837173579
Comoros,2019,27.137652969790068,0.0,31.115528033794163,23.598924731182795
Comoros,2020,26.95470059325176,0.0,30.91720430107527,23.393668273390187
Comoros,2021,26.347549354269784,8695.2,29.307015204528646,24.48815277066621
Comoros,2022,25.996848565817793,11724.9,28.27953070529081,24.247250312908914
Congo Republic,2015,26.15712192706929,4304.0,30.88795190271715,21.659380310579248
Congo Republic,2016,26.682279376441894,4848.6,31.398040849224582,21.925710886492066
Congo Republic,2017,26.322395010212514,5671.8,30.79456905876986,21.77509267202214
Congo Republic,2018,26.340700492329752,3351.9,30.805967075061343,22.199722989658458
Congo Republic,2019,26.32692376030672,1306.8,30.413909370199693,22.54962582056534
Congo Republic,2020,26.17797787171992,2269.7000000000003,30.41474806315009,22.672155537655893
Congo Republic,2021,25.38730366743472,9589.1,30.580079125064003,21.934673819124423
Congo Republic,2022,25.36383768561188,11470.7,30.55840509792627,21.345218814004095
Congo Republic,2023,25.60837205581157,13380.3,30.92487255184332,21.60360079045059
Congo Republic,2024,25.894473099199065,11755.4,31.074865400592827,22.03812917856392
Congo Republic,2025,25.07161343543378,12443.6,29.817287490747233,21.716846768627974
Cook Islands,2015,24.305882962050926,1237.2,27.125156863604232,21.692230966082512
Cook Islands,2016,24.832150692862733,1328.8,27.537350599423018,22.21586958935918
Cook Islands,2017,24.997931050594627,1278.4,27.689111135904316,22.380588455847224
Cook Islands,2018,25.715656023851935,2018.0,28.71545697352347,23.00479335672496
Cook Islands,2019,26.15448308343378,1397.4,28.449597595207898,23.546180029439594
Cook Islands,2020,26.559180673770996,1552.8,28.92578814496004,24.342689801602916
Cook Islands,2021,25.86600175554093,11014.3,27.929980707336696,23.873624551971325
Cook Islands,2022,25.789559468948873,10990.6,27.679232398558238,24.0109789190055
Cook Islands,2023,25.971312485256295,11226.7,28.054326142367614,23.892246079573265
Cook Islands,2024,26.248934069687916,10298.7,28.435205926341556,24.258346658955784
Cook Islands,2025,26.434872228144442,9367.8,28.60049660598693,24.37271306225183
Costa Rica,2015,24.65120951526712,8180.6,30.392299431055623,19.939421991678962
Costa Rica,2016,24.272899785753793,8815.1,30.15846120921491,19.546946777099787
Costa Rica,2017,24.069749195377078,12714.3,29.76676557293612,19.42462933003109
Costa Rica,2018,24.164168032087385,9733.8,29.74952402082821,19.502005234037803
Costa Rica,2019,24.610755968381977,11268.3,30.08942172299027,20.06038362455197
Costa Rica,2020,24.574473025583984,11798.8,29.858528457545418,20.143452987887777
Costa Rica,2021,22.825661873471013,15702.1,27.75138433748649,18.83068918188542
Costa Rica,2022,22.518506073277578,19821.6,27.40803244296524,18.503986198820428
Croatia,2015,15.112155405551588,3270.6,19.264652944051953,10.647017070061999
Croatia,2016,14.601138921013549,3280.4,18.58087128715599,9.980780288198984
Croatia,2017,14.260235716646148,3206.1,18.933683668132005,9.364618267233336
Croatia,2018,14.743987633999565,3348.2,18.844620457898294,10.3296683576218
Croatia,2019,14.636440605215467,3741.4,19.211836839515772,10.217235406935508
Croatia,2020,14.23952348485414,3643.2000000000003,18.882458806608334,9.522803100753872
Croatia,2021,13.675264976958525,8737.4,18.332789867440404,9.061761961654435
Croatia,2022,14.619463147863685,7559.3,19.408105692097624,9.952627937076862
Croatia,2023,14.872102890140525,10639.7,19.36362071172555,10.302238152130625
Croatia,2024,15.380345437927524,9032.8,19.95467699798458,10.666470885017212
Croatia,2025,14.307337955851397,8363.1,18.680664422297586,9.876249646139456
Cuba,2015,25.755275516309553,6587.8,30.969840662070524,21.698487580783944
Cuba,2016,25.150406928480205,2970.2,30.28247631383522,20.835836984941686
Cuba,2017,24.95525960367034,475.59999999999997,30.15936893319188,20.601657443285397
Cuba,2018,25.08552636196303,179.8,29.876080792252555,21.128447317494917
Cuba,2019,25.441505773610892,378.3,30.265890938569694,21.59359991483553
Cuba,2020,25.675433509203526,395.20000000000005,30.321877819496837,22.015793614970924
Cuba,2021,25.714339605734768,6668.9,30.069948476702507,22.124410458269328
Cuba,2022,25.80572305427547,9092.0,29.941547491039426,22.444346134152585
Curaçao,2015,28.197074747956282,0.0,31.02843061146472,26.27823671322153
Curaçao,2016,28.4408586701273,0.0,31.323925875635645,26.463492264766366
Curaçao,2017,28.19300819252432,0.0,31.089073904490572,26.122642110975445
Curaçao,2018,27.7788378278432,0.0,30.641195038538893,25.719355213705462
Curaçao,2019,28.14964861751152,0.0,30.904432283666154,26.221045826932922
Curaçao,2020,28.318667037449018,0.0,31.027689716969473,26.309030095167472
Curaçao,2021,27.732885304659497,0.0,30.44435995903738,25.721082309267793
Curaçao,2022,27.64906554019457,7204.0,30.475708525345624,25.522458397337427
Curaçao,2023,28.335094086021506,4852.0,31.146519457245265,26.336678187403994
Curaçao,2024,29.108898776418243,3599.0,32.00851965146459,27.055843220862688
Curaçao,2025,28.56883256528418,4112.0,31.52285330261137,26.486144393241165
Cyprus,2015,20.174663382594417,216.3,24.492391144604138,15.765436023472846
Cyprus,2016,20.431140839910306,162.39999999999998,24.837125178770062,15.856222213394071
Cyprus,2017,20.02718525985663,156.6,24.43233519918942,15.490600193801376
Cyprus,2018,21.026825716845877,256.0,25.328727664164376,16.646147041073466
Cyprus,2019,20.4671926203277,483.1,24.750143689196108,16.10465613799283
Cyprus,2020,20.532991363861083,207.9,24.91233901866271,16.143637761092574
Cyprus,2021,20.485898937532003,1007.8,26.198669514848948,15.511163674475165
Cyprus,2022,19.928409338197643,1473.1,25.54449298272331,15.029525318585906
Cyprus,2023,20.464668938812085,2345.5,26.139979758704555,15.546440572196621
Cyprus,2024,21.055997086955326,2450.6,26.62358650122485,16.17523050335817
Cyprus,2025,20.56375776049667,1926.5,26.203492540044298,15.546598839717047
Czechia,2015,9.971221224403873,2281.9,14.440041097144169,5.506225311450245
Czechia,2016,9.325857336383734,2636.6,13.645287133294861,5.086624134182943
Czechia,2017,9.099158238434953,4545.900000000001,13.420139607615546,4.873464580713676
Czechia,2018,10.47968782462062,3005.2,14.880791164866526,6.01841498927335
Czechia,2019,10.139589797747055,3280.0,14.403230158730159,5.845407770097286
Czechia,2020,9.730405048819676,3057.9,13.785357835867012,5.628670652576938
Czechia,2021,8.583954045058883,4360.7,12.55042569124424,4.587845942140296
Czechia,2022,10.08081061187916,3715.5,14.283098623575066,5.769100550435228
Czechia,2023,10.550503456221199,4063.5,14.649650665642602,6.411407322068612
Czechia,2024,11.082684031640094,4915.4,15.106540786058584,7.056673773328389
Czechia,2025,9.695882040450588,5099.3,13.959433435739887,5.451272145417307
DR Congo,2015,24.825896596329535,1064.7,30.95572800087777,19.666998670201643
DR Congo,2016,24.868613018296195,1492.6000000000001,31.158894505800095,18.94425103187506
DR Congo,2017,25.085435867895544,1851.2,30.767802927622665,19.868065033779718
DR Congo,2018,25.820770517884572,1171.2,30.655196766878795,21.13183261383901
DR Congo,2019,25.00738026662278,1014.5,29.684627767692284,20.57572459374242
DR Congo,2020,25.15323061177483,1837.3,29.571564819228893,19.564855250422546
DR Congo,2021,23.728839605734766,7844.599999999999,29.77182595686124,19.096705229134667
DR Congo,2022,23.649867911546337,9263.3,29.797505183780036,19.039486306433957
DR Congo,2025,26.128482782898104,924.5,32.32928880317906,21.32917515416639
Denmark,2015,9.500161482825321,473.9,12.435939091341746,6.355881298673856
Denmark,2016,9.311098478578492,365.8,12.429298285461568,6.000626399211807
Denmark,2017,9.145617436509747,772.0,12.115743865028293,6.0683355024596635
Denmark,2018,9.828477210552085,512.6,13.053952879709913,6.417417019505046
Denmark,2019,9.711841637864824,763.0,12.896961565540195,6.3597520641321035
Denmark,2020,10.091737617414411,617.1,13.21813299499444,6.658969611296502
Denmark,2021,9.15412122375832,2483.0,12.298308931771635,5.921640184971838
Denmark,2022,9.985286258320533,3377.5,13.279168746799796,6.624944476446493
Denmark,2023,9.603652873783922,6799.1,12.812776337685612,6.241269281234
Denmark,2024,9.957658741193919,6088.8,12.963406794586577,6.695588269373378
Denmark,2025,10.062270342205927,4363.5,13.341947579258076,6.656244041476239
Djibouti,2016,31.733333333333334,0.0,34.89785343503364,27.771560728852165
Djibouti,2018,32.121530190239866,0.0,36.58074454219615,28.648652655588137
Djibouti,2019,31.004256912442397,0.0,34.99966461853558,27.887366231438808
Djibouti,2020,30.953936472623905,0.0,34.94312878506983,27.80523359288098
Djibouti,2021,30.132343189964157,843.2,33.690619559651815,27.058161162314388
Djibouti,2022,30.87614055299539,771.1999999999999,35.28420442908346,27.25172555043523
Djibouti,2023,30.858714157706093,950.4000000000001,34.54956349206349,27.73788786482335
Djibouti,2024,31.224908300031586,887.6,34.66335820532891,28.431176895928473
Djibouti,2025,30.870470430107527,380.8,34.85257808499744,27.590890937019967
Dominica,2015,27.15,0.0,30.127880333306848,23.67523313492064
Dominica,2016,27.55,0.0,28.1,24.0
Dominica,2021,26.3127003328213,16841.0,30.084291794674858,23.59981598822325
Dominica,2022,26.200912058371735,19273.5,30.17146887193884,23.436890581686885
Dominica,2023,26.71374295954941,16856.5,30.69620583717358,23.750650281618025
Dominica,2024,27.212479349482965,14076.0,31.2824016806159,24.245940244885368
Dominica,2025,25.95914458525346,15551.5,29.331938892784787,23.445212412898773
Dominican Republic,2015,26.957505322590958,5474.9,32.011994550612016,23.107225813642373
Dominican Republic,2016,26.45062542469971,7355.3,31.548696104259896,22.75245041716396
Dominican Republic,2017,26.380359095069657,6737.4,31.61795452517881,22.721125399099563
Dominican Republic,2018,26.268156607513994,4952.9,31.606122449820653,22.603390245206022
Dominican Republic,2019,26.94487016311901,3399.3,32.35949345329529,23.132439744715093
Dominican Republic,2020,26.99560808305525,3889.9,32.23321980330879,23.331771854088316
Dominican Republic,2021,25.747399353558624,9260.2,30.47843325972862,22.11108830965182
Dominican Republic,2022,25.558062596006142,10979.1,30.502377352150535,21.958541186635944
Dominican Republic,2023,26.217264704941115,10987.1,31.22609831029186,22.534410682283664
Dominican Republic,2024,26.305202711517598,13456.7,31.195007467144563,22.843392688549688
Dominican Republic,2025,26.01862099174347,10518.4,30.754015296979006,22.484171786994366
Ecuador,2015,24.236304676012004,1345.3,29.367456560426124,20.033584975847027
Ecuador,2016,23.50045867641956,1849.3,28.67596381221248,19.16320721695979
Ecuador,2017,21.89601873385125,1139.5,26.932244308340128,18.189441798435194
Ecuador,2018,21.784592306233783,495.2,26.890148287265376,18.08937311102739
Ecuador,2019,22.264562264072637,490.59999999999997,27.049186668162225,18.93095338588025
Ecuador,2020,22.08999890107498,252.1,26.894878644506548,18.316514457976897
Ecuador,2021,20.549638803550096,16867.5,25.021329365079367,17.35166076406668
Ecuador,2022,20.24447396480118,15678.0,24.740067074331073,17.035504001604764
Ecuador,2023,21.66603039483416,19566.6,26.296967343687772,18.27940476190476
Ecuador,2024,21.79865573477457,12326.3,26.773090574244996,18.22277437365776
Ecuador,2025,21.129439110769756,16293.1,25.866681993637933,17.807704751268332
Egypt,2015,22.243993777134303,91.60000000000001,26.948105721534677,17.939636060002066
Egypt,2016,23.22831554857,88.7,27.956729099072128,19.004053104039436
Egypt,2017,22.71355925955791,130.2,27.232858195459134,18.531510874328614
Egypt,2018,23.576195813897748,401.8,28.175115482503678,19.41441982862958
Egypt,2019,22.992759856630826,79.8,27.642253309926122,18.783881757003876
Egypt,2020,22.94880277027385,187.0,27.603214991966382,18.790544785211083
Egypt,2021,23.106630641503916,317.5,28.02283318703826,18.656353960939214
Egypt,2022,22.156960872162486,300.6,26.697592653548874,18.01976452588204
Egypt,2023,23.317970338673103,294.1,27.74943219223173,19.121748134737768
Egypt,2024,23.467863234281477,244.9,27.966457925031342,19.317343344456805
Egypt,2025,23.46516915368298,198.3,28.12437166264355,19.22052913100724
El Salvador,2015,26.021827316948286,1034.6000000000001,32.39042845640672,19.312089371980676
El Salvador,2016,25.669136077122726,5768.0,31.146021165714526,19.562590647053174
El Salvador,2017,25.260966461853556,2179.1,31.096055160117658,20.00588349150849
El Salvador,2018,24.834265654648956,5110.7,30.27431666804169,19.545507640550376
El Salvador,2019,23.963251590958965,2035.6,29.077876435520444,18.489855350742445
El Salvador,2020,24.05950773190255,6601.0,27.56921619259495,17.829341640623618
El Salvador,2021,24.48641889969847,12126.4,29.75843339307049,19.243091255618136
El Salvador,2022,24.12403389127249,15703.1,29.308040579577938,19.096713865396197
El Salvador,2023,25.69506556864084,13655.2,30.841216148944643,20.448565881549754
El Salvador,2024,26.882905819757053,15712.0,31.577022919079422,21.93687060106765
El Salvador,2025,24.686037153914086,21627.4,29.68524528410398,19.716831515864357
Equatorial Guinea,2015,26.664158592359858,989.4,29.798389467675186,23.70954819557508
Equatorial Guinea,2016,26.861954139976945,1612.4,30.047027222991666,24.047646696215565
Equatorial Guinea,2017,26.810905160419022,705.0,29.974833569941122,23.90114037996777
Equatorial Guinea,2018,26.759762306974242,855.4,29.866131052460084,23.839943712761254
Equatorial Guinea,2019,27.066044905164528,66.8,30.035265202855335,23.932258064516127
Equatorial Guinea,2020,26.945433366920437,214.2,30.310929454627523,24.169371290002896
Equatorial Guinea,2021,25.70298493770268,5364.7,29.94582607953576,22.62221688854753
Equatorial Guinea,2022,25.536538364202436,7601.4,29.84484039438294,22.480001861268548
Equatorial Guinea,2023,26.8731198796723,6259.7,30.32006976446492,23.884904633896568
Equatorial Guinea,2024,27.198347028002896,5297.0,30.618584641371072,24.280194901056046
Equatorial Guinea,2025,25.567471318744108,7487.2,29.73349047730359,22.627617093910803
Eritrea,2018,21.628319213641795,0.0,25.968105246008474,18.57435755403497
Eritrea,2019,21.98457746261278,0.0,26.65200101818011,18.688948854105973
Eritrea,2020,21.88685737256742,0.0,26.567529928547263,18.642551359107255
Eritrea,2021,21.685120797718284,0.0,26.24532553971066,18.359826493314475
Eritrea,2022,21.51993706318432,962.6,25.989803824989554,18.121658927245512
Eritrea,2023,22.54800392558457,975.6,27.23740854525801,19.086888547533707
Eritrea,2024,28.666810035842293,1219.4,32.29010752688172,25.566308243727594
Eritrea,2025,30.503894258854743,313.9,34.70341346842366,27.05034482268168
Estonia,2015,7.2742481559630505,3341.4,10.91483056895696,3.71946280955623
Estonia,2016,6.45969280066215,7858.3,9.912584455271405,2.9515306433392716
Estonia,2017,5.708325909137409,5567.8,9.173316798669134,2.574176996766532
Estonia,2018,7.336364634711574,2634.7,10.87954454392422,3.7262710408521547
Estonia,2019,7.376419245117401,3817.3,10.795141449052739,3.8374827188940097
Estonia,2020,8.29319389609292,4175.9,11.384939078776888,5.053935365758483
Estonia,2021,6.713266485254151,4390.8,9.92022841063638,3.372872608100312
Estonia,2022,6.995876911101137,3745.7,10.377237275037453,3.5258350875196753
Estonia,2023,7.040062297320362,5089.6,10.321284348864994,3.5764439324116744
Estonia,2024,8.035661752890876,4556.4,11.3669314664753,4.701214714202396
Estonia,2025,8.016562385654424,5807.0,10.978008713692049,5.037012839180544
Eswatini,2015,21.743728172119912,2517.8,25.356767983789258,16.108005721668512
Eswatini,2016,21.408791073008988,3494.8,24.721060606060608,15.934424464424465
Eswatini,2017,20.81501890307304,3203.2,24.595515139136463,15.259505964666568
Eswatini,2018,22.05972296037296,1766.8,24.257984496124028,14.531991271140207
Eswatini,2019,21.79968253968254,958.8,24.4875,17.825
Eswatini,2020,19.601629072681703,211.20000000000002,25.284216145368518,14.643765735764767
Eswatini,2021,19.143679056512248,7028.400000000001,25.355146333575874,14.137731425337536
Eswatini,2022,19.436911244290076,8212.6,25.879820214700636,14.476817054222506
Eswatini,2023,19.781359995611147,7455.099999999999,26.301939964157707,14.589458708214469
Eswatini,2024,19.784405803185233,4423.6,26.32987305310604,14.698072763315063
Eswatini,2025,19.14818532202153,6142.3,25.213285957161162,14.474996132699353
Ethiopia,2015,21.686865020182008,1623.1,28.80590941389693,14.223830658698185
Ethiopia,2016,21.144801245858357,2729.4,27.986757085635066,14.123750083298953
Ethiopia,2017,21.494632163864427,1846.4,28.42883013341088,14.205836955422239
Ethiopia,2018,21.13005405525316,1195.8,27.721804395521715,14.00651472307083
Ethiopia,2019,21.16493716078741,1206.3,27.5466906915794,14.028940542708353
Ethiopia,2020,20.953753928517816,2326.3,27.505066676929086,14.256710863008088
Ethiopia,2021,19.855913836263298,7793.5,26.05600073960289,14.392967372134038
Ethiopia,2022,19.950161832272972,7797.3,26.26631807730714,14.316822748380035
Ethiopia,2023,19.881038573135346,8865.7,26.335174065281592,14.2643532095145
Ethiopia,2024,20.038143586323624,8451.5,26.25456442250913,14.976412097777734
Ethiopia,2025,19.887735838860294,7428.0,26.39210830433854,14.475880249086625
Falkland Islands,2015,6.060445468509985,0.8999999999999999,9.40817108939983,2.8858507094379076
Falkland Islands,2016,6.58650599431467,1526.7,9.801331523260519,3.1436114421667813
Falkland Islands,2017,6.9842626728110595,1923.8999999999999,10.187174947472501,3.4947493687871884
Falkland Islands,2018,7.153529185867896,1539.9,10.776625240567121,3.4555582040009183
Falkland Islands,2019,6.1688351254480285,1692.3,9.632700332821301,2.802948028673835
Falkland Islands,2020,7.019724385119268,1413.9,10.526112656037574,3.6211030774935113
Falkland Islands,2021,7.453934075780849,1986.1,10.88421198156682,4.093710829493087
Falkland Islands,2022,6.805496287762417,2236.0,10.36819901742677,3.660706340378198
Falkland Islands,2023,6.671929723502304,2439.9,10.714533666154635,3.4201058627752174
Falkland Islands,2024,6.390062703943498,3081.0,10.150970532310355,3.30856018980676
Falkland Islands,2025,7.065498079877113,3956.2999999999997,10.575035152162782,4.075168586789554
Faroe Islands,2015,7.017975334635976,15248.699999999999,9.131598748756701,5.043795415933439
Faroe Islands,2016,7.1670202093002064,9253.8,9.235694483762414,5.103467793944453
Faroe Islands,2017,7.52754161913466,9815.4,9.534726264874113,5.542995014990583
Faroe Islands,2018,7.181487970618486,9152.1,9.084208856757986,5.2814178878841105
Faroe Islands,2019,7.04208269280939,11061.9,9.093429693119562,5.052266518118885
Faroe Islands,2020,7.0725541228862046,10564.2,9.236915664199914,4.982803049029411
Faroe Islands,2021,7.065140382317801,13646.4,8.674808698867839,5.407297818171474
Faroe Islands,2022,7.370718694885362,13759.8,8.654288630027876,5.976700517722024
Faroe Islands,2023,7.082048486658702,10034.8,8.465209720088753,5.573517807361894
Faroe Islands,2024,7.0635001510594755,13576.3,8.404951386314012,5.5547343756437195
Faroe Islands,2025,8.107474896171134,11268.9,9.37642821585026,6.698019997724299
Fiji,2015,25.10961012361934,9521.5,29.52285404588261,21.440028602661585
Fiji,2016,25.59552792344227,17494.3,29.8309882402235,21.92662648176314
Fiji,2017,25.715367109209275,16417.600000000002,30.077017382489597,22.124285243289297
Fiji,2018,25.443127050968698,17923.7,29.834420612046642,21.80699916755871
Fiji,2019,25.686910247970154,15454.300000000001,30.223888611082387,22.117687276131182
Fiji,2020,25.90452920148693,16733.3,30.09983895578216,22.439206932893455
Fiji,2021,25.515977070348594,24104.5,29.8574407214169,22.089046851488916
Fiji,2022,25.64402358195369,25341.0,30.331833788473574,22.034445582295046
Fiji,2023,25.424075354156,23376.9,30.035230201399557,21.768032087386924
Fiji,2024,25.750341618012484,28910.6,29.922292181128643,22.322238504250617
Fiji,2025,25.436866266996642,20914.2,29.573166004363408,22.109289202045165
Finland,2015,6.527301459293395,5466.4,9.660030452707593,3.2104256780020126
Finland,2016,5.514692775923866,3955.5,8.560660696629412,2.1793047279163797
Finland,2017,5.434598054275473,6032.8,8.398011392729135,2.3463042114695343
Finland,2018,6.075256080389145,3994.9,9.49080232886629,2.374901945724526
Finland,2019,6.000552803379416,6080.8,9.301127112135175,2.4875087685611876
Finland,2020,7.405309510567297,6413.8,10.443262637498457,4.233998733160302
Finland,2021,5.306261456733231,5564.4,8.728361751152073,1.8547689452124938
Finland,2022,6.100062852022529,4800.6,9.722670506912442,2.5956651945724527
Finland,2023,5.625391257040451,6268.9,8.83770583717358,2.1363013952892986
Finland,2024,6.505852366827339,6195.9,9.534263811642566,3.2904446298356196
Finland,2025,7.0485252176139275,5650.6,10.10419335637481,3.85441986687148
France,2015,14.086988799283153,5696.7,18.835313812083974,9.86041148233487
France,2016,13.70060833024348,6359.8,18.278350698306763,9.677650723025584
France,2017,13.875295250896057,5426.5,18.740365975422428,9.600008320532513
France,2018,14.560773297491039,7689.9,19.09447023809524,10.355223731836078
France,2019,14.345536482334868,6871.2,19.075346646185356,9.944312211981567
France,2020,14.538811271783462,6654.5,19.431178809788655,10.216629712025707
France,2021,13.558945660522273,7132.0,18.178220366103428,9.379485151049668
France,2022,15.191808627752177,5310.7,20.09541353046595,10.706295634920634
France,2023,14.941061955965182,6227.5,19.71716980286738,10.703382680491552
France,2024,14.419310622914349,8194.2,18.811037634408603,10.533861358299344
France,2025,14.558345110087044,7099.1,19.2704914874552,10.27813338453661
French Guiana,2015,26.394092130703402,20516.4,31.777509708449184,23.017747383387324
French Guiana,2016,26.685711199629477,18378.2,32.03052812132376,23.261266453458656
French Guiana,2017,25.64463585925424,16804.8,31.161515431913905,19.988879727900986
French Guiana,2018,26.36976567518503,13920.8,30.787798352185447,23.298869133091603
French Guiana,2019,27.008732471136216,11655.6,31.45829939051583,23.76545983846192
French Guiana,2020,25.435542164694777,13872.4,31.40513348445523,18.12825646838639
French Guiana,2021,24.296407724380074,27301.5,30.20068219223173,17.7765408529003
French Guiana,2022,23.488815091850608,29078.3,30.073234744954714,16.459905255020065
French Guiana,2023,25.136253474508084,19808.8,31.15839093701997,18.80180253821959
French Guiana,2024,25.837130575071807,16924.3,31.927848362996677,19.611542214257266
French Guiana,2025,24.540299320522973,17570.7,30.593531503531754,18.350872729643516
French Polynesia,2015,26.75624118165785,11321.3,30.371149686083076,23.547396332848027
French Polynesia,2016,27.155813695601424,17590.9,30.62104926946358,23.9792512616082
French Polynesia,2017,26.960201612903226,15070.4,30.487321770798122,23.832539995297687
French Polynesia,2018,26.7271649741139,12857.0,30.31466491391605,23.50352420630016
French Polynesia,2019,26.999586035728505,13130.1,30.390135830915398,23.899719662058374
French Polynesia,2020,26.989392569247034,14096.0,30.508573041071394,23.667858182617174
French Polynesia,2021,26.752968865562952,8467.5,30.306410934744267,23.178207814188998
French Polynesia,2022,26.269637452352505,14370.1,29.87268831427434,23.00814850372646
French Polynesia,2023,26.69964029697901,11553.6,30.205103686635947,23.19320148489503
French Polynesia,2024,26.705676677790137,8669.6,30.202423989618097,22.78232109751576
French Polynesia,2025,23.638550307219663,14848.8,29.662593445980544,15.638901689708142
French Southern Territories,2015,8.32466510054551,2906.2,11.577416098417935,5.248760411784389
French Southern Territories,2016,8.417333130920042,2741.1,11.522194169911367,5.295412048879736
French Southern Territories,2017,8.77274450426479,2764.2999999999997,12.048595530441688,5.65169942775209
French Southern Territories,2018,9.308963194560784,1728.9,12.595826221536397,5.925441637818869
French Southern Territories,2019,7.589764579707965,1199.8,10.117819552617803,4.984839606189706
French Southern Territories,2020,5.565948832035596,766.6,8.618024138274672,2.8453489391370583
French Southern Territories,2021,8.207572111281788,3082.3,9.965480670762929,6.232945681856972
French Southern Territories,2022,8.262794294594752,2678.5,10.002413698282565,6.291723924584047
French Southern Territories,2023,5.815968381976447,1987.1000000000001,8.008929851510496,3.3029947516641065
French Southern Territories,2024,5.533431504827036,1967.3,7.639516909418188,3.122176778747969
French Southern Territories,2025,7.021344392298409,3083.2,8.55879616986169,5.13753968166344
Gabon,2015,26.51340852185948,6933.8,29.844872819815897,23.001168184858944
Gabon,2016,26.980364462345467,6149.0,30.357477764045065,23.300680864940016
Gabon,2017,26.54617138231941,6802.7,29.998958216262302,23.21417234326868
Gabon,2018,26.539621538239274,4485.0,29.715003790498926,22.98031517465598
Gabon,2019,26.791922226966978,2394.1,30.01518426287051,23.23606524613005
Gabon,2020,26.84044433319854,1057.5,30.089760865129566,23.525940052276816
Gabon,2021,25.887703133000514,12145.3,29.834219790066566,23.08126976126472
Gabon,2022,25.660957164706815,16161.7,29.852953562821124,22.739460048201707
Gabon,2023,26.02341109831029,20450.4,30.30554411482335,23.080338421658983
Gabon,2024,26.431766873115247,19713.5,30.425609998273604,23.47396303043324
Gabon,2025,25.863385030554998,19948.5,29.79827384297077,22.966362214138226
Georgia,2015,14.048618744175183,1576.3999999999999,19.28916500288555,9.148733129611655
Georgia,2016,12.783665716260563,0.5,17.794029052289297,7.758416126852507
Georgia,2017,12.896777240715744,1807.7,17.865589753897755,8.624082425165339
Georgia,2018,16.0099303271412,1570.6,20.844582508459197,11.93640118989775
Georgia,2019,14.047067313268998,1415.2,19.296178408808032,9.816398986808045
Georgia,2020,14.008885293068797,2321.7000000000003,19.382439293248243,9.398995831914732
Georgia,2021,13.608587500711156,8799.2,18.983030096148376,9.480145360414177
Georgia,2022,13.183688369953641,8642.8,18.35976724170628,9.181983007116797
Georgia,2023,13.778851979860043,11361.6,19.524653595607898,9.584641150366956
Georgia,2024,14.105993292797693,10010.9,19.728796820592606,9.994065385988469
Georgia,2025,14.572349225490619,12274.3,19.425013830394764,10.652631207566897
Germany,2015,11.174852854582694,6697.2,15.492723630312339,6.886590437788018
Germany,2016,10.779547429242369,6892.4,14.922541991101223,6.747922506488691
Germany,2017,10.876134408602152,7952.5,14.994943868407578,6.821661930363543
Germany,2018,11.765728750640042,5427.1,16.327675115207374,7.274949372759857
Germany,2019,11.559813940092166,6725.2,15.949155337941628,7.234559651817716
Germany,2020,11.795971387961934,6139.6,16.214350543814113,7.370560777406995
Germany,2021,10.392477342549922,8152.0,14.487169034818228,6.455017601126472
Germany,2022,11.823012608806964,6254.7,16.430083781362008,7.211579429083461
Germany,2023,11.765803678102065,8263.6,16.017614780679295,7.534722791147522
Germany,2024,11.935045970145154,7800.5,16.167348150894686,7.763983713041926
Germany,2025,11.114871067303863,5437.0,15.483995704613983,6.846931216931217
Ghana,2015,27.358773568889738,1696.5,31.009175158382373,24.231006125743818
Ghana,2016,28.027513565361257,3628.8,31.816616603895046,24.69921705213736
Ghana,2017,27.67979051930608,3388.5,31.59929446162049,24.27964045793219
Ghana,2018,27.770823556544173,3115.4,31.655984142069403,24.46366572755881
Ghana,2019,28.033046981348203,3697.5,31.938897247390457,24.602425912507815
Ghana,2020,28.08262065795604,3151.8,31.93168903039724,24.602581121853405
Ghana,2021,27.577782755874154,9476.4,31.359713261648746,24.5810965324003
Ghana,2022,27.17649979989524,9331.9,31.081255797152625,23.984063330704505
Ghana,2023,27.790714214598623,10572.1,31.83816855834329,24.271787136598963
Ghana,2024,28.025204640066217,9560.6,32.05885951264983,24.670415674233237
Ghana,2025,27.481471519641143,7420.8,31.296592218315563,24.36404774161162
Gibraltar,2015,18.762674731182795,4540.0,21.95616999487967,16.28545954941116
Gibraltar,2016,18.824701520207636,7111.0,21.82837442837721,16.392107279693487
Gibraltar,2017,18.825520993343574,7532.0,21.696281362007166,16.390118407578083
Gibraltar,2018,18.191404249871994,8958.0,21.210467869943677,15.698744879672299
Gibraltar,2019,18.623105478750638,4512.0,21.740401945724525,16.06651625704045
Gibraltar,2020,18.92074434556915,5764.0,21.783456309479668,16.517440674823877
Gibraltar,2021,18.63814260112647,6560.0,21.60445788530466,16.24133256528418
Gibraltar,2022,19.22407642089094,6455.0,22.350416666666668,16.756312724014336
Greece,2015,17.66612401614093,1429.6,22.515975606339957,12.994743349583116
Greece,2016,18.136820713000727,1077.7,23.23419843194607,13.203874565042025
Greece,2017,17.64802712651299,1133.5,22.7413731205378,12.678791173676201
Greece,2018,18.38767494085139,2424.8,23.080506822436664,14.014784951190006
Greece,2019,18.29681387608807,3270.5,23.002900921658984,13.997122183819764
Greece,2020,18.198310499320232,1900.4,23.126648282041774,13.665922382894573
Greece,2021,18.007612007168458,4547.0,22.855455453149002,13.586355286738351
Greece,2022,17.90281029185868,4099.5,22.645917242703533,13.594625256016384
Greece,2023,18.386653609831026,5221.6,23.15474916794675,14.07026657706093
Greece,2024,19.13660663082437,3800.5,24.38510548757879,14.476836577678903
Greece,2025,18.620812596006143,4387.3,23.472586341525858,14.299680427547363
Greenland,2015,-3.060616815923371,2106.5,-0.493009564219057,-5.368609098557268
Greenland,2016,0.024412014341700677,1856.8,2.475028114256298,-2.5494556813358704
Greenland,2017,-1.6124439830910733,2167.6,0.8672270376982634,-4.164557209673036
Greenland,2018,-1.9487702673181024,2272.6,-0.15672366259725462,-5.178315973415498
Greenland,2019,0.0924341805725431,1679.3,1.7354989526345415,-3.6144976618409754
Greenland,2020,-1.3318931886072718,2603.6,0.6186074792291485,-4.218767005184891
Greenland,2021,-0.4671294162826421,7701.4,2.167962678500313,-3.2099914661204982
Greenland,2022,-1.4086161603231497,8511.9,1.2138824884792627,-4.169919994879672
Greenland,2023,-1.2840866615463389,7225.8,1.2553565739318429,-3.9352945610741306
Greenland,2024,-1.7373339108688057,7086.8,0.5574722831683241,-4.0872680993490125
Greenland,2025,-0.2150597186045994,7028.3,1.96293837240366,-2.419371878640813
Grenada,2015,27.446703149001536,0.0,29.890245757307927,25.3920261679763
Grenada,2016,27.76698112126273,0.0,30.134381048897495,25.614657883661174
Grenada,2017,27.50519318201882,0.0,30.029860308985025,25.378330090432495
Grenada,2018,27.280094108091884,0.0,29.847623563924625,25.095757784107768
Grenada,2019,27.644772785458272,0.0,30.132908986175114,25.529711341525857
Grenada,2020,27.81109998764059,0.0,30.416021505376346,25.574773513780745
Grenada,2021,27.545800691244242,0.0,30.257684971838195,25.2369623655914
Grenada,2022,27.40452124935996,5060.7,30.155458269329234,25.148284690220176
Grenada,2023,27.936141193036356,4221.0,30.475794930875576,25.625420506912445
Grenada,2024,28.539280682239525,4228.2,30.95707916203189,26.33674051415153
Grenada,2025,28.0685343061956,4221.9,30.426207117255505,25.891274961597542
Guadeloupe,2015,26.292861419605952,0.0,30.217963657272755,21.933912002167173
Guadeloupe,2016,25.59076813743666,0.0,30.021526694531666,15.853230413468259
Guadeloupe,2017,25.348439580133128,0.0,29.7903737941085,16.080033849169
Guadeloupe,2018,26.019676779313876,0.0,29.612486669491673,22.763978384271763
Guadeloupe,2019,26.265809011776753,0.0,30.012550563236047,22.925183691756274
Guadeloupe,2020,25.813217772834015,0.0,30.13712149301693,18.2480778024966
Guadeloupe,2021,25.85660842293907,0.0,29.965147209421403,19.483209165386587
Guadeloupe,2022,25.15201164874552,6681.0,29.700911418330772,15.427538402457758
Guadeloupe,2023,25.566592421915,8479.0,30.285264336917564,16.007786738351253
Guadeloupe,2024,25.97086917562724,9028.0,30.634105796564082,15.965345754542085
Guadeloupe,2025,25.747999231950846,7965.0,30.213450460829495,18.209120583717358
Guam,2015,27.298612967229904,2728.0,30.1178134968614,25.04466457746549
Guam,2016,28.00924962921765,2536.0,30.785464828645583,25.7658037833042
Guam,2017,27.769590693804403,17937.0,30.671013500450236,25.45948558804315
Guam,2018,28.038396121351767,27339.0,31.2332140296979,25.590923387096776
Guam,2019,27.496445916538658,23375.8,30.7724571812596,25.040200780849975
Guam,2020,27.5503511617847,22664.0,30.743022308738105,25.113214837473734
Guam,2021,27.565884664618537,25883.9,30.496663082437276,24.926275921658988
Guam,2022,27.471756464413723,23144.3,30.076786994367637,24.533780657962108
Guatemala,2015,19.70416282642089,0.0,25.065712316628133,16.060605860696942
Guatemala,2016,19.74265259459364,0.0,25.043542791407088,16.12287211185524
Guatemala,2017,19.361375448028674,0.0,24.636756302734057,15.810721016236402
Guatemala,2018,19.369993687871887,0.0,24.80991054743743,15.605520923321999
Guatemala,2019,19.872418714797746,0.0,25.498847926267285,16.122173579109063
Guatemala,2020,19.847340563589174,0.0,25.39017272277839,16.195091150661227
Guatemala,2021,18.530991423451102,5721.0,24.760702658303465,14.26675755248336
Guatemala,2022,18.34778120972156,12222.5,24.33648506423951,14.243872284607825
Guatemala,2023,19.003295464243042,9426.9,25.207059865164705,14.644812574671445
Guatemala,2024,19.40845336927774,11192.3,25.94033828035512,14.99896704720274
Guatemala,2025,18.472901412357057,10350.800000000001,24.545622189385337,14.32397857810726
Guernsey,2015,11.87834302256883,1314.4,13.971933019345421,9.8398283454279
Guernsey,2016,11.703869670003709,1397.2,13.842889400921658,9.688819296572913
Guernsey,2017,12.020474078341014,1608.6,14.125185497113195,9.951068524109681
Guernsey,2018,11.930142345110086,1428.0,14.274144137224784,9.710848694316436
Guernsey,2019,11.958622375832054,1503.4,14.130893241167435,9.835652201740912
Guernsey,2020,12.33187164750958,2014.0,14.588164812754913,10.187111420096404
Guernsey,2021,11.602829621095752,5568.4,13.7121763952893,9.570791346646185
Guernsey,2022,12.709674731182796,8023.4,15.056932667690733,10.496409754224269
Guinea,2015,27.097432501971415,8931.6,30.943665216248856,23.685740936800716
Guinea,2016,27.36743472631682,11836.8,31.128532021426164,23.92578379335011
Guinea,2017,27.5216047931576,10482.6,31.411694396386924,23.777848613722703
Guinea,2018,27.16931961457499,5211.2,30.8351918895867,23.978338744034463
Guinea,2019,27.377240143369175,1795.2,30.863330133128517,24.398715437788017
Guinea,2020,27.513601488426293,5024.9,31.05897948779067,24.223337315810433
Guinea,2021,26.731798995135687,6868.3,31.414361879160268,23.06428467421915
Guinea,2022,26.533496207792513,18304.8,31.417966398272085,22.47172393366264
Guinea,2023,26.986794834869432,21507.600000000002,31.86629080261137,22.767759296594985
Guinea,2024,27.332052920045886,24046.9,32.0994191567665,22.991836359908408
Guinea,2025,26.35126799282667,19761.6,30.736473949280096,22.746955622189397
Guinea-Bissau,2015,27.555770024507616,2620.0,33.55628204222025,21.7990714739337
Guinea-Bissau,2016,27.825525676458934,1468.8000000000002,34.90981549566565,21.85425184075184
Guinea-Bissau,2017,27.865442607491023,1816.0,34.16686720864886,21.879195140017732
Guinea-Bissau,2018,27.328945697713838,1292.8,33.640910354201964,22.141558385387587
Guinea-Bissau,2019,27.161088102459072,362.2,34.33055491110052,21.806206171964238
Guinea-Bissau,2020,27.616423139739563,3864.3999999999996,34.469230632451286,22.302905563681758
Guinea-Bissau,2021,27.63367621242045,7056.0,34.08214587447882,22.746377368151563
Guinea-Bissau,2022,27.24044318895523,10253.3,33.86095764000817,22.22659440509611
Guinea-Bissau,2023,27.577493416721527,8583.4,34.36887828249579,22.602222770828764
Guinea-Bissau,2024,27.567502316823784,10662.0,34.424173775969294,22.617949838444833
Guinea-Bissau,2025,27.050405750191615,9953.3,33.485920203986225,22.44781379498971
Guyana,2015,28.396243689842247,2895.4,30.20358563392232,24.220430598275993
Guyana,2016,28.751748246724603,2694.6,30.75908962686923,24.12995773126261
Guyana,2017,28.532126687724514,4206.6,30.76440110402353,24.404256386782126
Guyana,2018,27.856516682845267,2484.8,30.121718624058925,24.165683198275417
Guyana,2019,28.383231566820275,3142.8,30.6869777265745,24.443473502304148
Guyana,2020,28.08510196514646,2858.0,30.66341645037696,24.09804535904091
Guyana,2021,26.66043597456904,15746.5,29.703463688342723,24.254702807646353
Guyana,2022,26.303037090005944,16795.5,29.339403882768035,24.207383744283774
Guyana,2023,27.608884835296127,11547.9,30.562091867212832,24.90742724867725
Guyana,2024,28.01935469037913,10400.4,31.161490555613657,25.134167591421793
Guyana,2025,26.97888466369094,13297.9,29.841280559636978,24.398468780842553
Haiti,2018,26.39545698924731,0.0,30.241080156402735,23.215078201368524
Haiti,2019,26.28092101894521,0.0,30.282912186379928,22.939354838709676
Haiti,2020,26.466981522679518,0.0,29.95106136447905,23.23477845754542
Haiti,2021,26.15085701484895,0.0,29.56146953405018,22.984599334357398
Haiti,2022,26.052005888376854,744.1,29.717276625704045,22.849951996927803
Haiti,2023,26.46499615975422,1273.1000000000001,30.376947004608297,23.13172555043523
Haiti,2024,26.30351285378816,1139.3,30.328460017303176,22.98539395624768
Haiti,2025,25.60175051203277,861.8,28.865897977470556,22.922000768049156
Honduras,2015,26.13566435460811,2815.6,31.807524497199914,21.57188038678518
Honduras,2016,26.038695473495693,3794.0,31.54814192995487,21.303433074420496
Honduras,2017,25.537724345918075,3867.1,31.315035398025607,20.99783361833535
Honduras,2018,25.3558806860694,2744.8,31.055236251467747,20.758727581653552
Honduras,2019,26.19783094217431,1855.2,32.196460942274726,21.25614269320969
Honduras,2020,27.17248392524991,6952.7,32.12529012149101,22.15769028451229
Honduras,2021,26.1474366359447,12772.7,31.77909386200717,21.49793426779314
Honduras,2022,25.629911514336914,16600.5,31.170355631036248,21.22255536906086
Honduras,2023,26.92919766293614,12514.0,32.613676303854874,22.285783867310364
Honduras,2024,26.481691281504613,18256.9,32.25929614336461,22.147320784946388
Honduras,2025,26.102458553869187,15109.5,31.777413647486934,21.805885351894904
Hong Kong,2015,24.95487416794675,0.0,27.52502176139273,22.731751984126984
Hong Kong,2016,24.361611605487578,0.0,26.90616984921518,22.07174548881473
Hong Kong,2017,24.64289400921659,0.0,27.299974398361496,22.352084933435737
Hong Kong,2018,24.36834709421403,0.0,27.106655081925243,22.071135176651307
Hong Kong,2019,25.086509216589864,0.0,27.786489695340503,22.73020596518177
Hong Kong,2020,24.785230966505996,0.0,27.466392071437397,22.576144265232976
Hong Kong,2021,24.91411968766001,0.0,27.668521697388634,22.638681771633387
Hong Kong,2022,24.22860375064004,13245.9,26.90186763952893,21.999493279569894
Hong Kong,2023,24.85570110087046,17982.4,27.424009216589862,22.59245321300563
Hong Kong,2024,25.067525336793967,20664.3,27.626105024100852,22.901122110987515
Hong Kong,2025,23.912991679467485,15926.4,26.62018733998976,21.649008704557094
Hungary,2015,12.057323394193249,3121.9,16.931771034432206,7.40139197865504
Hungary,2016,11.460264658409404,4455.7,16.23697940956344,6.881531366421244
Hungary,2017,11.520625038036505,3855.7000000000003,16.51235690809623,6.677475969696956
Hungary,2018,12.409726592273229,3790.5,17.255478559105942,7.861389601896973
Hungary,2019,12.37360651385137,3843.3,17.45466801145064,7.528534721552565
Hungary,2020,11.760456259736433,1346.4,16.52397120391673,7.1627802029938605
Hungary,2021,11.502005568356374,1798.0,16.194503200204814,6.826372119815669
Hungary,2022,12.434439900153611,4359.3,17.136999615975423,7.751258448540707
Hungary,2023,12.848198348694316,7797.4,17.441598566308244,8.386844022017408
Hungary,2024,13.281740256663785,4934.8,17.915241811625663,8.772380680443714
Hungary,2025,12.058642787573186,4515.4,16.622785280170977,7.434852086533538
Iceland,2015,4.423418032087387,6150.6,7.476255656619024,1.757196064460494
Iceland,2016,5.815009818865955,5603.4,8.71339745513828,3.321371863635799
Iceland,2017,5.376749943107471,0.0,8.377956878622948,2.723373733669618
Iceland,2018,5.0048805256869775,0.0,7.928025955636469,2.4064926660699744
Iceland,2019,5.5264853217272565,0.0,8.753819266655288,2.653911013405359
Iceland,2020,4.948408245100866,0.0,7.975615395707164,2.2079198423488378
Iceland,2021,5.224900509188143,8133.6,8.050833688911647,2.6479223559196674
Iceland,2022,5.0256856972179555,11674.9,7.899483202480514,2.218352036752574
Iceland,2023,5.032215273206057,9525.8,8.055847597103357,1.9810371406627167
Iceland,2024,4.358063486178058,11398.1,7.174514721432593,1.3505182369985855
Iceland,2025,6.1390833902258635,11719.6,8.806451968481538,3.381764735165273
India,2015,26.70552265869281,10589.7,32.38382841286678,21.75617719642238
India,2016,27.045185712627262,10659.0,32.85700868485395,22.04345416696282
India,2017,26.865964358586854,12548.7,32.67178575234124,21.97499710774618
India,2018,26.871325383504477,8444.2,32.72864523819254,21.857617187234236
India,2019,26.762920510377835,12614.6,32.383480404646285,22.135796094144503
India,2020,26.490539566024456,13489.7,32.261234814602446,21.753071912626073
India,2021,26.260488223246288,15173.6,31.973585509472606,21.530354582693292
India,2022,26.353471328371914,13805.1,32.21040416600456,21.496217541095046
India,2023,26.376325780849974,13572.5,31.997767089093703,21.53569489247312
India,2024,26.65290791102702,15119.8,32.173209307429275,21.989685193636067
India,2025,26.172204589093703,14537.8,31.581468894009216,21.588903929851508
Indonesia,2015,27.923203006266135,1259.1,32.51856382848101,24.257319178895198
Indonesia,2016,28.101871698893948,1535.9,32.387916315898565,24.758856065024286
Indonesia,2017,27.87159790229173,1516.8,32.21104305008254,24.39484859671388
Indonesia,2018,27.89356714004438,934.6,32.32195474883269,24.449485967988604
Indonesia,2019,28.125603870667536,726.5,32.66147581668454,24.635119153400456
Indonesia,2020,28.0543917831062,905.4,32.25130479607934,24.992014416304357
Indonesia,2021,27.20621114951357,25931.5,31.622470973038826,23.832876313187494
Indonesia,2022,27.126386456733233,26977.6,31.573534882232465,23.748058691756274
Indonesia,2023,27.67141007424475,19371.1,32.32227112135177,23.978791730670764
Indonesia,2024,27.872562929476352,25189.2,32.332260514478996,24.393278683342366
Indonesia,2025,27.28129797107015,26605.4,31.197208077316947,24.347912538402458
Iran,2015,18.334837841575883,797.6999999999999,25.318205170130764,11.23329668851925
Iran,2016,18.154931890813426,1057.6,25.374339515561505,10.673282604394288
Iran,2017,17.651831533620413,1079.0,25.558230416594295,10.654943368984009
Iran,2018,17.9604780288014,1730.8,24.871792422774515,10.810961537303172
Iran,2019,17.407538917242622,1829.3999999999999,24.439021506032336,10.165062712084593
Iran,2020,17.507195515145654,1818.1,24.59341599591909,10.265354483216662
Iran,2021,18.377843701996927,736.6,26.03984863031234,10.472164378520224
Iran,2022,18.03944380440348,1272.4,25.393846486175118,10.559223150281618
Iraq,2015,25.928170657420775,0.0,33.76185629955006,19.118817724178783
Iraq,2016,25.450152645420264,0.0,32.007034944617075,17.312291193147885
Iraq,2017,25.77721456512398,0.0,32.51102243018419,17.31448737652956
Iraq,2018,25.205644779378044,0.0,32.33149519741498,18.509987063211835
Iraq,2019,23.136394374954282,0.0,30.006470905566527,16.41424703752469
Iraq,2020,23.147375133126356,0.0,30.41047395183762,16.194894283140076
Iraq,2021,23.29987471198157,852.2,31.27514320916539,15.348289410522272
Iraq,2022,22.85429584936735,1615.5,30.40963840984792,15.55473691017256
Iraq,2023,23.270830062012855,3284.2,30.19429623940377,16.424645346191046
Iraq,2024,23.465705710963714,3261.8,30.314871909604225,16.494275381953358
Iraq,2025,23.429840131990673,1941.2,30.738910656465585,15.921581198008266
Ireland,2015,9.68326932923707,7041.2,13.578994404213299,6.190339953185576
Ireland,2016,9.946101267722513,5604.2,13.697818166569556,6.720175282942246
Ireland,2017,10.23449893936069,5882.2,13.943146989978786,7.035456257771926
Ireland,2018,10.127791035769146,4830.1,13.918794985736229,6.70477818008924
Ireland,2019,10.036603759783484,5256.1,13.670969753492795,6.906920305756712
Ireland,2020,9.984312551865388,5287.8,13.629473003513604,6.864453802284725
Ireland,2021,10.222764736943164,5921.8,13.75542490719406,7.139752304147465
Ireland,2022,10.659262352790579,6786.0,14.411460973502303,7.299157546082949
Ireland,2023,10.951055667562725,8793.6,14.351779393881209,7.957950028801843
Ireland,2024,10.543239254574303,7229.2,13.969002542328345,7.480434908352849
Ireland,2025,10.893982854902715,8392.6,14.440783690156168,7.749682339669739
Isle of Man,2015,10.197113415258576,0.0,12.439368919610855,7.845712365591398
Isle of Man,2016,10.601482202447164,0.0,12.710763193671982,8.385813867259918
Isle of Man,2017,10.69804211469534,0.0,12.763195084485407,8.498385176651306
Isle of Man,2018,10.478782642089094,0.0,12.688756400409627,8.225396825396825
Isle of Man,2019,10.56525409626216,0.0,12.613409498207885,8.377269585253456
Isle of Man,2020,10.732703621307625,0.0,12.921787170930664,8.498063898158447
Isle of Man,2021,10.602654249871991,0.0,12.68787122375832,8.365071044546852
Isle of Man,2022,11.177756656426011,6946.0,13.307902585765488,8.793139400921659
Isle of Man,2023,11.297649769585254,10399.0,13.336207117255503,9.130080005120329
Isle of Man,2024,10.901115127919912,10022.0,12.874783401310099,8.786030774935114
Isle of Man,2025,11.249103302611367,8956.0,13.419686379928317,9.008908090117766
Israel,2015,21.18102596836468,3930.4,26.227925200546167,16.055036909028846
Israel,2016,21.432375851402625,3054.7999999999997,26.762812384130516,16.07689047501339
Israel,2017,20.818932516886562,1327.8999999999999,26.24116967485919,15.604687362060137
Israel,2018,21.966476317164712,1913.1000000000001,26.811736243786935,17.086184023349922
Israel,2019,20.259868436024348,0.0,25.512016626841895,15.229203717926836
Israel,2020,20.494256718713523,2186.7999999999997,25.60980901275766,15.584038643760557
Israel,2021,20.586132232462877,3582.7000000000003,25.825204301075267,15.544630824372762
Israel,2022,19.86424645261163,3632.3,25.033721428153253,14.948877723600809
Israel,2023,20.913051359731465,3473.2000000000003,26.424953774819368,15.674799027137738
Israel,2024,21.01664483170601,3686.4,26.368366841071698,15.934168005602933
Israel,2025,21.27743190744263,3038.5,26.779524596721004,16.09691654858709
Italy,2015,16.356741811290313,2795.0,20.640132658336906,12.149171171580496
Italy,2016,16.28131994838474,2604.9,20.384356653112732,12.158610319826229
Italy,2017,16.178940673352518,1817.6,20.58927029393476,11.694150141664998
Italy,2018,16.625412368119957,3386.9,20.676290833959477,12.617645268992929
Italy,2019,16.342046353188827,3092.4,20.66590793366331,12.123174318711952
Italy,2020,16.243465407379944,2295.2,20.66702213707961,11.979663274694792
Italy,2021,16.220210431245377,6224.0,20.467086249075496,12.181044831313649
Italy,2022,17.09931074699892,4967.9,21.375495533936395,13.040753968253968
Italy,2023,17.022132332024803,5912.5,21.33970430107527,12.922887509245037
Italy,2024,17.164782783339515,6425.3,21.489194406679577,13.132740802537798
Italy,2025,16.909359390112076,7875.8,21.174312240427835,12.828546964783524
Ivory Coast,2015,26.971646522309552,5878.8,31.40413276735043,22.839758609712515
Ivory Coast,2016,27.296579953737982,4761.0,31.71076087750718,23.333622241185253
Ivory Coast,2017,27.201065001338414,4227.9,31.658889980811292,23.1950673255061
Ivory Coast,2018,26.823252908187456,4188.2,31.343493829331546,23.244649068697647
Ivory Coast,2019,26.89091652201914,1218.5,31.048445870432943,23.67597197867358
Ivory Coast,2020,26.962448442101326,1198.4,31.393344743139544,23.683057283064137
Ivory Coast,2021,26.810037406838482,7704.4,31.401184289127837,23.309030551288615
Ivory Coast,2022,26.511758192524322,12057.7,31.241383697445524,22.829092848608976
Ivory Coast,2023,26.94136179382147,12532.1,31.60096816862946,23.25245477043864
Ivory Coast,2024,27.202737747016574,11947.7,31.828242457325697,23.57172468723822
Ivory Coast,2025,26.713174745405926,12197.4,31.148388234624797,23.284539952779202
Jamaica,2015,28.4349747983871,2965.1,32.35251799379528,24.727979761585967
Jamaica,2016,28.377461454084784,3458.3,32.20914214095909,24.717057610307748
Jamaica,2017,28.120596598182285,8326.9,32.06207272851669,24.066334377813973
Jamaica,2018,28.06039834549411,4254.2,32.09819572452637,24.24530505952381
Jamaica,2019,28.09854718701997,6499.8,32.20148409498208,24.130458669354837
Jamaica,2020,28.198220553701645,8036.599999999999,32.35598724663206,23.958454107959458
Jamaica,2021,27.98043378776242,4670.900000000001,32.302226622503845,23.478163882488477
Jamaica,2022,27.866886600742447,5023.7,32.1596646985407,23.136046306963646
Japan,2015,16.00927271583693,16006.2,19.989411108002066,12.445853300805641
Japan,2016,16.231703373176213,16160.0,20.326034424507913,12.600910244120607
Japan,2017,15.522654956491929,12508.7,19.648374457672336,11.837217309116811
Japan,2018,16.273990595811924,14379.5,20.40222182495542,12.659191736140482
Japan,2019,16.233715719798404,13498.0,20.346296899553295,12.67969657937153
Japan,2020,16.311924820075486,11949.9,20.131872019718013,12.834680324442063
Japan,2021,16.113264784946235,19732.8,20.083579621095748,12.505476126472095
Japan,2022,16.071761776753714,14327.1,20.121196812596004,12.425586149513569
Japan,2023,16.771471710189452,14884.1,20.768810803891448,13.107623783922172
Japan,2024,16.994921486837224,16416.8,20.84460446792733,13.484130515387468
Japan,2025,16.609426075268818,13108.4,20.378496095750126,13.21117415514593
Jersey,2015,11.847348310291858,0.0,14.305246928293831,9.49135389262614
Jersey,2016,11.547684464219504,0.0,13.96397133057895,9.280017519466073
Jersey,2017,11.97305875576037,0.0,14.354388760880697,9.630279697900667
Jersey,2018,12.015020481310804,0.0,14.644141705069124,9.558101638504864
Jersey,2019,12.00899641577061,0.0,14.512701612903225,9.60213901689708
Jersey,2020,12.441598071931775,0.0,15.02102212334693,10.002261463354346
Jersey,2021,11.608177803379418,10584.0,14.131204557091653,9.23619111623144
Jersey,2022,12.821663466461853,9218.0,15.56839349718382,10.28251472094214
Jersey,2023,12.638431259600615,9043.0,15.079624935995904,10.35560035842294
Jersey,2024,12.248580521567172,8698.0,14.586273946360155,10.038693610184156
Jersey,2025,12.450288658474141,7066.0,15.155894137224783,10.036361367127496
Jordan,2015,17.79771428181281,73.7,25.470131599881597,10.333929735413419
Jordan,2016,18.288375540328126,78.0,25.674751610305957,10.783639930950278
Jordan,2017,17.959055744436494,14.0,25.666357504830206,10.318531282308582
Jordan,2018,18.508325694422833,83.8,25.70707810656961,11.533285636002715
Jordan,2019,17.95743136429343,105.9,25.34122231371943,10.696750343845173
Jordan,2020,18.78171503120352,81.4,26.265392616882306,11.206235618423918
Jordan,2021,19.34903483045164,13.4,26.50324101419282,10.980842836546529
Jordan,2022,18.119257088336415,74.5,25.473048008092125,10.612970661676515
Jordan,2023,18.714903846153845,124.30000000000001,26.081145052105057,11.4673589640365
Jordan,2024,18.387192127469373,43.7,25.732823643146784,11.054208559206105
Jordan,2025,19.14839837749616,1026.9,25.4563814484127,13.57965069764465
Kazakhstan,2015,8.08457526440313,0.0,13.987670407705805,1.926362185846089
Kazakhstan,2016,7.903703359896259,0.0,13.79766347573896,2.0402818961480436
Kazakhstan,2017,7.623939979606971,172.0,13.739203739408671,1.3398314532313975
Kazakhstan,2018,6.384168352824684,0.0,12.554173327784337,0.05245735743977645
Kazakhstan,2019,8.023661984558583,201.7,14.141523482009346,1.5861678441770672
Kazakhstan,2020,8.23638820470717,79.4,14.21786321390882,1.8676037993646448
Kazakhstan,2021,8.098757232462878,2291.9,14.173824628776241,1.7008756400409626
Kazakhstan,2022,8.25773681515617,3937.5,14.1842003328213,2.086002112135177
Kenya,2015,21.093006884891008,3136.6,26.980768098015567,15.776423247171646
Kenya,2016,21.07474803901241,150.0,26.722071460686703,16.40036058375671
Kenya,2017,21.224136836446526,995.1,26.898252006108617,16.29922372637685
Kenya,2018,20.502891178954176,1777.4,26.012102098373653,16.079865177737197
Kenya,2019,21.195701886645043,3173.8,26.69220144707856,16.546401032828797
Kenya,2020,20.792658715116698,3839.3,26.13052247892965,16.48188019498028
Kenya,2021,20.478905956647893,6621.9,26.178482889571598,15.773596532400298
Kenya,2022,20.433247697814345,6532.7,26.351639939438883,15.52417665964338
Kenya,2023,20.854574372759856,8537.8,26.714136655857086,16.023821471240826
Kenya,2024,20.874288611227186,9215.2,26.711956100265898,16.192581055926027
Kenya,2025,20.577145582834547,9014.7,26.511460559803254,15.826497996521452
Kiribati,2015,28.63322931956534,18809.8,31.531459378733572,25.24210741198112
Kiribati,2016,28.823857750037764,20315.0,32.32327708753564,25.5372781769885
Kiribati,2017,28.63239560220743,11485.5,31.502658436771135,25.83969789227021
Kiribati,2018,28.657187233316264,10846.1,31.309361789080427,25.677813059446358
Kiribati,2019,28.549287136598966,29928.8,31.13121089723135,25.78034864660837
Kiribati,2020,28.425018951097925,15280.699999999999,31.037774833928893,26.125936557979465
Kiribati,2021,28.075269955054903,10863.300000000001,30.597862192069183,25.91304574159413
Kiribati,2022,27.971637722592025,10227.9,30.45966639642715,25.79272671673209
Kosovo,2018,13.630612170087977,0.0,19.515709514499836,8.70717660475725
Kosovo,2019,12.275811091909882,0.0,17.92910458269329,7.396239199308756
Kosovo,2020,11.865780612717835,0.0,17.571044447534295,6.75712543257941
Kosovo,2021,11.552330229134666,1064.4,17.114832149257552,6.327792178699436
Kosovo,2022,11.981982804794244,2727.2999999999997,17.742458228905598,6.671504134159323
Kosovo,2023,12.762517680919377,4392.1,18.11793487727512,7.916262483345354
Kosovo,2024,13.245233627212677,3549.3,18.91331821359434,7.963020778718056
Kosovo,2025,12.510680994308272,5361.400000000001,18.12806941383379,7.385930056818323
Kuwait,2015,27.536149464523586,0.0,34.5647198972871,20.561553937671363
Kuwait,2016,27.266141700655048,79.19999999999999,34.7456062291435,19.7801278139732
Kuwait,2017,27.524249231950844,89.2,34.95033118809259,20.19147370790198
Kuwait,2018,28.01938593587231,414.79999999999995,34.621534939785214,21.229954530946745
Kuwait,2019,27.535077444956478,390.8,34.43822836661546,20.273525345622122
Kuwait,2020,27.572017055988134,332.20000000000005,34.50147435422073,20.174433444568038
Kuwait,2021,28.525958141321045,490.8,35.65497567844342,20.933939452124935
Kuwait,2022,28.077259984639017,1315.1,34.76142601126472,21.240596518177163
Kuwait,2023,28.03055363543267,2666.0,34.60482590885817,20.971571940604196
Kuwait,2024,28.315186627116546,1615.0,34.83547274749722,21.457532134470398
Kuwait,2025,27.99535714285714,1619.0,34.56802163338454,21.053391577060932
Kyrgyzstan,2015,12.11676654229509,1.5,18.505412403557873,6.430520077148213
Kyrgyzstan,2016,12.86374170325493,0.0,19.472162690776333,7.01377629408369
Kyrgyzstan,2017,12.057191274026613,0.0,18.692875383902724,6.15426182694061
Kyrgyzstan,2018,12.320412674620817,0.0,18.956349188915738,6.398703674455925
Kyrgyzstan,2019,12.609343786918178,612.2,19.228058101650443,6.618548856498686
Kyrgyzstan,2020,12.11154625306665,209.89999999999998,18.42826331973439,6.285339939805403
Kyrgyzstan,2021,12.316812596006145,2755.6,19.005534967571258,6.375245242362178
Kyrgyzstan,2022,12.795619761963616,4749.7,19.01413543340337,7.204809569421638
Kyrgyzstan,2023,12.98615890083632,3093.7,19.739556558286395,7.018415365250043
Kyrgyzstan,2024,12.155743430057173,4533.9,18.445934011261148,6.572329487654849
Kyrgyzstan,2025,13.069445390299029,3476.4,19.219124863643447,7.767739394799527
Laos,2015,27.374400868967893,6601.400000000001,32.70062855695988,22.42035223051171
Laos,2016,27.37988141545368,6774.0,32.29274998303859,22.409375711029885
Laos,2017,26.884347165268817,8583.1,31.770176270417675,22.170711255788493
Laos,2018,27.0177090593651,8609.2,31.81377291782749,22.123736020355942
Laos,2019,27.872911818481246,6354.6,33.158646942753016,22.40520493666005
Laos,2020,27.649644303204358,5258.099999999999,32.71264240489636,22.298450614671914
Laos,2021,25.042460976812862,13885.9,30.65042575138602,20.294079353492418
Laos,2022,24.713561800369018,15168.9,30.325103849404982,20.091084963230752
Laos,2023,25.483587189580135,14299.9,31.330588437660012,20.570872055811574
Laos,2024,25.887984529212048,14696.6,31.72050041587572,20.990359561827166
Laos,2025,24.692152697772656,15382.199999999999,30.374007096454175,20.034430523553507
Latvia,2015,8.36063132610772,1439.7,11.900141433549512,4.3761612632134375
Latvia,2016,7.7140804756252095,1602.7,11.325517633946738,4.0004914301428185
Latvia,2017,7.720296745145536,1303.0,10.765060745037106,4.409924585518301
Latvia,2018,10.785428575307607,250.3,13.967187834566866,7.498020236931527
Latvia,2019,8.891759737834139,177.1,11.925705623720711,5.559936011785648
Latvia,2020,8.863889367924635,40.5,11.824166972757483,5.614172721186434
Latvia,2021,7.766717172064808,2922.2,10.946749591884261,4.462507517015816
Latvia,2022,7.863293584582516,4259.3,11.246906753143312,4.357965949820788
Latvia,2023,8.418455225578882,6307.5,11.625876856118792,5.026871266427718
Latvia,2024,9.2540249146021,4924.2,12.676085762286377,5.77396014581859
Latvia,2025,8.516054778248987,5274.3,11.574219090789375,5.434775013770077
Lebanon,2015,20.244325377326266,2007.0,25.581710897769145,15.797019242873189
Lebanon,2016,20.41054783087795,1288.5,25.689494355597233,15.830198591074451
Lebanon,2017,20.210372500343077,688.8000000000001,24.709330776582863,16.276253055118868
Lebanon,2018,21.59330096258401,982.3,25.24665370906021,18.53447927771387
Lebanon,2019,20.134919604819945,1643.8,24.69361878734725,16.10509044455732
Lebanon,2020,20.35414926542258,957.3,24.828897118599098,16.375938056436024
Lebanon,2021,20.493665834613413,1316.0,24.416632424475168,16.846262640809012
Lebanon,2022,19.74641808799901,1795.8,23.431028623073257,16.31464434137578
Lebanon,2023,20.351527937788017,3255.4,24.062483838965694,16.95609639016897
Lebanon,2024,20.568490817128772,2844.8,24.05897541995591,17.37269012762941
Lebanon,2025,20.377363031233998,1908.3,23.913288196531536,17.15570177013068
Lesotho,2015,16.657471001221,745.8,25.844749694749694,9.219009462759463
Lesotho,2016,15.312236050986051,1000.1999999999999,23.374296536796535,9.359074074074075
Lesotho,2017,16.110733525733526,1057.8,24.986464646464647,10.13438912938913
Lesotho,2018,15.304873737373738,920.1,25.11607042648709,8.205070145903479
Lesotho,2019,17.115467857927097,1290.6,26.717055747694335,10.801012845849804
Lesotho,2020,17.54716360211426,1429.1999999999998,26.041571215699506,11.535050185560054
Lesotho,2021,14.015100486431132,4198.8,21.431467357910904,7.671349974398362
Lesotho,2022,14.10078557744937,5490.0,21.38470208079524,8.015259781591539
Liberia,2015,26.42954071835226,132.6,30.64707958707959,23.405961457896943
Liberia,2016,26.704171914554976,0.0,29.936472348694213,23.78576519069166
Liberia,2017,26.75491073329076,0.0,31.241077441077444,23.781144781144782
Liberia,2018,26.50286565818473,318.0,30.859176661152464,23.410027915632753
Liberia,2019,26.874493087557607,822.8,31.29458547416,23.68415914066776
Liberia,2020,26.97903627487332,0.0,31.154714805604794,23.53391932255013
Liberia,2021,26.892083973374298,58.0,30.996648745519717,23.712007808499745
Liberia,2022,26.692755874153722,3988.0,30.672511236274676,23.575811358593615
Liberia,2023,26.8298783922171,5235.8,31.04160010240655,23.901832437275985
Liberia,2024,27.11653102212335,5071.4,30.999888147324185,24.33688157782151
Liberia,2025,26.546841187135435,6099.0,30.043151533821575,24.142611160827542
Libya,2015,21.579550128234338,166.60000000000002,25.122649342210746,18.125671637885926
Libya,2016,21.570090093824703,110.2,25.959875637123538,16.987314633118203
Libya,2017,20.755418614117673,159.5,24.982209664130718,16.460124536008582
Libya,2018,22.115820183850857,72.7,26.96064675460582,17.866923383890796
Libya,2019,21.22165401168245,642.0999999999999,25.898884745675083,17.002094795130017
Libya,2020,21.219547755177132,851.3,25.955937525317015,16.265151142829
Libya,2021,21.678442515843727,625.5,26.46635070608394,17.40270778525228
Libya,2022,21.524783353452225,1110.6,26.160215773025442,17.26553823751072
Libya,2023,21.590419626856118,1397.8999999999999,26.161642025089606,17.146685387864824
Libya,2024,22.388861414027048,2075.9,26.975506973135936,18.068955573003414
Libya,2025,21.816930815986016,1459.9,26.29628721832067,17.563862330499497
Liechtenstein,2018,11.860279135440427,0.0,15.089088193765612,9.051721697259332
Liechtenstein,2019,9.064402912897537,0.0,12.192068327928542,6.3030133128520225
Liechtenstein,2020,9.351787170930665,0.0,12.541534214971367,6.454894121039838
Liechtenstein,2021,8.003818413267338,0.0,10.989410166695112,5.358014806280935
Liechtenstein,2022,9.913452143900171,0.0,13.162186071760445,7.0387823339212225
Lithuania,2015,8.499384204889106,2617.8,12.506064925452238,4.311671268588286
Lithuania,2016,7.613086618162575,3342.4,11.403887549628546,3.683461130740627
Lithuania,2017,7.488028211162469,3215.8,11.16671823212144,3.8592745446720236
Lithuania,2018,8.610056999180602,2283.7,12.66541463344514,4.593655468815256
Lithuania,2019,8.89328177447801,2216.4,12.688718140183195,4.8104594782955
Lithuania,2020,9.158543889644186,2343.1,12.735941752839231,5.269312885373323
Lithuania,2021,7.352912684189566,3083.0,10.915102762132332,3.642216390737896
Lithuania,2022,8.05092322353075,4030.2,11.598129444728908,4.28252659725778
Luxembourg,2015,10.337933051715309,6059.0,14.262438620071686,6.436668650793651
Luxembourg,2016,9.767566895315783,8646.0,13.707106785317018,6.095595661846496
Luxembourg,2017,10.21281797235023,7247.0,14.139950396825396,6.293740271377368
Luxembourg,2018,11.061664810547876,7683.0,15.286144457245262,6.919756592421915
Luxembourg,2019,10.618721774193547,7794.5,14.751921850998464,6.616348310291858
Luxembourg,2020,11.248638518106537,7887.0,15.135061858855519,7.401797985415894
Luxembourg,2021,9.353146505376344,8592.9,13.28144502048131,5.5724554531490025
Luxembourg,2022,11.173099206349207,6736.0,15.492070596518177,6.839223694316436
Luxembourg,2023,10.909840501792115,9213.3,14.86582398873528,7.090372119815668
Luxembourg,2024,10.538420436287232,11042.2,14.307621802002224,6.82655054999382
Luxembourg,2025,10.464489631336404,9499.9,14.77526420890937,6.305021505376344
Macao,2015,23.770287378392215,2290.2000000000003,26.492515360983102,21.299796643536908
Macao,2016,23.278840378197998,6271.8,25.900866394759607,20.664480595723646
Macao,2017,23.64731950844854,3591.6,26.387080729028728,20.9752348729629
Macao,2018,23.44839669738863,3574.2000000000003,26.27365463389657,20.796246159754226
Macao,2019,24.25090117767537,5322.6,26.948695596518178,21.53906554019457
Macao,2020,23.929384192312444,2877.6,26.518710295389937,21.365058707205534
Macao,2021,24.209415002560164,3688.7999999999997,27.04337365591398,21.41071300563236
Macao,2022,23.404161546338965,8503.2,26.103072836661546,20.730698924731183
Macao,2023,23.95452636968766,12905.2,26.554608294930876,21.39635240655402
Macao,2024,24.142182054134224,13685.7,26.810973921641327,21.61763997033741
Macao,2025,23.83755184331797,11960.199999999999,26.406081669226825,21.518856246799796
Madagascar,2015,23.346295051200677,9127.4,28.801218567541625,18.543506532532604
Madagascar,2016,22.95153422115849,6421.4,28.55861094249064,18.372975491609058
Madagascar,2017,23.720890385712895,9324.2,29.246231084788736,19.34419769475168
Madagascar,2018,23.468329800161605,7736.5,28.955322100042686,18.941735644165433
Madagascar,2019,23.906742467346117,11017.4,29.25174246742339,19.612694189335027
Madagascar,2020,23.461056812143187,7618.7,28.855063908168404,19.03097891815332
Madagascar,2021,22.79176094470046,12322.1,28.06176625704045,18.21108083717358
Madagascar,2022,22.392461482776277,15025.3,27.667007874710876,17.863921378692375
Madagascar,2023,22.796018518518515,12766.4,28.165961270410193,18.19478267053536
Madagascar,2024,23.365500288386272,16962.5,28.873419631869115,18.657635440929933
Madagascar,2025,22.87295497311828,15738.3,28.200948159464815,18.58233259032926
Malawi,2015,25.89333516081871,550.0,27.61921454173067,19.49222163865546
Malawi,2016,24.94683543417367,499.0,27.61921454173067,18.5897847985348
Malawi,2017,24.268237974147066,574.5,30.2,18.77761073137389
Malawi,2018,21.9848168202765,793.7,27.52633512544803,16.733363988864465
Malawi,2019,21.82237071172555,706.8,27.12126184075781,16.820300819252434
Malawi,2020,21.967067884068715,316.8,27.569907767890246,17.035672660981337
Malawi,2021,23.07397363031234,3864.1,27.61921454173067,19.033195596518176
Malawi,2022,23.463897597860058,5499.1,27.90914287479916,19.489059281035363
Malawi,2023,23.892998207885302,5589.4,28.491523937532,19.64287634408602
Malawi,2024,23.424491252283058,4278.1,28.202442107776182,19.10367488725998
Malawi,2025,22.544568391562613,6218.5,27.135949161409012,18.707936966400744
Malaysia,2015,27.333152841781875,3271.4,32.12730592045247,24.11155037784487
Malaysia,2016,27.89884954476167,4312.1,32.59310489020723,24.64781063321386
Malaysia,2017,27.543004257457664,345.4,31.810315319490794,24.604693200492548
Malaysia,2018,27.84745562382659,184.0,31.77383491291846,25.041100625229287
Malaysia,2019,28.21606545485578,754.4,32.13203386053745,25.342259960933795
Malaysia,2020,27.9407303382359,38.9,31.716692312445925,25.16344951180324
Malaysia,2021,27.56345643454514,6457.5,31.404883939238776,24.768147721454174
Malaysia,2022,27.512795698924734,7685.2,31.354778972520908,24.71112241850145
Malaysia,2023,27.94388120839734,4349.8,31.4936763952893,25.47623527905786
Malaysia,2024,28.291217711036953,5016.4,31.875429489556296,25.83688048448894
Malaysia,2025,27.874337557603685,4516.0,31.458192524321557,25.20845494111623
Maldives,2015,29.196044833765914,519.9,31.408951449784784,26.824585633962123
Maldives,2016,29.19348878726706,316.2,31.237521454423376,26.978376784791827
Maldives,2017,29.046565352690678,242.1,31.185304360386876,26.929715679939136
Maldives,2018,28.77470037563858,417.9,30.84122063005717,26.63965628216521
Maldives,2019,29.047176299283155,426.0,31.20753392217102,26.925001280081926
Maldives,2020,29.19066926214312,67.8,31.27397432332221,27.223167099246073
Maldives,2021,28.465114475897888,6957.4,30.61135478384902,26.737452911272033
Maldives,2022,28.328809621549766,10934.1,30.455362565864313,26.40468815501729
Mali,2015,28.354231208990644,3569.7000000000003,35.30383124274295,22.182173656011724
Mali,2016,28.82074128059137,4937.8,35.76235124431644,22.713407174539807
Mali,2017,28.76427426624859,4375.6,35.837426537364244,22.526350453230886
Mali,2018,28.750592373076582,3801.7,35.58071808597826,22.698015581055174
Mali,2019,28.629621341219792,3971.5,35.480418877283824,22.535324595929097
Mali,2020,28.928932750011008,4343.900000000001,35.770658227635224,22.697403780218984
Mali,2021,29.410238479262674,5677.1,36.39081419610855,23.139090437788017
Mali,2022,28.524698732718893,7858.7,35.30481739631337,22.214137178434594
Mali,2023,29.156457885304658,5095.2,35.92979358678955,22.687053827444956
Mali,2024,29.400403376865928,9622.1,36.10672864494745,22.952530164076094
Mali,2025,28.59145864885854,5315.7,35.03556772189942,22.72949404483626
Malta,2015,19.231146632158406,4586.0,23.323622567844343,15.542551027155566
Malta,2016,19.653854900506737,2342.0,23.717100084750253,16.19291765492915
Malta,2017,19.26402585765489,3264.0,23.28674283154122,15.62134129044029
Malta,2018,19.577833461341527,5207.0,23.402940215760015,16.315800089684963
Malta,2019,19.279580133128523,5068.0,23.28067076292883,15.925253456221197
Malta,2020,19.417154554443208,792.0,23.308869113830177,16.0586234705228
Malta,2021,19.790874935995905,1892.0,23.590384664618533,16.432123655913976
Malta,2022,19.791077188940093,2454.0,23.643477982590884,16.330809651817717
Malta,2023,19.848937532002047,3387.0,23.892419994879674,16.426377368151563
Malta,2024,20.37894419725621,3160.0,24.328665801507846,16.95957174638487
Malta,2025,20.064966717869943,7294.0,23.95056643625192,16.642195340501793
Marshall Islands,2015,28.06617959549411,10651.7,31.061424774439633,25.628072360035294
Marshall Islands,2016,28.266524533432207,7965.0,31.19112712930103,25.747321332933126
Marshall Islands,2017,28.456454173067076,7835.7,31.12756425718734,25.657607855717295
Marshall Islands,2018,28.1586283922171,11064.2,30.89923797989638,25.57834069576718
Marshall Islands,2019,28.383487583205323,8703.9,31.081941039587036,25.986683737100865
Marshall Islands,2020,28.52138116425658,10926.0,31.10167887335568,26.02604122784181
Marshall Islands,2021,27.396748276303477,17361.5,30.579090704103912,26.062040972921118
Marshall Islands,2022,27.272306067588328,20708.3,30.17314473459635,25.8368647593446
Marshall Islands,2023,27.783495797064344,19004.6,30.370326847584913,26.16192566990954
Marshall Islands,2024,28.016732850259917,16485.4,30.151835482358,26.507502512414412
Marshall Islands,2025,27.738112945895203,16523.6,29.576134814377244,26.32798155901568
Martinique,2015,27.03671146953405,0.0,30.446690965586964,24.27808552184711
Martinique,2016,27.10792584352985,0.0,30.625712581881103,24.289976517117786
Martinique,2017,26.445286738351253,0.0,30.36553291576178,20.349433519607324
Martinique,2018,26.66717662482123,0.0,29.941801075268817,23.83697375390646
Martinique,2019,26.896031746031746,0.0,30.480668202764978,23.973627112135173
Martinique,2020,26.2101928068224,0.0,30.67643987146212,18.53302249412928
Martinique,2021,26.394965437788017,1874.0,30.161481054787505,19.423292370711728
Martinique,2022,25.594910394265234,7979.0,30.186603302611367,19.03307411674347
Martinique,2023,26.267387096774193,10902.6,30.71642089093702,18.98390015360983
Martinique,2024,26.730895130391794,12264.4,31.08209794833766,18.7013925967124
Martinique,2025,26.541077316948286,14423.8,30.3101181515617,21.292942268305172
Mauritania,2015,27.8324817534584,564.0,33.97013258616305,22.03746187277503
Mauritania,2016,27.94425985982982,1817.1,34.174897492334644,21.881409026754678
Mauritania,2017,27.87149695337057,322.7,34.32782988447644,21.61091963919269
Mauritania,2018,24.392166027520865,0.0,29.932213805952486,20.495768156667534
Mauritania,2019,24.452003488223244,0.0,30.413312692012287,20.311698188684076
Mauritania,2020,25.47922452416265,0.0,32.125372018291934,20.622124814608824
Mauritania,2021,26.040554488820618,69.8,32.58889998293224,20.878964840416455
Mauritania,2022,26.026388373913402,606.1,32.129096468150976,21.24091780770521
Mauritius,2015,22.419636457011897,18011.3,26.068817067520463,20.01524899151577
Mauritius,2016,22.053013340558834,15046.0,25.788118313456412,19.52966097492723
Mauritius,2017,22.667414905077003,16812.9,26.33933156769932,20.045651845265436
Mauritius,2018,22.418653776830222,29049.3,26.210966633021602,19.883840027781446
Mauritius,2019,22.698648886328726,18784.2,26.51498461164963,20.22623857284169
Mauritius,2020,23.516707349312323,9062.9,26.60981884687441,21.562931679104366
Mauritius,2021,21.56501792114695,12478.9,24.541895225294418,19.347583781362008
Mauritius,2022,21.250965949820788,14592.9,24.566490143369172,18.796603686635944
Mauritius,2023,22.30104313876088,19013.2,25.786213517665132,19.560788786482338
Mauritius,2024,22.178973056482512,15554.1,25.67282140650105,19.481119021134596
Mauritius,2025,22.14886315924219,17077.2,25.907757936507938,19.41476849718382
Mayotte,2015,27.370544674859193,8465.0,30.377841629209446,24.6762068215318
Mayotte,2016,27.180184155234212,9826.0,30.375835854260956,24.36993903671138
Mayotte,2017,27.412468505570565,9886.0,30.712366959761287,24.60075212271764
Mayotte,2018,27.20131912442396,6683.0,30.660120908887595,24.27561640900526
Mayotte,2019,27.771745391705068,5194.0,30.93208461341526,25.098636624468103
Mayotte,2020,26.710978556420717,8376.0,30.634724407189648,21.023204724147437
Mayotte,2021,26.366395289298513,10712.0,30.371947644649257,20.76124295954941
Mayotte,2022,26.40293458781362,12985.0,30.318417178699438,21.111492575524835
Mayotte,2023,27.178443420378905,9167.0,31.252259984639018,21.58888632872504
Mayotte,2024,27.297896428130016,10957.0,31.266953405017922,21.301180125183183
Mayotte,2025,27.319619881879337,10203.0,30.779309937374457,22.218072295088422
Mexico,2015,17.887997136990602,1587.7,25.47348455971216,11.025218812118453
Mexico,2016,18.064939027719742,1868.9,25.7813293649679,10.964208564827077
Mexico,2017,17.93532788346444,1383.7,25.061084160531784,11.6626244600769
Mexico,2018,18.16349385763931,1119.4,24.899476606867946,12.220977281066416
Mexico,2019,18.68484176765091,1178.8,25.75658830259413,12.205564816754334
Mexico,2020,18.922294827784537,1332.2,26.235949714897725,12.147195004924457
Mexico,2021,18.329324948796724,5444.3,25.513117191500257,11.553863863287251
Mexico,2022,18.445854390681003,5789.5,25.68778537881597,11.342341382400198
Mexico,2023,18.85815501792115,5460.7,26.170903865847414,11.804516065028162
Mexico,2024,19.059779074101236,6549.1,26.594128941486563,12.419019039945347
Mexico,2025,18.517228334613417,8386.0,25.943422990021887,12.088723820981215
Micronesia,2015,27.53681623413372,19053.8,30.827317748335897,24.775431547619046
Micronesia,2016,28.32252094920282,15833.0,31.4677718298109,25.018410270671115
Micronesia,2017,28.146539511862095,20666.9,30.929834464194983,25.362103818322534
Micronesia,2018,27.875273156183294,17952.9,30.81873573067981,24.87781962029611
Micronesia,2019,27.890767537122375,19232.6,30.74044245117402,24.77521029917343
Micronesia,2020,27.85805660610555,22327.4,30.558126754595055,24.868162111340645
Micronesia,2021,27.597105136414555,28977.4,30.187425384956438,25.063554392691863
Micronesia,2022,27.561996998919042,32542.6,30.083245789952777,25.04263263071059
Micronesia,2023,27.840773169482848,32274.6,30.270761888760884,25.425441228238608
Micronesia,2024,28.21040955967483,27017.3,30.692693287159653,25.63800969194242
Micronesia,2025,27.88771009344598,34419.1,30.350487043824476,25.56764930766664
Moldova,2015,11.145405999317289,860.8,15.947061538099359,6.829138749950604
Moldova,2016,10.824019991235632,2140.5,14.767079756506007,6.944838402424496
Moldova,2017,9.635499018603857,2141.9,13.994982031769574,5.983385772052746
Moldova,2018,9.985870658049302,1884.1,14.356528837280614,6.383378240602599
Moldova,2019,10.57250957525151,1527.6000000000001,15.176106991873121,6.124603799258537
Moldova,2020,10.688381114035419,1536.5,15.24670172203744,6.256058971419491
Moldova,2021,10.190978174603174,6007.8,15.340525844412664,5.21720863790455
Moldova,2022,11.358175744213147,4284.8,16.76498986748945,6.100549417783427
Moldova,2023,12.423621287762417,4848.5,17.874362199180744,7.0199312596006145
Moldova,2024,12.717220955118433,5545.9,18.184561393510087,7.355815384721021
Moldova,2025,11.862003500531726,4402.9,17.099997861150072,6.651799548910261
Monaco,2015,16.78176523297491,5453.0,20.36637736815156,13.633876088069636
Monaco,2016,16.6329653318502,4849.0,20.00381660840087,13.499736160892075
Monaco,2017,16.635243215565797,4144.0,20.046820916538657,13.36769073220686
Monaco,2018,16.316102150537635,9046.0,19.844258832565284,13.025191158900837
Monaco,2019,14.806278161802355,7978.0,19.79030529953917,10.82687788018433
Monaco,2020,14.5915168087999,6515.0,19.560569150908417,10.559203435916451
Monaco,2021,14.563447260624681,6026.0,19.021364567332306,10.337249743983614
Monaco,2022,15.700874295954941,4666.0,20.133075396825397,11.545046082949309
Monaco,2023,15.491001024065541,3388.0,20.017946748591907,11.149889272913466
Monaco,2024,15.650685638363615,10377.0,19.701666048696083,11.554746632060313
Monaco,2025,16.064125704045058,8414.0,19.674989119303635,11.916472094214031
Mongolia,2015,1.586647069034818,677.9,8.326161050751937,-4.415365274643137
Mongolia,2016,0.2898307609740753,824.5,6.641883930563939,-5.2309333912959906
Mongolia,2017,1.8569045965098012,465.6,8.658105080542214,-4.1078122992188
Mongolia,2018,0.7365775071911855,767.5,7.411582391235806,-5.128071240862804
Mongolia,2019,0.8973241802687068,789.2,7.736290516582309,-5.13299306160537
Mongolia,2020,1.2296303774474613,752.2,8.053593674931673,-4.645442726594429
Mongolia,2021,1.5755448352413712,829.3,8.23047740637293,-4.434734446124317
Mongolia,2022,1.8607297381402235,213.1,9.183030600937535,-4.915825303676302
Mongolia,2023,2.6427581748339306,365.0,9.460109652177382,-3.937335768862215
Mongolia,2024,2.0564520442270893,304.3,8.264577820826522,-4.825568367875185
Mongolia,2025,4.785663299487823,346.6,11.56582042091397,-2.226209967092729
Montenegro,2015,14.943851667698688,2664.2000000000003,20.160052219333224,9.834661454844007
Montenegro,2016,15.661046385883846,3151.9,21.068506428383163,10.87392006681092
Montenegro,2017,15.561721910885021,5499.5,20.684833085751688,10.365524498970945
Montenegro,2018,16.236242284999708,6758.8,21.792310811193012,11.262478745549737
Montenegro,2019,15.467764681912419,7465.2,20.95027253426657,10.511329073363177
Montenegro,2020,14.91155203648176,5330.5,20.68562443564745,9.938621475552546
Montenegro,2021,14.908146681387608,16920.9,19.42860423067076,9.832488399257553
Montenegro,2022,15.761077028929853,13811.1,20.400707005248336,10.256961005504353
Montenegro,2023,15.702091733870967,15130.2,20.43731686827957,10.600941420250896
Montenegro,2024,16.411247425122564,13424.5,21.586929458657767,11.003870118032381
Montenegro,2025,15.926781153993856,13540.300000000001,20.93578606876994,11.005890296979006
Montserrat,2021,26.175068484383,4734.0,28.362496159754226,24.461294802867386
Montserrat,2022,26.07842485919099,6084.0,28.180709165386585,24.222677291346645
Montserrat,2023,26.66229262672811,6277.0,28.738840885816693,24.747740015360982
Montserrat,2024,27.24598071931776,6726.0,29.287056059439262,25.291850747955678
Montserrat,2025,26.430167857699416,5695.0,28.281045938244397,24.712333756316927
Morocco,2015,18.46010569215422,1899.2,24.566844023454408,12.758705280406456
Morocco,2016,18.736180756395996,2722.5,24.62269467716432,13.161158622372286
Morocco,2017,18.98730414746544,1504.3,25.481675284632423,12.997186414185544
Morocco,2018,17.62351900921659,5899.6,23.09234877406407,12.533089676799744
Morocco,2019,17.988074244751665,2018.5,23.942556451612905,12.412624935995904
Morocco,2020,18.781941200098874,2025.2,24.710025923866024,13.239022648621926
Morocco,2021,18.405990335381468,2912.9,24.13620596518177,13.014624679979518
Morocco,2022,19.316994623655912,2968.7,25.26770174091142,13.913719598054277
Morocco,2023,19.285519265232974,2576.8,25.224522017409114,13.633293202764976
Morocco,2024,19.507074725819066,3536.6,25.468205834697848,14.144501325810786
Morocco,2025,19.28568618209747,5881.5,25.071387085137086,13.973070596518177
Mozambique,2015,24.20528876552379,1527.3,29.44877208097533,19.269954282448364
Mozambique,2016,24.281786907124314,2335.4,29.453127316738765,19.305598375116706
Mozambique,2017,24.052650988651056,4574.1,29.346142016086056,19.210958468376386
Mozambique,2018,24.13492531597339,4478.2,29.667214017352325,19.216072918665894
Mozambique,2019,24.46257812326762,4452.900000000001,30.082974997175956,19.719740504847202
Mozambique,2020,24.109660988094756,2367.7,29.498976034692127,19.557747976913785
Mozambique,2021,24.043588453661034,5729.6,29.08734043778802,19.83235055043523
Mozambique,2022,23.904279697900666,9555.7,28.893613159242193,19.73114093701997
Myanmar,2015,28.60518102539889,996.8,34.25399384643135,22.482286497171845
Myanmar,2016,28.690155571996204,187.0,33.99508339187616,22.317584541062804
Myanmar,2017,28.41462307112249,1423.0,33.3889378340618,21.905993638767924
Myanmar,2018,28.087914652326674,3219.6,33.279185798723404,22.374883851231854
Myanmar,2019,28.514875192012287,2224.6,34.31052707373272,22.911429531490015
Myanmar,2020,28.278209650934897,1673.6,34.3874437646768,23.070488969225064
Myanmar,2021,27.840052540111337,11677.8,33.57045933186029,22.81742816407245
Myanmar,2022,27.782486489775742,15449.6,33.45364370905945,22.838272302432284
Myanmar,2023,28.060175828395874,16875.9,33.7379459256821,23.13737610635652
Myanmar,2024,28.073861648760612,17346.4,33.789830691905216,23.105123275699842
Myanmar,2025,27.394385469241463,17653.8,32.78336346097579,22.992477095676982
Namibia,2015,22.246028343757104,919.9,30.383980486858157,15.65100275273161
Namibia,2016,22.9804645190381,962.9,30.003591748945265,15.850452169942887
Namibia,2017,22.32791496210534,860.3,28.988894975170098,15.556635978653038
Namibia,2018,22.557317007486965,586.2,29.082821599345422,16.08984192220314
Namibia,2019,23.056226525424044,309.40000000000003,30.655467023791047,16.533891664722162
Namibia,2020,21.57153099471325,499.4,29.359187099216186,14.959244777936801
Namibia,2021,21.44144804696072,2915.1,28.38854399824446,15.257602315119595
Namibia,2022,21.463709301522282,2911.1,29.390936368017318,14.867508923439189
Namibia,2023,21.772482078853045,1986.6,29.466657980396462,15.591477214541731
Namibia,2024,22.07043632086378,1570.8,29.9591997590292,15.413485673268765
Namibia,2025,21.06229522630335,3833.6,27.916547756199254,15.081830327250833
Nauru,2018,28.213662430759204,0.0,28.76461550993809,27.626379928315412
Nauru,2019,28.144304915514592,0.0,28.734745396119145,27.524974641135653
Nauru,2020,28.03643140272367,0.0,28.65218141609966,27.405286471834717
Nauru,2021,27.821347030209935,7916.0,28.716245647721454,27.056207245263696
Nauru,2022,27.73980491551459,3537.0,28.669228494623656,26.983805939580133
Nauru,2023,28.186345750128005,24965.0,29.405140809011776,27.14634882232463
Nauru,2024,28.79536059375881,11334.0,30.82941448607559,27.12578619326951
Nauru,2025,28.25849078341014,5573.0,30.053304002760523,26.925962037222558
Nepal,2015,18.067139361534522,2726.6,26.090637560591677,12.847709418521314
Nepal,2016,18.59727598566308,2601.0,26.2210297817681,13.351425226540167
Nepal,2017,18.594689580133128,2036.4,26.063444965305365,13.233090615577176
Nepal,2018,19.490938647826855,1427.4,26.259434863225188,14.501267670347204
Nepal,2019,20.02148985535074,2499.0,26.932330549155143,15.01739219172096
Nepal,2020,19.727315458534175,369.0,26.137592077617104,15.069456185885551
Nepal,2021,21.860811251920122,11630.6,28.37739991359447,17.085834213389656
Nepal,2022,21.963652622733374,14822.0,28.51015235181948,17.2828287658686
Nepal,2023,22.22294210829493,12338.9,28.91856126792115,17.121090869815667
Nepal,2024,22.303208800046374,14606.9,28.627662325555352,17.412189625924444
Nepal,2025,22.144143265168967,13025.4,28.22953565028162,17.414678659434205
New Caledonia,2015,22.7643812761438,0.0,28.16025273438317,18.09909360774759
New Caledonia,2016,23.160256606876356,0.0,28.663602000169508,18.096431260995764
New Caledonia,2017,22.972428804929685,0.0,28.716392325448698,17.994401939922508
New Caledonia,2018,22.69354270738531,0.0,26.742144521933895,19.051439404207432
New Caledonia,2019,22.942985791090628,0.0,25.573495285767255,20.714696510231825
New Caledonia,2020,23.3915870745777,0.0,26.53622687014829,20.825855581229806
New Caledonia,2021,23.382378284045004,10605.3,26.37825867251417,20.74233022974773
New Caledonia,2022,24.332630852819026,18591.7,27.220854099106784,21.723522927689594
New Caledonia,2023,23.11752176139273,12381.0,26.26194046196734,20.18187532002048
New Caledonia,2024,23.58457966057511,9574.4,26.55054683178277,20.994484341400053
New Caledonia,2025,24.01163366899926,14881.8,26.63775573810637,22.004925622292966
New Zealand,2015,14.185655081925242,4532.5,17.98013859829558,10.767793101159496
New Zealand,2016,14.80395944053063,5791.3,18.498870143781158,11.48614206113789
New Zealand,2017,14.542997738521933,6479.3,18.138182923707117,11.340297619047618
New Zealand,2018,14.3437662513608,7258.9,17.971887886554182,11.107430559491183
New Zealand,2019,14.107793504498575,5349.2,17.885711085509474,10.667650866798331
New Zealand,2020,13.905637582228593,4917.8,17.815148324427014,10.341422119509357
New Zealand,2021,14.17767850031291,10054.7,17.82432240996757,10.745667918302328
New Zealand,2022,14.474465636911873,12417.0,18.09388725322865,10.944863102349663
New Zealand,2023,14.1039412300165,12280.0,17.692886869204074,10.57905188598737
New Zealand,2024,13.904797854955438,8543.8,17.74497802771255,10.128862384817149
New Zealand,2025,14.217694572452636,11259.0,18.004391392160212,10.60814821926381
Nicaragua,2015,28.392621629853277,0.0,33.59345244238046,24.071667239995417
Nicaragua,2016,28.17644357928563,0.0,33.285295868037096,23.870230373914584
Nicaragua,2017,27.525397465437788,0.0,32.604116555529096,23.401003600945554
Nicaragua,2018,27.431162314388118,0.0,32.5762628513488,23.036106866628938
Nicaragua,2019,27.894178827444957,0.0,33.17300307219662,23.467331669226827
Nicaragua,2020,27.48423124459276,0.0,32.48241811889754,23.4006742059078
Nicaragua,2021,25.812209901433693,5478.4,31.351109511008705,21.602630088325654
Nicaragua,2022,25.41915361755566,15290.6,30.72673845057118,21.474428195128624
Nicaragua,2023,26.2393998015873,12004.2,31.686399769585254,22.119927995391706
Nicaragua,2024,26.379090674110838,16723.0,31.70148626547171,22.417868492690516
Nicaragua,2025,25.92425108250406,9923.4,31.337150495892605,21.995420249504665
Niger,2015,29.96704430513184,2702.6,36.20024994124678,22.691924253669185
Niger,2016,30.54677500317923,3174.5,36.50434050077722,23.3291411013397
Niger,2017,30.12926232213673,3029.1,36.15904265523388,22.706540424159787
Niger,2018,30.256544985415534,3381.2,36.41115279934221,22.684029644683672
Niger,2019,30.223590663372338,3172.8,36.36143165651182,22.808580670931004
Niger,2020,30.06108914472891,4158.3,36.21389280441308,22.877525415970954
Niger,2021,30.542889856061898,2774.2,36.98222442680776,22.639966077828984
Niger,2022,29.628466035159583,4273.1,35.761664035387156,22.13562112419639
Niger,2023,30.44412997098481,3404.8,36.83951200432383,23.002510596233716
Niger,2024,29.473666694132024,4976.0,36.007842149713674,22.606245340697974
Niger,2025,29.42667605393412,3780.2,36.44653442586609,22.594948782009403
Nigeria,2015,27.486566102311905,1029.3,33.066260648816204,23.045892781473626
Nigeria,2016,27.450007110951862,901.9,32.66936154730925,22.85857291031669
Nigeria,2017,27.997557272684027,650.5,32.344324555038185,22.501322371991233
Nigeria,2018,26.813061241758046,1598.5,32.53010402497926,22.03821807963844
Nigeria,2019,27.268400793650795,1013.3000000000001,33.036165340036305,22.521474589426578
Nigeria,2020,27.37096675428607,947.6999999999999,33.30116260414026,22.299329775478327
Nigeria,2021,26.988085454611955,7121.1,32.78560108989833,22.27217266476483
Nigeria,2022,26.494640952784525,8652.1,32.356350448596196,21.704901216140886
Nigeria,2023,27.060987400336476,9228.2,33.02851007607344,22.168678681149878
Nigeria,2024,27.208275346338933,7612.2,33.1052017907867,22.4973337110467
Nigeria,2025,26.9209790539638,8429.3,32.745540985678986,22.3764353900513
Niue,2015,25.35,0.0,27.912444156426012,21.783394137224782
Niue,2016,24.958845238095236,0.0,28.0,22.0
Niue,2017,24.772368387996057,0.0,27.25,21.5
Niue,2018,24.66048792011661,0.0,27.730254992216715,21.608993956601612
Niue,2019,24.609934075780853,0.0,27.656204721204723,21.603667427580472
Niue,2020,24.809746678653333,0.0,28.009137932146075,21.8962597438681
Niue,2021,24.65767857142857,18688.0,27.952667690732206,21.61673579109063
Niue,2022,24.819162186379927,20193.0,28.231643625192014,21.787858422939067
Niue,2023,24.56222350230415,23261.0,27.602211341525855,21.778929851510497
Niue,2024,25.072880263181524,17138.0,28.077770232726664,22.433112937029325
Niue,2025,24.752198220686125,21873.0,27.872220622119816,21.94064260112647
Norfolk Island,2015,19.10460332909582,8.0,21.31242434475054,17.002387103662826
Norfolk Island,2016,19.706623717711036,0.0,21.88455316312658,17.624453493299434
Norfolk Island,2017,19.383635432667692,0.0,21.686619943676394,17.25867255504352
Norfolk Island,2018,19.293136200716848,0.0,21.609215044935286,17.19576184737892
Norfolk Island,2019,19.268968253968257,195.6,21.73676917847941,17.102617366874874
Norfolk Island,2020,19.32850203930293,1876.3999999999999,21.86896953405018,17.118249907304413
Norfolk Island,2021,19.379294674859192,3722.0,21.8805120327701,17.159234511008705
Norfolk Island,2022,19.71044226830517,7248.400000000001,22.19832757296467,17.581794034818227
Norfolk Island,2023,18.955675243215566,2857.2,21.594420122887865,16.626138632872504
Norfolk Island,2024,19.724276356445433,1897.2,22.563117352614015,17.368257013966133
Norfolk Island,2025,19.99524641577061,3173.2,22.591287762416794,17.75912058371736
North Korea,2015,11.615364968705983,1573.3,16.59657126028094,6.073978188828022
North Korea,2016,11.812985003913814,1964.5,17.109348041033247,6.6538175794975025
North Korea,2017,10.831827576138426,922.0,13.060108004685112,6.14193645752596
North Korea,2018,13.253021361852007,1388.2,19.714250639545767,9.152004599784119
North Korea,2019,12.109091114669534,972.1,15.685976458294917,7.91464261427716
North Korea,2020,11.234471171672228,4105.5,15.765904013718947,7.274550462180468
North Korea,2021,11.194529996586448,3122.0,15.577167097774717,7.3533021846731526
North Korea,2022,10.669041716447632,6175.599999999999,15.097429548083669,6.729737678026209
North Korea,2023,11.584963304318144,5407.4,15.847106019229674,7.68253648233487
North Korea,2024,12.154989434933096,4600.8,16.296135945547228,8.477316105628017
North Korea,2025,11.569962770950674,7709.3,15.740108309154007,7.80703458354668
North Macedonia,2015,13.071421997959156,2744.4,19.494901552604613,7.472775932939983
North Macedonia,2016,13.203411618533526,4271.5,19.63924852834602,7.580166190024712
North Macedonia,2017,13.235109935317785,2819.1,19.733287987647834,7.268410889682881
North Macedonia,2018,13.77633360766453,3681.1,20.08874930761091,8.33158617408351
North Macedonia,2019,13.851772404506505,2567.7,20.275184833902436,8.085355400023028
North Macedonia,2020,13.601466853922377,3107.2,19.590594072837174,7.445139876009371
North Macedonia,2021,12.968415898617511,6643.6,19.30447964669739,6.987475614439323
North Macedonia,2022,13.159596198156683,5581.9,19.43534312596006,7.28035803891449
Northern Mariana Islands,2015,27.3875,10574.9,30.09266545058884,24.74608870967742
Northern Mariana Islands,2016,28.229450323339215,11340.7,30.89375355333086,25.028296873068843
Northern Mariana Islands,2017,28.169982992776653,9786.0,31.24613887564666,25.691308111305332
Northern Mariana Islands,2018,27.664892249164975,12964.0,30.625208377474088,25.233903874675566
Northern Mariana Islands,2019,27.606064962084695,12708.5,30.869883380122534,24.867638398926495
Northern Mariana Islands,2020,28.392785811395377,8637.3,31.719388518106538,25.94209708317884
Northern Mariana Islands,2021,28.25225669299978,11741.9,31.335930070953115,25.88731338234218
Northern Mariana Islands,2022,27.877266659351914,12605.9,30.780197132616486,25.560864329602808
Northern Mariana Islands,2023,27.901936672518467,14075.8,30.649014702655254,25.6614581961817
Northern Mariana Islands,2024,28.16629991648504,13029.6,31.0622552836485,25.95891766866183
Northern Mariana Islands,2025,28.037542882744496,10605.9,30.853834211103795,25.824317716333844
Norway,2015,7.933221468943243,5880.0,11.214967518583258,4.821430317857584
Norway,2016,7.590507187341216,4733.9,10.850858776065117,4.501741910716002
Norway,2017,7.485548839539523,5868.8,10.614879277956076,4.486909943010889
Norway,2018,7.786855340520377,4683.4,11.227406828796953,4.348327702997081
Norway,2019,7.636768600914596,5778.6,10.929314758412739,4.4983061796568
Norway,2020,8.868757977050665,6011.5,12.166702509030223,5.641149735528285
Norway,2021,7.435900921658986,9409.9,10.862563044034818,4.113151753712238
Norway,2022,8.154462749615975,9305.0,11.47000033105567,4.832966770838851
Oman,2015,29.17683504942514,885.5,33.866017968833816,24.784677753788113
Oman,2016,28.60411839487575,572.6,33.251812935676526,24.40021939020692
Oman,2017,28.836092503932758,324.3,33.70075423887744,24.4626940287768
Oman,2018,28.972947113410175,892.1000000000001,33.833142581706156,24.48657340289088
Oman,2019,28.50436464426334,627.0,33.20577450752983,24.337769217934504
Oman,2020,28.294184254866206,1016.1999999999999,33.091644897706956,23.965449302083446
Oman,2021,29.040610416209493,682.0,34.17727671713847,24.399694517591982
Oman,2022,28.854937805674737,674.9,33.61956580630027,24.4533102697883
Oman,2023,28.87126289225368,713.9,33.41003657376929,24.836002487016312
Oman,2024,28.95785689447781,1019.0,33.373477524933705,24.9291013090014
Oman,2025,28.607132616487455,235.2,33.21591589861751,24.276116585250275
Pakistan,2015,23.64484072712041,437.5,29.700490349202866,19.106954289556302
Pakistan,2016,25.027276108536036,532.5,31.325760195772627,19.73880826296634
Pakistan,2017,24.651757930701105,245.8,30.88545784321509,19.419510071568297
Pakistan,2018,24.55826272071585,192.7,30.845959814322352,18.646866400694837
Pakistan,2019,23.7467647359873,702.4,28.780524816682714,19.53195170828832
Pakistan,2020,24.439505743963394,749.1,30.17588239035942,19.7699638700792
Pakistan,2021,24.146788754480287,1643.6,30.32625928059396,18.409984238991296
Pakistan,2022,24.4018655593958,4786.6,30.465211453533026,18.69951012864823
Pakistan,2023,23.853751360087045,4022.6,30.038406698028677,18.19130400345622
Pakistan,2024,24.057974396338377,4068.8,30.300792203132477,18.30052142784235
Pakistan,2025,24.314110343061955,4086.5,30.7189845750128,18.451441532258062
Palau,2015,27.671183543149063,0.0,29.91333333333333,25.529999999999998
Palau,2016,27.481666959688386,0.0,30.393376068376067,25.006390831390835
Palau,2017,26.974109772159338,0.0,30.01010692738634,24.538162123823888
Palau,2018,27.129011234029914,0.0,30.110634531590417,24.788190553999378
Palau,2019,26.977069173038892,0.0,29.508402203856747,24.44090909090909
Palau,2020,27.07753746531555,0.0,30.109926516719995,24.647901766108287
Palau,2021,26.84322452636969,39371.4,29.66600102406554,24.467172299027137
Palau,2022,25.979125704045057,36754.2,28.777094214029695,23.70667562724014
Palau,2023,26.777212621607784,34513.2,29.601436251920124,24.379064260112646
Palau,2024,27.78607188054259,32305.5,31.10648335652044,25.284402131945697
Palau,2025,27.379136264720938,34620.3,30.355919098822323,25.047896505376343
Palestine,2018,20.789139784946236,0.0,26.220448028673832,16.295985663082437
Palestine,2019,17.94918202764977,0.0,23.54884216589862,12.445681643625193
Palestine,2020,18.133991472005935,0.0,23.790324125571622,12.353724508713386
Palestine,2021,18.427397593445978,0.0,24.394829749103945,12.527036610343062
Palestine,2022,17.735313721130787,0.0,23.398335893497187,12.091654505888378
Palestine,2023,18.492992191500253,0.0,24.219269073220687,12.903381976446493
Palestine,2024,18.662613706587567,0.0,24.624291187739466,12.932047954517365
Palestine,2025,20.123070756528417,263.0,26.850972702252943,14.01476558499744
Panama,2015,28.030933354777442,0.0,32.45816952354491,24.905890022000705
Panama,2016,27.2571849208311,0.0,32.044648201947055,23.63946099930295
Panama,2017,26.818813467239032,0.0,31.615640050682405,23.187132274031587
Panama,2018,26.621515616999485,0.0,31.28623649292865,22.948904879726626
Panama,2019,27.016710807918674,0.0,31.32202346041056,23.555376344086024
Panama,2020,26.978179601695263,0.0,31.07372411087032,23.769878295905222
Panama,2021,26.43176549352256,21877.0,30.76512275192692,23.3278478990797
Panama,2022,26.270117056380496,22947.2,30.607102524753152,23.006170340648925
Papua New Guinea,2015,28.014814814814816,302.7,30.79,24.009999999999998
Papua New Guinea,2016,27.867058823529412,389.6,29.00980185980561,21.46170653680456
Papua New Guinea,2017,27.155555555555555,36.6,29.00980185980561,21.46170653680456
Papua New Guinea,2018,27.245422043010752,26.4,31.45814760508309,23.396147360703814
Papua New Guinea,2019,27.335461281286708,12.200000000000001,30.708648983879797,23.388293871497428
Papua New Guinea,2020,27.395745700350815,7.1,31.505543340260683,24.05867240451266
Papua New Guinea,2021,24.455776060702366,8069.7,28.68920050607377,21.46170653680456
Papua New Guinea,2022,24.259271841769966,7361.1,29.00980185980561,20.828966705962205
Papua New Guinea,2023,23.76119374839164,7031.6,28.53634820666618,20.192486699339234
Papua New Guinea,2024,24.30122060360592,6754.6,28.808485170597194,20.39719041130466
Papua New Guinea,2025,23.552655644443306,10772.3,28.147854058304475,20.29694906369214
Paraguay,2015,23.544082011756544,17715.1,29.88845245482191,18.987240350988362
Paraguay,2016,22.328817926784755,14129.3,29.256767817377224,17.32287045698816
Paraguay,2017,23.411306211045783,14457.9,30.259335066792783,18.476323590634784
Paraguay,2018,22.7140486369825,15230.1,29.360780340392882,17.832557385153883
Paraguay,2019,23.48371095750128,11855.4,29.299122083473627,18.432623315539704
Paraguay,2020,23.82159378279001,10300.6,30.907266968109717,17.994606663766522
Paraguay,2021,22.920936891961087,11139.5,29.779443740399383,17.608294546850995
Paraguay,2022,22.672232462877624,14701.4,29.73201388888889,17.220867511520737
Paraguay,2025,22.025881976446488,1694.4,28.05675243215566,17.4848835125448
Peru,2015,21.29047159313721,2737.5,26.72848740534123,17.74065374912787
Peru,2016,21.106395808706754,2793.8,26.803319905892568,17.232866424591528
Peru,2017,20.684861324055856,3899.5,26.137592699858804,17.17544620148593
Peru,2018,20.177484684432756,1973.4,25.392410673748827,16.66821063548205
Peru,2019,20.529519187005743,564.1,25.161347942646874,17.11977931815019
Peru,2020,20.947088892590102,412.6,25.866890655887914,16.756812548162586
Peru,2021,20.309368137338566,3489.0,24.80284910678728,16.556452395175512
Peru,2022,19.762993635883884,5147.1,24.48245474101147,15.900651878042034
Philippines,2015,28.04331924310755,11626.6,32.47520173751221,24.217383784778868
Philippines,2016,28.43359257199357,13864.199999999999,32.69011559282889,24.804787694797138
Philippines,2017,28.026819396441372,13846.1,32.08533606558251,24.562809826451996
Philippines,2018,28.064478606630825,14751.6,32.075851559109964,24.6518653553457
Philippines,2019,28.23025841653866,10853.2,32.35709856646151,24.801568191277493
Philippines,2020,28.329363142689406,12991.6,32.487699314825115,24.952939380084246
Philippines,2021,27.824860806539895,16815.3,32.08175217723475,24.60814975714185
Philippines,2022,27.78943887608807,22090.4,31.937443212074662,24.67188618617046
Philippines,2023,27.825999039938555,22721.8,31.83374814388121,24.661720046082948
Philippines,2024,28.20347837050136,19228.6,32.25301688881917,25.032487208744577
Philippines,2025,27.667507552483357,23779.3,31.338026817716337,24.85819398219264
Pitcairn Islands,2018,20.602724014336918,0.0,21.160465949820786,20.00635304659498
Pitcairn Islands,2019,20.880042728251848,0.0,21.509977488214417,20.246029538993945
Pitcairn Islands,2020,21.270052818375955,0.0,21.7161789021164,20.62337103505659
Pitcairn Islands,2021,21.675394728710913,0.0,22.20946034247341,21.15230651144815
Pitcairn Islands,2022,21.506126264203672,0.0,21.995258997240786,20.992617996707796
Pitcairn Islands,2023,21.66305342208568,0.0,22.277020953956438,20.98183439022149
Pitcairn Islands,2025,20.25246233251751,841.1999999999999,20.95483553703418,19.444169776648554
Poland,2015,10.033042081165343,1531.2,14.530269528867372,5.63492951114955
Poland,2016,9.440183407600156,1924.0,13.598197301709538,5.361471663629444
Poland,2017,9.130606641462544,2131.2999999999997,13.17606826722872,5.29559470869728
Poland,2018,10.063713562227447,1452.9,14.615808889922679,5.568435873787099
Poland,2019,10.425795997610512,1587.8,14.954541019514137,6.0763041190191736
Poland,2020,10.08975679424326,1627.8,14.475084215658,5.7545994863977805
Poland,2021,8.809879245605051,3553.5,13.062311614610003,4.682163480684986
Poland,2022,9.751140126301417,4287.8,14.187817246970473,5.329767451783581
Poland,2023,10.239833518234056,6601.5,14.53261286055641,5.950884821072993
Poland,2024,11.109928761724277,5714.1,15.525315645641934,6.7994356555294635
Poland,2025,9.706535529384992,4789.3,14.18797903510269,5.3024032826989815
Portugal,2015,16.816279005214806,2833.4,21.156877734413314,13.408888199976369
Portugal,2016,16.846371007961665,5371.6,21.044904538732517,13.374751211720215
Portugal,2017,17.18221601976341,2625.8,21.59702521702235,13.52887573494359
Portugal,2018,16.446677857161728,4194.1,20.367484338129497,13.115042479677378
Portugal,2019,16.330453469022018,2750.2,20.389799603174602,12.955178827444957
Portugal,2020,16.65344546409591,948.3,20.607840100111233,13.377348133728836
Portugal,2021,16.34494636456733,5808.5,20.251588773681515,13.162768305171532
Portugal,2022,17.003167946748594,8144.0,21.001539319849805,13.676348011606077
Portugal,2023,17.204745903737837,6569.6,21.21056201996928,13.778786418330773
Portugal,2024,17.07669425905327,7249.3,20.873672475590162,13.778991873686811
Portugal,2025,16.867282130056324,10484.4,20.824058307731697,13.469584357398872
Puerto Rico,2015,27.04458373423811,804.0,30.495624078060114,24.571252072609138
Puerto Rico,2016,26.968890312307003,1190.4,30.14695013533229,24.551592081867696
Puerto Rico,2017,27.004795998049143,1075.2,30.190811989539156,24.52489006718117
Puerto Rico,2018,26.583936813907307,523.2,29.626749906588614,24.324418358450618
Puerto Rico,2019,27.062866286299464,345.0,30.392482251837087,24.720500685016816
Puerto Rico,2020,27.23764983314794,447.0,30.40213230750216,24.88067605981955
Puerto Rico,2021,26.401865107192947,5481.6,29.6864794964269,23.44434156481667
Puerto Rico,2022,26.27877129996785,6871.6,29.557824185110317,23.37946544517903
Puerto Rico,2023,26.906056227598565,6579.900000000001,30.290743007552482,23.8458638952893
Puerto Rico,2024,27.44775903696151,8847.3,30.795109987870347,24.5664897164677
Puerto Rico,2025,26.84977366551459,7444.099999999999,30.216611278294224,23.96945756252538
Qatar,2015,28.935390424987197,107.10000000000001,34.026749231950845,24.885150696541128
Qatar,2016,28.858485354097144,810.0,33.80539302929181,25.079799159560004
Qatar,2017,29.016651305683563,1728.8999999999999,33.674069888059044,25.103386103607182
Qatar,2018,29.320275857654888,1494.8999999999999,33.97279481610961,25.495277557073997
Qatar,2019,29.10384536610343,225.9,33.69280017921147,25.59548003072197
Qatar,2020,28.863917006550487,169.20000000000002,33.707633481646276,25.100636509702138
Qatar,2021,28.69668970814132,558.0,34.57220814132105,23.59245263696877
Qatar,2022,28.94173323092678,699.3,33.873856886840755,25.10452700972862
Qatar,2023,29.26845558115719,960.3000000000001,33.74212109575013,25.778040834613417
Qatar,2024,29.214036583858608,786.6,33.574558151032015,25.761586948461254
Qatar,2025,28.279019243898276,508.5,33.06102790578597,24.472599206349205
Romania,2015,12.560334883654777,5771.3,17.77895993343574,6.615544034818229
Romania,2016,11.794257613900927,6145.6,16.980336562812187,7.161449363555544
Romania,2017,11.705181899641577,6201.2,17.101438887462802,6.771816091444707
Romania,2018,11.985030020128185,5734.8,17.19984366006321,7.368740840793121
Romania,2019,12.523586597542243,5180.7,18.087934459805428,7.599199180747568
Romania,2020,12.59195902855024,5551.0,18.102207978000248,7.517404430849092
Romania,2021,11.261601318484384,6908.4,16.490215373783922,6.658928123399898
Romania,2022,12.318508000512033,4026.3,18.033645737327188,7.189588645673323
Romania,2023,13.174287378392217,6001.1,18.767336085509474,7.982419802867383
Romania,2024,13.439777283401309,5839.8,19.028374891855147,8.209790291682117
Romania,2025,12.396967485919099,6111.3,17.669102982590882,7.427368343573988
Russia,2015,5.769376728110599,5469.7,10.204026678767269,2.111384548098258
Russia,2016,5.2428941553715385,5842.7,9.682563578955959,1.5640859063689987
Russia,2017,4.832113786003424,5645.1,9.5071840925317,1.5217706095076318
Russia,2018,4.1759964537020915,4934.0,9.153433594156157,0.6986381944076605
Russia,2019,5.670958461341526,3389.2,9.8789708781362,1.8022935227854584
Russia,2020,6.762481800766283,2325.0,10.663249320232357,2.6796507539241134
Russia,2021,5.339495519713262,5225.5,9.528254032258065,1.0304164106502818
Russia,2022,5.458881400409626,5281.7,9.469876344086023,1.3337675371223758
Russia,2023,6.2342581925243215,4825.6,10.304280017921146,1.9894322836661544
Russia,2024,6.053957112841429,5103.1,10.058409343715239,1.933260783586701
Russia,2025,6.911680939580133,5276.6,10.754516065028161,2.9413745519713266
Rwanda,2015,21.761573106655835,301.2,28.225490671615187,16.902961524375588
Rwanda,2016,21.743759974674447,296.59999999999997,27.474072924624394,16.762793593282726
Rwanda,2017,21.28880280573736,280.4,27.19291491732668,16.718944345953137
Rwanda,2018,20.571946878788278,315.4,26.02228994347946,16.34451664728405
Rwanda,2019,21.017847542242702,437.4,26.598245007680493,16.689224270353304
Rwanda,2020,21.21082869855395,558.9,26.458898158447656,17.120926337906315
Rwanda,2021,19.704715181771633,3787.9,24.793106118791602,16.01675221880867
Rwanda,2022,19.4879312919705,3421.4,24.344310845089485,15.909328883945124
Rwanda,2023,20.027118535586276,3792.8,24.761055214200375,16.387822153951188
Rwanda,2024,20.400870251353815,3596.5,25.17662597215928,16.736128960953764
Rwanda,2025,19.64540834613415,3849.4,24.015885473481898,16.236203434700982
Réunion,2015,24.64754790620776,3912.0,28.059409675400268,21.304071453529648
Réunion,2016,23.9252688172043,1451.0,27.708903276907865,19.21713486647761
Réunion,2017,24.50862647209421,2173.0,28.28736801668717,19.308838941171164
Réunion,2018,24.585088965693803,7836.0,28.086341015786694,21.318368777134303
Réunion,2019,25.164403481822834,2717.5,28.627865143369174,21.95965341781874
Réunion,2020,23.82125880608083,915.0,27.613498331479423,18.852205691509084
Réunion,2021,24.20975582437276,1778.5,28.017135816692267,18.86035938300051
Réunion,2022,23.68709197388633,3132.0,27.668167562724015,18.428079877112133
Réunion,2023,24.396727470558115,13775.5,28.51060579877112,18.08132072452637
Réunion,2024,24.342993912989744,16478.0,28.264582560870103,19.19707020145841
Réunion,2025,24.058638312852022,10874.0,28.523219086021506,16.76887480798771
Saint Barthélemy,2015,27.613861367127495,0.0,29.605646271482847,25.947756034089366
Saint Barthélemy,2016,27.683172992037004,0.0,29.727235085830102,25.884345959346334
Saint Barthélemy,2017,27.416684617240794,0.0,29.50222317188984,25.60541070863293
Saint Barthélemy,2018,27.36171903365452,0.0,29.80431019902933,25.382552293419923
Saint Barthélemy,2019,27.660205453149,0.0,30.212871267899075,25.700759000300156
Saint Barthélemy,2020,27.894256890372016,0.0,30.60616920034606,25.80868310468422
Saint Barthélemy,2021,27.634300435227853,0.0,30.42919418842806,25.542398873527905
Saint Barthélemy,2022,27.451407450076804,3991.2,30.089626216077832,25.37910586277522
Saint Barthélemy,2023,27.79777434715822,7071.400000000001,29.912136866359447,24.848088940092165
Saint Barthélemy,2024,27.799723263944063,11021.0,30.215455643444706,23.18601857344924
Saint Barthélemy,2025,27.64745775729647,7973.0,29.674089221710187,25.532836277521763
Saint Helena,2015,20.656561044206484,0.0,19.25248194468178,15.459498902961073
Saint Helena,2016,23.29017344230157,0.0,23.753111772486772,19.71149470899471
Saint Helena,2017,20.666883152128218,0.0,18.754423436041083,15.245652427637722
Saint Helena,2018,19.762525314636402,0.0,21.842326287064193,18.185554178497725
Saint Helena,2019,23.684434594974537,0.0,25.937915673499653,22.164046559669476
Saint Helena,2020,23.91074363778017,0.0,26.256669067923795,22.453759035612766
Saint Helena,2021,22.038265488991293,1515.0,23.9525102406554,20.703342933947773
Saint Helena,2022,21.965901567585384,1477.4,23.894408491798647,20.614346937514345
Saint Helena,2023,23.81015628130635,1123.0,25.958786192925043,22.334990839065874
Saint Helena,2024,25.86121956494871,238.6,28.374905759485845,24.25212890866395
Saint Helena,2025,23.109287001844113,591.0,25.35387740637872,21.62363586241702
Saint Lucia,2015,27.82071708865229,0.0,30.149097578798628,25.792234537514144
Saint Lucia,2016,27.901111032460307,0.0,30.329481133658856,25.68117518136705
Saint Lucia,2017,27.788128239182317,0.0,30.08125972063787,25.684835427031654
Saint Lucia,2018,27.393455719387454,0.0,29.797106403547403,25.382029605981643
Saint Lucia,2019,27.33090463389657,0.0,29.95291577060932,25.04040322580645
Saint Lucia,2020,27.38890328760351,0.0,30.126450994932643,25.017099307872947
Saint Lucia,2021,27.17181419610855,8182.0,30.03643561187916,24.935588197644652
Saint Lucia,2022,27.033287250384024,10028.0,29.853886968766002,24.768735919098823
Saint Lucia,2023,27.481514976958525,8567.5,30.44522497439836,25.079458525345622
Saint Lucia,2024,28.10614488320356,8771.0,31.116938820912125,25.49206420714374
Saint Lucia,2025,27.5504349078341,8513.5,30.429204429083462,25.143880248335893
Saint Martin,2015,27.613861367127495,0.0,29.605646271482847,25.947756034089366
Saint Martin,2016,27.683172992037004,0.0,29.727235085830102,25.88434595934633
Saint Martin,2017,27.416684617240794,0.0,29.50222317188984,25.60541070863293
Saint Martin,2018,27.361719033654516,0.0,29.80431019902933,25.382552293419923
Saint Martin,2019,27.660205453149,0.0,30.212871267899075,25.700759000300156
Saint Martin,2020,27.894256890372016,0.0,30.606169200346063,25.80868310468422
Saint Martin,2021,27.634300435227853,6370.0,30.429194188428063,25.542398873527908
Saint Martin,2022,27.451407450076807,8447.0,30.08962621607783,25.379105862775216
Saint Martin,2023,27.929994239631338,7800.0,30.492770737327188,25.946019585253456
Saint Martin,2024,28.35746910147077,10887.0,30.959382956371275,26.269817698677546
Saint Martin,2025,27.874141705069125,8256.0,30.443357014848953,25.90782770097286
Saint Pierre and Miquelon,2015,5.407046961350354,1765.2,8.881439153439153,2.5335129870129873
Saint Pierre and Miquelon,2016,6.217192250648869,2053.6,9.358863243109628,3.867110148842629
Saint Pierre and Miquelon,2017,5.931233998975935,2183.6,9.274984070091596,3.625293707686181
Saint Pierre and Miquelon,2018,5.693061315924219,2564.8,8.873337102463447,3.198265986800933
Saint Pierre and Miquelon,2019,5.39367447516641,2406.4,8.78146505376344,2.8928020993343577
Saint Pierre and Miquelon,2020,6.331954022988506,1701.2,9.370828080583363,3.9269546409590905
Saint Pierre and Miquelon,2021,7.074410522273425,1791.6,10.188461341525857,4.848704557091653
Saint Pierre and Miquelon,2022,7.271885560675884,2436.4,10.457300307219663,4.734918074756784
Saint Pierre and Miquelon,2023,6.855816692268305,3249.0,9.912585125448029,4.43345942140297
Saint Pierre and Miquelon,2024,7.238682177728339,5502.6,10.195023791867506,5.012690334940056
Saint Pierre and Miquelon,2025,6.733750640040962,13393.8,9.5875,4.335554275473631
Samoa,2025,26.517842137452355,26455.4,29.748415570014103,24.1728707112351
San Marino,2015,15.603690476190476,8909.2,18.964300636902063,10.926920154820417
San Marino,2016,14.805133481646273,7678.6,18.620178696596938,10.464895878074845
San Marino,2017,15.123591909882233,5932.0,19.687284818228367,10.300010038546182
San Marino,2018,15.012059651817715,8802.8,19.16876162667514,10.659649696854869
San Marino,2019,14.77984831029186,7199.599999999999,19.251634024577573,9.884260752688173
San Marino,2020,14.592171239648993,4675.8,18.959196947225315,9.656921579532815
San Marino,2021,14.465439068100357,3603.6,18.9393990015361,9.5093305171531
San Marino,2022,15.279232590885815,5117.0,19.79036610343062,10.455785970302099
San Marino,2023,15.5843407578085,5825.0,20.0171044546851,10.794784306195597
San Marino,2024,15.683776109257199,7608.0,19.923424792979855,11.139860956618465
San Marino,2025,15.382675371223758,10301.0,19.812105734767027,10.730083845366103
Saudi Arabia,2015,27.573015839114262,513.6,33.93983324843019,21.014458894723045
Saudi Arabia,2016,27.472051869123337,175.20000000000002,33.97768541171781,20.68073700497537
Saudi Arabia,2017,27.59753913383613,197.7,34.049645323415334,20.97772996688461
Saudi Arabia,2018,27.49438940092166,404.70000000000005,33.74301171584718,21.240211553828683
Saudi Arabia,2019,26.860821683689373,295.6,32.929418622374335,20.567501088558398
Saudi Arabia,2020,27.16570284990986,157.3,33.215542365357926,20.73297511092698
Saudi Arabia,2021,28.10154864311316,369.40000000000003,34.41539164106503,21.565506720430108
Saudi Arabia,2022,27.516286738351255,601.6,33.878708909370204,21.098102982590884
Saudi Arabia,2023,27.490096134152584,1635.6,33.63461930363543,21.32498732718894
Saudi Arabia,2024,27.41192213570634,775.1,33.408966629588434,21.279832128290693
Saudi Arabia,2025,27.13959222990271,927.8,33.36165015360983,20.646570980542755
Senegal,2015,25.575901110632525,3264.9,30.06966314347001,22.284969519127415
Senegal,2016,25.786627989023405,1853.8000000000002,30.450623088213813,22.426641197775943
Senegal,2017,26.017325309762594,1487.1,30.78396343112202,22.380909009306343
Senegal,2018,24.83698191923848,978.3,29.238933409075294,21.153852243887016
Senegal,2019,25.281491486822983,1466.5,29.7434731012821,21.711554823633545
Senegal,2020,26.610149256895212,2769.7,31.2682142435772,22.903782663099264
Senegal,2021,25.789478153268476,2535.0,30.31982462877624,22.207930534220857
Senegal,2022,26.215211213517662,4521.5,30.71427547363031,22.582726177233965
Senegal,2023,26.44630408346134,3253.1,30.742268091824542,23.183842592592594
Senegal,2024,26.29177532649446,3133.1,30.62935138837391,23.203778046954646
Senegal,2025,25.377313108038916,2607.1,29.26251770779997,22.72220526113671
Serbia,2015,12.817625996635213,2659.2999999999997,18.47401202074379,7.756526641618657
Serbia,2016,12.36756358160617,3060.9,17.90239857033947,7.408624945264478
Serbia,2017,12.525433307731694,2139.2,18.49419964331603,7.007569380370817
Serbia,2018,12.227864245293427,2542.1,17.690569582844176,7.435711424452874
Serbia,2019,12.534280856350286,2620.8,18.170670796468258,7.380166216270204
Serbia,2020,11.921786175311388,2559.7000000000003,17.408439212293494,7.084036309205015
Serbia,2021,11.71950062581783,5280.3,17.335350884678842,6.701736786709905
Serbia,2022,12.296479916936907,5663.6,18.058288672697273,7.048751564544575
Serbia,2023,12.721406241110541,7262.6,18.348674332935087,7.845599647266313
Serbia,2024,13.549089729328884,6016.4,19.51004744640822,8.16780977492138
Serbia,2025,12.544735805313762,5323.9,18.220167761847872,7.3903502446378795
Seychelles,2015,27.896648745519716,13894.2,30.52343013155907,25.524287283961183
Seychelles,2016,27.741569954270176,5033.7,30.31305277468792,25.60651804474107
Seychelles,2017,27.590969022017408,1770.3,30.160680514602742,25.59806683499008
Seychelles,2018,27.352656810035842,15414.3,29.880919640395447,25.28371607545217
Seychelles,2019,27.76285458269329,23197.5,30.427451356886838,25.55008576548899
Seychelles,2020,27.985012668396983,21806.1,30.709321159312818,25.737250339883822
Seychelles,2021,27.367841781874038,16926.3,30.046820916538657,25.238092677931384
Seychelles,2022,27.262690092165897,18920.7,29.839822708653355,25.17925883256528
Seychelles,2023,27.738036354326677,22125.6,30.336473374295956,25.63702380952381
Seychelles,2024,28.031774193548387,29608.2,30.629582869855398,25.86840532690644
Seychelles,2025,27.38867106161461,13393.800000000001,29.58801757979177,25.58598267622461
Sierra Leone,2016,26.600000000000005,0.0,30.349731127619755,24.826814273354874
Sierra Leone,2017,27.39166666666667,0.0,31.0,26.0
Sierra Leone,2018,26.672414467253176,0.0,30.184255457803847,23.970275333985015
Sierra Leone,2019,27.301710829493086,0.0,30.81717357910906,24.45415258576549
Sierra Leone,2020,27.538567235199604,0.0,30.351920652576936,25.19947596094426
Sierra Leone,2021,27.533417178699437,0.0,30.34754160266257,25.211519457245263
Sierra Leone,2022,26.813258963695628,8867.4,30.122151099621593,24.247602749990634
Singapore,2015,28.297224142345108,9635.4,31.818587429595492,25.74086776753712
Singapore,2016,28.485160363366706,13991.2,31.922707627816916,25.66265617955871
Singapore,2017,28.030448028673835,474.8,31.255243727598565,25.64035048643113
Singapore,2018,28.294755760368663,793.8,31.893230926779314,25.82453149001536
Singapore,2019,28.852177291346646,394.0,32.315241935483876,26.452068612391194
Singapore,2020,28.392179273266592,56.8,31.890316400939312,25.931849956742056
Singapore,2021,27.927198028673835,21884.8,31.6207808499744,25.214304915514592
Singapore,2022,27.82366730670763,25634.2,31.584010496671787,25.102057091653865
Singapore,2023,28.130852022529442,21765.2,31.75583077316948,25.564034818228368
Singapore,2024,28.509812816709925,25095.8,32.13375707576319,25.94947225312075
Singapore,2025,28.156256144393243,22851.8,31.831429851510496,25.407525601638504
Sint Maarten,2015,27.613861367127495,0.0,29.605646271482847,25.947756034089366
Sint Maarten,2016,27.683172992037004,0.0,29.727235085830102,25.88434595934633
Sint Maarten,2017,27.416684617240794,0.0,29.50222317188984,25.60541070863293
Sint Maarten,2018,27.361719033654516,0.0,29.80431019902933,25.382552293419923
Sint Maarten,2019,27.660205453149,0.0,30.212871267899075,25.700759000300156
Sint Maarten,2020,27.894256890372016,0.0,30.606169200346063,25.80868310468422
Sint Maarten,2021,27.634300435227853,6370.0,30.429194188428063,25.542398873527908
Sint Maarten,2022,27.451407450076807,8447.0,30.08962621607783,25.379105862775216
Sint Maarten,2023,27.929994239631338,7800.0,30.492770737327188,25.946019585253456
Sint Maarten,2024,28.35746910147077,10887.0,30.959382956371275,26.269817698677546
Sint Maarten,2025,27.874141705069125,8262.8,30.443357014848953,25.90782770097286
Slovakia,2015,11.040935583979937,1611.2,15.912878001902904,6.205556950144651
Slovakia,2016,10.462119786241033,1685.1,15.04816772249846,5.93557985993371
Slovakia,2017,9.896520803538323,557.6,14.6305303039455,5.65023600263929
Slovakia,2018,11.486830362554851,693.5,16.335262142490105,7.031440516032344
Slovakia,2019,11.375904540649223,722.2,16.178379724348336,6.7368939026657095
Slovakia,2020,10.764720889723149,730.2,15.459302069968494,6.2472787121564695
Slovakia,2021,9.987447196620584,2817.8,14.641538578469023,5.354435323860727
Slovakia,2022,11.109714268028943,3309.5,15.911954967223165,6.233915741133749
Slovakia,2023,10.51223142281106,5140.3,14.890033442140298,6.137207821300564
Slovakia,2024,11.448263000556175,3976.0,16.04172680292918,7.013920637127673
Slovakia,2025,10.059401081669227,4258.9,14.687810259856631,5.4983152521761385
Slovenia,2015,11.5307142110485,4505.2,16.749993858434586,6.860729270014291
Slovenia,2016,11.1574009542741,4984.9,16.274704878964524,6.616443938065553
Slovenia,2017,10.859744239631336,5495.7,16.464375344297896,5.854770676020583
Slovenia,2018,11.630378259647697,5015.3,16.601233641962494,7.292651266037497
Slovenia,2019,11.6455761383901,4963.2,17.011872301645415,6.8548491911703655
Slovenia,2020,11.360873285131627,4354.0,16.824233029017268,6.460368023582294
Slovenia,2021,10.640206413210446,9416.5,15.868855414746545,5.8347462877624166
Slovenia,2022,11.975076228878647,8147.2,17.551710061443934,6.811447452636969
Slovenia,2023,11.914262864823348,12963.5,17.266626984126983,7.220156105990783
Slovenia,2024,12.312840779878877,11618.7,17.76465850945495,7.63510950438759
Slovenia,2025,11.733450588837686,9616.9,16.907941628264208,7.089128584229391
Solomon Islands,2015,26.87807013426637,15494.2,31.575791946470016,23.515864767354557
Solomon Islands,2016,27.30645102926434,15276.7,32.06389383265357,23.809364422258362
Solomon Islands,2017,27.087282457188373,19425.3,31.963976585535956,23.71009898724328
Solomon Islands,2018,27.054250440917105,18527.0,31.835839937045094,23.771729925336512
Solomon Islands,2019,27.341276881720432,14407.1,32.16114231310804,24.003517397519236
Solomon Islands,2020,27.436350986693032,18116.8,32.2513420776171,24.140572167485
Solomon Islands,2021,27.212462024236217,21740.4,31.136383459575896,24.469461227740798
Solomon Islands,2022,27.312798472435567,21704.4,31.439084101382488,24.372548856460146
Solomon Islands,2023,27.330361196449903,24796.7,31.397700901746603,24.531573434033113
Solomon Islands,2024,27.712222805861106,20981.399999999998,31.87977476791478,24.854150290446174
Solomon Islands,2025,27.345145573761165,26523.1,31.521664638324292,24.47163413983399
Somalia,2018,23.877123927446508,0.0,28.24981807320517,20.184072444878897
Somalia,2019,25.23977843965052,0.0,29.732971076113454,21.25518816130607
Somalia,2020,25.63507746100766,0.0,30.40190482120497,21.80226320000328
Somalia,2021,24.598962066905614,524.8,29.047453757040447,21.03800881478637
Somalia,2022,24.58784588265094,548.3,28.916702044085596,21.05902077168868
Somalia,2023,24.54671899001536,933.8,28.64335429467486,21.07654073860727
Somalia,2024,24.5902369529074,825.6,28.554932842197626,20.840790394186758
Somalia,2025,24.946908595892765,662.8,29.19162631201704,21.089709332766056
South Africa,2015,18.189331858244472,3298.0,25.308213426135048,12.433329717541017
South Africa,2016,18.152018386225635,5028.1,24.923386809325876,12.419820324190749
South Africa,2017,17.729333420977184,3410.7,24.712707957620083,12.012916483516818
South Africa,2018,17.960710596404045,2571.1,24.93129981131808,12.270106868770883
South Africa,2019,18.39976686602842,3084.5,25.14633101471205,12.961316494297428
South Africa,2020,17.3754469582605,3730.7,24.01734095341728,12.286906334419195
South Africa,2021,17.139810547875065,7660.4,23.411875832053248,11.674045122887865
South Africa,2022,17.35918266769073,8174.5,23.53096626984127,11.979410202252945
South Africa,2023,17.68048540706605,7024.7,23.953639272913467,12.023393305171531
South Africa,2024,18.20915649550466,4956.5,24.749325452755887,12.45535052064965
South Africa,2025,17.627338374722648,8915.0,23.508932458610683,12.672006192040735
South Georgia and South Sandwich Islands,2016,3.3509122807017544,0.0,8.370295739348371,-0.06254079254079255
South Georgia and South Sandwich Islands,2017,3.2076329479160086,0.0,8.26873865335608,0.13000000000000003
South Georgia and South Sandwich Islands,2018,2.2091190798762956,0.0,5.715989736070382,-0.43607456602712746
South Georgia and South Sandwich Islands,2019,2.506634024577573,0.0,5.610638760880696,0.14337045570916526
South Georgia and South Sandwich Islands,2020,2.7049564330737854,0.0,6.063949141020888,-0.3627144357928562
South Georgia and South Sandwich Islands,2021,3.788904249871992,0.0,8.05421850998464,0.5108448540706607
South Georgia and South Sandwich Islands,2022,3.4880184331797235,5085.599999999999,7.339731182795699,0.6468061955965181
South Georgia and South Sandwich Islands,2023,3.350069124423963,9718.8,7.011785714285715,0.5019700460829495
South Georgia and South Sandwich Islands,2024,2.2060230503028055,6894.900000000001,5.778001792114696,-0.6498513780744037
South Georgia and South Sandwich Islands,2025,2.976150153609831,7011.9,6.27542242703533,0.017716333845366097
South Korea,2015,13.82536322372002,3912.6,18.696348722936836,9.293541934462302
South Korea,2016,14.179991505445287,4858.7,18.99459268125205,9.79671386610191
South Korea,2017,13.786718211298856,2632.3,18.79652838390587,8.937152302560063
South Korea,2018,14.306478022742684,2305.1,19.180494865481936,9.792186869714364
South Korea,2019,14.129238848951628,1785.2,19.1076938844404,9.512144083514485
South Korea,2020,13.945069246800402,3321.0,18.864688899908856,9.577630323146863
South Korea,2021,14.146106054787506,10227.8,18.697934267793137,9.981292690732207
South Korea,2022,13.76997363031234,12281.6,18.57860944700461,9.569743343573988
South Korea,2023,14.356754928315413,15782.4,19.11021940604199,10.094101766513058
South Korea,2024,14.858977783957483,14804.0,19.4522868928439,10.808922197503398
South Korea,2025,14.124946748591908,9511.8,18.678542178699438,10.017768753200205
South Sudan,2015,28.14097222222222,49.0,34.97430555555555,21.991666666666664
South Sudan,2018,26.81527440301634,1.0,32.11010054461667,22.765599078341012
South Sudan,2019,27.346892248000426,5.0,32.45784155013507,23.413222915232094
South Sudan,2020,28.250714762233812,0.0,34.092868166342164,23.492871408012537
South Sudan,2021,28.840964781235144,446.0,35.17265196926626,23.49365358351006
South Sudan,2022,27.91157425799389,1770.0,34.08427583411316,22.803573069136196
South Sudan,2023,28.600523437136342,1298.4,34.97634990457571,23.354750267653493
South Sudan,2024,27.988986284104726,1351.3,34.20768270303268,22.95124232040971
South Sudan,2025,28.091834605690625,2082.3,33.81968064274954,23.08298323324577
Spain,2015,18.00362350362837,4009.6,23.396748538940976,13.687256754026127
Spain,2016,17.83838162773452,5243.1,23.11953454455568,13.652329501915709
Spain,2017,17.908731630824374,3898.7,23.535796530977983,13.30485515873016
Spain,2018,17.49522651049667,6196.1,22.635755184331796,13.298850742447517
Spain,2019,17.727939836149513,4416.6,23.152118151561698,13.243970366103431
Spain,2020,17.988868835743418,5260.2,23.193907057224074,13.475186565319492
Spain,2021,17.662137480798773,4644.4,22.651538722478236,13.23594777265745
Spain,2022,18.50258032514081,4479.0,23.906991551459292,13.900201804915515
Spain,2023,18.68815943420379,2943.2,24.288937596006143,14.064875256016386
Spain,2024,18.584452045482635,3808.0,23.97101442961315,14.350654647138795
Spain,2025,18.598826932923707,4919.0,23.859966717869945,14.24665962621608
Sri Lanka,2015,27.838094032500837,21690.2,31.48139088846514,24.8536023883989
Sri Lanka,2016,28.236387432028497,14652.5,31.780896365234657,25.468627638478598
Sri Lanka,2017,27.883818816232434,13699.1,31.24543623774719,25.071810117142736
Sri Lanka,2018,27.627827659791325,9730.9,30.969976232336816,24.748200744279234
Sri Lanka,2019,28.216015233176943,16261.4,31.581638031148966,25.22907846420775
Sri Lanka,2020,28.448950485719976,14562.1,31.831114090979984,25.466762351222275
Sri Lanka,2021,27.96274929595494,20057.5,31.269522769457243,25.169450604838712
Sri Lanka,2022,27.846629135192487,18106.2,31.01826785120433,25.15598143194069
Sri Lanka,2023,28.03813833418672,26768.1,31.473421018945213,25.28006898219264
Sri Lanka,2024,28.550205700156987,24531.2,31.731177085213925,25.84464421123286
Sri Lanka,2025,28.093268155828643,22045.1,31.36487803663879,25.411051622859418
St Kitts and Nevis,2015,26.361538461538462,0.0,29.75,24.425
St Kitts and Nevis,2016,27.26048591666347,0.0,29.914791170083163,25.055882351642918
St Kitts and Nevis,2017,26.86327307860845,0.0,29.654680767261414,24.687806628855014
St Kitts and Nevis,2018,26.703264429613153,0.0,29.52320522987978,24.50235838400466
St Kitts and Nevis,2019,27.00044138209461,0.0,29.946671635897165,24.782867860572257
St Kitts and Nevis,2020,27.08426532660682,0.0,29.735813728355442,24.915808548658937
St Kitts and Nevis,2021,27.08415994623656,9003.2,29.83184965437788,24.962302163338453
St Kitts and Nevis,2022,27.02150147209421,9062.1,29.657851868036797,24.936246036160107
St Kitts and Nevis,2023,27.542437211981568,8728.8,30.162977342549922,25.34636015104967
St Kitts and Nevis,2024,27.965823723890743,11294.5,30.44447241315929,25.76488764185594
St Kitts and Nevis,2025,27.428713741679466,7869.4,29.838779132994947,25.285983712348898
St Vincent and Grenadines,2016,27.4,0.0,28.305145037456306,24.990808830431813
St Vincent and Grenadines,2021,26.35874897593446,11058.6,28.385595942140295,24.75141455453149
St Vincent and Grenadines,2022,26.21405615292712,2286.2000000000003,27.109859190988224,25.230203106332137
St Vincent and Grenadines,2024,27.36967741935484,3192.0,29.304855987501146,25.59656906534326
St Vincent and Grenadines,2025,26.34103888666266,9895.2,28.22469413277232,24.677518661368243
Sudan,2015,30.267001666830083,0.0,36.40856232233612,23.79890005827506
Sudan,2016,30.78641175380052,0.0,36.64335790082167,24.679567064758217
Sudan,2017,30.414820394659102,0.0,36.92682956142468,24.675939356656727
Sudan,2018,29.284577513888294,14.9,35.450489477315855,23.60980198654392
Sudan,2019,29.785782415431445,0.0,35.69013065766441,23.96423334589805
Sudan,2020,29.453333383684367,0.0,35.27253188032665,23.8877217817892
Sudan,2021,30.445951996927803,633.5,36.358756272401436,24.83874756784434
Sudan,2022,29.973078074547793,834.4,35.90383601366814,24.1789571381548
Sudan,2023,30.971258083480308,390.6,36.64456116895185,25.45225588363581
Sudan,2024,30.452062468058315,727.3000000000001,36.25126298736488,24.781071932916916
Sudan,2025,30.49173222968567,1645.6,36.20672928464618,25.097964028679268
Suriname,2015,26.272886782238725,4618.5,31.965034038330714,22.809753338718025
Suriname,2016,26.689404675542413,3950.0,32.299432500336046,23.16931173531038
Suriname,2017,26.228314543250875,2700.5,31.101120319249546,23.26940959921274
Suriname,2018,26.384927636323635,2080.0,31.09857665284907,23.226702423757597
Suriname,2019,27.244049640229605,1991.6,31.943354600826208,23.818946480564072
Suriname,2020,26.52313269937205,1579.1,31.96220022978404,23.01521273528753
Suriname,2021,26.413966882451902,18417.4,30.655161564625853,23.465880604930145
Suriname,2022,26.2513089216035,18632.5,30.668724010553422,23.177949948796723
Suriname,2023,26.831429760076077,12876.5,31.408250493745886,23.71958918513642
Suriname,2024,27.39559349962854,10918.2,32.33729138100483,23.9735592742337
Suriname,2025,26.42706458927657,12841.6,31.12599938715632,23.267182119385776
Svalbard and Jan Mayen,2015,-1.406444713385587,4018.7,0.8018494379830786,-3.5678619705946897
Svalbard and Jan Mayen,2016,0.2192604929147373,4947.9,2.152655586207372,-1.8228782790711167
Svalbard and Jan Mayen,2017,-1.5641024269434436,2995.1,0.427173256097736,-3.736659416856885
Svalbard and Jan Mayen,2018,-1.0671108168162444,3570.3,1.1062166890490677,-3.091475840007646
Svalbard and Jan Mayen,2019,-2.4751186526223514,2894.6,-0.17255818522426988,-4.498499736153037
Svalbard and Jan Mayen,2020,-2.6725582280152813,3169.0,-0.3476046288907789,-5.027777776126535
Svalbard and Jan Mayen,2021,-2.081883898133823,3137.2,0.0629976674062693,-4.2127916453319685
Svalbard and Jan Mayen,2022,-1.7388536866359448,3761.2,0.36791254195824086,-3.887860271946294
Svalbard and Jan Mayen,2023,-1.6337349945952098,3692.4,0.5590338226090914,-3.763023766854412
Svalbard and Jan Mayen,2024,-1.7468019998772275,3447.6,0.46454566858791707,-4.023674375440999
Svalbard and Jan Mayen,2025,-1.1024708882446141,2750.1,0.9835751475162415,-3.2016445307208774
Sweden,2015,7.8945265973520975,3473.7000000000003,11.233284092659115,4.196628268567252
Sweden,2016,7.434168877530001,2577.7,10.87371685261683,3.702724789934931
Sweden,2017,7.178930290711019,3061.0,10.492403918212688,3.5266319888775857
Sweden,2018,7.938424401722983,1941.2,11.592231647621153,3.8359609091571536
Sweden,2019,7.918567054958184,3024.6,11.427265414121782,4.0772238583753735
Sweden,2020,9.113598853223158,2859.9,12.527947472387128,5.2418909712007595
Sweden,2021,7.320185803891449,4619.1,10.87313511264721,3.295525665642601
Sweden,2022,8.043536162314389,3900.0,11.664595238095238,4.014594278033794
Sweden,2023,7.398235855094726,5966.9,10.88565136968766,3.416879992319508
Sweden,2024,8.098621462118404,5547.0,11.647753769620566,4.237466227907552
Sweden,2025,8.461990591397848,4568.1,11.945412570404505,4.630215117767537
Switzerland,2015,11.143371370053398,4705.9,16.042392755910157,6.784949799106203
Switzerland,2016,10.612953502127585,6010.4,15.175880961209103,6.602967759591786
Switzerland,2017,10.85033300416941,4889.7,15.839745720868994,6.413841525857655
Switzerland,2018,11.794295208797106,4851.9,16.414487399065198,7.642042346752973
Switzerland,2019,10.648523873527905,5422.1,15.100450076804915,6.662163210445469
Switzerland,2020,10.952211840316401,4727.4,15.495366487455197,6.742036800148313
Switzerland,2021,9.729902777777777,8289.3,14.000300947260625,5.774677611367127
Switzerland,2022,11.487299091141834,6207.7,16.103481118791603,7.161754330943848
Switzerland,2023,11.429145161290323,8303.4,15.772692588325652,7.451721966205837
Switzerland,2024,10.98144824496354,8643.0,15.029635953528611,7.393488227660364
Switzerland,2025,10.501114631336405,10611.8,14.74125121607783,6.694288850486431
Syria,2015,18.993550987344346,543.2,25.61438935769192,12.669348789394682
Syria,2016,19.299666229199048,584.9,26.03634122062276,12.829972062478733
Syria,2017,19.31972027372873,341.1,26.173905542558895,12.553486851256272
Syria,2018,20.859624299301338,726.5,27.01056938882938,14.98503242938724
Syria,2019,19.25396139638651,623.7,25.37943319801039,13.201996287762416
Syria,2020,19.497572434980665,404.1,25.855645999964686,13.277346963998799
Syria,2021,19.02755928379416,2159.2000000000003,25.793680795570918,12.126335445468511
Syria,2022,18.3675197827543,2382.6,24.736747578511693,11.820561924698813
Syria,2023,18.672330469150026,3344.8,25.083272129416283,12.238707757296467
Syria,2024,18.57847473242119,3991.7,24.42303205550749,12.924557601394712
Syria,2025,19.129136904761904,2071.3,24.863910858990625,13.650430587557603
São Tomé and Príncipe,2015,26.015238095238097,0.0,28.0,23.5
São Tomé and Príncipe,2016,27.24260215274921,0.0,30.2,24.3
São Tomé and Príncipe,2017,26.968055555555555,0.0,32.0,24.0
São Tomé and Príncipe,2019,27.038888888888888,0.0,29.46836725550435,24.125778011531867
São Tomé and Príncipe,2020,27.25625,0.0,31.0,25.0
São Tomé and Príncipe,2021,26.232163978494622,21041.0,29.59862135176651,23.97925947260625
São Tomé and Príncipe,2022,25.604993511308862,19701.0,28.79732242173844,23.700259724208554
São Tomé and Príncipe,2023,26.235775089605735,18762.0,29.46836725550435,24.16661610343062
São Tomé and Príncipe,2024,26.565283833361327,16618.0,29.19444383967836,24.704594434356203
São Tomé and Príncipe,2025,26.195885872348004,16024.0,29.243018961909215,24.125778011531867
Taiwan,2015,23.777724076598616,0.0,27.331910779351908,20.883080697384962
Taiwan,2016,23.63967753093286,0.0,27.174095965855088,20.924868355333377
Taiwan,2017,23.939870372086954,0.0,27.57290626343608,21.021052527743706
Taiwan,2018,23.93748983934972,0.0,27.69183977107868,20.97051385112402
Taiwan,2019,24.123472462237583,0.0,27.479617365320067,21.413686339069002
Taiwan,2020,24.238460558027437,0.0,27.722365633793725,21.423246293044215
Taiwan,2021,24.127013168842808,16938.2,27.7399460765489,21.245679643497184
Taiwan,2022,23.68047811059908,18297.7,27.058067476318485,20.99407466077829
Tajikistan,2015,16.202834018397866,1090.4,22.995228888359197,10.214256138251635
Tajikistan,2016,16.832982373237936,1242.2,23.939342218867527,9.834116469424307
Tajikistan,2017,16.26734272825185,1257.6,23.202974743247935,9.403713852179887
Tajikistan,2018,16.14386101792507,725.3,22.781542569345127,9.590741749348185
Tajikistan,2019,16.35896344350866,1021.6000000000001,23.108558186344617,9.655564078666755
Tajikistan,2020,15.650510252642647,1298.1,22.057827514359886,9.517164796977006
Tajikistan,2021,16.765100486431134,1382.7,23.68691884280594,10.478547320361836
Tajikistan,2022,17.309964477726574,2959.5,23.694580559822494,11.46303219406042
Tajikistan,2023,17.56552995391705,2436.4,24.274917754736304,11.5855599291688
Tajikistan,2024,16.566294215795327,2437.5,22.915907242615255,11.067961994809048
Tajikistan,2025,17.843519544829817,2062.1,24.23265714465375,12.116362070049677
Tanzania,2015,24.429819958703423,3444.7,29.992178495594572,20.154131543860338
Tanzania,2016,24.92255044256775,2634.8,30.64901483889652,20.757568099307246
Tanzania,2017,24.321083650719235,4064.6,29.676424344872437,20.1836144315391
Tanzania,2018,24.255155548020475,3787.5,29.45895767242377,19.945353921885342
Tanzania,2019,24.4830113844219,3556.9,29.611229771808336,20.284425233117265
Tanzania,2020,24.04890511279862,3859.2999999999997,29.11485841665519,19.926926310921424
Tanzania,2021,23.49407882104455,5808.4,28.426148793522785,19.374993999615974
Tanzania,2022,23.461889988545476,6387.8,28.41840359438176,19.17628525467009
Tanzania,2023,23.81742423515105,10539.6,28.838317412314385,19.670511232718894
Tanzania,2024,23.894254692530208,10977.7,28.830893835690603,19.62401302417808
Tanzania,2025,23.606318543270785,8240.5,28.633851571957877,19.258970605303148
Thailand,2015,29.046651109257198,17052.4,33.91676307007786,25.373471535610875
Thailand,2016,29.17341657397108,17724.9,33.94392245419887,25.526694914587395
Thailand,2017,28.725040856683794,20697.5,33.36415383053481,25.13513765453244
Thailand,2018,28.63816703867515,15443.7,32.98615174954339,25.251788033733586
Thailand,2019,29.248396889400922,10515.8,33.85282025089605,25.682868881208396
Thailand,2020,29.119343251761215,14957.0,33.71299966011618,25.637592942775925
Thailand,2021,28.240781554019456,18243.7,32.77086047107015,24.823171466973886
Thailand,2022,28.180985535074242,24276.8,32.78519962877624,24.69943900409626
Thailand,2023,28.972973345849688,15899.4,33.89975685554987,25.071785500938727
Thailand,2024,29.186338369793596,19955.7,33.927209028550244,25.532394141638857
Thailand,2025,28.227434971838196,18018.9,32.76329365079365,24.62044546850998
The Gambia,2015,25.73821556579621,4954.400000000001,32.71603492907071,20.822463120649292
The Gambia,2016,26.00347144975899,2251.2,33.62071900877518,20.66980235976482
The Gambia,2017,26.31375220458554,359.2,33.67648906921347,21.44002038556737
The Gambia,2018,25.457901945724526,0.0,32.77869430421266,20.514188510210246
The Gambia,2019,25.90369111623144,808.8,32.79182667690733,21.142550563236046
The Gambia,2020,26.73434835001854,5969.599999999999,34.01107156099369,21.629883512544804
The Gambia,2021,26.367005888376855,1407.2,33.888451740911414,21.218700716845877
The Gambia,2022,26.135172811059906,9177.6,33.73591013824885,21.15131144393241
The Gambia,2023,26.972220302099334,7659.2,34.3382277265745,21.849875832053254
The Gambia,2024,26.843606476331725,5364.8,33.822212643678164,22.17171023359288
The Gambia,2025,26.015589477726575,5600.8,31.82461597542243,22.08892857142857
The Netherlands,2015,10.80450275217614,3165.6,14.60324745087134,6.92049004846655
The Netherlands,2016,10.725729328883945,2914.3,14.531468176721932,6.894393234546322
The Netherlands,2017,10.994044930875576,3301.3,14.76206253200205,7.125923387096774
The Netherlands,2018,11.396476958525346,3248.1,15.58812346390169,7.185509073132405
The Netherlands,2019,11.238888120839734,5345.5,15.219955069124422,7.26390546594982
The Netherlands,2020,11.718683938944507,3155.1,15.602692003460636,7.6836782845136575
The Netherlands,2021,10.441219214029699,8406.1,14.083046530977983,6.731819764464926
The Netherlands,2022,11.65508973374296,7223.7,15.736486175115207,7.359845174091142
The Netherlands,2023,11.794118023553507,11038.0,15.423839605734766,8.086305747567843
The Netherlands,2024,11.794038654060067,10395.1,15.330346959584723,8.233728494623655
The Netherlands,2025,11.443200012800819,6255.1,15.472834229390681,7.3375287378392215
Timor-Leste,2018,27.177570869990223,0.0,29.892378624959267,24.865381231671552
Timor-Leste,2019,27.10180061179088,0.0,29.715357164927518,24.90414265409538
Timor-Leste,2020,27.75257328252542,0.0,30.35909739209725,25.63467512771392
Timor-Leste,2021,27.997186416712278,0.0,30.459443949087067,26.0947696441078
Timor-Leste,2022,28.116880551659655,0.0,30.55773547246154,26.280842975689573
Togo,2015,27.439424667262347,2546.7,32.84855804008133,23.131748485103483
Togo,2016,27.697766234002152,3803.9,32.97013373467997,23.53324075551881
Togo,2017,27.652276806397097,3820.1,32.95468325493347,23.306055927034254
Togo,2018,27.470444866919266,5184.7,33.053164361273154,23.19011705995619
Togo,2019,27.81150750685581,5828.9,33.322883347457406,23.478054077286195
Togo,2020,27.72398713352036,4533.4,33.26428914796196,23.27528337171523
Togo,2021,27.534569343866583,6222.2,33.38271505376344,22.907478970082657
Togo,2022,26.593991021139637,7674.4,32.2122221307878,22.132884907392693
Togo,2023,27.01481210226026,7588.6,32.7765502706459,22.562538951064294
Togo,2024,27.353645352265115,7667.0,32.78607966402924,22.980739650049067
Togo,2025,27.38105396459659,6461.4,32.55441262526516,23.19779141884785
Tokelau,2025,27.49064004096262,2186.6000000000004,28.45485435512317,26.21930391989532
Tonga,2015,23.633657938364895,0.0,26.581594781085794,21.040269733802365
Tonga,2016,24.53664701121517,0.0,27.387530674125586,21.976598974136046
Tonga,2017,24.4109463305277,0.0,27.340153530682993,21.742587293596166
Tonga,2018,24.49923727460062,0.0,27.772875082624605,21.851867901784757
Tonga,2019,24.440861340944,0.0,27.136573499458954,21.885644117116573
Tonga,2020,24.490205193397628,0.0,27.111285744352944,21.97409587133361
Tonga,2021,24.627274431908468,22223.7,27.384030644719882,22.084495786764833
Tonga,2022,25.21889164106503,20996.4,27.92592802849727,22.822557989918252
Tonga,2023,24.464345622119815,15493.199999999999,27.295841205837174,21.970147913466462
Tonga,2024,24.801816315581657,18136.9,27.424658281281197,22.581702313533977
Tonga,2025,24.57502172577306,16976.5,27.296046280527168,22.254893179946126
Trinidad and Tobago,2015,27.289116235852887,5431.5,32.83300224899038,23.46527892921015
Trinidad and Tobago,2016,27.41952570757632,5223.5,33.30122834895916,23.48039315435728
Trinidad and Tobago,2017,27.00764365609054,5714.5,32.684273451983685,23.191925538958632
Trinidad and Tobago,2018,26.60394309373731,5606.5,31.568861423529576,22.780614400087888
Trinidad and Tobago,2019,27.055330901177676,4398.0,32.209979518689195,23.16714093701997
Trinidad and Tobago,2020,27.001159930787296,6534.0,32.42022834013101,23.046864108268444
Trinidad and Tobago,2021,26.7072996671787,7453.5,31.718628392217102,22.937997311827953
Trinidad and Tobago,2022,26.557322708653356,8985.0,31.582550563236047,22.90709229390681
Trinidad and Tobago,2023,27.14333205325141,5650.0,32.170613159242194,23.455221454173067
Trinidad and Tobago,2024,27.6881179705846,6473.0,33.019305092077616,23.784903905574094
Trinidad and Tobago,2025,26.820829493087558,7346.5,31.487474398361496,23.524779185867896
Tunisia,2015,19.705171518694435,2826.3,25.09138502609074,14.834360177410755
Tunisia,2016,19.95920494924643,2835.7999999999997,25.38932149112285,15.213371640863508
Tunisia,2017,19.47673897768538,1716.3,25.015313527226915,14.312716805011544
Tunisia,2018,19.741802116036165,2707.2,24.91834676721405,15.101904533125005
Tunisia,2019,19.779538116452752,2875.2999999999997,24.94732725342907,15.151830754744061
Tunisia,2020,20.071405862480947,2343.1,25.348011209237157,15.368803855641168
Tunisia,2021,20.352331157194058,2606.8,25.71818951612903,15.734542050691244
Tunisia,2022,20.85665431387609,2222.0,26.455722670250896,15.928572324628776
Tunisia,2023,20.790050371223757,3047.1,26.332594150025603,15.92588767281106
Tunisia,2024,21.000035292741494,2600.1,26.38717457108767,16.336113716943668
Tunisia,2025,20.65311059907834,3779.4,25.836971504934937,16.071694967512403
Turkmenistan,2015,16.214280035128304,507.8,22.299962806804924,10.958869273753338
Turkmenistan,2016,16.795889403218414,480.8,22.896816912984406,11.365370257697789
Turkmenistan,2017,16.243492024255836,405.6,22.181523202300674,10.87932324041876
Turkmenistan,2018,16.62838297429259,464.3,22.471619665553746,10.958318101638257
Turkmenistan,2019,16.923427259712437,869.6,22.991712899806295,11.275859064900345
Turkmenistan,2020,15.768118673526141,1003.1999999999999,21.49564844609825,9.968370103801993
Turkmenistan,2021,17.855739704483945,547.9,24.449791529515032,11.226454173067076
Turkmenistan,2022,17.880785850491478,1327.8,23.97229215694435,11.793649718508092
Turkmenistan,2023,18.62231454813108,869.3,25.053725038402458,12.200180011520736
Turkmenistan,2024,17.637863631241746,1743.5,23.589149974056934,11.730133843543882
Turkmenistan,2025,18.621124736255567,1103.9,24.74724960923815,12.622062001937165
Turks and Caicos Islands,2018,26.612491039426523,0.0,29.396422287390028,24.420715216682957
Turks and Caicos Islands,2019,26.252274705581158,0.0,29.736506016385047,23.35346006144393
Turks and Caicos Islands,2020,26.186852984797923,0.0,29.360027190705726,23.36225435669262
Turks and Caicos Islands,2021,26.066634024577574,1885.8,29.50923131080389,23.319708781362007
Turks and Caicos Islands,2022,26.181592421915,2797.8,29.60212429595494,23.445410906298
Tuvalu,2015,28.930284818228365,19151.4,31.753406525662726,26.134727164488734
Tuvalu,2016,29.01375818811024,14198.400000000001,31.66730654839204,26.49109825225767
Tuvalu,2017,29.118551565231208,16283.4,31.927141234191524,26.262955459413316
Tuvalu,2018,29.0965770609319,10953.6,31.86557373237781,26.371808966664037
Tuvalu,2019,29.182305427547362,21152.399999999998,31.967977477972518,26.341417112175264
Tuvalu,2020,29.259172427035328,17276.4,32.197511760670814,26.19477259236441
Tuvalu,2021,28.61846024746569,20384.8,31.367685924017366,26.16749593589753
Tuvalu,2022,28.665667288420742,15519.9,31.404327682685977,26.08279963060493
Tuvalu,2023,29.232760222368515,16224.3,32.14263660302831,26.481889126618388
Tuvalu,2024,29.272315907392844,25558.600000000002,32.01013599125575,26.551447319554477
Tuvalu,2025,28.75135512672811,17406.6,30.917728912041678,26.47293420286145
Türkiye,2015,15.755692554060833,3882.5,21.34087201842123,10.173520044761611
Türkiye,2016,16.167905228133503,2959.3,21.895720657461943,10.349367316303445
Türkiye,2017,15.88539474538631,3164.7,21.609133797743134,9.983555285144103
Türkiye,2018,17.021629064535727,3451.3,22.444890277150417,11.527189600218305
Türkiye,2019,16.302644073220687,3177.7,21.821797486625353,10.832729070660521
Türkiye,2020,16.422250092695588,2353.7,22.09559318996416,10.712567204301076
Türkiye,2021,16.568939324116744,4784.9,22.101394777265746,10.70887039170507
Türkiye,2022,16.096786610343063,5070.6,21.61420494111623,10.569486751152075
Türkiye,2023,16.632854006656427,6790.8,22.273155337941628,11.173903673835126
Türkiye,2024,17.208489896180943,5625.6,22.789458781362004,11.690880329996293
Türkiye,2025,16.79703891449053,4249.1,22.589037250384024,11.182621351766512
U.S. Outlying Islands,2015,24.028123748425646,0.0,25.632134662396062,20.94868460485257
U.S. Outlying Islands,2016,25.185048409616446,0.0,26.370912271137158,22.401039642516405
U.S. Outlying Islands,2017,25.20416052017458,0.0,26.362064595504236,22.306804558602323
U.S. Outlying Islands,2018,24.78722513454412,0.0,26.110452193373032,22.098213640454404
U.S. Outlying Islands,2019,25.219515428275944,0.0,25.508903075048792,21.184880319696784
U.S. Outlying Islands,2020,24.0735725495197,0.0,26.593120876219427,22.01145830793797
U.S. Outlying Islands,2021,25.30052995391705,1678.9,27.558201153839363,23.450284961685824
U.S. Outlying Islands,2022,25.165364823348696,1905.8,27.363694316436252,23.23451420890937
U.S. Outlying Islands,2023,25.031703149001533,1293.7,27.417953149001537,23.062514400921657
U.S. Outlying Islands,2024,25.047347186966206,1721.5,26.953162613677538,23.37312770890311
U.S. Outlying Islands,2025,26.06447415530926,3048.8,27.879604403213275,24.420222106934755
U.S. Virgin Islands,2015,27.37705581157194,2554.8,30.537055171530977,24.822974910394265
U.S. Virgin Islands,2016,27.832883303869593,2126.8,30.86683728169939,25.402117793903184
U.S. Virgin Islands,2017,27.154826305618514,1419.6000000000001,30.302130734050873,24.606902945325782
U.S. Virgin Islands,2018,27.201892969634905,1801.2,29.66591748040225,25.227186209142975
U.S. Virgin Islands,2019,27.104268945212493,1881.8,29.36123579109063,25.36944265232975
U.S. Virgin Islands,2020,27.485113922877268,1850.6,30.750562291434928,24.812302496601163
U.S. Virgin Islands,2021,27.178740655401946,1483.4,30.534192908346135,24.490688812083974
U.S. Virgin Islands,2022,27.132650921658986,8722.8,30.437863927291346,24.485185739887353
Uganda,2015,22.82293190425577,0.0,26.88075241318877,19.49514562255695
Uganda,2016,23.20749755018804,0.0,26.742452163348887,19.95536164111421
Uganda,2017,22.637317996311907,0.0,26.30444569798018,19.23901821837167
Uganda,2018,22.326997033741193,0.0,26.042411273325584,19.18189434250792
Uganda,2019,22.694487967229904,0.0,26.374475166410647,19.4751318484383
Uganda,2020,22.895990915832403,0.0,26.342103880855273,19.764223519960453
Uganda,2021,21.628314388120838,13895.0,26.555720942140297,17.820540322580644
Uganda,2022,21.467896077211012,12760.3,26.701778415611706,17.532782759062098
Uganda,2023,21.80926760112647,13619.0,27.006034370199693,17.770610535074244
Uganda,2024,22.20063728559854,12422.5,27.437380642942934,18.1865914311248
Uganda,2025,22.191801811315926,13053.2,27.239400109085242,18.110681145506355
Ukraine,2015,10.410573690049496,1111.3,15.137219918319984,5.834886440139576
Ukraine,2016,9.757978943551493,1321.6,14.216365491521529,5.405900469253964
Ukraine,2017,10.030852321215225,1066.5,14.526768491625354,5.541791546901854
Ukraine,2018,10.372500107419462,1283.0,14.967879531789432,5.865088878801337
Ukraine,2019,11.485467174246978,950.2,16.153680550277855,6.898825541146477
Ukraine,2020,11.216976468815044,1051.8,15.94907175273036,6.777800129905305
Ukraine,2021,9.690238175243216,3270.0,14.206561859959038,5.329461325524833
Ukraine,2022,10.407336302844616,5412.1,14.516699575439494,6.356327490016832
Ukraine,2023,11.289165706605223,6609.2,15.55984631016385,7.245572036610343
Ukraine,2024,12.18528461407737,3306.7,16.469532810276693,8.082416889888734
Ukraine,2025,11.441311184349233,3261.3,15.714924346309152,7.379298710301105
United Arab Emirates,2015,29.26303564317005,592.5,34.92875605657151,24.309972341590136
United Arab Emirates,2016,28.797246117084825,518.4,34.25945083014049,24.015934234197122
United Arab Emirates,2017,29.2880867753314,195.3,35.05006603626876,24.30690919295758
United Arab Emirates,2018,29.25274108209592,62.699999999999996,34.9041516280538,24.35930545037971
United Arab Emirates,2019,28.7990473827248,287.8,34.45838460940595,23.925239857210066
United Arab Emirates,2020,29.00016829398921,421.7,34.78632667985004,24.041634566527964
United Arab Emirates,2021,29.201190588749405,48.3,35.418200866924444,23.690137262302027
United Arab Emirates,2022,29.039575204813108,606.9,35.076434907834106,23.792424219150025
United Arab Emirates,2023,29.28344613241688,788.6,35.16588247546149,24.344569827384205
United Arab Emirates,2024,29.402411458547906,2573.1000000000004,34.68111039014543,24.799346839423773
United Arab Emirates,2025,29.44001491419551,614.9,35.23349472722162,24.38021530491334
United Kingdom,2015,10.123079028628714,547.6,13.517419623292758,6.614552112136964
United Kingdom,2016,10.168099034745206,595.1,13.389943972532395,6.890684827586375
United Kingdom,2017,10.518382758718781,575.2,13.682080803141602,7.3047359426405585
United Kingdom,2018,10.504090217329464,580.6,13.947753779836239,7.006794965253386
United Kingdom,2019,10.524035956078967,654.9,13.808731936621722,7.187851026910166
United Kingdom,2020,10.874932503879482,666.1,14.242837961246378,7.496827236023565
United Kingdom,2021,10.429975251749445,4509.5,13.673528830289582,7.082411887694145
United Kingdom,2022,11.00838474995733,6102.2,14.516497553621209,7.375537492177277
United Kingdom,2023,10.907118748933264,9558.1,14.17713304318143,7.553641193036355
United Kingdom,2024,10.766623374394046,9087.8,13.874273403919306,7.534231862563342
United Kingdom,2025,11.044599405473061,7495.4,14.535302952722308,7.47128506002162
United States,2015,16.47436731950845,10505.8,21.255788903823177,12.158354988052569
United States,2016,16.866950031928482,10269.4,21.60549221357063,12.571923716681086
United States,2017,16.78482244196962,11132.5,21.485254416282643,12.59015238308585
United States,2018,16.240835946833933,13192.5,20.831748591909882,12.169579653097799
United States,2019,16.149500234681685,12006.5,20.832326868919612,11.92615532727428
United States,2020,17.001624078193878,9866.7,21.97920330717258,12.597261154369052
United States,2021,16.580088165642604,11444.8,21.385607985577746,12.266200983529613
United States,2022,16.23333509344598,9358.8,21.264547224355695,11.690246309097114
United States,2023,17.326295202892986,7882.6,22.165890376984127,12.849852550563236
United States,2024,17.7553099894945,7679.4,22.59869646829811,13.309174738907428
United States,2025,16.964993839605736,5696.2,21.711947164618536,12.546062548003071
Uruguay,2015,18.48861854829701,9041.4,23.9551099774287,12.89786676671465
Uruguay,2016,18.226155206224693,7581.0,22.68818589970518,12.428444434600118
Uruguay,2017,19.12302702373047,7293.6,24.575018087344596,13.754475438592925
Uruguay,2018,18.34347051672951,5255.1,23.828844156866513,13.296466278231753
Uruguay,2019,18.075397609377394,4459.2,23.354720462198173,12.927921500044738
Uruguay,2020,18.09509444371744,2781.5,23.761424938996303,12.535576735902433
Uruguay,2021,18.086026625704044,10290.8,23.43086047763467,12.808042787558916
Uruguay,2022,17.59773291619104,9961.3,23.018152898881382,12.261022151694203
Uruguay,2023,18.608097286226318,12695.5,23.79503219406042,13.811251856118792
Uruguay,2024,17.882147787665307,13403.5,23.57032927753353,13.16639794657203
Uruguay,2025,17.790940732206863,11758.8,23.766538525203014,12.670875767370067
Uzbekistan,2015,15.42442693082046,1718.9,21.169873860477608,10.183061692696931
Uzbekistan,2016,15.619568531709005,1461.1,21.753782872625656,10.271968568395634
Uzbekistan,2017,15.003998781139385,1449.2,21.332461079534777,9.936406933550352
Uzbekistan,2018,14.988580680636284,995.1,20.90777247208286,9.572061335584017
Uzbekistan,2019,15.622543344312497,1639.0,20.969243270626947,9.479122275133784
Uzbekistan,2020,14.132359399879054,1407.4,19.689629893089357,9.09462188364468
Uzbekistan,2021,16.603215576161247,1557.3,23.058200168535482,10.228268214995719
Uzbekistan,2022,16.604358014637075,3959.4,22.59702455108851,10.73236174453096
Uzbekistan,2023,17.177164271394727,2451.0,23.663362417623876,10.926325311486602
Uzbekistan,2024,16.10973780764409,3637.8,22.03144095707949,10.500866237211063
Uzbekistan,2025,17.156878872247823,2158.2,23.475754928315414,11.159425563236047
Vanuatu,2015,25.91402708936238,7450.9,29.528152850049576,21.38118235081032
Vanuatu,2016,26.24239060667561,5288.0,30.257426332978824,21.349070851061303
Vanuatu,2017,26.066409597257064,5849.7,30.33508398768203,21.64183180722733
Vanuatu,2018,25.662171472182393,9733.8,29.90352358821524,21.46168112953195
Vanuatu,2019,25.993448017713987,6276.7,29.5755449157115,21.586733770439086
Vanuatu,2020,26.20297255622704,9572.8,29.230392993521654,22.081157951150356
Vanuatu,2021,25.727112693241924,18774.1,28.695591044723415,22.61556101324475
Vanuatu,2022,26.0889865408529,24178.5,29.23650720503255,23.134047436178772
Vanuatu,2023,25.91195951543187,15281.6,29.01196132570791,22.574227410508502
Vanuatu,2024,26.409684104132797,14989.300000000001,29.475324785796605,22.955777020763808
Vanuatu,2025,26.16100342421915,9662.5,29.74137441839756,22.66953224832476
Vatican City,2015,16.44260240655402,681.0,21.211600742447516,11.753179083461342
Vatican City,2016,16.48726115436905,920.4,21.16675596341614,12.165405388703498
Vatican City,2017,16.335621479774705,709.6,21.66590821812596,11.34995135688684
Vatican City,2018,16.674899513568867,835.5,21.579276113671273,12.258863287250385
Vatican City,2019,16.418158602150537,759.8000000000001,21.588838965693807,11.69962685611879
Vatican City,2020,16.670935298479794,609.3,21.985722716598687,11.705348844395006
Vatican City,2021,16.44022785458269,862.9,21.6505958781362,11.682330389144907
Vatican City,2022,17.024337557603687,934.3,23.498228366615464,11.632418074756785
Vatican City,2023,16.817484639016897,846.7,22.902483358934973,11.666758832565284
Vatican City,2024,17.277589296749476,879.3000000000001,23.484897107897662,12.100373254233098
Vatican City,2025,17.25002176139273,1081.8999999999999,22.993187403993858,12.153553507424474
Venezuela,2015,27.607116862236133,720.7,33.340532145230945,23.49011248011248
Venezuela,2016,27.47730320061999,31.299999999999997,33.74486863911283,22.800882442720678
Venezuela,2018,26.68177803379416,762.9,31.886864586784537,22.465182673509286
Venezuela,2019,25.53586336621329,0.0,30.1099839556526,22.257635369072304
Venezuela,2020,25.97796176518102,0.0,31.850984981400103,20.76828803525531
Venezuela,2021,25.105027996615412,7234.9,29.953498854267725,21.00283718068247
Venezuela,2022,25.377560072299286,7041.2,30.51031848045938,21.23659029661934
Venezuela,2023,26.51141918416112,8243.5,32.00531105990783,22.36977335438357
Venezuela,2024,27.094183692841973,7697.2,32.77554671969124,22.92728179476264
Venezuela,2025,26.275958194152647,10012.0,31.497131634346463,22.389969531305624
Vietnam,2015,26.15334796259852,3080.2,30.354939156195243,23.742887033990602
Vietnam,2016,26.15379700326864,4169.4,30.206675636923446,23.54008125361132
Vietnam,2017,25.85966453632757,3806.7000000000003,29.718349144702294,23.049623992592117
Vietnam,2018,25.871010953613943,5106.8,29.93085604718631,22.804238139546705
Vietnam,2019,26.849642880002083,6888.900000000001,31.14095823756624,23.791369354261878
Vietnam,2020,26.398723833650877,4468.5,30.47845323119265,23.417845457887392
Vietnam,2021,26.08099277464869,12743.2,30.0528111310235,23.017960473914773
Vietnam,2022,25.864315725095295,20295.2,29.77991380781703,22.840200119474314
Vietnam,2023,27.5515645445753,20485.3,31.910959848096944,24.34886094043352
Vietnam,2024,27.88031063321386,18527.0,32.14536837913182,24.767577337056853
Vietnam,2025,27.062547043010753,21625.2,31.3107882460033,23.905320624964443
Wallis and Futuna,2015,27.2470941500256,30091.7,30.203631884510532,24.9948322983909
Wallis and Futuna,2016,27.669751514027933,27041.4,30.604586323869555,25.292563070009955
Wallis and Futuna,2017,27.494903927644472,35721.2,30.505270591232623,25.012017653961617
Wallis and Futuna,2018,27.346294412824218,32614.5,30.28829731608222,24.90954559416226
Wallis and Futuna,2019,27.701383640552994,35181.9,30.656100905768312,25.257619025548667
Wallis and Futuna,2020,27.660495644562964,35501.4,30.44599253171237,25.11319789691095
Wallis and Futuna,2021,27.376319380440346,25715.6,30.1536009984639,24.880716845878133
Wallis and Futuna,2022,27.35736795954941,22959.7,29.872807475678442,24.899641513056835
Wallis and Futuna,2023,27.691265873015873,27560.6,30.17130030721966,25.392682283666154
Wallis and Futuna,2024,27.940303915028515,25074.0,30.40637382810065,25.776327276165244
Wallis and Futuna,2025,27.385430779569894,29350.3,29.43220202475567,25.097360162180813
Western Sahara,2015,21.29955555193375,8.9,27.19033029037767,17.348899838327522
Western Sahara,2016,21.186122020881978,2.3,27.103419408281027,17.24065863673407
Western Sahara,2017,22.304499962480353,19.5,28.01195240899826,18.53125389498846
Western Sahara,2018,20.71849426853513,65.6,25.499644475215128,17.340097931521917
Western Sahara,2019,21.14528425741783,41.0,26.243978589833656,17.73667176687875
Western Sahara,2020,21.949106226019687,40.4,27.258421530843716,18.409390345070786
Western Sahara,2021,21.198076164874553,154.0,26.156903737839222,17.7062089093702
Western Sahara,2022,21.067276736055934,298.7,25.46831416741706,18.081660147077
Western Sahara,2023,21.47189449105256,233.3,25.744521036012973,18.39045084485407
Western Sahara,2024,21.250049452400745,53.7,25.659861369020888,18.144581506306967
Western Sahara,2025,20.738392809313147,117.7,25.072117205024988,17.76568577588844
Yemen,2015,21.19620600241718,0.0,26.898010403328765,15.320026537142232
Yemen,2018,28.264281932225476,0.0,32.05906117627892,24.871423509286412
Yemen,2019,24.5067730734767,0.0,28.830860401272577,21.097267649957182
Yemen,2020,23.05955844965091,0.0,28.13359375197853,19.250612673025078
Yemen,2021,22.510284736486227,0.0,27.66297042724655,18.050078383764962
Yemen,2022,22.627507749041726,0.0,27.612762414089186,18.04443238956665
Yemen,2023,24.529594868293795,53.1,28.944716846448966,20.418394003793725
Yemen,2024,23.63206894980903,290.7,27.827384713514284,19.479397397851315
Yemen,2025,25.07603095253067,39.6,29.293946133254284,21.145177983788624
Zambia,2015,24.45625,119.1,33.05,18.7
Zambia,2016,26.40833333333333,37.2,33.2875,20.295833333333334
Zambia,2017,22.795,190.7,28.708333333333336,18.455
Zambia,2018,23.091029244053434,46.0,29.601142065819484,16.696197458455522
Zambia,2019,23.00299763184844,21.1,28.717588485663082,17.20031906041987
Zambia,2020,22.857821962674578,1.0,28.124523390186628,17.262540554319614
Zambia,2021,21.940158250128007,4199.3,27.77395273297491,16.341700188812084
Zambia,2022,21.704151801347468,5976.0,27.570820601484012,16.25248613152621
Zambia,2023,22.570134808627753,4600.7,28.564153305811573,16.979110343061958
Zambia,2024,22.920087987853446,3463.6,29.013042500596843,17.049405898859344
Zambia,2025,21.52439104102663,6710.0,27.406066656092076,16.45132575615274
Zimbabwe,2015,19.403584411663214,2092.8,26.509709248967827,12.612026214526216
Zimbabwe,2016,19.39597192928288,1810.4,26.607331826003715,12.529419039566099
Zimbabwe,2017,18.76311344659157,2320.7999999999997,25.58079298016798,12.48406633807369
Zimbabwe,2018,19.493769209351647,606.4,26.272409648628287,12.68430678176198
Zimbabwe,2019,19.794346390168972,89.60000000000001,26.41072875064004,13.490444444444446
Zimbabwe,2020,19.275684835001854,0.0,25.481372574465457,13.625848102830306
Zimbabwe,2021,18.851149193548384,920.2,25.01835082778631,13.429481993514251
Zimbabwe,2022,18.64592143583013,1990.2,24.51759103172641,13.490145864354476
Zimbabwe,2023,19.534429936849293,3450.4,25.962616380781704,13.794046552312683
Zimbabwe,2024,20.02522034084511,2174.0,26.972577555308366,13.586316710892937
Zimbabwe,2025,19.094564398305543,5217.9,25.166213105600566,13.592028732515681
Åland,2015,7.774699692780337,0.0,10.517246349559477,4.590814249077458
Åland,2016,6.883148251143245,0.0,9.581279322704239,3.71873634285008
Åland,2017,6.701843509984639,0.0,9.41536680747568,3.5552964669738865
Åland,2018,7.141175243215566,0.0,10.27791539761993,3.4073870526334376
Åland,2019,7.428425883256528,808.0,10.189948348694315,4.19134811827957
Åland,2020,8.543553021876159,4749.0,11.236767055988135,5.205336423186256
Åland,2021,6.949910330261137,5185.6,9.853010112647208,3.3822791218637986
Åland,2022,7.460426651305683,4421.9,10.367142729134663,3.9823799923195082
Åland,2023,6.732092293906811,6869.599999999999,9.707695596518176,3.0385833333333334
Åland,2024,7.400665677913731,5075.0,10.349322704239277,4.045709677419355
Åland,2025,7.82519777265745,4622.1,10.678551459293395,4.55385906298003
