countryiso3code,country,date,value
AFE,"{'id': 'ZH', 'value': 'Africa Eastern and Southern'}",2024,1242693542929.85
AFE,"{'id': 'ZH', 'value': 'Africa Eastern and Southern'}",2023,1179359054880.45
AFE,"{'id': 'ZH', 'value': 'Africa Eastern and Southern'}",2022,1228967879390.01
AFE,"{'id': 'ZH', 'value': 'Africa Eastern and Southern'}",2021,1114144799994.21
AFE,"{'id': 'ZH', 'value': 'Africa Eastern and Southern'}",2020,938607563405.087
AFE,"{'id': 'ZH', 'value': 'Africa Eastern and Southern'}",2019,1018714795912.35
AFE,"{'id': 'ZH', 'value': 'Africa Eastern and Southern'}",2018,1020955778298.17
AFE,"{'id': 'ZH', 'value': 'Africa Eastern and Southern'}",2017,978076465866.452
AFE,"{'id': 'ZH', 'value': 'Africa Eastern and Southern'}",2016,831868076442.431
AFE,"{'id': 'ZH', 'value': 'Africa Eastern and Southern'}",2015,910002035578.038
AFW,"{'id': 'ZI', 'value': 'Africa Western and Central'}",2024,736384961061.523
AFW,"{'id': 'ZI', 'value': 'Africa Western and Central'}",2023,938238370514.198
AFW,"{'id': 'ZI', 'value': 'Africa Western and Central'}",2022,1063649130876.99
AFW,"{'id': 'ZI', 'value': 'Africa Western and Central'}",2021,1026651004045.79
AFW,"{'id': 'ZI', 'value': 'Africa Western and Central'}",2020,963784699293.976
AFW,"{'id': 'ZI', 'value': 'Africa Western and Central'}",2019,1026996211935.8
AFW,"{'id': 'ZI', 'value': 'Africa Western and Central'}",2018,777840323023.311
AFW,"{'id': 'ZI', 'value': 'Africa Western and Central'}",2017,694051345937.233
AFW,"{'id': 'ZI', 'value': 'Africa Western and Central'}",2016,700028168335.244
AFW,"{'id': 'ZI', 'value': 'Africa Western and Central'}",2015,778022057597.448
ARB,"{'id': '1A', 'value': 'Arab World'}",2024,3735881442514.35
ARB,"{'id': '1A', 'value': 'Arab World'}",2023,3622495663981.78
ARB,"{'id': '1A', 'value': 'Arab World'}",2022,3747416641077.46
ARB,"{'id': '1A', 'value': 'Arab World'}",2021,3085141461685.6
ARB,"{'id': '1A', 'value': 'Arab World'}",2020,2604104981819.8
ARB,"{'id': '1A', 'value': 'Arab World'}",2019,2965285548936.01
ARB,"{'id': '1A', 'value': 'Arab World'}",2018,2920829737234.67
ARB,"{'id': '1A', 'value': 'Arab World'}",2017,2611323720520.0
ARB,"{'id': '1A', 'value': 'Arab World'}",2016,2536564595458.87
ARB,"{'id': '1A', 'value': 'Arab World'}",2015,2580328583417.41
CSS,"{'id': 'S3', 'value': 'Caribbean small states'}",2024,90344593407.0487
CSS,"{'id': 'S3', 'value': 'Caribbean small states'}",2023,79534673452.944
CSS,"{'id': 'S3', 'value': 'Caribbean small states'}",2022,78506430710.7309
CSS,"{'id': 'S3', 'value': 'Caribbean small states'}",2021,62687149265.4471
CSS,"{'id': 'S3', 'value': 'Caribbean small states'}",2020,53320869430.7059
CSS,"{'id': 'S3', 'value': 'Caribbean small states'}",2019,62185458482.7062
CSS,"{'id': 'S3', 'value': 'Caribbean small states'}",2018,61252081219.8672
CSS,"{'id': 'S3', 'value': 'Caribbean small states'}",2017,59690101434.3488
CSS,"{'id': 'S3', 'value': 'Caribbean small states'}",2016,58073168349.5106
CSS,"{'id': 'S3', 'value': 'Caribbean small states'}",2015,62545153672.0285
CEB,"{'id': 'B8', 'value': 'Central Europe and the Baltics'}",2024,2462005273603.48
CEB,"{'id': 'B8', 'value': 'Central Europe and the Baltics'}",2023,2273205742208.3
CEB,"{'id': 'B8', 'value': 'Central Europe and the Baltics'}",2022,1954419184114.96
CEB,"{'id': 'B8', 'value': 'Central Europe and the Baltics'}",2021,1926347717339.0
CEB,"{'id': 'B8', 'value': 'Central Europe and the Baltics'}",2020,1678294256145.3
CEB,"{'id': 'B8', 'value': 'Central Europe and the Baltics'}",2019,1684318282245.77
CEB,"{'id': 'B8', 'value': 'Central Europe and the Baltics'}",2018,1656383422202.66
CEB,"{'id': 'B8', 'value': 'Central Europe and the Baltics'}",2017,1467501784248.85
CEB,"{'id': 'B8', 'value': 'Central Europe and the Baltics'}",2016,1321561415743.83
CEB,"{'id': 'B8', 'value': 'Central Europe and the Baltics'}",2015,1297141271990.05
EAR,"{'id': 'V2', 'value': 'Early-demographic dividend'}",2024,15808304487948.1
EAR,"{'id': 'V2', 'value': 'Early-demographic dividend'}",2023,14933453330998.3
EAR,"{'id': 'V2', 'value': 'Early-demographic dividend'}",2022,14034689936337.3
EAR,"{'id': 'V2', 'value': 'Early-demographic dividend'}",2021,12695008338487.8
EAR,"{'id': 'V2', 'value': 'Early-demographic dividend'}",2020,10823343545638.3
EAR,"{'id': 'V2', 'value': 'Early-demographic dividend'}",2019,11686574879191.1
EAR,"{'id': 'V2', 'value': 'Early-demographic dividend'}",2018,11478917653356.5
EAR,"{'id': 'V2', 'value': 'Early-demographic dividend'}",2017,11320553240043.8
EAR,"{'id': 'V2', 'value': 'Early-demographic dividend'}",2016,10423237803666.1
EAR,"{'id': 'V2', 'value': 'Early-demographic dividend'}",2015,10127250782286.2
EAS,"{'id': 'Z4', 'value': 'East Asia & Pacific'}",2024,32017179839273.0
EAS,"{'id': 'Z4', 'value': 'East Asia & Pacific'}",2023,31417826880875.0
EAS,"{'id': 'Z4', 'value': 'East Asia & Pacific'}",2022,31266291368260.6
EAS,"{'id': 'Z4', 'value': 'East Asia & Pacific'}",2021,31675719814404.9
EAS,"{'id': 'Z4', 'value': 'East Asia & Pacific'}",2020,27578839610232.4
EAS,"{'id': 'Z4', 'value': 'East Asia & Pacific'}",2019,27427259967363.2
EAS,"{'id': 'Z4', 'value': 'East Asia & Pacific'}",2018,26853593303707.3
EAS,"{'id': 'Z4', 'value': 'East Asia & Pacific'}",2017,24656162308335.2
EAS,"{'id': 'Z4', 'value': 'East Asia & Pacific'}",2016,23089672188769.4
EAS,"{'id': 'Z4', 'value': 'East Asia & Pacific'}",2015,22299105656919.6
EAP,"{'id': '4E', 'value': 'East Asia & Pacific (excluding high income)'}",2024,22260810771875.1
EAP,"{'id': '4E', 'value': 'East Asia & Pacific (excluding high income)'}",2023,21644412635340.6
EAP,"{'id': '4E', 'value': 'East Asia & Pacific (excluding high income)'}",2022,21563881384135.8
EAP,"{'id': '4E', 'value': 'East Asia & Pacific (excluding high income)'}",2021,21231425978691.4
EAP,"{'id': '4E', 'value': 'East Asia & Pacific (excluding high income)'}",2020,17805166443182.2
EAP,"{'id': '4E', 'value': 'East Asia & Pacific (excluding high income)'}",2019,17503274977303.3
EAP,"{'id': '4E', 'value': 'East Asia & Pacific (excluding high income)'}",2018,16902110052652.3
EAP,"{'id': '4E', 'value': 'East Asia & Pacific (excluding high income)'}",2017,15115625540264.8
EAP,"{'id': '4E', 'value': 'East Asia & Pacific (excluding high income)'}",2016,13844122751569.4
EAP,"{'id': '4E', 'value': 'East Asia & Pacific (excluding high income)'}",2015,13548904084321.4
TEA,"{'id': 'T4', 'value': 'East Asia & Pacific (IDA & IBRD countries)'}",2024,22233362919728.4
TEA,"{'id': 'T4', 'value': 'East Asia & Pacific (IDA & IBRD countries)'}",2023,21617676926854.5
TEA,"{'id': 'T4', 'value': 'East Asia & Pacific (IDA & IBRD countries)'}",2022,21537214774462.6
TEA,"{'id': 'T4', 'value': 'East Asia & Pacific (IDA & IBRD countries)'}",2021,21205187136185.7
TEA,"{'id': 'T4', 'value': 'East Asia & Pacific (IDA & IBRD countries)'}",2020,17783207218899.1
TEA,"{'id': 'T4', 'value': 'East Asia & Pacific (IDA & IBRD countries)'}",2019,17481715455963.4
TEA,"{'id': 'T4', 'value': 'East Asia & Pacific (IDA & IBRD countries)'}",2018,16881316789674.4
TEA,"{'id': 'T4', 'value': 'East Asia & Pacific (IDA & IBRD countries)'}",2017,15097056837158.2
TEA,"{'id': 'T4', 'value': 'East Asia & Pacific (IDA & IBRD countries)'}",2016,13827151057380.2
TEA,"{'id': 'T4', 'value': 'East Asia & Pacific (IDA & IBRD countries)'}",2015,13532272043462.5
EMU,"{'id': 'XC', 'value': 'Euro area'}",2024,16485444160371.0
EMU,"{'id': 'XC', 'value': 'Euro area'}",2023,15854782417877.0
EMU,"{'id': 'XC', 'value': 'Euro area'}",2022,14488160081806.7
EMU,"{'id': 'XC', 'value': 'Euro area'}",2021,14924551716260.4
EMU,"{'id': 'XC', 'value': 'Euro area'}",2020,13267554461613.6
EMU,"{'id': 'XC', 'value': 'Euro area'}",2019,13589774677631.3
EMU,"{'id': 'XC', 'value': 'Euro area'}",2018,13871778197583.7
EMU,"{'id': 'XC', 'value': 'Euro area'}",2017,12841960349280.8
EMU,"{'id': 'XC', 'value': 'Euro area'}",2016,12123283574466.5
EMU,"{'id': 'XC', 'value': 'Euro area'}",2015,11829834353286.1
ECS,"{'id': 'Z7', 'value': 'Europe & Central Asia'}",2024,29291828957768.8
ECS,"{'id': 'Z7', 'value': 'Europe & Central Asia'}",2023,27732942821913.5
ECS,"{'id': 'Z7', 'value': 'Europe & Central Asia'}",2022,25798700454390.6
ECS,"{'id': 'Z7', 'value': 'Europe & Central Asia'}",2021,25572901699926.6
ECS,"{'id': 'Z7', 'value': 'Europe & Central Asia'}",2020,22322527185686.7
ECS,"{'id': 'Z7', 'value': 'Europe & Central Asia'}",2019,23067540030248.6
ECS,"{'id': 'Z7', 'value': 'Europe & Central Asia'}",2018,23342642668393.3
ECS,"{'id': 'Z7', 'value': 'Europe & Central Asia'}",2017,21791487069281.7
ECS,"{'id': 'Z7', 'value': 'Europe & Central Asia'}",2016,20528432079127.4
ECS,"{'id': 'Z7', 'value': 'Europe & Central Asia'}",2015,20603435735279.5
ECA,"{'id': '7E', 'value': 'Europe & Central Asia (excluding high income)'}",2024,2451180144505.47
ECA,"{'id': '7E', 'value': 'Europe & Central Asia (excluding high income)'}",2023,2143244215113.25
ECA,"{'id': '7E', 'value': 'Europe & Central Asia (excluding high income)'}",2022,1820242864725.1
ECA,"{'id': '7E', 'value': 'Europe & Central Asia (excluding high income)'}",2021,1680958734568.53
ECA,"{'id': '7E', 'value': 'Europe & Central Asia (excluding high income)'}",2020,1446077189727.52
ECA,"{'id': '7E', 'value': 'Europe & Central Asia (excluding high income)'}",2019,1508679974755.36
ECA,"{'id': '7E', 'value': 'Europe & Central Asia (excluding high income)'}",2018,1477488205993.51
ECA,"{'id': '7E', 'value': 'Europe & Central Asia (excluding high income)'}",2017,1499595960769.3
ECA,"{'id': '7E', 'value': 'Europe & Central Asia (excluding high income)'}",2016,1450171284448.8
ECA,"{'id': '7E', 'value': 'Europe & Central Asia (excluding high income)'}",2015,1510474002479.16
TEC,"{'id': 'T7', 'value': 'Europe & Central Asia (IDA & IBRD countries)'}",2024,6131674441421.64
TEC,"{'id': 'T7', 'value': 'Europe & Central Asia (IDA & IBRD countries)'}",2023,5562782514647.52
TEC,"{'id': 'T7', 'value': 'Europe & Central Asia (IDA & IBRD countries)'}",2022,5264484546456.79
TEC,"{'id': 'T7', 'value': 'Europe & Central Asia (IDA & IBRD countries)'}",2021,4637763943320.14
TEC,"{'id': 'T7', 'value': 'Europe & Central Asia (IDA & IBRD countries)'}",2020,3924139091384.84
TEC,"{'id': 'T7', 'value': 'Europe & Central Asia (IDA & IBRD countries)'}",2019,4184533628660.37
TEC,"{'id': 'T7', 'value': 'Europe & Central Asia (IDA & IBRD countries)'}",2018,4098990245510.03
TEC,"{'id': 'T7', 'value': 'Europe & Central Asia (IDA & IBRD countries)'}",2017,3927649813354.44
TEC,"{'id': 'T7', 'value': 'Europe & Central Asia (IDA & IBRD countries)'}",2016,3492088089759.5
TEC,"{'id': 'T7', 'value': 'Europe & Central Asia (IDA & IBRD countries)'}",2015,3633660246044.52
EUU,"{'id': 'EU', 'value': 'European Union'}",2024,19497115588443.6
EUU,"{'id': 'EU', 'value': 'European Union'}",2023,18659133072074.8
EUU,"{'id': 'EU', 'value': 'European Union'}",2022,17023612496380.4
EUU,"{'id': 'EU', 'value': 'European Union'}",2021,17495226733585.2
EUU,"{'id': 'EU', 'value': 'European Union'}",2020,15504055464107.4
EUU,"{'id': 'EU', 'value': 'European Union'}",2019,15809073096211.4
EUU,"{'id': 'EU', 'value': 'European Union'}",2018,16092403309151.5
EUU,"{'id': 'EU', 'value': 'European Union'}",2017,14871313684625.8
EUU,"{'id': 'EU', 'value': 'European Union'}",2016,13988147697216.6
EUU,"{'id': 'EU', 'value': 'European Union'}",2015,13656252620703.3
FCS,"{'id': 'F1', 'value': 'Fragile and conflict affected situations'}",2024,1652895518697.74
FCS,"{'id': 'F1', 'value': 'Fragile and conflict affected situations'}",2023,1778723185468.2
FCS,"{'id': 'F1', 'value': 'Fragile and conflict affected situations'}",2022,1918272363969.18
FCS,"{'id': 'F1', 'value': 'Fragile and conflict affected situations'}",2021,1740335947472.93
FCS,"{'id': 'F1', 'value': 'Fragile and conflict affected situations'}",2020,1610227321244.27
FCS,"{'id': 'F1', 'value': 'Fragile and conflict affected situations'}",2019,1811454247630.6
FCS,"{'id': 'F1', 'value': 'Fragile and conflict affected situations'}",2018,1556210403398.5
FCS,"{'id': 'F1', 'value': 'Fragile and conflict affected situations'}",2017,1443031828638.41
FCS,"{'id': 'F1', 'value': 'Fragile and conflict affected situations'}",2016,1358130757341.27
FCS,"{'id': 'F1', 'value': 'Fragile and conflict affected situations'}",2015,1481660318787.67
HPC,"{'id': 'XE', 'value': 'Heavily indebted poor countries (HIPC)'}",2024,1145111349262.57
HPC,"{'id': 'XE', 'value': 'Heavily indebted poor countries (HIPC)'}",2023,1060316071770.29
HPC,"{'id': 'XE', 'value': 'Heavily indebted poor countries (HIPC)'}",2022,1002501492801.3
HPC,"{'id': 'XE', 'value': 'Heavily indebted poor countries (HIPC)'}",2021,924417463438.7
HPC,"{'id': 'XE', 'value': 'Heavily indebted poor countries (HIPC)'}",2020,816029422839.446
HPC,"{'id': 'XE', 'value': 'Heavily indebted poor countries (HIPC)'}",2019,811372254522.343
HPC,"{'id': 'XE', 'value': 'Heavily indebted poor countries (HIPC)'}",2018,790373898773.381
HPC,"{'id': 'XE', 'value': 'Heavily indebted poor countries (HIPC)'}",2017,735068264238.844
HPC,"{'id': 'XE', 'value': 'Heavily indebted poor countries (HIPC)'}",2016,677200621773.188
HPC,"{'id': 'XE', 'value': 'Heavily indebted poor countries (HIPC)'}",2015,674606540074.897
,"{'id': 'XD', 'value': 'High income'}",2024,71321142708251.1
,"{'id': 'XD', 'value': 'High income'}",2023,68449582732271.4
,"{'id': 'XD', 'value': 'High income'}",2022,65081334214971.5
,"{'id': 'XD', 'value': 'High income'}",2021,62745314846357.3
,"{'id': 'XD', 'value': 'High income'}",2020,55889737341875.4
,"{'id': 'XD', 'value': 'High income'}",2019,57456170925405.3
,"{'id': 'XD', 'value': 'High income'}",2018,56920619917132.1
,"{'id': 'XD', 'value': 'High income'}",2017,53524059312874.9
,"{'id': 'XD', 'value': 'High income'}",2016,50927970256186.1
,"{'id': 'XD', 'value': 'High income'}",2015,49977567874625.5
IBD,"{'id': 'XF', 'value': 'IBRD only'}",2024,40930410371533.4
IBD,"{'id': 'XF', 'value': 'IBRD only'}",2023,39248258733753.5
IBD,"{'id': 'XF', 'value': 'IBRD only'}",2022,37943329554311.5
IBD,"{'id': 'XF', 'value': 'IBRD only'}",2021,35879316080995.1
IBD,"{'id': 'XF', 'value': 'IBRD only'}",2020,30204027280204.5
IBD,"{'id': 'XF', 'value': 'IBRD only'}",2019,31377057597389.8
IBD,"{'id': 'XF', 'value': 'IBRD only'}",2018,30736778363828.6
IBD,"{'id': 'XF', 'value': 'IBRD only'}",2017,28848700119389.0
IBD,"{'id': 'XF', 'value': 'IBRD only'}",2016,26133021093477.3
IBD,"{'id': 'XF', 'value': 'IBRD only'}",2015,25937609442668.8
IBT,"{'id': 'ZT', 'value': 'IDA & IBRD total'}",2024,43823204664493.9
IBT,"{'id': 'ZT', 'value': 'IDA & IBRD total'}",2023,42176516066439.1
IBT,"{'id': 'ZT', 'value': 'IDA & IBRD total'}",2022,41018485584725.7
IBT,"{'id': 'ZT', 'value': 'IDA & IBRD total'}",2021,38741335342414.8
IBT,"{'id': 'ZT', 'value': 'IDA & IBRD total'}",2020,32822847991827.3
IBT,"{'id': 'ZT', 'value': 'IDA & IBRD total'}",2019,34078219798939.1
IBT,"{'id': 'ZT', 'value': 'IDA & IBRD total'}",2018,33147599934551.5
IBT,"{'id': 'ZT', 'value': 'IDA & IBRD total'}",2017,31117686702333.8
IBT,"{'id': 'ZT', 'value': 'IDA & IBRD total'}",2016,28286257999424.7
IBT,"{'id': 'ZT', 'value': 'IDA & IBRD total'}",2015,28103757036548.0
IDB,"{'id': 'XH', 'value': 'IDA blend'}",2024,1117411942661.72
IDB,"{'id': 'XH', 'value': 'IDA blend'}",2023,1272526278004.68
IDB,"{'id': 'XH', 'value': 'IDA blend'}",2022,1456880573683.68
IDB,"{'id': 'XH', 'value': 'IDA blend'}",2021,1369357769886.58
IDB,"{'id': 'XH', 'value': 'IDA blend'}",2020,1258453633593.25
IDB,"{'id': 'XH', 'value': 'IDA blend'}",2019,1354444605559.25
IDB,"{'id': 'XH', 'value': 'IDA blend'}",2018,1125278097800.27
IDB,"{'id': 'XH', 'value': 'IDA blend'}",2017,1064701742324.65
IDB,"{'id': 'XH', 'value': 'IDA blend'}",2016,1035761112332.6
IDB,"{'id': 'XH', 'value': 'IDA blend'}",2015,1104888256132.44
IDX,"{'id': 'XI', 'value': 'IDA only'}",2024,1775382350298.79
IDX,"{'id': 'XI', 'value': 'IDA only'}",2023,1655731054680.85
IDX,"{'id': 'XI', 'value': 'IDA only'}",2022,1618275456730.5
IDX,"{'id': 'XI', 'value': 'IDA only'}",2021,1492661491533.09
IDX,"{'id': 'XI', 'value': 'IDA only'}",2020,1360367078029.56
IDX,"{'id': 'XI', 'value': 'IDA only'}",2019,1346717595990.02
IDX,"{'id': 'XI', 'value': 'IDA only'}",2018,1285543472922.62
IDX,"{'id': 'XI', 'value': 'IDA only'}",2017,1204284840620.16
IDX,"{'id': 'XI', 'value': 'IDA only'}",2016,1117475793614.79
IDX,"{'id': 'XI', 'value': 'IDA only'}",2015,1061259337746.72
IDA,"{'id': 'XG', 'value': 'IDA total'}",2024,2892794292960.5
IDA,"{'id': 'XG', 'value': 'IDA total'}",2023,2928257332685.53
IDA,"{'id': 'XG', 'value': 'IDA total'}",2022,3075156030414.18
IDA,"{'id': 'XG', 'value': 'IDA total'}",2021,2862019261419.67
IDA,"{'id': 'XG', 'value': 'IDA total'}",2020,2618820711622.81
IDA,"{'id': 'XG', 'value': 'IDA total'}",2019,2701162201549.27
IDA,"{'id': 'XG', 'value': 'IDA total'}",2018,2410821570722.89
IDA,"{'id': 'XG', 'value': 'IDA total'}",2017,2268986582944.81
IDA,"{'id': 'XG', 'value': 'IDA total'}",2016,2153236905947.39
IDA,"{'id': 'XG', 'value': 'IDA total'}",2015,2166147593879.17
LTE,"{'id': 'V3', 'value': 'Late-demographic dividend'}",2024,29979152245112.6
LTE,"{'id': 'V3', 'value': 'Late-demographic dividend'}",2023,28934446547714.4
LTE,"{'id': 'V3', 'value': 'Late-demographic dividend'}",2022,28550398557203.3
LTE,"{'id': 'V3', 'value': 'Late-demographic dividend'}",2021,27284231194748.9
LTE,"{'id': 'V3', 'value': 'Late-demographic dividend'}",2020,22869539211355.0
LTE,"{'id': 'V3', 'value': 'Late-demographic dividend'}",2019,23366567397285.6
LTE,"{'id': 'V3', 'value': 'Late-demographic dividend'}",2018,22907660419321.1
LTE,"{'id': 'V3', 'value': 'Late-demographic dividend'}",2017,20889290142886.5
LTE,"{'id': 'V3', 'value': 'Late-demographic dividend'}",2016,18841937712407.0
LTE,"{'id': 'V3', 'value': 'Late-demographic dividend'}",2015,18797219107172.1
LCN,"{'id': 'ZJ', 'value': 'Latin America & Caribbean'}",2024,7110323254687.35
LCN,"{'id': 'ZJ', 'value': 'Latin America & Caribbean'}",2023,6910660006084.82
LCN,"{'id': 'ZJ', 'value': 'Latin America & Caribbean'}",2022,6144995160894.64
LCN,"{'id': 'ZJ', 'value': 'Latin America & Caribbean'}",2021,5382862734265.64
LCN,"{'id': 'ZJ', 'value': 'Latin America & Caribbean'}",2020,4627348896643.87
LCN,"{'id': 'ZJ', 'value': 'Latin America & Caribbean'}",2019,5473432644126.84
LCN,"{'id': 'ZJ', 'value': 'Latin America & Caribbean'}",2018,5581100995040.84
LCN,"{'id': 'ZJ', 'value': 'Latin America & Caribbean'}",2017,5715057427671.23
LCN,"{'id': 'ZJ', 'value': 'Latin America & Caribbean'}",2016,5148746106826.83
LCN,"{'id': 'ZJ', 'value': 'Latin America & Caribbean'}",2015,5289615626446.62
LAC,"{'id': 'XJ', 'value': 'Latin America & Caribbean (excluding high income)'}",2024,6168787362595.33
LAC,"{'id': 'XJ', 'value': 'Latin America & Caribbean (excluding high income)'}",2023,6014673692976.05
LAC,"{'id': 'XJ', 'value': 'Latin America & Caribbean (excluding high income)'}",2022,5336050967302.51
LAC,"{'id': 'XJ', 'value': 'Latin America & Caribbean (excluding high income)'}",2021,4637976019252.06
LAC,"{'id': 'XJ', 'value': 'Latin America & Caribbean (excluding high income)'}",2020,3991303751042.44
LAC,"{'id': 'XJ', 'value': 'Latin America & Caribbean (excluding high income)'}",2019,4748616176252.64
LAC,"{'id': 'XJ', 'value': 'Latin America & Caribbean (excluding high income)'}",2018,4816735877469.79
LAC,"{'id': 'XJ', 'value': 'Latin America & Caribbean (excluding high income)'}",2017,4960873741744.95
LAC,"{'id': 'XJ', 'value': 'Latin America & Caribbean (excluding high income)'}",2016,4438833899168.87
LAC,"{'id': 'XJ', 'value': 'Latin America & Caribbean (excluding high income)'}",2015,4578739613722.79
TLA,"{'id': 'T2', 'value': 'Latin America & the Caribbean (IDA & IBRD countries)'}",2024,6776899040059.78
TLA,"{'id': 'T2', 'value': 'Latin America & the Caribbean (IDA & IBRD countries)'}",2023,6591336702938.76
TLA,"{'id': 'T2', 'value': 'Latin America & the Caribbean (IDA & IBRD countries)'}",2022,5851879329574.93
TLA,"{'id': 'T2', 'value': 'Latin America & the Caribbean (IDA & IBRD countries)'}",2021,5118940165028.38
TLA,"{'id': 'T2', 'value': 'Latin America & the Caribbean (IDA & IBRD countries)'}",2020,4387909128654.57
TLA,"{'id': 'T2', 'value': 'Latin America & the Caribbean (IDA & IBRD countries)'}",2019,5230554354083.41
TLA,"{'id': 'T2', 'value': 'Latin America & the Caribbean (IDA & IBRD countries)'}",2018,5347056434773.57
TLA,"{'id': 'T2', 'value': 'Latin America & the Caribbean (IDA & IBRD countries)'}",2017,5482764267203.12
TLA,"{'id': 'T2', 'value': 'Latin America & the Caribbean (IDA & IBRD countries)'}",2016,4922090097003.8
TLA,"{'id': 'T2', 'value': 'Latin America & the Caribbean (IDA & IBRD countries)'}",2015,5068610305411.75
LDC,"{'id': 'XL', 'value': 'Least developed countries: UN classification'}",2024,1536272727812.71
LDC,"{'id': 'XL', 'value': 'Least developed countries: UN classification'}",2023,1459966948607.94
LDC,"{'id': 'XL', 'value': 'Least developed countries: UN classification'}",2022,1474237106700.91
LDC,"{'id': 'XL', 'value': 'Least developed countries: UN classification'}",2021,1303898952961.36
LDC,"{'id': 'XL', 'value': 'Least developed countries: UN classification'}",2020,1179778077659.19
LDC,"{'id': 'XL', 'value': 'Least developed countries: UN classification'}",2019,1169366192253.69
LDC,"{'id': 'XL', 'value': 'Least developed countries: UN classification'}",2018,1116339519831.8
LDC,"{'id': 'XL', 'value': 'Least developed countries: UN classification'}",2017,1044504274790.04
LDC,"{'id': 'XL', 'value': 'Least developed countries: UN classification'}",2016,952622086763.392
LDC,"{'id': 'XL', 'value': 'Least developed countries: UN classification'}",2015,946044369982.556
LMY,"{'id': 'XO', 'value': 'Low & middle income'}",2024,39397098753614.4
LMY,"{'id': 'XO', 'value': 'Low & middle income'}",2023,38059330027172.9
LMY,"{'id': 'XO', 'value': 'Low & middle income'}",2022,36965295357847.5
LMY,"{'id': 'XO', 'value': 'Low & middle income'}",2021,35235417682028.0
LMY,"{'id': 'XO', 'value': 'Low & middle income'}",2020,29882663470187.9
LMY,"{'id': 'XO', 'value': 'Low & middle income'}",2019,30863484502772.9
LMY,"{'id': 'XO', 'value': 'Low & middle income'}",2018,29945950603040.9
LMY,"{'id': 'XO', 'value': 'Low & middle income'}",2017,28123682410171.2
LMY,"{'id': 'XO', 'value': 'Low & middle income'}",2016,25722739836843.3
LMY,"{'id': 'XO', 'value': 'Low & middle income'}",2015,25457289049147.5
,"{'id': 'XM', 'value': 'Low income'}",2024,469282282632.522
,"{'id': 'XM', 'value': 'Low income'}",2023,434043376409.571
,"{'id': 'XM', 'value': 'Low income'}",2022,434268149844.662
,"{'id': 'XM', 'value': 'Low income'}",2021,375494019860.55
,"{'id': 'XM', 'value': 'Low income'}",2020,339434568554.002
,"{'id': 'XM', 'value': 'Low income'}",2019,352056761148.886
,"{'id': 'XM', 'value': 'Low income'}",2018,341989728902.808
,"{'id': 'XM', 'value': 'Low income'}",2017,326806567421.383
,"{'id': 'XM', 'value': 'Low income'}",2016,317624904429.654
,"{'id': 'XM', 'value': 'Low income'}",2015,361782469708.524
,"{'id': 'XN', 'value': 'Lower middle income'}",2024,7941312381464.47
,"{'id': 'XN', 'value': 'Lower middle income'}",2023,7684634708973.7
,"{'id': 'XN', 'value': 'Lower middle income'}",2022,7588963714927.97
,"{'id': 'XN', 'value': 'Lower middle income'}",2021,7124669005626.3
,"{'id': 'XN', 'value': 'Lower middle income'}",2020,6297797215276.78
,"{'id': 'XN', 'value': 'Lower middle income'}",2019,6527442965633.65
,"{'id': 'XN', 'value': 'Lower middle income'}",2018,6022782110520.98
,"{'id': 'XN', 'value': 'Lower middle income'}",2017,5770458203695.0
,"{'id': 'XN', 'value': 'Lower middle income'}",2016,5319173245722.59
,"{'id': 'XN', 'value': 'Lower middle income'}",2015,5110516313268.72
MEA,"{'id': 'ZQ', 'value': 'Middle East, North Africa, Afghanistan & Pakistan'}",2024,5094721946852.29
MEA,"{'id': 'ZQ', 'value': 'Middle East, North Africa, Afghanistan & Pakistan'}",2023,4905729965245.33
MEA,"{'id': 'ZQ', 'value': 'Middle East, North Africa, Afghanistan & Pakistan'}",2022,5030925398736.26
MEA,"{'id': 'ZQ', 'value': 'Middle East, North Africa, Afghanistan & Pakistan'}",2021,4310652927209.13
MEA,"{'id': 'ZQ', 'value': 'Middle East, North Africa, Afghanistan & Pakistan'}",2020,3587451756047.23
MEA,"{'id': 'ZQ', 'value': 'Middle East, North Africa, Afghanistan & Pakistan'}",2019,4019889117584.4
MEA,"{'id': 'ZQ', 'value': 'Middle East, North Africa, Afghanistan & Pakistan'}",2018,4050508431278.92
MEA,"{'id': 'ZQ', 'value': 'Middle East, North Africa, Afghanistan & Pakistan'}",2017,3795353115732.68
MEA,"{'id': 'ZQ', 'value': 'Middle East, North Africa, Afghanistan & Pakistan'}",2016,3624240285092.23
MEA,"{'id': 'ZQ', 'value': 'Middle East, North Africa, Afghanistan & Pakistan'}",2015,3558416509933.66
MNA,"{'id': 'XQ', 'value': 'Middle East, North Africa, Afghanistan & Pakistan (excluding high income)'}",2024,2203604227426.38
MNA,"{'id': 'XQ', 'value': 'Middle East, North Africa, Afghanistan & Pakistan (excluding high income)'}",2023,2094668147144.99
MNA,"{'id': 'XQ', 'value': 'Middle East, North Africa, Afghanistan & Pakistan (excluding high income)'}",2022,2160815136190.98
MNA,"{'id': 'XQ', 'value': 'Middle East, North Africa, Afghanistan & Pakistan (excluding high income)'}",2021,1939712222007.44
MNA,"{'id': 'XQ', 'value': 'Middle East, North Africa, Afghanistan & Pakistan (excluding high income)'}",2020,1667961526440.19
MNA,"{'id': 'XQ', 'value': 'Middle East, North Africa, Afghanistan & Pakistan (excluding high income)'}",2019,1834354275856.43
MNA,"{'id': 'XQ', 'value': 'Middle East, North Africa, Afghanistan & Pakistan (excluding high income)'}",2018,1877875348076.98
MNA,"{'id': 'XQ', 'value': 'Middle East, North Africa, Afghanistan & Pakistan (excluding high income)'}",2017,1878260539942.56
MNA,"{'id': 'XQ', 'value': 'Middle East, North Africa, Afghanistan & Pakistan (excluding high income)'}",2016,1849124741125.58
MNA,"{'id': 'XQ', 'value': 'Middle East, North Africa, Afghanistan & Pakistan (excluding high income)'}",2015,1780659355969.3
TMN,"{'id': 'T3', 'value': 'Middle East, North Africa, Afghanistan & Pakistan (IDA & IBRD)'}",2024,2189893127426.38
TMN,"{'id': 'T3', 'value': 'Middle East, North Africa, Afghanistan & Pakistan (IDA & IBRD)'}",2023,2076820247144.99
TMN,"{'id': 'T3', 'value': 'Middle East, North Africa, Afghanistan & Pakistan (IDA & IBRD)'}",2022,2141649636190.98
TMN,"{'id': 'T3', 'value': 'Middle East, North Africa, Afghanistan & Pakistan (IDA & IBRD)'}",2021,1921603222007.44
TMN,"{'id': 'T3', 'value': 'Middle East, North Africa, Afghanistan & Pakistan (IDA & IBRD)'}",2020,1652429826440.19
TMN,"{'id': 'T3', 'value': 'Middle East, North Africa, Afghanistan & Pakistan (IDA & IBRD)'}",2019,1817220775856.43
TMN,"{'id': 'T3', 'value': 'Middle East, North Africa, Afghanistan & Pakistan (IDA & IBRD)'}",2018,1861598748076.98
TMN,"{'id': 'T3', 'value': 'Middle East, North Africa, Afghanistan & Pakistan (IDA & IBRD)'}",2017,1862132539942.56
TMN,"{'id': 'T3', 'value': 'Middle East, North Africa, Afghanistan & Pakistan (IDA & IBRD)'}",2016,1833719341125.58
TMN,"{'id': 'T3', 'value': 'Middle East, North Africa, Afghanistan & Pakistan (IDA & IBRD)'}",2015,1766686955969.3
MIC,"{'id': 'XP', 'value': 'Middle income'}",2024,38925709373017.7
MIC,"{'id': 'XP', 'value': 'Middle income'}",2023,37622349618946.3
MIC,"{'id': 'XP', 'value': 'Middle income'}",2022,36528767758177.8
MIC,"{'id': 'XP', 'value': 'Middle income'}",2021,34855974285498.8
MIC,"{'id': 'XP', 'value': 'Middle income'}",2020,29540859400642.8
MIC,"{'id': 'XP', 'value': 'Middle income'}",2019,30509054766961.0
MIC,"{'id': 'XP', 'value': 'Middle income'}",2018,29601678469854.1
MIC,"{'id': 'XP', 'value': 'Middle income'}",2017,27795014626627.4
MIC,"{'id': 'XP', 'value': 'Middle income'}",2016,25404351578541.5
MIC,"{'id': 'XP', 'value': 'Middle income'}",2015,25097130636126.9
NAC,"{'id': 'XU', 'value': 'North America'}",2024,31003826557365.0
NAC,"{'id': 'XU', 'value': 'North America'}",2023,29474089705278.7
NAC,"{'id': 'XU', 'value': 'North America'}",2022,27803134368745.3
NAC,"{'id': 'XU', 'value': 'North America'}",2021,25344749345423.2
NAC,"{'id': 'XU', 'value': 'North America'}",2020,22723045707000.2
NAC,"{'id': 'XU', 'value': 'North America'}",2019,23132124767672.5
NAC,"{'id': 'XU', 'value': 'North America'}",2018,22265612481783.0
NAC,"{'id': 'XU', 'value': 'North America'}",2017,21133744509244.1
NAC,"{'id': 'XU', 'value': 'North America'}",2016,20230005494907.4
NAC,"{'id': 'XU', 'value': 'North America'}",2015,19769184098217.1
,"{'id': 'XY', 'value': 'Not classified'}",2024,
,"{'id': 'XY', 'value': 'Not classified'}",2023,
,"{'id': 'XY', 'value': 'Not classified'}",2022,
,"{'id': 'XY', 'value': 'Not classified'}",2021,
,"{'id': 'XY', 'value': 'Not classified'}",2020,
,"{'id': 'XY', 'value': 'Not classified'}",2019,
,"{'id': 'XY', 'value': 'Not classified'}",2018,
,"{'id': 'XY', 'value': 'Not classified'}",2017,
,"{'id': 'XY', 'value': 'Not classified'}",2016,
,"{'id': 'XY', 'value': 'Not classified'}",2015,
OED,"{'id': 'OE', 'value': 'OECD members'}",2024,67500141717526.3
OED,"{'id': 'OE', 'value': 'OECD members'}",2023,64648892594414.4
OED,"{'id': 'OE', 'value': 'OECD members'}",2022,60588200976081.3
OED,"{'id': 'OE', 'value': 'OECD members'}",2021,59024824389525.6
OED,"{'id': 'OE', 'value': 'OECD members'}",2020,52851603026620.4
OED,"{'id': 'OE', 'value': 'OECD members'}",2019,54168727321922.0
OED,"{'id': 'OE', 'value': 'OECD members'}",2018,53652083661572.9
OED,"{'id': 'OE', 'value': 'OECD members'}",2017,50696690374014.3
OED,"{'id': 'OE', 'value': 'OECD members'}",2016,48552474323847.7
OED,"{'id': 'OE', 'value': 'OECD members'}",2015,47647221796959.1
OSS,"{'id': 'S4', 'value': 'Other small states'}",2024,208127281931.64
OSS,"{'id': 'S4', 'value': 'Other small states'}",2023,196615944595.18
OSS,"{'id': 'S4', 'value': 'Other small states'}",2022,181859538439.061
OSS,"{'id': 'S4', 'value': 'Other small states'}",2021,172038213758.242
OSS,"{'id': 'S4', 'value': 'Other small states'}",2020,146157676838.952
OSS,"{'id': 'S4', 'value': 'Other small states'}",2019,158530142448.216
OSS,"{'id': 'S4', 'value': 'Other small states'}",2018,158073876709.73
OSS,"{'id': 'S4', 'value': 'Other small states'}",2017,143284613956.474
OSS,"{'id': 'S4', 'value': 'Other small states'}",2016,128159325016.122
OSS,"{'id': 'S4', 'value': 'Other small states'}",2015,121433707011.691
PSS,"{'id': 'S2', 'value': 'Pacific island small states'}",2024,12124739862.5303
PSS,"{'id': 'S2', 'value': 'Pacific island small states'}",2023,11224282183.2085
PSS,"{'id': 'S2', 'value': 'Pacific island small states'}",2022,10350119919.8256
PSS,"{'id': 'S2', 'value': 'Pacific island small states'}",2021,9453908127.9322
PSS,"{'id': 'S2', 'value': 'Pacific island small states'}",2020,9323221713.12119
PSS,"{'id': 'S2', 'value': 'Pacific island small states'}",2019,10624838178.1263
PSS,"{'id': 'S2', 'value': 'Pacific island small states'}",2018,10796141328.2336
PSS,"{'id': 'S2', 'value': 'Pacific island small states'}",2017,10290493043.4688
PSS,"{'id': 'S2', 'value': 'Pacific island small states'}",2016,9556119494.38469
PSS,"{'id': 'S2', 'value': 'Pacific island small states'}",2015,9105865614.90318
PST,"{'id': 'V4', 'value': 'Post-demographic dividend'}",2024,62787810951925.4
PST,"{'id': 'V4', 'value': 'Post-demographic dividend'}",2023,60342185357196.3
PST,"{'id': 'V4', 'value': 'Post-demographic dividend'}",2022,56953387691844.6
PST,"{'id': 'V4', 'value': 'Post-demographic dividend'}",2021,55667487544829.4
PST,"{'id': 'V4', 'value': 'Post-demographic dividend'}",2020,49979090891717.8
PST,"{'id': 'V4', 'value': 'Post-demographic dividend'}",2019,51107356012296.7
PST,"{'id': 'V4', 'value': 'Post-demographic dividend'}",2018,50607464286251.2
PST,"{'id': 'V4', 'value': 'Post-demographic dividend'}",2017,47734461117479.6
PST,"{'id': 'V4', 'value': 'Post-demographic dividend'}",2016,45775578499373.8
PST,"{'id': 'V4', 'value': 'Post-demographic dividend'}",2015,44767511150189.7
PRE,"{'id': 'V1', 'value': 'Pre-demographic dividend'}",2024,1510802883684.15
PRE,"{'id': 'V1', 'value': 'Pre-demographic dividend'}",2023,1680243373294.08
PRE,"{'id': 'V1', 'value': 'Pre-demographic dividend'}",2022,1860790512304.23
PRE,"{'id': 'V1', 'value': 'Pre-demographic dividend'}",2021,1633932588860.86
PRE,"{'id': 'V1', 'value': 'Pre-demographic dividend'}",2020,1494279104787.47
PRE,"{'id': 'V1', 'value': 'Pre-demographic dividend'}",2019,1634625884352.83
PRE,"{'id': 'V1', 'value': 'Pre-demographic dividend'}",2018,1372023278046.38
PRE,"{'id': 'V1', 'value': 'Pre-demographic dividend'}",2017,1232604777297.1
PRE,"{'id': 'V1', 'value': 'Pre-demographic dividend'}",2016,1178803226989.3
PRE,"{'id': 'V1', 'value': 'Pre-demographic dividend'}",2015,1327634282632.05
SST,"{'id': 'S1', 'value': 'Small states'}",2024,310642066645.912
SST,"{'id': 'S1', 'value': 'Small states'}",2023,287374900231.333
SST,"{'id': 'S1', 'value': 'Small states'}",2022,270716089069.618
SST,"{'id': 'S1', 'value': 'Small states'}",2021,244179271151.622
SST,"{'id': 'S1', 'value': 'Small states'}",2020,208801767982.779
SST,"{'id': 'S1', 'value': 'Small states'}",2019,231340439109.049
SST,"{'id': 'S1', 'value': 'Small states'}",2018,230122099257.831
SST,"{'id': 'S1', 'value': 'Small states'}",2017,213265208434.292
SST,"{'id': 'S1', 'value': 'Small states'}",2016,195788612860.018
SST,"{'id': 'S1', 'value': 'Small states'}",2015,193084726298.623
SAS,"{'id': '8S', 'value': 'South Asia'}",2024,4512296631866.31
SAS,"{'id': '8S', 'value': 'South Asia'}",2023,4210302249458.65
SAS,"{'id': '8S', 'value': 'South Asia'}",2022,3930640287773.46
SAS,"{'id': '8S', 'value': 'South Asia'}",2021,3717045071833.11
SAS,"{'id': '8S', 'value': 'South Asia'}",2020,3172770463749.49
SAS,"{'id': '8S', 'value': 'South Asia'}",2019,3318484576527.33
SAS,"{'id': '8S', 'value': 'South Asia'}",2018,3159841615195.07
SAS,"{'id': '8S', 'value': 'South Asia'}",2017,3075955432871.73
SAS,"{'id': '8S', 'value': 'South Asia'}",2016,2679313169377.96
SAS,"{'id': '8S', 'value': 'South Asia'}",2015,2414503392484.38
TSA,"{'id': 'T5', 'value': 'South Asia (IDA & IBRD)'}",2024,4512296631866.31
TSA,"{'id': 'T5', 'value': 'South Asia (IDA & IBRD)'}",2023,4210302249458.65
TSA,"{'id': 'T5', 'value': 'South Asia (IDA & IBRD)'}",2022,3930640287773.46
TSA,"{'id': 'T5', 'value': 'South Asia (IDA & IBRD)'}",2021,3717045071833.11
TSA,"{'id': 'T5', 'value': 'South Asia (IDA & IBRD)'}",2020,3172770463749.49
TSA,"{'id': 'T5', 'value': 'South Asia (IDA & IBRD)'}",2019,3318484576527.33
TSA,"{'id': 'T5', 'value': 'South Asia (IDA & IBRD)'}",2018,3159841615195.07
TSA,"{'id': 'T5', 'value': 'South Asia (IDA & IBRD)'}",2017,3075955432871.73
TSA,"{'id': 'T5', 'value': 'South Asia (IDA & IBRD)'}",2016,2679313169377.96
TSA,"{'id': 'T5', 'value': 'South Asia (IDA & IBRD)'}",2015,2414503392484.38
SSF,"{'id': 'ZG', 'value': 'Sub-Saharan Africa'}",2024,1979078503991.37
SSF,"{'id': 'ZG', 'value': 'Sub-Saharan Africa'}",2023,2117597425394.65
SSF,"{'id': 'ZG', 'value': 'Sub-Saharan Africa'}",2022,2292617010267.0
SSF,"{'id': 'ZG', 'value': 'Sub-Saharan Africa'}",2021,2140795804040.0
SSF,"{'id': 'ZG', 'value': 'Sub-Saharan Africa'}",2020,1902392262699.06
SSF,"{'id': 'ZG', 'value': 'Sub-Saharan Africa'}",2019,2045711007848.14
SSF,"{'id': 'ZG', 'value': 'Sub-Saharan Africa'}",2018,1798796101321.48
SSF,"{'id': 'ZG', 'value': 'Sub-Saharan Africa'}",2017,1672127811803.69
SSF,"{'id': 'ZG', 'value': 'Sub-Saharan Africa'}",2016,1531896244777.67
SSF,"{'id': 'ZG', 'value': 'Sub-Saharan Africa'}",2015,1688024093175.49
SSA,"{'id': 'ZF', 'value': 'Sub-Saharan Africa (excluding high income)'}",2024,1827170966475.93
SSA,"{'id': 'ZF', 'value': 'Sub-Saharan Africa (excluding high income)'}",2023,1979535952437.49
SSA,"{'id': 'ZF', 'value': 'Sub-Saharan Africa (excluding high income)'}",2022,2167458359012.26
SSA,"{'id': 'ZF', 'value': 'Sub-Saharan Africa (excluding high income)'}",2021,2030237669873.33
SSA,"{'id': 'ZF', 'value': 'Sub-Saharan Africa (excluding high income)'}",2020,1802332899886.09
SSA,"{'id': 'ZF', 'value': 'Sub-Saharan Africa (excluding high income)'}",2019,1952007800638.78
SSA,"{'id': 'ZF', 'value': 'Sub-Saharan Africa (excluding high income)'}",2018,1713673886322.74
SSA,"{'id': 'ZF', 'value': 'Sub-Saharan Africa (excluding high income)'}",2017,1594086359396.0
SSA,"{'id': 'ZF', 'value': 'Sub-Saharan Africa (excluding high income)'}",2016,1461851860219.92
SSA,"{'id': 'ZF', 'value': 'Sub-Saharan Africa (excluding high income)'}",2015,1624488271641.54
TSS,"{'id': 'T6', 'value': 'Sub-Saharan Africa (IDA & IBRD countries)'}",2024,1979078503991.37
TSS,"{'id': 'T6', 'value': 'Sub-Saharan Africa (IDA & IBRD countries)'}",2023,2117597425394.64
TSS,"{'id': 'T6', 'value': 'Sub-Saharan Africa (IDA & IBRD countries)'}",2022,2292617010267.0
TSS,"{'id': 'T6', 'value': 'Sub-Saharan Africa (IDA & IBRD countries)'}",2021,2140795804040.0
TSS,"{'id': 'T6', 'value': 'Sub-Saharan Africa (IDA & IBRD countries)'}",2020,1902392262699.06
TSS,"{'id': 'T6', 'value': 'Sub-Saharan Africa (IDA & IBRD countries)'}",2019,2045711007848.14
TSS,"{'id': 'T6', 'value': 'Sub-Saharan Africa (IDA & IBRD countries)'}",2018,1798796101321.48
TSS,"{'id': 'T6', 'value': 'Sub-Saharan Africa (IDA & IBRD countries)'}",2017,1672127811803.69
TSS,"{'id': 'T6', 'value': 'Sub-Saharan Africa (IDA & IBRD countries)'}",2016,1531896244777.67
TSS,"{'id': 'T6', 'value': 'Sub-Saharan Africa (IDA & IBRD countries)'}",2015,1688024093175.49
,"{'id': 'XT', 'value': 'Upper middle income'}",2024,30986054597959.2
,"{'id': 'XT', 'value': 'Upper middle income'}",2023,29939274216922.3
,"{'id': 'XT', 'value': 'Upper middle income'}",2022,28940725480186.1
,"{'id': 'XT', 'value': 'Upper middle income'}",2021,27732726329893.6
,"{'id': 'XT', 'value': 'Upper middle income'}",2020,23243062185366.1
,"{'id': 'XT', 'value': 'Upper middle income'}",2019,23981611801327.3
,"{'id': 'XT', 'value': 'Upper middle income'}",2018,23578896359333.1
,"{'id': 'XT', 'value': 'Upper middle income'}",2017,22024556422932.4
,"{'id': 'XT', 'value': 'Upper middle income'}",2016,20085178332818.9
,"{'id': 'XT', 'value': 'Upper middle income'}",2015,19986614322858.2
WLD,"{'id': '1W', 'value': 'World'}",2024,110982661180013.0
WLD,"{'id': '1W', 'value': 'World'}",2023,106741647821064.0
WLD,"{'id': '1W', 'value': 'World'}",2022,102251524725531.0
WLD,"{'id': '1W', 'value': 'World'}",2021,98140475264975.9
WLD,"{'id': '1W', 'value': 'World'}",2020,85912761035231.2
WLD,"{'id': '1W', 'value': 'World'}",2019,88483262418196.6
WLD,"{'id': '1W', 'value': 'World'}",2018,87050964956078.4
WLD,"{'id': '1W', 'value': 'World'}",2017,81839102917044.7
WLD,"{'id': '1W', 'value': 'World'}",2016,76831684012526.2
WLD,"{'id': '1W', 'value': 'World'}",2015,75621913961646.2
AFG,"{'id': 'AF', 'value': 'Afghanistan'}",2024,
AFG,"{'id': 'AF', 'value': 'Afghanistan'}",2023,17152234636.8715
AFG,"{'id': 'AF', 'value': 'Afghanistan'}",2022,14497243872.1337
AFG,"{'id': 'AF', 'value': 'Afghanistan'}",2021,14259995441.0759
AFG,"{'id': 'AF', 'value': 'Afghanistan'}",2020,19955929052.1496
AFG,"{'id': 'AF', 'value': 'Afghanistan'}",2019,18799444490.1128
AFG,"{'id': 'AF', 'value': 'Afghanistan'}",2018,18053222687.4126
AFG,"{'id': 'AF', 'value': 'Afghanistan'}",2017,18753456497.8159
AFG,"{'id': 'AF', 'value': 'Afghanistan'}",2016,18116572395.0772
AFG,"{'id': 'AF', 'value': 'Afghanistan'}",2015,19134221644.7325
ALB,"{'id': 'AL', 'value': 'Albania'}",2024,27046429296.6673
ALB,"{'id': 'AL', 'value': 'Albania'}",2023,23491242727.4082
ALB,"{'id': 'AL', 'value': 'Albania'}",2022,19017247013.8821
ALB,"{'id': 'AL', 'value': 'Albania'}",2021,18031989573.0294
ALB,"{'id': 'AL', 'value': 'Albania'}",2020,15241458744.5927
ALB,"{'id': 'AL', 'value': 'Albania'}",2019,15585111614.0376
ALB,"{'id': 'AL', 'value': 'Albania'}",2018,15379508329.7568
ALB,"{'id': 'AL', 'value': 'Albania'}",2017,13258268435.6048
ALB,"{'id': 'AL', 'value': 'Albania'}",2016,11988668784.6628
ALB,"{'id': 'AL', 'value': 'Albania'}",2015,11470171826.9575
DZA,"{'id': 'DZ', 'value': 'Algeria'}",2024,269322281664.773
DZA,"{'id': 'DZ', 'value': 'Algeria'}",2023,247923887214.655
DZA,"{'id': 'DZ', 'value': 'Algeria'}",2022,225581644702.568
DZA,"{'id': 'DZ', 'value': 'Algeria'}",2021,186231205262.082
DZA,"{'id': 'DZ', 'value': 'Algeria'}",2020,164873415325.201
DZA,"{'id': 'DZ', 'value': 'Algeria'}",2019,193459662090.677
DZA,"{'id': 'DZ', 'value': 'Algeria'}",2018,194554483655.528
DZA,"{'id': 'DZ', 'value': 'Algeria'}",2017,189880896903.073
DZA,"{'id': 'DZ', 'value': 'Algeria'}",2016,180763839522.151
DZA,"{'id': 'DZ', 'value': 'Algeria'}",2015,187493855609.345
ASM,"{'id': 'AS', 'value': 'American Samoa'}",2024,
ASM,"{'id': 'AS', 'value': 'American Samoa'}",2023,
ASM,"{'id': 'AS', 'value': 'American Samoa'}",2022,871000000.0
ASM,"{'id': 'AS', 'value': 'American Samoa'}",2021,750000000.0
ASM,"{'id': 'AS', 'value': 'American Samoa'}",2020,721000000.0
ASM,"{'id': 'AS', 'value': 'American Samoa'}",2019,647000000.0
ASM,"{'id': 'AS', 'value': 'American Samoa'}",2018,639000000.0
ASM,"{'id': 'AS', 'value': 'American Samoa'}",2017,612000000.0
ASM,"{'id': 'AS', 'value': 'American Samoa'}",2016,671000000.0
ASM,"{'id': 'AS', 'value': 'American Samoa'}",2015,673000000.0
AND,"{'id': 'AD', 'value': 'Andorra'}",2024,4039842405.48117
AND,"{'id': 'AD', 'value': 'Andorra'}",2023,3785065524.84754
AND,"{'id': 'AD', 'value': 'Andorra'}",2022,3380611694.73392
AND,"{'id': 'AD', 'value': 'Andorra'}",2021,3324648075.56293
AND,"{'id': 'AD', 'value': 'Andorra'}",2020,2891002460.29153
AND,"{'id': 'AD', 'value': 'Andorra'}",2019,3155150255.91195
AND,"{'id': 'AD', 'value': 'Andorra'}",2018,3218418631.67579
AND,"{'id': 'AD', 'value': 'Andorra'}",2017,3000160414.63795
AND,"{'id': 'AD', 'value': 'Andorra'}",2016,2896611878.6258
AND,"{'id': 'AD', 'value': 'Andorra'}",2015,2789882569.1005
AGO,"{'id': 'AO', 'value': 'Angola'}",2024,100998916781.079
AGO,"{'id': 'AO', 'value': 'Angola'}",2023,107167747140.127
AGO,"{'id': 'AO', 'value': 'Angola'}",2022,131212208930.344
AGO,"{'id': 'AO', 'value': 'Angola'}",2021,79559543805.2963
AGO,"{'id': 'AO', 'value': 'Angola'}",2020,58852456453.8769
AGO,"{'id': 'AO', 'value': 'Angola'}",2019,80734428592.5368
AGO,"{'id': 'AO', 'value': 'Angola'}",2018,89512794227.495
AGO,"{'id': 'AO', 'value': 'Angola'}",2017,84376935689.3366
AGO,"{'id': 'AO', 'value': 'Angola'}",2016,59878249719.3279
AGO,"{'id': 'AO', 'value': 'Angola'}",2015,102543067840.732
ATG,"{'id': 'AG', 'value': 'Antigua and Barbuda'}",2024,2207622874.07407
ATG,"{'id': 'AG', 'value': 'Antigua and Barbuda'}",2023,2005785185.18518
ATG,"{'id': 'AG', 'value': 'Antigua and Barbuda'}",2022,1866566666.66667
ATG,"{'id': 'AG', 'value': 'Antigua and Barbuda'}",2021,1602125925.92593
ATG,"{'id': 'AG', 'value': 'Antigua and Barbuda'}",2020,1411637037.03704
ATG,"{'id': 'AG', 'value': 'Antigua and Barbuda'}",2019,1726448148.14815
ATG,"{'id': 'AG', 'value': 'Antigua and Barbuda'}",2018,1661529629.62963
ATG,"{'id': 'AG', 'value': 'Antigua and Barbuda'}",2017,1534855555.55556
ATG,"{'id': 'AG', 'value': 'Antigua and Barbuda'}",2016,1489603703.7037
ATG,"{'id': 'AG', 'value': 'Antigua and Barbuda'}",2015,1437485185.18519
ARG,"{'id': 'AR', 'value': 'Argentina'}",2024,638365455340.04
ARG,"{'id': 'AR', 'value': 'Argentina'}",2023,649461687959.174
ARG,"{'id': 'AR', 'value': 'Argentina'}",2022,633993756301.08
ARG,"{'id': 'AR', 'value': 'Argentina'}",2021,486564085480.036
ARG,"{'id': 'AR', 'value': 'Argentina'}",2020,385740508436.965
ARG,"{'id': 'AR', 'value': 'Argentina'}",2019,447754683615.225
ARG,"{'id': 'AR', 'value': 'Argentina'}",2018,524819892360.176
ARG,"{'id': 'AR', 'value': 'Argentina'}",2017,643628393281.364
ARG,"{'id': 'AR', 'value': 'Argentina'}",2016,557532320662.955
ARG,"{'id': 'AR', 'value': 'Argentina'}",2015,594749285413.212
ARM,"{'id': 'AM', 'value': 'Armenia'}",2024,25955275380.0321
ARM,"{'id': 'AM', 'value': 'Armenia'}",2023,24185982215.6543
ARM,"{'id': 'AM', 'value': 'Armenia'}",2022,19513506553.1251
ARM,"{'id': 'AM', 'value': 'Armenia'}",2021,13878908628.9378
ARM,"{'id': 'AM', 'value': 'Armenia'}",2020,12641698583.2152
ARM,"{'id': 'AM', 'value': 'Armenia'}",2019,13619290539.2116
ARM,"{'id': 'AM', 'value': 'Armenia'}",2018,12457940694.7395
ARM,"{'id': 'AM', 'value': 'Armenia'}",2017,11527458709.0158
ARM,"{'id': 'AM', 'value': 'Armenia'}",2016,10546136235.5219
ARM,"{'id': 'AM', 'value': 'Armenia'}",2015,10553337518.414
ABW,"{'id': 'AW', 'value': 'Aruba'}",2024,4265650673.00236
ABW,"{'id': 'AW', 'value': 'Aruba'}",2023,3834729616.12027
ABW,"{'id': 'AW', 'value': 'Aruba'}",2022,3324034443.26581
ABW,"{'id': 'AW', 'value': 'Aruba'}",2021,2880902798.92288
ABW,"{'id': 'AW', 'value': 'Aruba'}",2020,2471419181.71957
ABW,"{'id': 'AW', 'value': 'Aruba'}",2019,3346623191.45988
ABW,"{'id': 'AW', 'value': 'Aruba'}",2018,3276187709.49721
ABW,"{'id': 'AW', 'value': 'Aruba'}",2017,3092427932.96089
ABW,"{'id': 'AW', 'value': 'Aruba'}",2016,2983637430.1676
ABW,"{'id': 'AW', 'value': 'Aruba'}",2015,2962906703.91061
AUS,"{'id': 'AU', 'value': 'Australia'}",2024,1757022451652.83
AUS,"{'id': 'AU', 'value': 'Australia'}",2023,1734451264655.6
AUS,"{'id': 'AU', 'value': 'Australia'}",2022,1695627535475.8
AUS,"{'id': 'AU', 'value': 'Australia'}",2021,1560617493202.69
AUS,"{'id': 'AU', 'value': 'Australia'}",2020,1333336461648.09
AUS,"{'id': 'AU', 'value': 'Australia'}",2019,1398349602956.35
AUS,"{'id': 'AU', 'value': 'Australia'}",2018,1433144978761.67
AUS,"{'id': 'AU', 'value': 'Australia'}",2017,1330890554614.09
AUS,"{'id': 'AU', 'value': 'Australia'}",2016,1211588128417.61
AUS,"{'id': 'AU', 'value': 'Australia'}",2015,1356805839935.9
AUT,"{'id': 'AT', 'value': 'Austria'}",2024,534790720466.822
AUT,"{'id': 'AT', 'value': 'Austria'}",2023,516670509628.876
AUT,"{'id': 'AT', 'value': 'Austria'}",2022,473221298968.216
AUT,"{'id': 'AT', 'value': 'Austria'}",2021,480466363176.806
AUT,"{'id': 'AT', 'value': 'Austria'}",2020,434397601557.696
AUT,"{'id': 'AT', 'value': 'Austria'}",2019,442983642371.842
AUT,"{'id': 'AT', 'value': 'Austria'}",2018,452582294972.775
AUT,"{'id': 'AT', 'value': 'Austria'}",2017,414926138132.691
AUT,"{'id': 'AT', 'value': 'Austria'}",2016,393687359770.273
AUT,"{'id': 'AT', 'value': 'Austria'}",2015,379546097300.633
AZE,"{'id': 'AZ', 'value': 'Azerbaijan'}",2024,74315882352.9412
AZE,"{'id': 'AZ', 'value': 'Azerbaijan'}",2023,72428470588.2353
AZE,"{'id': 'AZ', 'value': 'Azerbaijan'}",2022,78807470588.2353
AZE,"{'id': 'AZ', 'value': 'Azerbaijan'}",2021,54825411764.7059
AZE,"{'id': 'AZ', 'value': 'Azerbaijan'}",2020,42693000000.0
AZE,"{'id': 'AZ', 'value': 'Azerbaijan'}",2019,48174235294.1176
AZE,"{'id': 'AZ', 'value': 'Azerbaijan'}",2018,47112470051.7701
AZE,"{'id': 'AZ', 'value': 'Azerbaijan'}",2017,40866627351.9817
AZE,"{'id': 'AZ', 'value': 'Azerbaijan'}",2016,37866996882.9157
AZE,"{'id': 'AZ', 'value': 'Azerbaijan'}",2015,53076235354.746
BHS,"{'id': 'BS', 'value': 'Bahamas, The'}",2024,15832800000.0
BHS,"{'id': 'BS', 'value': 'Bahamas, The'}",2023,15271300000.0
BHS,"{'id': 'BS', 'value': 'Bahamas, The'}",2022,13896800000.0
BHS,"{'id': 'BS', 'value': 'Bahamas, The'}",2021,12037000000.0
BHS,"{'id': 'BS', 'value': 'Bahamas, The'}",2020,10363200000.0
BHS,"{'id': 'BS', 'value': 'Bahamas, The'}",2019,13277000000.0
BHS,"{'id': 'BS', 'value': 'Bahamas, The'}",2018,12819200000.0
BHS,"{'id': 'BS', 'value': 'Bahamas, The'}",2017,12446900000.0
BHS,"{'id': 'BS', 'value': 'Bahamas, The'}",2016,11880900000.0
BHS,"{'id': 'BS', 'value': 'Bahamas, The'}",2015,11837600000.0
BHR,"{'id': 'BH', 'value': 'Bahrain'}",2024,47109734308.5106
BHR,"{'id': 'BH', 'value': 'Bahrain'}",2023,46192260638.2979
BHR,"{'id': 'BH', 'value': 'Bahrain'}",2022,46458191489.3617
BHR,"{'id': 'BH', 'value': 'Bahrain'}",2021,40840212765.9574
BHR,"{'id': 'BH', 'value': 'Bahrain'}",2020,35837632978.7234
BHR,"{'id': 'BH', 'value': 'Bahrain'}",2019,40446808510.6383
BHR,"{'id': 'BH', 'value': 'Bahrain'}",2018,39567978723.4043
BHR,"{'id': 'BH', 'value': 'Bahrain'}",2017,37204813829.7872
BHR,"{'id': 'BH', 'value': 'Bahrain'}",2016,33884680851.0638
BHR,"{'id': 'BH', 'value': 'Bahrain'}",2015,32523297872.3404
BGD,"{'id': 'BD', 'value': 'Bangladesh'}",2024,450119432068.852
BGD,"{'id': 'BD', 'value': 'Bangladesh'}",2023,437415333018.291
BGD,"{'id': 'BD', 'value': 'Bangladesh'}",2022,460131689083.083
BGD,"{'id': 'BD', 'value': 'Bangladesh'}",2021,416271647911.014
BGD,"{'id': 'BD', 'value': 'Bangladesh'}",2020,373979442362.193
BGD,"{'id': 'BD', 'value': 'Bangladesh'}",2019,351231654603.692
BGD,"{'id': 'BD', 'value': 'Bangladesh'}",2018,321362752441.78
BGD,"{'id': 'BD', 'value': 'Bangladesh'}",2017,293732446624.596
BGD,"{'id': 'BD', 'value': 'Bangladesh'}",2016,265224515675.034
BGD,"{'id': 'BD', 'value': 'Bangladesh'}",2015,195146608978.131
BRB,"{'id': 'BB', 'value': 'Barbados'}",2024,7498050000.0
BRB,"{'id': 'BB', 'value': 'Barbados'}",2023,7223250000.0
BRB,"{'id': 'BB', 'value': 'Barbados'}",2022,6884900000.0
BRB,"{'id': 'BB', 'value': 'Barbados'}",2021,5947550000.0
BRB,"{'id': 'BB', 'value': 'Barbados'}",2020,5407050000.0
BRB,"{'id': 'BB', 'value': 'Barbados'}",2019,6161850000.0
BRB,"{'id': 'BB', 'value': 'Barbados'}",2018,6001950000.0
BRB,"{'id': 'BB', 'value': 'Barbados'}",2017,5683150000.0
BRB,"{'id': 'BB', 'value': 'Barbados'}",2016,5674600000.0
BRB,"{'id': 'BB', 'value': 'Barbados'}",2015,5698150000.0
BLR,"{'id': 'BY', 'value': 'Belarus'}",2024,75961865471.9129
BLR,"{'id': 'BY', 'value': 'Belarus'}",2023,72478760370.4258
BLR,"{'id': 'BY', 'value': 'Belarus'}",2022,73775179924.603
BLR,"{'id': 'BY', 'value': 'Belarus'}",2021,69673747131.87
BLR,"{'id': 'BY', 'value': 'Belarus'}",2020,61371673344.7424
BLR,"{'id': 'BY', 'value': 'Belarus'}",2019,64410170653.4569
BLR,"{'id': 'BY', 'value': 'Belarus'}",2018,60031026576.26
BLR,"{'id': 'BY', 'value': 'Belarus'}",2017,54725405751.1559
BLR,"{'id': 'BY', 'value': 'Belarus'}",2016,47723545321.259
BLR,"{'id': 'BY', 'value': 'Belarus'}",2015,56454769844.7632
BEL,"{'id': 'BE', 'value': 'Belgium'}",2024,671370081636.406
BEL,"{'id': 'BE', 'value': 'Belgium'}",2023,651330595110.011
BEL,"{'id': 'BE', 'value': 'Belgium'}",2022,591085783326.267
BEL,"{'id': 'BE', 'value': 'Belgium'}",2021,598522422241.851
BEL,"{'id': 'BE', 'value': 'Belgium'}",2020,529694473501.791
BEL,"{'id': 'BE', 'value': 'Belgium'}",2019,536726344405.489
BEL,"{'id': 'BE', 'value': 'Belgium'}",2018,542638913427.921
BEL,"{'id': 'BE', 'value': 'Belgium'}",2017,500908767351.53
BEL,"{'id': 'BE', 'value': 'Belgium'}",2016,474271566739.729
BEL,"{'id': 'BE', 'value': 'Belgium'}",2015,461044767544.531
BLZ,"{'id': 'BZ', 'value': 'Belize'}",2024,3203631800.0
BLZ,"{'id': 'BZ', 'value': 'Belize'}",2023,3052362650.0
BLZ,"{'id': 'BZ', 'value': 'Belize'}",2022,2846604350.0
BLZ,"{'id': 'BZ', 'value': 'Belize'}",2021,2428606250.0
BLZ,"{'id': 'BZ', 'value': 'Belize'}",2020,2047284600.0
BLZ,"{'id': 'BZ', 'value': 'Belize'}",2019,2381187850.0
BLZ,"{'id': 'BZ', 'value': 'Belize'}",2018,2285915050.0
BLZ,"{'id': 'BZ', 'value': 'Belize'}",2017,2266028250.0
BLZ,"{'id': 'BZ', 'value': 'Belize'}",2016,2239604950.0
BLZ,"{'id': 'BZ', 'value': 'Belize'}",2015,2193095150.0
BEN,"{'id': 'BJ', 'value': 'Benin'}",2024,21482643706.4249
BEN,"{'id': 'BJ', 'value': 'Benin'}",2023,19673291004.1444
BEN,"{'id': 'BJ', 'value': 'Benin'}",2022,17425405090.862
BEN,"{'id': 'BJ', 'value': 'Benin'}",2021,17687623530.3355
BEN,"{'id': 'BJ', 'value': 'Benin'}",2020,15686741883.934
BEN,"{'id': 'BJ', 'value': 'Benin'}",2019,14391686313.4641
BEN,"{'id': 'BJ', 'value': 'Benin'}",2018,14262408089.9261
BEN,"{'id': 'BJ', 'value': 'Benin'}",2017,12701655836.9467
BEN,"{'id': 'BJ', 'value': 'Benin'}",2016,11821065853.3838
BEN,"{'id': 'BJ', 'value': 'Benin'}",2015,11388160996.7738
BMU,"{'id': 'BM', 'value': 'Bermuda'}",2024,9233600000.0
BMU,"{'id': 'BM', 'value': 'Bermuda'}",2023,8579242000.0
BMU,"{'id': 'BM', 'value': 'Bermuda'}",2022,7874381000.0
BMU,"{'id': 'BM', 'value': 'Bermuda'}",2021,7290037000.0
BMU,"{'id': 'BM', 'value': 'Bermuda'}",2020,6887364000.0
BMU,"{'id': 'BM', 'value': 'Bermuda'}",2019,7423465000.0
BMU,"{'id': 'BM', 'value': 'Bermuda'}",2018,7225977000.0
BMU,"{'id': 'BM', 'value': 'Bermuda'}",2017,7142316000.0
BMU,"{'id': 'BM', 'value': 'Bermuda'}",2016,6899911000.0
BMU,"{'id': 'BM', 'value': 'Bermuda'}",2015,6654541000.0
BTN,"{'id': 'BT', 'value': 'Bhutan'}",2024,
BTN,"{'id': 'BT', 'value': 'Bhutan'}",2023,3012896789.24928
BTN,"{'id': 'BT', 'value': 'Bhutan'}",2022,2898227743.75576
BTN,"{'id': 'BT', 'value': 'Bhutan'}",2021,2768802960.11204
BTN,"{'id': 'BT', 'value': 'Bhutan'}",2020,2457604333.90927
BTN,"{'id': 'BT', 'value': 'Bhutan'}",2019,2735683570.46155
BTN,"{'id': 'BT', 'value': 'Bhutan'}",2018,2583335721.85904
BTN,"{'id': 'BT', 'value': 'Bhutan'}",2017,2591358009.20276
BTN,"{'id': 'BT', 'value': 'Bhutan'}",2016,2357504760.78592
BTN,"{'id': 'BT', 'value': 'Bhutan'}",2015,2187815803.36833
BOL,"{'id': 'BO', 'value': 'Bolivia'}",2024,54881327452.9667
BOL,"{'id': 'BO', 'value': 'Bolivia'}",2023,52340206946.4544
BOL,"{'id': 'BO', 'value': 'Bolivia'}",2022,50959081953.6903
BOL,"{'id': 'BO', 'value': 'Bolivia'}",2021,47877892402.3155
BOL,"{'id': 'BO', 'value': 'Bolivia'}",2020,42313784081.042
BOL,"{'id': 'BO', 'value': 'Bolivia'}",2019,49056643589.0014
BOL,"{'id': 'BO', 'value': 'Bolivia'}",2018,48414038842.2576
BOL,"{'id': 'BO', 'value': 'Bolivia'}",2017,45927439594.7902
BOL,"{'id': 'BO', 'value': 'Bolivia'}",2016,33941126193.9219
BOL,"{'id': 'BO', 'value': 'Bolivia'}",2015,33000198248.9146
BIH,"{'id': 'BA', 'value': 'Bosnia and Herzegovina'}",2024,29613572022.8993
BIH,"{'id': 'BA', 'value': 'Bosnia and Herzegovina'}",2023,27592361498.4057
BIH,"{'id': 'BA', 'value': 'Bosnia and Herzegovina'}",2022,24534663636.1778
BIH,"{'id': 'BA', 'value': 'Bosnia and Herzegovina'}",2021,23672712121.2671
BIH,"{'id': 'BA', 'value': 'Bosnia and Herzegovina'}",2020,20226038369.9191
BIH,"{'id': 'BA', 'value': 'Bosnia and Herzegovina'}",2019,20482608984.3316
BIH,"{'id': 'BA', 'value': 'Bosnia and Herzegovina'}",2018,20484058033.1144
BIH,"{'id': 'BA', 'value': 'Bosnia and Herzegovina'}",2017,18326373135.6099
BIH,"{'id': 'BA', 'value': 'Bosnia and Herzegovina'}",2016,17116926553.8513
BIH,"{'id': 'BA', 'value': 'Bosnia and Herzegovina'}",2015,16404348361.0926
BWA,"{'id': 'BW', 'value': 'Botswana'}",2024,19402063512.9066
BWA,"{'id': 'BW', 'value': 'Botswana'}",2023,19411266967.1044
BWA,"{'id': 'BW', 'value': 'Botswana'}",2022,20321150599.1523
BWA,"{'id': 'BW', 'value': 'Botswana'}",2021,18750182236.2211
BWA,"{'id': 'BW', 'value': 'Botswana'}",2020,14960251607.8135
BWA,"{'id': 'BW', 'value': 'Botswana'}",2019,16725908148.5481
BWA,"{'id': 'BW', 'value': 'Botswana'}",2018,17031943186.1353
BWA,"{'id': 'BW', 'value': 'Botswana'}",2017,16105155856.7708
BWA,"{'id': 'BW', 'value': 'Botswana'}",2016,15082637184.0496
BWA,"{'id': 'BW', 'value': 'Botswana'}",2015,13530748844.505
BRA,"{'id': 'BR', 'value': 'Brazil'}",2024,2185821648943.86
BRA,"{'id': 'BR', 'value': 'Brazil'}",2023,2191131869706.02
BRA,"{'id': 'BR', 'value': 'Brazil'}",2022,1951923832083.87
BRA,"{'id': 'BR', 'value': 'Brazil'}",2021,1670647464062.96
BRA,"{'id': 'BR', 'value': 'Brazil'}",2020,1476107292151.95
BRA,"{'id': 'BR', 'value': 'Brazil'}",2019,1873288158838.63
BRA,"{'id': 'BR', 'value': 'Brazil'}",2018,1916933708352.71
BRA,"{'id': 'BR', 'value': 'Brazil'}",2017,2063514688805.78
BRA,"{'id': 'BR', 'value': 'Brazil'}",2016,1795693265999.04
BRA,"{'id': 'BR', 'value': 'Brazil'}",2015,1802211999456.42
VGB,"{'id': 'VG', 'value': 'British Virgin Islands'}",2024,
VGB,"{'id': 'VG', 'value': 'British Virgin Islands'}",2023,
VGB,"{'id': 'VG', 'value': 'British Virgin Islands'}",2022,
VGB,"{'id': 'VG', 'value': 'British Virgin Islands'}",2021,
VGB,"{'id': 'VG', 'value': 'British Virgin Islands'}",2020,
VGB,"{'id': 'VG', 'value': 'British Virgin Islands'}",2019,
VGB,"{'id': 'VG', 'value': 'British Virgin Islands'}",2018,
VGB,"{'id': 'VG', 'value': 'British Virgin Islands'}",2017,
VGB,"{'id': 'VG', 'value': 'British Virgin Islands'}",2016,
VGB,"{'id': 'VG', 'value': 'British Virgin Islands'}",2015,
BRN,"{'id': 'BN', 'value': 'Brunei Darussalam'}",2024,15340808592.48
BRN,"{'id': 'BN', 'value': 'Brunei Darussalam'}",2023,15095084656.1634
BRN,"{'id': 'BN', 'value': 'Brunei Darussalam'}",2022,16681536466.7183
BRN,"{'id': 'BN', 'value': 'Brunei Darussalam'}",2021,14006496617.4458
BRN,"{'id': 'BN', 'value': 'Brunei Darussalam'}",2020,12005799653.9835
BRN,"{'id': 'BN', 'value': 'Brunei Darussalam'}",2019,13469235364.7032
BRN,"{'id': 'BN', 'value': 'Brunei Darussalam'}",2018,13566908391.0895
BRN,"{'id': 'BN', 'value': 'Brunei Darussalam'}",2017,12128168045.1245
BRN,"{'id': 'BN', 'value': 'Brunei Darussalam'}",2016,11400266044.6651
BRN,"{'id': 'BN', 'value': 'Brunei Darussalam'}",2015,12930296870.1247
BGR,"{'id': 'BG', 'value': 'Bulgaria'}",2024,113343355779.985
BGR,"{'id': 'BG', 'value': 'Bulgaria'}",2023,102199231384.542
BGR,"{'id': 'BG', 'value': 'Bulgaria'}",2022,90506153293.6733
BGR,"{'id': 'BG', 'value': 'Bulgaria'}",2021,84374613233.36
BGR,"{'id': 'BG', 'value': 'Bulgaria'}",2020,70486877546.4901
BGR,"{'id': 'BG', 'value': 'Bulgaria'}",2019,68507731353.9114
BGR,"{'id': 'BG', 'value': 'Bulgaria'}",2018,66097226262.2191
BGR,"{'id': 'BG', 'value': 'Bulgaria'}",2017,59167647387.606
BGR,"{'id': 'BG', 'value': 'Bulgaria'}",2016,53929397039.2106
BGR,"{'id': 'BG', 'value': 'Bulgaria'}",2015,50765918159.1476
BFA,"{'id': 'BF', 'value': 'Burkina Faso'}",2024,23124729853.0218
BFA,"{'id': 'BF', 'value': 'Burkina Faso'}",2023,20112614449.2039
BFA,"{'id': 'BF', 'value': 'Burkina Faso'}",2022,18622421394.6133
BFA,"{'id': 'BF', 'value': 'Burkina Faso'}",2021,19697516284.3787
BFA,"{'id': 'BF', 'value': 'Burkina Faso'}",2020,17725010532.5268
BFA,"{'id': 'BF', 'value': 'Burkina Faso'}",2019,16032813503.3707
BFA,"{'id': 'BF', 'value': 'Burkina Faso'}",2018,15890066221.2882
BFA,"{'id': 'BF', 'value': 'Burkina Faso'}",2017,14106955615.3442
BFA,"{'id': 'BF', 'value': 'Burkina Faso'}",2016,12833363045.3367
BFA,"{'id': 'BF', 'value': 'Burkina Faso'}",2015,11832159315.6298
BDI,"{'id': 'BI', 'value': 'Burundi'}",2024,3082433067.32634
BDI,"{'id': 'BI', 'value': 'Burundi'}",2023,3430949249.91221
BDI,"{'id': 'BI', 'value': 'Burundi'}",2022,4036192552.88879
BDI,"{'id': 'BI', 'value': 'Burundi'}",2021,3435598072.7935
BDI,"{'id': 'BI', 'value': 'Burundi'}",2020,3227847281.31544
BDI,"{'id': 'BI', 'value': 'Burundi'}",2019,2871555326.31029
BDI,"{'id': 'BI', 'value': 'Burundi'}",2018,2913411408.44783
BDI,"{'id': 'BI', 'value': 'Burundi'}",2017,2831362208.34039
BDI,"{'id': 'BI', 'value': 'Burundi'}",2016,2618093125.14687
BDI,"{'id': 'BI', 'value': 'Burundi'}",2015,2810532912.49975
CPV,"{'id': 'CV', 'value': 'Cabo Verde'}",2024,2725414150.72735
CPV,"{'id': 'CV', 'value': 'Cabo Verde'}",2023,2504525548.71164
CPV,"{'id': 'CV', 'value': 'Cabo Verde'}",2022,2247003344.34242
CPV,"{'id': 'CV', 'value': 'Cabo Verde'}",2021,2051842618.70539
CPV,"{'id': 'CV', 'value': 'Cabo Verde'}",2020,1821565613.68613
CPV,"{'id': 'CV', 'value': 'Cabo Verde'}",2019,2252177124.32402
CPV,"{'id': 'CV', 'value': 'Cabo Verde'}",2018,2205099506.99994
CPV,"{'id': 'CV', 'value': 'Cabo Verde'}",2017,1996741539.95088
CPV,"{'id': 'CV', 'value': 'Cabo Verde'}",2016,1849789985.99572
CPV,"{'id': 'CV', 'value': 'Cabo Verde'}",2015,1749857620.35329
KHM,"{'id': 'KH', 'value': 'Cambodia'}",2024,46352647037.2406
KHM,"{'id': 'KH', 'value': 'Cambodia'}",2023,42335646895.7984
KHM,"{'id': 'KH', 'value': 'Cambodia'}",2022,39994532959.6074
KHM,"{'id': 'KH', 'value': 'Cambodia'}",2021,36790163687.4421
KHM,"{'id': 'KH', 'value': 'Cambodia'}",2020,34818073901.4851
KHM,"{'id': 'KH', 'value': 'Cambodia'}",2019,36685356407.7206
KHM,"{'id': 'KH', 'value': 'Cambodia'}",2018,33145892168.8958
KHM,"{'id': 'KH', 'value': 'Cambodia'}",2017,29355665909.7905
KHM,"{'id': 'KH', 'value': 'Cambodia'}",2016,26556545153.3573
KHM,"{'id': 'KH', 'value': 'Cambodia'}",2015,24174170369.0738
CMR,"{'id': 'CM', 'value': 'Cameroon'}",2024,53296694320.2057
CMR,"{'id': 'CM', 'value': 'Cameroon'}",2023,48814501547.4313
CMR,"{'id': 'CM', 'value': 'Cameroon'}",2022,44347206072.5513
CMR,"{'id': 'CM', 'value': 'Cameroon'}",2021,45011937346.8384
CMR,"{'id': 'CM', 'value': 'Cameroon'}",2020,40773241177.0505
CMR,"{'id': 'CM', 'value': 'Cameroon'}",2019,39667757527.6578
CMR,"{'id': 'CM', 'value': 'Cameroon'}",2018,39955552189.795
CMR,"{'id': 'CM', 'value': 'Cameroon'}",2017,36098547033.1655
CMR,"{'id': 'CM', 'value': 'Cameroon'}",2016,33814337044.3765
CMR,"{'id': 'CM', 'value': 'Cameroon'}",2015,32210233020.4569
CAN,"{'id': 'CA', 'value': 'Canada'}",2024,2243636826633.76
CAN,"{'id': 'CA', 'value': 'Canada'}",2023,2173339670064.33
CAN,"{'id': 'CA', 'value': 'Canada'}",2022,2190411080134.32
CAN,"{'id': 'CA', 'value': 'Canada'}",2021,2022378748423.23
CAN,"{'id': 'CA', 'value': 'Canada'}",2020,1655684730000.19
CAN,"{'id': 'CA', 'value': 'Canada'}",2019,1743725183672.52
CAN,"{'id': 'CA', 'value': 'Canada'}",2018,1725329192783.02
CAN,"{'id': 'CA', 'value': 'Canada'}",2017,1649265644244.09
CAN,"{'id': 'CA', 'value': 'Canada'}",2016,1527994741907.43
CAN,"{'id': 'CA', 'value': 'Canada'}",2015,1556508816217.14
CYM,"{'id': 'KY', 'value': 'Cayman Islands'}",2024,
CYM,"{'id': 'KY', 'value': 'Cayman Islands'}",2023,7241244269.45972
CYM,"{'id': 'KY', 'value': 'Cayman Islands'}",2022,6660161212.01997
CYM,"{'id': 'KY', 'value': 'Cayman Islands'}",2021,6060813808.15072
CYM,"{'id': 'KY', 'value': 'Cayman Islands'}",2020,5655357984.24218
CYM,"{'id': 'KY', 'value': 'Cayman Islands'}",2019,5941896599.57333
CYM,"{'id': 'KY', 'value': 'Cayman Islands'}",2018,5530178498.90783
CYM,"{'id': 'KY', 'value': 'Cayman Islands'}",2017,5166281293.18715
CYM,"{'id': 'KY', 'value': 'Cayman Islands'}",2016,4909322200.00212
CYM,"{'id': 'KY', 'value': 'Cayman Islands'}",2015,4708167255.28727
CAF,"{'id': 'CF', 'value': 'Central African Republic'}",2024,2751494281.06887
CAF,"{'id': 'CF', 'value': 'Central African Republic'}",2023,2555492085.94725
CAF,"{'id': 'CF', 'value': 'Central African Republic'}",2022,2382618615.01694
CAF,"{'id': 'CF', 'value': 'Central African Republic'}",2021,2516498412.46384
CAF,"{'id': 'CF', 'value': 'Central African Republic'}",2020,2326720900.38047
CAF,"{'id': 'CF', 'value': 'Central African Republic'}",2019,2221301351.43918
CAF,"{'id': 'CF', 'value': 'Central African Republic'}",2018,2220979146.11241
CAF,"{'id': 'CF', 'value': 'Central African Republic'}",2017,2072349972.6818
CAF,"{'id': 'CF', 'value': 'Central African Republic'}",2016,1825018144.65595
CAF,"{'id': 'CF', 'value': 'Central African Republic'}",2015,1695825714.19282
TCD,"{'id': 'TD', 'value': 'Chad'}",2024,19518819751.283
TCD,"{'id': 'TD', 'value': 'Chad'}",2023,18340233748.8805
TCD,"{'id': 'TD', 'value': 'Chad'}",2022,17828508289.6049
TCD,"{'id': 'TD', 'value': 'Chad'}",2021,16871937697.5854
TCD,"{'id': 'TD', 'value': 'Chad'}",2020,14932897821.2387
TCD,"{'id': 'TD', 'value': 'Chad'}",2019,14905517742.8454
TCD,"{'id': 'TD', 'value': 'Chad'}",2018,15327000248.8701
TCD,"{'id': 'TD', 'value': 'Chad'}",2017,13349041408.7152
TCD,"{'id': 'TD', 'value': 'Chad'}",2016,13026289835.7789
TCD,"{'id': 'TD', 'value': 'Chad'}",2015,14559599499.5011
CHI,"{'id': 'JG', 'value': 'Channel Islands'}",2024,
CHI,"{'id': 'JG', 'value': 'Channel Islands'}",2023,12507320838.3932
CHI,"{'id': 'JG', 'value': 'Channel Islands'}",2022,11308272505.183
CHI,"{'id': 'JG', 'value': 'Channel Islands'}",2021,11157540109.8939
CHI,"{'id': 'JG', 'value': 'Channel Islands'}",2020,9439810769.23077
CHI,"{'id': 'JG', 'value': 'Channel Islands'}",2019,10031864649.0819
CHI,"{'id': 'JG', 'value': 'Channel Islands'}",2018,10026394043.6136
CHI,"{'id': 'JG', 'value': 'Channel Islands'}",2017,9170044517.20264
CHI,"{'id': 'JG', 'value': 'Channel Islands'}",2016,9168857222.32574
CHI,"{'id': 'JG', 'value': 'Channel Islands'}",2015,10109273770.329
CHL,"{'id': 'CL', 'value': 'Chile'}",2024,330267137371.592
CHL,"{'id': 'CL', 'value': 'Chile'}",2023,335518054097.637
CHL,"{'id': 'CL', 'value': 'Chile'}",2022,301226575540.242
CHL,"{'id': 'CL', 'value': 'Chile'}",2021,315325547162.072
CHL,"{'id': 'CL', 'value': 'Chile'}",2020,254042159309.311
CHL,"{'id': 'CL', 'value': 'Chile'}",2019,278285058719.466
CHL,"{'id': 'CL', 'value': 'Chile'}",2018,295857562991.709
CHL,"{'id': 'CL', 'value': 'Chile'}",2017,276154259981.097
CHL,"{'id': 'CL', 'value': 'Chile'}",2016,249344863928.438
CHL,"{'id': 'CL', 'value': 'Chile'}",2015,242450355830.884
CHN,"{'id': 'CN', 'value': 'China'}",2024,18743803170827.2
CHN,"{'id': 'CN', 'value': 'China'}",2023,18270356654533.2
CHN,"{'id': 'CN', 'value': 'China'}",2022,18316765021690.2
CHN,"{'id': 'CN', 'value': 'China'}",2021,18201698719564.0
CHN,"{'id': 'CN', 'value': 'China'}",2020,14996414166715.1
CHN,"{'id': 'CN', 'value': 'China'}",2019,14560167101283.4
CHN,"{'id': 'CN', 'value': 'China'}",2018,14147765772963.8
CHN,"{'id': 'CN', 'value': 'China'}",2017,12537559062282.9
CHN,"{'id': 'CN', 'value': 'China'}",2016,11456024084962.0
CHN,"{'id': 'CN', 'value': 'China'}",2015,11280814787468.9
COL,"{'id': 'CO', 'value': 'Colombia'}",2024,418818154879.271
COL,"{'id': 'CO', 'value': 'Colombia'}",2023,366291836137.916
COL,"{'id': 'CO', 'value': 'Colombia'}",2022,345632492851.448
COL,"{'id': 'CO', 'value': 'Colombia'}",2021,318524633225.395
COL,"{'id': 'CO', 'value': 'Colombia'}",2020,270348342541.465
COL,"{'id': 'CO', 'value': 'Colombia'}",2019,323031701192.84
COL,"{'id': 'CO', 'value': 'Colombia'}",2018,334198218098.276
COL,"{'id': 'CO', 'value': 'Colombia'}",2017,311866875156.879
COL,"{'id': 'CO', 'value': 'Colombia'}",2016,282720100286.228
COL,"{'id': 'CO', 'value': 'Colombia'}",2015,293492370193.166
COM,"{'id': 'KM', 'value': 'Comoros'}",2024,1440991455.45188
COM,"{'id': 'KM', 'value': 'Comoros'}",2023,1326836543.00797
COM,"{'id': 'KM', 'value': 'Comoros'}",2022,1222485532.31976
COM,"{'id': 'KM', 'value': 'Comoros'}",2021,1272238390.85864
COM,"{'id': 'KM', 'value': 'Comoros'}",2020,1218763671.26563
COM,"{'id': 'KM', 'value': 'Comoros'}",2019,1187915408.87243
COM,"{'id': 'KM', 'value': 'Comoros'}",2018,1178530633.24599
COM,"{'id': 'KM', 'value': 'Comoros'}",2017,1077439756.59451
COM,"{'id': 'KM', 'value': 'Comoros'}",2016,1012835493.19325
COM,"{'id': 'KM', 'value': 'Comoros'}",2015,966029600.862227
COD,"{'id': 'CD', 'value': 'Congo, Dem. Rep.'}",2024,70962185790.7094
COD,"{'id': 'CD', 'value': 'Congo, Dem. Rep.'}",2023,69843655425.2929
COD,"{'id': 'CD', 'value': 'Congo, Dem. Rep.'}",2022,70422346142.2023
COD,"{'id': 'CD', 'value': 'Congo, Dem. Rep.'}",2021,59067289573.5102
COD,"{'id': 'CD', 'value': 'Congo, Dem. Rep.'}",2020,46691989748.9186
COD,"{'id': 'CD', 'value': 'Congo, Dem. Rep.'}",2019,46845900350.0332
COD,"{'id': 'CD', 'value': 'Congo, Dem. Rep.'}",2018,46659954092.4862
COD,"{'id': 'CD', 'value': 'Congo, Dem. Rep.'}",2017,37537521565.5308
COD,"{'id': 'CD', 'value': 'Congo, Dem. Rep.'}",2016,38600224214.4728
COD,"{'id': 'CD', 'value': 'Congo, Dem. Rep.'}",2015,40179574490.3032
COG,"{'id': 'CG', 'value': 'Congo, Rep.'}",2024,15719986076.6464
COG,"{'id': 'CG', 'value': 'Congo, Rep.'}",2023,15321055822.5167
COG,"{'id': 'CG', 'value': 'Congo, Rep.'}",2022,15817030154.6941
COG,"{'id': 'CG', 'value': 'Congo, Rep.'}",2021,14825690210.9157
COG,"{'id': 'CG', 'value': 'Congo, Rep.'}",2020,11468687464.0046
COG,"{'id': 'CG', 'value': 'Congo, Rep.'}",2019,13976637779.9763
COG,"{'id': 'CG', 'value': 'Congo, Rep.'}",2018,14773900288.5135
COG,"{'id': 'CG', 'value': 'Congo, Rep.'}",2017,11834473039.3645
COG,"{'id': 'CG', 'value': 'Congo, Rep.'}",2016,10931328150.8478
COG,"{'id': 'CG', 'value': 'Congo, Rep.'}",2015,12434793867.3568
CRI,"{'id': 'CR', 'value': 'Costa Rica'}",2024,95350423176.5962
CRI,"{'id': 'CR', 'value': 'Costa Rica'}",2023,86497941439.0174
CRI,"{'id': 'CR', 'value': 'Costa Rica'}",2022,69243626028.5936
CRI,"{'id': 'CR', 'value': 'Costa Rica'}",2021,64960725734.1965
CRI,"{'id': 'CR', 'value': 'Costa Rica'}",2020,62395610760.0492
CRI,"{'id': 'CR', 'value': 'Costa Rica'}",2019,64417670521.3545
CRI,"{'id': 'CR', 'value': 'Costa Rica'}",2018,62420164991.5374
CRI,"{'id': 'CR', 'value': 'Costa Rica'}",2017,60516044656.5206
CRI,"{'id': 'CR', 'value': 'Costa Rica'}",2016,58847019609.6549
CRI,"{'id': 'CR', 'value': 'Costa Rica'}",2015,56441920820.5194
CIV,"{'id': 'CI', 'value': ""Cote d'Ivoire""}",2024,87113179149.284
CIV,"{'id': 'CI', 'value': ""Cote d'Ivoire""}",2023,80780312569.1646
CIV,"{'id': 'CI', 'value': ""Cote d'Ivoire""}",2022,70922824813.9102
CIV,"{'id': 'CI', 'value': ""Cote d'Ivoire""}",2021,72794636653.7793
CIV,"{'id': 'CI', 'value': ""Cote d'Ivoire""}",2020,63027852805.4204
CIV,"{'id': 'CI', 'value': ""Cote d'Ivoire""}",2019,60382894697.3557
CIV,"{'id': 'CI', 'value': ""Cote d'Ivoire""}",2018,58522477786.6889
CIV,"{'id': 'CI', 'value': ""Cote d'Ivoire""}",2017,52512343996.69
CIV,"{'id': 'CI', 'value': ""Cote d'Ivoire""}",2016,48407761036.8238
CIV,"{'id': 'CI', 'value': ""Cote d'Ivoire""}",2015,45815005169.2651
HRV,"{'id': 'HR', 'value': 'Croatia'}",2024,92983810328.9088
HRV,"{'id': 'HR', 'value': 'Croatia'}",2023,85624153964.0987
HRV,"{'id': 'HR', 'value': 'Croatia'}",2022,71196498671.1145
HRV,"{'id': 'HR', 'value': 'Croatia'}",2021,69002365163.3368
HRV,"{'id': 'HR', 'value': 'Croatia'}",2020,57959843541.3699
HRV,"{'id': 'HR', 'value': 'Croatia'}",2019,61466721186.3116
HRV,"{'id': 'HR', 'value': 'Croatia'}",2018,61667925219.0755
HRV,"{'id': 'HR', 'value': 'Croatia'}",2017,56182782585.9052
HRV,"{'id': 'HR', 'value': 'Croatia'}",2016,52650714171.8617
HRV,"{'id': 'HR', 'value': 'Croatia'}",2015,50998893384.8289
CUB,"{'id': 'CU', 'value': 'Cuba'}",2024,
CUB,"{'id': 'CU', 'value': 'Cuba'}",2023,
CUB,"{'id': 'CU', 'value': 'Cuba'}",2022,
CUB,"{'id': 'CU', 'value': 'Cuba'}",2021,
CUB,"{'id': 'CU', 'value': 'Cuba'}",2020,107352000000.0
CUB,"{'id': 'CU', 'value': 'Cuba'}",2019,103427600000.0
CUB,"{'id': 'CU', 'value': 'Cuba'}",2018,100050036100.0
CUB,"{'id': 'CU', 'value': 'Cuba'}",2017,96850649700.0
CUB,"{'id': 'CU', 'value': 'Cuba'}",2016,91370407900.0
CUB,"{'id': 'CU', 'value': 'Cuba'}",2015,87132800000.0
CUW,"{'id': 'CW', 'value': 'Curacao'}",2024,3561178196.20713
CUW,"{'id': 'CW', 'value': 'Curacao'}",2023,3281419347.37053
CUW,"{'id': 'CW', 'value': 'Curacao'}",2022,3075180834.72417
CUW,"{'id': 'CW', 'value': 'Curacao'}",2021,2739594359.5908
CUW,"{'id': 'CW', 'value': 'Curacao'}",2020,2534327592.49914
CUW,"{'id': 'CW', 'value': 'Curacao'}",2019,3026124115.73275
CUW,"{'id': 'CW', 'value': 'Curacao'}",2018,3046364819.53197
CUW,"{'id': 'CW', 'value': 'Curacao'}",2017,3033433248.15988
CUW,"{'id': 'CW', 'value': 'Curacao'}",2016,3024690188.01683
CUW,"{'id': 'CW', 'value': 'Curacao'}",2015,3058779211.89831
CYP,"{'id': 'CY', 'value': 'Cyprus'}",2024,37634533331.8902
CYP,"{'id': 'CY', 'value': 'Cyprus'}",2023,35075423857.0996
CYP,"{'id': 'CY', 'value': 'Cyprus'}",2022,31218038929.0919
CYP,"{'id': 'CY', 'value': 'Cyprus'}",2021,30372642502.4897
CYP,"{'id': 'CY', 'value': 'Cyprus'}",2020,25555093854.2968
CYP,"{'id': 'CY', 'value': 'Cyprus'}",2019,26196667099.5303
CYP,"{'id': 'CY', 'value': 'Cyprus'}",2018,25754001367.5448
CYP,"{'id': 'CY', 'value': 'Cyprus'}",2017,22946570628.7576
CYP,"{'id': 'CY', 'value': 'Cyprus'}",2016,21046462280.5979
CYP,"{'id': 'CY', 'value': 'Cyprus'}",2015,19909278416.8575
CZE,"{'id': 'CZ', 'value': 'Czechia'}",2024,347034062928.479
CZE,"{'id': 'CZ', 'value': 'Czechia'}",2023,345059295659.911
CZE,"{'id': 'CZ', 'value': 'Czechia'}",2022,301831228325.556
CZE,"{'id': 'CZ', 'value': 'Czechia'}",2021,290972714482.313
CZE,"{'id': 'CZ', 'value': 'Czechia'}",2020,251109660602.536
CZE,"{'id': 'CZ', 'value': 'Czechia'}",2019,256794209028.77
CZE,"{'id': 'CZ', 'value': 'Czechia'}",2018,251992360762.236
CZE,"{'id': 'CZ', 'value': 'Czechia'}",2017,221563575696.217
CZE,"{'id': 'CZ', 'value': 'Czechia'}",2016,198160659303.939
CZE,"{'id': 'CZ', 'value': 'Czechia'}",2015,189107698561.919
DNK,"{'id': 'DK', 'value': 'Denmark'}",2024,424524722037.047
DNK,"{'id': 'DK', 'value': 'Denmark'}",2023,404651706117.557
DNK,"{'id': 'DK', 'value': 'Denmark'}",2022,400114306337.077
DNK,"{'id': 'DK', 'value': 'Denmark'}",2021,406110162088.054
DNK,"{'id': 'DK', 'value': 'Denmark'}",2020,355631021931.621
DNK,"{'id': 'DK', 'value': 'Denmark'}",2019,345401473012.615
DNK,"{'id': 'DK', 'value': 'Denmark'}",2018,355293374912.393
DNK,"{'id': 'DK', 'value': 'Denmark'}",2017,331610593961.988
DNK,"{'id': 'DK', 'value': 'Denmark'}",2016,312181849372.233
DNK,"{'id': 'DK', 'value': 'Denmark'}",2015,301758922337.637
DJI,"{'id': 'DJ', 'value': 'Djibouti'}",2024,4152145939.98458
DJI,"{'id': 'DJ', 'value': 'Djibouti'}",2023,3898447007.38798
DJI,"{'id': 'DJ', 'value': 'Djibouti'}",2022,3562814908.76149
DJI,"{'id': 'DJ', 'value': 'Djibouti'}",2021,3392796953.08939
DJI,"{'id': 'DJ', 'value': 'Djibouti'}",2020,3144136196.6228
DJI,"{'id': 'DJ', 'value': 'Djibouti'}",2019,3088851450.30694
DJI,"{'id': 'DJ', 'value': 'Djibouti'}",2018,2913464658.08768
DJI,"{'id': 'DJ', 'value': 'Djibouti'}",2017,2762581334.22612
DJI,"{'id': 'DJ', 'value': 'Djibouti'}",2016,2604955228.70117
DJI,"{'id': 'DJ', 'value': 'Djibouti'}",2015,2424391785.43897
DMA,"{'id': 'DM', 'value': 'Dominica'}",2024,688881481.481481
DMA,"{'id': 'DM', 'value': 'Dominica'}",2023,659311111.111111
DMA,"{'id': 'DM', 'value': 'Dominica'}",2022,623062962.962963
DMA,"{'id': 'DM', 'value': 'Dominica'}",2021,562911111.111111
DMA,"{'id': 'DM', 'value': 'Dominica'}",2020,528944444.444444
DMA,"{'id': 'DM', 'value': 'Dominica'}",2019,644259259.259259
DMA,"{'id': 'DM', 'value': 'Dominica'}",2018,628244444.444444
DMA,"{'id': 'DM', 'value': 'Dominica'}",2017,563355555.555555
DMA,"{'id': 'DM', 'value': 'Dominica'}",2016,612711111.111111
DMA,"{'id': 'DM', 'value': 'Dominica'}",2015,583177777.777778
DOM,"{'id': 'DO', 'value': 'Dominican Republic'}",2024,124282245638.568
DOM,"{'id': 'DO', 'value': 'Dominican Republic'}",2023,120456239153.739
DOM,"{'id': 'DO', 'value': 'Dominican Republic'}",2022,113478087134.8
DOM,"{'id': 'DO', 'value': 'Dominican Republic'}",2021,94850719516.7127
DOM,"{'id': 'DO', 'value': 'Dominican Republic'}",2020,78546672406.8291
DOM,"{'id': 'DO', 'value': 'Dominican Republic'}",2019,89146130744.723
DOM,"{'id': 'DO', 'value': 'Dominican Republic'}",2018,84994732049.3461
DOM,"{'id': 'DO', 'value': 'Dominican Republic'}",2017,79070274743.1658
DOM,"{'id': 'DO', 'value': 'Dominican Republic'}",2016,75552902635.7075
DOM,"{'id': 'DO', 'value': 'Dominican Republic'}",2015,70966782572.4386
ECU,"{'id': 'EC', 'value': 'Ecuador'}",2024,124676074700.0
ECU,"{'id': 'EC', 'value': 'Ecuador'}",2023,121147057000.0
ECU,"{'id': 'EC', 'value': 'Ecuador'}",2022,116133121000.0
ECU,"{'id': 'EC', 'value': 'Ecuador'}",2021,107179074000.0
ECU,"{'id': 'EC', 'value': 'Ecuador'}",2020,95865473000.0
ECU,"{'id': 'EC', 'value': 'Ecuador'}",2019,107595830000.0
ECU,"{'id': 'EC', 'value': 'Ecuador'}",2018,107478961000.0
ECU,"{'id': 'EC', 'value': 'Ecuador'}",2017,104467486000.0
ECU,"{'id': 'EC', 'value': 'Ecuador'}",2016,97671433000.0
ECU,"{'id': 'EC', 'value': 'Ecuador'}",2015,97209558000.0
EGY,"{'id': 'EG', 'value': 'Egypt, Arab Rep.'}",2024,389059911003.566
EGY,"{'id': 'EG', 'value': 'Egypt, Arab Rep.'}",2023,395926075163.006
EGY,"{'id': 'EG', 'value': 'Egypt, Arab Rep.'}",2022,476747720364.742
EGY,"{'id': 'EG', 'value': 'Egypt, Arab Rep.'}",2021,424671765455.704
EGY,"{'id': 'EG', 'value': 'Egypt, Arab Rep.'}",2020,383817841547.099
EGY,"{'id': 'EG', 'value': 'Egypt, Arab Rep.'}",2019,318678815489.749
EGY,"{'id': 'EG', 'value': 'Egypt, Arab Rep.'}",2018,262588632526.73
EGY,"{'id': 'EG', 'value': 'Egypt, Arab Rep.'}",2017,248362771739.13
EGY,"{'id': 'EG', 'value': 'Egypt, Arab Rep.'}",2016,332441717791.411
EGY,"{'id': 'EG', 'value': 'Egypt, Arab Rep.'}",2015,329366576819.407
SLV,"{'id': 'SV', 'value': 'El Salvador'}",2024,35364960000.0
SLV,"{'id': 'SV', 'value': 'El Salvador'}",2023,33853940000.0
SLV,"{'id': 'SV', 'value': 'El Salvador'}",2022,31870120000.0
SLV,"{'id': 'SV', 'value': 'El Salvador'}",2021,29043140000.0
SLV,"{'id': 'SV', 'value': 'El Salvador'}",2020,24921190000.0
SLV,"{'id': 'SV', 'value': 'El Salvador'}",2019,26881140000.0
SLV,"{'id': 'SV', 'value': 'El Salvador'}",2018,26020850000.0
SLV,"{'id': 'SV', 'value': 'El Salvador'}",2017,24979190000.0
SLV,"{'id': 'SV', 'value': 'El Salvador'}",2016,24191430000.0
SLV,"{'id': 'SV', 'value': 'El Salvador'}",2015,23438240000.0
GNQ,"{'id': 'GQ', 'value': 'Equatorial Guinea'}",2024,12765777677.0622
GNQ,"{'id': 'GQ', 'value': 'Equatorial Guinea'}",2023,12337550583.754
GNQ,"{'id': 'GQ', 'value': 'Equatorial Guinea'}",2022,13687643435.6249
GNQ,"{'id': 'GQ', 'value': 'Equatorial Guinea'}",2021,12215878032.7166
GNQ,"{'id': 'GQ', 'value': 'Equatorial Guinea'}",2020,9893816007.7398
GNQ,"{'id': 'GQ', 'value': 'Equatorial Guinea'}",2019,11364133549.7478
GNQ,"{'id': 'GQ', 'value': 'Equatorial Guinea'}",2018,13097012133.6159
GNQ,"{'id': 'GQ', 'value': 'Equatorial Guinea'}",2017,12200913878.9827
GNQ,"{'id': 'GQ', 'value': 'Equatorial Guinea'}",2016,11240808847.8878
GNQ,"{'id': 'GQ', 'value': 'Equatorial Guinea'}",2015,13185496881.0174
ERI,"{'id': 'ER', 'value': 'Eritrea'}",2024,
ERI,"{'id': 'ER', 'value': 'Eritrea'}",2023,
ERI,"{'id': 'ER', 'value': 'Eritrea'}",2022,
ERI,"{'id': 'ER', 'value': 'Eritrea'}",2021,
ERI,"{'id': 'ER', 'value': 'Eritrea'}",2020,
ERI,"{'id': 'ER', 'value': 'Eritrea'}",2019,
ERI,"{'id': 'ER', 'value': 'Eritrea'}",2018,
ERI,"{'id': 'ER', 'value': 'Eritrea'}",2017,
ERI,"{'id': 'ER', 'value': 'Eritrea'}",2016,
ERI,"{'id': 'ER', 'value': 'Eritrea'}",2015,
EST,"{'id': 'EE', 'value': 'Estonia'}",2024,43130419829.35
EST,"{'id': 'EE', 'value': 'Estonia'}",2023,41470344395.1086
EST,"{'id': 'EE', 'value': 'Estonia'}",2022,38226641740.29
EST,"{'id': 'EE', 'value': 'Estonia'}",2021,37201101170.5847
EST,"{'id': 'EE', 'value': 'Estonia'}",2020,31820771493.8974
EST,"{'id': 'EE', 'value': 'Estonia'}",2019,31873748770.0313
EST,"{'id': 'EE', 'value': 'Estonia'}",2018,31222632740.7247
EST,"{'id': 'EE', 'value': 'Estonia'}",2017,27469461919.1189
EST,"{'id': 'EE', 'value': 'Estonia'}",2016,24561027787.7896
EST,"{'id': 'EE', 'value': 'Estonia'}",2015,23311847750.9394
SWZ,"{'id': 'SZ', 'value': 'Eswatini'}",2024,4858885840.77236
SWZ,"{'id': 'SZ', 'value': 'Eswatini'}",2023,4621191261.84214
SWZ,"{'id': 'SZ', 'value': 'Eswatini'}",2022,4746660273.50829
SWZ,"{'id': 'SZ', 'value': 'Eswatini'}",2021,4807069277.20114
SWZ,"{'id': 'SZ', 'value': 'Eswatini'}",2020,4134677809.50096
SWZ,"{'id': 'SZ', 'value': 'Eswatini'}",2019,4617018958.69086
SWZ,"{'id': 'SZ', 'value': 'Eswatini'}",2018,4643751059.28203
SWZ,"{'id': 'SZ', 'value': 'Eswatini'}",2017,4462640651.49219
SWZ,"{'id': 'SZ', 'value': 'Eswatini'}",2016,3722306116.72872
SWZ,"{'id': 'SZ', 'value': 'Eswatini'}",2015,3908217914.21824
ETH,"{'id': 'ET', 'value': 'Ethiopia'}",2024,149740297952.986
ETH,"{'id': 'ET', 'value': 'Ethiopia'}",2023,135874093202.492
ETH,"{'id': 'ET', 'value': 'Ethiopia'}",2022,123140304666.0
ETH,"{'id': 'ET', 'value': 'Ethiopia'}",2021,109070960371.859
ETH,"{'id': 'ET', 'value': 'Ethiopia'}",2020,98676811061.4035
ETH,"{'id': 'ET', 'value': 'Ethiopia'}",2019,91834517112.628
ETH,"{'id': 'ET', 'value': 'Ethiopia'}",2018,83337901071.9697
ETH,"{'id': 'ET', 'value': 'Ethiopia'}",2017,76366081766.6667
ETH,"{'id': 'ET', 'value': 'Ethiopia'}",2016,68475871209.607
ETH,"{'id': 'ET', 'value': 'Ethiopia'}",2015,62103418181.8182
FRO,"{'id': 'FO', 'value': 'Faroe Islands'}",2024,4052937169.76536
FRO,"{'id': 'FO', 'value': 'Faroe Islands'}",2023,3943131022.2291
FRO,"{'id': 'FO', 'value': 'Faroe Islands'}",2022,3615241800.50058
FRO,"{'id': 'FO', 'value': 'Faroe Islands'}",2021,3699551717.10561
FRO,"{'id': 'FO', 'value': 'Faroe Islands'}",2020,3271813311.5831
FRO,"{'id': 'FO', 'value': 'Faroe Islands'}",2019,3266432734.22819
FRO,"{'id': 'FO', 'value': 'Faroe Islands'}",2018,3188600927.46688
FRO,"{'id': 'FO', 'value': 'Faroe Islands'}",2017,2980057377.87967
FRO,"{'id': 'FO', 'value': 'Faroe Islands'}",2016,2813278868.78208
FRO,"{'id': 'FO', 'value': 'Faroe Islands'}",2015,2573905971.05459
FJI,"{'id': 'FJ', 'value': 'Fiji'}",2024,5968125909.27126
FJI,"{'id': 'FJ', 'value': 'Fiji'}",2023,5476673518.13788
FJI,"{'id': 'FJ', 'value': 'Fiji'}",2022,4977861885.60316
FJI,"{'id': 'FJ', 'value': 'Fiji'}",2021,4158873156.17978
FJI,"{'id': 'FJ', 'value': 'Fiji'}",2020,4227719873.3865
FJI,"{'id': 'FJ', 'value': 'Fiji'}",2019,5344907153.46698
FJI,"{'id': 'FJ', 'value': 'Fiji'}",2018,5581425327.44397
FJI,"{'id': 'FJ', 'value': 'Fiji'}",2017,5353469174.47838
FJI,"{'id': 'FJ', 'value': 'Fiji'}",2016,4930213644.36653
FJI,"{'id': 'FJ', 'value': 'Fiji'}",2015,4682479893.97558
FIN,"{'id': 'FI', 'value': 'Finland'}",2024,298696961297.656
FIN,"{'id': 'FI', 'value': 'Finland'}",2023,295021982462.75
FIN,"{'id': 'FI', 'value': 'Finland'}",2022,280253099309.34
FIN,"{'id': 'FI', 'value': 'Finland'}",2021,294223210496.119
FIN,"{'id': 'FI', 'value': 'Finland'}",2020,270000311606.226
FIN,"{'id': 'FI', 'value': 'Finland'}",2019,267014821129.411
FIN,"{'id': 'FI', 'value': 'Finland'}",2018,273869255596.078
FIN,"{'id': 'FI', 'value': 'Finland'}",2017,253846138440.0
FIN,"{'id': 'FI', 'value': 'Finland'}",2016,238777818792.608
FIN,"{'id': 'FI', 'value': 'Finland'}",2015,233210733506.25
FRA,"{'id': 'FR', 'value': 'France'}",2024,3160442622465.08
FRA,"{'id': 'FR', 'value': 'France'}",2023,3056250648138.29
FRA,"{'id': 'FR', 'value': 'France'}",2022,2794788137066.94
FRA,"{'id': 'FR', 'value': 'France'}",2021,2966433692008.09
FRA,"{'id': 'FR', 'value': 'France'}",2020,2647926055110.05
FRA,"{'id': 'FR', 'value': 'France'}",2019,2722793515171.76
FRA,"{'id': 'FR', 'value': 'France'}",2018,2781576320884.39
FRA,"{'id': 'FR', 'value': 'France'}",2017,2588868323334.71
FRA,"{'id': 'FR', 'value': 'France'}",2016,2470407619777.13
FRA,"{'id': 'FR', 'value': 'France'}",2015,2442483452642.5
PYF,"{'id': 'PF', 'value': 'French Polynesia'}",2024,6323716355.05009
PYF,"{'id': 'PF', 'value': 'French Polynesia'}",2023,6137447782.87066
PYF,"{'id': 'PF', 'value': 'French Polynesia'}",2022,5622688338.06317
PYF,"{'id': 'PF', 'value': 'French Polynesia'}",2021,5994931236.42282
PYF,"{'id': 'PF', 'value': 'French Polynesia'}",2020,5574821989.38239
PYF,"{'id': 'PF', 'value': 'French Polynesia'}",2019,6022276196.13871
PYF,"{'id': 'PF', 'value': 'French Polynesia'}",2018,6135116253.33452
PYF,"{'id': 'PF', 'value': 'French Polynesia'}",2017,5833352692.7995
PYF,"{'id': 'PF', 'value': 'French Polynesia'}",2016,5497036476.8031
PYF,"{'id': 'PF', 'value': 'French Polynesia'}",2015,5325846361.81186
GAB,"{'id': 'GA', 'value': 'Gabon'}",2024,20895684425.6752
GAB,"{'id': 'GA', 'value': 'Gabon'}",2023,19388372070.9778
GAB,"{'id': 'GA', 'value': 'Gabon'}",2022,20440655695.1804
GAB,"{'id': 'GA', 'value': 'Gabon'}",2021,19444935097.2395
GAB,"{'id': 'GA', 'value': 'Gabon'}",2020,15342236163.9864
GAB,"{'id': 'GA', 'value': 'Gabon'}",2019,16874405465.391
GAB,"{'id': 'GA', 'value': 'Gabon'}",2018,16867326401.9626
GAB,"{'id': 'GA', 'value': 'Gabon'}",2017,14929487485.1623
GAB,"{'id': 'GA', 'value': 'Gabon'}",2016,14023890265.3665
GAB,"{'id': 'GA', 'value': 'Gabon'}",2015,14383107762.6952
GMB,"{'id': 'GM', 'value': 'Gambia, The'}",2024,2404888749.21907
GMB,"{'id': 'GM', 'value': 'Gambia, The'}",2023,2382262184.68273
GMB,"{'id': 'GM', 'value': 'Gambia, The'}",2022,2204734527.88096
GMB,"{'id': 'GM', 'value': 'Gambia, The'}",2021,2014158842.14596
GMB,"{'id': 'GM', 'value': 'Gambia, The'}",2020,1812170891.19069
GMB,"{'id': 'GM', 'value': 'Gambia, The'}",2019,1813609692.49994
GMB,"{'id': 'GM', 'value': 'Gambia, The'}",2018,1670671327.81651
GMB,"{'id': 'GM', 'value': 'Gambia, The'}",2017,1504909462.69521
GMB,"{'id': 'GM', 'value': 'Gambia, The'}",2016,1484578885.97132
GMB,"{'id': 'GM', 'value': 'Gambia, The'}",2015,1378176608.93204
GEO,"{'id': 'GE', 'value': 'Georgia'}",2024,34189423544.9955
GEO,"{'id': 'GE', 'value': 'Georgia'}",2023,30777833600.6515
GEO,"{'id': 'GE', 'value': 'Georgia'}",2022,24984568959.605
GEO,"{'id': 'GE', 'value': 'Georgia'}",2021,18853115588.8106
GEO,"{'id': 'GE', 'value': 'Georgia'}",2020,16010869215.68
GEO,"{'id': 'GE', 'value': 'Georgia'}",2019,17638337116.9126
GEO,"{'id': 'GE', 'value': 'Georgia'}",2018,17902544880.6471
GEO,"{'id': 'GE', 'value': 'Georgia'}",2017,16473125375.0684
GEO,"{'id': 'GE', 'value': 'Georgia'}",2016,15444548901.9637
GEO,"{'id': 'GE', 'value': 'Georgia'}",2015,15223796148.8396
DEU,"{'id': 'DE', 'value': 'Germany'}",2024,4685592577804.69
DEU,"{'id': 'DE', 'value': 'Germany'}",2023,4562207532490.28
DEU,"{'id': 'DE', 'value': 'Germany'}",2022,4201021706478.62
DEU,"{'id': 'DE', 'value': 'Germany'}",2021,4355251953410.78
DEU,"{'id': 'DE', 'value': 'Germany'}",2020,3941398957073.94
DEU,"{'id': 'DE', 'value': 'Germany'}",2019,3959894794039.21
DEU,"{'id': 'DE', 'value': 'Germany'}",2018,4055433215301.96
DEU,"{'id': 'DE', 'value': 'Germany'}",2017,3765351626105.89
DEU,"{'id': 'DE', 'value': 'Germany'}",2016,3536787895179.0
DEU,"{'id': 'DE', 'value': 'Germany'}",2015,3425099578746.09
GHA,"{'id': 'GH', 'value': 'Ghana'}",2024,82308110386.4641
GHA,"{'id': 'GH', 'value': 'Ghana'}",2023,80547146878.3843
GHA,"{'id': 'GH', 'value': 'Ghana'}",2022,73919003209.9866
GHA,"{'id': 'GH', 'value': 'Ghana'}",2021,79514204730.3979
GHA,"{'id': 'GH', 'value': 'Ghana'}",2020,70008243859.8666
GHA,"{'id': 'GH', 'value': 'Ghana'}",2019,68352629246.1555
GHA,"{'id': 'GH', 'value': 'Ghana'}",2018,67259353965.6087
GHA,"{'id': 'GH', 'value': 'Ghana'}",2017,60385409434.8567
GHA,"{'id': 'GH', 'value': 'Ghana'}",2016,56144179397.8516
GHA,"{'id': 'GH', 'value': 'Ghana'}",2015,49436806230.4839
GIB,"{'id': 'GI', 'value': 'Gibraltar'}",2024,
GIB,"{'id': 'GI', 'value': 'Gibraltar'}",2023,
GIB,"{'id': 'GI', 'value': 'Gibraltar'}",2022,
GIB,"{'id': 'GI', 'value': 'Gibraltar'}",2021,
GIB,"{'id': 'GI', 'value': 'Gibraltar'}",2020,
GIB,"{'id': 'GI', 'value': 'Gibraltar'}",2019,
GIB,"{'id': 'GI', 'value': 'Gibraltar'}",2018,
GIB,"{'id': 'GI', 'value': 'Gibraltar'}",2017,
GIB,"{'id': 'GI', 'value': 'Gibraltar'}",2016,
GIB,"{'id': 'GI', 'value': 'Gibraltar'}",2015,
GRC,"{'id': 'GR', 'value': 'Greece'}",2024,256238371778.118
GRC,"{'id': 'GR', 'value': 'Greece'}",2023,242946187738.269
GRC,"{'id': 'GR', 'value': 'Greece'}",2022,217990189600.69
GRC,"{'id': 'GR', 'value': 'Greece'}",2021,218303801895.326
GRC,"{'id': 'GR', 'value': 'Greece'}",2020,191362985554.861
GRC,"{'id': 'GR', 'value': 'Greece'}",2019,207305649887.019
GRC,"{'id': 'GR', 'value': 'Greece'}",2018,213298873494.394
GRC,"{'id': 'GR', 'value': 'Greece'}",2017,200381103984.298
GRC,"{'id': 'GR', 'value': 'Greece'}",2016,193097239005.87
GRC,"{'id': 'GR', 'value': 'Greece'}",2015,194567373678.099
GRL,"{'id': 'GL', 'value': 'Greenland'}",2024,
GRL,"{'id': 'GL', 'value': 'Greenland'}",2023,3326543974.39193
GRL,"{'id': 'GL', 'value': 'Greenland'}",2022,3152334771.77992
GRL,"{'id': 'GL', 'value': 'Greenland'}",2021,3293578467.57327
GRL,"{'id': 'GL', 'value': 'Greenland'}",2020,3089625554.40473
GRL,"{'id': 'GL', 'value': 'Greenland'}",2019,2997309971.87623
GRL,"{'id': 'GL', 'value': 'Greenland'}",2018,3055782146.15957
GRL,"{'id': 'GL', 'value': 'Greenland'}",2017,2851613679.03433
GRL,"{'id': 'GL', 'value': 'Greenland'}",2016,2707139544.46695
GRL,"{'id': 'GL', 'value': 'Greenland'}",2015,2499113022.81675
GRD,"{'id': 'GD', 'value': 'Grenada'}",2024,1371918518.51852
GRD,"{'id': 'GD', 'value': 'Grenada'}",2023,1336418518.51852
GRD,"{'id': 'GD', 'value': 'Grenada'}",2022,1224007407.40741
GRD,"{'id': 'GD', 'value': 'Grenada'}",2021,1122222222.22222
GRD,"{'id': 'GD', 'value': 'Grenada'}",2020,1043411111.11111
GRD,"{'id': 'GD', 'value': 'Grenada'}",2019,1213485185.18519
GRD,"{'id': 'GD', 'value': 'Grenada'}",2018,1166514814.81481
GRD,"{'id': 'GD', 'value': 'Grenada'}",2017,1125685185.18519
GRD,"{'id': 'GD', 'value': 'Grenada'}",2016,1061640740.74074
GRD,"{'id': 'GD', 'value': 'Grenada'}",2015,997007407.407407
GUM,"{'id': 'GU', 'value': 'Guam'}",2024,
GUM,"{'id': 'GU', 'value': 'Guam'}",2023,
GUM,"{'id': 'GU', 'value': 'Guam'}",2022,6910000000.0
GUM,"{'id': 'GU', 'value': 'Guam'}",2021,6234000000.0
GUM,"{'id': 'GU', 'value': 'Guam'}",2020,5916000000.0
GUM,"{'id': 'GU', 'value': 'Guam'}",2019,6355000000.0
GUM,"{'id': 'GU', 'value': 'Guam'}",2018,6051000000.0
GUM,"{'id': 'GU', 'value': 'Guam'}",2017,6013000000.0
GUM,"{'id': 'GU', 'value': 'Guam'}",2016,5901000000.0
GUM,"{'id': 'GU', 'value': 'Guam'}",2015,5799000000.0
GTM,"{'id': 'GT', 'value': 'Guatemala'}",2024,113199581158.203
GTM,"{'id': 'GT', 'value': 'Guatemala'}",2023,104368755054.601
GTM,"{'id': 'GT', 'value': 'Guatemala'}",2022,95641446500.6523
GTM,"{'id': 'GT', 'value': 'Guatemala'}",2021,86455522272.7383
GTM,"{'id': 'GT', 'value': 'Guatemala'}",2020,77719468248.3666
GTM,"{'id': 'GT', 'value': 'Guatemala'}",2019,77172331693.4093
GTM,"{'id': 'GT', 'value': 'Guatemala'}",2018,73328356007.6152
GTM,"{'id': 'GT', 'value': 'Guatemala'}",2017,71653780740.4226
GTM,"{'id': 'GT', 'value': 'Guatemala'}",2016,66053408205.8838
GTM,"{'id': 'GT', 'value': 'Guatemala'}",2015,62186066547.6566
GIN,"{'id': 'GN', 'value': 'Guinea'}",2024,25008678293.4084
GIN,"{'id': 'GN', 'value': 'Guinea'}",2023,22407615556.0571
GIN,"{'id': 'GN', 'value': 'Guinea'}",2022,19910452541.9219
GIN,"{'id': 'GN', 'value': 'Guinea'}",2021,17069115737.8259
GIN,"{'id': 'GN', 'value': 'Guinea'}",2020,14088693742.9464
GIN,"{'id': 'GN', 'value': 'Guinea'}",2019,13442861496.4454
GIN,"{'id': 'GN', 'value': 'Guinea'}",2018,11857030366.7891
GIN,"{'id': 'GN', 'value': 'Guinea'}",2017,10324668271.1362
GIN,"{'id': 'GN', 'value': 'Guinea'}",2016,8595955222.49719
GIN,"{'id': 'GN', 'value': 'Guinea'}",2015,8794201742.84609
GNB,"{'id': 'GW', 'value': 'Guinea-Bissau'}",2024,2218393804.54798
GNB,"{'id': 'GW', 'value': 'Guinea-Bissau'}",2023,2127688181.12014
GNB,"{'id': 'GW', 'value': 'Guinea-Bissau'}",2022,1859601384.05928
GNB,"{'id': 'GW', 'value': 'Guinea-Bissau'}",2021,1908094558.33981
GNB,"{'id': 'GW', 'value': 'Guinea-Bissau'}",2020,1705057581.09946
GNB,"{'id': 'GW', 'value': 'Guinea-Bissau'}",2019,1596227316.34846
GNB,"{'id': 'GW', 'value': 'Guinea-Bissau'}",2018,1554133593.91699
GNB,"{'id': 'GW', 'value': 'Guinea-Bissau'}",2017,1469978606.12143
GNB,"{'id': 'GW', 'value': 'Guinea-Bissau'}",2016,1245074264.10396
GNB,"{'id': 'GW', 'value': 'Guinea-Bissau'}",2015,1152384166.79638
GUY,"{'id': 'GY', 'value': 'Guyana'}",2024,24662709832.1343
GUY,"{'id': 'GY', 'value': 'Guyana'}",2023,16918503597.1223
GUY,"{'id': 'GY', 'value': 'Guyana'}",2022,14718388489.2086
GUY,"{'id': 'GY', 'value': 'Guyana'}",2021,8041362110.31175
GUY,"{'id': 'GY', 'value': 'Guyana'}",2020,5471256594.72422
GUY,"{'id': 'GY', 'value': 'Guyana'}",2019,5173760191.84652
GUY,"{'id': 'GY', 'value': 'Guyana'}",2018,4787636997.85343
GUY,"{'id': 'GY', 'value': 'Guyana'}",2017,4748174334.14044
GUY,"{'id': 'GY', 'value': 'Guyana'}",2016,4482697336.56174
GUY,"{'id': 'GY', 'value': 'Guyana'}",2015,4279840193.7046
HTI,"{'id': 'HT', 'value': 'Haiti'}",2024,25224154990.7946
HTI,"{'id': 'HT', 'value': 'Haiti'}",2023,19850585722.3241
HTI,"{'id': 'HT', 'value': 'Haiti'}",2022,20253551920.5516
HTI,"{'id': 'HT', 'value': 'Haiti'}",2021,20944387975.7051
HTI,"{'id': 'HT', 'value': 'Haiti'}",2020,14508222518.3018
HTI,"{'id': 'HT', 'value': 'Haiti'}",2019,15016090929.5125
HTI,"{'id': 'HT', 'value': 'Haiti'}",2018,16403864617.8458
HTI,"{'id': 'HT', 'value': 'Haiti'}",2017,15093357161.1498
HTI,"{'id': 'HT', 'value': 'Haiti'}",2016,14069277526.2278
HTI,"{'id': 'HT', 'value': 'Haiti'}",2015,14849629308.6025
HND,"{'id': 'HN', 'value': 'Honduras'}",2024,37093565854.0437
HND,"{'id': 'HN', 'value': 'Honduras'}",2023,34355805527.9795
HND,"{'id': 'HN', 'value': 'Honduras'}",2022,31426041806.7985
HND,"{'id': 'HN', 'value': 'Honduras'}",2021,28144331506.6149
HND,"{'id': 'HN', 'value': 'Honduras'}",2020,23352232483.755
HND,"{'id': 'HN', 'value': 'Honduras'}",2019,24882225741.8119
HND,"{'id': 'HN', 'value': 'Honduras'}",2018,24067750760.499
HND,"{'id': 'HN', 'value': 'Honduras'}",2017,23136247990.5977
HND,"{'id': 'HN', 'value': 'Honduras'}",2016,21717604952.1835
HND,"{'id': 'HN', 'value': 'Honduras'}",2015,20979791685.416
HKG,"{'id': 'HK', 'value': 'Hong Kong SAR, China'}",2024,406863396487.342
HKG,"{'id': 'HK', 'value': 'Hong Kong SAR, China'}",2023,381043026173.935
HKG,"{'id': 'HK', 'value': 'Hong Kong SAR, China'}",2022,358679533984.718
HKG,"{'id': 'HK', 'value': 'Hong Kong SAR, China'}",2021,368954169748.818
HKG,"{'id': 'HK', 'value': 'Hong Kong SAR, China'}",2020,344943149590.058
HKG,"{'id': 'HK', 'value': 'Hong Kong SAR, China'}",2019,363074545072.389
HKG,"{'id': 'HK', 'value': 'Hong Kong SAR, China'}",2018,361731070995.726
HKG,"{'id': 'HK', 'value': 'Hong Kong SAR, China'}",2017,341273289534.466
HKG,"{'id': 'HK', 'value': 'Hong Kong SAR, China'}",2016,320860317562.562
HKG,"{'id': 'HK', 'value': 'Hong Kong SAR, China'}",2015,309385622601.348
HUN,"{'id': 'HU', 'value': 'Hungary'}",2024,222722738925.641
HUN,"{'id': 'HU', 'value': 'Hungary'}",2023,213240316634.648
HUN,"{'id': 'HU', 'value': 'Hungary'}",2022,177002580544.155
HUN,"{'id': 'HU', 'value': 'Hungary'}",2021,183282685440.486
HUN,"{'id': 'HU', 'value': 'Hungary'}",2020,158468487754.196
HUN,"{'id': 'HU', 'value': 'Hungary'}",2019,164936682033.992
HUN,"{'id': 'HU', 'value': 'Hungary'}",2018,161184691013.835
HUN,"{'id': 'HU', 'value': 'Hungary'}",2017,143335098991.862
HUN,"{'id': 'HU', 'value': 'Hungary'}",2016,128983560865.293
HUN,"{'id': 'HU', 'value': 'Hungary'}",2015,125244126623.289
ISL,"{'id': 'IS', 'value': 'Iceland'}",2024,33255181468.9382
ISL,"{'id': 'IS', 'value': 'Iceland'}",2023,31677891896.7861
ISL,"{'id': 'IS', 'value': 'Iceland'}",2022,29166102877.2755
ISL,"{'id': 'IS', 'value': 'Iceland'}",2021,26234872402.457
ISL,"{'id': 'IS', 'value': 'Iceland'}",2020,22034665040.7901
ISL,"{'id': 'IS', 'value': 'Iceland'}",2019,24985687022.0452
ISL,"{'id': 'IS', 'value': 'Iceland'}",2018,26677652544.3499
ISL,"{'id': 'IS', 'value': 'Iceland'}",2017,25060086487.8901
ISL,"{'id': 'IS', 'value': 'Iceland'}",2016,21083713310.457
ISL,"{'id': 'IS', 'value': 'Iceland'}",2015,17700486957.1907
IND,"{'id': 'IN', 'value': 'India'}",2024,3909891533858.08
IND,"{'id': 'IN', 'value': 'India'}",2023,3638489096033.86
IND,"{'id': 'IN', 'value': 'India'}",2022,3346107287730.93
IND,"{'id': 'IN', 'value': 'India'}",2021,3167270623260.47
IND,"{'id': 'IN', 'value': 'India'}",2020,2674851578587.27
IND,"{'id': 'IN', 'value': 'India'}",2019,2835606256558.19
IND,"{'id': 'IN', 'value': 'India'}",2018,2702929641648.74
IND,"{'id': 'IN', 'value': 'India'}",2017,2651474262755.45
IND,"{'id': 'IN', 'value': 'India'}",2016,2294796885663.16
IND,"{'id': 'IN', 'value': 'India'}",2015,2103588360044.94
IDN,"{'id': 'ID', 'value': 'Indonesia'}",2024,1396300098190.97
IDN,"{'id': 'ID', 'value': 'Indonesia'}",2023,1371169301563.62
IDN,"{'id': 'ID', 'value': 'Indonesia'}",2022,1319101183380.15
IDN,"{'id': 'ID', 'value': 'Indonesia'}",2021,1186509691086.73
IDN,"{'id': 'ID', 'value': 'Indonesia'}",2020,1059054842698.48
IDN,"{'id': 'ID', 'value': 'Indonesia'}",2019,1119099871350.2
IDN,"{'id': 'ID', 'value': 'Indonesia'}",2018,1042271532988.63
IDN,"{'id': 'ID', 'value': 'Indonesia'}",2017,1015618744159.73
IDN,"{'id': 'ID', 'value': 'Indonesia'}",2016,931877364037.698
IDN,"{'id': 'ID', 'value': 'Indonesia'}",2015,860854232686.214
IRN,"{'id': 'IR', 'value': 'Iran, Islamic Rep.'}",2024,475252089215.416
IRN,"{'id': 'IR', 'value': 'Iran, Islamic Rep.'}",2023,457510482317.483
IRN,"{'id': 'IR', 'value': 'Iran, Islamic Rep.'}",2022,422662261525.665
IRN,"{'id': 'IR', 'value': 'Iran, Islamic Rep.'}",2021,407350685583.335
IRN,"{'id': 'IR', 'value': 'Iran, Islamic Rep.'}",2020,280934329279.723
IRN,"{'id': 'IR', 'value': 'Iran, Islamic Rep.'}",2019,347988400957.999
IRN,"{'id': 'IR', 'value': 'Iran, Islamic Rep.'}",2018,411903303606.044
IRN,"{'id': 'IR', 'value': 'Iran, Islamic Rep.'}",2017,510239893417.645
IRN,"{'id': 'IR', 'value': 'Iran, Islamic Rep.'}",2016,478618064870.999
IRN,"{'id': 'IR', 'value': 'Iran, Islamic Rep.'}",2015,409191686496.677
IRQ,"{'id': 'IQ', 'value': 'Iraq'}",2024,279641257615.385
IRQ,"{'id': 'IQ', 'value': 'Iraq'}",2023,268881051643.549
IRQ,"{'id': 'IQ', 'value': 'Iraq'}",2022,287372232137.931
IRQ,"{'id': 'IQ', 'value': 'Iraq'}",2021,209691945713.103
IRQ,"{'id': 'IQ', 'value': 'Iraq'}",2020,180898797516.874
IRQ,"{'id': 'IQ', 'value': 'Iraq'}",2019,233636097800.338
IRQ,"{'id': 'IQ', 'value': 'Iraq'}",2018,227367469034.031
IRQ,"{'id': 'IQ', 'value': 'Iraq'}",2017,187217660050.676
IRQ,"{'id': 'IQ', 'value': 'Iraq'}",2016,166743557747.671
IRQ,"{'id': 'IQ', 'value': 'Iraq'}",2015,166774104959.102
IRL,"{'id': 'IE', 'value': 'Ireland'}",2024,609157459747.205
IRL,"{'id': 'IE', 'value': 'Ireland'}",2023,567372737459.116
IRL,"{'id': 'IE', 'value': 'Ireland'}",2022,548341794599.09
IRL,"{'id': 'IE', 'value': 'Ireland'}",2021,530394123829.763
IRL,"{'id': 'IE', 'value': 'Ireland'}",2020,436009027818.948
IRL,"{'id': 'IE', 'value': 'Ireland'}",2019,407211793800.713
IRL,"{'id': 'IE', 'value': 'Ireland'}",2018,395780319816.603
IRL,"{'id': 'IE', 'value': 'Ireland'}",2017,348355212568.515
IRL,"{'id': 'IE', 'value': 'Ireland'}",2016,305431252708.748
IRL,"{'id': 'IE', 'value': 'Ireland'}",2015,302101388556.271
IMN,"{'id': 'IM', 'value': 'Isle of Man'}",2024,
IMN,"{'id': 'IM', 'value': 'Isle of Man'}",2023,
IMN,"{'id': 'IM', 'value': 'Isle of Man'}",2022,7431257410.92713
IMN,"{'id': 'IM', 'value': 'Isle of Man'}",2021,7931193222.06405
IMN,"{'id': 'IM', 'value': 'Isle of Man'}",2020,6684225641.02564
IMN,"{'id': 'IM', 'value': 'Isle of Man'}",2019,7314967866.28289
IMN,"{'id': 'IM', 'value': 'Isle of Man'}",2018,7491649455.92717
IMN,"{'id': 'IM', 'value': 'Isle of Man'}",2017,6979788333.50279
IMN,"{'id': 'IM', 'value': 'Isle of Man'}",2016,6846377563.00683
IMN,"{'id': 'IM', 'value': 'Isle of Man'}",2015,7084800892.22284
ISR,"{'id': 'IL', 'value': 'Israel'}",2024,540379921261.681
ISR,"{'id': 'IL', 'value': 'Israel'}",2023,512184638998.974
ISR,"{'id': 'IL', 'value': 'Israel'}",2022,525181008025.57
ISR,"{'id': 'IL', 'value': 'Israel'}",2021,489851549972.347
ISR,"{'id': 'IL', 'value': 'Israel'}",2020,410768352657.612
ISR,"{'id': 'IL', 'value': 'Israel'}",2019,400645216358.857
ISR,"{'id': 'IL', 'value': 'Israel'}",2018,376299083108.497
ISR,"{'id': 'IL', 'value': 'Israel'}",2017,358451839052.991
ISR,"{'id': 'IL', 'value': 'Israel'}",2016,321940971558.016
ISR,"{'id': 'IL', 'value': 'Israel'}",2015,303469434072.296
ITA,"{'id': 'IT', 'value': 'Italy'}",2024,2380825077243.59
ITA,"{'id': 'IT', 'value': 'Italy'}",2023,2316727999333.18
ITA,"{'id': 'IT', 'value': 'Italy'}",2022,2104067630319.46
ITA,"{'id': 'IT', 'value': 'Italy'}",2021,2179207773596.09
ITA,"{'id': 'IT', 'value': 'Italy'}",2020,1907481094079.23
ITA,"{'id': 'IT', 'value': 'Italy'}",2019,2019606796583.53
ITA,"{'id': 'IT', 'value': 'Italy'}",2018,2099435266458.67
ITA,"{'id': 'IT', 'value': 'Italy'}",2017,1970720904584.71
ITA,"{'id': 'IT', 'value': 'Italy'}",2016,1887111188176.93
ITA,"{'id': 'IT', 'value': 'Italy'}",2015,1845428048839.1
JAM,"{'id': 'JM', 'value': 'Jamaica'}",2024,22014397089.7689
JAM,"{'id': 'JM', 'value': 'Jamaica'}",2023,21418804319.6395
JAM,"{'id': 'JM', 'value': 'Jamaica'}",2022,18813516805.214
JAM,"{'id': 'JM', 'value': 'Jamaica'}",2021,15963885376.3537
JAM,"{'id': 'JM', 'value': 'Jamaica'}",2020,15000214216.2439
JAM,"{'id': 'JM', 'value': 'Jamaica'}",2019,17026269262.5307
JAM,"{'id': 'JM', 'value': 'Jamaica'}",2018,16855447986.2221
JAM,"{'id': 'JM', 'value': 'Jamaica'}",2017,15783583236.675
JAM,"{'id': 'JM', 'value': 'Jamaica'}",2016,14898999754.1229
JAM,"{'id': 'JM', 'value': 'Jamaica'}",2015,14963589915.5912
JPN,"{'id': 'JP', 'value': 'Japan'}",2024,4027597523550.58
JPN,"{'id': 'JP', 'value': 'Japan'}",2023,4213167237905.83
JPN,"{'id': 'JP', 'value': 'Japan'}",2022,4262463317796.53
JPN,"{'id': 'JP', 'value': 'Japan'}",2021,5039148168861.22
JPN,"{'id': 'JP', 'value': 'Japan'}",2020,5054068005376.28
JPN,"{'id': 'JP', 'value': 'Japan'}",2019,5117993853016.51
JPN,"{'id': 'JP', 'value': 'Japan'}",2018,5040880939324.86
JPN,"{'id': 'JP', 'value': 'Japan'}",2017,4930837369151.42
JPN,"{'id': 'JP', 'value': 'Japan'}",2016,5003677627544.24
JPN,"{'id': 'JP', 'value': 'Japan'}",2015,4444930651964.18
JOR,"{'id': 'JO', 'value': 'Jordan'}",2024,53352289577.4648
JOR,"{'id': 'JO', 'value': 'Jordan'}",2023,51088476338.0282
JOR,"{'id': 'JO', 'value': 'Jordan'}",2022,48764963380.2817
JOR,"{'id': 'JO', 'value': 'Jordan'}",2021,46296100140.8451
JOR,"{'id': 'JO', 'value': 'Jordan'}",2020,43700383098.5916
JOR,"{'id': 'JO', 'value': 'Jordan'}",2019,44503006338.0282
JOR,"{'id': 'JO', 'value': 'Jordan'}",2018,43370860704.2254
JOR,"{'id': 'JO', 'value': 'Jordan'}",2017,41608435915.493
JOR,"{'id': 'JO', 'value': 'Jordan'}",2016,39892551126.7606
JOR,"{'id': 'JO', 'value': 'Jordan'}",2015,38587017887.3239
KAZ,"{'id': 'KZ', 'value': 'Kazakhstan'}",2024,291480274648.826
KAZ,"{'id': 'KZ', 'value': 'Kazakhstan'}",2023,261840101059.923
KAZ,"{'id': 'KZ', 'value': 'Kazakhstan'}",2022,225496328925.494
KAZ,"{'id': 'KZ', 'value': 'Kazakhstan'}",2021,197112255360.612
KAZ,"{'id': 'KZ', 'value': 'Kazakhstan'}",2020,171082365861.423
KAZ,"{'id': 'KZ', 'value': 'Kazakhstan'}",2019,181667184854.501
KAZ,"{'id': 'KZ', 'value': 'Kazakhstan'}",2018,179339977690.485
KAZ,"{'id': 'KZ', 'value': 'Kazakhstan'}",2017,166805788827.233
KAZ,"{'id': 'KZ', 'value': 'Kazakhstan'}",2016,137278320084.171
KAZ,"{'id': 'KZ', 'value': 'Kazakhstan'}",2015,184388404706.042
KEN,"{'id': 'KE', 'value': 'Kenya'}",2024,120339557905.932
KEN,"{'id': 'KE', 'value': 'Kenya'}",2023,107500884685.013
KEN,"{'id': 'KE', 'value': 'Kenya'}",2022,114448978152.637
KEN,"{'id': 'KE', 'value': 'Kenya'}",2021,109703658904.994
KEN,"{'id': 'KE', 'value': 'Kenya'}",2020,100657505750.545
KEN,"{'id': 'KE', 'value': 'Kenya'}",2019,100378436207.371
KEN,"{'id': 'KE', 'value': 'Kenya'}",2018,92202979985.2863
KEN,"{'id': 'KE', 'value': 'Kenya'}",2017,82036510877.2599
KEN,"{'id': 'KE', 'value': 'Kenya'}",2016,74815144163.8931
KEN,"{'id': 'KE', 'value': 'Kenya'}",2015,70120446896.8359
KIR,"{'id': 'KI', 'value': 'Kiribati'}",2024,307862564.489711
KIR,"{'id': 'KI', 'value': 'Kiribati'}",2023,288610747.738991
KIR,"{'id': 'KI', 'value': 'Kiribati'}",2022,270040453.254018
KIR,"{'id': 'KI', 'value': 'Kiribati'}",2021,285259881.131951
KIR,"{'id': 'KI', 'value': 'Kiribati'}",2020,220898020.418627
KIR,"{'id': 'KI', 'value': 'Kiribati'}",2019,216985388.322754
KIR,"{'id': 'KI', 'value': 'Kiribati'}",2018,233514717.441266
KIR,"{'id': 'KI', 'value': 'Kiribati'}",2017,222875736.343445
KIR,"{'id': 'KI', 'value': 'Kiribati'}",2016,206467818.503227
KIR,"{'id': 'KI', 'value': 'Kiribati'}",2015,191559398.688293
PRK,"{'id': 'KP', 'value': ""Korea, Dem. People's Rep.""}",2024,
PRK,"{'id': 'KP', 'value': ""Korea, Dem. People's Rep.""}",2023,
PRK,"{'id': 'KP', 'value': ""Korea, Dem. People's Rep.""}",2022,
PRK,"{'id': 'KP', 'value': ""Korea, Dem. People's Rep.""}",2021,
PRK,"{'id': 'KP', 'value': ""Korea, Dem. People's Rep.""}",2020,
PRK,"{'id': 'KP', 'value': ""Korea, Dem. People's Rep.""}",2019,
PRK,"{'id': 'KP', 'value': ""Korea, Dem. People's Rep.""}",2018,
PRK,"{'id': 'KP', 'value': ""Korea, Dem. People's Rep.""}",2017,
PRK,"{'id': 'KP', 'value': ""Korea, Dem. People's Rep.""}",2016,
PRK,"{'id': 'KP', 'value': ""Korea, Dem. People's Rep.""}",2015,
KOR,"{'id': 'KR', 'value': 'Korea, Rep.'}",2024,1875388209406.8
KOR,"{'id': 'KR', 'value': 'Korea, Rep.'}",2023,1844800934391.54
KOR,"{'id': 'KR', 'value': 'Korea, Rep.'}",2022,1799363116866.52
KOR,"{'id': 'KR', 'value': 'Korea, Rep.'}",2021,1942313560965.9
KOR,"{'id': 'KR', 'value': 'Korea, Rep.'}",2020,1744070276373.34
KOR,"{'id': 'KR', 'value': 'Korea, Rep.'}",2019,1751045752054.63
KOR,"{'id': 'KR', 'value': 'Korea, Rep.'}",2018,1824251454306.83
KOR,"{'id': 'KR', 'value': 'Korea, Rep.'}",2017,1710196756713.17
KOR,"{'id': 'KR', 'value': 'Korea, Rep.'}",2016,1579150518945.44
KOR,"{'id': 'KR', 'value': 'Korea, Rep.'}",2015,1539212301135.55
XKX,"{'id': 'XK', 'value': 'Kosovo'}",2024,11197246322.588
XKX,"{'id': 'XK', 'value': 'Kosovo'}",2023,10468224574.7539
XKX,"{'id': 'XK', 'value': 'Kosovo'}",2022,9354907646.29785
XKX,"{'id': 'XK', 'value': 'Kosovo'}",2021,9413408574.4949
XKX,"{'id': 'XK', 'value': 'Kosovo'}",2020,7717143395.54732
XKX,"{'id': 'XK', 'value': 'Kosovo'}",2019,7899741278.75198
XKX,"{'id': 'XK', 'value': 'Kosovo'}",2018,7878762812.27689
XKX,"{'id': 'XK', 'value': 'Kosovo'}",2017,7180768692.01515
XKX,"{'id': 'XK', 'value': 'Kosovo'}",2016,6682677289.98994
XKX,"{'id': 'XK', 'value': 'Kosovo'}",2015,6295848422.71573
KWT,"{'id': 'KW', 'value': 'Kuwait'}",2024,160227273053.334
KWT,"{'id': 'KW', 'value': 'Kuwait'}",2023,165384407116.233
KWT,"{'id': 'KW', 'value': 'Kuwait'}",2022,183502046693.878
KWT,"{'id': 'KW', 'value': 'Kuwait'}",2021,148350671489.144
KWT,"{'id': 'KW', 'value': 'Kuwait'}",2020,111045470605.715
KWT,"{'id': 'KW', 'value': 'Kuwait'}",2019,140856394860.529
KWT,"{'id': 'KW', 'value': 'Kuwait'}",2018,138646316350.727
KWT,"{'id': 'KW', 'value': 'Kuwait'}",2017,120687539805.505
KWT,"{'id': 'KW', 'value': 'Kuwait'}",2016,109406674124.652
KWT,"{'id': 'KW', 'value': 'Kuwait'}",2015,114585555688.511
KGZ,"{'id': 'KG', 'value': 'Kyrgyz Republic'}",2024,17478259659.2625
KGZ,"{'id': 'KG', 'value': 'Kyrgyz Republic'}",2023,15180842369.4894
KGZ,"{'id': 'KG', 'value': 'Kyrgyz Republic'}",2022,12134931017.9465
KGZ,"{'id': 'KG', 'value': 'Kyrgyz Republic'}",2021,9249133946.26531
KGZ,"{'id': 'KG', 'value': 'Kyrgyz Republic'}",2020,8270468614.24051
KGZ,"{'id': 'KG', 'value': 'Kyrgyz Republic'}",2019,9371275264.36735
KGZ,"{'id': 'KG', 'value': 'Kyrgyz Republic'}",2018,8271106235.41552
KGZ,"{'id': 'KG', 'value': 'Kyrgyz Republic'}",2017,7702938379.42036
KGZ,"{'id': 'KG', 'value': 'Kyrgyz Republic'}",2016,6813095379.1187
KGZ,"{'id': 'KG', 'value': 'Kyrgyz Republic'}",2015,6678177511.66313
LAO,"{'id': 'LA', 'value': 'Lao PDR'}",2024,16502933121.3379
LAO,"{'id': 'LA', 'value': 'Lao PDR'}",2023,15843155731.2552
LAO,"{'id': 'LA', 'value': 'Lao PDR'}",2022,15468785203.7532
LAO,"{'id': 'LA', 'value': 'Lao PDR'}",2021,18827148530.9347
LAO,"{'id': 'LA', 'value': 'Lao PDR'}",2020,18981805250.2424
LAO,"{'id': 'LA', 'value': 'Lao PDR'}",2019,18740561512.5555
LAO,"{'id': 'LA', 'value': 'Lao PDR'}",2018,18141641089.7963
LAO,"{'id': 'LA', 'value': 'Lao PDR'}",2017,17071155481.4994
LAO,"{'id': 'LA', 'value': 'Lao PDR'}",2016,15912501722.6143
LAO,"{'id': 'LA', 'value': 'Lao PDR'}",2015,14426380125.6488
LVA,"{'id': 'LV', 'value': 'Latvia'}",2024,43684254432.3609
LVA,"{'id': 'LV', 'value': 'Latvia'}",2023,42779550936.838
LVA,"{'id': 'LV', 'value': 'Latvia'}",2022,38003198508.9107
LVA,"{'id': 'LV', 'value': 'Latvia'}",2021,38183326784.9335
LVA,"{'id': 'LV', 'value': 'Latvia'}",2020,33379927434.6149
LVA,"{'id': 'LV', 'value': 'Latvia'}",2019,33099503950.847
LVA,"{'id': 'LV', 'value': 'Latvia'}",2018,33247935477.3576
LVA,"{'id': 'LV', 'value': 'Latvia'}",2017,29391059767.4259
LVA,"{'id': 'LV', 'value': 'Latvia'}",2016,27117105059.5075
LVA,"{'id': 'LV', 'value': 'Latvia'}",2015,26344565876.8902
LBN,"{'id': 'LB', 'value': 'Lebanon'}",2024,
LBN,"{'id': 'LB', 'value': 'Lebanon'}",2023,20078620356.9931
LBN,"{'id': 'LB', 'value': 'Lebanon'}",2022,20992421948.8081
LBN,"{'id': 'LB', 'value': 'Lebanon'}",2021,23131941556.7843
LBN,"{'id': 'LB', 'value': 'Lebanon'}",2020,31712128253.7961
LBN,"{'id': 'LB', 'value': 'Lebanon'}",2019,51605959131.2741
LBN,"{'id': 'LB', 'value': 'Lebanon'}",2018,54901519155.5556
LBN,"{'id': 'LB', 'value': 'Lebanon'}",2017,53027680685.9038
LBN,"{'id': 'LB', 'value': 'Lebanon'}",2016,51147308774.1294
LBN,"{'id': 'LB', 'value': 'Lebanon'}",2015,49929337836.8159
LSO,"{'id': 'LS', 'value': 'Lesotho'}",2024,2271759454.51107
LSO,"{'id': 'LS', 'value': 'Lesotho'}",2023,2117962445.37471
LSO,"{'id': 'LS', 'value': 'Lesotho'}",2022,2354980960.02697
LSO,"{'id': 'LS', 'value': 'Lesotho'}",2021,2412130056.55851
LSO,"{'id': 'LS', 'value': 'Lesotho'}",2020,2053699863.99625
LSO,"{'id': 'LS', 'value': 'Lesotho'}",2019,2390702295.82777
LSO,"{'id': 'LS', 'value': 'Lesotho'}",2018,2556247291.99785
LSO,"{'id': 'LS', 'value': 'Lesotho'}",2017,2306741672.29006
LSO,"{'id': 'LS', 'value': 'Lesotho'}",2016,2114426452.2019
LSO,"{'id': 'LS', 'value': 'Lesotho'}",2015,2359686724.53829
LBR,"{'id': 'LR', 'value': 'Liberia'}",2024,4779300900.0
LBR,"{'id': 'LR', 'value': 'Liberia'}",2023,4390000000.0
LBR,"{'id': 'LR', 'value': 'Liberia'}",2022,4001047000.0
LBR,"{'id': 'LR', 'value': 'Liberia'}",2021,3513049500.0
LBR,"{'id': 'LR', 'value': 'Liberia'}",2020,3176126300.0
LBR,"{'id': 'LR', 'value': 'Liberia'}",2019,3319596500.0
LBR,"{'id': 'LR', 'value': 'Liberia'}",2018,3422754800.0
LBR,"{'id': 'LR', 'value': 'Liberia'}",2017,3390703400.0
LBR,"{'id': 'LR', 'value': 'Liberia'}",2016,3398419600.0
LBR,"{'id': 'LR', 'value': 'Liberia'}",2015,3227075700.0
LBY,"{'id': 'LY', 'value': 'Libya'}",2024,48487151215.345
LBY,"{'id': 'LY', 'value': 'Libya'}",2023,44027664915.187
LBY,"{'id': 'LY', 'value': 'Libya'}",2022,43246297921.8499
LBY,"{'id': 'LY', 'value': 'Libya'}",2021,35217995647.2862
LBY,"{'id': 'LY', 'value': 'Libya'}",2020,46854285440.642
LBY,"{'id': 'LY', 'value': 'Libya'}",2019,69254496471.6938
LBY,"{'id': 'LY', 'value': 'Libya'}",2018,76686029772.1483
LBY,"{'id': 'LY', 'value': 'Libya'}",2017,67157452181.7738
LBY,"{'id': 'LY', 'value': 'Libya'}",2016,49912073701.298
LBY,"{'id': 'LY', 'value': 'Libya'}",2015,48717501321.3052
LIE,"{'id': 'LI', 'value': 'Liechtenstein'}",2024,
LIE,"{'id': 'LI', 'value': 'Liechtenstein'}",2023,8239379403.22096
LIE,"{'id': 'LI', 'value': 'Liechtenstein'}",2022,7426856242.7736
LIE,"{'id': 'LI', 'value': 'Liechtenstein'}",2021,7912602342.18895
LIE,"{'id': 'LI', 'value': 'Liechtenstein'}",2020,6405870210.32293
LIE,"{'id': 'LI', 'value': 'Liechtenstein'}",2019,6436467007.11932
LIE,"{'id': 'LI', 'value': 'Liechtenstein'}",2018,6692620691.84146
LIE,"{'id': 'LI', 'value': 'Liechtenstein'}",2017,6474308717.85289
LIE,"{'id': 'LI', 'value': 'Liechtenstein'}",2016,6237302033.50132
LIE,"{'id': 'LI', 'value': 'Liechtenstein'}",2015,6268515276.17441
LTU,"{'id': 'LT', 'value': 'Lithuania'}",2024,84869215513.3648
LTU,"{'id': 'LT', 'value': 'Lithuania'}",2023,79789877416.1681
LTU,"{'id': 'LT', 'value': 'Lithuania'}",2022,71033884499.7824
LTU,"{'id': 'LT', 'value': 'Lithuania'}",2021,67037321008.9679
LTU,"{'id': 'LT', 'value': 'Lithuania'}",2020,57412038533.2718
LTU,"{'id': 'LT', 'value': 'Lithuania'}",2019,55122066225.796
LTU,"{'id': 'LT', 'value': 'Lithuania'}",2018,54261795148.5372
LTU,"{'id': 'LT', 'value': 'Lithuania'}",2017,47756764508.446
LTU,"{'id': 'LT', 'value': 'Lithuania'}",2016,42970749245.0336
LTU,"{'id': 'LT', 'value': 'Lithuania'}",2015,41540954817.2039
LUX,"{'id': 'LU', 'value': 'Luxembourg'}",2024,93279851863.4062
LUX,"{'id': 'LU', 'value': 'Luxembourg'}",2023,88788881539.3937
LUX,"{'id': 'LU', 'value': 'Luxembourg'}",2022,80801680397.0139
LUX,"{'id': 'LU', 'value': 'Luxembourg'}",2021,86386759695.1653
LUX,"{'id': 'LU', 'value': 'Luxembourg'}",2020,73670782100.3909
LUX,"{'id': 'LU', 'value': 'Luxembourg'}",2019,69872035113.6469
LUX,"{'id': 'LU', 'value': 'Luxembourg'}",2018,71085623495.1145
LUX,"{'id': 'LU', 'value': 'Luxembourg'}",2017,65712180342.9836
LUX,"{'id': 'LU', 'value': 'Luxembourg'}",2016,62216885435.9488
LUX,"{'id': 'LU', 'value': 'Luxembourg'}",2015,60071584216.1375
MAC,"{'id': 'MO', 'value': 'Macao SAR, China'}",2024,49467258923.3244
MAC,"{'id': 'MO', 'value': 'Macao SAR, China'}",2023,45626467279.891
MAC,"{'id': 'MO', 'value': 'Macao SAR, China'}",2022,24929307447.3237
MAC,"{'id': 'MO', 'value': 'Macao SAR, China'}",2021,30633941629.3633
MAC,"{'id': 'MO', 'value': 'Macao SAR, China'}",2020,25280064167.7333
MAC,"{'id': 'MO', 'value': 'Macao SAR, China'}",2019,55025172016.004
MAC,"{'id': 'MO', 'value': 'Macao SAR, China'}",2018,55076322634.344
MAC,"{'id': 'MO', 'value': 'Macao SAR, China'}",2017,50297028370.6668
MAC,"{'id': 'MO', 'value': 'Macao SAR, China'}",2016,44964868323.7558
MAC,"{'id': 'MO', 'value': 'Macao SAR, China'}",2015,44940613353.1038
MDG,"{'id': 'MG', 'value': 'Madagascar'}",2024,17420501490.1231
MDG,"{'id': 'MG', 'value': 'Madagascar'}",2023,15869945477.8505
MDG,"{'id': 'MG', 'value': 'Madagascar'}",2022,15325603272.6097
MDG,"{'id': 'MG', 'value': 'Madagascar'}",2021,14354731964.3258
MDG,"{'id': 'MG', 'value': 'Madagascar'}",2020,13051441203.9474
MDG,"{'id': 'MG', 'value': 'Madagascar'}",2019,14104664678.5063
MDG,"{'id': 'MG', 'value': 'Madagascar'}",2018,13760033282.2925
MDG,"{'id': 'MG', 'value': 'Madagascar'}",2017,13176313593.5509
MDG,"{'id': 'MG', 'value': 'Madagascar'}",2016,11848613858.442
MDG,"{'id': 'MG', 'value': 'Madagascar'}",2015,11323020701.3017
MWI,"{'id': 'MW', 'value': 'Malawi'}",2024,11316411329.4619
MWI,"{'id': 'MW', 'value': 'Malawi'}",2023,13363669672.9405
MWI,"{'id': 'MW', 'value': 'Malawi'}",2022,12429059928.102
MWI,"{'id': 'MW', 'value': 'Malawi'}",2021,12378119199.0839
MWI,"{'id': 'MW', 'value': 'Malawi'}",2020,11769313597.8545
MWI,"{'id': 'MW', 'value': 'Malawi'}",2019,11051852712.6142
MWI,"{'id': 'MW', 'value': 'Malawi'}",2018,9879220354.29186
MWI,"{'id': 'MW', 'value': 'Malawi'}",2017,8943543793.5839
MWI,"{'id': 'MW', 'value': 'Malawi'}",2016,7909868618.46366
MWI,"{'id': 'MW', 'value': 'Malawi'}",2015,9219474379.31534
MYS,"{'id': 'MY', 'value': 'Malaysia'}",2024,422227005428.688
MYS,"{'id': 'MY', 'value': 'Malaysia'}",2023,399949418752.657
MYS,"{'id': 'MY', 'value': 'Malaysia'}",2022,407830525989.553
MYS,"{'id': 'MY', 'value': 'Malaysia'}",2021,373784553029.978
MYS,"{'id': 'MY', 'value': 'Malaysia'}",2020,337456163961.211
MYS,"{'id': 'MY', 'value': 'Malaysia'}",2019,365177721021.516
MYS,"{'id': 'MY', 'value': 'Malaysia'}",2018,358788845712.53
MYS,"{'id': 'MY', 'value': 'Malaysia'}",2017,319109094160.343
MYS,"{'id': 'MY', 'value': 'Malaysia'}",2016,301256033870.334
MYS,"{'id': 'MY', 'value': 'Malaysia'}",2015,301355266964.947
MDV,"{'id': 'MV', 'value': 'Maldives'}",2024,7061608267.25451
MDV,"{'id': 'MV', 'value': 'Maldives'}",2023,6621008703.95743
MDV,"{'id': 'MV', 'value': 'Maldives'}",2022,6177123352.26211
MDV,"{'id': 'MV', 'value': 'Maldives'}",2021,5252457369.55218
MDV,"{'id': 'MV', 'value': 'Maldives'}",2020,3712604583.36665
MDV,"{'id': 'MV', 'value': 'Maldives'}",2019,5726094799.37709
MDV,"{'id': 'MV', 'value': 'Maldives'}",2018,5404344162.69888
MDV,"{'id': 'MV', 'value': 'Maldives'}",2017,4816426256.52914
MDV,"{'id': 'MV', 'value': 'Maldives'}",2016,4409942623.85538
MDV,"{'id': 'MV', 'value': 'Maldives'}",2015,4129505319.12921
MLI,"{'id': 'ML', 'value': 'Mali'}",2024,26794747239.8805
MLI,"{'id': 'ML', 'value': 'Mali'}",2023,24813860598.5307
MLI,"{'id': 'ML', 'value': 'Mali'}",2022,22539987718.7642
MLI,"{'id': 'ML', 'value': 'Mali'}",2021,22999245262.6719
MLI,"{'id': 'ML', 'value': 'Mali'}",2020,20698560938.7775
MLI,"{'id': 'ML', 'value': 'Mali'}",2019,20477421884.5414
MLI,"{'id': 'ML', 'value': 'Mali'}",2018,20368015381.2413
MLI,"{'id': 'ML', 'value': 'Mali'}",2017,18308362040.0521
MLI,"{'id': 'ML', 'value': 'Mali'}",2016,16743796799.8329
MLI,"{'id': 'ML', 'value': 'Mali'}",2015,15583181170.4105
MLT,"{'id': 'MT', 'value': 'Malta'}",2024,24971574502.4475
MLT,"{'id': 'MT', 'value': 'Malta'}",2023,22610561526.1461
MLT,"{'id': 'MT', 'value': 'Malta'}",2022,18928276162.4131
MLT,"{'id': 'MT', 'value': 'Malta'}",2021,19739875611.4902
MLT,"{'id': 'MT', 'value': 'Malta'}",2020,16404663226.4598
MLT,"{'id': 'MT', 'value': 'Malta'}",2019,16337793530.7322
MLT,"{'id': 'MT', 'value': 'Malta'}",2018,16153779510.9928
MLT,"{'id': 'MT', 'value': 'Malta'}",2017,14161366724.1955
MLT,"{'id': 'MT', 'value': 'Malta'}",2016,12025782834.1534
MLT,"{'id': 'MT', 'value': 'Malta'}",2015,11340795042.0881
MHL,"{'id': 'MH', 'value': 'Marshall Islands'}",2024,290108489.990234
MHL,"{'id': 'MH', 'value': 'Marshall Islands'}",2023,263761322.021484
MHL,"{'id': 'MH', 'value': 'Marshall Islands'}",2022,258723510.742188
MHL,"{'id': 'MH', 'value': 'Marshall Islands'}",2021,261245544.433594
MHL,"{'id': 'MH', 'value': 'Marshall Islands'}",2020,241800000.0
MHL,"{'id': 'MH', 'value': 'Marshall Islands'}",2019,232900000.0
MHL,"{'id': 'MH', 'value': 'Marshall Islands'}",2018,220000000.0
MHL,"{'id': 'MH', 'value': 'Marshall Islands'}",2017,213700000.0
MHL,"{'id': 'MH', 'value': 'Marshall Islands'}",2016,201800000.0
MHL,"{'id': 'MH', 'value': 'Marshall Islands'}",2015,183700000.0
MRT,"{'id': 'MR', 'value': 'Mauritania'}",2024,10908045686.8808
MRT,"{'id': 'MR', 'value': 'Mauritania'}",2023,10726838461.3987
MRT,"{'id': 'MR', 'value': 'Mauritania'}",2022,9557966698.25369
MRT,"{'id': 'MR', 'value': 'Mauritania'}",2021,9222536364.01272
MRT,"{'id': 'MR', 'value': 'Mauritania'}",2020,8260752385.23089
MRT,"{'id': 'MR', 'value': 'Mauritania'}",2019,7894764885.82312
MRT,"{'id': 'MR', 'value': 'Mauritania'}",2018,7473550557.07378
MRT,"{'id': 'MR', 'value': 'Mauritania'}",2017,6800135898.28827
MRT,"{'id': 'MR', 'value': 'Mauritania'}",2016,6398747592.13185
MRT,"{'id': 'MR', 'value': 'Mauritania'}",2015,6166863896.68677
MUS,"{'id': 'MU', 'value': 'Mauritius'}",2024,14937861786.17
MUS,"{'id': 'MU', 'value': 'Mauritius'}",2023,14072212290.4596
MUS,"{'id': 'MU', 'value': 'Mauritius'}",2022,12936444123.3037
MUS,"{'id': 'MU', 'value': 'Mauritius'}",2021,11622048696.8129
MUS,"{'id': 'MU', 'value': 'Mauritius'}",2020,11566111137.5568
MUS,"{'id': 'MU', 'value': 'Mauritius'}",2019,14645235204.6176
MUS,"{'id': 'MU', 'value': 'Mauritius'}",2018,14957535715.9696
MUS,"{'id': 'MU', 'value': 'Mauritius'}",2017,13896938315.2799
MUS,"{'id': 'MU', 'value': 'Mauritius'}",2016,12757680846.5663
MUS,"{'id': 'MU', 'value': 'Mauritius'}",2015,12162211503.0793
MEX,"{'id': 'MX', 'value': 'Mexico'}",2024,1856365616165.94
MEX,"{'id': 'MX', 'value': 'Mexico'}",2023,1798317581486.88
MEX,"{'id': 'MX', 'value': 'Mexico'}",2022,1466934724293.06
MEX,"{'id': 'MX', 'value': 'Mexico'}",2021,1316569466685.95
MEX,"{'id': 'MX', 'value': 'Mexico'}",2020,1121064767308.42
MEX,"{'id': 'MX', 'value': 'Mexico'}",2019,1304106203902.45
MEX,"{'id': 'MX', 'value': 'Mexico'}",2018,1256300182879.73
MEX,"{'id': 'MX', 'value': 'Mexico'}",2017,1190721475906.0
MEX,"{'id': 'MX', 'value': 'Mexico'}",2016,1112233497452.7
MEX,"{'id': 'MX', 'value': 'Mexico'}",2015,1213294467716.88
FSM,"{'id': 'FM', 'value': 'Micronesia, Fed. Sts.'}",2024,471425099.488675
FSM,"{'id': 'FM', 'value': 'Micronesia, Fed. Sts.'}",2023,441469400.0
FSM,"{'id': 'FM', 'value': 'Micronesia, Fed. Sts.'}",2022,415956900.0
FSM,"{'id': 'FM', 'value': 'Micronesia, Fed. Sts.'}",2021,391601900.0
FSM,"{'id': 'FM', 'value': 'Micronesia, Fed. Sts.'}",2020,372902700.0
FSM,"{'id': 'FM', 'value': 'Micronesia, Fed. Sts.'}",2019,394000000.0
FSM,"{'id': 'FM', 'value': 'Micronesia, Fed. Sts.'}",2018,392000000.0
FSM,"{'id': 'FM', 'value': 'Micronesia, Fed. Sts.'}",2017,359000000.0
FSM,"{'id': 'FM', 'value': 'Micronesia, Fed. Sts.'}",2016,325000000.0
FSM,"{'id': 'FM', 'value': 'Micronesia, Fed. Sts.'}",2015,310175057.802073
MDA,"{'id': 'MD', 'value': 'Moldova'}",2024,18200340853.6517
MDA,"{'id': 'MD', 'value': 'Moldova'}",2023,16711906746.2133
MDA,"{'id': 'MD', 'value': 'Moldova'}",2022,14525337523.7271
MDA,"{'id': 'MD', 'value': 'Moldova'}",2021,13691869264.0794
MDA,"{'id': 'MD', 'value': 'Moldova'}",2020,11530746234.4492
MDA,"{'id': 'MD', 'value': 'Moldova'}",2019,11736797054.6965
MDA,"{'id': 'MD', 'value': 'Moldova'}",2018,11252353420.8798
MDA,"{'id': 'MD', 'value': 'Moldova'}",2017,9514404016.20949
MDA,"{'id': 'MD', 'value': 'Moldova'}",2016,7980917075.7748
MDA,"{'id': 'MD', 'value': 'Moldova'}",2015,7797667196.73087
MCO,"{'id': 'MC', 'value': 'Monaco'}",2024,11125783372.4794
MCO,"{'id': 'MC', 'value': 'Monaco'}",2023,10003892565.2005
MCO,"{'id': 'MC', 'value': 'Monaco'}",2022,8800430486.17137
MCO,"{'id': 'MC', 'value': 'Monaco'}",2021,8623242743.29564
MCO,"{'id': 'MC', 'value': 'Monaco'}",2020,6730736282.78961
MCO,"{'id': 'MC', 'value': 'Monaco'}",2019,7383496254.23721
MCO,"{'id': 'MC', 'value': 'Monaco'}",2018,7184333936.01355
MCO,"{'id': 'MC', 'value': 'Monaco'}",2017,6430254652.58934
MCO,"{'id': 'MC', 'value': 'Monaco'}",2016,6471290793.55029
MCO,"{'id': 'MC', 'value': 'Monaco'}",2015,6264756528.37691
MNG,"{'id': 'MN', 'value': 'Mongolia'}",2024,23794540024.5132
MNG,"{'id': 'MN', 'value': 'Mongolia'}",2023,20325121393.9074
MNG,"{'id': 'MN', 'value': 'Mongolia'}",2022,17146471713.748
MNG,"{'id': 'MN', 'value': 'Mongolia'}",2021,15286441737.6686
MNG,"{'id': 'MN', 'value': 'Mongolia'}",2020,13312981429.0891
MNG,"{'id': 'MN', 'value': 'Mongolia'}",2019,14206359017.5143
MNG,"{'id': 'MN', 'value': 'Mongolia'}",2018,13178094720.4986
MNG,"{'id': 'MN', 'value': 'Mongolia'}",2017,11480847740.736
MNG,"{'id': 'MN', 'value': 'Mongolia'}",2016,11181350649.3573
MNG,"{'id': 'MN', 'value': 'Mongolia'}",2015,11619892590.6941
MNE,"{'id': 'ME', 'value': 'Montenegro'}",2024,8270016670.86774
MNE,"{'id': 'ME', 'value': 'Montenegro'}",2023,7644389159.84471
MNE,"{'id': 'ME', 'value': 'Montenegro'}",2022,6251215144.13471
MNE,"{'id': 'ME', 'value': 'Montenegro'}",2021,5823715809.63286
MNE,"{'id': 'ME', 'value': 'Montenegro'}",2020,4723571497.76347
MNE,"{'id': 'ME', 'value': 'Montenegro'}",2019,5483476883.4658
MNE,"{'id': 'ME', 'value': 'Montenegro'}",2018,5433467174.79183
MNE,"{'id': 'ME', 'value': 'Montenegro'}",2017,4803962015.62122
MNE,"{'id': 'ME', 'value': 'Montenegro'}",2016,4357469330.46719
MNE,"{'id': 'ME', 'value': 'Montenegro'}",2015,4010885990.83986
MAR,"{'id': 'MA', 'value': 'Morocco'}",2024,160610994054.734
MAR,"{'id': 'MA', 'value': 'Morocco'}",2023,146036093666.762
MAR,"{'id': 'MA', 'value': 'Morocco'}",2022,131245312804.483
MAR,"{'id': 'MA', 'value': 'Morocco'}",2021,142022058447.231
MAR,"{'id': 'MA', 'value': 'Morocco'}",2020,121353645057.144
MAR,"{'id': 'MA', 'value': 'Morocco'}",2019,128920266409.458
MAR,"{'id': 'MA', 'value': 'Morocco'}",2018,127341147581.818
MAR,"{'id': 'MA', 'value': 'Morocco'}",2017,118540573367.844
MAR,"{'id': 'MA', 'value': 'Morocco'}",2016,111572947004.917
MAR,"{'id': 'MA', 'value': 'Morocco'}",2015,110413823841.592
MOZ,"{'id': 'MZ', 'value': 'Mozambique'}",2024,22745341305.0622
MOZ,"{'id': 'MZ', 'value': 'Mozambique'}",2023,20921079532.6094
MOZ,"{'id': 'MZ', 'value': 'Mozambique'}",2022,18883528581.3734
MOZ,"{'id': 'MZ', 'value': 'Mozambique'}",2021,16168055475.4449
MOZ,"{'id': 'MZ', 'value': 'Mozambique'}",2020,14235420174.1884
MOZ,"{'id': 'MZ', 'value': 'Mozambique'}",2019,15512759046.672
MOZ,"{'id': 'MZ', 'value': 'Mozambique'}",2018,15017358952.8452
MOZ,"{'id': 'MZ', 'value': 'Mozambique'}",2017,13264640645.7768
MOZ,"{'id': 'MZ', 'value': 'Mozambique'}",2016,12069051237.1711
MOZ,"{'id': 'MZ', 'value': 'Mozambique'}",2015,16208985769.615
MMR,"{'id': 'MM', 'value': 'Myanmar'}",2024,74068349523.8095
MMR,"{'id': 'MM', 'value': 'Myanmar'}",2023,66757619000.0
MMR,"{'id': 'MM', 'value': 'Myanmar'}",2022,62253049903.28
MMR,"{'id': 'MM', 'value': 'Myanmar'}",2021,66345291149.4433
MMR,"{'id': 'MM', 'value': 'Myanmar'}",2020,79006113670.2831
MMR,"{'id': 'MM', 'value': 'Myanmar'}",2019,75065106243.3578
MMR,"{'id': 'MM', 'value': 'Myanmar'}",2018,67860515993.1186
MMR,"{'id': 'MM', 'value': 'Myanmar'}",2017,66053040475.0257
MMR,"{'id': 'MM', 'value': 'Myanmar'}",2016,63298361983.5653
MMR,"{'id': 'MM', 'value': 'Myanmar'}",2015,59607290408.4359
NAM,"{'id': 'NA', 'value': 'Namibia'}",2024,13372354511.716
NAM,"{'id': 'NA', 'value': 'Namibia'}",2023,12408271449.2244
NAM,"{'id': 'NA', 'value': 'Namibia'}",2022,12569449123.3661
NAM,"{'id': 'NA', 'value': 'Namibia'}",2021,12402486183.6396
NAM,"{'id': 'NA', 'value': 'Namibia'}",2020,10583748541.5258
NAM,"{'id': 'NA', 'value': 'Namibia'}",2019,12541928303.48
NAM,"{'id': 'NA', 'value': 'Namibia'}",2018,13682019076.4022
NAM,"{'id': 'NA', 'value': 'Namibia'}",2017,12895153370.9132
NAM,"{'id': 'NA', 'value': 'Namibia'}",2016,10722018732.0936
NAM,"{'id': 'NA', 'value': 'Namibia'}",2015,11335161083.5061
NRU,"{'id': 'NR', 'value': 'Nauru'}",2024,162588620.632234
NRU,"{'id': 'NR', 'value': 'Nauru'}",2023,151435609.578807
NRU,"{'id': 'NR', 'value': 'Nauru'}",2022,152373433.909474
NRU,"{'id': 'NR', 'value': 'Nauru'}",2021,175390280.69162
NRU,"{'id': 'NR', 'value': 'Nauru'}",2020,124685688.161094
NRU,"{'id': 'NR', 'value': 'Nauru'}",2019,125160115.547819
NRU,"{'id': 'NR', 'value': 'Nauru'}",2018,130995566.30391
NRU,"{'id': 'NR', 'value': 'Nauru'}",2017,109355638.866955
NRU,"{'id': 'NR', 'value': 'Nauru'}",2016,97541943.0355053
NRU,"{'id': 'NR', 'value': 'Nauru'}",2015,84863440.5801997
NPL,"{'id': 'NP', 'value': 'Nepal'}",2024,42914268286.7109
NPL,"{'id': 'NP', 'value': 'Nepal'}",2023,41047772331.0994
NPL,"{'id': 'NP', 'value': 'Nepal'}",2022,41182939600.6209
NPL,"{'id': 'NP', 'value': 'Nepal'}",2021,36924841394.2605
NPL,"{'id': 'NP', 'value': 'Nepal'}",2020,33433659301.2466
NPL,"{'id': 'NP', 'value': 'Nepal'}",2019,34186180699.0255
NPL,"{'id': 'NP', 'value': 'Nepal'}",2018,33111525237.149
NPL,"{'id': 'NP', 'value': 'Nepal'}",2017,28971588940.364
NPL,"{'id': 'NP', 'value': 'Nepal'}",2016,24524109483.5293
NPL,"{'id': 'NP', 'value': 'Nepal'}",2015,24360801286.7638
NLD,"{'id': 'NL', 'value': 'Netherlands'}",2024,1214927698572.66
NLD,"{'id': 'NL', 'value': 'Netherlands'}",2023,1135475867551.0
NLD,"{'id': 'NL', 'value': 'Netherlands'}",2022,1046540797548.64
NLD,"{'id': 'NL', 'value': 'Netherlands'}",2021,1054472123449.6
NLD,"{'id': 'NL', 'value': 'Netherlands'}",2020,932560861701.17
NLD,"{'id': 'NL', 'value': 'Netherlands'}",2019,928903005576.469
NLD,"{'id': 'NL', 'value': 'Netherlands'}",2018,929733599796.862
NLD,"{'id': 'NL', 'value': 'Netherlands'}",2017,848233537845.884
NLD,"{'id': 'NL', 'value': 'Netherlands'}",2016,797163949289.885
NLD,"{'id': 'NL', 'value': 'Netherlands'}",2015,775743675302.734
NCL,"{'id': 'NC', 'value': 'New Caledonia'}",2024,8548919387.12607
NCL,"{'id': 'NC', 'value': 'New Caledonia'}",2023,9769167530.35744
NCL,"{'id': 'NC', 'value': 'New Caledonia'}",2022,9623318718.31459
NCL,"{'id': 'NC', 'value': 'New Caledonia'}",2021,10071349663.8484
NCL,"{'id': 'NC', 'value': 'New Caledonia'}",2020,9454629467.91408
NCL,"{'id': 'NC', 'value': 'New Caledonia'}",2019,9475655324.59495
NCL,"{'id': 'NC', 'value': 'New Caledonia'}",2018,9896402283.68587
NCL,"{'id': 'NC', 'value': 'New Caledonia'}",2017,9174048681.98577
NCL,"{'id': 'NC', 'value': 'New Caledonia'}",2016,8724568954.89799
NCL,"{'id': 'NC', 'value': 'New Caledonia'}",2015,8738203074.3957
NZL,"{'id': 'NZ', 'value': 'New Zealand'}",2024,260172385097.616
NZL,"{'id': 'NZ', 'value': 'New Zealand'}",2023,255194972673.122
NZL,"{'id': 'NZ', 'value': 'New Zealand'}",2022,249509991440.438
NZL,"{'id': 'NZ', 'value': 'New Zealand'}",2021,253977931814.967
NZL,"{'id': 'NZ', 'value': 'New Zealand'}",2020,213029554653.687
NZL,"{'id': 'NZ', 'value': 'New Zealand'}",2019,213006341101.869
NZL,"{'id': 'NZ', 'value': 'New Zealand'}",2018,211985631173.205
NZL,"{'id': 'NZ', 'value': 'New Zealand'}",2017,206745969246.073
NZL,"{'id': 'NZ', 'value': 'New Zealand'}",2016,189100085275.23
NZL,"{'id': 'NZ', 'value': 'New Zealand'}",2015,178224167087.99
NIC,"{'id': 'NI', 'value': 'Nicaragua'}",2024,19693982967.5926
NIC,"{'id': 'NI', 'value': 'Nicaragua'}",2023,17805842283.8725
NIC,"{'id': 'NI', 'value': 'Nicaragua'}",2022,15634572502.2294
NIC,"{'id': 'NI', 'value': 'Nicaragua'}",2021,14209020361.8508
NIC,"{'id': 'NI', 'value': 'Nicaragua'}",2020,12726422432.4868
NIC,"{'id': 'NI', 'value': 'Nicaragua'}",2019,12699023614.245
NIC,"{'id': 'NI', 'value': 'Nicaragua'}",2018,13025221974.232
NIC,"{'id': 'NI', 'value': 'Nicaragua'}",2017,13785893007.4769
NIC,"{'id': 'NI', 'value': 'Nicaragua'}",2016,13286093388.4752
NIC,"{'id': 'NI', 'value': 'Nicaragua'}",2015,12756696261.0676
NER,"{'id': 'NE', 'value': 'Niger'}",2024,19876128485.7857
NER,"{'id': 'NE', 'value': 'Niger'}",2023,16698786977.59
NER,"{'id': 'NE', 'value': 'Niger'}",2022,15433852712.2963
NER,"{'id': 'NE', 'value': 'Niger'}",2021,14915002436.069
NER,"{'id': 'NE', 'value': 'Niger'}",2020,13744653103.058
NER,"{'id': 'NE', 'value': 'Niger'}",2019,12889555561.2299
NER,"{'id': 'NE', 'value': 'Niger'}",2018,12837307496.8821
NER,"{'id': 'NE', 'value': 'Niger'}",2017,11185104251.6943
NER,"{'id': 'NE', 'value': 'Niger'}",2016,10398861981.7583
NER,"{'id': 'NE', 'value': 'Niger'}",2015,9683867926.44282
NGA,"{'id': 'NG', 'value': 'Nigeria'}",2024,252261880141.151
NGA,"{'id': 'NG', 'value': 'Nigeria'}",2023,487387801880.597
NGA,"{'id': 'NG', 'value': 'Nigeria'}",2022,646950257577.814
NGA,"{'id': 'NG', 'value': 'Nigeria'}",2021,609147716972.859
NGA,"{'id': 'NG', 'value': 'Nigeria'}",2020,598586817819.073
NGA,"{'id': 'NG', 'value': 'Nigeria'}",2019,668219992691.462
NGA,"{'id': 'NG', 'value': 'Nigeria'}",2018,421739251509.08
NGA,"{'id': 'NG', 'value': 'Nigeria'}",2017,375745731053.427
NGA,"{'id': 'NG', 'value': 'Nigeria'}",2016,404649125252.16
NGA,"{'id': 'NG', 'value': 'Nigeria'}",2015,493026682800.63
MKD,"{'id': 'MK', 'value': 'North Macedonia'}",2024,16951682245.4202
MKD,"{'id': 'MK', 'value': 'North Macedonia'}",2023,15855131188.9092
MKD,"{'id': 'MK', 'value': 'North Macedonia'}",2022,13932436550.0883
MKD,"{'id': 'MK', 'value': 'North Macedonia'}",2021,14000283827.0154
MKD,"{'id': 'MK', 'value': 'North Macedonia'}",2020,12361036913.8409
MKD,"{'id': 'MK', 'value': 'North Macedonia'}",2019,12606338448.547
MKD,"{'id': 'MK', 'value': 'North Macedonia'}",2018,12683068114.2388
MKD,"{'id': 'MK', 'value': 'North Macedonia'}",2017,11307067069.6658
MKD,"{'id': 'MK', 'value': 'North Macedonia'}",2016,10672467073.2873
MKD,"{'id': 'MK', 'value': 'North Macedonia'}",2015,10064519962.5655
MNP,"{'id': 'MP', 'value': 'Northern Mariana Islands'}",2024,
MNP,"{'id': 'MP', 'value': 'Northern Mariana Islands'}",2023,
MNP,"{'id': 'MP', 'value': 'Northern Mariana Islands'}",2022,1096000000.0
MNP,"{'id': 'MP', 'value': 'Northern Mariana Islands'}",2021,914000000.0
MNP,"{'id': 'MP', 'value': 'Northern Mariana Islands'}",2020,866000000.0
MNP,"{'id': 'MP', 'value': 'Northern Mariana Islands'}",2019,1179000000.0
MNP,"{'id': 'MP', 'value': 'Northern Mariana Islands'}",2018,1301000000.0
MNP,"{'id': 'MP', 'value': 'Northern Mariana Islands'}",2017,1560000000.0
MNP,"{'id': 'MP', 'value': 'Northern Mariana Islands'}",2016,1230000000.0
MNP,"{'id': 'MP', 'value': 'Northern Mariana Islands'}",2015,910000000.0
NOR,"{'id': 'NO', 'value': 'Norway'}",2024,483592648313.301
NOR,"{'id': 'NO', 'value': 'Norway'}",2023,482949731776.587
NOR,"{'id': 'NO', 'value': 'Norway'}",2022,596297651035.798
NOR,"{'id': 'NO', 'value': 'Norway'}",2021,503367986030.268
NOR,"{'id': 'NO', 'value': 'Norway'}",2020,367633418886.627
NOR,"{'id': 'NO', 'value': 'Norway'}",2019,408742840909.091
NOR,"{'id': 'NO', 'value': 'Norway'}",2018,439788625883.8
NOR,"{'id': 'NO', 'value': 'Norway'}",2017,401745275035.261
NOR,"{'id': 'NO', 'value': 'Norway'}",2016,370956547619.048
NOR,"{'id': 'NO', 'value': 'Norway'}",2015,388159512245.53
OMN,"{'id': 'OM', 'value': 'Oman'}",2024,107137198769.386
OMN,"{'id': 'OM', 'value': 'Oman'}",2023,106174708036.51
OMN,"{'id': 'OM', 'value': 'Oman'}",2022,109852795838.752
OMN,"{'id': 'OM', 'value': 'Oman'}",2021,87323797139.1417
OMN,"{'id': 'OM', 'value': 'Oman'}",2020,75909492847.8544
OMN,"{'id': 'OM', 'value': 'Oman'}",2019,88060858257.4772
OMN,"{'id': 'OM', 'value': 'Oman'}",2018,91505851755.5267
OMN,"{'id': 'OM', 'value': 'Oman'}",2017,80856697009.1027
OMN,"{'id': 'OM', 'value': 'Oman'}",2016,75128738621.5865
OMN,"{'id': 'OM', 'value': 'Oman'}",2015,78710793237.9714
PAK,"{'id': 'PK', 'value': 'Pakistan'}",2024,371570000121.266
PAK,"{'id': 'PK', 'value': 'Pakistan'}",2023,336686348609.266
PAK,"{'id': 'PK', 'value': 'Pakistan'}",2022,374890295666.694
PAK,"{'id': 'PK', 'value': 'Pakistan'}",2021,348516647445.148
PAK,"{'id': 'PK', 'value': 'Pakistan'}",2020,300425609817.981
PAK,"{'id': 'PK', 'value': 'Pakistan'}",2019,320909472770.669
PAK,"{'id': 'PK', 'value': 'Pakistan'}",2018,356128166704.921
PAK,"{'id': 'PK', 'value': 'Pakistan'}",2017,339205534861.1
PAK,"{'id': 'PK', 'value': 'Pakistan'}",2016,313630000130.435
PAK,"{'id': 'PK', 'value': 'Pakistan'}",2015,299963590534.773
PLW,"{'id': 'PW', 'value': 'Palau'}",2024,
PLW,"{'id': 'PW', 'value': 'Palau'}",2023,276733062.744141
PLW,"{'id': 'PW', 'value': 'Palau'}",2022,243826812.744141
PLW,"{'id': 'PW', 'value': 'Palau'}",2021,231343460.083008
PLW,"{'id': 'PW', 'value': 'Palau'}",2020,261688507.080078
PLW,"{'id': 'PW', 'value': 'Palau'}",2019,282041290.283203
PLW,"{'id': 'PW', 'value': 'Palau'}",2018,287998352.050781
PLW,"{'id': 'PW', 'value': 'Palau'}",2017,292148590.087891
PLW,"{'id': 'PW', 'value': 'Palau'}",2016,305227020.263672
PLW,"{'id': 'PW', 'value': 'Palau'}",2015,287057525.634766
PAN,"{'id': 'PA', 'value': 'Panama'}",2024,86523959131.7472
PAN,"{'id': 'PA', 'value': 'Panama'}",2023,83812155244.3352
PAN,"{'id': 'PA', 'value': 'Panama'}",2022,76479304470.9375
PAN,"{'id': 'PA', 'value': 'Panama'}",2021,67396392506.2378
PAN,"{'id': 'PA', 'value': 'Panama'}",2020,57059846521.5327
PAN,"{'id': 'PA', 'value': 'Panama'}",2019,69778991192.5571
PAN,"{'id': 'PA', 'value': 'Panama'}",2018,67316471181.2488
PAN,"{'id': 'PA', 'value': 'Panama'}",2017,64327688826.3137
PAN,"{'id': 'PA', 'value': 'Panama'}",2016,59760858717.8359
PAN,"{'id': 'PA', 'value': 'Panama'}",2015,55767806073.1781
PNG,"{'id': 'PG', 'value': 'Papua New Guinea'}",2024,31800428265.5246
PNG,"{'id': 'PG', 'value': 'Papua New Guinea'}",2023,30816367066.9594
PNG,"{'id': 'PG', 'value': 'Papua New Guinea'}",2022,31653185952.609
PNG,"{'id': 'PG', 'value': 'Papua New Guinea'}",2021,26109413521.3117
PNG,"{'id': 'PG', 'value': 'Papua New Guinea'}",2020,23848447849.6081
PNG,"{'id': 'PG', 'value': 'Papua New Guinea'}",2019,24750626029.8777
PNG,"{'id': 'PG', 'value': 'Papua New Guinea'}",2018,24109780708.0268
PNG,"{'id': 'PG', 'value': 'Papua New Guinea'}",2017,22742699138.356
PNG,"{'id': 'PG', 'value': 'Papua New Guinea'}",2016,20758876952.6232
PNG,"{'id': 'PG', 'value': 'Papua New Guinea'}",2015,21723437010.0982
PRY,"{'id': 'PY', 'value': 'Paraguay'}",2024,44458118397.4445
PRY,"{'id': 'PY', 'value': 'Paraguay'}",2023,43118053174.5461
PRY,"{'id': 'PY', 'value': 'Paraguay'}",2022,41952910858.0846
PRY,"{'id': 'PY', 'value': 'Paraguay'}",2021,39950899938.7474
PRY,"{'id': 'PY', 'value': 'Paraguay'}",2020,35432178068.1756
PRY,"{'id': 'PY', 'value': 'Paraguay'}",2019,37925338329.156
PRY,"{'id': 'PY', 'value': 'Paraguay'}",2018,40225448340.6341
PRY,"{'id': 'PY', 'value': 'Paraguay'}",2017,38997129473.5613
PRY,"{'id': 'PY', 'value': 'Paraguay'}",2016,36089700222.9546
PRY,"{'id': 'PY', 'value': 'Paraguay'}",2015,36211447840.1027
PER,"{'id': 'PE', 'value': 'Peru'}",2024,289221969062.941
PER,"{'id': 'PE', 'value': 'Peru'}",2023,266958720837.988
PER,"{'id': 'PE', 'value': 'Peru'}",2022,246065570308.155
PER,"{'id': 'PE', 'value': 'Peru'}",2021,226328766459.634
PER,"{'id': 'PE', 'value': 'Peru'}",2020,201409694755.934
PER,"{'id': 'PE', 'value': 'Peru'}",2019,228346006003.648
PER,"{'id': 'PE', 'value': 'Peru'}",2018,222597009739.235
PER,"{'id': 'PE', 'value': 'Peru'}",2017,211007984080.911
PER,"{'id': 'PE', 'value': 'Peru'}",2016,191898104390.379
PER,"{'id': 'PE', 'value': 'Peru'}",2015,189802976285.619
PHL,"{'id': 'PH', 'value': 'Philippines'}",2024,461617509782.355
PHL,"{'id': 'PH', 'value': 'Philippines'}",2023,437055627244.424
PHL,"{'id': 'PH', 'value': 'Philippines'}",2022,404353369604.631
PHL,"{'id': 'PH', 'value': 'Philippines'}",2021,394087359848.11
PHL,"{'id': 'PH', 'value': 'Philippines'}",2020,361751145451.597
PHL,"{'id': 'PH', 'value': 'Philippines'}",2019,376823402239.136
PHL,"{'id': 'PH', 'value': 'Philippines'}",2018,346841896587.313
PHL,"{'id': 'PH', 'value': 'Philippines'}",2017,328480736802.76
PHL,"{'id': 'PH', 'value': 'Philippines'}",2016,318627003016.731
PHL,"{'id': 'PH', 'value': 'Philippines'}",2015,306445871242.322
POL,"{'id': 'PL', 'value': 'Poland'}",2024,917767106146.761
POL,"{'id': 'PL', 'value': 'Poland'}",2023,812451193396.143
POL,"{'id': 'PL', 'value': 'Poland'}",2022,695607470875.276
POL,"{'id': 'PL', 'value': 'Poland'}",2021,689170230665.35
POL,"{'id': 'PL', 'value': 'Poland'}",2020,605914237903.742
POL,"{'id': 'PL', 'value': 'Poland'}",2019,602683770144.88
POL,"{'id': 'PL', 'value': 'Poland'}",2018,594616687350.017
POL,"{'id': 'PL', 'value': 'Poland'}",2017,528356676667.211
POL,"{'id': 'PL', 'value': 'Poland'}",2016,473259583969.643
POL,"{'id': 'PL', 'value': 'Poland'}",2015,480054118583.367
PRT,"{'id': 'PT', 'value': 'Portugal'}",2024,313271185085.102
PRT,"{'id': 'PT', 'value': 'Portugal'}",2023,292323800948.839
PRT,"{'id': 'PT', 'value': 'Portugal'}",2022,256898677175.024
PRT,"{'id': 'PT', 'value': 'Portugal'}",2021,256055879091.139
PRT,"{'id': 'PT', 'value': 'Portugal'}",2020,229618773422.577
PRT,"{'id': 'PT', 'value': 'Portugal'}",2019,240115970063.019
PRT,"{'id': 'PT', 'value': 'Portugal'}",2018,242092894542.888
PRT,"{'id': 'PT', 'value': 'Portugal'}",2017,220862990767.229
PRT,"{'id': 'PT', 'value': 'Portugal'}",2016,206305431241.638
PRT,"{'id': 'PT', 'value': 'Portugal'}",2015,199038523119.639
PRI,"{'id': 'PR', 'value': 'Puerto Rico (US)'}",2024,126029527033.705
PRI,"{'id': 'PR', 'value': 'Puerto Rico (US)'}",2023,118478754280.882
PRI,"{'id': 'PR', 'value': 'Puerto Rico (US)'}",2022,113843700000.0
PRI,"{'id': 'PR', 'value': 'Puerto Rico (US)'}",2021,106426600000.0
PRI,"{'id': 'PR', 'value': 'Puerto Rico (US)'}",2020,103130900000.0
PRI,"{'id': 'PR', 'value': 'Puerto Rico (US)'}",2019,105126400000.0
PRI,"{'id': 'PR', 'value': 'Puerto Rico (US)'}",2018,100958100000.0
PRI,"{'id': 'PR', 'value': 'Puerto Rico (US)'}",2017,103445500000.0
PRI,"{'id': 'PR', 'value': 'Puerto Rico (US)'}",2016,104336700000.0
PRI,"{'id': 'PR', 'value': 'Puerto Rico (US)'}",2015,103375500000.0
QAT,"{'id': 'QA', 'value': 'Qatar'}",2024,219162637362.637
QAT,"{'id': 'QA', 'value': 'Qatar'}",2023,217308516483.516
QAT,"{'id': 'QA', 'value': 'Qatar'}",2022,235709340659.341
QAT,"{'id': 'QA', 'value': 'Qatar'}",2021,179732142857.143
QAT,"{'id': 'QA', 'value': 'Qatar'}",2020,144411538461.538
QAT,"{'id': 'QA', 'value': 'Qatar'}",2019,176371428571.429
QAT,"{'id': 'QA', 'value': 'Qatar'}",2018,183335164835.165
QAT,"{'id': 'QA', 'value': 'Qatar'}",2017,161099175824.176
QAT,"{'id': 'QA', 'value': 'Qatar'}",2016,151732142857.143
QAT,"{'id': 'QA', 'value': 'Qatar'}",2015,161739835164.835
ROU,"{'id': 'RO', 'value': 'Romania'}",2024,382564217988.866
ROU,"{'id': 'RO', 'value': 'Romania'}",2023,347757995758.914
ROU,"{'id': 'RO', 'value': 'Romania'}",2022,295319437556.988
ROU,"{'id': 'RO', 'value': 'Romania'}",2021,285071280114.469
ROU,"{'id': 'RO', 'value': 'Romania'}",2020,250625048303.578
ROU,"{'id': 'RO', 'value': 'Romania'}",2019,250080428511.595
ROU,"{'id': 'RO', 'value': 'Romania'}",2018,241791427223.903
ROU,"{'id': 'RO', 'value': 'Romania'}",2017,210147385855.419
ROU,"{'id': 'RO', 'value': 'Romania'}",2016,185290759248.844
ROU,"{'id': 'RO', 'value': 'Romania'}",2015,177885131240.315
RUS,"{'id': 'RU', 'value': 'Russian Federation'}",2024,2173835806671.66
RUS,"{'id': 'RU', 'value': 'Russian Federation'}",2023,2071505725030.58
RUS,"{'id': 'RU', 'value': 'Russian Federation'}",2022,2291612121334.64
RUS,"{'id': 'RU', 'value': 'Russian Federation'}",2021,1829186719575.1
RUS,"{'id': 'RU', 'value': 'Russian Federation'}",2020,1493075894362.14
RUS,"{'id': 'RU', 'value': 'Russian Federation'}",2019,1693115002708.32
RUS,"{'id': 'RU', 'value': 'Russian Federation'}",2018,1657328773461.31
RUS,"{'id': 'RU', 'value': 'Russian Federation'}",2017,1574199360089.0
RUS,"{'id': 'RU', 'value': 'Russian Federation'}",2016,1276786350881.14
RUS,"{'id': 'RU', 'value': 'Russian Federation'}",2015,1363482182197.71
RWA,"{'id': 'RW', 'value': 'Rwanda'}",2024,14251642235.0968
RWA,"{'id': 'RW', 'value': 'Rwanda'}",2023,14331722703.4134
RWA,"{'id': 'RW', 'value': 'Rwanda'}",2022,13316161002.3912
RWA,"{'id': 'RW', 'value': 'Rwanda'}",2021,11078787090.1564
RWA,"{'id': 'RW', 'value': 'Rwanda'}",2020,10174386856.6101
RWA,"{'id': 'RW', 'value': 'Rwanda'}",2019,10349300276.7623
RWA,"{'id': 'RW', 'value': 'Rwanda'}",2018,9637904520.86283
RWA,"{'id': 'RW', 'value': 'Rwanda'}",2017,9252833891.40871
RWA,"{'id': 'RW', 'value': 'Rwanda'}",2016,8695272057.91798
RWA,"{'id': 'RW', 'value': 'Rwanda'}",2015,8543760199.80208
WSM,"{'id': 'WS', 'value': 'Samoa'}",2024,1175749785.65113
WSM,"{'id': 'WS', 'value': 'Samoa'}",2023,1044909500.02527
WSM,"{'id': 'WS', 'value': 'Samoa'}",2022,889554711.842341
WSM,"{'id': 'WS', 'value': 'Samoa'}",2021,859724936.05765
WSM,"{'id': 'WS', 'value': 'Samoa'}",2020,868884902.953089
WSM,"{'id': 'WS', 'value': 'Samoa'}",2019,912950466.064906
WSM,"{'id': 'WS', 'value': 'Samoa'}",2018,878448433.404342
WSM,"{'id': 'WS', 'value': 'Samoa'}",2017,884844384.463214
WSM,"{'id': 'WS', 'value': 'Samoa'}",2016,843924796.697421
WSM,"{'id': 'WS', 'value': 'Samoa'}",2015,824150498.653536
SMR,"{'id': 'SM', 'value': 'San Marino'}",2024,
SMR,"{'id': 'SM', 'value': 'San Marino'}",2023,2027527227.831
SMR,"{'id': 'SM', 'value': 'San Marino'}",2022,1829211863.9476
SMR,"{'id': 'SM', 'value': 'San Marino'}",2021,1855652786.18368
SMR,"{'id': 'SM', 'value': 'San Marino'}",2020,1541248248.80727
SMR,"{'id': 'SM', 'value': 'San Marino'}",2019,1616340692.28937
SMR,"{'id': 'SM', 'value': 'San Marino'}",2018,1655353653.05934
SMR,"{'id': 'SM', 'value': 'San Marino'}",2017,1528620346.31168
SMR,"{'id': 'SM', 'value': 'San Marino'}",2016,1468343139.74326
SMR,"{'id': 'SM', 'value': 'San Marino'}",2015,1419401070.56043
STP,"{'id': 'ST', 'value': 'Sao Tome and Principe'}",2024,822154621.088897
STP,"{'id': 'ST', 'value': 'Sao Tome and Principe'}",2023,690456806.696406
STP,"{'id': 'ST', 'value': 'Sao Tome and Principe'}",2022,540809499.189348
STP,"{'id': 'ST', 'value': 'Sao Tome and Principe'}",2021,524402455.54816
STP,"{'id': 'ST', 'value': 'Sao Tome and Principe'}",2020,471229484.607144
STP,"{'id': 'ST', 'value': 'Sao Tome and Principe'}",2019,412976082.620705
STP,"{'id': 'ST', 'value': 'Sao Tome and Principe'}",2018,383717327.830508
STP,"{'id': 'ST', 'value': 'Sao Tome and Principe'}",2017,322002845.229335
STP,"{'id': 'ST', 'value': 'Sao Tome and Principe'}",2016,292267272.196925
STP,"{'id': 'ST', 'value': 'Sao Tome and Principe'}",2015,259999643.047388
SAU,"{'id': 'SA', 'value': 'Saudi Arabia'}",2024,1239804533333.33
SAU,"{'id': 'SA', 'value': 'Saudi Arabia'}",2023,1218584533333.33
SAU,"{'id': 'SA', 'value': 'Saudi Arabia'}",2022,1239075200000.0
SAU,"{'id': 'SA', 'value': 'Saudi Arabia'}",2021,982661066666.667
SAU,"{'id': 'SA', 'value': 'Saudi Arabia'}",2020,767951200000.0
SAU,"{'id': 'SA', 'value': 'Saudi Arabia'}",2019,888890133333.333
SAU,"{'id': 'SA', 'value': 'Saudi Arabia'}",2018,886564800000.0
SAU,"{'id': 'SA', 'value': 'Saudi Arabia'}",2017,741266133333.333
SAU,"{'id': 'SA', 'value': 'Saudi Arabia'}",2016,689279466666.667
SAU,"{'id': 'SA', 'value': 'Saudi Arabia'}",2015,693414400000.0
SEN,"{'id': 'SN', 'value': 'Senegal'}",2024,32808056600.9436
SEN,"{'id': 'SN', 'value': 'Senegal'}",2023,30696331295.7826
SEN,"{'id': 'SN', 'value': 'Senegal'}",2022,27783332222.6759
SEN,"{'id': 'SN', 'value': 'Senegal'}",2021,27520784129.7508
SEN,"{'id': 'SN', 'value': 'Senegal'}",2020,24530513037.7518
SEN,"{'id': 'SN', 'value': 'Senegal'}",2019,23403995992.1354
SEN,"{'id': 'SN', 'value': 'Senegal'}",2018,23116701556.1381
SEN,"{'id': 'SN', 'value': 'Senegal'}",2017,20996562943.5979
SEN,"{'id': 'SN', 'value': 'Senegal'}",2016,19040312333.1864
SEN,"{'id': 'SN', 'value': 'Senegal'}",2015,17774766696.1759
SRB,"{'id': 'RS', 'value': 'Serbia'}",2024,90097765959.1114
SRB,"{'id': 'RS', 'value': 'Serbia'}",2023,81343999280.0179
SRB,"{'id': 'RS', 'value': 'Serbia'}",2022,66809895701.2152
SRB,"{'id': 'RS', 'value': 'Serbia'}",2021,66159884072.5308
SRB,"{'id': 'RS', 'value': 'Serbia'}",2020,55874017668.998
SRB,"{'id': 'RS', 'value': 'Serbia'}",2019,53864693664.5568
SRB,"{'id': 'RS', 'value': 'Serbia'}",2018,52787520248.9242
SRB,"{'id': 'RS', 'value': 'Serbia'}",2017,45972834713.8077
SRB,"{'id': 'RS', 'value': 'Serbia'}",2016,42225495909.5633
SRB,"{'id': 'RS', 'value': 'Serbia'}",2015,41297410634.9586
SYC,"{'id': 'SC', 'value': 'Seychelles'}",2024,2167239562.46013
SYC,"{'id': 'SC', 'value': 'Seychelles'}",2023,2187379754.66167
SYC,"{'id': 'SC', 'value': 'Seychelles'}",2022,2018346588.73752
SYC,"{'id': 'SC', 'value': 'Seychelles'}",2021,1487173794.80528
SYC,"{'id': 'SC', 'value': 'Seychelles'}",2020,1382551751.56908
SYC,"{'id': 'SC', 'value': 'Seychelles'}",2019,1868690096.73454
SYC,"{'id': 'SC', 'value': 'Seychelles'}",2018,1784313926.76807
SYC,"{'id': 'SC', 'value': 'Seychelles'}",2017,1675370641.01416
SYC,"{'id': 'SC', 'value': 'Seychelles'}",2016,1568513348.14463
SYC,"{'id': 'SC', 'value': 'Seychelles'}",2015,1432403352.12944
SLE,"{'id': 'SL', 'value': 'Sierra Leone'}",2024,6971127235.3123
SLE,"{'id': 'SL', 'value': 'Sierra Leone'}",2023,6415852766.73832
SLE,"{'id': 'SL', 'value': 'Sierra Leone'}",2022,7121125277.52542
SLE,"{'id': 'SL', 'value': 'Sierra Leone'}",2021,7166931485.49433
SLE,"{'id': 'SL', 'value': 'Sierra Leone'}",2020,6688307703.1447
SLE,"{'id': 'SL', 'value': 'Sierra Leone'}",2019,6523577594.29408
SLE,"{'id': 'SL', 'value': 'Sierra Leone'}",2018,6390514688.52816
SLE,"{'id': 'SL', 'value': 'Sierra Leone'}",2017,5749846528.48046
SLE,"{'id': 'SL', 'value': 'Sierra Leone'}",2016,6084297211.10217
SLE,"{'id': 'SL', 'value': 'Sierra Leone'}",2015,6788352974.78329
SGP,"{'id': 'SG', 'value': 'Singapore'}",2024,547386645891.847
SGP,"{'id': 'SG', 'value': 'Singapore'}",2023,505439514078.019
SGP,"{'id': 'SG', 'value': 'Singapore'}",2022,509017841146.557
SGP,"{'id': 'SG', 'value': 'Singapore'}",2021,436591382250.464
SGP,"{'id': 'SG', 'value': 'Singapore'}",2020,349165858544.568
SGP,"{'id': 'SG', 'value': 'Singapore'}",2019,376161998830.048
SGP,"{'id': 'SG', 'value': 'Singapore'}",2018,377123710560.614
SGP,"{'id': 'SG', 'value': 'Singapore'}",2017,343673334902.33
SGP,"{'id': 'SG', 'value': 'Singapore'}",2016,319646468521.497
SGP,"{'id': 'SG', 'value': 'Singapore'}",2015,307998545269.398
SXM,"{'id': 'SX', 'value': 'Sint Maarten (Dutch part)'}",2024,1797836665.95136
SXM,"{'id': 'SX', 'value': 'Sint Maarten (Dutch part)'}",2023,1686525953.05006
SXM,"{'id': 'SX', 'value': 'Sint Maarten (Dutch part)'}",2022,1592564639.32961
SXM,"{'id': 'SX', 'value': 'Sint Maarten (Dutch part)'}",2021,1353071061.45251
SXM,"{'id': 'SX', 'value': 'Sint Maarten (Dutch part)'}",2020,1236428100.55866
SXM,"{'id': 'SX', 'value': 'Sint Maarten (Dutch part)'}",2019,1407880446.92737
SXM,"{'id': 'SX', 'value': 'Sint Maarten (Dutch part)'}",2018,1259200446.92737
SXM,"{'id': 'SX', 'value': 'Sint Maarten (Dutch part)'}",2017,1353212122.90503
SXM,"{'id': 'SX', 'value': 'Sint Maarten (Dutch part)'}",2016,1427017206.70391
SXM,"{'id': 'SX', 'value': 'Sint Maarten (Dutch part)'}",2015,1417888715.0838
SVK,"{'id': 'SK', 'value': 'Slovak Republic'}",2024,140934076532.375
SVK,"{'id': 'SK', 'value': 'Slovak Republic'}",2023,133578518423.544
SVK,"{'id': 'SK', 'value': 'Slovak Republic'}",2022,115792972358.209
SVK,"{'id': 'SK', 'value': 'Slovak Republic'}",2021,120511265913.343
SVK,"{'id': 'SK', 'value': 'Slovak Republic'}",2020,107732602896.441
SVK,"{'id': 'SK', 'value': 'Slovak Republic'}",2019,105843498304.094
SVK,"{'id': 'SK', 'value': 'Slovak Republic'}",2018,106611673364.837
SVK,"{'id': 'SK', 'value': 'Slovak Republic'}",2017,95978130734.9766
SVK,"{'id': 'SK', 'value': 'Slovak Republic'}",2016,90347173228.6356
SVK,"{'id': 'SK', 'value': 'Slovak Republic'}",2015,89178548717.3324
SVN,"{'id': 'SI', 'value': 'Slovenia'}",2024,72972015197.3859
SVN,"{'id': 'SI', 'value': 'Slovenia'}",2023,69255264238.3855
SVN,"{'id': 'SI', 'value': 'Slovenia'}",2022,59899117741.0022
SVN,"{'id': 'SI', 'value': 'Slovenia'}",2021,61540813361.8556
SVN,"{'id': 'SI', 'value': 'Slovenia'}",2020,53384760135.1581
SVN,"{'id': 'SI', 'value': 'Slovenia'}",2019,53909922735.545
SVN,"{'id': 'SI', 'value': 'Slovenia'}",2018,53689067639.9176
SVN,"{'id': 'SI', 'value': 'Slovenia'}",2017,48153200134.6613
SVN,"{'id': 'SI', 'value': 'Slovenia'}",2016,44290685824.0682
SVN,"{'id': 'SI', 'value': 'Slovenia'}",2015,42709468274.8137
SLB,"{'id': 'SB', 'value': 'Solomon Islands'}",2024,1583964703.75061
SLB,"{'id': 'SB', 'value': 'Solomon Islands'}",2023,1506124566.40404
SLB,"{'id': 'SB', 'value': 'Solomon Islands'}",2022,1466670929.62333
SLB,"{'id': 'SB', 'value': 'Solomon Islands'}",2021,1558312103.84225
SLB,"{'id': 'SB', 'value': 'Solomon Islands'}",2020,1536143427.82958
SLB,"{'id': 'SB', 'value': 'Solomon Islands'}",2019,1619150563.92084
SLB,"{'id': 'SB', 'value': 'Solomon Islands'}",2018,1615473250.25259
SLB,"{'id': 'SB', 'value': 'Solomon Islands'}",2017,1469790526.3972
SLB,"{'id': 'SB', 'value': 'Solomon Islands'}",2016,1379486290.71433
SLB,"{'id': 'SB', 'value': 'Solomon Islands'}",2015,1307908813.59962
SOM,"{'id': 'SO', 'value': 'Somalia, Fed. Rep.'}",2024,11967000000.0
SOM,"{'id': 'SO', 'value': 'Somalia, Fed. Rep.'}",2023,10958000000.0
SOM,"{'id': 'SO', 'value': 'Somalia, Fed. Rep.'}",2022,10203000000.0
SOM,"{'id': 'SO', 'value': 'Somalia, Fed. Rep.'}",2021,9483000000.0
SOM,"{'id': 'SO', 'value': 'Somalia, Fed. Rep.'}",2020,8628000000.0
SOM,"{'id': 'SO', 'value': 'Somalia, Fed. Rep.'}",2019,8656000000.0
SOM,"{'id': 'SO', 'value': 'Somalia, Fed. Rep.'}",2018,7873000000.0
SOM,"{'id': 'SO', 'value': 'Somalia, Fed. Rep.'}",2017,7621501710.0012
SOM,"{'id': 'SO', 'value': 'Somalia, Fed. Rep.'}",2016,6613743069.99912
SOM,"{'id': 'SO', 'value': 'Somalia, Fed. Rep.'}",2015,6152149099.99942
ZAF,"{'id': 'ZA', 'value': 'South Africa'}",2024,401144998373.585
ZAF,"{'id': 'ZA', 'value': 'South Africa'}",2023,381440724491.232
ZAF,"{'id': 'ZA', 'value': 'South Africa'}",2022,407596043067.885
ZAF,"{'id': 'ZA', 'value': 'South Africa'}",2021,419986284375.368
ZAF,"{'id': 'ZA', 'value': 'South Africa'}",2020,337974655408.055
ZAF,"{'id': 'ZA', 'value': 'South Africa'}",2019,389330032224.269
ZAF,"{'id': 'ZA', 'value': 'South Africa'}",2018,405260723892.517
ZAF,"{'id': 'ZA', 'value': 'South Africa'}",2017,381448814653.456
ZAF,"{'id': 'ZA', 'value': 'South Africa'}",2016,323585509674.481
ZAF,"{'id': 'ZA', 'value': 'South Africa'}",2015,346709790458.563
SSD,"{'id': 'SS', 'value': 'South Sudan'}",2024,
SSD,"{'id': 'SS', 'value': 'South Sudan'}",2023,
SSD,"{'id': 'SS', 'value': 'South Sudan'}",2022,
SSD,"{'id': 'SS', 'value': 'South Sudan'}",2021,
SSD,"{'id': 'SS', 'value': 'South Sudan'}",2020,
SSD,"{'id': 'SS', 'value': 'South Sudan'}",2019,
SSD,"{'id': 'SS', 'value': 'South Sudan'}",2018,
SSD,"{'id': 'SS', 'value': 'South Sudan'}",2017,
SSD,"{'id': 'SS', 'value': 'South Sudan'}",2016,
SSD,"{'id': 'SS', 'value': 'South Sudan'}",2015,11997800760.2242
ESP,"{'id': 'ES', 'value': 'Spain'}",2024,1725671652742.19
ESP,"{'id': 'ES', 'value': 'Spain'}",2023,1619481980719.64
ESP,"{'id': 'ES', 'value': 'Spain'}",2022,1448850658406.62
ESP,"{'id': 'ES', 'value': 'Spain'}",2021,1461244901852.69
ESP,"{'id': 'ES', 'value': 'Spain'}",2020,1289783836971.21
ESP,"{'id': 'ES', 'value': 'Spain'}",2019,1403496387686.27
ESP,"{'id': 'ES', 'value': 'Spain'}",2018,1431642809327.06
ESP,"{'id': 'ES', 'value': 'Spain'}",2017,1321754088818.83
ESP,"{'id': 'ES', 'value': 'Spain'}",2016,1243015667917.12
ESP,"{'id': 'ES', 'value': 'Spain'}",2015,1206164777553.12
LKA,"{'id': 'LK', 'value': 'Sri Lanka'}",2024,98963185509.6499
LKA,"{'id': 'LK', 'value': 'Sri Lanka'}",2023,83716142582.1945
LKA,"{'id': 'LK', 'value': 'Sri Lanka'}",2022,74143020262.8076
LKA,"{'id': 'LK', 'value': 'Sri Lanka'}",2021,88556698937.7033
LKA,"{'id': 'LK', 'value': 'Sri Lanka'}",2020,84335574581.5072
LKA,"{'id': 'LK', 'value': 'Sri Lanka'}",2019,88998706296.5783
LKA,"{'id': 'LK', 'value': 'Sri Lanka'}",2018,94450015982.8405
LKA,"{'id': 'LK', 'value': 'Sri Lanka'}",2017,94369350285.5814
LKA,"{'id': 'LK', 'value': 'Sri Lanka'}",2016,88000211171.5956
LKA,"{'id': 'LK', 'value': 'Sri Lanka'}",2015,85090301052.0465
KNA,"{'id': 'KN', 'value': 'St. Kitts and Nevis'}",2024,1122388888.88889
KNA,"{'id': 'KN', 'value': 'St. Kitts and Nevis'}",2023,1055651851.85185
KNA,"{'id': 'KN', 'value': 'St. Kitts and Nevis'}",2022,981429629.62963
KNA,"{'id': 'KN', 'value': 'St. Kitts and Nevis'}",2021,858622222.222222
KNA,"{'id': 'KN', 'value': 'St. Kitts and Nevis'}",2020,883922222.222222
KNA,"{'id': 'KN', 'value': 'St. Kitts and Nevis'}",2019,1107855555.55556
KNA,"{'id': 'KN', 'value': 'St. Kitts and Nevis'}",2018,1076548148.14815
KNA,"{'id': 'KN', 'value': 'St. Kitts and Nevis'}",2017,1056977777.77778
KNA,"{'id': 'KN', 'value': 'St. Kitts and Nevis'}",2016,1006818518.51852
KNA,"{'id': 'KN', 'value': 'St. Kitts and Nevis'}",2015,957222222.222222
LCA,"{'id': 'LC', 'value': 'St. Lucia'}",2024,2549062962.96296
LCA,"{'id': 'LC', 'value': 'St. Lucia'}",2023,2430166666.66667
LCA,"{'id': 'LC', 'value': 'St. Lucia'}",2022,2342714814.81481
LCA,"{'id': 'LC', 'value': 'St. Lucia'}",2021,1867185185.18518
LCA,"{'id': 'LC', 'value': 'St. Lucia'}",2020,1499274074.07407
LCA,"{'id': 'LC', 'value': 'St. Lucia'}",2019,2095344444.44444
LCA,"{'id': 'LC', 'value': 'St. Lucia'}",2018,2060955555.55556
LCA,"{'id': 'LC', 'value': 'St. Lucia'}",2017,1998503703.7037
LCA,"{'id': 'LC', 'value': 'St. Lucia'}",2016,1868544444.44444
LCA,"{'id': 'LC', 'value': 'St. Lucia'}",2015,1807640740.74074
MAF,"{'id': 'MF', 'value': 'St. Martin (French part)'}",2024,
MAF,"{'id': 'MF', 'value': 'St. Martin (French part)'}",2023,
MAF,"{'id': 'MF', 'value': 'St. Martin (French part)'}",2022,
MAF,"{'id': 'MF', 'value': 'St. Martin (French part)'}",2021,649206262.847519
MAF,"{'id': 'MF', 'value': 'St. Martin (French part)'}",2020,
MAF,"{'id': 'MF', 'value': 'St. Martin (French part)'}",2019,652206037.103874
MAF,"{'id': 'MF', 'value': 'St. Martin (French part)'}",2018,
MAF,"{'id': 'MF', 'value': 'St. Martin (French part)'}",2017,
MAF,"{'id': 'MF', 'value': 'St. Martin (French part)'}",2016,
MAF,"{'id': 'MF', 'value': 'St. Martin (French part)'}",2015,
VCT,"{'id': 'VC', 'value': 'St. Vincent and the Grenadines'}",2024,1157207407.40741
VCT,"{'id': 'VC', 'value': 'St. Vincent and the Grenadines'}",2023,1072237037.03704
VCT,"{'id': 'VC', 'value': 'St. Vincent and the Grenadines'}",2022,989188888.888889
VCT,"{'id': 'VC', 'value': 'St. Vincent and the Grenadines'}",2021,888677777.777778
VCT,"{'id': 'VC', 'value': 'St. Vincent and the Grenadines'}",2020,864566666.666667
VCT,"{'id': 'VC', 'value': 'St. Vincent and the Grenadines'}",2019,910481481.481481
VCT,"{'id': 'VC', 'value': 'St. Vincent and the Grenadines'}",2018,884329629.62963
VCT,"{'id': 'VC', 'value': 'St. Vincent and the Grenadines'}",2017,844040740.740741
VCT,"{'id': 'VC', 'value': 'St. Vincent and the Grenadines'}",2016,814303703.703704
VCT,"{'id': 'VC', 'value': 'St. Vincent and the Grenadines'}",2015,786555555.555555
SDN,"{'id': 'SD', 'value': 'Sudan'}",2024,49672435513.1126
SDN,"{'id': 'SD', 'value': 'Sudan'}",2023,39898289820.7951
SDN,"{'id': 'SD', 'value': 'Sudan'}",2022,51666875363.0963
SDN,"{'id': 'SD', 'value': 'Sudan'}",2021,34229513774.9936
SDN,"{'id': 'SD', 'value': 'Sudan'}",2020,27034593750.0
SDN,"{'id': 'SD', 'value': 'Sudan'}",2019,32338079165.2893
SDN,"{'id': 'SD', 'value': 'Sudan'}",2018,32333780383.2924
SDN,"{'id': 'SD', 'value': 'Sudan'}",2017,41283617976.1905
SDN,"{'id': 'SD', 'value': 'Sudan'}",2016,42630376000.0
SDN,"{'id': 'SD', 'value': 'Sudan'}",2015,51726758676.7677
SUR,"{'id': 'SR', 'value': 'Suriname'}",2024,4416775112.09627
SUR,"{'id': 'SR', 'value': 'Suriname'}",2023,3472693412.08497
SUR,"{'id': 'SR', 'value': 'Suriname'}",2022,3791603200.0259
SUR,"{'id': 'SR', 'value': 'Suriname'}",2021,3107923197.96954
SUR,"{'id': 'SR', 'value': 'Suriname'}",2020,2911807496.20227
SUR,"{'id': 'SR', 'value': 'Suriname'}",2019,4016040575.08796
SUR,"{'id': 'SR', 'value': 'Suriname'}",2018,3996198866.57453
SUR,"{'id': 'SR', 'value': 'Suriname'}",2017,3591679430.99988
SUR,"{'id': 'SR', 'value': 'Suriname'}",2016,3317421648.09918
SUR,"{'id': 'SR', 'value': 'Suriname'}",2015,5126237646.22072
SWE,"{'id': 'SE', 'value': 'Sweden'}",2024,603715224265.798
SWE,"{'id': 'SE', 'value': 'Sweden'}",2023,578990915246.07
SWE,"{'id': 'SE', 'value': 'Sweden'}",2022,575071237640.921
SWE,"{'id': 'SE', 'value': 'Sweden'}",2021,631693331300.776
SWE,"{'id': 'SE', 'value': 'Sweden'}",2020,544265668451.678
SWE,"{'id': 'SE', 'value': 'Sweden'}",2019,530894124494.418
SWE,"{'id': 'SE', 'value': 'Sweden'}",2018,549649344043.182
SWE,"{'id': 'SE', 'value': 'Sweden'}",2017,535172356784.769
SWE,"{'id': 'SE', 'value': 'Sweden'}",2016,513058312950.939
SWE,"{'id': 'SE', 'value': 'Sweden'}",2015,501602351911.6
CHE,"{'id': 'CH', 'value': 'Switzerland'}",2024,936564198048.516
CHE,"{'id': 'CH', 'value': 'Switzerland'}",2023,894424821645.205
CHE,"{'id': 'CH', 'value': 'Switzerland'}",2022,828508926958.393
CHE,"{'id': 'CH', 'value': 'Switzerland'}",2021,815309330986.719
CHE,"{'id': 'CH', 'value': 'Switzerland'}",2020,741999406005.627
CHE,"{'id': 'CH', 'value': 'Switzerland'}",2019,721369112726.724
CHE,"{'id': 'CH', 'value': 'Switzerland'}",2018,725568717468.001
CHE,"{'id': 'CH', 'value': 'Switzerland'}",2017,695200833086.499
CHE,"{'id': 'CH', 'value': 'Switzerland'}",2016,687895460902.713
CHE,"{'id': 'CH', 'value': 'Switzerland'}",2015,694118186379.628
SYR,"{'id': 'SY', 'value': 'Syrian Arab Republic'}",2024,
SYR,"{'id': 'SY', 'value': 'Syrian Arab Republic'}",2023,
SYR,"{'id': 'SY', 'value': 'Syrian Arab Republic'}",2022,23622827079.5047
SYR,"{'id': 'SY', 'value': 'Syrian Arab Republic'}",2021,14353205678.4991
SYR,"{'id': 'SY', 'value': 'Syrian Arab Republic'}",2020,12047752036.091
SYR,"{'id': 'SY', 'value': 'Syrian Arab Republic'}",2019,22583045060.0821
SYR,"{'id': 'SY', 'value': 'Syrian Arab Republic'}",2018,21497782867.6426
SYR,"{'id': 'SY', 'value': 'Syrian Arab Republic'}",2017,16369843352.3453
SYR,"{'id': 'SY', 'value': 'Syrian Arab Republic'}",2016,12597854877.4254
SYR,"{'id': 'SY', 'value': 'Syrian Arab Republic'}",2015,16466863117.0009
TJK,"{'id': 'TJ', 'value': 'Tajikistan'}",2024,14204575548.5536
TJK,"{'id': 'TJ', 'value': 'Tajikistan'}",2023,12244169292.7998
TJK,"{'id': 'TJ', 'value': 'Tajikistan'}",2022,10713525200.3998
TJK,"{'id': 'TJ', 'value': 'Tajikistan'}",2021,8937805347.13963
TJK,"{'id': 'TJ', 'value': 'Tajikistan'}",2020,8133963550.65742
TJK,"{'id': 'TJ', 'value': 'Tajikistan'}",2019,8300813599.3084
TJK,"{'id': 'TJ', 'value': 'Tajikistan'}",2018,7764999999.45362
TJK,"{'id': 'TJ', 'value': 'Tajikistan'}",2017,7536402852.85802
TJK,"{'id': 'TJ', 'value': 'Tajikistan'}",2016,6992416096.89018
TJK,"{'id': 'TJ', 'value': 'Tajikistan'}",2015,8271431485.07484
TZA,"{'id': 'TZ', 'value': 'Tanzania'}",2024,78844405385.2195
TZA,"{'id': 'TZ', 'value': 'Tanzania'}",2023,79030935627.0781
TZA,"{'id': 'TZ', 'value': 'Tanzania'}",2022,75749121842.9149
TZA,"{'id': 'TZ', 'value': 'Tanzania'}",2021,70655628147.8986
TZA,"{'id': 'TZ', 'value': 'Tanzania'}",2020,66068737786.0639
TZA,"{'id': 'TZ', 'value': 'Tanzania'}",2019,61026731925.9213
TZA,"{'id': 'TZ', 'value': 'Tanzania'}",2018,57003712892.0858
TZA,"{'id': 'TZ', 'value': 'Tanzania'}",2017,53274884532.7886
TZA,"{'id': 'TZ', 'value': 'Tanzania'}",2016,49774409374.4538
TZA,"{'id': 'TZ', 'value': 'Tanzania'}",2015,47413919817.124
THA,"{'id': 'TH', 'value': 'Thailand'}",2024,526517658841.684
THA,"{'id': 'TH', 'value': 'Thailand'}",2023,515906283940.933
THA,"{'id': 'TH', 'value': 'Thailand'}",2022,495644697587.661
THA,"{'id': 'TH', 'value': 'Thailand'}",2021,506194668789.937
THA,"{'id': 'TH', 'value': 'Thailand'}",2020,500461898480.246
THA,"{'id': 'TH', 'value': 'Thailand'}",2019,543976691793.886
THA,"{'id': 'TH', 'value': 'Thailand'}",2018,506754208404.485
THA,"{'id': 'TH', 'value': 'Thailand'}",2017,456356813536.764
THA,"{'id': 'TH', 'value': 'Thailand'}",2016,413366349747.508
THA,"{'id': 'TH', 'value': 'Thailand'}",2015,401296238228.084
TLS,"{'id': 'TL', 'value': 'Timor-Leste'}",2024,1865608515.41321
TLS,"{'id': 'TL', 'value': 'Timor-Leste'}",2023,2079767170.22651
TLS,"{'id': 'TL', 'value': 'Timor-Leste'}",2022,3208599889.00965
TLS,"{'id': 'TL', 'value': 'Timor-Leste'}",2021,3625024341.27346
TLS,"{'id': 'TL', 'value': 'Timor-Leste'}",2020,2162619240.86927
TLS,"{'id': 'TL', 'value': 'Timor-Leste'}",2019,2032550389.41316
TLS,"{'id': 'TL', 'value': 'Timor-Leste'}",2018,1555988614.43594
TLS,"{'id': 'TL', 'value': 'Timor-Leste'}",2017,1584878439.93596
TLS,"{'id': 'TL', 'value': 'Timor-Leste'}",2016,1640464612.08088
TLS,"{'id': 'TL', 'value': 'Timor-Leste'}",2015,1590282371.46446
TGO,"{'id': 'TG', 'value': 'Togo'}",2024,10651180146.531
TGO,"{'id': 'TG', 'value': 'Togo'}",2023,9816236302.58515
TGO,"{'id': 'TG', 'value': 'Togo'}",2022,8646453099.4124
TGO,"{'id': 'TG', 'value': 'Togo'}",2021,8541668141.26198
TGO,"{'id': 'TG', 'value': 'Togo'}",2020,7486031561.86885
TGO,"{'id': 'TG', 'value': 'Togo'}",2019,6992654019.28876
TGO,"{'id': 'TG', 'value': 'Togo'}",2018,7029215766.46367
TGO,"{'id': 'TG', 'value': 'Togo'}",2017,6387424239.8801
TGO,"{'id': 'TG', 'value': 'Togo'}",2016,6071167584.1951
TGO,"{'id': 'TG', 'value': 'Togo'}",2015,5755457836.01866
TON,"{'id': 'TO', 'value': 'Tonga'}",2024,
TON,"{'id': 'TO', 'value': 'Tonga'}",2023,591139749.44287
TON,"{'id': 'TO', 'value': 'Tonga'}",2022,556514555.400882
TON,"{'id': 'TO', 'value': 'Tonga'}",2021,519306352.78704
TON,"{'id': 'TO', 'value': 'Tonga'}",2020,506571467.895978
TON,"{'id': 'TO', 'value': 'Tonga'}",2019,506031238.979937
TON,"{'id': 'TO', 'value': 'Tonga'}",2018,493530783.00463
TON,"{'id': 'TO', 'value': 'Tonga'}",2017,459976850.268529
TON,"{'id': 'TO', 'value': 'Tonga'}",2016,420828262.317922
TON,"{'id': 'TO', 'value': 'Tonga'}",2015,437525514.240726
TTO,"{'id': 'TT', 'value': 'Trinidad and Tobago'}",2024,25633544529.4849
TTO,"{'id': 'TT', 'value': 'Trinidad and Tobago'}",2023,25036993423.3664
TTO,"{'id': 'TT', 'value': 'Trinidad and Tobago'}",2022,28341164301.126
TTO,"{'id': 'TT', 'value': 'Trinidad and Tobago'}",2021,24222963262.7213
TTO,"{'id': 'TT', 'value': 'Trinidad and Tobago'}",2020,20888515184.2239
TTO,"{'id': 'TT', 'value': 'Trinidad and Tobago'}",2019,23477745791.6977
TTO,"{'id': 'TT', 'value': 'Trinidad and Tobago'}",2018,23883058083.2171
TTO,"{'id': 'TT', 'value': 'Trinidad and Tobago'}",2017,23830750900.6899
TTO,"{'id': 'TT', 'value': 'Trinidad and Tobago'}",2016,23624322192.6274
TTO,"{'id': 'TT', 'value': 'Trinidad and Tobago'}",2015,26841141793.2143
TUN,"{'id': 'TN', 'value': 'Tunisia'}",2024,51332285656.5422
TUN,"{'id': 'TN', 'value': 'Tunisia'}",2023,48205328303.3398
TUN,"{'id': 'TN', 'value': 'Tunisia'}",2022,44929920092.7955
TUN,"{'id': 'TN', 'value': 'Tunisia'}",2021,47073234359.1819
TUN,"{'id': 'TN', 'value': 'Tunisia'}",2020,42491780918.361
TUN,"{'id': 'TN', 'value': 'Tunisia'}",2019,41905642418.825
TUN,"{'id': 'TN', 'value': 'Tunisia'}",2018,42686504459.801
TUN,"{'id': 'TN', 'value': 'Tunisia'}",2017,42163530590.9462
TUN,"{'id': 'TN', 'value': 'Tunisia'}",2016,44360072680.4476
TUN,"{'id': 'TN', 'value': 'Tunisia'}",2015,45779494041.9295
TUR,"{'id': 'TR', 'value': 'Turkiye'}",2024,1359123768774.12
TUR,"{'id': 'TR', 'value': 'Turkiye'}",2023,1141242864657.45
TUR,"{'id': 'TR', 'value': 'Turkiye'}",2022,926097476913.818
TUR,"{'id': 'TR', 'value': 'Turkiye'}",2021,839938668172.134
TUR,"{'id': 'TR', 'value': 'Turkiye'}",2020,733628247119.077
TUR,"{'id': 'TR', 'value': 'Turkiye'}",2019,775853144222.613
TUR,"{'id': 'TR', 'value': 'Turkiye'}",2018,788356985773.667
TUR,"{'id': 'TR', 'value': 'Turkiye'}",2017,863874522365.276
TUR,"{'id': 'TR', 'value': 'Turkiye'}",2016,870818016909.84
TUR,"{'id': 'TR', 'value': 'Turkiye'}",2015,865460050683.656
TKM,"{'id': 'TM', 'value': 'Turkmenistan'}",2024,51387209872.2994
TKM,"{'id': 'TM', 'value': 'Turkmenistan'}",2023,45894538665.5538
TKM,"{'id': 'TM', 'value': 'Turkmenistan'}",2022,42208726137.7192
TKM,"{'id': 'TM', 'value': 'Turkmenistan'}",2021,40589905812.0364
TKM,"{'id': 'TM', 'value': 'Turkmenistan'}",2020,41509903181.7231
TKM,"{'id': 'TM', 'value': 'Turkmenistan'}",2019,40810067974.509
TKM,"{'id': 'TM', 'value': 'Turkmenistan'}",2018,40765428571.4286
TKM,"{'id': 'TM', 'value': 'Turkmenistan'}",2017,37926285714.2857
TKM,"{'id': 'TM', 'value': 'Turkmenistan'}",2016,36169428571.4286
TKM,"{'id': 'TM', 'value': 'Turkmenistan'}",2015,35799714285.7143
TCA,"{'id': 'TC', 'value': 'Turks and Caicos Islands'}",2024,1745378000.0
TCA,"{'id': 'TC', 'value': 'Turks and Caicos Islands'}",2023,1638653000.0
TCA,"{'id': 'TC', 'value': 'Turks and Caicos Islands'}",2022,1434119000.0
TCA,"{'id': 'TC', 'value': 'Turks and Caicos Islands'}",2021,1236459000.0
TCA,"{'id': 'TC', 'value': 'Turks and Caicos Islands'}",2020,918387000.0
TCA,"{'id': 'TC', 'value': 'Turks and Caicos Islands'}",2019,1371838000.0
TCA,"{'id': 'TC', 'value': 'Turks and Caicos Islands'}",2018,1314329000.0
TCA,"{'id': 'TC', 'value': 'Turks and Caicos Islands'}",2017,1197958000.0
TCA,"{'id': 'TC', 'value': 'Turks and Caicos Islands'}",2016,1202078000.0
TCA,"{'id': 'TC', 'value': 'Turks and Caicos Islands'}",2015,1078274000.0
TUV,"{'id': 'TV', 'value': 'Tuvalu'}",2024,
TUV,"{'id': 'TV', 'value': 'Tuvalu'}",2023,62280311.5852172
TUV,"{'id': 'TV', 'value': 'Tuvalu'}",2022,59065982.0873657
TUV,"{'id': 'TV', 'value': 'Tuvalu'}",2021,60196405.7138393
TUV,"{'id': 'TV', 'value': 'Tuvalu'}",2020,51746594.3148543
TUV,"{'id': 'TV', 'value': 'Tuvalu'}",2019,54123198.5662913
TUV,"{'id': 'TV', 'value': 'Tuvalu'}",2018,48015259.8751356
TUV,"{'id': 'TV', 'value': 'Tuvalu'}",2017,45276595.3533146
TUV,"{'id': 'TV', 'value': 'Tuvalu'}",2016,41629064.2232388
TUV,"{'id': 'TV', 'value': 'Tuvalu'}",2015,36811936.0824587
UGA,"{'id': 'UG', 'value': 'Uganda'}",2024,53911907086.1525
UGA,"{'id': 'UG', 'value': 'Uganda'}",2023,48768955863.3175
UGA,"{'id': 'UG', 'value': 'Uganda'}",2022,45565333210.9108
UGA,"{'id': 'UG', 'value': 'Uganda'}",2021,40529788748.6737
UGA,"{'id': 'UG', 'value': 'Uganda'}",2020,37600368241.6657
UGA,"{'id': 'UG', 'value': 'Uganda'}",2019,35353061003.4359
UGA,"{'id': 'UG', 'value': 'Uganda'}",2018,32927025619.6795
UGA,"{'id': 'UG', 'value': 'Uganda'}",2017,30744473841.424
UGA,"{'id': 'UG', 'value': 'Uganda'}",2016,29203988696.2626
UGA,"{'id': 'UG', 'value': 'Uganda'}",2015,32387183730.1002
UKR,"{'id': 'UA', 'value': 'Ukraine'}",2024,190741262414.705
UKR,"{'id': 'UA', 'value': 'Ukraine'}",2023,181221517868.744
UKR,"{'id': 'UA', 'value': 'Ukraine'}",2022,161989520721.19
UKR,"{'id': 'UA', 'value': 'Ukraine'}",2021,199765859570.935
UKR,"{'id': 'UA', 'value': 'Ukraine'}",2020,156617722013.342
UKR,"{'id': 'UA', 'value': 'Ukraine'}",2019,153883047509.577
UKR,"{'id': 'UA', 'value': 'Ukraine'}",2018,130891088293.55
UKR,"{'id': 'UA', 'value': 'Ukraine'}",2017,112090505081.739
UKR,"{'id': 'UA', 'value': 'Ukraine'}",2016,93355869403.9223
UKR,"{'id': 'UA', 'value': 'Ukraine'}",2015,91030967789.0717
ARE,"{'id': 'AE', 'value': 'United Arab Emirates'}",2024,552324846834.581
ARE,"{'id': 'AE', 'value': 'United Arab Emirates'}",2023,522622191967.325
ARE,"{'id': 'AE', 'value': 'United Arab Emirates'}",2022,511403403675.97
ARE,"{'id': 'AE', 'value': 'United Arab Emirates'}",2021,422441388699.796
ARE,"{'id': 'AE', 'value': 'United Arab Emirates'}",2020,357161878829.135
ARE,"{'id': 'AE', 'value': 'United Arab Emirates'}",2019,433926208304.969
ARE,"{'id': 'AE', 'value': 'United Arab Emirates'}",2018,440560108917.631
ARE,"{'id': 'AE', 'value': 'United Arab Emirates'}",2017,403365010211.028
ARE,"{'id': 'AE', 'value': 'United Arab Emirates'}",2016,381717086453.37
ARE,"{'id': 'AE', 'value': 'United Arab Emirates'}",2015,381973042886.317
GBR,"{'id': 'GB', 'value': 'United Kingdom'}",2024,3686033044482.13
GBR,"{'id': 'GB', 'value': 'United Kingdom'}",2023,3420796653789.08
GBR,"{'id': 'GB', 'value': 'United Kingdom'}",2022,3181244350465.41
GBR,"{'id': 'GB', 'value': 'United Kingdom'}",2021,3194559188925.93
GBR,"{'id': 'GB', 'value': 'United Kingdom'}",2020,2724001478304.59
GBR,"{'id': 'GB', 'value': 'United Kingdom'}",2019,2875710080015.3
GBR,"{'id': 'GB', 'value': 'United Kingdom'}",2018,2897028009916.05
GBR,"{'id': 'GB', 'value': 'United Kingdom'}",2017,2699118387873.1
GBR,"{'id': 'GB', 'value': 'United Kingdom'}",2016,2706807606538.73
GBR,"{'id': 'GB', 'value': 'United Kingdom'}",2015,2945579890258.46
USA,"{'id': 'US', 'value': 'United States'}",2024,28750956130731.2
USA,"{'id': 'US', 'value': 'United States'}",2023,27292170793214.4
USA,"{'id': 'US', 'value': 'United States'}",2022,25604848907611.0
USA,"{'id': 'US', 'value': 'United States'}",2021,23315080560000.0
USA,"{'id': 'US', 'value': 'United States'}",2020,21060473613000.0
USA,"{'id': 'US', 'value': 'United States'}",2019,21380976119000.0
USA,"{'id': 'US', 'value': 'United States'}",2018,20533057312000.0
USA,"{'id': 'US', 'value': 'United States'}",2017,19477336549000.0
USA,"{'id': 'US', 'value': 'United States'}",2016,18695110842000.0
USA,"{'id': 'US', 'value': 'United States'}",2015,18206020741000.0
URY,"{'id': 'UY', 'value': 'Uruguay'}",2024,80961511073.5797
URY,"{'id': 'UY', 'value': 'Uruguay'}",2023,77991666837.7382
URY,"{'id': 'UY', 'value': 'Uruguay'}",2022,70594110920.0358
URY,"{'id': 'UY', 'value': 'Uruguay'}",2021,60739084240.8633
URY,"{'id': 'UY', 'value': 'Uruguay'}",2020,53559359261.826
URY,"{'id': 'UY', 'value': 'Uruguay'}",2019,62222313618.8454
URY,"{'id': 'UY', 'value': 'Uruguay'}",2018,65344577415.7535
URY,"{'id': 'UY', 'value': 'Uruguay'}",2017,65005997963.4822
URY,"{'id': 'UY', 'value': 'Uruguay'}",2016,57480787465.2716
URY,"{'id': 'UY', 'value': 'Uruguay'}",2015,57680327998.6689
UZB,"{'id': 'UZ', 'value': 'Uzbekistan'}",2024,114965293466.611
UZB,"{'id': 'UZ', 'value': 'Uzbekistan'}",2023,102641879248.764
UZB,"{'id': 'UZ', 'value': 'Uzbekistan'}",2022,90095926567.4359
UZB,"{'id': 'UZ', 'value': 'Uzbekistan'}",2021,77340060003.0347
UZB,"{'id': 'UZ', 'value': 'Uzbekistan'}",2020,66443265418.3086
UZB,"{'id': 'UZ', 'value': 'Uzbekistan'}",2019,67293639798.3996
UZB,"{'id': 'UZ', 'value': 'Uzbekistan'}",2018,58695899092.1083
UZB,"{'id': 'UZ', 'value': 'Uzbekistan'}",2017,69703222282.7278
UZB,"{'id': 'UZ', 'value': 'Uzbekistan'}",2016,86138288644.171
UZB,"{'id': 'UZ', 'value': 'Uzbekistan'}",2015,86196264755.3105
VUT,"{'id': 'VU', 'value': 'Vanuatu'}",2024,1117972034.22642
VUT,"{'id': 'VU', 'value': 'Vanuatu'}",2023,1115861055.72463
VUT,"{'id': 'VU', 'value': 'Vanuatu'}",2022,1055031360.57356
VUT,"{'id': 'VU', 'value': 'Vanuatu'}",2021,950394006.532514
VUT,"{'id': 'VU', 'value': 'Vanuatu'}",2020,909421043.508407
VUT,"{'id': 'VU', 'value': 'Vanuatu'}",2019,936526267.622513
VUT,"{'id': 'VU', 'value': 'Vanuatu'}",2018,914727908.137793
VUT,"{'id': 'VU', 'value': 'Vanuatu'}",2017,880043284.399407
VUT,"{'id': 'VU', 'value': 'Vanuatu'}",2016,804323576.861028
VUT,"{'id': 'VU', 'value': 'Vanuatu'}",2015,759690180.951654
VEN,"{'id': 'VE', 'value': 'Venezuela, RB'}",2024,119802963257.783
VEN,"{'id': 'VE', 'value': 'Venezuela, RB'}",2023,102376526555.948
VEN,"{'id': 'VE', 'value': 'Venezuela, RB'}",2022,89013255584.7499
VEN,"{'id': 'VE', 'value': 'Venezuela, RB'}",2021,56614976854.5499
VEN,"{'id': 'VE', 'value': 'Venezuela, RB'}",2020,42838020721.1995
VEN,"{'id': 'VE', 'value': 'Venezuela, RB'}",2019,73014084091.3
VEN,"{'id': 'VE', 'value': 'Venezuela, RB'}",2018,102021093964.682
VEN,"{'id': 'VE', 'value': 'Venezuela, RB'}",2017,115883275162.586
VEN,"{'id': 'VE', 'value': 'Venezuela, RB'}",2016,112915034262.314
VEN,"{'id': 'VE', 'value': 'Venezuela, RB'}",2015,125449241571.391
VNM,"{'id': 'VN', 'value': 'Viet Nam'}",2024,476388230307.175
VNM,"{'id': 'VN', 'value': 'Viet Nam'}",2023,433857681378.291
VNM,"{'id': 'VN', 'value': 'Viet Nam'}",2022,413445230668.578
VNM,"{'id': 'VN', 'value': 'Viet Nam'}",2021,366474752771.009
VNM,"{'id': 'VN', 'value': 'Viet Nam'}",2020,346615738537.796
VNM,"{'id': 'VN', 'value': 'Viet Nam'}",2019,334365270496.667
VNM,"{'id': 'VN', 'value': 'Viet Nam'}",2018,310106478394.659
VNM,"{'id': 'VN', 'value': 'Viet Nam'}",2017,281353605986.903
VNM,"{'id': 'VN', 'value': 'Viet Nam'}",2016,257096001177.982
VNM,"{'id': 'VN', 'value': 'Viet Nam'}",2015,239258328381.741
VIR,"{'id': 'VI', 'value': 'Virgin Islands (U.S.)'}",2024,
VIR,"{'id': 'VI', 'value': 'Virgin Islands (U.S.)'}",2023,
VIR,"{'id': 'VI', 'value': 'Virgin Islands (U.S.)'}",2022,4672000000.0
VIR,"{'id': 'VI', 'value': 'Virgin Islands (U.S.)'}",2021,4507000000.0
VIR,"{'id': 'VI', 'value': 'Virgin Islands (U.S.)'}",2020,4229000000.0
VIR,"{'id': 'VI', 'value': 'Virgin Islands (U.S.)'}",2019,4121000000.0
VIR,"{'id': 'VI', 'value': 'Virgin Islands (U.S.)'}",2018,3923000000.0
VIR,"{'id': 'VI', 'value': 'Virgin Islands (U.S.)'}",2017,3794000000.0
VIR,"{'id': 'VI', 'value': 'Virgin Islands (U.S.)'}",2016,3798000000.0
VIR,"{'id': 'VI', 'value': 'Virgin Islands (U.S.)'}",2015,3663000000.0
PSE,"{'id': 'PS', 'value': 'West Bank and Gaza'}",2024,13711100000.0
PSE,"{'id': 'PS', 'value': 'West Bank and Gaza'}",2023,17847900000.0
PSE,"{'id': 'PS', 'value': 'West Bank and Gaza'}",2022,19165500000.0
PSE,"{'id': 'PS', 'value': 'West Bank and Gaza'}",2021,18109000000.0
PSE,"{'id': 'PS', 'value': 'West Bank and Gaza'}",2020,15531700000.0
PSE,"{'id': 'PS', 'value': 'West Bank and Gaza'}",2019,17133500000.0
PSE,"{'id': 'PS', 'value': 'West Bank and Gaza'}",2018,16276600000.0
PSE,"{'id': 'PS', 'value': 'West Bank and Gaza'}",2017,16128000000.0
PSE,"{'id': 'PS', 'value': 'West Bank and Gaza'}",2016,15405400000.0
PSE,"{'id': 'PS', 'value': 'West Bank and Gaza'}",2015,13972400000.0
YEM,"{'id': 'YE', 'value': 'Yemen, Rep.'}",2024,
YEM,"{'id': 'YE', 'value': 'Yemen, Rep.'}",2023,
YEM,"{'id': 'YE', 'value': 'Yemen, Rep.'}",2022,
YEM,"{'id': 'YE', 'value': 'Yemen, Rep.'}",2021,
YEM,"{'id': 'YE', 'value': 'Yemen, Rep.'}",2020,
YEM,"{'id': 'YE', 'value': 'Yemen, Rep.'}",2019,
YEM,"{'id': 'YE', 'value': 'Yemen, Rep.'}",2018,21606160663.0318
YEM,"{'id': 'YE', 'value': 'Yemen, Rep.'}",2017,26842229044.5848
YEM,"{'id': 'YE', 'value': 'Yemen, Rep.'}",2016,31317825274.1507
YEM,"{'id': 'YE', 'value': 'Yemen, Rep.'}",2015,42444490073.8555
ZMB,"{'id': 'ZM', 'value': 'Zambia'}",2024,25303185342.2511
ZMB,"{'id': 'ZM', 'value': 'Zambia'}",2023,27577956471.244
ZMB,"{'id': 'ZM', 'value': 'Zambia'}",2022,29163782140.4858
ZMB,"{'id': 'ZM', 'value': 'Zambia'}",2021,22096416932.0089
ZMB,"{'id': 'ZM', 'value': 'Zambia'}",2020,18137764930.651
ZMB,"{'id': 'ZM', 'value': 'Zambia'}",2019,23308667781.2258
ZMB,"{'id': 'ZM', 'value': 'Zambia'}",2018,26311507273.6735
ZMB,"{'id': 'ZM', 'value': 'Zambia'}",2017,25873601260.8353
ZMB,"{'id': 'ZM', 'value': 'Zambia'}",2016,20958412538.3093
ZMB,"{'id': 'ZM', 'value': 'Zambia'}",2015,21251216798.7762
ZWE,"{'id': 'ZW', 'value': 'Zimbabwe'}",2024,41539411516.4448
ZWE,"{'id': 'ZW', 'value': 'Zimbabwe'}",2023,35871779680.6335
ZWE,"{'id': 'ZW', 'value': 'Zimbabwe'}",2022,40757561708.7741
ZWE,"{'id': 'ZW', 'value': 'Zimbabwe'}",2021,41287673690.0771
ZWE,"{'id': 'ZW', 'value': 'Zimbabwe'}",2020,31980334561.3123
ZWE,"{'id': 'ZW', 'value': 'Zimbabwe'}",2019,33357695635.1284
ZWE,"{'id': 'ZW', 'value': 'Zimbabwe'}",2018,34141666666.6667
ZWE,"{'id': 'ZW', 'value': 'Zimbabwe'}",2017,51035657370.5179
ZWE,"{'id': 'ZW', 'value': 'Zimbabwe'}",2016,20559250000.0
ZWE,"{'id': 'ZW', 'value': 'Zimbabwe'}",2015,19973250000.0
