countryiso3code,date,gdp,gdp_per_capita,inflation,population
ABW,2015,2962906703.91061,27458.2201537506,0.474763597342641,107906.0
ABW,2016,2983637430.1676,27441.5502144601,-0.931195987079561,108727.0
ABW,2017,3092427932.96089,28440.0416881491,-1.02828178762012,108735.0
ABW,2018,3276187709.49721,30082.1584226798,3.62604141352961,108908.0
ABW,2019,3346623191.45988,30645.8906024548,4.25746204335428,109203.0
ABW,2020,2471419181.71957,22759.8071750722,0.474763597342641,108587.0
ABW,2021,2880902798.92288,26749.3296093118,0.474763597342641,107700.0
ABW,2022,3324034443.26581,30975.9989121779,0.474763597342641,107310.0
ABW,2023,3834729616.12027,35718.7531191634,0.474763597342641,107359.0
ABW,2024,4265650673.00236,39498.5941293797,0.474763597342641,107995.0
AFG,2015,19134221644.7325,565.569730408751,-0.661709164713742,33831764.0
AFG,2016,18116572395.0772,522.082215583898,4.38389195513915,34700612.0
AFG,2017,18753456497.8159,525.469770891619,4.97595150553833,35688935.0
AFG,2018,18053222687.4126,491.337221382603,0.626149149168847,36743039.0
AFG,2019,18799444490.1128,496.6025042585,2.30237251516834,37856121.0
AFG,2020,19955929052.1496,510.787063366811,5.60188791482224,39068979.0
AFG,2021,14259995441.0759,356.496214115892,5.13320340824963,40000412.0
AFG,2022,14497243872.1337,357.261152798144,13.7121023720065,40578842.0
AFG,2023,17152234636.8715,413.757894705303,-4.64470870797775,41454761.0
AFG,2024,18116572395.0772,496.6025042585,-6.60118564073726,42647492.0
AGO,2015,102543067840.732,3641.72893919944,9.35597215533784,28157798.0
AGO,2016,59878249719.3279,2051.81462126253,30.6944150806719,29183070.0
AGO,2017,84376935689.3366,2790.71886869768,29.8444799015679,30234839.0
AGO,2018,89512794227.495,2860.0936483682,19.6289379701521,31297155.0
AGO,2019,80734428592.5368,2493.67884440177,17.080954143438,32375632.0
AGO,2020,58852456453.8769,1759.35619918264,22.271539247051,33451132.0
AGO,2021,79559543805.2963,2303.90812662776,25.7542948841891,34532429.0
AGO,2022,131212208930.344,3682.1131513698,21.3552901320822,35635029.0
AGO,2023,107167747140.127,2916.13663284275,13.6441017767715,36749906.0
AGO,2024,100998916781.079,2665.87444776753,28.2404948915772,37885849.0
ALB,2015,11470171826.9575,4199.53912925398,1.89617402592366,2731293.0
ALB,2016,11988668784.6628,4457.63412207495,1.27543168367423,2689469.0
ALB,2017,13258268435.6048,5006.36012951959,1.98666133171194,2648285.0
ALB,2018,15379508329.7568,5897.65452588774,2.02805963071135,2607733.0
ALB,2019,15585111614.0376,6069.43903131027,1.41109078954251,2567801.0
ALB,2020,15241458744.5927,6027.91350716348,1.62088661717004,2528480.0
ALB,2021,18031989573.0294,7242.45513146613,2.04147163139545,2489762.0
ALB,2022,19017247013.8821,7756.96188744253,6.7252027153006,2451636.0
ALB,2023,23491242727.4082,9730.86921906893,4.75834555150039,2414095.0
ALB,2024,27046429296.6673,11377.7757431099,2.21587375089999,2377128.0
ARE,2015,381973042886.317,44910.334995523,4.06996608361593,8505237.0
ARE,2016,381717086453.37,42721.0999383185,1.61748808904198,8935095.0
ARE,2017,403365010211.028,43733.6192287435,1.96682557818842,9223225.0
ARE,2018,440560108917.631,47135.3591943971,3.06863379251997,9346701.0
ARE,2019,433926208304.969,45938.6073581994,-1.93108114782173,9445785.0
ARE,2020,357161878829.135,37991.7492971665,-2.07940317940944,9401038.0
ARE,2021,422441388699.796,44118.5047192771,0.179935336174431,9575152.0
ARE,2022,511403403675.97,50759.7589231191,5.29122604376849,10074977.0
ARE,2023,522622191967.325,49850.6872175164,1.62670837213248,10483751.0
ARE,2024,552324846834.581,50273.5060469837,1.66336510224894,10986400.0
ARG,2015,594749285413.212,13679.6264980954,53.5483043492339,43477012.0
ARG,2016,557532320662.955,12699.9623137756,53.5483043492339,43900313.0
ARG,2017,643628393281.364,14532.5009308511,53.5483043492339,44288894.0
ARG,2018,524819892360.176,11752.7998922979,34.2772237131003,44654882.0
ARG,2019,447754683615.225,9955.97478680428,53.5483043492339,44973465.0
ARG,2020,385740508436.965,8535.59938004389,42.0150947376509,45191965.0
ARG,2021,486564085480.036,10738.0179223384,48.4093786255199,45312281.0
ARG,2022,633993756301.08,13962.1894087223,72.430757531824,45407904.0
ARG,2023,649461687959.174,14261.8465667948,133.488935594175,45538401.0
ARG,2024,638365455340.04,13969.7836603737,219.883929014578,45696159.0
ARM,2015,10553337518.414,3512.39350276709,3.73169119261693,3004600.0
ARM,2016,10546136235.5219,3524.42476874707,-1.403607559009,2992300.0
ARM,2017,11527458709.0158,3869.05373867752,0.969553268816138,2979400.0
ARM,2018,12457940694.7395,4196.00562301769,2.52023382001638,2969000.0
ARM,2019,13619290539.2116,4597.22887399548,1.44344660770698,2962500.0
ARM,2020,12641698583.2152,4268.68093304583,1.21143577838465,2961500.0
ARM,2021,13878908628.9378,4685.17997128509,7.18483629443371,2962300.0
ARM,2022,19513506553.1251,6571.97445545099,8.64091108973855,2969200.0
ARM,2023,24185982215.6543,8159.08720967996,1.98041877615554,2964300.0
ARM,2024,25955275380.0321,8556.21406956719,0.269511978259125,3033500.0
ATG,2015,1437485185.18519,16077.6340769406,0.968993458825638,89409.0
ATG,2016,1489603703.7037,16556.8551801588,-0.489437796230499,89969.0
ATG,2017,1534855555.55556,16965.7288273816,2.43248789041363,90468.0
ATG,2018,1661529629.62963,18273.4270684912,1.20715793367008,90926.0
ATG,2019,1726448148.14815,18896.3721832248,1.43135598182984,91364.0
ATG,2020,1411637037.03704,15369.6082250401,0.625989707046719,91846.0
ATG,2021,1602125925.92593,17348.6006987182,2.06299638545334,92349.0
ATG,2022,1866566666.66667,20105.1989085164,7.53107834634288,92840.0
ATG,2023,2005785185.18518,21494.5474000727,5.06713865364213,93316.0
ATG,2024,2207622874.07407,23542.4526945578,6.19886698842116,93772.0
AUS,2015,1356805839935.9,56970.3613028094,1.50836672165921,23815995.0
AUS,2016,1211588128417.61,50084.4440606385,1.27699094497324,24190907.0
AUS,2017,1330890554614.09,54117.547718609,1.94864740944527,24592588.0
AUS,2018,1433144978761.67,57410.1737346009,1.91140094445691,24963258.0
AUS,2019,1398349602956.35,55194.7585097428,1.61076787290379,25334826.0
AUS,2020,1333336461648.09,51983.4523666382,0.846905537459305,25649248.0
AUS,2021,1560617493202.69,60758.9044397144,2.86391042204994,25685412.0
AUS,2022,1695627535475.8,65169.5191118657,6.59409671341846,26018721.0
AUS,2023,1734451264655.6,65058.3773146674,5.5970149253731,26659922.0
AUS,2024,1757022451652.83,64603.9856308464,3.1616142830575,27196812.0
AUT,2015,379546097300.633,43915.228020857,0.89656333526032,8642699.0
AUT,2016,393687359770.273,45061.4993920192,0.891591752655362,8736668.0
AUT,2017,414926138132.691,47163.7425775142,2.08126911385587,8797566.0
AUT,2018,452582294972.775,51194.0749841299,1.9983798142954,8840521.0
AUT,2019,442983642371.842,49885.9947355204,1.53089564152644,8879920.0
AUT,2020,434397601557.696,48716.4098900349,1.38191063351862,8916864.0
AUT,2021,480466363176.806,53648.6437976214,2.7666666666667,8955797.0
AUT,2022,473221298968.216,52336.7725223758,8.5468699318845,9041851.0
AUT,2023,516670509628.876,56579.504175468,7.81413417002832,9131761.0
AUT,2024,534790720466.822,58268.8787651601,2.93791574279383,9177982.0
AZE,2015,53076235354.746,5500.50364628486,4.02768573742726,9649341.0
AZE,2016,37866996882.9157,3880.6852276838,12.4433748584372,9757812.0
AZE,2017,40866627351.9817,4147.1981423222,12.9359184187335,9854033.0
AZE,2018,47112470051.7701,4739.7943123408,2.26854690373999,9939771.0
AZE,2019,48174235294.1176,4805.75371765917,2.61057182799215,10024283.0
AZE,2020,42693000000.0,4229.91064904503,2.75980947008127,10093121.0
AZE,2021,54825411764.7059,5408.04535175023,6.65029912708779,10137750.0
AZE,2022,78807470588.2353,7770.594223351,13.8522590144267,10141756.0
AZE,2023,72428470588.2353,7133.02838048328,8.78543049849081,10153958.0
AZE,2024,74315882352.9412,7283.8499076179,2.21217188919901,10202830.0
BDI,2015,2810532912.49975,254.402585226788,5.54468891259779,11047580.0
BDI,2016,2618093125.14687,232.937812100153,5.55768961400965,11239451.0
BDI,2017,2831362208.34039,246.060725714184,16.0525353030392,11506762.0
BDI,2018,2913411408.44783,245.661678332009,-2.81469807668465,11859446.0
BDI,2019,2871555326.31029,234.31061590725,-0.686772170797359,12255336.0
BDI,2020,3227847281.31544,255.8324539389,7.32110643415521,12617036.0
BDI,2021,3435598072.7935,264.980379269655,8.40453845076341,12965481.0
BDI,2022,4036192552.88879,302.992505263552,18.8008786664945,13321097.0
BDI,2023,3430949249.91221,250.627253097255,26.9414835762453,13689450.0
BDI,2024,3082433067.32634,219.424830882698,20.2124925027847,14047786.0
BEL,2015,461044767544.531,40893.804537772,0.561429152790065,11274196.0
BEL,2016,474271566739.729,41854.5498296444,1.97385264653181,11331422.0
BEL,2017,500908767351.53,44035.3239358548,2.12597086002607,11375158.0
BEL,2018,542638913427.921,47487.2100392561,2.05316499865186,11427054.0
BEL,2019,536726344405.489,46716.6227467964,1.43681956996429,11488980.0
BEL,2020,529694473501.791,45906.2875805246,0.740791812220344,11538604.0
BEL,2021,598522422241.851,51658.238294958,2.44024851144084,11586195.0
BEL,2022,591085783326.267,50605.7496677086,9.597511728725,11680210.0
BEL,2023,651330595110.011,55291.4754541329,4.04901077613941,11779946.0
BEL,2024,671370081636.406,56614.5679499036,3.14349136500041,11858610.0
BEN,2015,11388160996.7738,1002.41886879614,0.218785923536245,11360681.0
BEN,2016,11821065853.3838,1010.5338961993,-0.793310145785624,11697842.0
BEN,2017,12701655836.9467,1054.97408066814,0.0432648555103608,12039780.0
BEN,2018,14262408089.9261,1151.7409703472,0.919170717886054,12383347.0
BEN,2019,14391686313.4641,1130.82135339795,0.732849371241066,12726755.0
BEN,2020,15686741883.934,1200.19426557789,3.02272119663759,13070169.0
BEN,2021,17687623530.3355,1318.65158075198,1.73353962694036,13413417.0
BEN,2022,17425405090.862,1266.42711031904,1.35077863583527,13759501.0
BEN,2023,19673291004.1444,1394.17784721831,2.73870078406075,14111034.0
BEN,2024,21482643706.4249,1485.38018885134,1.16093089640415,14462724.0
BFA,2015,11832159315.6298,630.124750752312,0.724838981070517,18777487.0
BFA,2016,12833363045.3367,663.742364842886,0.441041448058809,19334856.0
BFA,2017,14106955615.3442,709.091535894695,1.48299897161326,19894407.0
BFA,2018,15890066221.2882,777.465618514048,1.95594302672532,20438288.0
BFA,2019,16032813503.3707,764.853077774946,-3.23338933983322,20961952.0
BFA,2020,17725010532.5268,825.237038782475,1.88470066518847,21478690.0
BFA,2021,19697516284.3787,895.535288442991,3.65326761825509,21995243.0
BFA,2022,18622421394.6133,827.330843486661,14.2902354303358,22509038.0
BFA,2023,20112614449.2039,873.482589651003,0.742910428668918,23025776.0
BFA,2024,23124729853.0218,981.992649769081,4.19081721344523,23548781.0
BGD,2015,195146608978.131,1224.38647668165,6.19428022984984,159383179.0
BGD,2016,265224515675.034,1649.28380858601,5.51352572692995,160811932.0
BGD,2017,293732446624.596,1811.08221668646,5.70207015717239,162186147.0
BGD,2018,321362752441.78,1965.24372731467,5.54362139486476,163523103.0
BGD,2019,351231654603.692,2129.79896954606,5.59199639930629,164913055.0
BGD,2020,373979442362.193,2248.85078828233,5.69107474746211,166298024.0
BGD,2021,416271647911.014,2482.84917843357,5.54565430773473,167658854.0
BGD,2022,460131689083.083,2716.48592780431,7.69695437176898,169384897.0
BGD,2023,437415333018.291,2551.01773827307,9.8835030377921,171466990.0
BGD,2024,450119432068.852,2593.41611680774,10.4657482763412,173562364.0
BGR,2015,50765918159.1476,7268.65445473873,-0.104633261008385,6984225.0
BGR,2016,53929397039.2106,7822.49923292968,-0.79864988645371,6894139.0
BGR,2017,59167647387.606,8696.68930427924,2.06159619443141,6803468.0
BGR,2018,66097226262.2191,9849.38397225174,2.81454473824829,6710798.0
BGR,2019,68507731353.9114,10353.7204584127,3.10372944796781,6616726.0
BGR,2020,70486877546.4901,10760.211975413,1.67244096855756,6550696.0
BGR,2021,84374613233.36,12966.1457543396,3.29774435299515,6507301.0
BGR,2022,90506153293.6733,13999.1949530956,15.3252589264366,6465097.0
BGR,2023,102199231384.542,15853.208636704,9.44284140088564,6446596.0
BGR,2024,113343355779.985,17596.0173663521,2.44651943006079,6441421.0
BHR,2015,32523297872.3404,23734.0551143019,1.84862742374977,1370322.0
BHR,2016,33884680851.0638,23800.001440631,2.78679347602044,1423726.0
BHR,2017,37204813829.7872,24784.7693514607,1.38671830576406,1501116.0
BHR,2018,39567978723.4043,26324.4066549559,2.08766938046978,1503091.0
BHR,2019,40446808510.6383,27259.7438599327,1.00582004702137,1483756.0
BHR,2020,35837632978.7234,24342.8444554718,-2.31770629331379,1472204.0
BHR,2021,40840212765.9574,27147.8083882286,-0.60631938514085,1504365.0
BHR,2022,46458191489.3617,30470.5219276023,3.62574104304482,1524693.0
BHR,2023,46192260638.2979,29290.1284215098,0.0746206782192256,1577059.0
BHR,2024,47109734308.5106,29653.5682731534,0.919635459817651,1588670.0
BHS,2015,11837600000.0,30719.405417469,1.86148302863371,385346.0
BHS,2016,11880900000.0,30616.5363157284,-0.346376929989397,388055.0
BHS,2017,12446900000.0,31875.4881749619,1.51820700736147,390485.0
BHS,2018,12819200000.0,32642.3353203452,2.26586346678736,392717.0
BHS,2019,13277000000.0,33640.3369861278,2.49123527368046,394675.0
BHS,2020,10363200000.0,26178.7537607708,0.0385210980054558,395863.0
BHS,2021,12037000000.0,30367.8605757708,2.90491262928478,396373.0
BHS,2022,13896800000.0,34957.1613279737,5.60540633583044,397538.0
BHS,2023,15271300000.0,38231.774484278,3.05291578969743,399440.0
BHS,2024,15832800000.0,39455.4466548546,0.409162489083286,401283.0
BIH,2015,16404348361.0926,4662.25869219448,-1.03602303425474,3518541.0
BIH,2016,17116926553.8513,4928.5665903114,-1.58410000000002,3473003.0
BIH,2017,18326373135.6099,5345.01978766473,0.810133321953039,3428682.0
BIH,2018,20484058033.1144,6047.84707207392,1.41710814018034,3387000.0
BIH,2019,20482608984.3316,6122.37541352353,0.56278215406123,3345533.0
BIH,2020,20226038369.9191,6130.31187968266,-1.0512960076349,3299349.0
BIH,2021,23672712121.2671,7295.34378682258,1.98163900587622,3244907.0
BIH,2022,24534663636.1778,7655.59421024383,14.0208440826771,3204802.0
BIH,2023,27592361498.4057,8663.02326458629,6.1059011284828,3185073.0
BIH,2024,29613572022.8993,9358.78768951134,1.69212733599724,3164253.0
BLR,2015,56454769844.7632,5967.05595058777,13.5344897649735,9461076.0
BLR,2016,47723545321.259,5039.77560949445,11.8365807653496,9469379.0
BLR,2017,54725405751.1559,5785.54491935194,6.03183725177785,9458989.0
BLR,2018,60031026576.26,6360.037502312,4.8723022055069,9438785.0
BLR,2019,64410170653.4569,6837.77339645635,5.59815595039854,9419758.0
BLR,2020,61371673344.7424,6542.85579976768,5.54814357456511,9379952.0
BLR,2021,69673747131.87,7489.71894713888,9.46028389623106,9302585.0
BLR,2022,73775179924.603,7994.64806074889,15.209675274081,9228071.0
BLR,2023,72478760370.4258,7896.75388295584,5.00059903091313,9178298.0
BLR,2024,75961865471.9129,8317.63399913792,5.78531910427999,9132629.0
BLZ,2015,2193095150.0,6154.62264230369,-0.861584009427748,356333.0
BLZ,2016,2239604950.0,6140.86713919469,0.663427167917601,364705.0
BLZ,2017,2266028250.0,6071.85451846453,1.14765339305816,373202.0
BLZ,2018,2285915050.0,6011.99036888587,0.269982622646335,380226.0
BLZ,2019,2381187850.0,6171.61449761423,0.187069385181424,385829.0
BLZ,2020,2047284600.0,5238.54078175696,0.121434644614894,390812.0
BLZ,2021,2428606250.0,6142.98930557031,3.23563659237071,395346.0
BLZ,2022,2846604350.0,7068.21728043145,6.27689319447544,402733.0
BLZ,2023,3052362650.0,7424.75821321022,4.38984017487675,411106.0
BLZ,2024,3203631800.0,7681.24400583113,3.28955985952768,417072.0
BOL,2015,33000198248.9146,2996.01289811344,4.05961041135645,11014705.0
BOL,2016,33941126193.9219,3035.87347732132,3.62321431764138,11180020.0
BOL,2017,45927439594.7902,4048.40119739839,2.8227580554717,11344587.0
BOL,2018,48414038842.2576,4206.8552936661,2.27205987230155,11508368.0
BOL,2019,49056643589.0014,4203.15492855788,1.83954504969026,11671386.0
BOL,2020,42313784081.042,3580.96761778303,0.940742153381849,11816299.0
BOL,2021,47877892402.3155,4010.76053686204,0.737383721452275,11937360.0
BOL,2022,50959081953.6903,4219.46113742445,1.74632872945969,12077154.0
BOL,2023,52340206946.4544,4274.70820547613,2.57688800489192,12244159.0
BOL,2024,54881327452.9667,4421.16609889999,5.09976568317427,12413315.0
BRA,2015,1802211999456.42,8936.1955889444,9.02990102416136,201675532.0
BRA,2016,1795693265999.04,8836.28546025694,8.73914352329393,203218114.0
BRA,2017,2063514688805.78,10080.5078722821,3.44637335032669,204703445.0
BRA,2018,1916933708352.71,9300.66072904004,3.66485028376729,206107261.0
BRA,2019,1873288158838.63,9029.83304401079,3.73297621216894,207455459.0
BRA,2020,1476107292151.95,7074.19407495707,3.21176803803376,208660842.0
BRA,2021,1670647464062.96,7972.53696080695,8.30165975585673,209550294.0
BRA,2022,1951923832083.87,9281.33282136864,9.28010608956873,210306415.0
BRA,2023,2191131869706.02,10377.5897719195,4.59356282283204,211140729.0
BRA,2024,2185821648943.86,10310.5488778166,4.36746407652337,211998573.0
BRB,2015,5698150000.0,20424.2087530019,-1.11278992510967,278990.0
BRB,2016,5674600000.0,20295.5672072046,1.28192813061895,279598.0
BRB,2017,5683150000.0,20284.5762052461,4.66018463955996,280171.0
BRB,2018,6001950000.0,21381.2426303209,3.67381410406801,280711.0
BRB,2019,6161850000.0,21912.1501242857,4.10028964518461,281207.0
BRB,2020,5407050000.0,19194.4919736739,3.67381410406801,281698.0
BRB,2021,5947550000.0,21079.6145271791,3.67381410406801,282147.0
BRB,2022,6884900000.0,24387.0387293761,3.67381410406801,282318.0
BRB,2023,7223250000.0,25583.878782727,9.79207077126447,282336.0
BRB,2024,7498050000.0,26544.8707282621,-0.440112940205204,282467.0
BRN,2015,12930296870.1247,30625.1287744656,-0.488347420743522,422212.0
BRN,2016,11400266044.6651,26663.2972950602,-0.278693265753083,427564.0
BRN,2017,12128168045.1245,28024.3824580252,-1.2605056462896,432772.0
BRN,2018,13566908391.0895,30988.1190267227,1.02505179290212,437810.0
BRN,2019,13469235364.7032,30426.5730656528,-0.390522069165529,442680.0
BRN,2020,12005799653.9835,26834.3592233943,1.94031996607184,447404.0
BRN,2021,14006496617.4458,31006.9636289785,1.73341388450593,451721.0
BRN,2022,16681536466.7183,36632.9280952155,3.68225030604216,455370.0
BRN,2023,15095084656.1634,32890.5491812019,0.35706431153689,458949.0
BRN,2024,15340808592.48,33153.4738913513,-0.388674165036461,462721.0
BTN,2015,2187815803.36833,2954.04081911097,4.54814395082205,740618.0
BTN,2016,2357504760.78592,3152.30905106786,3.21988689395718,747866.0
BTN,2017,2591358009.20276,3435.28804735662,4.95508366985129,754335.0
BTN,2018,2583335721.85904,3400.20417245342,2.72396386183713,759759.0
BTN,2019,2735683570.46155,3576.87987100503,2.72643037388832,764824.0
BTN,2020,2457604333.90927,3191.66906999331,5.62936522632508,770006.0
BTN,2021,2768802960.11204,3570.61257980872,7.3468144053353,775442.0
BTN,2022,2898227743.75576,3711.32767981591,5.6391667139637,780914.0
BTN,2023,3012896789.24928,3831.32535494609,4.22934419929251,786385.0
BTN,2024,2591358009.20276,3435.28804735662,2.76131569624098,791524.0
BWA,2015,13530748844.505,6141.20394726616,3.06203169580558,2203273.0
BWA,2016,15082637184.0496,6749.05994339013,2.81495791361944,2234776.0
BWA,2017,16105155856.7708,7104.96401088027,3.30828076768219,2266747.0
BWA,2018,17031943186.1353,7407.95940141786,3.23801558947715,2299141.0
BWA,2019,16725908148.5481,7172.08956480028,2.77286442863321,2332083.0
BWA,2020,14960251607.8135,6323.2974967659,1.8903591682421,2365894.0
BWA,2021,18750182236.2211,7807.88794570471,7.24097765588442,2401441.0
BWA,2022,20321150599.1523,8328.7090572666,11.665567478802,2439892.0
BWA,2023,19411266967.1044,7826.35376483298,5.0676154934383,2480244.0
BWA,2024,19402063512.9066,7695.75319445165,2.81835131676251,2521139.0
CAF,2015,1695825714.19282,366.322853938121,1.40297017136816,4629320.0
CAF,2016,1825018144.65595,387.176203444318,4.94543276106518,4713663.0
CAF,2017,2072349972.6818,432.324025684263,4.18072331871267,4793511.0
CAF,2018,2220979146.11241,455.243962859534,1.61215686991555,4878657.0
CAF,2019,2221301351.43918,449.228467602439,2.68537355266787,4944703.0
CAF,2020,2326720900.38047,462.879071294011,1.71015659523153,5026628.0
CAF,2021,2516498412.46384,492.263142830507,4.25936417542868,5112100.0
CAF,2022,2382618615.01694,467.359825026238,5.58316735183247,5098039.0
CAF,2023,2555492085.94725,495.978897288721,2.97913852618937,5152421.0
CAF,2024,2751494281.06887,516.160999996036,1.47733600718744,5330690.0
CAN,2015,1556508816217.14,43594.1941045394,1.12524136094277,35704498.0
CAN,2016,1527994741907.43,42314.0615817218,1.42875954701085,36110803.0
CAN,2017,1649265644244.09,45129.628116623,1.59688412852977,36545075.0
CAN,2018,1725329192783.02,46539.1761570405,2.26822567248103,37072620.0
CAN,2019,1743725183672.52,46352.8693445211,1.94926902411593,37618495.0
CAN,2020,1655684730000.19,43537.839298904,0.716999632307827,38028638.0
CAN,2021,2022378748423.23,52886.6616372703,3.39519318527528,38239864.0
CAN,2022,2190411080134.32,56256.8007264015,6.80280115341613,38935934.0
CAN,2023,2173339670064.33,54220.3285039875,3.87900159788426,40083484.0
CAN,2024,2243636826633.76,54340.3477224733,2.38158383281173,41288599.0
CHE,2015,694118186379.628,83806.4476003837,-1.14390867228183,8282396.0
CHE,2016,687895460902.713,82153.0745447889,-0.434618664285835,8373338.0
CHE,2017,695200833086.499,82254.3769269767,0.533787839825897,8451840.0
CHE,2018,725568717468.001,85217.3691512274,0.936335464113563,8514329.0
CHE,2019,721369112726.724,84121.9310304414,0.362886179940614,8575280.0
CHE,2020,741999406005.627,85897.7843338323,-0.725874933313384,8638167.0
CHE,2021,815309330986.719,93664.7736696111,0.581814168489856,8704546.0
CHE,2022,828508926958.393,94394.5106803525,2.83502798644463,8777088.0
CHE,2023,894424821645.205,100623.549627296,2.13540088016377,8888822.0
CHE,2024,936564198048.516,103998.186685604,1.06234041976595,9005582.0
CHL,2015,242450355830.884,13433.9202987032,4.34877353217044,18047625.0
CHL,2016,249344863928.438,13649.8520452803,3.78619355893118,18267221.0
CHL,2017,276154259981.097,14879.9086227187,2.18271846868519,18558868.0
CHL,2018,295857562991.709,15659.4808675628,2.43488981353057,18893191.0
CHL,2019,278285058719.466,14495.716721687,2.55754475703327,19197744.0
CHL,2020,254042159309.311,13114.815470545,3.04549084804326,19370624.0
CHL,2021,315325547162.072,16206.8325493421,4.52456838259144,19456334.0
CHL,2022,301226575540.242,15405.6165774073,11.643866711056,19553036.0
CHL,2023,335518054097.637,17067.0364799154,7.58168251407962,19658835.0
CHL,2024,330267137371.592,16709.8893972307,4.29763891572524,19764771.0
CHN,2015,11280814787468.9,8175.33285077393,1.43702380935655,1379860000.0
CHN,2016,11456024084962.0,8254.86859320357,2.00000182191943,1387790000.0
CHN,2017,12537559062282.9,8979.67652709856,1.59313600071436,1396215000.0
CHN,2018,14147765772963.8,10085.6638148819,2.07479039965576,1402760000.0
CHN,2019,14560167101283.4,10342.9009524335,2.89923416358227,1407745000.0
CHN,2020,14996414166715.1,10627.4637989619,2.41942189457782,1411100000.0
CHN,2021,18201698719564.0,12887.4357242941,0.981015135544882,1412360000.0
CHN,2022,18316765021690.2,12970.6056414327,1.97357555739051,1412175000.0
CHN,2023,18270356654533.2,12951.1782397043,0.234836828893051,1410710000.0
CHN,2024,18743803170827.2,13303.1481543868,0.218128938439177,1408975000.0
CIV,2015,45815005169.2651,1814.71855088017,1.25149954781468,25246342.0
CIV,2016,48407761036.8238,1862.59597081287,0.723178457513308,25989405.0
CIV,2017,52512343996.69,1964.29930338343,0.685881065304603,26733372.0
CIV,2018,58522477786.6889,2130.86619381144,0.401297817263547,27464173.0
CIV,2019,60382894697.3557,2141.76836170115,0.790855512053661,28193009.0
CIV,2020,63027852805.4204,2179.72934832935,2.41252617189053,28915449.0
CIV,2021,72794636653.7793,2455.98127641148,4.15919657911798,29639736.0
CIV,2022,70922824813.9102,2333.37128301259,5.23352856100843,30395002.0
CIV,2023,80780312569.1646,2591.9659048119,4.36972254867474,31165654.0
CIV,2024,87113179149.284,2727.8935220697,3.45053028131019,31934230.0
CMR,2015,32210233020.4569,1415.00009710569,2.676235314199,22763414.0
CMR,2016,33814337044.3765,1441.7201725688,0.874190383288856,23454161.0
CMR,2017,36098547033.1655,1496.08951771242,0.64040914988195,24128601.0
CMR,2018,39955552189.795,1610.69641591017,1.0688581131292,24806383.0
CMR,2019,39667757527.6578,1555.22660476477,2.45280214062732,25506095.0
CMR,2020,40773241177.0505,1555.60370660749,2.43760882182236,26210558.0
CMR,2021,45011937346.8384,1672.32657340872,2.27185762503637,26915758.0
CMR,2022,44347206072.5513,1604.87726954895,6.24767713343861,27632771.0
CMR,2023,48814501547.4313,1720.47510154506,7.38281384280984,28372687.0
CMR,2024,53296694320.2057,1830.00833684727,4.53331349711606,29123744.0
COD,2015,40179574490.3032,495.826633014883,0.74419899478147,81035531.0
COD,2016,38600224214.4728,459.765036590388,2.88585107289988,83956415.0
COD,2017,37537521565.5308,431.052559128788,1.815025033840675,87083398.0
COD,2018,46659954092.4862,518.169626875371,1.815025033840675,90047644.0
COD,2019,46845900350.0332,504.00419142286,1.815025033840675,92947442.0
COD,2020,46691989748.9186,486.425572682256,1.815025033840675,95989998.0
COD,2021,59067289573.5102,595.743074403567,1.815025033840675,99148932.0
COD,2022,70422346142.2023,687.738587554685,1.815025033840675,102396968.0
COD,2023,69843655425.2929,660.21205238997,1.815025033840675,105789731.0
COD,2024,70962185790.7094,649.383338556725,1.815025033840675,109276265.0
COG,2015,12434793867.3568,2439.35189403696,3.16909796750829,5097581.0
COG,2016,10931328150.8478,2093.10728558843,3.19056179723773,5222536.0
COG,2017,11834473039.3645,2211.63309874797,0.450063823285546,5351011.0
COG,2018,14773900288.5135,2694.43413191427,1.15277896375523,5483118.0
COG,2019,13976637779.9763,2488.42466724916,2.20607305781525,5616661.0
COG,2020,11468687464.0046,1993.586671931,1.79537147083108,5752791.0
COG,2021,14825690210.9157,2516.16255145432,1.7156427545126,5892183.0
COG,2022,15817030154.6941,2620.83804267402,3.04344334698478,6035104.0
COG,2023,15321055822.5167,2477.97845544866,4.30174563591016,6182885.0
COG,2024,15719986076.6464,2482.2489948456,3.09143630919166,6332961.0
COL,2015,293492370193.166,6248.51490534512,4.9898311584953,46969940.0
COL,2016,282720100286.228,5959.84250367574,7.51346024627675,47437512.0
COL,2017,311866875156.879,6479.53231292429,4.31431325695011,48131078.0
COL,2018,334198218098.276,6816.96818309544,3.24056932930569,49024465.0
COL,2019,323031701192.84,6472.54544924705,3.52301932741447,49907985.0
COL,2020,270348342541.465,5339.68711357943,2.52663500084706,50629997.0
COL,2021,318524633225.395,6222.62164397614,3.49505757399448,51188173.0
COL,2022,345632492851.448,6680.44506854481,10.1772313546166,51737944.0
COL,2023,366291836137.916,7000.83660501046,11.7359044948689,52321152.0
COL,2024,418818154879.271,7919.20886825345,6.60908593728228,52886363.0
COM,2015,966029600.862227,1329.37048235986,-0.11717388419007,726682.0
COM,2016,1012835493.19325,1365.48403444497,0.797517430888487,741741.0
COM,2017,1077439756.59451,1423.9248027797,-0.237362224154613,756669.0
COM,2018,1178530633.24599,1527.40527125285,2.15155084413033,771590.0
COM,2019,1187915408.87243,1510.23218151592,3.58213544469211,786578.0
COM,2020,1218763671.26563,1519.34665556206,0.786641929499151,802163.0
COM,2021,1272238390.85864,1554.97289190153,-0.0044179368234698,818174.0
COM,2022,1222485532.31976,1465.479642862,12.5320314570999,834188.0
COM,2023,1326836543.00797,1560.27378476855,8.37373955490996,850387.0
COM,2024,1440991455.45188,1662.75663312504,5.05192609588218,866628.0
CPV,2015,1749857620.35329,3415.06266730931,0.131187999024545,512394.0
CPV,2016,1849789985.99572,3608.96605234906,-1.40781637091706,512554.0
CPV,2017,1996741539.95088,3893.09571382506,0.784415251101334,512893.0
CPV,2018,2205099506.99994,4294.96510035729,1.25699566690509,513415.0
CPV,2019,2252177124.32402,4380.78117331128,1.10666674296063,514104.0
CPV,2020,1821565613.68613,3539.22661248299,0.605795808395385,514679.0
CPV,2021,2051842618.70539,3971.44409203423,1.86215297494647,516649.0
CPV,2022,2247003344.34242,4323.31362032709,7.93092925430087,519741.0
CPV,2023,2504525548.71164,4794.90121917259,3.72437517668748,522331.0
CPV,2024,2725414150.72735,5192.48157325878,1.04817001091965,524877.0
CRI,2015,56441920820.5194,11714.7105980732,0.801982005099623,4818038.0
CRI,2016,58847019609.6549,12091.0301606154,-0.0174788505908217,4866998.0
CRI,2017,60516044656.5206,12317.0902771304,1.62590692991732,4913177.0
CRI,2018,62420164991.5374,12590.2493781614,2.22111461526581,4957818.0
CRI,2019,64417670521.3545,12884.6859951989,2.09604635327807,4999553.0
CRI,2020,62395610760.0492,12394.0493969492,0.724911478131376,5034320.0
CRI,2021,64960725734.1965,12838.1185358931,1.72647755109241,5059988.0
CRI,2022,69243626028.5936,13625.9008491328,8.27477490232654,5081765.0
CRI,2023,86497941439.0174,16942.0268119375,0.525193508693455,5105525.0
CRI,2024,95350423176.5962,18587.1532203482,-0.412853001047069,5129910.0
CUW,2015,3058779211.89831,19361.8129630226,-0.476542049801405,157980.0
CUW,2016,3024690188.01683,18944.0962772875,-0.0472079848940293,159664.0
CUW,2017,3033433248.15988,18938.2440965187,1.58558801700345,160175.0
CUW,2018,3046364819.53197,19119.1244887029,2.58368756641814,159336.0
CUW,2019,3026124115.73275,19220.6865793075,2.62220783425059,157441.0
CUW,2020,2534327592.49914,16299.8134349902,1.58558801700345,155482.0
CUW,2021,2739594359.5908,17795.5826616182,1.58558801700345,153948.0
CUW,2022,3075180834.72417,20057.1404747175,1.58558801700345,153321.0
CUW,2023,3281419347.37053,21217.8110321785,1.58558801700345,154654.0
CUW,2024,3561178196.20713,22832.8953958667,1.58558801700345,155967.0
CYM,2015,4708167255.28727,76379.2098777987,-2.34752770165615,61642.0
CYM,2016,4909322200.00212,77802.2535658023,-0.62525835861814,63100.0
CYM,2017,5166281293.18715,80053.9442657031,-1.486393030137145,64535.0
CYM,2018,5530178498.90783,83865.5540393356,-1.486393030137145,65941.0
CYM,2019,5941896599.57333,88254.2902486867,-1.486393030137145,67327.0
CYM,2020,5655357984.24218,82338.7977439023,-1.486393030137145,68684.0
CYM,2021,6060813808.15072,86449.6749037302,-1.486393030137145,70108.0
CYM,2022,6660161212.01997,93030.7051447803,-1.486393030137145,71591.0
CYM,2023,7241244269.45972,99143.5180243123,-1.486393030137145,73038.0
CYM,2024,5655357984.24218,83865.5540393356,-1.486393030137145,74457.0
CYP,2015,19909278416.8575,23088.44140625,-2.0969976905311,1219502.0
CYP,2016,21046462280.5979,24280.056640625,-1.42916666666665,1237112.0
CYP,2017,22946570628.7576,26247.44921875,0.531766496174467,1254275.0
CYP,2018,25754001367.5448,29120.375,1.43549119531759,1270737.0
CYP,2019,26196667099.5303,29227.173828125,0.250370996758493,1286671.0
CYP,2020,25555093854.2968,28130.341796875,-0.638422797978959,1302247.0
CYP,2021,30372642502.4897,32937.83984375,2.44608867175474,1317309.0
CYP,2022,31218038929.0919,33231.04296875,8.39548297993334,1331370.0
CYP,2023,35075423857.0996,36623.69140625,3.54134188751663,1344976.0
CYP,2024,37634533331.8902,38674.29296875,1.80023018624815,1358282.0
CZE,2015,189107698561.919,17931.5987670768,0.309364548494975,10546059.0
CZE,2016,198160659303.939,18753.9686718096,0.683504209385703,10566332.0
CZE,2017,221563575696.217,20913.197632212,2.4505339846014,10594438.0
CZE,2018,251992360762.236,23705.9329811299,2.14949494949493,10629928.0
CZE,2019,256794209028.77,24062.7190013343,2.8478759591805,10671870.0
CZE,2020,251109660602.536,23472.8915454417,3.16129528497801,10697858.0
CZE,2021,290972714482.313,27696.4619527544,3.83984491500146,10505772.0
CZE,2022,301831228325.556,28282.2236715857,15.1001651468371,10672118.0
CZE,2023,345059295659.911,31761.5944102491,10.6612601372426,10864042.0
CZE,2024,347034062928.479,31823.3078290564,2.43531202435314,10905028.0
DEU,2015,3425099578746.09,41929.7549110722,0.514426137125456,81686611.0
DEU,2016,3536787895179.0,42948.9381932694,0.491747008445174,82348669.0
DEU,2017,3765351626105.89,45553.9341495339,1.50949485109628,82657002.0
DEU,2018,4055433215301.96,48916.1686612154,1.73216879766942,82905782.0
DEU,2019,3959894794039.21,47656.199739747,1.44565976888253,83092962.0
DEU,2020,3941398957073.94,47394.8734504469,0.144877925813982,83160871.0
DEU,2021,4355251953410.78,52349.2459994422,3.06666666666673,83196078.0
DEU,2022,4201021706478.62,50506.5179638543,6.87257438551097,83177813.0
DEU,2023,4562207532490.28,54776.7668235491,5.94643667725823,83287273.0
DEU,2024,4685592577804.69,56103.7323182554,2.2564981433876,83516593.0
DJI,2015,2424391785.43897,2376.12554719873,-0.847389733971996,1020313.0
DJI,2016,2604955228.70117,2510.4300076241,2.73841208738755,1037653.0
DJI,2017,2762581334.22612,2618.95521147369,0.568112117084804,1054841.0
DJI,2018,2913464658.08768,2718.08338799203,0.14797084987711,1071882.0
DJI,2019,3088851450.30694,2837.16902340932,3.31925372703827,1088709.0
DJI,2020,3144136196.6228,2844.88810647853,1.7774078380617,1105188.0
DJI,2021,3392796953.08939,3025.91126413549,1.18191775339802,1121248.0
DJI,2022,3562814908.76149,3133.25779772463,5.17980847967061,1137096.0
DJI,2023,3898447007.38798,3381.29779710722,1.49506816515088,1152944.0
DJI,2024,4152145939.98458,3552.72335079222,2.07655387954199,1168722.0
DMA,2015,583177777.777778,8282.59874702141,-0.84382698463833,70410.0
DMA,2016,612711111.111111,8802.56172041363,0.141816225732312,69606.0
DMA,2017,563355555.555555,8224.64896571414,0.296252889279487,68496.0
DMA,2018,628244444.444444,9215.3085405645,0.98919111918989,68174.0
DMA,2019,644259259.259259,9491.14995962374,1.50462353858141,67880.0
DMA,2020,528944444.444444,7827.74842680426,1.22026442242476,67573.0
DMA,2021,562911111.111111,8376.40414141113,2.22891330700344,67202.0
DMA,2022,623062962.962963,9323.66089490562,2.88490226829353,66826.0
DMA,2023,659311111.111111,9912.96212766668,5.08677483158112,66510.0
DMA,2024,688881481.481481,10405.2787777582,2.56921890367726,66205.0
DNK,2015,301758922337.637,53094.0133607574,0.452034153691575,5683483.0
DNK,2016,312181849372.233,54500.9260410217,0.250000000000031,5728010.0
DNK,2017,331610593961.988,57521.5514992225,1.14713216957602,5764980.0
DNK,2018,355293374912.393,61324.7665045565,0.813609467455631,5793636.0
DNK,2019,345401473012.615,59404.2663247723,0.75813157251162,5814422.0
DNK,2020,355631021931.621,60985.4885601514,0.420711974110115,5831404.0
DNK,2021,406110162088.054,69340.7334922138,1.8530454398968,5856733.0
DNK,2022,400114306337.077,67781.0940939514,7.6965669988926,5903037.0
DNK,2023,404651706117.557,68043.5466971243,3.30517811237606,5946952.0
DNK,2024,424524722037.047,71026.4832271897,1.37220049768918,5976992.0
DOM,2015,70966782572.4386,6800.95309395474,0.836746346724557,10434829.0
DOM,2016,75552902635.7075,7160.44200982307,1.61416607245223,10551430.0
DOM,2017,79070274743.1658,7412.71571571512,3.27955694678546,10666843.0
DOM,2018,84994732049.3461,7882.98221584944,3.56443426013508,10782053.0
DOM,2019,89146130744.723,8183.01623600375,1.81060377042959,10894043.0
DOM,2020,78546672406.8291,7135.22273255899,3.78103179915517,11008300.0
DOM,2021,94850719516.7127,8527.0754858205,8.24300347981809,11123476.0
DOM,2022,113478087134.8,10104.2449349081,8.81109209279587,11230734.0
DOM,2023,120456239153.739,10630.431743829,4.78561281021135,11331265.0
DOM,2024,124282245638.568,10875.6618443092,3.30223338951227,11427557.0
DZA,2015,187493855609.345,4685.05902729002,4.78444700693889,40019529.0
DZA,2016,180763839522.151,4424.98529027556,6.39769480268757,40850721.0
DZA,2017,189880896903.073,4554.66753957828,5.59111590961664,41689299.0
DZA,2018,194554483655.528,4577.21029180491,4.26999020467084,42505035.0
DZA,2019,193459662090.677,4468.45341883656,1.95176821052892,43294546.0
DZA,2020,164873415325.201,3743.5419522929,2.41513094083414,44042091.0
DZA,2021,186231205262.082,4160.55926736925,7.22606307415477,44761099.0
DZA,2022,225581644702.568,4960.30334332888,9.26551551551553,45477389.0
DZA,2023,247923887214.655,5370.477235078,9.32217375928322,46164219.0
DZA,2024,269322281664.773,5752.99076651465,4.04611455313434,46814308.0
ECU,2015,97209558000.0,5976.1596805651,3.96664623255358,16266225.0
ECU,2016,97671433000.0,5917.63771271481,1.72826463324533,16505139.0
ECU,2017,104467486000.0,6233.32244797718,0.417335588666825,16759519.0
ECU,2018,107478961000.0,6303.91886658338,-0.224103246005552,17049547.0
ECU,2019,107595830000.0,6205.05765246766,0.266012515466155,17340021.0
ECU,2020,95865473000.0,5463.64515348598,-0.338872392562139,17546065.0
ECU,2021,107179074000.0,6061.32350181711,0.133251386096389,17682454.0
ECU,2022,116133121000.0,6515.58528418336,3.46616972213077,17823897.0
ECU,2023,121147057000.0,6737.84748379638,2.21568764237058,17980083.0
ECU,2024,124676074700.0,6874.705739766,1.54732515615369,18135478.0
EGY,2015,329366576819.407,3306.98159414141,10.370490343517,99597342.0
EGY,2016,332441717791.411,3270.6287768197,13.813606214829,101644589.0
EGY,2017,248362771739.13,2395.10333299491,29.5066083940039,103696057.0
EGY,2018,262588632526.73,2484.70315630508,14.4014657807422,105682094.0
EGY,2019,318678815489.749,2962.98892023003,9.15279959324804,107553158.0
EGY,2020,383817841547.099,3511.11381026379,5.04493288977539,109315124.0
EGY,2021,424671765455.704,3827.35415374308,5.21404940513043,110957008.0
EGY,2022,476747720364.742,4233.30783744856,13.8956609775178,112618250.0
EGY,2023,395926075163.006,3456.78968456253,33.8847763115546,114535772.0
EGY,2024,389059911003.566,3338.47371395895,28.2705899322083,116538258.0
ESP,2015,1206164777553.12,25982.4416197775,-0.500365709903242,46422303.0
ESP,2016,1243015667917.12,26755.6061149398,-0.202598000426452,46458139.0
ESP,2017,1321754088818.83,28381.3425596906,1.95607633363963,46571232.0
ESP,2018,1431642809327.06,30602.4212881113,1.6749813686379,46782011.0
ESP,2019,1403496387686.27,29786.5245689007,0.699518994458739,47118501.0
ESP,2020,1289783836971.21,27233.9426461608,-0.322753017299739,47359424.0
ESP,2021,1461244901852.69,30799.4775937775,3.0931351197642,47443821.0
ESP,2022,1448850658406.62,30319.4987196616,8.39057634118627,47786102.0
ESP,2023,1619481980719.64,33493.2225409111,3.53236133492433,48352528.0
ESP,2024,1725671652742.19,35326.7683069278,2.77417826534772,48848840.0
EST,2015,23311847750.9394,17722.1557669523,-0.49232600654737,1315407.0
EST,2016,24561027787.7896,18666.3736521706,0.148684907627373,1315790.0
EST,2017,27469461919.1189,20851.5223496861,3.41723549488054,1317384.0
EST,2018,31222632740.7247,23618.1361254581,3.43632688420446,1321977.0
EST,2019,31873748770.0313,24021.2501413306,2.27725931243522,1326898.0
EST,2020,31820771493.8974,23933.9939421065,-0.44453109767983,1329522.0
EST,2021,37201101170.5847,27951.1659277744,4.65316673847473,1330932.0
EST,2022,38226641740.29,28340.3826549406,19.3982634080616,1348840.0
EST,2023,41470344395.1086,30264.0064885057,9.15922507983982,1370286.0
EST,2024,43130419829.35,31428.3547816104,3.52056053296586,1372341.0
ETH,2015,62103418181.8182,597.912113218663,9.56889955968623,103867135.0
ETH,2016,68475871209.607,641.651523286233,6.62813337230924,106718162.0
ETH,2017,76366081766.6667,696.348429076216,10.6871150284238,109666481.0
ETH,2018,83337901071.9697,739.702022272086,13.8330356586661,112664152.0
ETH,2019,91834517112.628,793.473247210264,15.8096321719344,115737383.0
ETH,2020,98676811061.4035,829.790982547947,20.3563468559061,118917671.0
ETH,2021,109070960371.859,893.00983544905,26.8395221557722,122138588.0
ETH,2022,123140304666.0,982.103161506992,33.8898797100898,125384287.0
ETH,2023,135874093202.492,1055.81091592527,30.2188278135278,128691692.0
ETH,2024,149740297952.986,1133.88279681719,21.0377460577711,132059767.0
FIN,2015,233210733506.25,42560.3456767103,-0.207928839905268,5479531.0
FIN,2016,238777818792.608,43451.2562442158,0.356684500891695,5495303.0
FIN,2017,253846138440.0,46085.0174739036,0.754015047084346,5508214.0
FIN,2018,273869255596.078,49654.2497035329,1.08382098409305,5515525.0
FIN,2019,267014821129.411,48358.1807773701,1.02409392963431,5521606.0
FIN,2020,270000311606.226,48828.6846862799,0.290554555653239,5529543.0
FIN,2021,294223210496.119,53099.1351400148,2.19457432340007,5541017.0
FIN,2022,280253099309.34,50440.560224974,7.12350773301402,5556106.0
FIN,2023,295021982462.75,52834.2916752703,6.25064322154763,5583911.0
FIN,2024,298696961297.656,53149.7671934051,1.56568906231616,5619911.0
FJI,2015,4682479893.97558,5097.53106864695,1.37488542621446,918578.0
FJI,2016,4930213644.36653,5363.79026679243,3.86322538221269,919166.0
FJI,2017,5353469174.47838,5826.84814459328,3.34757834757839,918759.0
FJI,2018,5581425327.44397,6085.41979485376,4.08147637644542,917180.0
FJI,2019,5344907153.46698,5842.07344577597,1.77310182460266,914899.0
FJI,2020,4227719873.3865,4620.6457238014,-2.59524325887372,914963.0
FJI,2021,4158873156.17978,4536.73312110335,0.155855722131516,916711.0
FJI,2022,4977861885.60316,5414.12092119088,4.32011856243056,919422.0
FJI,2023,5476673518.13788,5926.20586394763,2.34408296633042,924145.0
FJI,2024,5968125909.27126,6425.74151715712,4.51138256524155,928784.0
FRA,2015,2442483452642.5,36702.4323733379,0.0375143805125182,66548272.0
FRA,2016,2470407619777.13,37024.2157133669,0.18333486112386,66724104.0
FRA,2017,2588868323334.71,38687.1626407164,1.03228275064662,66918020.0
FRA,2018,2781576320884.39,41418.1766484844,1.85081508315502,67158348.0
FRA,2019,2722793515171.76,40408.2848574751,1.10825492288294,67382061.0
FRA,2020,2647926055110.05,39169.8606000707,0.476498852725066,67601110.0
FRA,2021,2966433692008.09,43725.0999521245,1.64233141038385,67842811.0
FRA,2022,2794788137066.94,40988.6396406579,5.22236748369735,68184457.0
FRA,2023,3056250648138.29,44700.1384177544,4.87835726508441,68372286.0
FRA,2024,3160442622465.08,46103.0840855884,1.99904942291463,68551653.0
FSM,2015,310175057.802073,2853.07643587028,-0.2981158373807,108716.0
FSM,2016,325000000.0,2979.60119184048,-1.03746806405349,109075.0
FSM,2017,359000000.0,3279.10779039285,0.58225373525489,109481.0
FSM,2018,392000000.0,3566.58690371125,1.49840023593737,109909.0
FSM,2019,394000000.0,3572.65918282222,1.92385170787923,110282.0
FSM,2020,372902700.0,3362.02802120524,0.554594630853174,110916.0
FSM,2021,391601900.0,3508.22314197664,3.19128406597466,111624.0
FSM,2022,415956900.0,3710.12451611752,5.40874375479067,112114.0
FSM,2023,441469400.0,3919.64307910859,1.04032698559613,112630.0
FSM,2024,471425099.488675,4166.00476748564,1.04032698559613,113160.0
GAB,2015,14383107762.6952,7047.12654634355,-0.338795188753406,2040989.0
GAB,2016,14023890265.3665,6677.07003901644,2.10670712784054,2100306.0
GAB,2017,14929487485.1623,6921.73373135624,2.65192583143902,2156900.0
GAB,2018,16867326401.9626,7624.2775233771,4.74906652083221,2212318.0
GAB,2019,16874405465.391,7441.1786472281,2.46456756151187,2267706.0
GAB,2020,15342236163.9864,6605.80346077565,1.35276110675333,2322539.0
GAB,2021,19444935097.2395,8181.40914134656,1.0869074651941,2376722.0
GAB,2022,20440655695.1804,8409.2074145028,4.23124798274579,2430747.0
GAB,2023,19388372070.9778,7802.82433276138,3.62901534185376,2484789.0
GAB,2024,20895684425.6752,8230.04311451151,1.17311998381218,2538952.0
GBR,2015,2945579890258.46,45255.3449216209,0.36804684232536,65088000.0
GBR,2016,2706807606538.73,41257.9085545556,1.0084173681141,65607000.0
GBR,2017,2699118387873.1,40916.8115070354,2.55775577557747,65966000.0
GBR,2018,2897028009916.05,43702.9976303165,2.29283990345938,66289000.0
GBR,2019,2875710080015.3,43158.7411267323,1.73810460086513,66631000.0
GBR,2020,2724001478304.59,40812.6794663879,0.989486703772491,66744000.0
GBR,2021,3194559188925.93,47691.3768799404,2.51837109614213,66984000.0
GBR,2022,3181244350465.41,47057.043229179,7.92204883147902,67604000.0
GBR,2023,3420796653789.08,49944.4702124201,6.79396706793963,68492000.0
GBR,2024,3686033044482.13,53246.3676145108,3.2715729463592,69226000.0
GEO,2015,15223796148.8396,4086.6223465965,4.00357820695097,3725276.0
GEO,2016,15444548901.9637,4143.40125686315,2.13492713939121,3727505.0
GEO,2017,16473125375.0684,4418.75206546679,6.03531725272117,3728004.0
GEO,2018,17902544880.6471,4804.0546040444,2.6152447139767,3726549.0
GEO,2019,17638337116.9126,4741.2832715876,4.85289821696723,3720161.0
GEO,2020,16010869215.68,4300.85701291207,5.2024648897534,3722716.0
GEO,2021,18853115588.8106,5083.60695484577,9.56691433824769,3708610.0
GEO,2022,24984568959.605,6729.84659930283,11.8981654203198,3712502.0
GEO,2023,30777833600.6515,8283.66960652261,2.48776056578715,3715483.0
GEO,2024,34189423544.9955,9241.49122313713,1.10971758022096,3699557.0
GHA,2015,49436806230.4839,1722.77282833606,17.1499695007878,28696068.0
GHA,2016,56144179397.8516,1912.47991339951,17.4546347070868,29356742.0
GHA,2017,60385409434.8567,2012.28662641265,12.3719215507048,30008354.0
GHA,2018,67259353965.6087,2195.32166016377,7.80876516610703,30637585.0
GHA,2019,68352629246.1555,2186.65822682613,7.14364003330857,31258945.0
GHA,2020,70008243859.8666,2195.45481659987,9.88728956269944,31887809.0
GHA,2021,79514204730.3979,2445.18662529344,9.9710886750444,32518665.0
GHA,2022,73919003209.9866,2229.89122647803,31.2558951049016,33149152.0
GHA,2023,80547146878.3843,2383.90410483418,38.1069656296501,33787914.0
GHA,2024,82308110386.4641,2390.77237652715,22.8483281157842,34427414.0
GIN,2015,8794201742.84609,747.356966759448,11.7800825029834,11767070.0
GIN,2016,8595955222.49719,711.996509782316,8.17268112275132,12073030.0
GIN,2017,10324668271.1362,833.598621691121,8.91435947913097,12385659.0
GIN,2018,11857030366.7891,933.273615633705,9.82761701259191,12704774.0
GIN,2019,13442861496.4454,1031.34146480732,9.47001039253012,13034346.0
GIN,2020,14088693742.9464,1053.66097696415,10.6016203387167,13371183.0
GIN,2021,17069115737.8259,1244.96550477914,12.5972882566934,13710513.0
GIN,2022,19910452541.9219,1416.59612011764,10.4930409984424,14055137.0
GIN,2023,22407615556.0571,1555.49375806861,7.80497591927973,14405468.0
GIN,2024,25008678293.4084,1694.95375862193,8.12313914948596,14754785.0
GMB,2015,1378176608.93204,619.536364296461,6.8084549457961,2224529.0
GMB,2016,1484578885.97132,650.056501323611,7.22879272057922,2283769.0
GMB,2017,1504909462.69521,642.522641296331,8.03418974545911,2342189.0
GMB,2018,1670671327.81651,696.219806960615,6.52096823946573,2399632.0
GMB,2019,1813609692.49994,738.186751987483,7.11567625631192,2456844.0
GMB,2020,1812170891.19069,720.335143352133,5.93127636562441,2515733.0
GMB,2021,2014158842.14596,781.890925169531,7.37034758876618,2576010.0
GMB,2022,2204734527.88096,836.244875868476,11.5131198380505,2636470.0
GMB,2023,2382262184.68273,883.024111719809,16.9742129632327,2697845.0
GMB,2024,2404888749.21907,871.340291776294,11.5610532897511,2759988.0
GNB,2015,1152384166.79638,645.066837207039,1.47672048910485,1786457.0
GNB,2016,1245074264.10396,679.665386626818,1.50312055861088,1831893.0
GNB,2017,1469978606.12143,783.123186602022,1.69111461822298,1877072.0
GNB,2018,1554133593.91699,808.531613218504,0.381324702790992,1922168.0
GNB,2019,1596227316.34846,811.216425885129,0.24660026814783,1967696.0
GNB,2020,1705057581.09946,846.915855715971,1.14000939393222,2013255.0
GNB,2021,1908094558.33981,926.780921081233,2.24248879577658,2058841.0
GNB,2022,1859601384.05928,883.199131457831,9.39075933985203,2105529.0
GNB,2023,2127688181.12014,988.087886357022,7.10220928557059,2153339.0
GNB,2024,2218393804.54798,1007.74151728028,3.76555825770114,2201352.0
GNQ,2015,13185496881.0174,9068.91003238645,1.67663085315988,1453923.0
GNQ,2016,11240808847.8878,7453.19797948517,1.41193915479015,1508186.0
GNQ,2017,12200913878.9827,7809.10465655488,0.74435474661241,1562396.0
GNQ,2018,13097012133.6159,8102.47084834031,1.06007410662171,1616422.0
GNQ,2019,11364133549.7478,6804.14923073888,1.53027528964189,1670177.0
GNQ,2020,9893816007.7398,5764.05502912947,4.76669523944228,1716468.0
GNQ,2021,12215878032.7166,6945.63069794539,-0.0971007664640198,1758786.0
GNQ,2022,13687643435.6249,7589.29964909381,4.78671704710803,1803545.0
GNQ,2023,12337550583.754,6677.793435386,2.85949506037322,1847549.0
GNQ,2024,12765777677.0622,6745.40013244916,2.92140227309103,1892516.0
GRC,2015,194567373678.099,17980.7298238137,-1.73588804765284,10820883.0
GRC,2016,193097239005.87,17919.2426377048,-0.825653978390973,10775971.0
GRC,2017,200381103984.298,18631.9930129293,1.12125452031419,10754679.0
GRC,2018,213298873494.394,19873.4015238771,0.62562141345364,10732882.0
GRC,2019,207305649887.019,19335.3602002969,0.253007522038157,10721582.0
GRC,2020,191362985554.861,17886.733165236,-1.24798355581405,10698599.0
GRC,2021,218303801895.326,20654.7001960815,1.22382501019854,10569207.0
GRC,2022,217990189600.69,20886.5243087629,9.64525981280632,10436882.0
GRC,2023,242946187738.269,23343.7103964562,3.46480128513405,10407351.0
GRC,2024,256238371778.118,24626.1481858973,2.74149045788606,10405134.0
GRD,2015,997007407.407407,8694.12438005692,-0.515448031435329,114676.0
GRD,2016,1061640740.74074,9221.23461079424,1.65038994431573,115130.0
GRD,2017,1125685185.18519,9751.42661155932,0.908458255874249,115438.0
GRD,2018,1166514814.81481,10083.021279225,0.804102313277033,115691.0
GRD,2019,1213485185.18519,10462.7929159533,0.598149764736022,115981.0
GRD,2020,1043411111.11111,8968.55890108484,-0.740732597045498,116341.0
GRD,2021,1122222222.22222,9617.28902905373,1.21951193916838,116688.0
GRD,2022,1224007407.40741,10469.3867012856,2.5805392590792,116913.0
GRD,2023,1336418518.51852,11414.4781691181,2.69612269814564,117081.0
GRD,2024,1371918518.51852,11705.0902976658,1.08615365134737,117207.0
GTM,2015,62186066547.6566,3893.50533299068,2.3887203283955,15971743.0
GTM,2016,66053408205.8838,4060.13784737643,4.44844199942827,16268760.0
GTM,2017,71653780740.4226,4324.99768915601,4.42453655182546,16567357.0
GTM,2018,73328356007.6152,4352.94593289707,3.75186186704508,16845685.0
GTM,2019,77172331693.4093,4511.99839552697,3.69998398008605,17103803.0
GTM,2020,77719468248.3666,4477.61785000665,3.21444062197345,17357325.0
GTM,2021,86455522272.7383,4912.62240414681,4.26105127422813,17598650.0
GTM,2022,95641446500.6523,5358.70156997677,6.88512823344287,17847877.0
GTM,2023,104368755054.601,5758.32760847852,6.20657592272126,18124838.0
GTM,2024,113199581158.203,6150.02571438505,2.86992752918294,18406359.0
GUY,2015,4279840193.7046,5640.41560569466,-1.00173432776374,758781.0
GUY,2016,4482697336.56174,5870.87823759835,0.836008061506207,763548.0
GUY,2017,4748174334.14044,6178.6650437298,1.90465615515584,768479.0
GUY,2018,4787636997.85343,6048.38697180418,1.28284288443528,791556.0
GUY,2019,5173760191.84652,6405.82443444562,2.08723089162013,807665.0
GUY,2020,5471256594.72422,6775.70939096303,0.99333702283873,807481.0
GUY,2021,8041362110.31175,9860.87014834386,5.03285574626702,815482.0
GUY,2022,14718388489.2086,17913.4928066879,6.11505550109935,821637.0
GUY,2023,16918503597.1223,20473.7002190617,2.82110335099641,826353.0
GUY,2024,24662709832.1343,29675.2443873316,2.90395226446373,831087.0
HKG,2015,309385622601.348,42432.1619740441,2.99084819322581,7291300.0
HKG,2016,320860317562.562,43734.1980702999,2.40930743862224,7336600.0
HKG,2017,341273289534.466,46160.429791493,1.49387243939522,7393200.0
HKG,2018,361731070995.726,48537.5668888343,2.40613432046534,7452600.0
HKG,2019,363074545072.389,48359.0011950597,2.88320853773996,7507900.0
HKG,2020,344943149590.058,46109.2299946609,0.2509620210808,7481000.0
HKG,2021,368954169748.818,49770.5642374739,1.56875834445922,7413100.0
HKG,2022,358679533984.718,48825.8441873536,1.88136707196853,7346100.0
HKG,2023,381043026173.935,50562.3633144379,2.09660511249089,7536100.0
HKG,2024,406863396487.342,54074.6928519479,1.72972119105914,7524100.0
HND,2015,20979791685.416,2271.20265980349,3.15783117980923,9237305.0
HND,2016,21717604952.1835,2307.34468351082,2.72461223295289,9412380.0
HND,2017,23136247990.5977,2413.0076562942,3.93436084442044,9588137.0
HND,2018,24067750760.499,2464.64241531918,4.34734937777528,9765210.0
HND,2019,24882225741.8119,2502.32744328073,4.36587159819267,9943633.0
HND,2020,23352232483.755,2307.61494319511,3.46841177951184,10119640.0
HND,2021,28144331506.6149,2735.14751503977,4.48087963413445,10289877.0
HND,2022,31426041806.7985,3003.28996826399,9.08963911525025,10463872.0
HND,2023,34355805527.9795,3227.45762509776,6.66325180347457,10644851.0
HND,2024,37093565854.0437,3426.43483328923,4.60621098127107,10825703.0
HPC,2015,674606540074.897,917.296109229182,3.55075967356746,735429414.0
HPC,2016,677200621773.188,894.708764701024,4.38389195513915,756895035.0
HPC,2017,735068264238.844,943.132832332498,4.5783374121255,779389964.0
HPC,2018,790373898773.381,985.478210719267,3.01748181031406,802020674.0
HPC,2019,811372254522.343,983.900062178744,2.83514555687506,824649053.0
HPC,2020,816029422839.446,962.590226473892,3.47617372722194,847743308.0
HPC,2021,924417463438.7,1061.41414950431,4.37012190478157,870930036.0
HPC,2022,1002501492801.3,1121.48387311982,9.65914753785069,893906294.0
HPC,2023,1060316071770.29,1155.90445279924,7.12697482131851,917304254.0
HPC,2024,1145111349262.57,1216.37508472564,4.56976223919357,941413026.0
HRV,2015,50998893384.8289,12283.7840620053,-0.464499004644911,4151725.0
HRV,2016,52650714171.8617,12820.1653893008,-1.12500000000002,4106867.0
HRV,2017,56182782585.9052,13901.7878144679,1.12937210282347,4041407.0
HRV,2018,61667925219.0755,15460.3669595491,1.50012501041756,3988775.0
HRV,2019,61466721186.3116,15563.5987295029,0.771820346498019,3949390.0
HRV,2020,57959843541.3699,14807.5608543265,0.154811374562106,3914206.0
HRV,2021,69002365163.3368,17788.7865816658,2.55450699642041,3878981.0
HRV,2022,71196498671.1145,18465.5414420364,10.7805806758686,3855641.0
HRV,2023,85624153964.0987,22184.2279304842,7.9412817758683,3859686.0
HRV,2024,92983810328.9088,24050.4397933135,2.97200477643618,3866200.0
HTI,2015,14849629308.6025,1411.12684746796,6.73184069658997,10523242.0
HTI,2016,14069277526.2278,1318.40268167953,11.5029073942666,10671457.0
HTI,2017,15093357161.1498,1395.23945184461,10.6800887242584,10817754.0
HTI,2018,16403864617.8458,1496.38048970156,12.4814111170435,10962362.0
HTI,2019,15016090929.5125,1352.17204191532,18.7037825672506,11105163.0
HTI,2020,14508222518.3018,1290.32538667383,22.7963113642528,11243848.0
HTI,2021,20944387975.7051,1841.33189337222,16.8415240198785,11374586.0
HTI,2022,20253551920.5516,1760.62635668777,33.98393194707,11503606.0
HTI,2023,19850585722.3241,1705.75808460999,36.8135162780854,11637398.0
HTI,2024,25224154990.7946,2142.62330526788,26.9490564091987,11772557.0
HUN,2015,125244126623.289,12782.9412577973,-0.0616446800641672,9797755.0
HUN,2016,128983560865.293,13215.8605277789,0.394769306686392,9759755.0
HUN,2017,143335098991.862,14736.1668157258,2.34824281150154,9726756.0
HUN,2018,161184691013.835,16605.0570511887,2.85024792594646,9706964.0
HUN,2019,164936682033.992,17012.8598553199,3.33858635382008,9694824.0
HUN,2020,158468487754.196,16386.9308821258,3.32674385766738,9670419.0
HUN,2021,183282685440.486,19030.628130329,5.11096534382855,9630932.0
HUN,2022,177002580544.155,18428.028825614,14.6081439492433,9605074.0
HUN,2023,213240316634.648,22230.6277875187,17.1249659678737,9592186.0
HUN,2024,222722738925.641,23292.3263882478,3.70370370370369,9562065.0
IDN,2015,860854232686.214,3288.22269725538,6.36312061196646,261799249.0
IDN,2016,931877364037.698,3521.46943457574,3.52580452815451,264627418.0
IDN,2017,1015618744159.73,3798.88326174526,3.80879857691949,267346658.0
IDN,2018,1042271532988.63,3860.95353090726,3.19834755924996,269951846.0
IDN,2019,1119099871350.2,4106.94856160358,3.03058460941661,272489381.0
IDN,2020,1059054842698.48,3853.70288774146,1.91983527270793,274814866.0
IDN,2021,1186509691086.73,4287.17313995098,1.56007882983334,276758053.0
IDN,2022,1319101183380.15,4730.83484836107,4.20946463714784,278830529.0
IDN,2023,1371169301563.62,4876.30774512252,3.66938654859761,281190067.0
IDN,2024,1396300098190.97,4925.43048751861,2.18151273615189,283487931.0
IND,2015,2103588360044.94,1583.99815907985,4.90697344127256,1328024498.0
IND,2016,2294796885663.16,1707.50892912243,4.94821634062141,1343944296.0
IND,2017,2651474262755.45,1950.10468280866,3.32817337461298,1359657400.0
IND,2018,2702929641648.74,1966.25455171679,3.9388264669163,1374659064.0
IND,2019,2835606256558.19,2041.42863698585,3.72950573539129,1389030312.0
IND,2020,2674851578587.27,1907.04251637669,6.62343677628535,1402617695.0
IND,2021,3167270623260.47,2239.61384367482,5.13140747176369,1414203896.0
IND,2022,3346107287730.93,2347.44829434623,6.69903414079852,1425423212.0
IND,2023,3638489096033.86,2530.12031278204,5.64914318907925,1438069596.0
IND,2024,3909891533858.08,2694.73780859961,4.95303550973656,1450935791.0
IRL,2015,302101388556.271,64250.1385181257,-0.330959783371788,4701957.0
IRL,2016,305431252708.748,64129.5571542383,0.0201247735963237,4762722.0
IRL,2017,348355212568.515,72161.4047531385,0.362173038229378,4827445.0
IRL,2018,395780319816.603,80804.1123164826,0.471130713712916,4898022.0
IRL,2019,407211793800.713,81827.6688873996,0.937842961189274,4976456.0
IRL,2020,436009027818.948,86514.0706108754,-0.326183651280033,5039747.0
IRL,2021,530394123829.763,103783.446284479,2.34034113447044,5110585.0
IRL,2022,548341794599.09,105190.685952731,7.82945736434105,5212836.0
IRL,2023,567372737459.116,106818.917130804,6.29942487419125,5311538.0
IRL,2024,609157459747.205,112894.953240805,2.11344999577317,5395790.0
IRN,2015,409191686496.677,4952.73355532178,12.4846815611533,82619362.0
IRN,2016,478618064870.999,5710.59947089104,7.24542548952979,83812228.0
IRN,2017,510239893417.645,6000.93346404409,8.04492437660278,85026754.0
IRN,2018,411903303606.044,4783.01067340237,18.0141183371874,86117998.0
IRN,2019,347988400957.999,3997.4935449585,39.9073455697784,87051648.0
IRN,2020,280934329279.723,3202.50003502169,30.5941390387295,87723443.0
IRN,2021,407350685583.335,4605.14881318992,43.3890162681514,88455488.0
IRN,2022,422662261525.665,4721.20437099984,43.4884641742179,89524246.0
IRN,2023,457510482317.483,5049.29931642754,44.5791857572797,90608707.0
IRN,2024,475252089215.416,5190.16959024821,32.455871402917,91567738.0
IRQ,2015,166774104959.102,4440.14189252367,1.39333028780309,37560535.0
IRQ,2016,166743557747.671,4334.42096404188,0.556521397155511,38469627.0
IRQ,2017,187217660050.676,4759.2846435467,0.18405889884769,39337353.0
IRQ,2018,227367469034.031,5646.68932074742,0.367441488936849,40265624.0
IRQ,2019,233636097800.338,5671.8568632942,-0.198965380023928,41192171.0
IRQ,2020,180898797516.874,4295.18945121228,0.574162679425795,42116605.0
IRQ,2021,209691945713.103,4868.49431080783,6.04186489058044,43071211.0
IRQ,2022,287372232137.931,6520.73154560584,4.99476596381044,44070551.0
IRQ,2023,268881051643.549,5965.31835077761,4.35835351089586,45074049.0
IRQ,2024,279641257615.385,6073.61032342708,-12.2969837587007,46042015.0
ISL,2015,17700486957.1907,53505.6964079339,1.63305558181326,330815.0
ISL,2016,21083713310.457,62854.0906407932,1.69692761997751,335439.0
ISL,2017,25060086487.8901,72976.3729990975,1.76041559180596,343400.0
ISL,2018,26677652544.3499,75633.8651351915,2.68291768267392,352721.0
ISL,2019,24985687022.0452,69296.3144361601,3.01397179156053,360563.0
ISL,2020,22034665040.7901,60127.9393575616,2.84792401518665,366463.0
ISL,2021,26234872402.457,70425.4064277273,4.44423970189739,372520.0
ISL,2022,29166102877.2755,76350.4550416502,8.3087551155892,382003.0
ISL,2023,31677891896.7861,82138.7892973557,8.73630299937298,385663.0
ISL,2024,33255181468.9382,86040.5309851288,5.85683849970066,386506.0
ISR,2015,303469434072.296,36213.1041481958,-0.617342577642765,8380100.0
ISR,2016,321940971558.016,37671.5389138798,-0.535168195718695,8546000.0
ISR,2017,358451839052.991,41138.470964272,0.249807840123008,8713300.0
ISR,2018,376299083108.497,42362.6652754196,0.805060379528526,8882800.0
ISR,2019,400645216358.857,44250.6313628073,0.817645940292794,9054000.0
ISR,2020,410768352657.612,44575.5719045492,-0.575254620897756,9215100.0
ISR,2021,489851549972.347,52270.9040241956,1.47965474722561,9371400.0
ISR,2022,525181008025.57,54949.621556429,4.41162725488371,9557500.0
ISR,2023,512184638998.974,52003.7200729997,4.22522603168918,9849000.0
ISR,2024,540379921261.681,54176.6844383302,3.07480889805025,9974400.0
ITA,2015,1845428048839.1,30639.8829751432,0.0387903996579733,60229605.0
ITA,2016,1887111188176.93,31391.5692898108,-0.09401665691575,60115223.0
ITA,2017,1970720904584.71,32844.115660604,1.22653316645812,60002252.0
ITA,2018,2099435266458.67,34904.1081923834,1.13748763600391,60148658.0
ITA,2019,2019606796583.53,33812.788724868,0.611246943765304,59729081.0
ITA,2020,1907481094079.23,32091.4866621366,-0.13770757391651,59438851.0
ITA,2021,2179207773596.09,36852.5425414951,1.87378325762481,59133173.0
ITA,2022,2104067630319.46,35653.9042103495,8.20128991161718,59013667.0
ITA,2023,2316727999333.18,39277.0838783918,5.62219442195901,58984216.0
ITA,2024,2380825077243.59,40385.3413957669,0.982373023061417,58952704.0
JAM,2015,14963589915.5912,5339.30718256806,3.69154228855725,2802534.0
JAM,2016,14898999754.1229,5302.29553353854,2.35102197485846,2809915.0
JAM,2017,15783583236.675,5605.43541173019,4.37839864991561,2815764.0
JAM,2018,16855447986.2221,5976.90362644337,3.73663882152163,2820097.0
JAM,2019,17026269262.5307,6030.68896415921,3.90510000865872,2823271.0
JAM,2020,15000214216.2439,5299.04530804283,5.2267777929352,2830739.0
JAM,2021,15963885376.3537,5625.67806271236,5.86278242801063,2837682.0
JAM,2022,18813516805.214,6626.47502388538,10.3495688391272,2839144.0
JAM,2023,21418804319.6395,7542.40084275345,6.47413734662063,2839786.0
JAM,2024,22014397089.7689,7753.8006955432,5.41194447981659,2839175.0
JOR,2015,38587017887.3239,4042.75678097555,-0.876851359704049,9544729.0
JOR,2016,39892551126.7606,3986.71677010853,-0.778430463054142,10006367.0
JOR,2017,41608435915.493,4065.61628749384,3.32389447576097,10234226.0
JOR,2018,43370860704.2254,4145.43989673265,4.46231108475481,10462306.0
JOR,2019,44503006338.0282,4170.1144003465,0.761514047265601,10671891.0
JOR,2020,43700383098.5916,4022.0401356135,0.333294350628378,10865228.0
JOR,2021,46296100140.8451,4183.49998326866,1.34609377243118,11066356.0
JOR,2022,48764963380.2817,4332.25159897931,4.22915568897117,11256263.0
JOR,2023,51088476338.0282,4466.08314208575,2.08486986327134,11439213.0
JOR,2024,53352289577.4648,4618.09592498567,1.55659611283953,11552876.0
JPN,2015,4444930651964.18,34960.6393843385,0.795279630579839,127141000.0
JPN,2016,5003677627544.24,39375.4731620781,-0.127258844489754,127076000.0
JPN,2017,4930837369151.42,38834.0529341227,0.484199796126385,126972000.0
JPN,2018,5040880939324.86,39751.1330982711,0.989094598021848,126811000.0
JPN,2019,5117993853016.51,40415.9567649547,0.46877615938395,126633000.0
JPN,2020,5054068005376.28,40028.7341726762,-0.024995834027731,126261000.0
JPN,2021,5039148168861.22,40094.5599795288,-0.233352779398264,125681593.0
JPN,2022,4262463317796.53,34065.6438962526,2.49770278172255,125124989.0
JPN,2023,4213167237905.83,33836.1756271617,3.26813365933163,124516650.0
JPN,2024,4027597523550.58,32487.0778047567,2.73853681635241,123975371.0
KAZ,2015,184388404706.042,10196.1226255982,6.67828585615244,18084169.0
KAZ,2016,137278320084.171,7475.56688689424,14.3610942386248,18363600.0
KAZ,2017,166805788827.233,8943.08416791984,7.44266321306792,18651931.0
KAZ,2018,179339977690.485,9472.48527327758,6.16366247577757,18932727.0
KAZ,2019,181667184854.501,9457.12614657136,5.33356098916675,19209555.0
KAZ,2020,171082365861.423,8781.50797787648,6.71815454861464,19482117.0
KAZ,2021,197112255360.612,9983.60103576902,8.04147134028391,19743603.0
KAZ,2022,225496328925.494,11255.3396437881,15.0278644440851,20034609.0
KAZ,2023,261840101059.923,12879.4275257974,14.7249900200331,20330104.0
KAZ,2024,291480274648.826,14154.6324958076,8.83943897452672,20592571.0
KEN,2015,70120446896.8359,1489.11959777284,6.58215429284779,47088526.0
KEN,2016,74815144163.8931,1554.12610314423,6.29724953814625,48139687.0
KEN,2017,82036510877.2599,1667.48447230835,8.00564967709945,49197766.0
KEN,2018,92202979985.2863,1836.45275528993,4.6898064677633,50207107.0
KEN,2019,100378436207.371,1960.40808854893,5.23963795764792,51202827.0
KEN,2020,100657505750.545,1927.66459027849,5.40516207933392,52217334.0
KEN,2021,109703658904.994,2061.35622089594,6.10793603659176,53219166.0
KEN,2022,114448978152.637,2109.56288513137,7.65986268272224,54252461.0
KEN,2023,107500884685.013,1942.58802756191,7.67139634029402,55339003.0
KEN,2024,120339557905.932,2132.43452097647,4.48978854243448,56432944.0
KGZ,2015,6678177511.66313,1105.65193844261,6.50331838993384,6040036.0
KGZ,2016,6813095379.1187,1103.27489428412,0.388838296895799,6175338.0
KGZ,2017,7702938379.42036,1221.39046807082,3.1753098637994,6306696.0
KGZ,2018,8271106235.41552,1283.5203037417,1.54266145238436,6444079.0
KGZ,2019,9371275264.36735,1421.99927504102,1.13362257718804,6590211.0
KGZ,2020,8270468614.24051,1229.51766602907,6.32542296338078,6726596.0
KGZ,2021,9249133946.26531,1349.99730650542,11.9050398185147,6851224.0
KGZ,2022,12134931017.9465,1739.72018344174,13.9229093174176,6975220.0
KGZ,2023,15180842369.4894,2138.22210211478,10.7532770416742,7099750.0
KGZ,2024,17478259659.2625,2420.18542283831,6.32542296338078,7221868.0
KHM,2015,24174170369.0738,1547.32010444393,1.22393195511119,15623251.0
KHM,2016,26556545153.3573,1675.19555711109,3.01913975139128,15852803.0
KHM,2017,29355665909.7905,1826.35391688754,2.91263557371478,16073372.0
KHM,2018,33145892168.8958,2036.67377566578,2.45908515380146,16274522.0
KHM,2019,36685356407.7206,2225.87705485686,1.94257500833107,16481304.0
KHM,2020,34818073901.4851,2081.73914242939,2.9402951426397,16725474.0
KHM,2021,36790163687.4421,2167.40324198499,2.92073477592949,16974305.0
KHM,2022,39994532959.6074,2325.03050040841,5.34370264895437,17201724.0
KHM,2023,42335646895.7984,2429.74853452838,2.12746796594194,17423880.0
KHM,2024,46352647037.2406,2627.87969756224,0.808042016536654,17638801.0
KIR,2015,191559398.688293,1639.85274740652,0.572015743634256,116815.0
KIR,2016,206467818.503227,1742.66799324117,1.91731090233378,118478.0
KIR,2017,222875736.343445,1853.05122713319,0.355520888546828,120275.0
KIR,2018,233514717.441266,1912.73809378187,0.564030491493476,122084.0
KIR,2019,216985388.322754,1750.9977188915,-1.81307995302947,123921.0
KIR,2020,220898020.418627,1751.78249168214,2.5532455441463,126099.0
KIR,2021,285259881.131951,2222.04819501897,2.05361676773907,128377.0
KIR,2022,270040453.254018,2069.7671726925,5.34595440908904,130469.0
KIR,2023,288610747.738991,2177.70125812262,9.28307374517721,132530.0
KIR,2024,307862564.489711,2288.63471423684,2.45545072159028,134518.0
KNA,2015,957222222.222222,20328.8003530109,-2.30187563045616,47087.0
KNA,2016,1006818518.51852,21387.5415511103,-0.687037123294039,47075.0
KNA,2017,1056977777.77778,22464.9899633959,0.694916711613604,47050.0
KNA,2018,1076548148.14815,22901.3816403197,-1.03712214131572,47008.0
KNA,2019,1107855555.55556,23595.4923231291,-0.329562063663977,46952.0
KNA,2020,883922222.222222,18859.0190361046,-1.16724501769353,46870.0
KNA,2021,858622222.222222,18361.1449697886,1.195688870384,46763.0
KNA,2022,981429629.62963,21011.5744209816,2.66817533111249,46709.0
KNA,2023,1055651851.85185,22576.9248439166,3.55711230848243,46758.0
KNA,2024,1122388888.88889,23960.6534357084,-0.329562063663977,46843.0
KOR,2015,1539212301135.55,30171.7906545222,0.70633177245575,51014947.0
KOR,2016,1579150518945.44,30832.0628072516,0.971685739912168,51217803.0
KOR,2017,1710196756713.17,33296.9845439195,1.94433230786366,51361911.0
KOR,2018,1824251454306.83,35363.9508228687,1.47583935002645,51585058.0
KOR,2019,1751045752054.63,33826.9443301597,0.383000303608136,51764822.0
KOR,2020,1744070276373.34,33645.7719545073,0.537288023411737,51836239.0
KOR,2021,1942313560965.9,37518.4635305697,2.49833333333339,51769539.0
KOR,2022,1799363116866.52,34822.4048404971,5.08951365062842,51672569.0
KOR,2023,1844800934391.54,35674.095995632,3.5974562502901,51712619.0
KOR,2024,1875388209406.8,36238.639908315,2.32174328643542,51751065.0
KWT,2015,114585555688.511,29882.2126495698,3.27170166092133,3834574.0
KWT,2016,109406674124.652,27323.6890735517,3.19839776658374,4004096.0
KWT,2017,120687539805.505,29047.6536135703,2.17183298510006,4154812.0
KWT,2018,138646316350.727,32067.9623756889,0.543133148199567,4323515.0
KWT,2019,140856394860.529,31707.8737443551,1.09184802655856,4442316.0
KWT,2020,111045470605.715,25236.0755848941,2.101729548274,4400267.0
KWT,2021,148350671489.144,34018.6342592913,3.42362947609188,4360865.0
KWT,2022,183502046693.878,39981.7691035833,3.98064961990313,4589643.0
KWT,2023,165384407116.233,34075.849012909,3.64216403030709,4853420.0
KWT,2024,160227273053.334,32717.7186631255,2.89855072463762,4897263.0
LAO,2015,14426380125.6488,2121.01339097363,1.27735427102992,6801645.0
LAO,2016,15912501722.6143,2303.22156035363,1.59691227583204,6908802.0
LAO,2017,17071155481.4994,2432.43059478511,0.825478607568026,7018147.0
LAO,2018,18141641089.7963,2545.1075420815,2.04039266890201,7128045.0
LAO,2019,18740561512.5555,2589.32081035237,3.32255881256925,7237636.0
LAO,2020,18981805250.2424,2583.77730696131,5.10407262959919,7346533.0
LAO,2021,18827148530.9347,2526.05105018529,3.75562036658877,7453194.0
LAO,2022,15468785203.7532,2046.40440255621,22.9562225132056,7559007.0
LAO,2023,15843155731.2552,2066.94979776957,31.2301341732646,7664993.0
LAO,2024,16502933121.3379,2123.97909415109,23.1305695942588,7769819.0
LBN,2015,49929337836.8159,7714.1099998804,-3.74914524799629,6472469.0
LBN,2016,51147308774.1294,8089.012088155,-0.783359624361508,6323060.0
LBN,2017,53027680685.9038,8608.21084982387,4.32135218303191,6160128.0
LBN,2018,54901519155.5556,9174.53666204759,6.07698907889607,5984119.0
LBN,2019,51605959131.2741,8905.88005497437,3.00538949390383,5794594.0
LBN,2020,31712128253.7961,5561.19166950397,84.8643330472041,5702398.0
LBN,2021,23131941556.7843,4045.37391066234,154.756096023393,5718122.0
LBN,2022,20992421948.8081,3654.35845534878,171.205491336641,5744489.0
LBN,2023,20078620356.9931,3477.72489842684,221.341644023365,5773493.0
LBN,2024,49929337836.8159,7714.1099998804,45.2430422716718,5805962.0
LBR,2015,3227075700.0,692.590082351257,7.74869687621322,4659431.0
LBR,2016,3398419600.0,714.613063145659,8.83424868336488,4755608.0
LBR,2017,3390703400.0,699.269095727404,12.4196323907138,4848925.0
LBR,2018,3422754800.0,692.203127129794,23.5635148953742,4944726.0
LBR,2019,3319596500.0,658.164180770507,26.9662760197878,5043721.0
LBR,2020,3176126300.0,616.787867006715,16.9557241496255,5149463.0
LBR,2021,3513049500.0,667.96610514319,7.81559385858648,5259323.0
LBR,2022,4001047000.0,744.617175237387,7.59298486560313,5373294.0
LBR,2023,4390000000.0,799.194470229642,10.0944535665552,5493031.0
LBR,2024,4779300900.0,851.497723870206,8.21497439118964,5612817.0
LBY,2015,48717501321.3052,7458.48917756374,10.4022933588151,6531819.0
LBY,2016,49912073701.298,7525.80299308216,25.8538742124461,6632126.0
LBY,2017,67157452181.7738,9965.83236729757,25.8036184788338,6738770.0
LBY,2018,76686029772.1483,11196.5854810844,13.1702038536721,6849055.0
LBY,2019,69254496471.6938,9963.19489084483,-2.16217883470595,6951033.0
LBY,2020,46854285440.642,6650.33810585348,1.44703656998741,7045399.0
LBY,2021,35217995647.2862,4935.82787349801,2.86833027751019,7135175.0
LBY,2022,43246297921.8499,5986.63694851258,4.51030149235703,7223805.0
LBY,2023,44027664915.187,6026.51518708812,2.37317531435169,7305659.0
LBY,2024,48487151215.345,6569.16408678648,2.12615766885025,7381023.0
LCA,2015,1807640740.74074,10334.9860823918,-0.983600952696996,174905.0
LCA,2016,1868544444.44444,10638.1269396653,-3.07821765676927,175646.0
LCA,2017,1998503703.7037,11333.1123822102,0.104262078958441,176342.0
LCA,2018,2060955555.55556,11642.6984727769,1.93561893150602,177017.0
LCA,2019,2095344444.44444,11794.0597229805,0.539087559191757,177661.0
LCA,2020,1499274074.07407,8411.07474936367,-1.75580833517594,178250.0
LCA,2021,1867185185.18518,10459.1321248092,2.41070312174393,178522.0
LCA,2022,2342714814.81481,13103.8243147472,6.37814695133351,178781.0
LCA,2023,2430166666.66667,13554.7684784933,4.07060821926204,179285.0
LCA,2024,2549062962.96296,14181.6303351598,-0.110283575834694,179744.0
LKA,2015,85090301052.0465,4057.7158346231,3.76836783062096,20970000.0
LKA,2016,88000211171.5956,4149.19190775593,3.9588884659307,21209000.0
LKA,2017,94369350285.5814,4398.88828068715,7.70413767850602,21453000.0
LKA,2018,94450015982.8405,4358.56095906047,2.135037737132,21670000.0
LKA,2019,88998706296.5783,4081.94772722003,3.52839358231811,21803000.0
LKA,2020,84335574581.5072,3847.60137695639,6.15394508391738,21919000.0
LKA,2021,88556698937.7033,3996.96240014909,7.01478071238195,22156000.0
LKA,2022,74143020262.8076,3342.63650253855,49.7211021114327,22181000.0
LKA,2023,83716142582.1945,3798.89016573011,16.5411742279832,22037000.0
LKA,2024,98963185509.6499,4515.56787322732,-0.42936004906973,21916000.0
LSO,2015,2359686724.53829,1121.19851342518,3.21844513655931,2104611.0
LSO,2016,2114426452.2019,992.491840678465,6.59650490696543,2130422.0
LSO,2017,2306741672.29006,1069.36673247542,4.447699373763,2157110.0
LSO,2018,2556247291.99785,1170.65569702819,4.7518030162474,2183603.0
LSO,2019,2390702295.82777,1082.05706777516,5.18708359197982,2209405.0
LSO,2020,2053699863.99625,918.582574704447,4.97809676252309,2235727.0
LSO,2021,2412130056.55851,1066.58645143823,6.04774591950676,2261542.0
LSO,2022,2354980960.02697,1030.12582947757,8.27180389943028,2286110.0
LSO,2023,2117962445.37471,916.282976983803,6.34221743124953,2311472.0
LSO,2024,2271759454.51107,971.90771824829,6.10544624245032,2337423.0
LTU,2015,41540954817.2039,14269.8039878287,-0.884097405500596,2911109.0
LTU,2016,42970749245.0336,14934.2702840428,0.905525075460342,2877325.0
LTU,2017,47756764508.446,16800.1510246099,3.72288862303707,2842639.0
LTU,2018,54261795148.5372,19247.2315367967,2.69792779208394,2819200.0
LTU,2019,55122066225.796,19608.7943945553,2.33450937988027,2811089.0
LTU,2020,57412038533.2718,20428.6478157394,1.19989444983569,2810369.0
LTU,2021,67037321008.9679,23870.4594851722,4.68354420903453,2808380.0
LTU,2022,71033884499.7824,25085.784063499,19.7050461518394,2831639.0
LTU,2023,79789877416.1681,27786.0057829276,9.11731962390475,2871585.0
LTU,2024,84869215513.3648,29384.0189598663,0.715735835228723,2888278.0
LUX,2015,60071584216.1375,105462.012584423,0.474743161437779,569604.0
LUX,2016,62216885435.9488,106899.293549552,0.290833333333317,582014.0
LUX,2017,65712180342.9836,110193.213797228,1.73079959118887,596336.0
LUX,2018,71085623495.1145,116926.759593905,1.5281952430738,607950.0
LUX,2019,69872035113.6469,112696.649059674,1.74332075653848,620001.0
LUX,2020,73670782100.3909,116860.02817236,0.819957302127036,630419.0
LUX,2021,86386759695.1653,134965.815442152,2.52692009066166,640064.0
LUX,2022,80801680397.0139,123719.658915996,6.33600807777919,653103.0
LUX,2023,88788881539.3937,133230.619178899,3.74140361983136,666430.0
LUX,2024,93279851863.4062,137781.681659123,2.05113269954859,677012.0
LVA,2015,26344565876.8902,13321.9753140616,0.174242243625186,1977527.0
LVA,2016,27117105059.5075,13838.5266823272,0.140633334505327,1959537.0
LVA,2017,29391059767.4259,15132.4958333982,2.93036312374665,1942248.0
LVA,2018,33247935477.3576,17252.1710428626,2.53445424186598,1927174.0
LVA,2019,33099503950.847,17294.9751600969,2.81140920075615,1913822.0
LVA,2020,33379927434.6149,17564.2321549354,0.219064904842156,1900449.0
LVA,2021,38183326784.9335,20261.8887788916,3.27582937431156,1884490.0
LVA,2022,38003198508.9107,20221.103686109,17.3102830198815,1879383.0
LVA,2023,42779550936.838,22710.2637544197,8.93804623316637,1883710.0
LVA,2024,43684254432.3609,23409.0845154775,1.26579885828729,1866124.0
MAC,2015,44940613353.1038,69902.9605741233,4.56056338028164,642900.0
MAC,2016,44964868323.7558,68911.6755919628,2.36895749705898,652500.0
MAC,2017,50297028370.6668,77570.9876166977,1.22812404052816,648400.0
MAC,2018,55076322634.344,83588.2875009014,3.00446293166938,658900.0
MAC,2019,55025172016.004,81882.6964523869,2.75193081051982,672000.0
MAC,2020,25280064167.7333,36883.6652578543,0.811410511491651,685400.0
MAC,2021,30633941629.3633,44884.8961602393,0.0264543647054126,682500.0
MAC,2022,24929307447.3237,36806.891255461,1.04502802369954,677300.0
MAC,2023,45626467279.891,67216.3631112124,0.476384495788075,678800.0
MAC,2024,49467258923.3244,72004.7437020733,1.22812404052816,687000.0
MAR,2015,110413823841.592,3146.24780273438,1.5579071134626,34607588.0
MAR,2016,111572947004.917,3140.85546875,1.63531114327064,35023457.0
MAR,2017,118540573367.844,3296.52661132813,0.754663249323619,35446392.0
MAR,2018,127341147581.818,3501.69799804688,1.80391671141896,35839760.0
MAR,2019,128920266409.458,3508.09765625,0.303386036590383,36210898.0
MAR,2020,121353645057.144,3268.0302734375,0.705968661338261,36584208.0
MAR,2021,142022058447.231,3785.93627929688,1.40195883962006,36954442.0
MAR,2022,131245312804.483,3463.1376953125,6.65704202759067,37329064.0
MAR,2023,146036093666.762,3813.72607421875,6.09114152504141,37712505.0
MAR,2024,160610994054.734,4153.1943359375,0.985256592004507,38081173.0
MDA,2015,7797667196.73087,2749.55137054338,9.67624033101867,2835978.0
MDA,2016,7980917075.7748,2847.08794770479,6.35930898037931,2803186.0
MDA,2017,9514404016.20949,3453.26727720294,6.57022997455597,2755189.0
MDA,2018,11252353420.8798,4156.44981956646,3.04505397337071,2707203.0
MDA,2019,11736797054.6965,4405.33418162155,4.83778351428734,2664224.0
MDA,2020,11530746234.4492,4375.7788930524,3.76597122245351,2635130.0
MDA,2021,13691869264.0794,5274.60582195352,5.10641129002841,2595809.0
MDA,2022,14525337523.7271,5744.29618434435,28.7372976766235,2528654.0
MDA,2023,16711906746.2133,6799.58594644576,13.4170104381299,2457783.0
MDA,2024,18200340853.6517,7576.19589413326,4.67773516007052,2402306.0
MDG,2015,11323020701.3017,445.320069480568,7.40419174202129,25426702.0
MDG,2016,11848613858.442,453.970714522463,6.03575858154679,26099952.0
MDG,2017,13176313593.5509,491.866848718929,8.60905075422949,26788375.0
MDG,2018,13760033282.2925,500.45718552916,8.59422958870476,27494926.0
MDG,2019,14104664678.5063,499.818837622534,5.61051441492365,28219554.0
MDG,2020,13051441203.9474,450.771615201509,4.20179312190557,28953556.0
MDG,2021,14354731964.3258,483.469463351195,5.81225118787715,29691083.0
MDG,2022,15325603272.6097,503.51453347296,8.16059031991844,30437261.0
MDG,2023,15869945477.8505,508.718427705591,9.87432675044888,31195932.0
MDG,2024,17420501490.1231,544.987501003384,7.40419174202129,31964956.0
MDV,2015,4129505319.12921,9644.90655028145,0.953206658777607,428154.0
MDV,2016,4409942623.85538,9947.80744731739,0.502509413611612,443308.0
MDV,2017,4816426256.52914,10509.628805812,2.81747338234509,458287.0
MDV,2018,5404344162.69888,11423.2838427029,-0.133373386117595,473099.0
MDV,2019,5726094799.37709,11740.2724029785,0.220029731065383,487731.0
MDV,2020,3712604583.36665,7393.8886543933,-1.36977425569811,502118.0
MDV,2021,5252457369.55218,10176.143882547,0.543149688737013,516154.0
MDV,2022,6177123352.26211,11786.0191492983,2.33314337624567,524106.0
MDV,2023,6621008703.95743,12587.6126038651,2.92746542425035,525994.0
MDV,2024,7061608267.25451,13379.3513577224,1.39979779674928,527799.0
MEX,2015,1213294467716.88,10021.2386118827,2.72064064964023,121072306.0
MEX,2016,1112233497452.7,9097.92397674769,2.8217078474766,122251351.0
MEX,2017,1190721475906.0,9649.27816772402,6.04145724018986,123400057.0
MEX,2018,1256300182879.73,10084.7937562021,4.89935015356551,124573711.0
MEX,2019,1304106203902.45,10369.5553585271,3.63596142127046,125762982.0
MEX,2020,1121064767308.42,8841.27075039868,3.39683415570006,126799054.0
MEX,2021,1316569466685.95,10314.0506722115,5.68920847683753,127648148.0
MEX,2022,1466934724293.06,11405.7940473759,7.8962761916855,128613117.0
MEX,2023,1798317581486.88,13860.9597809326,5.52796087314389,129739759.0
MEX,2024,1856365616165.94,14185.7812248529,4.72225588452932,130861007.0
MKD,2015,10064519962.5655,5262.68671928674,-0.299920475631552,1912430.0
MKD,2016,10672467073.2873,5598.48622617967,-0.23929078768441,1906313.0
MKD,2017,11307067069.6658,5955.2973863451,1.35161889677442,1898657.0
MKD,2018,12683068114.2388,6713.98925398989,1.45831298507117,1889051.0
MKD,2019,12606338448.547,6718.85826635458,0.766439573459716,1876262.0
MKD,2020,12361036913.8409,6659.59651070776,1.20007348888487,1856124.0
MKD,2021,14000283827.0154,7620.80296977508,3.23074912132919,1837114.0
MKD,2022,13932436550.0883,7606.2375253797,14.2047173195833,1831712.0
MKD,2023,15855131188.9092,8674.35846327485,9.36187249769016,1827816.0
MKD,2024,16951682245.4202,9291.85661671864,3.48974086026947,1824359.0
MLI,2015,15583181170.4105,838.11986940103,1.45069057605961,18593022.0
MLI,2016,16743796799.8329,872.468587171653,-1.79964707083386,19191289.0
MLI,2017,18308362040.0521,924.057531692284,1.75985742927165,19813011.0
MLI,2018,20368015381.2413,996.379292136901,0.299546507387843,20442030.0
MLI,2019,20477421884.5414,971.949318638092,-1.65826694846365,21068405.0
MLI,2020,20698560938.7775,953.242943290974,0.438088940320669,21713836.0
MLI,2021,22999245262.6719,1027.27345365357,3.92560283104277,22388630.0
MLI,2022,22539987718.7642,976.914116406452,9.62147608489064,23072640.0
MLI,2023,24813860598.5307,1043.9533853528,2.05880228274223,23769127.0
MLI,2024,26794747239.8805,1094.61949265799,3.2063986409966,24478595.0
MLT,2015,11340795042.0881,25529.6813337717,1.10054826378929,444220.0
MLT,2016,12025782834.1534,26459.0770929988,0.642702771527304,454505.0
MLT,2017,14161366724.1955,30317.2443175543,1.36435448150708,467106.0
MLT,2018,16153779510.9928,33382.2677499267,1.15782362451517,483903.0
MLT,2019,16337793530.7322,32421.9179752262,1.6420600176894,503912.0
MLT,2020,16404663226.4598,31823.4363934505,0.638544956776712,515490.0
MLT,2021,19739875611.4902,38096.8360735119,1.49789217934724,518150.0
MLT,2022,18928276162.4131,35638.8869457406,6.15375621933037,531113.0
MLT,2023,22610561526.1461,40905.8059585057,5.09396758978883,552747.0
MLT,2024,24971574502.4475,43898.5781808597,1.65079469283109,568847.0
MMR,2015,59607290408.4359,1166.73305547935,9.45417189526018,51089056.0
MMR,2016,63298361983.5653,1229.19713491328,6.92882525816076,51495696.0
MMR,2017,66053040475.0257,1272.82241815234,4.5725365531752,51894938.0
MMR,2018,67860515993.1186,1298.21310327675,6.87232865662935,52272247.0
MMR,2019,75065106243.3578,1425.98954241668,8.82506696804558,52640713.0
MMR,2020,79006113670.2831,1490.21683599469,6.92882525816076,53016522.0
MMR,2021,66345291149.4433,1242.7213439951,6.92882525816076,53387102.0
MMR,2022,62253049903.28,1158.05005055976,6.92882525816076,53756787.0
MMR,2023,66757619000.0,1233.19666209269,6.92882525816076,54133798.0
MMR,2024,74068349523.8095,1359.05001560107,6.92882525816076,54500091.0
MNE,2015,4010885990.83986,6421.00307345999,1.54869158222486,624651.0
MNE,2016,4357469330.46719,6968.01539365317,-0.271385023385176,625353.0
MNE,2017,4803962015.62122,7674.2813940676,2.3802359905313,625982.0
MNE,2018,5433467174.79183,8673.59128084795,2.611223782638,626438.0
MNE,2019,5483476883.4658,8749.02375172644,0.361563704540767,626753.0
MNE,2020,4723571497.76347,7538.53635992191,-0.255655699848551,626590.0
MNE,2021,5823715809.63286,9317.15520065156,2.41080198403165,625053.0
MNE,2022,6251215144.13471,10024.5435616209,13.0403036347004,623591.0
MNE,2023,7644389159.84471,12259.8775034436,8.58476910455403,623529.0
MNE,2024,8270016670.86774,13263.3281277699,3.33675009282281,623525.0
MNG,2015,11619892590.6941,3838.92126989984,5.73568281938327,3026864.0
MNG,2016,11181350649.3573,3619.90026383792,0.733272227314397,3088856.0
MNG,2017,11480847740.736,3645.96708669551,4.30143105302342,3148917.0
MNG,2018,13178094720.4986,4107.64288528468,6.82424790145522,3208189.0
MNG,2019,14206359017.5143,4347.54610314873,7.30106953550729,3267673.0
MNG,2020,13312981429.0891,4001.25193077703,3.7237230614026,3327204.0
MNG,2021,15286441737.6686,4517.61578018785,7.35894657888155,3383741.0
MNG,2022,17146471713.748,4993.51487463495,15.1509728200805,3433748.0
MNG,2023,20325121393.9074,5838.63108083902,10.347583131434,3481145.0
MNG,2024,23794540024.5132,6750.6301157724,6.20713301510303,3524788.0
MOZ,2015,16208985769.615,610.563774706589,3.55075967356746,26547572.0
MOZ,2016,12069051237.1711,441.489734819071,17.4180418197597,27337105.0
MOZ,2017,13264640645.7768,470.93856305196,15.1132073899384,28166393.0
MOZ,2018,15017358952.8452,517.507260258101,3.91133439990729,29018644.0
MOZ,2019,15512759046.672,519.09255091362,2.80270307928111,29884380.0
MOZ,2020,14235420174.1884,462.433876479921,3.48393567493204,30783688.0
MOZ,2021,16168055475.4449,509.907829475551,6.40847652975692,31707800.0
MOZ,2022,18883528581.3734,578.251663751351,10.2794018093421,32656246.0
MOZ,2023,20921079532.6094,622.000297682823,7.12697482131851,33635160.0
MOZ,2024,22745341305.0622,656.776824637306,4.07856834812022,34631766.0
MRT,2015,6166863896.68677,1554.94897871782,3.25472688117631,3965959.0
MRT,2016,6398747592.13185,1565.76575722696,1.47171045650004,4086657.0
MRT,2017,6800135898.28827,1615.00401327323,2.25427651934813,4210600.0
MRT,2018,7473550557.07378,1722.93528854073,3.06735996058356,4337685.0
MRT,2019,7894764885.82312,1767.072710621,2.30009262117937,4467708.0
MRT,2020,8260752385.23089,1795.76459566714,2.3856948845632,4600131.0
MRT,2021,9222536364.01272,1947.78918383313,3.56516484650185,4734874.0
MRT,2022,9557966698.25369,1960.35240077424,9.52526628622843,4875637.0
MRT,2023,10726838461.3987,2135.78187606359,4.95305034506872,5022441.0
MRT,2024,10908045686.8808,2110.12036938187,2.49164347481972,5169395.0
MUS,2015,12162211503.0793,9630.5437837507,1.28654970760232,1262879.0
MUS,2016,12757680846.5663,10095.1225574156,0.977675134718965,1263747.0
MUS,2017,13896938315.2799,10986.7034093005,3.66699702675925,1264887.0
MUS,2018,14957535715.9696,11818.7480619272,3.2160538314457,1265577.0
MUS,2019,14645235204.6176,11568.2533399824,0.405655190309553,1265985.0
MUS,2020,11566111137.5568,9135.84773751062,2.5808007718283,1266014.0
MUS,2021,11622048696.8129,9177.71195973013,4.02852888157376,1266334.0
MUS,2022,12936444123.3037,10246.5017455553,10.7737512242899,1262523.0
MUS,2023,14072212290.4596,11269.9684462139,7.05298238454736,1248647.0
MUS,2024,14937861786.17,11990.7798944837,3.6045220384796,1245779.0
MWI,2015,9219474379.31534,539.605363240686,21.8673475542553,17085587.0
MWI,2016,7909868618.46366,450.506105510719,21.7111132136499,17557739.0
MWI,2017,8943543793.5839,495.769683367165,11.5433939188771,18039715.0
MWI,2018,9879220354.29186,533.202567189331,12.420178108921,18528081.0
MWI,2019,11051852712.6142,580.889139762475,9.3708360560567,19025752.0
MWI,2020,11769313597.8545,602.507478176106,8.62551469650552,19533888.0
MWI,2021,12378119199.0839,617.446994451007,9.33014410835212,20047258.0
MWI,2022,12429059928.102,604.269740360317,20.953969729969,20568728.0
MWI,2023,13363669672.9405,633.214767978695,28.7897428247298,21104482.0
MWI,2024,11316411329.4619,522.570393642547,32.1796504225025,21655286.0
MYS,2015,301355266964.947,9648.6797937523,2.10438980238359,31232798.0
MYS,2016,301256033870.334,9476.53409809923,2.09056659525742,31789685.0
MYS,2017,319109094160.343,9862.54806612235,3.87120115774237,32355644.0
MYS,2018,358788845712.53,10901.8019954421,0.884709160571235,32910967.0
MYS,2019,365177721021.516,10920.191763972,0.662891865764326,33440596.0
MYS,2020,337456163961.211,9957.52626697613,-1.1387021539305,33889558.0
MYS,2021,373784553029.978,10903.1037480772,2.47710241465447,34282399.0
MYS,2022,407830525989.553,11754.5678336248,3.37869862549928,34695493.0
MYS,2023,399949418752.657,11386.0395636528,2.48886560125754,35126298.0
MYS,2024,422227005428.688,11874.4273684245,1.834100204499,35557673.0
NAM,2015,11335161083.5061,4774.10650865775,3.39401538410559,2374300.0
NAM,2016,10722018732.0936,4395.68776162376,6.72858234593338,2439213.0
NAM,2017,12895153370.9132,5143.96072323076,6.14579981111164,2506853.0
NAM,2018,13682019076.4022,5308.60813408705,4.29159105337875,2577327.0
NAM,2019,12541928303.48,4731.9210318831,3.72239414422695,2650494.0
NAM,2020,10583748541.5258,3878.58982993966,2.20938236933469,2728762.0
NAM,2021,12402486183.6396,4412.8355693052,3.61690530108814,2810548.0
NAM,2022,12569449123.3661,4349.79908493314,6.08128114112413,2889662.0
NAM,2023,12408271449.2244,4187.60500396525,5.87993463284275,2963095.0
NAM,2024,13372354511.716,4413.12752211572,4.23903922877036,3030131.0
NCL,2015,8738203074.3957,30858.7237060533,0.570508141048402,283168.0
NCL,2016,8724568954.89799,30782.8544433514,0.578317435520754,283423.0
NCL,2017,9174048681.98577,32354.7102832901,0.574412788284578,283546.0
NCL,2018,9896402283.68587,34902.8968780031,0.574412788284578,283541.0
NCL,2019,9475655324.59495,33411.3358835672,0.574412788284578,283606.0
NCL,2020,9454629467.91408,33270.330597637,0.574412788284578,284176.0
NCL,2021,10071349663.8484,35311.5543551452,0.574412788284578,285214.0
NCL,2022,9623318718.31459,33516.363085906,0.574412788284578,287123.0
NCL,2023,9769167530.35744,33701.8923322781,0.574412788284578,289870.0
NCL,2024,8548919387.12607,29213.1923192946,0.574412788284578,292639.0
NER,2015,9683867926.44282,485.662574175279,-0.576090369833189,19939498.0
NER,2016,10398861981.7583,502.706475406446,1.65388922387806,20685753.0
NER,2017,11185104251.6943,521.804130023434,2.79637318871284,21435446.0
NER,2018,12837307496.8821,578.568035680892,2.96760366004456,22188069.0
NER,2019,12889555561.2299,561.691304349698,-2.48979265070855,22947757.0
NER,2020,13744653103.058,579.512495758236,2.8981937602627,23717613.0
NER,2021,14915002436.069,608.722439593808,3.8378680284051,24502140.0
NER,2022,15433852712.2963,609.745147574878,4.22621791916392,25311973.0
NER,2023,16698786977.59,638.336080897887,3.70097316425834,26159867.0
NER,2024,19876128485.7857,735.270255787226,9.07151997725013,27032412.0
NGA,2015,493026682800.63,2585.73360671797,9.00943498007706,190671878.0
NGA,2016,404649125252.16,2070.4127339595,15.6968126387972,195443700.0
NGA,2017,375745731053.427,1876.34027111773,16.5022662139641,200254579.0
NGA,2018,421739251509.08,2057.87944554011,12.0951065173432,204938755.0
NGA,2019,668219992691.462,3189.81286498516,11.3964223378116,209485641.0
NGA,2020,598586817819.073,2797.18458068686,13.2460234276597,213996181.0
NGA,2021,609147716972.859,2787.48779224428,16.9528457221608,218529286.0
NGA,2022,646950257577.814,2899.16047470324,18.8471877843274,223150896.0
NGA,2023,487387801880.597,2138.76383719983,24.659550203114,227882945.0
NGA,2024,252261880141.151,1084.16041805436,33.2420966545406,232679478.0
NIC,2015,12756696261.0676,2074.45620634731,3.99737996694396,6149417.0
NIC,2016,13286093388.4752,2131.68704828322,3.52317317628473,6232666.0
NIC,2017,13785893007.4769,2182.61380995674,3.85067166284727,6316231.0
NIC,2018,13025221974.232,2035.16549390507,4.94723728039886,6400080.0
NIC,2019,12699023614.245,1958.62051528095,5.37628990844126,6483657.0
NIC,2020,12726422432.4868,1938.44704754382,3.68181341625572,6565267.0
NIC,2021,14209020361.8508,2138.38588469449,4.92841396948968,6644741.0
NIC,2022,15634572502.2294,2322.89053964583,10.4674244465991,6730654.0
NIC,2023,17805842283.8725,2609.44492072931,8.38765854872536,6823613.0
NIC,2024,19693982967.5926,2847.53966339498,4.62473841057141,6916140.0
NLD,2015,775743675302.734,45793.8135434697,0.600248147278776,16939923.0
NLD,2016,797163949289.885,46808.5291492503,0.316666666666743,17030314.0
NLD,2017,848233537845.884,49513.6817346384,1.38145871407206,17131296.0
NLD,2018,929733599796.862,53955.0770024266,1.7034979474447,17231624.0
NLD,2019,928903005576.469,53554.9007491475,2.63369910249601,17344874.0
NLD,2020,932560861701.17,53467.9277413737,1.27246037789161,17441500.0
NLD,2021,1054472123449.6,60141.9880911492,2.67572008805385,17533044.0
NLD,2022,1046540797548.64,59123.318556487,10.0012078753473,17700982.0
NLD,2023,1135475867551.0,63515.6030780019,3.83839354342808,17877117.0
NLD,2024,1214927698572.66,67520.4218956281,3.34754304219953,17993485.0
NOR,2015,388159512245.53,74809.9658049898,2.17113665389527,5188607.0
NOR,2016,370956547619.048,70867.3609970749,3.54999999999998,5234519.0
NOR,2017,401745275035.261,76131.8384032764,1.87510059552554,5276968.0
NOR,2018,439788625883.8,82792.8427113304,2.76483134528788,5311916.0
NOR,2019,408742840909.091,76430.5889473338,2.16773003305402,5347896.0
NOR,2020,367633418886.627,68340.0181033702,1.28658490708005,5379475.0
NOR,2021,503367986030.268,93072.8925119571,3.48388055266678,5408320.0
NOR,2022,596297651035.798,109269.520580298,5.76412317852272,5457127.0
NOR,2023,482949731776.587,87497.2179649556,5.51784987104659,5519601.0
NOR,2024,483592648313.301,86785.4334489176,3.14530134431073,5572279.0
NPL,2015,24360801286.7638,875.543635474862,7.86890895590891,27823629.0
NPL,2016,24524109483.5293,877.256454696737,8.7903433200464,27955462.0
NPL,2017,28971588940.364,1034.28374906846,2.77703998300211,28011258.0
NPL,2018,33111525237.149,1179.19843190389,4.40659410175714,28079689.0
NPL,2019,34186180699.0255,1203.14294706401,5.56616035243723,28414064.0
NPL,2020,33433659301.2466,1154.21517578318,5.05635826238499,28966574.0
NPL,2021,36924841394.2605,1252.75076731986,4.12676744440695,29475010.0
NPL,2022,41182939600.6209,1385.91066274851,7.6702057938028,29715436.0
NPL,2023,41047772331.0994,1382.33055769304,7.11587261530826,29694614.0
NPL,2024,42914268286.7109,1447.31004458428,4.6850965426577,29651054.0
NZL,2015,178224167087.99,38665.3723018158,0.292704628136101,4609400.0
NZL,2016,189100085275.23,40113.7195382428,0.646240284454524,4714100.0
NZL,2017,206745969246.073,42950.3841711138,1.85078767452536,4813600.0
NZL,2018,211985631173.205,43257.0769238879,1.59829703801696,4900600.0
NZL,2019,213006341101.869,42855.831861632,1.61963190184048,4970300.0
NZL,2020,213029554653.687,41997.7830324279,1.71456170007245,5072400.0
NZL,2021,253977931814.967,49950.4251691316,3.94112060778728,5084600.0
NZL,2022,249509991440.438,49099.7090423358,7.17222476016441,5081700.0
NZL,2023,255194972673.122,49075.9562832927,5.73316283034957,5200000.0
NZL,2024,260172385097.616,49205.1792146792,2.92279782301957,5287500.0
OMN,2015,78710793237.9714,18808.3077921839,0.0652901330286599,4184895.0
OMN,2016,75128738621.5865,17110.1897460545,1.10920805807027,4390877.0
OMN,2017,80856697009.1027,17820.0661809335,1.58909413567799,4537396.0
OMN,2018,91505851755.5267,19901.7615642016,0.889312370970404,4597877.0
OMN,2019,88060858257.4772,19180.1864152801,0.490815362820671,4591241.0
OMN,2020,75909492847.8544,16784.8630630058,-0.40640291946585,4522497.0
OMN,2021,87323797139.1417,19403.4600160211,1.68221185876085,4500424.0
OMN,2022,109852795838.752,23223.5829405935,2.5061425061425,4730226.0
OMN,2023,106174708036.51,21027.7384778886,0.950782997762827,5049269.0
OMN,2024,107137198769.386,20285.2272897377,0.593589236248469,5281538.0
OSS,2015,121433707011.691,10359.1182462574,0.953206658777607,11722398.0
OSS,2016,128159325016.122,10813.3826960431,0.642702771527304,11851918.0
OSS,2017,143284613956.474,11950.9740553004,1.76041559180596,11989367.0
OSS,2018,158073876709.73,13025.990833966,2.611223782638,12135267.0
OSS,2019,158530142448.216,12907.6162560274,1.6420600176894,12281907.0
OSS,2020,146157676838.952,11770.4564127379,0.712593443137932,12417333.0
OSS,2021,172038213758.242,13717.0894877353,2.4284453278932,12541889.0
OSS,2022,181859538439.061,14320.7706776288,7.46811935414937,12699005.0
OSS,2023,196615944595.18,15334.1046502228,5.51293808804143,12822134.0
OSS,2024,208127281931.64,16094.1266173126,2.06969770479834,12931878.0
PAK,2015,299963590534.773,1380.47020838317,2.52932817254229,217290883.0
PAK,2016,313630000130.435,1424.69161195897,3.7651191635658,220138869.0
PAK,2017,339205534861.1,1519.23459514248,4.08537368032608,223273967.0
PAK,2018,356128166704.921,1569.33814626355,5.07805725868917,226928892.0
PAK,2019,320909472770.669,1390.41690981745,10.5783618004555,230800899.0
PAK,2020,300425609817.981,1278.39735206896,9.73999313898155,235001746.0
PAK,2021,348516647445.148,1455.31922370186,9.49621056124947,239477801.0
PAK,2022,374890295666.694,1538.3228133171,19.8738599646655,243700667.0
PAK,2023,336686348609.266,1360.32417758419,30.7681280657005,247504495.0
PAK,2024,371570000121.266,1478.77277977996,12.6325318530452,251269164.0
PAN,2015,55767806073.1781,14082.6548434996,0.137492058461504,3960035.0
PAN,2016,59760858717.8359,14832.3611652459,0.739734025300033,4029086.0
PAN,2017,64327688826.3137,15694.6297518495,0.875585918759878,4098707.0
PAN,2018,67316471181.2488,16151.3273433486,0.761578359399944,4167860.0
PAN,2019,69778991192.5571,16477.9066268111,-0.355083821021245,4234700.0
PAN,2020,57059846521.5327,13290.5608397749,-1.5502754080376,4293261.0
PAN,2021,67396392506.2378,15509.8069124139,1.63070337301898,4345405.0
PAN,2022,76479304470.9375,17378.6070017557,2.85965128834711,4400773.0
PAN,2023,83812155244.3352,18797.1933994045,1.48641355277038,4458759.0
PAN,2024,86523959131.7472,19161.2188501596,0.693225551004538,4515577.0
PER,2015,189802976285.619,6231.71150338894,3.39809194746308,30457600.0
PER,2016,191898104390.379,6217.03599995447,3.55717663556279,30866494.0
PER,2017,211007984080.911,6736.16693725487,2.99490045809443,31324637.0
PER,2018,222597009739.235,6978.49121548627,1.50915423024742,31897584.0
PER,2019,228346006003.648,7037.00803692604,2.25212191358027,32449303.0
PER,2020,201409694755.934,6133.32552410183,2.00241205759292,32838579.0
PER,2021,226328766459.634,6826.20255614477,4.27166381536798,33155882.0
PER,2022,246065570308.155,7350.63034300417,8.33370630096231,33475438.0
PER,2023,266958720837.988,7887.54185920108,6.45561348369586,33845617.0
PER,2024,289221969062.941,8452.37167056621,2.00770739412712,34217848.0
PHL,2015,306445871242.322,2909.85818010301,0.674192536845408,105312992.0
PHL,2016,318627003016.731,2985.19564024046,1.25369880080982,106735719.0
PHL,2017,328480736802.76,3038.12124959289,2.85318772590947,108119693.0
PHL,2018,346841896587.313,3168.51036609727,5.30934661627707,109465287.0
PHL,2019,376823402239.136,3400.78949767074,2.39206534422404,110804683.0
PHL,2020,361751145451.597,3227.57910235199,2.3931623931624,112081264.0
PHL,2021,394087359848.11,3484.38593882819,3.92718022100332,113100950.0
PHL,2022,404353369604.631,3548.06930572116,5.82115811213955,113964338.0
PHL,2023,437055627244.424,3804.08274131097,5.97802515541409,114891199.0
PHL,2024,461617509782.355,3984.8315387656,3.21260487006347,115843670.0
PLW,2015,287057525.634766,16154.0532152373,0.949040643697081,17770.0
PLW,2016,305227020.263672,17150.4759377239,-1.04230533415074,17797.0
PLW,2017,292148590.087891,16401.7847567871,1.4179881966692,17812.0
PLW,2018,287998352.050781,16166.9671073752,2.10970464135017,17814.0
PLW,2019,282041290.283203,15846.7968470167,0.26737967914444,17798.0
PLW,2020,261688507.080078,14708.2119536914,0.218181818181833,17792.0
PLW,2021,231343460.083008,13009.2481630213,2.6124818577648,17783.0
PLW,2022,243826812.744141,13729.7602761496,12.3526638378124,17759.0
PLW,2023,276733062.744141,15610.8231931032,12.8199748216534,17727.0
PLW,2024,282041290.283203,15846.7968470167,2.23172772921704,17695.0
PNG,2015,21723437010.0982,2484.5963398603,5.99595778127107,8743246.0
PNG,2016,20758876952.6232,2316.39479758492,6.6737288135593,8961718.0
PNG,2017,22742699138.356,2477.76530986323,5.42204568023834,9178714.0
PNG,2018,24109780708.0268,2566.36833735041,4.37448921453162,9394513.0
PNG,2019,24750626029.8777,2575.77274140393,3.92867290939597,9609010.0
PNG,2020,23848447849.6081,2429.61134585269,4.87167398565555,9815746.0
PNG,2021,26109413521.3117,2607.57861874444,4.48359014042398,10012896.0
PNG,2022,31653185952.609,3102.28968594061,5.25323922215241,10203169.0
PNG,2023,30816367066.9594,2966.06830432055,2.29869991296791,10389635.0
PNG,2024,31800428265.5246,3006.70564478923,0.602403921107917,10576502.0
POL,2015,480054118583.367,12637.5220324406,-0.87412587412577,37986412.0
POL,2016,473259583969.643,12464.0110508476,-0.664767331433961,37970087.0
POL,2017,528356676667.211,13913.3402919927,2.0759355367385,37974826.0
POL,2018,594616687350.017,15658.2120316794,1.81295156542679,37974750.0
POL,2019,602683770144.88,15874.5220531254,2.227478809383,37965475.0
POL,2020,605914237903.742,16150.9304813473,3.37446972618589,37515748.0
POL,2021,689170230665.35,18635.5104895754,5.05502704719272,36981559.0
POL,2022,695607470875.276,18891.2121169279,14.4294507575758,36821749.0
POL,2023,812451193396.143,22145.2660647429,11.5289127961105,36687353.0
POL,2024,917767106146.761,25103.565661423,3.7842600751287,36559233.0
PRT,2015,199038523119.639,19215.7813014347,0.48793862390472,10358076.0
PRT,2016,206305431241.638,19980.2808866516,0.607397074641719,10325452.0
PRT,2017,220862990767.229,21442.3842768879,1.36861411643472,10300300.0
PRT,2018,242092894542.888,23541.1401075289,0.993715683468326,10283822.0
PRT,2019,240115970063.019,23343.3628970034,0.338178410046034,10286263.0
PRT,2020,229618773422.577,22299.4044062173,-0.0124383299575305,10297081.0
PRT,2021,256055879091.139,24711.4510062111,1.26565719069044,10361831.0
PRT,2022,256898677175.024,24620.5197587181,7.83269124233323,10434332.0
PRT,2023,292323800948.839,27634.6183139773,4.31128191898672,10578174.0
PRT,2024,313271185085.102,29292.242104753,2.41613187791884,10694681.0
PRY,2015,36211447840.1027,5879.33792308762,3.12900274473925,6159103.0
PRY,2016,36089700222.9546,5775.15963399596,4.08682280577241,6249126.0
PRY,2017,38997129473.5613,6152.2671153779,3.60247741348943,6338660.0
PRY,2018,40225448340.6341,6258.44991640984,3.97561015740694,6427382.0
PRY,2019,37925338329.156,5821.18199548738,2.75709727562775,6515058.0
PRY,2020,35432178068.1756,5365.47220721104,1.76751592356698,6603739.0
PRY,2021,39950899938.7474,5976.93179789949,4.787983101236,6684182.0
PRY,2022,41952910858.0846,6205.62595379319,9.76556667164402,6760464.0
PRY,2023,43118053174.5461,6299.99026533713,4.63202285403356,6844146.0
PRY,2024,44458118397.4445,6416.09708970845,3.83540271728533,6929153.0
PSE,2015,13972400000.0,3272.15432360708,1.43161145810476,4270092.0
PSE,2016,15405400000.0,3527.61382413178,-0.219106604907316,4367088.0
PSE,2017,16128000000.0,3620.36048715937,0.212570934228881,4454805.0
PSE,2018,16276600000.0,3562.33094270256,-0.195107773730735,4569087.0
PSE,2019,17133500000.0,3656.85827137011,1.58018333639455,4685306.0
PSE,2020,15531700000.0,3233.56863835858,-0.735332001092191,4803269.0
PSE,2021,18109000000.0,3678.63565662194,1.23748102831369,4922749.0
PSE,2022,19165500000.0,3799.95527015163,3.74122391852077,5043612.0
PSE,2023,17847900000.0,3455.02852911712,5.87110177678988,5165775.0
PSE,2024,13711100000.0,2592.30591217647,53.6691458303782,5289152.0
QAT,2015,161739835164.835,68985.2433380102,1.8140772393776,2344557.0
QAT,2016,151732142857.143,61253.6217997091,2.6765917009819,2477113.0
QAT,2017,161099175824.176,63279.8767486216,0.394878914083005,2545820.0
QAT,2018,183335164835.165,71039.9308240078,0.255815382724408,2580734.0
QAT,2019,176371428571.429,66841.3623185691,-0.666641124861147,2638657.0
QAT,2020,144411538461.538,51683.5681078949,-2.5403150300476,2794148.0
QAT,2021,179732142857.143,71751.9363398856,2.30446565742003,2504910.0
QAT,2022,235709340659.341,88701.4689763536,4.99527553740761,2657333.0
QAT,2023,217308516483.516,81816.9797967481,3.02764899198902,2656032.0
QAT,2024,219162637362.637,76688.6941743178,1.26734310292375,2857822.0
ROU,2015,177885131240.315,8977.01748158196,-0.594156437495203,19815616.0
ROU,2016,185290759248.844,9404.54005870715,-1.54479666813897,19702267.0
ROU,2017,210147385855.419,10727.9822007426,1.3390212110439,19588715.0
ROU,2018,241791427223.903,12416.134317959,4.62548443137779,19473970.0
ROU,2019,250080428511.595,12909.6104013244,3.82785432599438,19371648.0
ROU,2020,250625048303.578,13009.1770573223,2.63107311184743,19265250.0
ROU,2021,285071280114.469,14907.9803652143,5.05232876096582,19122059.0
ROU,2022,295319437556.988,15503.551804598,13.7954887432521,19048502.0
ROU,2023,347757995758.914,18244.4186876321,10.3971874764996,19061062.0
ROU,2024,382564217988.866,20080.2096215595,5.72140574354439,19051804.0
RUS,2015,1363482182197.71,9277.7138671875,15.5343959935701,144640716.0
RUS,2016,1276786350881.14,8663.158203125,7.04243725413707,145015460.0
RUS,2017,1574199360089.0,10658.9130859375,3.68333072334495,145293260.0
RUS,2018,1657328773461.31,11211.8876953125,2.87831382614981,145398106.0
RUS,2019,1693115002708.32,11447.701171875,4.47202631837903,145453291.0
RUS,2020,1493075894362.14,10108.3271484375,3.38219796948068,145245148.0
RUS,2021,1829186719575.1,12425.029296875,6.69445891957612,144746762.0
RUS,2022,2291612121334.64,15619.6142578125,13.7436797398232,144236933.0
RUS,2023,2071505725030.58,14159.3876953125,5.86571931748967,143826130.0
RUS,2024,2173835806671.66,14889.0185546875,8.43486410496723,143533851.0
RWA,2015,8543760199.80208,733.998629882494,2.52850284192421,11640022.0
RWA,2016,8695272057.91798,729.519133812945,7.17434301982009,11919183.0
RWA,2017,9252833891.40871,758.300966509647,8.27953672260832,12202060.0
RWA,2018,9637904520.86283,771.773511207309,-0.311210160390699,12487996.0
RWA,2019,10349300276.7623,810.051412137354,3.34787655037648,12776103.0
RWA,2020,10174386856.6101,778.701498925026,9.85039902274207,13065837.0
RWA,2021,11078787090.1564,829.544845263697,-0.391346748300791,13355260.0
RWA,2022,13316161002.3912,975.469323735369,17.6892095588153,13651030.0
RWA,2023,14331722703.4134,1027.03446826565,19.789546746467,13954471.0
RWA,2024,14251642235.0968,999.65456165547,1.77029240198635,14256567.0
SAU,2015,693414400000.0,23256.1549553531,1.22269318552337,29816382.0
SAU,2016,689279466666.667,22267.7217050387,2.05347076823965,30954198.0
SAU,2017,741266133333.333,23929.2907135982,-0.834845735027246,30977355.0
SAU,2018,886564800000.0,29360.0658968566,2.46594308994843,30196281.0
SAU,2019,888890133333.333,29566.7933827436,-1.1929864453332,30063799.0
SAU,2020,767951200000.0,24338.8307301067,3.37234961012303,31552510.0
SAU,2021,982661066666.667,31920.7653655643,3.06328988941548,30784383.0
SAU,2022,1239075200000.0,38510.2276211037,2.47407371925372,32175224.0
SAU,2023,1218584533333.33,36156.848337701,2.32708518362699,33702731.0
SAU,2024,1239804533333.33,35121.6628687742,1.68792112375809,35300280.0
SDN,2015,51726758676.7677,1292.37963867188,16.9095706050977,40024431.0
SDN,2016,42630376000.0,1033.21594238281,17.750253831196,41259892.0
SDN,2017,41283617976.1905,966.505676269531,32.3516260968437,42714306.0
SDN,2018,32333780383.2924,731.027465820313,63.2925073455888,44230596.0
SDN,2019,32338079165.2893,709.975280761719,50.9940515002965,45548175.0
SDN,2020,27034593750.0,577.795227050781,163.257782355458,46789231.0
SDN,2021,34229513774.9936,712.122009277344,359.093040778999,48066924.0
SDN,2022,51666875363.0963,1046.24084472656,138.80846024176,49383346.0
SDN,2023,39898289820.7951,797.283447265625,57.143279422942655,50042791.0
SDN,2024,49672435513.1126,984.607666015625,57.143279422942655,50448963.0
SEN,2015,17774766696.1759,1218.00613555438,0.135211933635165,14593331.0
SEN,2016,19040312333.1864,1266.43957151587,0.837284942557434,15034521.0
SEN,2017,20996562943.5979,1356.80518449031,1.31815314847789,15475002.0
SEN,2018,23116701556.1381,1452.55612562445,0.460985642464188,15914498.0
SEN,2019,23403995992.1354,1431.18128932159,1.76011151192939,16352922.0
SEN,2020,24530513037.7518,1461.08720350553,2.54314685681662,16789219.0
SEN,2021,27520784129.7508,1598.10676952274,2.18032278088147,17220867.0
SEN,2022,27783332222.6759,1574.0281059306,9.69681899081073,17651103.0
SEN,2023,30696331295.7826,1698.03387300843,5.93947798773215,18077573.0
SEN,2024,32808056600.9436,1773.21829923448,0.804503298792438,18501984.0
SGP,2015,307998545269.398,55645.6068614606,-0.521975611895763,5535002.0
SGP,2016,319646468521.497,57005.5887176547,-0.529809760375464,5607283.0
SGP,2017,343673334902.33,61236.251270627,0.576763191179996,5612253.0
SGP,2018,377123710560.614,66881.6067035265,0.438784215129623,5638676.0
SGP,2019,376161998830.048,65952.0378959293,0.567829988405447,5703569.0
SGP,2020,349165858544.568,61410.0792630788,-0.172111865925382,5685807.0
SGP,2021,436591382250.464,80056.1288247844,2.31610315765146,5453566.0
SGP,2022,509017841146.557,90299.0694637269,6.13095418919732,5637022.0
SGP,2023,505439514078.019,85412.230345235,4.83372362825798,5917648.0
SGP,2024,547386645891.847,90674.066632628,2.38951123595017,6036860.0
SLB,2015,1307908813.59962,2045.47721526649,-0.57446928635949,639415.0
SLB,2016,1379486290.71433,2082.62383124213,0.512485626268792,662379.0
SLB,2017,1469790526.3972,2143.57670489272,0.488686760261083,685672.0
SLB,2018,1615473250.25259,2278.19908624102,3.46147484973729,709101.0
SLB,2019,1619150563.92084,2223.65890942466,1.63485544012247,728147.0
SLB,2020,1536143427.82958,2063.32780991967,2.96354992076065,744498.0
SLB,2021,1558312103.84225,2043.44413170658,-0.115437894412839,762591.0
SLB,2022,1466670929.62333,1877.78104490956,5.51812928576938,781066.0
SLB,2023,1506124566.40404,1882.64394148042,5.88585897042164,800005.0
SLB,2024,1583964703.75061,1933.55538435227,4.32183948388033,819198.0
SLE,2015,6788352974.78329,964.575980888989,6.68943562498681,7037655.0
SLE,2016,6084297211.10217,844.416411175476,10.8860609413903,7205328.0
SLE,2017,5749846528.48046,779.186007841728,18.2215094003386,7379299.0
SLE,2018,6390514688.52816,845.914540460932,16.0295447693699,7554563.0
SLE,2019,6523577594.29408,843.712517809977,14.8049990906021,7731991.0
SLE,2020,6688307703.1447,845.277557920549,13.4468711101052,7912558.0
SLE,2021,7166931485.49433,885.396401885395,11.8739588840234,8094602.0
SLE,2022,7121125277.52542,860.371067916096,27.2082883814653,8276807.0
SLE,2023,6415852766.73832,758.329137378248,47.6428733253179,8460512.0
SLE,2024,6971127235.3123,806.654650417726,28.6337500014115,8642022.0
SLV,2015,23438240000.0,3790.34089108162,-0.731384487387957,6183676.0
SLV,2016,24191430000.0,3901.34014965811,0.60404908699661,6200800.0
SLV,2017,24979190000.0,4020.12671373919,1.0123540331558,6213533.0
SLV,2018,26020850000.0,4183.54620971358,1.09033000581892,6219807.0
SLV,2019,26881140000.0,4320.11671534627,0.0753241350024612,6222318.0
SLV,2020,24921190000.0,3997.19279583709,-0.371590212324095,6234673.0
SLV,2021,29043140000.0,4642.60743101342,3.46692585313082,6255782.0
SLV,2022,31870120000.0,5074.60210221806,7.19861615609867,6280319.0
SLV,2023,33853940000.0,5365.44491399171,4.04554694222477,6309624.0
SLV,2024,35364960000.0,5579.65969165029,0.853782292567288,6338193.0
SMR,2015,1419401070.56043,43146.8240435428,0.145686073241066,32897.0
SMR,2016,1468343139.74326,44359.4797662688,0.644075340346552,33101.0
SMR,2017,1528620346.31168,45192.0279766943,1.01413313194508,33825.0
SMR,2018,1655353653.05934,47950.6880557136,1.16333522293158,34522.0
SMR,2019,1616340692.28937,46630.1443120725,0.472651967352852,34663.0
SMR,2020,1541248248.80727,44326.9556746411,-0.133368898372915,34770.0
SMR,2021,1855652786.18368,54176.4798021628,1.61551411551421,34252.0
SMR,2022,1829211863.9476,54190.8417700372,5.32545321311365,33755.0
SMR,2023,2027527227.831,59879.7173015651,5.93190858629403,33860.0
SMR,2024,1616340692.28937,46630.1443120725,1.24216507945569,33977.0
SRB,2015,41297410634.9586,5820.3215576888,1.39235822000187,7095383.0
SRB,2016,42225495909.5633,5982.37030126471,1.12231397417769,7058322.0
SRB,2017,45972834713.8077,6548.03653824187,3.13106248590115,7020858.0
SRB,2018,52787520248.9242,7559.86165747394,1.95984076293801,6982604.0
SRB,2019,53864693664.5568,7755.632986437,1.84922984511086,6945235.0
SRB,2020,55874017668.998,8098.70955668849,1.57553290083415,6899126.0
SRB,2021,66159884072.5308,9680.52798074468,4.08510285335102,6834326.0
SRB,2022,66809895701.2152,10024.8191112596,11.9815117344703,6664449.0
SRB,2023,81343999280.0179,12281.707946167,12.3719043552519,6623183.0
SRB,2024,90097765959.1114,13679.2065983557,4.6705297488997,6586476.0
SSD,2015,11997800760.2242,1080.14718624765,52.7663304192143,11107561.0
SSD,2016,11997800760.2242,1080.14718624765,379.999585624026,10830102.0
SSD,2017,11997800760.2242,1080.14718624765,187.851630279442,10259154.0
SSD,2018,11997800760.2242,1080.14718624765,83.5015294922,10122977.0
SSD,2019,11997800760.2242,1080.14718624765,87.2413641500032,10423384.0
SSD,2020,11997800760.2242,1080.14718624765,29.6758435538572,10698467.0
SSD,2021,11997800760.2242,1080.14718624765,10.5167158294358,10865780.0
SSD,2022,11997800760.2242,1080.14718624765,-6.68732094212668,11021177.0
SSD,2023,11997800760.2242,1080.14718624765,2.38280434813754,11483374.0
SSD,2024,11997800760.2242,1080.14718624765,91.4408220769046,11943408.0
SST,2015,193084726298.623,10446.850341907,0.552796026277853,18482578.0
SST,2016,195788612860.018,10486.2161094903,0.644075340346552,18671045.0
SST,2017,213265208434.292,11304.5050810878,1.74989677484705,18865506.0
SST,2018,230122099257.831,12057.788581183,2.13062774274025,19084934.0
SST,2019,231340439109.049,11990.4670996465,1.30544966502392,19293697.0
SST,2020,208801767982.779,10723.093901861,0.598986330824643,19472157.0
SST,2021,244179271151.622,12428.6087674544,2.41070312174393,19646549.0
SST,2022,270716089069.618,13636.4661190787,6.15375621933037,19852364.0
SST,2023,287374900231.333,14346.3202783396,5.08677483158112,20031262.0
SST,2024,310642066645.912,15383.3425638674,2.45545072159028,20193405.0
STP,2015,259999643.047388,1298.10946596396,5.24587835022454,200291.0
STP,2016,292267272.196925,1434.87018050521,5.43051966119156,203689.0
STP,2017,322002845.229335,1555.79477812888,5.6902961992902,206970.0
STP,2018,383717327.830508,1825.59971753966,7.86859628873909,210187.0
STP,2019,412976082.620705,1935.2931816596,7.72024525213248,213392.0
STP,2020,471229484.607144,2167.22001796925,9.81932791540146,217435.0
STP,2021,524402455.54816,2362.58827248102,8.13777038378732,221961.0
STP,2022,540809499.189348,2389.73729784737,18.0056351122841,226305.0
STP,2023,690456806.696406,2990.6606143535,21.2589138473,230871.0
STP,2024,822154621.088897,3490.56883486557,14.3519273571008,235536.0
SUR,2015,5126237646.22072,8813.61705392067,6.89390359168238,581627.0
SUR,2016,3317421648.09918,5644.2061057532,55.4123879763196,587757.0
SUR,2017,3591679430.99988,6049.52128553675,21.9969430173304,593713.0
SUR,2018,3996198866.57453,6665.74180472239,43.238550134582056,599513.0
SUR,2019,4016040575.08796,6629.66775248603,43.238550134582056,605768.0
SUR,2020,2911807496.20227,4755.39221710693,34.889784309078,612317.0
SUR,2021,3107923197.96954,5029.84838543953,59.1196626251977,617896.0
SUR,2022,3791603200.0259,6084.43876736445,52.446027276241,623164.0
SUR,2023,3472693412.08497,5521.97602122638,51.5873159600861,628886.0
SUR,2024,4416775112.09627,6961.78955961526,16.2296159130279,634431.0
SVK,2015,89178548717.3324,16442.0760860018,-0.325219777427673,5423801.0
SVK,2016,90347173228.6356,16636.0769133073,-0.520010196278266,5430798.0
SVK,2017,95978130734.9766,17645.5298716761,1.31194588223228,5439232.0
SVK,2018,106611673364.837,19573.3717031314,2.51403712883812,5446771.0
SVK,2019,105843498304.094,19406.0589683582,2.66456133425431,5454147.0
SVK,2020,107732602896.441,19735.4858280801,1.93694126694223,5458827.0
SVK,2021,120511265913.343,22123.3342114545,3.14960629921268,5447247.0
SVK,2022,115792972358.209,21317.7943982363,12.7741463637611,5431752.0
SVK,2023,133578518423.544,24614.8734642794,10.5319476645211,5426740.0
SVK,2024,140934076532.375,25992.6748502048,2.75760909424272,5422069.0
SVN,2015,42709468274.8137,20697.2748530619,-0.525552285820877,2063531.0
SVN,2016,44290685824.0682,21447.8377796036,-0.054999541670474,2065042.0
SVN,2017,48153200134.6613,23303.077705959,1.42910743319306,2066388.0
SVN,2018,53689067639.9176,25888.0481065655,1.7386086198818,2073894.0
SVN,2019,53909922735.545,25814.1687167572,1.63052260754344,2088385.0
SVN,2020,53384760135.1581,25392.0651093612,-0.05485681576061,2102419.0
SVN,2021,61540813361.8556,29192.8401933019,1.91706506089259,2108079.0
SVN,2022,59899117741.0022,28360.3041467268,8.83369886749452,2112076.0
SVN,2023,69255264238.3855,32660.4753581346,7.44687717385838,2120461.0
SVN,2024,72972015197.3859,34301.0318686594,1.96562656432512,2127400.0
SWE,2015,501602351911.6,51188.1652120493,-0.0467847449832812,9799186.0
SWE,2016,513058312950.939,51703.5088332851,0.984269244577992,9923085.0
SWE,2017,535172356784.769,53210.2233318965,1.79449904665589,10057698.0
SWE,2018,549649344043.182,54018.4554391861,1.95353530127028,10175214.0
SWE,2019,530894124494.418,51648.9892820514,1.78415097403835,10278887.0
SWE,2020,544265668451.678,52568.5726980146,0.497367318853572,10353442.0
SWE,2021,631693331300.776,60647.5416365347,2.16319736447153,10415811.0
SWE,2022,575071237640.921,54836.8907235124,8.36929098869189,10486941.0
SWE,2023,578990915246.07,54950.2834725622,8.54862489748902,10536632.0
SWE,2024,603715224265.798,57117.4877440616,2.83581658224034,10569709.0
SWZ,2015,3908217914.21824,3419.82276559528,4.95124493704919,1142813.0
SWZ,2016,3722306116.72872,3238.17611961364,7.8472745908568,1149507.0
SWZ,2017,4462640651.49219,3853.09956569679,6.22137528933118,1158195.0
SWZ,2018,4643751059.28203,3972.65450620357,4.81506167461513,1168929.0
SWZ,2019,4617018958.69086,3913.14577547336,2.59801620311077,1179874.0
SWZ,2020,4134677809.50096,3466.56936278145,4.95124493704919,1192729.0
SWZ,2021,4807069277.20114,3984.00229174306,4.95124493704919,1206593.0
SWZ,2022,4746660273.50829,3894.1620089869,4.95124493704919,1218917.0
SWZ,2023,4621191261.84214,3755.52111232464,4.95124493704919,1230506.0
SWZ,2024,4858885840.77236,3909.55892378182,4.95124493704919,1242822.0
SXM,2015,1417888715.0838,37839.6283815163,0.330027165141066,37471.0
SXM,2016,1427017206.70391,37308.6147795736,0.111682655737579,38249.0
SXM,2017,1353212122.90503,34701.3058494468,2.19201010962985,38996.0
SXM,2018,1259200446.92737,31708.3110124742,0.330027165141066,39712.0
SXM,2019,1407880446.92737,34861.469528968,0.330027165141066,40385.0
SXM,2020,1236428100.55866,30150.8998380477,0.330027165141066,41008.0
SXM,2021,1353071061.45251,32548.4366854902,0.330027165141066,41571.0
SXM,2022,1592564639.32961,37793.1284399157,0.330027165141066,42139.0
SXM,2023,1686525953.05006,39451.8223361963,0.330027165141066,42749.0
SXM,2024,1797836665.95136,41472.5874498583,0.330027165141066,43350.0
SYC,2015,1432403352.12944,15333.1051727105,4.04194410725617,93419.0
SYC,2016,1568513348.14463,16566.9946042294,-1.01548191697626,94677.0
SYC,2017,1675370641.01416,17480.3651911372,2.85679575568437,95843.0
SYC,2018,1784313926.76807,18440.2340460932,3.70291839111568,96762.0
SYC,2019,1868690096.73454,19141.5118743615,1.80709400809982,97625.0
SYC,2020,1382551751.56908,14041.4754074575,1.20266463987123,98462.0
SYC,2021,1487173794.80528,14982.9111487767,9.76909936973542,99258.0
SYC,2022,2018346588.73752,16836.6721895387,2.6260363285129,119878.0
SYC,2023,2187379754.66167,18262.7115849287,-1.03530088431952,119773.0
SYC,2024,2167239562.46013,17858.8226383978,0.311726050919668,121354.0
SYR,2015,16466863117.0009,847.731631942565,38.4611429599733,19424618.0
SYR,2016,12597854877.4254,656.3490586313,47.7051615298923,19193834.0
SYR,2017,16369843352.3453,851.502005254153,18.0752696281771,19224668.0
SYR,2018,21497782867.6426,1098.0668642357,0.940983843906769,19577845.0
SYR,2019,22583045060.0821,1109.53926036049,13.4175653228571,20353534.0
SYR,2020,12047752036.091,572.355289831901,18.0752696281771,21049429.0
SYR,2021,14353205678.4991,663.614245706815,18.0752696281771,21628839.0
SYR,2022,23622827079.5047,1051.67149587463,18.0752696281771,22462173.0
SYR,2023,16418353234.6731,849.616818598359,18.0752696281771,23594623.0
SYR,2024,16418353234.6731,849.616818598359,18.0752696281771,24672760.0
TCD,2015,14559599499.5011,993.990730610869,4.37712665065654,14647621.0
TCD,2016,13026289835.7789,861.831767630746,-0.792440525236102,15114655.0
TCD,2017,13349041408.7152,854.46120040098,-1.5370996298084,15622759.0
TCD,2018,15327000248.8701,948.656629871231,4.27462198610545,16156531.0
TCD,2019,14905517742.8454,893.336441643325,-0.971939175419401,16685223.0
TCD,2020,14932897821.2387,866.947814890409,4.46414437232861,17224679.0
TCD,2021,16871937697.5854,946.358500208374,-0.77284437035914,17828273.0
TCD,2022,17828508289.6049,966.036468278568,5.78802687843616,18455316.0
TCD,2023,18340233748.8805,949.333453674592,10.8363568399843,19319064.0
TCD,2024,19518819751.283,961.55975562506,8.89950732263754,20299123.0
TEA,2015,13532272043462.5,6664.48834577557,1.08648629940414,2030504270.0
TEA,2016,13827151057380.2,6758.74365728701,1.75711158908291,2045816761.0
TEA,2017,15097056837158.2,7323.51364847919,2.88291164981213,2061449949.0
TEA,2018,16881316789674.4,8136.37041895137,2.91740978470444,2074796982.0
TEA,2019,17481715455963.4,8379.36503263574,1.93321335810515,2086281644.0
TEA,2020,17783207218899.1,8485.32855185979,2.3931623931624,2095759417.0
TEA,2021,21205187136185.7,10086.4176067356,2.6124818577648,2102350702.0
TEA,2022,21537214774462.6,10220.4774431567,5.40874375479067,2107261123.0
TEA,2023,21617676926854.5,10239.8162178816,6.16457747898299,2111139152.0
TEA,2024,22233362919728.4,10513.9529323033,2.23172772921704,2114653077.0
TEC,2015,3633660246044.52,8009.61874995558,3.86763469978395,453662073.0
TEC,2016,3492088089759.5,7659.54924391363,1.19887282892596,455913002.0
TEC,2017,3927649813354.44,8575.46129195764,3.13106248590115,458010325.0
TEC,2018,4098990245510.03,8911.87742979014,2.611223782638,459946883.0
TEC,2019,4184533628660.37,9058.74177112172,2.67599202639893,461933206.0
TEC,2020,3924139091384.84,8478.35038656806,2.73249209419427,462842288.0
TEC,2021,4637763943320.14,10014.5108823837,5.10641129002841,463104389.0
TEC,2022,5264484546456.79,11421.1364427001,13.8522590144267,460942269.0
TEC,2023,5562782514647.52,12129.8641155432,9.36187249769016,458602212.0
TEC,2024,6131674441421.64,13337.4386956337,3.63700046769908,459734030.0
TGO,2015,5755457836.01866,751.051987587248,2.58500390801595,7663195.0
TGO,2016,6071167584.1951,772.581357620609,1.28544847051417,7858289.0
TGO,2017,6387424239.8801,792.765700965864,-0.981889868943119,8057140.0
TGO,2018,7029215766.46367,851.120561233595,0.927755426457183,8258778.0
TGO,2019,6992654019.28876,826.255209019798,0.674652770077525,8463068.0
TGO,2020,7486031561.86885,863.468665870276,1.69928463299399,8669720.0
TGO,2021,8541668141.26198,962.075187515872,4.1862150652352,8878379.0
TGO,2022,8646453099.4124,951.232378690387,7.96757361617945,9089738.0
TGO,2023,9816236302.58515,1055.01727877926,5.48928568141131,9304337.0
TGO,2024,10651180146.531,1119.38160509429,2.86262074089801,9515236.0
THA,2015,401296238228.084,5688.85335397884,-0.900424963291569,70540795.0
THA,2016,413366349747.508,5833.57715617098,0.188149704448143,70859841.0
THA,2017,456356813536.764,6413.09182530343,0.665631893135106,71160187.0
THA,2018,506754208404.485,7099.77650081458,1.06389754183024,71376079.0
THA,2019,543976691793.886,7605.69657797759,0.706728601314311,71522271.0
THA,2020,500461898480.246,6985.64393892574,-0.845937147357041,71641484.0
THA,2021,506194668789.937,7057.20754802279,1.23039541318384,71727332.0
THA,2022,495644697587.661,6909.35281815827,-1.61068030486688,71735329.0
THA,2023,515906283940.933,7195.10130919449,8.47805174421543,71702435.0
THA,2024,526517658841.684,7346.62022142185,1.36580540798037,71668011.0
TJK,2015,8271431485.07484,956.916310930656,5.7145594964971,8643840.0
TJK,2016,6992416096.89018,788.710481734485,6.00458082322139,8865631.0
TJK,2017,7536402852.85802,829.45714764957,5.859570159859246,9085946.0
TJK,2018,7764999999.45362,834.288404578801,5.859570159859246,9307333.0
TJK,2019,8300813599.3084,871.022372934846,5.859570159859246,9529966.0
TJK,2020,8133963550.65742,834.311715460625,5.859570159859246,9749310.0
TJK,2021,8937805347.13963,896.748053372182,5.859570159859246,9966908.0
TJK,2022,10713525200.3998,1052.17949484894,5.859570159859246,10182222.0
TJK,2023,12244169292.7998,1178.47990060249,5.859570159859246,10389799.0
TJK,2024,14204575548.5536,1341.20229027672,5.859570159859246,10590927.0
TLA,2015,5068610305411.75,8404.37747196218,2.92482169718974,603091701.0
TLA,2016,4922090097003.8,8082.02330614142,2.53781710390567,609017063.0
TLA,2017,5482764267203.12,8918.30251254156,2.8227580554717,614776664.0
TLA,2018,5347056434773.57,8620.46890240755,2.32414485367921,620274430.0
TLA,2019,5230554354083.41,8362.63429845968,2.09604635327807,625467307.0
TLA,2020,4387909128654.57,6964.3711102796,1.76751592356698,630051021.0
TLA,2021,5118940165028.38,8075.78816650564,4.26105127422813,633862610.0
TLA,2022,5851879329574.93,9174.55690452428,7.8962761916855,637837815.0
TLA,2023,6591336702938.76,10260.5196915782,4.92637573192674,642397939.0
TLA,2024,6776899040059.78,10474.2809944408,3.62770736940927,647003746.0
TLS,2015,1590282371.46446,1319.59295003154,0.552796026277853,1205131.0
TLS,2016,1640464612.08088,1335.54391073349,-1.33853876185163,1228312.0
TLS,2017,1584878439.93596,1266.17771143471,0.557215537430361,1251703.0
TLS,2018,1555988614.43594,1219.46599728983,2.63647201015892,1275959.0
TLS,2019,2032550389.41316,1562.36458068032,0.958812739703141,1300945.0
TLS,2020,2162619240.86927,1630.86938521256,0.495499215459571,1326053.0
TLS,2021,3625024341.27346,2684.92676774277,3.69792094666786,1350139.0
TLS,2022,3208599889.00965,2343.24954740187,7.00530945399787,1369295.0
TLS,2023,2079767170.22651,1502.41147438211,8.42035103310377,1384286.0
TLS,2024,1865608515.41321,1331.9705130185,2.06284153005468,1400638.0
TMN,2015,1766686955969.3,2799.45441811583,2.52932817254229,631082594.0
TMN,2016,1833719341125.58,2858.61689096826,3.7651191635658,641470827.0
TMN,2017,1862132539942.56,2854.66192638041,4.97595150553833,652312809.0
TMN,2018,1861598748076.98,2804.12633142444,4.46231108475481,663878345.0
TMN,2019,1817220775856.43,2688.96932958269,3.00538949390383,675805691.0
TMN,2020,1652429826440.19,2402.73480964451,3.73003191530476,687728758.0
TMN,2021,1921603222007.44,2746.96809945183,5.46019980671871,699536053.0
TMN,2022,2141649636190.98,3010.19656726913,8.78598837999588,711465045.0
TMN,2023,2076820247144.99,2868.88626501212,7.70665764216232,723911670.0
TMN,2024,2189893127426.38,2973.77496155262,3.0861361109923,736401764.0
TON,2015,437525514.240726,4123.90323993332,-1.05399831971283,106095.0
TON,2016,420828262.317922,3987.98626206287,2.57815515245072,105524.0
TON,2017,459976850.268529,4365.92932788383,7.51706283551125,105356.0
TON,2018,493530783.00463,4675.04791274385,5.03209691984882,105567.0
TON,2019,506031238.979937,4788.83342304684,1.179543348218,105669.0
TON,2020,506571467.895978,4792.35854741522,-0.349737696727418,105704.0
TON,2021,519306352.78704,4922.80171378368,5.64051140636743,105490.0
TON,2022,556514555.400882,5298.01941509951,10.9713652903022,105042.0
TON,2023,591139749.44287,5651.59373063157,6.35112980255189,104597.0
TON,2024,506031238.979937,4788.83342304684,3.18364611260051,104175.0
TSA,2015,2414503392484.38,1570.54142462917,4.72755869604731,1537370078.0
TSA,2016,2679313169377.96,1722.90703415144,4.45355240327605,1555111864.0
TSA,2017,3075955432871.73,1956.06707554186,4.14162852223214,1572520427.0
TSA,2018,3159841615195.07,1988.3663331799,3.33139516437672,1589164714.0
TSA,2019,3318484576527.33,2067.05975687637,3.6289496588547,1605412986.0
TSA,2020,3172770463749.49,1957.20343722686,5.6602199868936,1621073417.0
TSA,2021,3717045071833.11,2273.72055798689,5.33853088974921,1634785356.0
TSA,2022,3930640287773.46,2385.08341896271,7.18461996730066,1648009565.0
TSA,2023,4210302249458.65,2532.38988993306,6.38250790219375,1662580579.0
TSA,2024,4512296631866.31,2690.07883749003,3.72320611944934,1677384532.0
TSS,2015,1688024093175.49,1646.44941139316,3.47238752883652,1025251114.0
TSS,2016,1531896244777.67,1455.03525304571,5.30264297710325,1052824144.0
TSS,2017,1672127811803.69,1546.91774199323,5.18618655524149,1080941647.0
TSS,2018,1798796101321.48,1620.54140805919,3.91133439990729,1109997000.0
TSS,2019,2045711007848.14,1795.5612786554,2.867588034469,1139315618.0
TSS,2020,1902392262699.06,1627.34569596297,3.39862928518853,1169015451.0
TSS,2021,2140795804040.0,1785.46664916614,4.43905481215002,1199011925.0
TSS,2022,2292617010267.0,1865.11635260699,9.45801281304023,1229208573.0
TSS,2023,2117597425394.64,1680.77966672218,6.69759990789845,1259889959.0
TSS,2024,1979078503991.37,1532.92763550207,4.23903922877036,1291044964.0
TTO,2015,26841141793.2143,19887.2327716498,4.66121598098264,1349667.0
TTO,2016,23624322192.6274,17449.1538801956,3.07066742464024,1353895.0
TTO,2017,23830750900.6899,17566.0999700656,1.88038440183532,1356633.0
TTO,2018,23883058083.2171,17571.498737278,1.01856930188822,1359193.0
TTO,2019,23477745791.6977,17212.6128892163,1.00054293027237,1363985.0
TTO,2020,20888515184.2239,15283.6270531554,0.598986330824643,1366725.0
TTO,2021,24222963262.7213,17712.5674104655,2.05922746915458,1367558.0
TTO,2022,28341164301.126,20750.5202434652,5.82838638517959,1365805.0
TTO,2023,25036993423.3664,18308.4536298575,4.62930242419968,1367510.0
TTO,2024,25633544529.4849,18733.4110406494,0.526884625776839,1368333.0
TUN,2015,45779494041.9295,4014.94773686432,4.437371273215,11402264.0
TUN,2016,44360072680.4476,3847.80354448809,3.62939937384381,11528674.0
TUN,2017,42163530590.9462,3619.03247319953,5.30884839565844,11650498.0
TUN,2018,42686504459.801,3628.10366464236,7.30759176031652,11765514.0
TUN,2019,41905642418.825,3528.87213306798,6.72007532863799,11875081.0
TUN,2020,42491780918.361,3548.65363663803,5.63415115897625,11974057.0
TUN,2021,47073234359.1819,3906.93926319391,5.706350208307,12048622.0
TUN,2022,44929920092.7955,3707.29283414381,8.30646124447623,12119334.0
TUN,2023,48205328303.3398,3951.11683376921,9.32899597507865,12200431.0
TUN,2024,51332285656.5422,4181.13789301228,7.20661657168794,12277109.0
TUR,2015,865460050683.656,11064.6494504662,7.67085364845877,78218479.0
TUR,2016,870818016909.84,10984.3643169061,7.7751341532833,79277962.0
TUR,2017,863874522365.276,10756.3877677883,11.1443110840765,80312698.0
TUR,2018,788356985773.667,9684.11819884721,16.3324638988928,81407204.0
TUR,2019,775853144222.613,9395.23378001368,15.1768215720022,82579440.0
TUR,2020,733628247119.077,8798.11791709313,12.2789574462574,83384680.0
TUR,2021,839938668172.134,9981.76398411336,19.5964926913324,84147318.0
TUR,2022,926097476913.818,10897.8397861365,72.3088359891207,84979913.0
TUR,2023,1141242864657.45,13375.0947282864,53.8594087593315,85325965.0
TUR,2024,1359123768774.12,15892.7157287241,58.5064507300343,85518661.0
TZA,2015,47413919817.124,939.127319335938,5.58816952959298,52020962.0
TZA,2016,49774409374.4538,953.0107421875,5.17476629301493,53824013.0
TZA,2017,53274884532.7886,986.674011230469,5.31871605228931,55652890.0
TZA,2018,57003712892.0858,1023.10626220703,3.49445848856181,57437145.0
TZA,2019,61026731925.9213,1063.32250976563,3.46428057999021,59174891.0
TZA,2020,66068737786.0639,1117.41528320313,3.29029062798325,60972798.0
TZA,2021,70655628147.8986,1159.85656738281,3.69091958802199,62830412.0
TZA,2022,75749121842.9149,1207.52062988281,4.35027204269101,64711821.0
TZA,2023,79030935627.0781,1224.00219726563,3.79923291384916,66617606.0
TZA,2024,78844405385.2195,1186.71691894531,3.05694676312373,68560157.0
UGA,2015,32387183730.1002,862.934610355811,5.58968606251725,37531446.0
UGA,2016,29203988696.2626,752.696571725656,5.70637504616212,38799152.0
UGA,2017,30744473841.424,765.218332297361,5.20971705914209,40177388.0
UGA,2018,32927025619.6795,792.16570022814,2.61601190952274,41565831.0
UGA,2019,35353061003.4359,822.171150036357,2.867588034469,42999637.0
UGA,2020,37600368241.6657,845.766463890124,3.31332289544502,44457152.0
UGA,2021,40529788748.6737,882.791717542504,2.20457204757414,45910930.0
UGA,2022,45565333210.9108,963.067314117178,7.1957888597581,47312719.0
UGA,2023,48768955863.3175,1002.30913917142,5.35094804280395,48656601.0
UGA,2024,53911907086.1525,1077.91278452817,3.3233806708656,50015092.0
UKR,2015,91030967789.0717,2094.47387695313,48.6998646434424,45784896.0
UKR,2016,93355869403.9223,2158.46118164063,13.9127101997797,45616832.0
UKR,2017,112090505081.739,2604.28759765625,14.4383227488749,45436041.0
UKR,2018,130891088293.55,3059.0517578125,10.9518559353178,45208907.0
UKR,2019,153883047509.577,3619.86157226563,7.88671745611133,44957458.0
UKR,2020,156617722013.342,3709.76928710938,2.73249209419427,44680014.0
UKR,2021,199765859570.935,4775.94580078125,9.36313917695223,44298640.0
UKR,2022,161989520721.19,4199.6708984375,20.1836366617478,41048766.0
UKR,2023,181221517868.744,5139.59814453125,12.8490222828559,37732836.0
UKR,2024,190741262414.705,5389.47314453125,6.50198464669254,37860221.0
URY,2015,57680327998.6689,17125.9016800298,8.66626987079328,3368017.0
URY,2016,57480787465.2716,17009.7584207276,9.6394134763508,3379283.0
URY,2017,65005997963.4822,19184.6502617082,6.2180938256186,3388438.0
URY,2018,65344577415.7535,19249.9404677501,7.60653360377047,3394534.0
URY,2019,62222313618.8454,18315.7316980028,7.88198870879619,3397206.0
URY,2020,53559359261.826,15757.5355995779,9.75640636078194,3398968.0
URY,2021,60739084240.8633,17881.818721099,7.74791402314762,3396695.0
URY,2022,70594110920.0358,20818.6146091144,9.10437983075437,3390913.0
URY,2023,77991666837.7382,23019.4221560046,5.86910359896119,3388081.0
URY,2024,80961511073.5797,23906.5133029408,4.84914366613156,3386588.0
USA,2015,18206020741000.0,56572.9188996063,0.118627135552451,321815121.0
USA,2016,18695110842000.0,57638.1018367192,1.26158320570536,324353340.0
USA,2017,19477336549000.0,59635.0984397965,2.13011000365961,326608609.0
USA,2018,20533057312000.0,62499.8744390068,2.44258329692817,328529577.0
USA,2019,21380976119000.0,64746.4506778863,1.81221007526021,330226227.0
USA,2020,21060473613000.0,63515.9491807833,1.23358439630629,331577720.0
USA,2021,23315080560000.0,70205.050916026,4.69785886363742,332099760.0
USA,2022,25604848907611.0,76657.2488844403,8.00279982052121,334017321.0
USA,2023,27292170793214.4,81032.262117545,4.11633838374488,336806231.0
USA,2024,28750956130731.2,84534.0407841548,2.94952520485207,340110988.0
UZB,2015,86196264755.3105,2803.19018021751,8.75188196737508,30749346.0
UZB,2016,86138288644.171,2753.37951427589,8.130886695236,31284568.0
UZB,2017,69703222282.7278,2190.60411562888,13.8757425441635,31819178.0
UZB,2018,58695899092.1083,1813.08530813664,17.5241796514055,32373490.0
UZB,2019,67293639798.3996,2041.38480729431,14.5257359560687,32964701.0
UZB,2020,66443265418.3086,1978.28051860763,12.8677297362606,33586372.0
UZB,2021,77340060003.0347,2258.51964119278,10.8492397508122,34243696.0
UZB,2022,90095926567.4359,2578.66689394219,11.4466436998836,34938955.0
UZB,2023,102641879248.764,2878.96879292451,9.95659071258018,35652307.0
UZB,2024,114965293466.611,3161.70010632875,9.62825465956682,36361859.0
VCT,2015,786555555.555555,7353.73556054184,-1.73361194953959,106960.0
VCT,2016,814303703.703704,7656.90042881178,-0.149641647633284,106349.0
VCT,2017,844040740.740741,7988.04445019298,2.15333648840511,105663.0
VCT,2018,884329629.62963,8428.12677153069,2.32414485367921,104926.0
VCT,2019,910481481.481481,8740.59425232061,0.91306972532459,104167.0
VCT,2020,864566666.666667,8351.20324040982,-0.628131309354654,103526.0
VCT,2021,888677777.777778,8641.27904024443,1.57272932500558,102841.0
VCT,2022,989188888.888889,9693.55867833025,5.66009779226552,102046.0
VCT,2023,1072237037.03704,10582.3656725229,4.56457719814894,101323.0
VCT,2024,1157207407.40741,11501.2265187188,3.62770736940927,100616.0
VEN,2015,125449241571.391,4103.1384987005,121.738085297503,30573972.0
VEN,2016,112915034262.314,3670.15737848208,254.948534781816,30765720.0
VEN,2017,115883275162.586,3791.33160682077,188.3433100396595,30565323.0
VEN,2018,102021093964.682,3422.65467014854,188.3433100396595,29807592.0
VEN,2019,73014084091.3,2523.11275230667,188.3433100396595,28938098.0
VEN,2020,42838020721.1995,1506.0436210041,188.3433100396595,28444077.0
VEN,2021,56614976854.5499,2004.93397949792,188.3433100396595,28237826.0
VEN,2022,89013255584.7499,3155.04207099687,188.3433100396595,28213017.0
VEN,2023,102376526555.948,3617.43594578269,188.3433100396595,28300854.0
VEN,2024,119802963257.783,4217.59102643391,188.3433100396595,28405543.0
VNM,2015,239258328381.741,2577.56885340113,0.631200905175754,92823254.0
VNM,2016,257096001177.982,2735.0604380416,2.66824816969082,94000117.0
VNM,2017,281353605986.903,2956.10992127753,3.52025688811617,95176977.0
VNM,2018,310106478394.659,3222.31003125366,3.53962805942641,96237319.0
VNM,2019,334365270496.667,3440.90025375434,2.7958236745225,97173776.0
VNM,2020,346615738537.796,3534.03953482647,3.22093436652514,98079191.0
VNM,2021,366474752771.009,3704.1935590038,1.83471554810444,98935098.0
VNM,2022,413445230668.578,4147.69777213621,3.15650749963129,99680655.0
VNM,2023,433857681378.291,4323.35031982451,3.25289282667662,100352192.0
VNM,2024,476388230307.175,4717.29028732449,3.62109273885843,100987686.0
VUT,2015,759690180.951654,2854.89412272653,2.48326875660439,266101.0
VUT,2016,804323576.861028,2956.12644801489,0.842069084035061,272087.0
VUT,2017,880043284.399407,3159.86055790126,3.08452624403546,278507.0
VUT,2018,914727908.137793,3206.65748718811,2.33096379566866,285259.0
VUT,2019,936526267.622513,3207.44650452083,2.76252019386111,291985.0
VUT,2020,909421043.508407,3042.98711598286,5.32935073101715,298858.0
VUT,2021,950394006.532514,3107.20312858002,2.34328358208953,305868.0
VUT,2022,1055031360.57356,3370.21191956953,6.67930581887121,313046.0
VUT,2023,1115861055.72463,3482.61458237637,11.1825017088175,320409.0
VUT,2024,1117972034.22642,3410.77023167097,2.76252019386111,327777.0
WSM,2015,824150498.653536,4084.36083819933,0.724470134874729,201782.0
WSM,2016,843924796.697421,4147.07097674888,1.30471869303179,203499.0
WSM,2017,884844384.463214,4307.59381964907,1.74989677484705,205415.0
WSM,2018,878448433.404342,4231.81409469194,4.19745888663752,207582.0
WSM,2019,912950466.064906,4351.94234943706,0.982326569888117,209780.0
WSM,2020,868884902.953089,4099.59660548583,-1.56891247740895,211944.0
WSM,2021,859724936.05765,4021.55934894283,3.13320473174494,213779.0
WSM,2022,889554711.842341,4132.44717734444,10.9618822286844,215261.0
WSM,2023,1044909500.02527,4822.74084650019,7.92164684826777,216663.0
WSM,2024,1175749785.65113,5392.87761915762,2.17245530514377,218019.0
XKX,2015,6295848422.71573,3520.62850699375,-0.536929392740659,1788274.0
XKX,2016,6682677289.98994,3759.44959067104,0.273169431045468,1777568.0
XKX,2017,7180768692.01515,4009.32022050863,1.48823430592319,1791019.0
XKX,2018,7878762812.27689,4384.18796444738,1.05379773654991,1797086.0
XKX,2019,7899741278.75198,4415.99923011071,2.67599202639893,1788891.0
XKX,2020,7717143395.54732,4310.88963754863,0.198227922994854,1790151.0
XKX,2021,9413408574.4949,5270.43236861018,3.35369139207997,1786079.0
XKX,2022,9354907646.29785,5290.95006509706,11.5805104542012,1768096.0
XKX,2023,10468224574.7539,6221.20618847799,4.94432438791283,1682668.0
XKX,2024,11197246322.588,7023.06598512878,1.61944994559476,1594353.0
ZAF,2015,346709790458.563,6112.27382485974,4.51869094892506,56723537.0
ZAF,2016,323585509674.481,5651.20585165749,6.60290842394872,57259551.0
ZAF,2017,381448814653.456,6618.33508255701,5.18618655524149,57635162.0
ZAF,2018,405260723892.517,6914.1780318076,4.50987264867388,58613001.0
ZAF,2019,389330032224.269,6533.71121032856,4.10285075461156,59587885.0
ZAF,2020,337974655408.055,5580.60383075189,3.23238831615113,60562381.0
ZAF,2021,419986284375.368,6828.75624590017,4.61874544887136,61502603.0
ZAF,2022,407596043067.885,6534.24867783397,7.03987272546482,62378410.0
ZAF,2023,381440724491.232,6034.27208964673,6.0752438457966,63212384.0
ZAF,2024,401144998373.585,6267.186814093,4.36115246518962,64007187.0
ZMB,2015,21251216798.7762,1295.87788680068,10.1105928909618,16399089.0
ZMB,2016,20958412538.3093,1239.08527877713,17.8697300795268,16914423.0
ZMB,2017,25873601260.8353,1483.46577328065,6.57731154205644,17441320.0
ZMB,2018,26311507273.6735,1463.89997855593,7.4945719272852,17973569.0
ZMB,2019,23308667781.2258,1258.98619844462,9.15031644316296,18513839.0
ZMB,2020,18137764930.651,951.644316655957,15.7330604721369,19059395.0
ZMB,2021,22096416932.0089,1127.16077872857,22.0207676245777,19603607.0
ZMB,2022,29163782140.4858,1447.12310138035,10.9932039209136,20152938.0
ZMB,2023,27577956471.244,1330.72780576709,10.884531691282,20723965.0
ZMB,2024,25303185342.2511,1187.10943350064,14.9856262747939,21314956.0
ZWE,2015,19973250000.0,1387.12632595026,-2.43096842383404,14399013.0
ZWE,2016,20559250000.0,1408.13945253431,-1.54366960054161,14600294.0
ZWE,2017,51035657370.5179,3445.44941020134,0.893962316050027,14812482.0
ZWE,2018,34141666666.6667,2270.89531874302,10.6188658669575,15034452.0
ZWE,2019,33357695635.1284,2184.32923855469,255.304990757856,15271368.0
ZWE,2020,31980334561.3123,2059.67445384499,557.201817362051,15526888.0
ZWE,2021,41287673690.0771,2613.60542083552,98.5461050920624,15797210.0
ZWE,2022,40757561708.7741,2536.40050223076,104.705170628667,16069056.0
ZWE,2023,35871779680.6335,2195.22492079245,54.582485479509955,16340822.0
ZWE,2024,41539411516.4448,2497.20332208763,54.582485479509955,16634373.0
