countryiso3code,country,date,value
AFE,"{'id': 'ZH', 'value': 'Africa Eastern and Southern'}",2024,769280888.0
AFE,"{'id': 'ZH', 'value': 'Africa Eastern and Southern'}",2023,750491370.0
AFE,"{'id': 'ZH', 'value': 'Africa Eastern and Southern'}",2022,731821393.0
AFE,"{'id': 'ZH', 'value': 'Africa Eastern and Southern'}",2021,713090928.0
AFE,"{'id': 'ZH', 'value': 'Africa Eastern and Southern'}",2020,694446100.0
AFE,"{'id': 'ZH', 'value': 'Africa Eastern and Southern'}",2019,675950189.0
AFE,"{'id': 'ZH', 'value': 'Africa Eastern and Southern'}",2018,657801085.0
AFE,"{'id': 'ZH', 'value': 'Africa Eastern and Southern'}",2017,640058741.0
AFE,"{'id': 'ZH', 'value': 'Africa Eastern and Southern'}",2016,623369401.0
AFE,"{'id': 'ZH', 'value': 'Africa Eastern and Southern'}",2015,607123269.0
AFW,"{'id': 'ZI', 'value': 'Africa Western and Central'}",2024,521764076.0
AFW,"{'id': 'ZI', 'value': 'Africa Western and Central'}",2023,509398589.0
AFW,"{'id': 'ZI', 'value': 'Africa Western and Central'}",2022,497387180.0
AFW,"{'id': 'ZI', 'value': 'Africa Western and Central'}",2021,485920997.0
AFW,"{'id': 'ZI', 'value': 'Africa Western and Central'}",2020,474569351.0
AFW,"{'id': 'ZI', 'value': 'Africa Western and Central'}",2019,463365429.0
AFW,"{'id': 'ZI', 'value': 'Africa Western and Central'}",2018,452195915.0
AFW,"{'id': 'ZI', 'value': 'Africa Western and Central'}",2017,440882906.0
AFW,"{'id': 'ZI', 'value': 'Africa Western and Central'}",2016,429454743.0
AFW,"{'id': 'ZI', 'value': 'Africa Western and Central'}",2015,418127845.0
ARB,"{'id': '1A', 'value': 'Arab World'}",2024,492612632.0
ARB,"{'id': '1A', 'value': 'Arab World'}",2023,482105978.0
ARB,"{'id': '1A', 'value': 'Arab World'}",2022,471352066.0
ARB,"{'id': '1A', 'value': 'Arab World'}",2021,460646603.0
ARB,"{'id': '1A', 'value': 'Arab World'}",2020,453723239.0
ARB,"{'id': '1A', 'value': 'Arab World'}",2019,444281315.0
ARB,"{'id': '1A', 'value': 'Arab World'}",2018,435998060.0
ARB,"{'id': '1A', 'value': 'Arab World'}",2017,428315886.0
ARB,"{'id': '1A', 'value': 'Arab World'}",2016,419808341.0
ARB,"{'id': '1A', 'value': 'Arab World'}",2015,410190679.0
CSS,"{'id': 'S3', 'value': 'Caribbean small states'}",2024,4539060.0
CSS,"{'id': 'S3', 'value': 'Caribbean small states'}",2023,4519904.0
CSS,"{'id': 'S3', 'value': 'Caribbean small states'}",2022,4497310.0
CSS,"{'id': 'S3', 'value': 'Caribbean small states'}",2021,4479167.0
CSS,"{'id': 'S3', 'value': 'Caribbean small states'}",2020,4459302.0
CSS,"{'id': 'S3', 'value': 'Caribbean small states'}",2019,4443134.0
CSS,"{'id': 'S3', 'value': 'Caribbean small states'}",2018,4407658.0
CSS,"{'id': 'S3', 'value': 'Caribbean small states'}",2017,4366140.0
CSS,"{'id': 'S3', 'value': 'Caribbean small states'}",2016,4341333.0
CSS,"{'id': 'S3', 'value': 'Caribbean small states'}",2015,4314191.0
CEB,"{'id': 'B8', 'value': 'Central Europe and the Baltics'}",2024,100061963.0
CEB,"{'id': 'B8', 'value': 'Central Europe and the Baltics'}",2023,100183707.0
CEB,"{'id': 'B8', 'value': 'Central Europe and the Baltics'}",2022,100071871.0
CEB,"{'id': 'B8', 'value': 'Central Europe and the Baltics'}",2021,100205732.0
CEB,"{'id': 'B8', 'value': 'Central Europe and the Baltics'}",2020,101215763.0
CEB,"{'id': 'B8', 'value': 'Central Europe and the Baltics'}",2019,101864274.0
CEB,"{'id': 'B8', 'value': 'Central Europe and the Baltics'}",2018,102074201.0
CEB,"{'id': 'B8', 'value': 'Central Europe and the Baltics'}",2017,102337501.0
CEB,"{'id': 'B8', 'value': 'Central Europe and the Baltics'}",2016,102647939.0
CEB,"{'id': 'B8', 'value': 'Central Europe and the Baltics'}",2015,102973167.0
EAR,"{'id': 'V2', 'value': 'Early-demographic dividend'}",2024,3552278604.0
EAR,"{'id': 'V2', 'value': 'Early-demographic dividend'}",2023,3511607650.0
EAR,"{'id': 'V2', 'value': 'Early-demographic dividend'}",2022,3470644834.0
EAR,"{'id': 'V2', 'value': 'Early-demographic dividend'}",2021,3432026092.0
EAR,"{'id': 'V2', 'value': 'Early-demographic dividend'}",2020,3396051187.0
EAR,"{'id': 'V2', 'value': 'Early-demographic dividend'}",2019,3355014793.0
EAR,"{'id': 'V2', 'value': 'Early-demographic dividend'}",2018,3314245247.0
EAR,"{'id': 'V2', 'value': 'Early-demographic dividend'}",2017,3274060446.0
EAR,"{'id': 'V2', 'value': 'Early-demographic dividend'}",2016,3233033717.0
EAR,"{'id': 'V2', 'value': 'Early-demographic dividend'}",2015,3190318707.0
EAS,"{'id': 'Z4', 'value': 'East Asia & Pacific'}",2024,2388319494.0
EAS,"{'id': 'Z4', 'value': 'East Asia & Pacific'}",2023,2384441485.0
EAS,"{'id': 'Z4', 'value': 'East Asia & Pacific'}",2022,2379617118.0
EAS,"{'id': 'Z4', 'value': 'East Asia & Pacific'}",2021,2375117716.0
EAS,"{'id': 'Z4', 'value': 'East Asia & Pacific'}",2020,2369420882.0
EAS,"{'id': 'Z4', 'value': 'East Asia & Pacific'}",2019,2359762190.0
EAS,"{'id': 'Z4', 'value': 'East Asia & Pacific'}",2018,2347576325.0
EAS,"{'id': 'Z4', 'value': 'East Asia & Pacific'}",2017,2333475520.0
EAS,"{'id': 'Z4', 'value': 'East Asia & Pacific'}",2016,2317076058.0
EAS,"{'id': 'Z4', 'value': 'East Asia & Pacific'}",2015,2300844269.0
EAP,"{'id': '4E', 'value': 'East Asia & Pacific (excluding high income)'}",2024,2141122258.0
EAP,"{'id': '4E', 'value': 'East Asia & Pacific (excluding high income)'}",2023,2137527754.0
EAP,"{'id': '4E', 'value': 'East Asia & Pacific (excluding high income)'}",2022,2133560408.0
EAP,"{'id': '4E', 'value': 'East Asia & Pacific (excluding high income)'}",2021,2128553744.0
EAP,"{'id': '4E', 'value': 'East Asia & Pacific (excluding high income)'}",2020,2121866294.0
EAP,"{'id': '4E', 'value': 'East Asia & Pacific (excluding high income)'}",2019,2112289891.0
EAP,"{'id': '4E', 'value': 'East Asia & Pacific (excluding high income)'}",2018,2100698838.0
EAP,"{'id': '4E', 'value': 'East Asia & Pacific (excluding high income)'}",2017,2087238522.0
EAP,"{'id': '4E', 'value': 'East Asia & Pacific (excluding high income)'}",2016,2071486140.0
EAP,"{'id': '4E', 'value': 'East Asia & Pacific (excluding high income)'}",2015,2056050896.0
TEA,"{'id': 'T4', 'value': 'East Asia & Pacific (IDA & IBRD countries)'}",2024,2114653077.0
TEA,"{'id': 'T4', 'value': 'East Asia & Pacific (IDA & IBRD countries)'}",2023,2111139152.0
TEA,"{'id': 'T4', 'value': 'East Asia & Pacific (IDA & IBRD countries)'}",2022,2107261123.0
TEA,"{'id': 'T4', 'value': 'East Asia & Pacific (IDA & IBRD countries)'}",2021,2102350702.0
TEA,"{'id': 'T4', 'value': 'East Asia & Pacific (IDA & IBRD countries)'}",2020,2095759417.0
TEA,"{'id': 'T4', 'value': 'East Asia & Pacific (IDA & IBRD countries)'}",2019,2086281644.0
TEA,"{'id': 'T4', 'value': 'East Asia & Pacific (IDA & IBRD countries)'}",2018,2074796982.0
TEA,"{'id': 'T4', 'value': 'East Asia & Pacific (IDA & IBRD countries)'}",2017,2061449949.0
TEA,"{'id': 'T4', 'value': 'East Asia & Pacific (IDA & IBRD countries)'}",2016,2045816761.0
TEA,"{'id': 'T4', 'value': 'East Asia & Pacific (IDA & IBRD countries)'}",2015,2030504270.0
EMU,"{'id': 'XC', 'value': 'Euro area'}",2024,351161936.0
EMU,"{'id': 'XC', 'value': 'Euro area'}",2023,349762722.0
EMU,"{'id': 'XC', 'value': 'Euro area'}",2022,348200155.0
EMU,"{'id': 'XC', 'value': 'Euro area'}",2021,347207191.0
EMU,"{'id': 'XC', 'value': 'Euro area'}",2020,346986142.0
EMU,"{'id': 'XC', 'value': 'Euro area'}",2019,346496601.0
EMU,"{'id': 'XC', 'value': 'Euro area'}",2018,345864630.0
EMU,"{'id': 'XC', 'value': 'Euro area'}",2017,344810179.0
EMU,"{'id': 'XC', 'value': 'Euro area'}",2016,344132977.0
EMU,"{'id': 'XC', 'value': 'Euro area'}",2015,343180482.0
ECS,"{'id': 'Z7', 'value': 'Europe & Central Asia'}",2024,928263208.0
ECS,"{'id': 'Z7', 'value': 'Europe & Central Asia'}",2023,924773523.0
ECS,"{'id': 'Z7', 'value': 'Europe & Central Asia'}",2022,924234471.0
ECS,"{'id': 'Z7', 'value': 'Europe & Central Asia'}",2021,924381062.0
ECS,"{'id': 'Z7', 'value': 'Europe & Central Asia'}",2020,923664467.0
ECS,"{'id': 'Z7', 'value': 'Europe & Central Asia'}",2019,921932163.0
ECS,"{'id': 'Z7', 'value': 'Europe & Central Asia'}",2018,918689254.0
ECS,"{'id': 'Z7', 'value': 'Europe & Central Asia'}",2017,915065824.0
ECS,"{'id': 'Z7', 'value': 'Europe & Central Asia'}",2016,911579016.0
ECS,"{'id': 'Z7', 'value': 'Europe & Central Asia'}",2015,907527486.0
ECA,"{'id': '7E', 'value': 'Europe & Central Asia (excluding high income)'}",2024,250281521.0
ECA,"{'id': '7E', 'value': 'Europe & Central Asia (excluding high income)'}",2023,248721385.0
ECA,"{'id': '7E', 'value': 'Europe & Central Asia (excluding high income)'}",2022,250514347.0
ECA,"{'id': '7E', 'value': 'Europe & Central Asia (excluding high income)'}",2021,251867727.0
ECA,"{'id': '7E', 'value': 'Europe & Central Asia (excluding high income)'}",2020,250351240.0
ECA,"{'id': '7E', 'value': 'Europe & Central Asia (excluding high income)'}",2019,248576676.0
ECA,"{'id': '7E', 'value': 'Europe & Central Asia (excluding high income)'}",2018,246400484.0
ECA,"{'id': '7E', 'value': 'Europe & Central Asia (excluding high income)'}",2017,244308649.0
ECA,"{'id': '7E', 'value': 'Europe & Central Asia (excluding high income)'}",2016,242224182.0
ECA,"{'id': '7E', 'value': 'Europe & Central Asia (excluding high income)'}",2015,240083379.0
TEC,"{'id': 'T7', 'value': 'Europe & Central Asia (IDA & IBRD countries)'}",2024,459734030.0
TEC,"{'id': 'T7', 'value': 'Europe & Central Asia (IDA & IBRD countries)'}",2023,458602212.0
TEC,"{'id': 'T7', 'value': 'Europe & Central Asia (IDA & IBRD countries)'}",2022,460942269.0
TEC,"{'id': 'T7', 'value': 'Europe & Central Asia (IDA & IBRD countries)'}",2021,463104389.0
TEC,"{'id': 'T7', 'value': 'Europe & Central Asia (IDA & IBRD countries)'}",2020,462842288.0
TEC,"{'id': 'T7', 'value': 'Europe & Central Asia (IDA & IBRD countries)'}",2019,461933206.0
TEC,"{'id': 'T7', 'value': 'Europe & Central Asia (IDA & IBRD countries)'}",2018,459946883.0
TEC,"{'id': 'T7', 'value': 'Europe & Central Asia (IDA & IBRD countries)'}",2017,458010325.0
TEC,"{'id': 'T7', 'value': 'Europe & Central Asia (IDA & IBRD countries)'}",2016,455913002.0
TEC,"{'id': 'T7', 'value': 'Europe & Central Asia (IDA & IBRD countries)'}",2015,453662073.0
EUU,"{'id': 'EU', 'value': 'European Union'}",2024,450228188.0
EUU,"{'id': 'EU', 'value': 'European Union'}",2023,448897545.0
EUU,"{'id': 'EU', 'value': 'European Union'}",2022,447202673.0
EUU,"{'id': 'EU', 'value': 'European Union'}",2021,446227358.0
EUU,"{'id': 'EU', 'value': 'European Union'}",2020,446870959.0
EUU,"{'id': 'EU', 'value': 'European Union'}",2019,446910453.0
EUU,"{'id': 'EU', 'value': 'European Union'}",2018,446329890.0
EUU,"{'id': 'EU', 'value': 'European Union'}",2017,445321060.0
EUU,"{'id': 'EU', 'value': 'European Union'}",2016,444676652.0
EUU,"{'id': 'EU', 'value': 'European Union'}",2015,443793218.0
FCS,"{'id': 'F1', 'value': 'Fragile and conflict affected situations'}",2024,1081767572.0
FCS,"{'id': 'F1', 'value': 'Fragile and conflict affected situations'}",2023,1057033168.0
FCS,"{'id': 'F1', 'value': 'Fragile and conflict affected situations'}",2022,1036390026.0
FCS,"{'id': 'F1', 'value': 'Fragile and conflict affected situations'}",2021,1016906998.0
FCS,"{'id': 'F1', 'value': 'Fragile and conflict affected situations'}",2020,994901090.0
FCS,"{'id': 'F1', 'value': 'Fragile and conflict affected situations'}",2019,973035228.0
FCS,"{'id': 'F1', 'value': 'Fragile and conflict affected situations'}",2018,951851595.0
FCS,"{'id': 'F1', 'value': 'Fragile and conflict affected situations'}",2017,931222867.0
FCS,"{'id': 'F1', 'value': 'Fragile and conflict affected situations'}",2016,910836458.0
FCS,"{'id': 'F1', 'value': 'Fragile and conflict affected situations'}",2015,890869511.0
HPC,"{'id': 'XE', 'value': 'Heavily indebted poor countries (HIPC)'}",2024,941413026.0
HPC,"{'id': 'XE', 'value': 'Heavily indebted poor countries (HIPC)'}",2023,917304254.0
HPC,"{'id': 'XE', 'value': 'Heavily indebted poor countries (HIPC)'}",2022,893906294.0
HPC,"{'id': 'XE', 'value': 'Heavily indebted poor countries (HIPC)'}",2021,870930036.0
HPC,"{'id': 'XE', 'value': 'Heavily indebted poor countries (HIPC)'}",2020,847743308.0
HPC,"{'id': 'XE', 'value': 'Heavily indebted poor countries (HIPC)'}",2019,824649053.0
HPC,"{'id': 'XE', 'value': 'Heavily indebted poor countries (HIPC)'}",2018,802020674.0
HPC,"{'id': 'XE', 'value': 'Heavily indebted poor countries (HIPC)'}",2017,779389964.0
HPC,"{'id': 'XE', 'value': 'Heavily indebted poor countries (HIPC)'}",2016,756895035.0
HPC,"{'id': 'XE', 'value': 'Heavily indebted poor countries (HIPC)'}",2015,735429414.0
,"{'id': 'XD', 'value': 'High income'}",2024,1417841927.0
,"{'id': 'XD', 'value': 'High income'}",2023,1408190184.0
,"{'id': 'XD', 'value': 'High income'}",2022,1398001706.0
,"{'id': 'XD', 'value': 'High income'}",2021,1391814501.0
,"{'id': 'XD', 'value': 'High income'}",2020,1393472875.0
,"{'id': 'XD', 'value': 'High income'}",2019,1389770301.0
,"{'id': 'XD', 'value': 'High income'}",2018,1385103279.0
,"{'id': 'XD', 'value': 'High income'}",2017,1380319892.0
,"{'id': 'XD', 'value': 'High income'}",2016,1374284415.0
,"{'id': 'XD', 'value': 'High income'}",2015,1366013614.0
IBD,"{'id': 'XF', 'value': 'IBRD only'}",2024,4979421568.0
IBD,"{'id': 'XF', 'value': 'IBRD only'}",2023,4952212190.0
IBD,"{'id': 'XF', 'value': 'IBRD only'}",2022,4928196300.0
IBD,"{'id': 'XF', 'value': 'IBRD only'}",2021,4905212516.0
IBD,"{'id': 'XF', 'value': 'IBRD only'}",2020,4878296727.0
IBD,"{'id': 'XF', 'value': 'IBRD only'}",2019,4845075024.0
IBD,"{'id': 'XF', 'value': 'IBRD only'}",2018,4806981820.0
IBD,"{'id': 'XF', 'value': 'IBRD only'}",2017,4765773411.0
IBD,"{'id': 'XF', 'value': 'IBRD only'}",2016,4721566970.0
IBD,"{'id': 'XF', 'value': 'IBRD only'}",2015,4676773551.0
IBT,"{'id': 'ZT', 'value': 'IDA & IBRD total'}",2024,6926222113.0
IBT,"{'id': 'ZT', 'value': 'IDA & IBRD total'}",2023,6858521511.0
IBT,"{'id': 'ZT', 'value': 'IDA & IBRD total'}",2022,6794724390.0
IBT,"{'id': 'ZT', 'value': 'IDA & IBRD total'}",2021,6732651035.0
IBT,"{'id': 'ZT', 'value': 'IDA & IBRD total'}",2020,6666470352.0
IBT,"{'id': 'ZT', 'value': 'IDA & IBRD total'}",2019,6594216452.0
IBT,"{'id': 'ZT', 'value': 'IDA & IBRD total'}",2018,6518058354.0
IBT,"{'id': 'ZT', 'value': 'IDA & IBRD total'}",2017,6440011821.0
IBT,"{'id': 'ZT', 'value': 'IDA & IBRD total'}",2016,6360153661.0
IBT,"{'id': 'ZT', 'value': 'IDA & IBRD total'}",2015,6280961830.0
IDB,"{'id': 'XH', 'value': 'IDA blend'}",2024,676957651.0
IDB,"{'id': 'XH', 'value': 'IDA blend'}",2023,664395892.0
IDB,"{'id': 'XH', 'value': 'IDA blend'}",2022,651895919.0
IDB,"{'id': 'XH', 'value': 'IDA blend'}",2021,639196319.0
IDB,"{'id': 'XH', 'value': 'IDA blend'}",2020,626440308.0
IDB,"{'id': 'XH', 'value': 'IDA blend'}",2019,614017319.0
IDB,"{'id': 'XH', 'value': 'IDA blend'}",2018,601951913.0
IDB,"{'id': 'XH', 'value': 'IDA blend'}",2017,590024074.0
IDB,"{'id': 'XH', 'value': 'IDA blend'}",2016,578463670.0
IDB,"{'id': 'XH', 'value': 'IDA blend'}",2015,567234056.0
IDX,"{'id': 'XI', 'value': 'IDA only'}",2024,1269842894.0
IDX,"{'id': 'XI', 'value': 'IDA only'}",2023,1241913429.0
IDX,"{'id': 'XI', 'value': 'IDA only'}",2022,1214632171.0
IDX,"{'id': 'XI', 'value': 'IDA only'}",2021,1188242200.0
IDX,"{'id': 'XI', 'value': 'IDA only'}",2020,1161733317.0
IDX,"{'id': 'XI', 'value': 'IDA only'}",2019,1135124109.0
IDX,"{'id': 'XI', 'value': 'IDA only'}",2018,1109124621.0
IDX,"{'id': 'XI', 'value': 'IDA only'}",2017,1084214336.0
IDX,"{'id': 'XI', 'value': 'IDA only'}",2016,1060123021.0
IDX,"{'id': 'XI', 'value': 'IDA only'}",2015,1036954223.0
IDA,"{'id': 'XG', 'value': 'IDA total'}",2024,1946800545.0
IDA,"{'id': 'XG', 'value': 'IDA total'}",2023,1906309321.0
IDA,"{'id': 'XG', 'value': 'IDA total'}",2022,1866528090.0
IDA,"{'id': 'XG', 'value': 'IDA total'}",2021,1827438519.0
IDA,"{'id': 'XG', 'value': 'IDA total'}",2020,1788173625.0
IDA,"{'id': 'XG', 'value': 'IDA total'}",2019,1749141428.0
IDA,"{'id': 'XG', 'value': 'IDA total'}",2018,1711076534.0
IDA,"{'id': 'XG', 'value': 'IDA total'}",2017,1674238410.0
IDA,"{'id': 'XG', 'value': 'IDA total'}",2016,1638586691.0
IDA,"{'id': 'XG', 'value': 'IDA total'}",2015,1604188279.0
LTE,"{'id': 'V3', 'value': 'Late-demographic dividend'}",2024,2328628339.0
LTE,"{'id': 'V3', 'value': 'Late-demographic dividend'}",2023,2326296729.0
LTE,"{'id': 'V3', 'value': 'Late-demographic dividend'}",2022,2323799591.0
LTE,"{'id': 'V3', 'value': 'Late-demographic dividend'}",2021,2320127638.0
LTE,"{'id': 'V3', 'value': 'Late-demographic dividend'}",2020,2316152451.0
LTE,"{'id': 'V3', 'value': 'Late-demographic dividend'}",2019,2308878047.0
LTE,"{'id': 'V3', 'value': 'Late-demographic dividend'}",2018,2298394042.0
LTE,"{'id': 'V3', 'value': 'Late-demographic dividend'}",2017,2285870134.0
LTE,"{'id': 'V3', 'value': 'Late-demographic dividend'}",2016,2270841806.0
LTE,"{'id': 'V3', 'value': 'Late-demographic dividend'}",2015,2256126712.0
LCN,"{'id': 'ZJ', 'value': 'Latin America & Caribbean'}",2024,662186388.0
LCN,"{'id': 'ZJ', 'value': 'Latin America & Caribbean'}",2023,657616517.0
LCN,"{'id': 'ZJ', 'value': 'Latin America & Caribbean'}",2022,653108120.0
LCN,"{'id': 'ZJ', 'value': 'Latin America & Caribbean'}",2021,649236072.0
LCN,"{'id': 'ZJ', 'value': 'Latin America & Caribbean'}",2020,645498186.0
LCN,"{'id': 'ZJ', 'value': 'Latin America & Caribbean'}",2019,640962372.0
LCN,"{'id': 'ZJ', 'value': 'Latin America & Caribbean'}",2018,635778081.0
LCN,"{'id': 'ZJ', 'value': 'Latin America & Caribbean'}",2017,630414986.0
LCN,"{'id': 'ZJ', 'value': 'Latin America & Caribbean'}",2016,624737786.0
LCN,"{'id': 'ZJ', 'value': 'Latin America & Caribbean'}",2015,618868462.0
LAC,"{'id': 'XJ', 'value': 'Latin America & Caribbean (excluding high income)'}",2024,594158638.0
LAC,"{'id': 'XJ', 'value': 'Latin America & Caribbean (excluding high income)'}",2023,589889543.0
LAC,"{'id': 'XJ', 'value': 'Latin America & Caribbean (excluding high income)'}",2022,585648822.0
LAC,"{'id': 'XJ', 'value': 'Latin America & Caribbean (excluding high income)'}",2021,581884231.0
LAC,"{'id': 'XJ', 'value': 'Latin America & Caribbean (excluding high income)'}",2020,578091505.0
LAC,"{'id': 'XJ', 'value': 'Latin America & Caribbean (excluding high income)'}",2019,573311679.0
LAC,"{'id': 'XJ', 'value': 'Latin America & Caribbean (excluding high income)'}",2018,567711159.0
LAC,"{'id': 'XJ', 'value': 'Latin America & Caribbean (excluding high income)'}",2017,561957179.0
LAC,"{'id': 'XJ', 'value': 'Latin America & Caribbean (excluding high income)'}",2016,556440282.0
LAC,"{'id': 'XJ', 'value': 'Latin America & Caribbean (excluding high income)'}",2015,551075145.0
TLA,"{'id': 'T2', 'value': 'Latin America & the Caribbean (IDA & IBRD countries)'}",2024,647003746.0
TLA,"{'id': 'T2', 'value': 'Latin America & the Caribbean (IDA & IBRD countries)'}",2023,642397939.0
TLA,"{'id': 'T2', 'value': 'Latin America & the Caribbean (IDA & IBRD countries)'}",2022,637837815.0
TLA,"{'id': 'T2', 'value': 'Latin America & the Caribbean (IDA & IBRD countries)'}",2021,633862610.0
TLA,"{'id': 'T2', 'value': 'Latin America & the Caribbean (IDA & IBRD countries)'}",2020,630051021.0
TLA,"{'id': 'T2', 'value': 'Latin America & the Caribbean (IDA & IBRD countries)'}",2019,625467307.0
TLA,"{'id': 'T2', 'value': 'Latin America & the Caribbean (IDA & IBRD countries)'}",2018,620274430.0
TLA,"{'id': 'T2', 'value': 'Latin America & the Caribbean (IDA & IBRD countries)'}",2017,614776664.0
TLA,"{'id': 'T2', 'value': 'Latin America & the Caribbean (IDA & IBRD countries)'}",2016,609017063.0
TLA,"{'id': 'T2', 'value': 'Latin America & the Caribbean (IDA & IBRD countries)'}",2015,603091701.0
LDC,"{'id': 'XL', 'value': 'Least developed countries: UN classification'}",2024,1187777591.0
LDC,"{'id': 'XL', 'value': 'Least developed countries: UN classification'}",2023,1160824674.0
LDC,"{'id': 'XL', 'value': 'Least developed countries: UN classification'}",2022,1134585604.0
LDC,"{'id': 'XL', 'value': 'Least developed countries: UN classification'}",2021,1109175268.0
LDC,"{'id': 'XL', 'value': 'Least developed countries: UN classification'}",2020,1083636132.0
LDC,"{'id': 'XL', 'value': 'Least developed countries: UN classification'}",2019,1058013514.0
LDC,"{'id': 'XL', 'value': 'Least developed countries: UN classification'}",2018,1033110314.0
LDC,"{'id': 'XL', 'value': 'Least developed countries: UN classification'}",2017,1008993468.0
LDC,"{'id': 'XL', 'value': 'Least developed countries: UN classification'}",2016,985414939.0
LDC,"{'id': 'XL', 'value': 'Least developed countries: UN classification'}",2015,962508256.0
LMY,"{'id': 'XO', 'value': 'Low & middle income'}",2024,6563501708.0
LMY,"{'id': 'XO', 'value': 'Low & middle income'}",2023,6498875200.0
LMY,"{'id': 'XO', 'value': 'Low & middle income'}",2022,6437946207.0
LMY,"{'id': 'XO', 'value': 'Low & middle income'}",2021,6378323939.0
LMY,"{'id': 'XO', 'value': 'Low & middle income'}",2020,6313913801.0
LMY,"{'id': 'XO', 'value': 'Low & middle income'}",2019,6243562839.0
LMY,"{'id': 'XO', 'value': 'Low & middle income'}",2018,6169658713.0
LMY,"{'id': 'XO', 'value': 'Low & middle income'}",2017,6093971714.0
LMY,"{'id': 'XO', 'value': 'Low & middle income'}",2016,6017111688.0
LMY,"{'id': 'XO', 'value': 'Low & middle income'}",2015,5941222744.0
,"{'id': 'XM', 'value': 'Low income'}",2024,624608098.0
,"{'id': 'XM', 'value': 'Low income'}",2023,607774703.0
,"{'id': 'XM', 'value': 'Low income'}",2022,591481496.0
,"{'id': 'XM', 'value': 'Low income'}",2021,576076618.0
,"{'id': 'XM', 'value': 'Low income'}",2020,560643073.0
,"{'id': 'XM', 'value': 'Low income'}",2019,544980983.0
,"{'id': 'XM', 'value': 'Low income'}",2018,529522043.0
,"{'id': 'XM', 'value': 'Low income'}",2017,514890519.0
,"{'id': 'XM', 'value': 'Low income'}",2016,501149314.0
,"{'id': 'XM', 'value': 'Low income'}",2015,488308267.0
,"{'id': 'XN', 'value': 'Lower middle income'}",2024,3120980912.0
,"{'id': 'XN', 'value': 'Lower middle income'}",2023,3082002881.0
,"{'id': 'XN', 'value': 'Lower middle income'}",2022,3043358377.0
,"{'id': 'XN', 'value': 'Lower middle income'}",2021,3006243027.0
,"{'id': 'XN', 'value': 'Lower middle income'}",2020,2968398856.0
,"{'id': 'XN', 'value': 'Lower middle income'}",2019,2928617292.0
,"{'id': 'XN', 'value': 'Lower middle income'}",2018,2888561818.0
,"{'id': 'XN', 'value': 'Lower middle income'}",2017,2847931114.0
,"{'id': 'XN', 'value': 'Lower middle income'}",2016,2806590212.0
,"{'id': 'XN', 'value': 'Lower middle income'}",2015,2765011526.0
MEA,"{'id': 'ZQ', 'value': 'Middle East, North Africa, Afghanistan & Pakistan'}",2024,813146136.0
MEA,"{'id': 'ZQ', 'value': 'Middle East, North Africa, Afghanistan & Pakistan'}",2023,797801454.0
MEA,"{'id': 'ZQ', 'value': 'Middle East, North Africa, Afghanistan & Pakistan'}",2022,782349366.0
MEA,"{'id': 'ZQ', 'value': 'Middle East, North Africa, Afghanistan & Pakistan'}",2021,767578451.0
MEA,"{'id': 'ZQ', 'value': 'Middle East, North Africa, Afghanistan & Pakistan'}",2020,756405281.0
MEA,"{'id': 'ZQ', 'value': 'Middle East, North Africa, Afghanistan & Pakistan'}",2019,742714463.0
MEA,"{'id': 'ZQ', 'value': 'Middle East, North Africa, Afghanistan & Pakistan'}",2018,730362334.0
MEA,"{'id': 'ZQ', 'value': 'Middle East, North Africa, Afghanistan & Pakistan'}",2017,718887744.0
MEA,"{'id': 'ZQ', 'value': 'Middle East, North Africa, Afghanistan & Pakistan'}",2016,707023525.0
MEA,"{'id': 'ZQ', 'value': 'Middle East, North Africa, Afghanistan & Pakistan'}",2015,694232973.0
MNA,"{'id': 'XQ', 'value': 'Middle East, North Africa, Afghanistan & Pakistan (excluding high income)'}",2024,741690916.0
MNA,"{'id': 'XQ', 'value': 'Middle East, North Africa, Afghanistan & Pakistan (excluding high income)'}",2023,729077445.0
MNA,"{'id': 'XQ', 'value': 'Middle East, North Africa, Afghanistan & Pakistan (excluding high income)'}",2022,716508657.0
MNA,"{'id': 'XQ', 'value': 'Middle East, North Africa, Afghanistan & Pakistan (excluding high income)'}",2021,704458802.0
MNA,"{'id': 'XQ', 'value': 'Middle East, North Africa, Afghanistan & Pakistan (excluding high income)'}",2020,692532027.0
MNA,"{'id': 'XQ', 'value': 'Middle East, North Africa, Afghanistan & Pakistan (excluding high income)'}",2019,680490997.0
MNA,"{'id': 'XQ', 'value': 'Middle East, North Africa, Afghanistan & Pakistan (excluding high income)'}",2018,668447432.0
MNA,"{'id': 'XQ', 'value': 'Middle East, North Africa, Afghanistan & Pakistan (excluding high income)'}",2017,656767614.0
MNA,"{'id': 'XQ', 'value': 'Middle East, North Africa, Afghanistan & Pakistan (excluding high income)'}",2016,645837915.0
MNA,"{'id': 'XQ', 'value': 'Middle East, North Africa, Afghanistan & Pakistan (excluding high income)'}",2015,635352686.0
TMN,"{'id': 'T3', 'value': 'Middle East, North Africa, Afghanistan & Pakistan (IDA & IBRD)'}",2024,736401764.0
TMN,"{'id': 'T3', 'value': 'Middle East, North Africa, Afghanistan & Pakistan (IDA & IBRD)'}",2023,723911670.0
TMN,"{'id': 'T3', 'value': 'Middle East, North Africa, Afghanistan & Pakistan (IDA & IBRD)'}",2022,711465045.0
TMN,"{'id': 'T3', 'value': 'Middle East, North Africa, Afghanistan & Pakistan (IDA & IBRD)'}",2021,699536053.0
TMN,"{'id': 'T3', 'value': 'Middle East, North Africa, Afghanistan & Pakistan (IDA & IBRD)'}",2020,687728758.0
TMN,"{'id': 'T3', 'value': 'Middle East, North Africa, Afghanistan & Pakistan (IDA & IBRD)'}",2019,675805691.0
TMN,"{'id': 'T3', 'value': 'Middle East, North Africa, Afghanistan & Pakistan (IDA & IBRD)'}",2018,663878345.0
TMN,"{'id': 'T3', 'value': 'Middle East, North Africa, Afghanistan & Pakistan (IDA & IBRD)'}",2017,652312809.0
TMN,"{'id': 'T3', 'value': 'Middle East, North Africa, Afghanistan & Pakistan (IDA & IBRD)'}",2016,641470827.0
TMN,"{'id': 'T3', 'value': 'Middle East, North Africa, Afghanistan & Pakistan (IDA & IBRD)'}",2015,631082594.0
MIC,"{'id': 'XP', 'value': 'Middle income'}",2024,5938893610.0
MIC,"{'id': 'XP', 'value': 'Middle income'}",2023,5891100497.0
MIC,"{'id': 'XP', 'value': 'Middle income'}",2022,5846464711.0
MIC,"{'id': 'XP', 'value': 'Middle income'}",2021,5802247321.0
MIC,"{'id': 'XP', 'value': 'Middle income'}",2020,5753270728.0
MIC,"{'id': 'XP', 'value': 'Middle income'}",2019,5698581856.0
MIC,"{'id': 'XP', 'value': 'Middle income'}",2018,5640136670.0
MIC,"{'id': 'XP', 'value': 'Middle income'}",2017,5579081195.0
MIC,"{'id': 'XP', 'value': 'Middle income'}",2016,5515962374.0
MIC,"{'id': 'XP', 'value': 'Middle income'}",2015,5452914477.0
NAC,"{'id': 'XU', 'value': 'North America'}",2024,381464223.0
NAC,"{'id': 'XU', 'value': 'North America'}",2023,376954413.0
NAC,"{'id': 'XU', 'value': 'North America'}",2022,373018004.0
NAC,"{'id': 'XU', 'value': 'North America'}",2021,370404272.0
NAC,"{'id': 'XU', 'value': 'North America'}",2020,369670740.0
NAC,"{'id': 'XU', 'value': 'North America'}",2019,367908829.0
NAC,"{'id': 'XU', 'value': 'North America'}",2018,365666028.0
NAC,"{'id': 'XU', 'value': 'North America'}",2017,363217262.0
NAC,"{'id': 'XU', 'value': 'North America'}",2016,360527592.0
NAC,"{'id': 'XU', 'value': 'North America'}",2015,357583083.0
,"{'id': 'XY', 'value': 'Not classified'}",2024,
,"{'id': 'XY', 'value': 'Not classified'}",2023,
,"{'id': 'XY', 'value': 'Not classified'}",2022,
,"{'id': 'XY', 'value': 'Not classified'}",2021,
,"{'id': 'XY', 'value': 'Not classified'}",2020,
,"{'id': 'XY', 'value': 'Not classified'}",2019,
,"{'id': 'XY', 'value': 'Not classified'}",2018,
,"{'id': 'XY', 'value': 'Not classified'}",2017,
,"{'id': 'XY', 'value': 'Not classified'}",2016,
,"{'id': 'XY', 'value': 'Not classified'}",2015,
OED,"{'id': 'OE', 'value': 'OECD members'}",2024,1396877448.0
OED,"{'id': 'OE', 'value': 'OECD members'}",2023,1387897706.0
OED,"{'id': 'OE', 'value': 'OECD members'}",2022,1378565677.0
OED,"{'id': 'OE', 'value': 'OECD members'}",2021,1371785073.0
OED,"{'id': 'OE', 'value': 'OECD members'}",2020,1369310195.0
OED,"{'id': 'OE', 'value': 'OECD members'}",2019,1364146219.0
OED,"{'id': 'OE', 'value': 'OECD members'}",2018,1356470975.0
OED,"{'id': 'OE', 'value': 'OECD members'}",2017,1348127258.0
OED,"{'id': 'OE', 'value': 'OECD members'}",2016,1340142055.0
OED,"{'id': 'OE', 'value': 'OECD members'}",2015,1331675197.0
OSS,"{'id': 'S4', 'value': 'Other small states'}",2024,12931878.0
OSS,"{'id': 'S4', 'value': 'Other small states'}",2023,12822134.0
OSS,"{'id': 'S4', 'value': 'Other small states'}",2022,12699005.0
OSS,"{'id': 'S4', 'value': 'Other small states'}",2021,12541889.0
OSS,"{'id': 'S4', 'value': 'Other small states'}",2020,12417333.0
OSS,"{'id': 'S4', 'value': 'Other small states'}",2019,12281907.0
OSS,"{'id': 'S4', 'value': 'Other small states'}",2018,12135267.0
OSS,"{'id': 'S4', 'value': 'Other small states'}",2017,11989367.0
OSS,"{'id': 'S4', 'value': 'Other small states'}",2016,11851918.0
OSS,"{'id': 'S4', 'value': 'Other small states'}",2015,11722398.0
PSS,"{'id': 'S2', 'value': 'Pacific island small states'}",2024,2722467.0
PSS,"{'id': 'S2', 'value': 'Pacific island small states'}",2023,2689224.0
PSS,"{'id': 'S2', 'value': 'Pacific island small states'}",2022,2656049.0
PSS,"{'id': 'S2', 'value': 'Pacific island small states'}",2021,2625493.0
PSS,"{'id': 'S2', 'value': 'Pacific island small states'}",2020,2595522.0
PSS,"{'id': 'S2', 'value': 'Pacific island small states'}",2019,2568656.0
PSS,"{'id': 'S2', 'value': 'Pacific island small states'}",2018,2542009.0
PSS,"{'id': 'S2', 'value': 'Pacific island small states'}",2017,2509999.0
PSS,"{'id': 'S2', 'value': 'Pacific island small states'}",2016,2477794.0
PSS,"{'id': 'S2', 'value': 'Pacific island small states'}",2015,2445989.0
PST,"{'id': 'V4', 'value': 'Post-demographic dividend'}",2024,1128377826.0
PST,"{'id': 'V4', 'value': 'Post-demographic dividend'}",2023,1121315547.0
PST,"{'id': 'V4', 'value': 'Post-demographic dividend'}",2022,1117394729.0
PST,"{'id': 'V4', 'value': 'Post-demographic dividend'}",2021,1116582773.0
PST,"{'id': 'V4', 'value': 'Post-demographic dividend'}",2020,1117007476.0
PST,"{'id': 'V4', 'value': 'Post-demographic dividend'}",2019,1114898817.0
PST,"{'id': 'V4', 'value': 'Post-demographic dividend'}",2018,1111377470.0
PST,"{'id': 'V4', 'value': 'Post-demographic dividend'}",2017,1107161559.0
PST,"{'id': 'V4', 'value': 'Post-demographic dividend'}",2016,1102966925.0
PST,"{'id': 'V4', 'value': 'Post-demographic dividend'}",2015,1097890139.0
PRE,"{'id': 'V1', 'value': 'Pre-demographic dividend'}",2024,1105951788.0
PRE,"{'id': 'V1', 'value': 'Pre-demographic dividend'}",2023,1078224044.0
PRE,"{'id': 'V1', 'value': 'Pre-demographic dividend'}",2022,1051201551.0
PRE,"{'id': 'V1', 'value': 'Pre-demographic dividend'}",2021,1024960313.0
PRE,"{'id': 'V1', 'value': 'Pre-demographic dividend'}",2020,998624261.0
PRE,"{'id': 'V1', 'value': 'Pre-demographic dividend'}",2019,972302503.0
PRE,"{'id': 'V1', 'value': 'Pre-demographic dividend'}",2018,946317177.0
PRE,"{'id': 'V1', 'value': 'Pre-demographic dividend'}",2017,920568701.0
PRE,"{'id': 'V1', 'value': 'Pre-demographic dividend'}",2016,895239872.0
PRE,"{'id': 'V1', 'value': 'Pre-demographic dividend'}",2015,870587800.0
SST,"{'id': 'S1', 'value': 'Small states'}",2024,20193405.0
SST,"{'id': 'S1', 'value': 'Small states'}",2023,20031262.0
SST,"{'id': 'S1', 'value': 'Small states'}",2022,19852364.0
SST,"{'id': 'S1', 'value': 'Small states'}",2021,19646549.0
SST,"{'id': 'S1', 'value': 'Small states'}",2020,19472157.0
SST,"{'id': 'S1', 'value': 'Small states'}",2019,19293697.0
SST,"{'id': 'S1', 'value': 'Small states'}",2018,19084934.0
SST,"{'id': 'S1', 'value': 'Small states'}",2017,18865506.0
SST,"{'id': 'S1', 'value': 'Small states'}",2016,18671045.0
SST,"{'id': 'S1', 'value': 'Small states'}",2015,18482578.0
SAS,"{'id': '8S', 'value': 'South Asia'}",2024,1677384532.0
SAS,"{'id': '8S', 'value': 'South Asia'}",2023,1662580579.0
SAS,"{'id': '8S', 'value': 'South Asia'}",2022,1648009565.0
SAS,"{'id': '8S', 'value': 'South Asia'}",2021,1634785356.0
SAS,"{'id': '8S', 'value': 'South Asia'}",2020,1621073417.0
SAS,"{'id': '8S', 'value': 'South Asia'}",2019,1605412986.0
SAS,"{'id': '8S', 'value': 'South Asia'}",2018,1589164714.0
SAS,"{'id': '8S', 'value': 'South Asia'}",2017,1572520427.0
SAS,"{'id': '8S', 'value': 'South Asia'}",2016,1555111864.0
SAS,"{'id': '8S', 'value': 'South Asia'}",2015,1537370078.0
TSA,"{'id': 'T5', 'value': 'South Asia (IDA & IBRD)'}",2024,1677384532.0
TSA,"{'id': 'T5', 'value': 'South Asia (IDA & IBRD)'}",2023,1662580579.0
TSA,"{'id': 'T5', 'value': 'South Asia (IDA & IBRD)'}",2022,1648009565.0
TSA,"{'id': 'T5', 'value': 'South Asia (IDA & IBRD)'}",2021,1634785356.0
TSA,"{'id': 'T5', 'value': 'South Asia (IDA & IBRD)'}",2020,1621073417.0
TSA,"{'id': 'T5', 'value': 'South Asia (IDA & IBRD)'}",2019,1605412986.0
TSA,"{'id': 'T5', 'value': 'South Asia (IDA & IBRD)'}",2018,1589164714.0
TSA,"{'id': 'T5', 'value': 'South Asia (IDA & IBRD)'}",2017,1572520427.0
TSA,"{'id': 'T5', 'value': 'South Asia (IDA & IBRD)'}",2016,1555111864.0
TSA,"{'id': 'T5', 'value': 'South Asia (IDA & IBRD)'}",2015,1537370078.0
SSF,"{'id': 'ZG', 'value': 'Sub-Saharan Africa'}",2024,1291044964.0
SSF,"{'id': 'ZG', 'value': 'Sub-Saharan Africa'}",2023,1259889959.0
SSF,"{'id': 'ZG', 'value': 'Sub-Saharan Africa'}",2022,1229208573.0
SSF,"{'id': 'ZG', 'value': 'Sub-Saharan Africa'}",2021,1199011925.0
SSF,"{'id': 'ZG', 'value': 'Sub-Saharan Africa'}",2020,1169015451.0
SSF,"{'id': 'ZG', 'value': 'Sub-Saharan Africa'}",2019,1139315618.0
SSF,"{'id': 'ZG', 'value': 'Sub-Saharan Africa'}",2018,1109997000.0
SSF,"{'id': 'ZG', 'value': 'Sub-Saharan Africa'}",2017,1080941647.0
SSF,"{'id': 'ZG', 'value': 'Sub-Saharan Africa'}",2016,1052824144.0
SSF,"{'id': 'ZG', 'value': 'Sub-Saharan Africa'}",2015,1025251114.0
SSA,"{'id': 'ZF', 'value': 'Sub-Saharan Africa (excluding high income)'}",2024,1158863843.0
SSA,"{'id': 'ZF', 'value': 'Sub-Saharan Africa (excluding high income)'}",2023,1131078494.0
SSA,"{'id': 'ZF', 'value': 'Sub-Saharan Africa (excluding high income)'}",2022,1103704408.0
SSA,"{'id': 'ZF', 'value': 'Sub-Saharan Africa (excluding high income)'}",2021,1076774079.0
SSA,"{'id': 'ZF', 'value': 'Sub-Saharan Africa (excluding high income)'}",2020,1049999318.0
SSA,"{'id': 'ZF', 'value': 'Sub-Saharan Africa (excluding high income)'}",2019,1023480610.0
SSA,"{'id': 'ZF', 'value': 'Sub-Saharan Africa (excluding high income)'}",2018,997236086.0
SSA,"{'id': 'ZF', 'value': 'Sub-Saharan Africa (excluding high income)'}",2017,971179323.0
SSA,"{'id': 'ZF', 'value': 'Sub-Saharan Africa (excluding high income)'}",2016,946011305.0
SSA,"{'id': 'ZF', 'value': 'Sub-Saharan Africa (excluding high income)'}",2015,921290560.0
TSS,"{'id': 'T6', 'value': 'Sub-Saharan Africa (IDA & IBRD countries)'}",2024,1291044964.0
TSS,"{'id': 'T6', 'value': 'Sub-Saharan Africa (IDA & IBRD countries)'}",2023,1259889959.0
TSS,"{'id': 'T6', 'value': 'Sub-Saharan Africa (IDA & IBRD countries)'}",2022,1229208573.0
TSS,"{'id': 'T6', 'value': 'Sub-Saharan Africa (IDA & IBRD countries)'}",2021,1199011925.0
TSS,"{'id': 'T6', 'value': 'Sub-Saharan Africa (IDA & IBRD countries)'}",2020,1169015451.0
TSS,"{'id': 'T6', 'value': 'Sub-Saharan Africa (IDA & IBRD countries)'}",2019,1139315618.0
TSS,"{'id': 'T6', 'value': 'Sub-Saharan Africa (IDA & IBRD countries)'}",2018,1109997000.0
TSS,"{'id': 'T6', 'value': 'Sub-Saharan Africa (IDA & IBRD countries)'}",2017,1080941647.0
TSS,"{'id': 'T6', 'value': 'Sub-Saharan Africa (IDA & IBRD countries)'}",2016,1052824144.0
TSS,"{'id': 'T6', 'value': 'Sub-Saharan Africa (IDA & IBRD countries)'}",2015,1025251114.0
,"{'id': 'XT', 'value': 'Upper middle income'}",2024,2817912698.0
,"{'id': 'XT', 'value': 'Upper middle income'}",2023,2809097616.0
,"{'id': 'XT', 'value': 'Upper middle income'}",2022,2803106334.0
,"{'id': 'XT', 'value': 'Upper middle income'}",2021,2796004294.0
,"{'id': 'XT', 'value': 'Upper middle income'}",2020,2784871872.0
,"{'id': 'XT', 'value': 'Upper middle income'}",2019,2769964564.0
,"{'id': 'XT', 'value': 'Upper middle income'}",2018,2751574852.0
,"{'id': 'XT', 'value': 'Upper middle income'}",2017,2731150081.0
,"{'id': 'XT', 'value': 'Upper middle income'}",2016,2709372162.0
,"{'id': 'XT', 'value': 'Upper middle income'}",2015,2687902951.0
WLD,"{'id': '1W', 'value': 'World'}",2024,8141808945.0
WLD,"{'id': '1W', 'value': 'World'}",2023,8064057930.0
WLD,"{'id': '1W', 'value': 'World'}",2022,7989545217.0
WLD,"{'id': '1W', 'value': 'World'}",2021,7920514854.0
WLD,"{'id': '1W', 'value': 'World'}",2020,7854748424.0
WLD,"{'id': '1W', 'value': 'World'}",2019,7778008621.0
WLD,"{'id': '1W', 'value': 'World'}",2018,7697233736.0
WLD,"{'id': '1W', 'value': 'World'}",2017,7614523410.0
WLD,"{'id': '1W', 'value': 'World'}",2016,7528879985.0
WLD,"{'id': '1W', 'value': 'World'}",2015,7441677465.0
AFG,"{'id': 'AF', 'value': 'Afghanistan'}",2024,42647492.0
AFG,"{'id': 'AF', 'value': 'Afghanistan'}",2023,41454761.0
AFG,"{'id': 'AF', 'value': 'Afghanistan'}",2022,40578842.0
AFG,"{'id': 'AF', 'value': 'Afghanistan'}",2021,40000412.0
AFG,"{'id': 'AF', 'value': 'Afghanistan'}",2020,39068979.0
AFG,"{'id': 'AF', 'value': 'Afghanistan'}",2019,37856121.0
AFG,"{'id': 'AF', 'value': 'Afghanistan'}",2018,36743039.0
AFG,"{'id': 'AF', 'value': 'Afghanistan'}",2017,35688935.0
AFG,"{'id': 'AF', 'value': 'Afghanistan'}",2016,34700612.0
AFG,"{'id': 'AF', 'value': 'Afghanistan'}",2015,33831764.0
ALB,"{'id': 'AL', 'value': 'Albania'}",2024,2377128.0
ALB,"{'id': 'AL', 'value': 'Albania'}",2023,2414095.0
ALB,"{'id': 'AL', 'value': 'Albania'}",2022,2451636.0
ALB,"{'id': 'AL', 'value': 'Albania'}",2021,2489762.0
ALB,"{'id': 'AL', 'value': 'Albania'}",2020,2528480.0
ALB,"{'id': 'AL', 'value': 'Albania'}",2019,2567801.0
ALB,"{'id': 'AL', 'value': 'Albania'}",2018,2607733.0
ALB,"{'id': 'AL', 'value': 'Albania'}",2017,2648285.0
ALB,"{'id': 'AL', 'value': 'Albania'}",2016,2689469.0
ALB,"{'id': 'AL', 'value': 'Albania'}",2015,2731293.0
DZA,"{'id': 'DZ', 'value': 'Algeria'}",2024,46814308.0
DZA,"{'id': 'DZ', 'value': 'Algeria'}",2023,46164219.0
DZA,"{'id': 'DZ', 'value': 'Algeria'}",2022,45477389.0
DZA,"{'id': 'DZ', 'value': 'Algeria'}",2021,44761099.0
DZA,"{'id': 'DZ', 'value': 'Algeria'}",2020,44042091.0
DZA,"{'id': 'DZ', 'value': 'Algeria'}",2019,43294546.0
DZA,"{'id': 'DZ', 'value': 'Algeria'}",2018,42505035.0
DZA,"{'id': 'DZ', 'value': 'Algeria'}",2017,41689299.0
DZA,"{'id': 'DZ', 'value': 'Algeria'}",2016,40850721.0
DZA,"{'id': 'DZ', 'value': 'Algeria'}",2015,40019529.0
ASM,"{'id': 'AS', 'value': 'American Samoa'}",2024,46765.0
ASM,"{'id': 'AS', 'value': 'American Samoa'}",2023,47521.0
ASM,"{'id': 'AS', 'value': 'American Samoa'}",2022,48342.0
ASM,"{'id': 'AS', 'value': 'American Samoa'}",2021,49225.0
ASM,"{'id': 'AS', 'value': 'American Samoa'}",2020,49761.0
ASM,"{'id': 'AS', 'value': 'American Samoa'}",2019,50209.0
ASM,"{'id': 'AS', 'value': 'American Samoa'}",2018,50908.0
ASM,"{'id': 'AS', 'value': 'American Samoa'}",2017,51586.0
ASM,"{'id': 'AS', 'value': 'American Samoa'}",2016,52245.0
ASM,"{'id': 'AS', 'value': 'American Samoa'}",2015,52878.0
AND,"{'id': 'AD', 'value': 'Andorra'}",2024,81938.0
AND,"{'id': 'AD', 'value': 'Andorra'}",2023,80856.0
AND,"{'id': 'AD', 'value': 'Andorra'}",2022,79705.0
AND,"{'id': 'AD', 'value': 'Andorra'}",2021,78364.0
AND,"{'id': 'AD', 'value': 'Andorra'}",2020,77380.0
AND,"{'id': 'AD', 'value': 'Andorra'}",2019,76474.0
AND,"{'id': 'AD', 'value': 'Andorra'}",2018,75162.0
AND,"{'id': 'AD', 'value': 'Andorra'}",2017,73763.0
AND,"{'id': 'AD', 'value': 'Andorra'}",2016,72181.0
AND,"{'id': 'AD', 'value': 'Andorra'}",2015,72174.0
AGO,"{'id': 'AO', 'value': 'Angola'}",2024,37885849.0
AGO,"{'id': 'AO', 'value': 'Angola'}",2023,36749906.0
AGO,"{'id': 'AO', 'value': 'Angola'}",2022,35635029.0
AGO,"{'id': 'AO', 'value': 'Angola'}",2021,34532429.0
AGO,"{'id': 'AO', 'value': 'Angola'}",2020,33451132.0
AGO,"{'id': 'AO', 'value': 'Angola'}",2019,32375632.0
AGO,"{'id': 'AO', 'value': 'Angola'}",2018,31297155.0
AGO,"{'id': 'AO', 'value': 'Angola'}",2017,30234839.0
AGO,"{'id': 'AO', 'value': 'Angola'}",2016,29183070.0
AGO,"{'id': 'AO', 'value': 'Angola'}",2015,28157798.0
ATG,"{'id': 'AG', 'value': 'Antigua and Barbuda'}",2024,93772.0
ATG,"{'id': 'AG', 'value': 'Antigua and Barbuda'}",2023,93316.0
ATG,"{'id': 'AG', 'value': 'Antigua and Barbuda'}",2022,92840.0
ATG,"{'id': 'AG', 'value': 'Antigua and Barbuda'}",2021,92349.0
ATG,"{'id': 'AG', 'value': 'Antigua and Barbuda'}",2020,91846.0
ATG,"{'id': 'AG', 'value': 'Antigua and Barbuda'}",2019,91364.0
ATG,"{'id': 'AG', 'value': 'Antigua and Barbuda'}",2018,90926.0
ATG,"{'id': 'AG', 'value': 'Antigua and Barbuda'}",2017,90468.0
ATG,"{'id': 'AG', 'value': 'Antigua and Barbuda'}",2016,89969.0
ATG,"{'id': 'AG', 'value': 'Antigua and Barbuda'}",2015,89409.0
ARG,"{'id': 'AR', 'value': 'Argentina'}",2024,45696159.0
ARG,"{'id': 'AR', 'value': 'Argentina'}",2023,45538401.0
ARG,"{'id': 'AR', 'value': 'Argentina'}",2022,45407904.0
ARG,"{'id': 'AR', 'value': 'Argentina'}",2021,45312281.0
ARG,"{'id': 'AR', 'value': 'Argentina'}",2020,45191965.0
ARG,"{'id': 'AR', 'value': 'Argentina'}",2019,44973465.0
ARG,"{'id': 'AR', 'value': 'Argentina'}",2018,44654882.0
ARG,"{'id': 'AR', 'value': 'Argentina'}",2017,44288894.0
ARG,"{'id': 'AR', 'value': 'Argentina'}",2016,43900313.0
ARG,"{'id': 'AR', 'value': 'Argentina'}",2015,43477012.0
ARM,"{'id': 'AM', 'value': 'Armenia'}",2024,3033500.0
ARM,"{'id': 'AM', 'value': 'Armenia'}",2023,2964300.0
ARM,"{'id': 'AM', 'value': 'Armenia'}",2022,2969200.0
ARM,"{'id': 'AM', 'value': 'Armenia'}",2021,2962300.0
ARM,"{'id': 'AM', 'value': 'Armenia'}",2020,2961500.0
ARM,"{'id': 'AM', 'value': 'Armenia'}",2019,2962500.0
ARM,"{'id': 'AM', 'value': 'Armenia'}",2018,2969000.0
ARM,"{'id': 'AM', 'value': 'Armenia'}",2017,2979400.0
ARM,"{'id': 'AM', 'value': 'Armenia'}",2016,2992300.0
ARM,"{'id': 'AM', 'value': 'Armenia'}",2015,3004600.0
ABW,"{'id': 'AW', 'value': 'Aruba'}",2024,107995.0
ABW,"{'id': 'AW', 'value': 'Aruba'}",2023,107359.0
ABW,"{'id': 'AW', 'value': 'Aruba'}",2022,107310.0
ABW,"{'id': 'AW', 'value': 'Aruba'}",2021,107700.0
ABW,"{'id': 'AW', 'value': 'Aruba'}",2020,108587.0
ABW,"{'id': 'AW', 'value': 'Aruba'}",2019,109203.0
ABW,"{'id': 'AW', 'value': 'Aruba'}",2018,108908.0
ABW,"{'id': 'AW', 'value': 'Aruba'}",2017,108735.0
ABW,"{'id': 'AW', 'value': 'Aruba'}",2016,108727.0
ABW,"{'id': 'AW', 'value': 'Aruba'}",2015,107906.0
AUS,"{'id': 'AU', 'value': 'Australia'}",2024,27196812.0
AUS,"{'id': 'AU', 'value': 'Australia'}",2023,26659922.0
AUS,"{'id': 'AU', 'value': 'Australia'}",2022,26018721.0
AUS,"{'id': 'AU', 'value': 'Australia'}",2021,25685412.0
AUS,"{'id': 'AU', 'value': 'Australia'}",2020,25649248.0
AUS,"{'id': 'AU', 'value': 'Australia'}",2019,25334826.0
AUS,"{'id': 'AU', 'value': 'Australia'}",2018,24963258.0
AUS,"{'id': 'AU', 'value': 'Australia'}",2017,24592588.0
AUS,"{'id': 'AU', 'value': 'Australia'}",2016,24190907.0
AUS,"{'id': 'AU', 'value': 'Australia'}",2015,23815995.0
AUT,"{'id': 'AT', 'value': 'Austria'}",2024,9177982.0
AUT,"{'id': 'AT', 'value': 'Austria'}",2023,9131761.0
AUT,"{'id': 'AT', 'value': 'Austria'}",2022,9041851.0
AUT,"{'id': 'AT', 'value': 'Austria'}",2021,8955797.0
AUT,"{'id': 'AT', 'value': 'Austria'}",2020,8916864.0
AUT,"{'id': 'AT', 'value': 'Austria'}",2019,8879920.0
AUT,"{'id': 'AT', 'value': 'Austria'}",2018,8840521.0
AUT,"{'id': 'AT', 'value': 'Austria'}",2017,8797566.0
AUT,"{'id': 'AT', 'value': 'Austria'}",2016,8736668.0
AUT,"{'id': 'AT', 'value': 'Austria'}",2015,8642699.0
AZE,"{'id': 'AZ', 'value': 'Azerbaijan'}",2024,10202830.0
AZE,"{'id': 'AZ', 'value': 'Azerbaijan'}",2023,10153958.0
AZE,"{'id': 'AZ', 'value': 'Azerbaijan'}",2022,10141756.0
AZE,"{'id': 'AZ', 'value': 'Azerbaijan'}",2021,10137750.0
AZE,"{'id': 'AZ', 'value': 'Azerbaijan'}",2020,10093121.0
AZE,"{'id': 'AZ', 'value': 'Azerbaijan'}",2019,10024283.0
AZE,"{'id': 'AZ', 'value': 'Azerbaijan'}",2018,9939771.0
AZE,"{'id': 'AZ', 'value': 'Azerbaijan'}",2017,9854033.0
AZE,"{'id': 'AZ', 'value': 'Azerbaijan'}",2016,9757812.0
AZE,"{'id': 'AZ', 'value': 'Azerbaijan'}",2015,9649341.0
BHS,"{'id': 'BS', 'value': 'Bahamas, The'}",2024,401283.0
BHS,"{'id': 'BS', 'value': 'Bahamas, The'}",2023,399440.0
BHS,"{'id': 'BS', 'value': 'Bahamas, The'}",2022,397538.0
BHS,"{'id': 'BS', 'value': 'Bahamas, The'}",2021,396373.0
BHS,"{'id': 'BS', 'value': 'Bahamas, The'}",2020,395863.0
BHS,"{'id': 'BS', 'value': 'Bahamas, The'}",2019,394675.0
BHS,"{'id': 'BS', 'value': 'Bahamas, The'}",2018,392717.0
BHS,"{'id': 'BS', 'value': 'Bahamas, The'}",2017,390485.0
BHS,"{'id': 'BS', 'value': 'Bahamas, The'}",2016,388055.0
BHS,"{'id': 'BS', 'value': 'Bahamas, The'}",2015,385346.0
BHR,"{'id': 'BH', 'value': 'Bahrain'}",2024,1588670.0
BHR,"{'id': 'BH', 'value': 'Bahrain'}",2023,1577059.0
BHR,"{'id': 'BH', 'value': 'Bahrain'}",2022,1524693.0
BHR,"{'id': 'BH', 'value': 'Bahrain'}",2021,1504365.0
BHR,"{'id': 'BH', 'value': 'Bahrain'}",2020,1472204.0
BHR,"{'id': 'BH', 'value': 'Bahrain'}",2019,1483756.0
BHR,"{'id': 'BH', 'value': 'Bahrain'}",2018,1503091.0
BHR,"{'id': 'BH', 'value': 'Bahrain'}",2017,1501116.0
BHR,"{'id': 'BH', 'value': 'Bahrain'}",2016,1423726.0
BHR,"{'id': 'BH', 'value': 'Bahrain'}",2015,1370322.0
BGD,"{'id': 'BD', 'value': 'Bangladesh'}",2024,173562364.0
BGD,"{'id': 'BD', 'value': 'Bangladesh'}",2023,171466990.0
BGD,"{'id': 'BD', 'value': 'Bangladesh'}",2022,169384897.0
BGD,"{'id': 'BD', 'value': 'Bangladesh'}",2021,167658854.0
BGD,"{'id': 'BD', 'value': 'Bangladesh'}",2020,166298024.0
BGD,"{'id': 'BD', 'value': 'Bangladesh'}",2019,164913055.0
BGD,"{'id': 'BD', 'value': 'Bangladesh'}",2018,163523103.0
BGD,"{'id': 'BD', 'value': 'Bangladesh'}",2017,162186147.0
BGD,"{'id': 'BD', 'value': 'Bangladesh'}",2016,160811932.0
BGD,"{'id': 'BD', 'value': 'Bangladesh'}",2015,159383179.0
BRB,"{'id': 'BB', 'value': 'Barbados'}",2024,282467.0
BRB,"{'id': 'BB', 'value': 'Barbados'}",2023,282336.0
BRB,"{'id': 'BB', 'value': 'Barbados'}",2022,282318.0
BRB,"{'id': 'BB', 'value': 'Barbados'}",2021,282147.0
BRB,"{'id': 'BB', 'value': 'Barbados'}",2020,281698.0
BRB,"{'id': 'BB', 'value': 'Barbados'}",2019,281207.0
BRB,"{'id': 'BB', 'value': 'Barbados'}",2018,280711.0
BRB,"{'id': 'BB', 'value': 'Barbados'}",2017,280171.0
BRB,"{'id': 'BB', 'value': 'Barbados'}",2016,279598.0
BRB,"{'id': 'BB', 'value': 'Barbados'}",2015,278990.0
BLR,"{'id': 'BY', 'value': 'Belarus'}",2024,9132629.0
BLR,"{'id': 'BY', 'value': 'Belarus'}",2023,9178298.0
BLR,"{'id': 'BY', 'value': 'Belarus'}",2022,9228071.0
BLR,"{'id': 'BY', 'value': 'Belarus'}",2021,9302585.0
BLR,"{'id': 'BY', 'value': 'Belarus'}",2020,9379952.0
BLR,"{'id': 'BY', 'value': 'Belarus'}",2019,9419758.0
BLR,"{'id': 'BY', 'value': 'Belarus'}",2018,9438785.0
BLR,"{'id': 'BY', 'value': 'Belarus'}",2017,9458989.0
BLR,"{'id': 'BY', 'value': 'Belarus'}",2016,9469379.0
BLR,"{'id': 'BY', 'value': 'Belarus'}",2015,9461076.0
BEL,"{'id': 'BE', 'value': 'Belgium'}",2024,11858610.0
BEL,"{'id': 'BE', 'value': 'Belgium'}",2023,11779946.0
BEL,"{'id': 'BE', 'value': 'Belgium'}",2022,11680210.0
BEL,"{'id': 'BE', 'value': 'Belgium'}",2021,11586195.0
BEL,"{'id': 'BE', 'value': 'Belgium'}",2020,11538604.0
BEL,"{'id': 'BE', 'value': 'Belgium'}",2019,11488980.0
BEL,"{'id': 'BE', 'value': 'Belgium'}",2018,11427054.0
BEL,"{'id': 'BE', 'value': 'Belgium'}",2017,11375158.0
BEL,"{'id': 'BE', 'value': 'Belgium'}",2016,11331422.0
BEL,"{'id': 'BE', 'value': 'Belgium'}",2015,11274196.0
BLZ,"{'id': 'BZ', 'value': 'Belize'}",2024,417072.0
BLZ,"{'id': 'BZ', 'value': 'Belize'}",2023,411106.0
BLZ,"{'id': 'BZ', 'value': 'Belize'}",2022,402733.0
BLZ,"{'id': 'BZ', 'value': 'Belize'}",2021,395346.0
BLZ,"{'id': 'BZ', 'value': 'Belize'}",2020,390812.0
BLZ,"{'id': 'BZ', 'value': 'Belize'}",2019,385829.0
BLZ,"{'id': 'BZ', 'value': 'Belize'}",2018,380226.0
BLZ,"{'id': 'BZ', 'value': 'Belize'}",2017,373202.0
BLZ,"{'id': 'BZ', 'value': 'Belize'}",2016,364705.0
BLZ,"{'id': 'BZ', 'value': 'Belize'}",2015,356333.0
BEN,"{'id': 'BJ', 'value': 'Benin'}",2024,14462724.0
BEN,"{'id': 'BJ', 'value': 'Benin'}",2023,14111034.0
BEN,"{'id': 'BJ', 'value': 'Benin'}",2022,13759501.0
BEN,"{'id': 'BJ', 'value': 'Benin'}",2021,13413417.0
BEN,"{'id': 'BJ', 'value': 'Benin'}",2020,13070169.0
BEN,"{'id': 'BJ', 'value': 'Benin'}",2019,12726755.0
BEN,"{'id': 'BJ', 'value': 'Benin'}",2018,12383347.0
BEN,"{'id': 'BJ', 'value': 'Benin'}",2017,12039780.0
BEN,"{'id': 'BJ', 'value': 'Benin'}",2016,11697842.0
BEN,"{'id': 'BJ', 'value': 'Benin'}",2015,11360681.0
BMU,"{'id': 'BM', 'value': 'Bermuda'}",2024,64636.0
BMU,"{'id': 'BM', 'value': 'Bermuda'}",2023,64698.0
BMU,"{'id': 'BM', 'value': 'Bermuda'}",2022,64749.0
BMU,"{'id': 'BM', 'value': 'Bermuda'}",2021,64648.0
BMU,"{'id': 'BM', 'value': 'Bermuda'}",2020,64382.0
BMU,"{'id': 'BM', 'value': 'Bermuda'}",2019,64107.0
BMU,"{'id': 'BM', 'value': 'Bermuda'}",2018,63831.0
BMU,"{'id': 'BM', 'value': 'Bermuda'}",2017,63578.0
BMU,"{'id': 'BM', 'value': 'Bermuda'}",2016,63449.0
BMU,"{'id': 'BM', 'value': 'Bermuda'}",2015,63464.0
BTN,"{'id': 'BT', 'value': 'Bhutan'}",2024,791524.0
BTN,"{'id': 'BT', 'value': 'Bhutan'}",2023,786385.0
BTN,"{'id': 'BT', 'value': 'Bhutan'}",2022,780914.0
BTN,"{'id': 'BT', 'value': 'Bhutan'}",2021,775442.0
BTN,"{'id': 'BT', 'value': 'Bhutan'}",2020,770006.0
BTN,"{'id': 'BT', 'value': 'Bhutan'}",2019,764824.0
BTN,"{'id': 'BT', 'value': 'Bhutan'}",2018,759759.0
BTN,"{'id': 'BT', 'value': 'Bhutan'}",2017,754335.0
BTN,"{'id': 'BT', 'value': 'Bhutan'}",2016,747866.0
BTN,"{'id': 'BT', 'value': 'Bhutan'}",2015,740618.0
BOL,"{'id': 'BO', 'value': 'Bolivia'}",2024,12413315.0
BOL,"{'id': 'BO', 'value': 'Bolivia'}",2023,12244159.0
BOL,"{'id': 'BO', 'value': 'Bolivia'}",2022,12077154.0
BOL,"{'id': 'BO', 'value': 'Bolivia'}",2021,11937360.0
BOL,"{'id': 'BO', 'value': 'Bolivia'}",2020,11816299.0
BOL,"{'id': 'BO', 'value': 'Bolivia'}",2019,11671386.0
BOL,"{'id': 'BO', 'value': 'Bolivia'}",2018,11508368.0
BOL,"{'id': 'BO', 'value': 'Bolivia'}",2017,11344587.0
BOL,"{'id': 'BO', 'value': 'Bolivia'}",2016,11180020.0
BOL,"{'id': 'BO', 'value': 'Bolivia'}",2015,11014705.0
BIH,"{'id': 'BA', 'value': 'Bosnia and Herzegovina'}",2024,3164253.0
BIH,"{'id': 'BA', 'value': 'Bosnia and Herzegovina'}",2023,3185073.0
BIH,"{'id': 'BA', 'value': 'Bosnia and Herzegovina'}",2022,3204802.0
BIH,"{'id': 'BA', 'value': 'Bosnia and Herzegovina'}",2021,3244907.0
BIH,"{'id': 'BA', 'value': 'Bosnia and Herzegovina'}",2020,3299349.0
BIH,"{'id': 'BA', 'value': 'Bosnia and Herzegovina'}",2019,3345533.0
BIH,"{'id': 'BA', 'value': 'Bosnia and Herzegovina'}",2018,3387000.0
BIH,"{'id': 'BA', 'value': 'Bosnia and Herzegovina'}",2017,3428682.0
BIH,"{'id': 'BA', 'value': 'Bosnia and Herzegovina'}",2016,3473003.0
BIH,"{'id': 'BA', 'value': 'Bosnia and Herzegovina'}",2015,3518541.0
BWA,"{'id': 'BW', 'value': 'Botswana'}",2024,2521139.0
BWA,"{'id': 'BW', 'value': 'Botswana'}",2023,2480244.0
BWA,"{'id': 'BW', 'value': 'Botswana'}",2022,2439892.0
BWA,"{'id': 'BW', 'value': 'Botswana'}",2021,2401441.0
BWA,"{'id': 'BW', 'value': 'Botswana'}",2020,2365894.0
BWA,"{'id': 'BW', 'value': 'Botswana'}",2019,2332083.0
BWA,"{'id': 'BW', 'value': 'Botswana'}",2018,2299141.0
BWA,"{'id': 'BW', 'value': 'Botswana'}",2017,2266747.0
BWA,"{'id': 'BW', 'value': 'Botswana'}",2016,2234776.0
BWA,"{'id': 'BW', 'value': 'Botswana'}",2015,2203273.0
BRA,"{'id': 'BR', 'value': 'Brazil'}",2024,211998573.0
BRA,"{'id': 'BR', 'value': 'Brazil'}",2023,211140729.0
BRA,"{'id': 'BR', 'value': 'Brazil'}",2022,210306415.0
BRA,"{'id': 'BR', 'value': 'Brazil'}",2021,209550294.0
BRA,"{'id': 'BR', 'value': 'Brazil'}",2020,208660842.0
BRA,"{'id': 'BR', 'value': 'Brazil'}",2019,207455459.0
BRA,"{'id': 'BR', 'value': 'Brazil'}",2018,206107261.0
BRA,"{'id': 'BR', 'value': 'Brazil'}",2017,204703445.0
BRA,"{'id': 'BR', 'value': 'Brazil'}",2016,203218114.0
BRA,"{'id': 'BR', 'value': 'Brazil'}",2015,201675532.0
VGB,"{'id': 'VG', 'value': 'British Virgin Islands'}",2024,39471.0
VGB,"{'id': 'VG', 'value': 'British Virgin Islands'}",2023,38985.0
VGB,"{'id': 'VG', 'value': 'British Virgin Islands'}",2022,38319.0
VGB,"{'id': 'VG', 'value': 'British Virgin Islands'}",2021,37809.0
VGB,"{'id': 'VG', 'value': 'British Virgin Islands'}",2020,37135.0
VGB,"{'id': 'VG', 'value': 'British Virgin Islands'}",2019,36395.0
VGB,"{'id': 'VG', 'value': 'British Virgin Islands'}",2018,34657.0
VGB,"{'id': 'VG', 'value': 'British Virgin Islands'}",2017,32699.0
VGB,"{'id': 'VG', 'value': 'British Virgin Islands'}",2016,33878.0
VGB,"{'id': 'VG', 'value': 'British Virgin Islands'}",2015,34498.0
BRN,"{'id': 'BN', 'value': 'Brunei Darussalam'}",2024,462721.0
BRN,"{'id': 'BN', 'value': 'Brunei Darussalam'}",2023,458949.0
BRN,"{'id': 'BN', 'value': 'Brunei Darussalam'}",2022,455370.0
BRN,"{'id': 'BN', 'value': 'Brunei Darussalam'}",2021,451721.0
BRN,"{'id': 'BN', 'value': 'Brunei Darussalam'}",2020,447404.0
BRN,"{'id': 'BN', 'value': 'Brunei Darussalam'}",2019,442680.0
BRN,"{'id': 'BN', 'value': 'Brunei Darussalam'}",2018,437810.0
BRN,"{'id': 'BN', 'value': 'Brunei Darussalam'}",2017,432772.0
BRN,"{'id': 'BN', 'value': 'Brunei Darussalam'}",2016,427564.0
BRN,"{'id': 'BN', 'value': 'Brunei Darussalam'}",2015,422212.0
BGR,"{'id': 'BG', 'value': 'Bulgaria'}",2024,6441421.0
BGR,"{'id': 'BG', 'value': 'Bulgaria'}",2023,6446596.0
BGR,"{'id': 'BG', 'value': 'Bulgaria'}",2022,6465097.0
BGR,"{'id': 'BG', 'value': 'Bulgaria'}",2021,6507301.0
BGR,"{'id': 'BG', 'value': 'Bulgaria'}",2020,6550696.0
BGR,"{'id': 'BG', 'value': 'Bulgaria'}",2019,6616726.0
BGR,"{'id': 'BG', 'value': 'Bulgaria'}",2018,6710798.0
BGR,"{'id': 'BG', 'value': 'Bulgaria'}",2017,6803468.0
BGR,"{'id': 'BG', 'value': 'Bulgaria'}",2016,6894139.0
BGR,"{'id': 'BG', 'value': 'Bulgaria'}",2015,6984225.0
BFA,"{'id': 'BF', 'value': 'Burkina Faso'}",2024,23548781.0
BFA,"{'id': 'BF', 'value': 'Burkina Faso'}",2023,23025776.0
BFA,"{'id': 'BF', 'value': 'Burkina Faso'}",2022,22509038.0
BFA,"{'id': 'BF', 'value': 'Burkina Faso'}",2021,21995243.0
BFA,"{'id': 'BF', 'value': 'Burkina Faso'}",2020,21478690.0
BFA,"{'id': 'BF', 'value': 'Burkina Faso'}",2019,20961952.0
BFA,"{'id': 'BF', 'value': 'Burkina Faso'}",2018,20438288.0
BFA,"{'id': 'BF', 'value': 'Burkina Faso'}",2017,19894407.0
BFA,"{'id': 'BF', 'value': 'Burkina Faso'}",2016,19334856.0
BFA,"{'id': 'BF', 'value': 'Burkina Faso'}",2015,18777487.0
BDI,"{'id': 'BI', 'value': 'Burundi'}",2024,14047786.0
BDI,"{'id': 'BI', 'value': 'Burundi'}",2023,13689450.0
BDI,"{'id': 'BI', 'value': 'Burundi'}",2022,13321097.0
BDI,"{'id': 'BI', 'value': 'Burundi'}",2021,12965481.0
BDI,"{'id': 'BI', 'value': 'Burundi'}",2020,12617036.0
BDI,"{'id': 'BI', 'value': 'Burundi'}",2019,12255336.0
BDI,"{'id': 'BI', 'value': 'Burundi'}",2018,11859446.0
BDI,"{'id': 'BI', 'value': 'Burundi'}",2017,11506762.0
BDI,"{'id': 'BI', 'value': 'Burundi'}",2016,11239451.0
BDI,"{'id': 'BI', 'value': 'Burundi'}",2015,11047580.0
CPV,"{'id': 'CV', 'value': 'Cabo Verde'}",2024,524877.0
CPV,"{'id': 'CV', 'value': 'Cabo Verde'}",2023,522331.0
CPV,"{'id': 'CV', 'value': 'Cabo Verde'}",2022,519741.0
CPV,"{'id': 'CV', 'value': 'Cabo Verde'}",2021,516649.0
CPV,"{'id': 'CV', 'value': 'Cabo Verde'}",2020,514679.0
CPV,"{'id': 'CV', 'value': 'Cabo Verde'}",2019,514104.0
CPV,"{'id': 'CV', 'value': 'Cabo Verde'}",2018,513415.0
CPV,"{'id': 'CV', 'value': 'Cabo Verde'}",2017,512893.0
CPV,"{'id': 'CV', 'value': 'Cabo Verde'}",2016,512554.0
CPV,"{'id': 'CV', 'value': 'Cabo Verde'}",2015,512394.0
KHM,"{'id': 'KH', 'value': 'Cambodia'}",2024,17638801.0
KHM,"{'id': 'KH', 'value': 'Cambodia'}",2023,17423880.0
KHM,"{'id': 'KH', 'value': 'Cambodia'}",2022,17201724.0
KHM,"{'id': 'KH', 'value': 'Cambodia'}",2021,16974305.0
KHM,"{'id': 'KH', 'value': 'Cambodia'}",2020,16725474.0
KHM,"{'id': 'KH', 'value': 'Cambodia'}",2019,16481304.0
KHM,"{'id': 'KH', 'value': 'Cambodia'}",2018,16274522.0
KHM,"{'id': 'KH', 'value': 'Cambodia'}",2017,16073372.0
KHM,"{'id': 'KH', 'value': 'Cambodia'}",2016,15852803.0
KHM,"{'id': 'KH', 'value': 'Cambodia'}",2015,15623251.0
CMR,"{'id': 'CM', 'value': 'Cameroon'}",2024,29123744.0
CMR,"{'id': 'CM', 'value': 'Cameroon'}",2023,28372687.0
CMR,"{'id': 'CM', 'value': 'Cameroon'}",2022,27632771.0
CMR,"{'id': 'CM', 'value': 'Cameroon'}",2021,26915758.0
CMR,"{'id': 'CM', 'value': 'Cameroon'}",2020,26210558.0
CMR,"{'id': 'CM', 'value': 'Cameroon'}",2019,25506095.0
CMR,"{'id': 'CM', 'value': 'Cameroon'}",2018,24806383.0
CMR,"{'id': 'CM', 'value': 'Cameroon'}",2017,24128601.0
CMR,"{'id': 'CM', 'value': 'Cameroon'}",2016,23454161.0
CMR,"{'id': 'CM', 'value': 'Cameroon'}",2015,22763414.0
CAN,"{'id': 'CA', 'value': 'Canada'}",2024,41288599.0
CAN,"{'id': 'CA', 'value': 'Canada'}",2023,40083484.0
CAN,"{'id': 'CA', 'value': 'Canada'}",2022,38935934.0
CAN,"{'id': 'CA', 'value': 'Canada'}",2021,38239864.0
CAN,"{'id': 'CA', 'value': 'Canada'}",2020,38028638.0
CAN,"{'id': 'CA', 'value': 'Canada'}",2019,37618495.0
CAN,"{'id': 'CA', 'value': 'Canada'}",2018,37072620.0
CAN,"{'id': 'CA', 'value': 'Canada'}",2017,36545075.0
CAN,"{'id': 'CA', 'value': 'Canada'}",2016,36110803.0
CAN,"{'id': 'CA', 'value': 'Canada'}",2015,35704498.0
CYM,"{'id': 'KY', 'value': 'Cayman Islands'}",2024,74457.0
CYM,"{'id': 'KY', 'value': 'Cayman Islands'}",2023,73038.0
CYM,"{'id': 'KY', 'value': 'Cayman Islands'}",2022,71591.0
CYM,"{'id': 'KY', 'value': 'Cayman Islands'}",2021,70108.0
CYM,"{'id': 'KY', 'value': 'Cayman Islands'}",2020,68684.0
CYM,"{'id': 'KY', 'value': 'Cayman Islands'}",2019,67327.0
CYM,"{'id': 'KY', 'value': 'Cayman Islands'}",2018,65941.0
CYM,"{'id': 'KY', 'value': 'Cayman Islands'}",2017,64535.0
CYM,"{'id': 'KY', 'value': 'Cayman Islands'}",2016,63100.0
CYM,"{'id': 'KY', 'value': 'Cayman Islands'}",2015,61642.0
CAF,"{'id': 'CF', 'value': 'Central African Republic'}",2024,5330690.0
CAF,"{'id': 'CF', 'value': 'Central African Republic'}",2023,5152421.0
CAF,"{'id': 'CF', 'value': 'Central African Republic'}",2022,5098039.0
CAF,"{'id': 'CF', 'value': 'Central African Republic'}",2021,5112100.0
CAF,"{'id': 'CF', 'value': 'Central African Republic'}",2020,5026628.0
CAF,"{'id': 'CF', 'value': 'Central African Republic'}",2019,4944703.0
CAF,"{'id': 'CF', 'value': 'Central African Republic'}",2018,4878657.0
CAF,"{'id': 'CF', 'value': 'Central African Republic'}",2017,4793511.0
CAF,"{'id': 'CF', 'value': 'Central African Republic'}",2016,4713663.0
CAF,"{'id': 'CF', 'value': 'Central African Republic'}",2015,4629320.0
TCD,"{'id': 'TD', 'value': 'Chad'}",2024,20299123.0
TCD,"{'id': 'TD', 'value': 'Chad'}",2023,19319064.0
TCD,"{'id': 'TD', 'value': 'Chad'}",2022,18455316.0
TCD,"{'id': 'TD', 'value': 'Chad'}",2021,17828273.0
TCD,"{'id': 'TD', 'value': 'Chad'}",2020,17224679.0
TCD,"{'id': 'TD', 'value': 'Chad'}",2019,16685223.0
TCD,"{'id': 'TD', 'value': 'Chad'}",2018,16156531.0
TCD,"{'id': 'TD', 'value': 'Chad'}",2017,15622759.0
TCD,"{'id': 'TD', 'value': 'Chad'}",2016,15114655.0
TCD,"{'id': 'TD', 'value': 'Chad'}",2015,14647621.0
CHI,"{'id': 'JG', 'value': 'Channel Islands'}",2024,168126.0
CHI,"{'id': 'JG', 'value': 'Channel Islands'}",2023,167691.0
CHI,"{'id': 'JG', 'value': 'Channel Islands'}",2022,167215.0
CHI,"{'id': 'JG', 'value': 'Channel Islands'}",2021,166741.0
CHI,"{'id': 'JG', 'value': 'Channel Islands'}",2020,166235.0
CHI,"{'id': 'JG', 'value': 'Channel Islands'}",2019,165639.0
CHI,"{'id': 'JG', 'value': 'Channel Islands'}",2018,164949.0
CHI,"{'id': 'JG', 'value': 'Channel Islands'}",2017,164319.0
CHI,"{'id': 'JG', 'value': 'Channel Islands'}",2016,163883.0
CHI,"{'id': 'JG', 'value': 'Channel Islands'}",2015,163454.0
CHL,"{'id': 'CL', 'value': 'Chile'}",2024,19764771.0
CHL,"{'id': 'CL', 'value': 'Chile'}",2023,19658835.0
CHL,"{'id': 'CL', 'value': 'Chile'}",2022,19553036.0
CHL,"{'id': 'CL', 'value': 'Chile'}",2021,19456334.0
CHL,"{'id': 'CL', 'value': 'Chile'}",2020,19370624.0
CHL,"{'id': 'CL', 'value': 'Chile'}",2019,19197744.0
CHL,"{'id': 'CL', 'value': 'Chile'}",2018,18893191.0
CHL,"{'id': 'CL', 'value': 'Chile'}",2017,18558868.0
CHL,"{'id': 'CL', 'value': 'Chile'}",2016,18267221.0
CHL,"{'id': 'CL', 'value': 'Chile'}",2015,18047625.0
CHN,"{'id': 'CN', 'value': 'China'}",2024,1408975000.0
CHN,"{'id': 'CN', 'value': 'China'}",2023,1410710000.0
CHN,"{'id': 'CN', 'value': 'China'}",2022,1412175000.0
CHN,"{'id': 'CN', 'value': 'China'}",2021,1412360000.0
CHN,"{'id': 'CN', 'value': 'China'}",2020,1411100000.0
CHN,"{'id': 'CN', 'value': 'China'}",2019,1407745000.0
CHN,"{'id': 'CN', 'value': 'China'}",2018,1402760000.0
CHN,"{'id': 'CN', 'value': 'China'}",2017,1396215000.0
CHN,"{'id': 'CN', 'value': 'China'}",2016,1387790000.0
CHN,"{'id': 'CN', 'value': 'China'}",2015,1379860000.0
COL,"{'id': 'CO', 'value': 'Colombia'}",2024,52886363.0
COL,"{'id': 'CO', 'value': 'Colombia'}",2023,52321152.0
COL,"{'id': 'CO', 'value': 'Colombia'}",2022,51737944.0
COL,"{'id': 'CO', 'value': 'Colombia'}",2021,51188173.0
COL,"{'id': 'CO', 'value': 'Colombia'}",2020,50629997.0
COL,"{'id': 'CO', 'value': 'Colombia'}",2019,49907985.0
COL,"{'id': 'CO', 'value': 'Colombia'}",2018,49024465.0
COL,"{'id': 'CO', 'value': 'Colombia'}",2017,48131078.0
COL,"{'id': 'CO', 'value': 'Colombia'}",2016,47437512.0
COL,"{'id': 'CO', 'value': 'Colombia'}",2015,46969940.0
COM,"{'id': 'KM', 'value': 'Comoros'}",2024,866628.0
COM,"{'id': 'KM', 'value': 'Comoros'}",2023,850387.0
COM,"{'id': 'KM', 'value': 'Comoros'}",2022,834188.0
COM,"{'id': 'KM', 'value': 'Comoros'}",2021,818174.0
COM,"{'id': 'KM', 'value': 'Comoros'}",2020,802163.0
COM,"{'id': 'KM', 'value': 'Comoros'}",2019,786578.0
COM,"{'id': 'KM', 'value': 'Comoros'}",2018,771590.0
COM,"{'id': 'KM', 'value': 'Comoros'}",2017,756669.0
COM,"{'id': 'KM', 'value': 'Comoros'}",2016,741741.0
COM,"{'id': 'KM', 'value': 'Comoros'}",2015,726682.0
COD,"{'id': 'CD', 'value': 'Congo, Dem. Rep.'}",2024,109276265.0
COD,"{'id': 'CD', 'value': 'Congo, Dem. Rep.'}",2023,105789731.0
COD,"{'id': 'CD', 'value': 'Congo, Dem. Rep.'}",2022,102396968.0
COD,"{'id': 'CD', 'value': 'Congo, Dem. Rep.'}",2021,99148932.0
COD,"{'id': 'CD', 'value': 'Congo, Dem. Rep.'}",2020,95989998.0
COD,"{'id': 'CD', 'value': 'Congo, Dem. Rep.'}",2019,92947442.0
COD,"{'id': 'CD', 'value': 'Congo, Dem. Rep.'}",2018,90047644.0
COD,"{'id': 'CD', 'value': 'Congo, Dem. Rep.'}",2017,87083398.0
COD,"{'id': 'CD', 'value': 'Congo, Dem. Rep.'}",2016,83956415.0
COD,"{'id': 'CD', 'value': 'Congo, Dem. Rep.'}",2015,81035531.0
COG,"{'id': 'CG', 'value': 'Congo, Rep.'}",2024,6332961.0
COG,"{'id': 'CG', 'value': 'Congo, Rep.'}",2023,6182885.0
COG,"{'id': 'CG', 'value': 'Congo, Rep.'}",2022,6035104.0
COG,"{'id': 'CG', 'value': 'Congo, Rep.'}",2021,5892183.0
COG,"{'id': 'CG', 'value': 'Congo, Rep.'}",2020,5752791.0
COG,"{'id': 'CG', 'value': 'Congo, Rep.'}",2019,5616661.0
COG,"{'id': 'CG', 'value': 'Congo, Rep.'}",2018,5483118.0
COG,"{'id': 'CG', 'value': 'Congo, Rep.'}",2017,5351011.0
COG,"{'id': 'CG', 'value': 'Congo, Rep.'}",2016,5222536.0
COG,"{'id': 'CG', 'value': 'Congo, Rep.'}",2015,5097581.0
CRI,"{'id': 'CR', 'value': 'Costa Rica'}",2024,5129910.0
CRI,"{'id': 'CR', 'value': 'Costa Rica'}",2023,5105525.0
CRI,"{'id': 'CR', 'value': 'Costa Rica'}",2022,5081765.0
CRI,"{'id': 'CR', 'value': 'Costa Rica'}",2021,5059988.0
CRI,"{'id': 'CR', 'value': 'Costa Rica'}",2020,5034320.0
CRI,"{'id': 'CR', 'value': 'Costa Rica'}",2019,4999553.0
CRI,"{'id': 'CR', 'value': 'Costa Rica'}",2018,4957818.0
CRI,"{'id': 'CR', 'value': 'Costa Rica'}",2017,4913177.0
CRI,"{'id': 'CR', 'value': 'Costa Rica'}",2016,4866998.0
CRI,"{'id': 'CR', 'value': 'Costa Rica'}",2015,4818038.0
CIV,"{'id': 'CI', 'value': ""Cote d'Ivoire""}",2024,31934230.0
CIV,"{'id': 'CI', 'value': ""Cote d'Ivoire""}",2023,31165654.0
CIV,"{'id': 'CI', 'value': ""Cote d'Ivoire""}",2022,30395002.0
CIV,"{'id': 'CI', 'value': ""Cote d'Ivoire""}",2021,29639736.0
CIV,"{'id': 'CI', 'value': ""Cote d'Ivoire""}",2020,28915449.0
CIV,"{'id': 'CI', 'value': ""Cote d'Ivoire""}",2019,28193009.0
CIV,"{'id': 'CI', 'value': ""Cote d'Ivoire""}",2018,27464173.0
CIV,"{'id': 'CI', 'value': ""Cote d'Ivoire""}",2017,26733372.0
CIV,"{'id': 'CI', 'value': ""Cote d'Ivoire""}",2016,25989405.0
CIV,"{'id': 'CI', 'value': ""Cote d'Ivoire""}",2015,25246342.0
HRV,"{'id': 'HR', 'value': 'Croatia'}",2024,3866200.0
HRV,"{'id': 'HR', 'value': 'Croatia'}",2023,3859686.0
HRV,"{'id': 'HR', 'value': 'Croatia'}",2022,3855641.0
HRV,"{'id': 'HR', 'value': 'Croatia'}",2021,3878981.0
HRV,"{'id': 'HR', 'value': 'Croatia'}",2020,3914206.0
HRV,"{'id': 'HR', 'value': 'Croatia'}",2019,3949390.0
HRV,"{'id': 'HR', 'value': 'Croatia'}",2018,3988775.0
HRV,"{'id': 'HR', 'value': 'Croatia'}",2017,4041407.0
HRV,"{'id': 'HR', 'value': 'Croatia'}",2016,4106867.0
HRV,"{'id': 'HR', 'value': 'Croatia'}",2015,4151725.0
CUB,"{'id': 'CU', 'value': 'Cuba'}",2024,10979783.0
CUB,"{'id': 'CU', 'value': 'Cuba'}",2023,11019931.0
CUB,"{'id': 'CU', 'value': 'Cuba'}",2022,11059820.0
CUB,"{'id': 'CU', 'value': 'Cuba'}",2021,11122168.0
CUB,"{'id': 'CU', 'value': 'Cuba'}",2020,11176354.0
CUB,"{'id': 'CU', 'value': 'Cuba'}",2019,11202846.0
CUB,"{'id': 'CU', 'value': 'Cuba'}",2018,11227118.0
CUB,"{'id': 'CU', 'value': 'Cuba'}",2017,11247829.0
CUB,"{'id': 'CU', 'value': 'Cuba'}",2016,11265612.0
CUB,"{'id': 'CU', 'value': 'Cuba'}",2015,11275065.0
CUW,"{'id': 'CW', 'value': 'Curacao'}",2024,155967.0
CUW,"{'id': 'CW', 'value': 'Curacao'}",2023,154654.0
CUW,"{'id': 'CW', 'value': 'Curacao'}",2022,153321.0
CUW,"{'id': 'CW', 'value': 'Curacao'}",2021,153948.0
CUW,"{'id': 'CW', 'value': 'Curacao'}",2020,155482.0
CUW,"{'id': 'CW', 'value': 'Curacao'}",2019,157441.0
CUW,"{'id': 'CW', 'value': 'Curacao'}",2018,159336.0
CUW,"{'id': 'CW', 'value': 'Curacao'}",2017,160175.0
CUW,"{'id': 'CW', 'value': 'Curacao'}",2016,159664.0
CUW,"{'id': 'CW', 'value': 'Curacao'}",2015,157980.0
CYP,"{'id': 'CY', 'value': 'Cyprus'}",2024,1358282.0
CYP,"{'id': 'CY', 'value': 'Cyprus'}",2023,1344976.0
CYP,"{'id': 'CY', 'value': 'Cyprus'}",2022,1331370.0
CYP,"{'id': 'CY', 'value': 'Cyprus'}",2021,1317309.0
CYP,"{'id': 'CY', 'value': 'Cyprus'}",2020,1302247.0
CYP,"{'id': 'CY', 'value': 'Cyprus'}",2019,1286671.0
CYP,"{'id': 'CY', 'value': 'Cyprus'}",2018,1270737.0
CYP,"{'id': 'CY', 'value': 'Cyprus'}",2017,1254275.0
CYP,"{'id': 'CY', 'value': 'Cyprus'}",2016,1237112.0
CYP,"{'id': 'CY', 'value': 'Cyprus'}",2015,1219502.0
CZE,"{'id': 'CZ', 'value': 'Czechia'}",2024,10905028.0
CZE,"{'id': 'CZ', 'value': 'Czechia'}",2023,10864042.0
CZE,"{'id': 'CZ', 'value': 'Czechia'}",2022,10672118.0
CZE,"{'id': 'CZ', 'value': 'Czechia'}",2021,10505772.0
CZE,"{'id': 'CZ', 'value': 'Czechia'}",2020,10697858.0
CZE,"{'id': 'CZ', 'value': 'Czechia'}",2019,10671870.0
CZE,"{'id': 'CZ', 'value': 'Czechia'}",2018,10629928.0
CZE,"{'id': 'CZ', 'value': 'Czechia'}",2017,10594438.0
CZE,"{'id': 'CZ', 'value': 'Czechia'}",2016,10566332.0
CZE,"{'id': 'CZ', 'value': 'Czechia'}",2015,10546059.0
DNK,"{'id': 'DK', 'value': 'Denmark'}",2024,5976992.0
DNK,"{'id': 'DK', 'value': 'Denmark'}",2023,5946952.0
DNK,"{'id': 'DK', 'value': 'Denmark'}",2022,5903037.0
DNK,"{'id': 'DK', 'value': 'Denmark'}",2021,5856733.0
DNK,"{'id': 'DK', 'value': 'Denmark'}",2020,5831404.0
DNK,"{'id': 'DK', 'value': 'Denmark'}",2019,5814422.0
DNK,"{'id': 'DK', 'value': 'Denmark'}",2018,5793636.0
DNK,"{'id': 'DK', 'value': 'Denmark'}",2017,5764980.0
DNK,"{'id': 'DK', 'value': 'Denmark'}",2016,5728010.0
DNK,"{'id': 'DK', 'value': 'Denmark'}",2015,5683483.0
DJI,"{'id': 'DJ', 'value': 'Djibouti'}",2024,1168722.0
DJI,"{'id': 'DJ', 'value': 'Djibouti'}",2023,1152944.0
DJI,"{'id': 'DJ', 'value': 'Djibouti'}",2022,1137096.0
DJI,"{'id': 'DJ', 'value': 'Djibouti'}",2021,1121248.0
DJI,"{'id': 'DJ', 'value': 'Djibouti'}",2020,1105188.0
DJI,"{'id': 'DJ', 'value': 'Djibouti'}",2019,1088709.0
DJI,"{'id': 'DJ', 'value': 'Djibouti'}",2018,1071882.0
DJI,"{'id': 'DJ', 'value': 'Djibouti'}",2017,1054841.0
DJI,"{'id': 'DJ', 'value': 'Djibouti'}",2016,1037653.0
DJI,"{'id': 'DJ', 'value': 'Djibouti'}",2015,1020313.0
DMA,"{'id': 'DM', 'value': 'Dominica'}",2024,66205.0
DMA,"{'id': 'DM', 'value': 'Dominica'}",2023,66510.0
DMA,"{'id': 'DM', 'value': 'Dominica'}",2022,66826.0
DMA,"{'id': 'DM', 'value': 'Dominica'}",2021,67202.0
DMA,"{'id': 'DM', 'value': 'Dominica'}",2020,67573.0
DMA,"{'id': 'DM', 'value': 'Dominica'}",2019,67880.0
DMA,"{'id': 'DM', 'value': 'Dominica'}",2018,68174.0
DMA,"{'id': 'DM', 'value': 'Dominica'}",2017,68496.0
DMA,"{'id': 'DM', 'value': 'Dominica'}",2016,69606.0
DMA,"{'id': 'DM', 'value': 'Dominica'}",2015,70410.0
DOM,"{'id': 'DO', 'value': 'Dominican Republic'}",2024,11427557.0
DOM,"{'id': 'DO', 'value': 'Dominican Republic'}",2023,11331265.0
DOM,"{'id': 'DO', 'value': 'Dominican Republic'}",2022,11230734.0
DOM,"{'id': 'DO', 'value': 'Dominican Republic'}",2021,11123476.0
DOM,"{'id': 'DO', 'value': 'Dominican Republic'}",2020,11008300.0
DOM,"{'id': 'DO', 'value': 'Dominican Republic'}",2019,10894043.0
DOM,"{'id': 'DO', 'value': 'Dominican Republic'}",2018,10782053.0
DOM,"{'id': 'DO', 'value': 'Dominican Republic'}",2017,10666843.0
DOM,"{'id': 'DO', 'value': 'Dominican Republic'}",2016,10551430.0
DOM,"{'id': 'DO', 'value': 'Dominican Republic'}",2015,10434829.0
ECU,"{'id': 'EC', 'value': 'Ecuador'}",2024,18135478.0
ECU,"{'id': 'EC', 'value': 'Ecuador'}",2023,17980083.0
ECU,"{'id': 'EC', 'value': 'Ecuador'}",2022,17823897.0
ECU,"{'id': 'EC', 'value': 'Ecuador'}",2021,17682454.0
ECU,"{'id': 'EC', 'value': 'Ecuador'}",2020,17546065.0
ECU,"{'id': 'EC', 'value': 'Ecuador'}",2019,17340021.0
ECU,"{'id': 'EC', 'value': 'Ecuador'}",2018,17049547.0
ECU,"{'id': 'EC', 'value': 'Ecuador'}",2017,16759519.0
ECU,"{'id': 'EC', 'value': 'Ecuador'}",2016,16505139.0
ECU,"{'id': 'EC', 'value': 'Ecuador'}",2015,16266225.0
EGY,"{'id': 'EG', 'value': 'Egypt, Arab Rep.'}",2024,116538258.0
EGY,"{'id': 'EG', 'value': 'Egypt, Arab Rep.'}",2023,114535772.0
EGY,"{'id': 'EG', 'value': 'Egypt, Arab Rep.'}",2022,112618250.0
EGY,"{'id': 'EG', 'value': 'Egypt, Arab Rep.'}",2021,110957008.0
EGY,"{'id': 'EG', 'value': 'Egypt, Arab Rep.'}",2020,109315124.0
EGY,"{'id': 'EG', 'value': 'Egypt, Arab Rep.'}",2019,107553158.0
EGY,"{'id': 'EG', 'value': 'Egypt, Arab Rep.'}",2018,105682094.0
EGY,"{'id': 'EG', 'value': 'Egypt, Arab Rep.'}",2017,103696057.0
EGY,"{'id': 'EG', 'value': 'Egypt, Arab Rep.'}",2016,101644589.0
EGY,"{'id': 'EG', 'value': 'Egypt, Arab Rep.'}",2015,99597342.0
SLV,"{'id': 'SV', 'value': 'El Salvador'}",2024,6338193.0
SLV,"{'id': 'SV', 'value': 'El Salvador'}",2023,6309624.0
SLV,"{'id': 'SV', 'value': 'El Salvador'}",2022,6280319.0
SLV,"{'id': 'SV', 'value': 'El Salvador'}",2021,6255782.0
SLV,"{'id': 'SV', 'value': 'El Salvador'}",2020,6234673.0
SLV,"{'id': 'SV', 'value': 'El Salvador'}",2019,6222318.0
SLV,"{'id': 'SV', 'value': 'El Salvador'}",2018,6219807.0
SLV,"{'id': 'SV', 'value': 'El Salvador'}",2017,6213533.0
SLV,"{'id': 'SV', 'value': 'El Salvador'}",2016,6200800.0
SLV,"{'id': 'SV', 'value': 'El Salvador'}",2015,6183676.0
GNQ,"{'id': 'GQ', 'value': 'Equatorial Guinea'}",2024,1892516.0
GNQ,"{'id': 'GQ', 'value': 'Equatorial Guinea'}",2023,1847549.0
GNQ,"{'id': 'GQ', 'value': 'Equatorial Guinea'}",2022,1803545.0
GNQ,"{'id': 'GQ', 'value': 'Equatorial Guinea'}",2021,1758786.0
GNQ,"{'id': 'GQ', 'value': 'Equatorial Guinea'}",2020,1716468.0
GNQ,"{'id': 'GQ', 'value': 'Equatorial Guinea'}",2019,1670177.0
GNQ,"{'id': 'GQ', 'value': 'Equatorial Guinea'}",2018,1616422.0
GNQ,"{'id': 'GQ', 'value': 'Equatorial Guinea'}",2017,1562396.0
GNQ,"{'id': 'GQ', 'value': 'Equatorial Guinea'}",2016,1508186.0
GNQ,"{'id': 'GQ', 'value': 'Equatorial Guinea'}",2015,1453923.0
ERI,"{'id': 'ER', 'value': 'Eritrea'}",2024,3535603.0
ERI,"{'id': 'ER', 'value': 'Eritrea'}",2023,3470390.0
ERI,"{'id': 'ER', 'value': 'Eritrea'}",2022,3409447.0
ERI,"{'id': 'ER', 'value': 'Eritrea'}",2021,3350183.0
ERI,"{'id': 'ER', 'value': 'Eritrea'}",2020,3291271.0
ERI,"{'id': 'ER', 'value': 'Eritrea'}",2019,3240194.0
ERI,"{'id': 'ER', 'value': 'Eritrea'}",2018,3192760.0
ERI,"{'id': 'ER', 'value': 'Eritrea'}",2017,3150347.0
ERI,"{'id': 'ER', 'value': 'Eritrea'}",2016,3124698.0
ERI,"{'id': 'ER', 'value': 'Eritrea'}",2015,3105546.0
EST,"{'id': 'EE', 'value': 'Estonia'}",2024,1372341.0
EST,"{'id': 'EE', 'value': 'Estonia'}",2023,1370286.0
EST,"{'id': 'EE', 'value': 'Estonia'}",2022,1348840.0
EST,"{'id': 'EE', 'value': 'Estonia'}",2021,1330932.0
EST,"{'id': 'EE', 'value': 'Estonia'}",2020,1329522.0
EST,"{'id': 'EE', 'value': 'Estonia'}",2019,1326898.0
EST,"{'id': 'EE', 'value': 'Estonia'}",2018,1321977.0
EST,"{'id': 'EE', 'value': 'Estonia'}",2017,1317384.0
EST,"{'id': 'EE', 'value': 'Estonia'}",2016,1315790.0
EST,"{'id': 'EE', 'value': 'Estonia'}",2015,1315407.0
SWZ,"{'id': 'SZ', 'value': 'Eswatini'}",2024,1242822.0
SWZ,"{'id': 'SZ', 'value': 'Eswatini'}",2023,1230506.0
SWZ,"{'id': 'SZ', 'value': 'Eswatini'}",2022,1218917.0
SWZ,"{'id': 'SZ', 'value': 'Eswatini'}",2021,1206593.0
SWZ,"{'id': 'SZ', 'value': 'Eswatini'}",2020,1192729.0
SWZ,"{'id': 'SZ', 'value': 'Eswatini'}",2019,1179874.0
SWZ,"{'id': 'SZ', 'value': 'Eswatini'}",2018,1168929.0
SWZ,"{'id': 'SZ', 'value': 'Eswatini'}",2017,1158195.0
SWZ,"{'id': 'SZ', 'value': 'Eswatini'}",2016,1149507.0
SWZ,"{'id': 'SZ', 'value': 'Eswatini'}",2015,1142813.0
ETH,"{'id': 'ET', 'value': 'Ethiopia'}",2024,132059767.0
ETH,"{'id': 'ET', 'value': 'Ethiopia'}",2023,128691692.0
ETH,"{'id': 'ET', 'value': 'Ethiopia'}",2022,125384287.0
ETH,"{'id': 'ET', 'value': 'Ethiopia'}",2021,122138588.0
ETH,"{'id': 'ET', 'value': 'Ethiopia'}",2020,118917671.0
ETH,"{'id': 'ET', 'value': 'Ethiopia'}",2019,115737383.0
ETH,"{'id': 'ET', 'value': 'Ethiopia'}",2018,112664152.0
ETH,"{'id': 'ET', 'value': 'Ethiopia'}",2017,109666481.0
ETH,"{'id': 'ET', 'value': 'Ethiopia'}",2016,106718162.0
ETH,"{'id': 'ET', 'value': 'Ethiopia'}",2015,103867135.0
FRO,"{'id': 'FO', 'value': 'Faroe Islands'}",2024,54681.0
FRO,"{'id': 'FO', 'value': 'Faroe Islands'}",2023,54414.0
FRO,"{'id': 'FO', 'value': 'Faroe Islands'}",2022,53912.0
FRO,"{'id': 'FO', 'value': 'Faroe Islands'}",2021,53296.0
FRO,"{'id': 'FO', 'value': 'Faroe Islands'}",2020,52565.0
FRO,"{'id': 'FO', 'value': 'Faroe Islands'}",2019,51792.0
FRO,"{'id': 'FO', 'value': 'Faroe Islands'}",2018,50996.0
FRO,"{'id': 'FO', 'value': 'Faroe Islands'}",2017,50180.0
FRO,"{'id': 'FO', 'value': 'Faroe Islands'}",2016,49464.0
FRO,"{'id': 'FO', 'value': 'Faroe Islands'}",2015,48899.0
FJI,"{'id': 'FJ', 'value': 'Fiji'}",2024,928784.0
FJI,"{'id': 'FJ', 'value': 'Fiji'}",2023,924145.0
FJI,"{'id': 'FJ', 'value': 'Fiji'}",2022,919422.0
FJI,"{'id': 'FJ', 'value': 'Fiji'}",2021,916711.0
FJI,"{'id': 'FJ', 'value': 'Fiji'}",2020,914963.0
FJI,"{'id': 'FJ', 'value': 'Fiji'}",2019,914899.0
FJI,"{'id': 'FJ', 'value': 'Fiji'}",2018,917180.0
FJI,"{'id': 'FJ', 'value': 'Fiji'}",2017,918759.0
FJI,"{'id': 'FJ', 'value': 'Fiji'}",2016,919166.0
FJI,"{'id': 'FJ', 'value': 'Fiji'}",2015,918578.0
FIN,"{'id': 'FI', 'value': 'Finland'}",2024,5619911.0
FIN,"{'id': 'FI', 'value': 'Finland'}",2023,5583911.0
FIN,"{'id': 'FI', 'value': 'Finland'}",2022,5556106.0
FIN,"{'id': 'FI', 'value': 'Finland'}",2021,5541017.0
FIN,"{'id': 'FI', 'value': 'Finland'}",2020,5529543.0
FIN,"{'id': 'FI', 'value': 'Finland'}",2019,5521606.0
FIN,"{'id': 'FI', 'value': 'Finland'}",2018,5515525.0
FIN,"{'id': 'FI', 'value': 'Finland'}",2017,5508214.0
FIN,"{'id': 'FI', 'value': 'Finland'}",2016,5495303.0
FIN,"{'id': 'FI', 'value': 'Finland'}",2015,5479531.0
FRA,"{'id': 'FR', 'value': 'France'}",2024,68551653.0
FRA,"{'id': 'FR', 'value': 'France'}",2023,68372286.0
FRA,"{'id': 'FR', 'value': 'France'}",2022,68184457.0
FRA,"{'id': 'FR', 'value': 'France'}",2021,67842811.0
FRA,"{'id': 'FR', 'value': 'France'}",2020,67601110.0
FRA,"{'id': 'FR', 'value': 'France'}",2019,67382061.0
FRA,"{'id': 'FR', 'value': 'France'}",2018,67158348.0
FRA,"{'id': 'FR', 'value': 'France'}",2017,66918020.0
FRA,"{'id': 'FR', 'value': 'France'}",2016,66724104.0
FRA,"{'id': 'FR', 'value': 'France'}",2015,66548272.0
PYF,"{'id': 'PF', 'value': 'French Polynesia'}",2024,281807.0
PYF,"{'id': 'PF', 'value': 'French Polynesia'}",2023,281118.0
PYF,"{'id': 'PF', 'value': 'French Polynesia'}",2022,280378.0
PYF,"{'id': 'PF', 'value': 'French Polynesia'}",2021,279792.0
PYF,"{'id': 'PF', 'value': 'French Polynesia'}",2020,279209.0
PYF,"{'id': 'PF', 'value': 'French Polynesia'}",2019,279034.0
PYF,"{'id': 'PF', 'value': 'French Polynesia'}",2018,279815.0
PYF,"{'id': 'PF', 'value': 'French Polynesia'}",2017,280087.0
PYF,"{'id': 'PF', 'value': 'French Polynesia'}",2016,279178.0
PYF,"{'id': 'PF', 'value': 'French Polynesia'}",2015,277866.0
GAB,"{'id': 'GA', 'value': 'Gabon'}",2024,2538952.0
GAB,"{'id': 'GA', 'value': 'Gabon'}",2023,2484789.0
GAB,"{'id': 'GA', 'value': 'Gabon'}",2022,2430747.0
GAB,"{'id': 'GA', 'value': 'Gabon'}",2021,2376722.0
GAB,"{'id': 'GA', 'value': 'Gabon'}",2020,2322539.0
GAB,"{'id': 'GA', 'value': 'Gabon'}",2019,2267706.0
GAB,"{'id': 'GA', 'value': 'Gabon'}",2018,2212318.0
GAB,"{'id': 'GA', 'value': 'Gabon'}",2017,2156900.0
GAB,"{'id': 'GA', 'value': 'Gabon'}",2016,2100306.0
GAB,"{'id': 'GA', 'value': 'Gabon'}",2015,2040989.0
GMB,"{'id': 'GM', 'value': 'Gambia, The'}",2024,2759988.0
GMB,"{'id': 'GM', 'value': 'Gambia, The'}",2023,2697845.0
GMB,"{'id': 'GM', 'value': 'Gambia, The'}",2022,2636470.0
GMB,"{'id': 'GM', 'value': 'Gambia, The'}",2021,2576010.0
GMB,"{'id': 'GM', 'value': 'Gambia, The'}",2020,2515733.0
GMB,"{'id': 'GM', 'value': 'Gambia, The'}",2019,2456844.0
GMB,"{'id': 'GM', 'value': 'Gambia, The'}",2018,2399632.0
GMB,"{'id': 'GM', 'value': 'Gambia, The'}",2017,2342189.0
GMB,"{'id': 'GM', 'value': 'Gambia, The'}",2016,2283769.0
GMB,"{'id': 'GM', 'value': 'Gambia, The'}",2015,2224529.0
GEO,"{'id': 'GE', 'value': 'Georgia'}",2024,3699557.0
GEO,"{'id': 'GE', 'value': 'Georgia'}",2023,3715483.0
GEO,"{'id': 'GE', 'value': 'Georgia'}",2022,3712502.0
GEO,"{'id': 'GE', 'value': 'Georgia'}",2021,3708610.0
GEO,"{'id': 'GE', 'value': 'Georgia'}",2020,3722716.0
GEO,"{'id': 'GE', 'value': 'Georgia'}",2019,3720161.0
GEO,"{'id': 'GE', 'value': 'Georgia'}",2018,3726549.0
GEO,"{'id': 'GE', 'value': 'Georgia'}",2017,3728004.0
GEO,"{'id': 'GE', 'value': 'Georgia'}",2016,3727505.0
GEO,"{'id': 'GE', 'value': 'Georgia'}",2015,3725276.0
DEU,"{'id': 'DE', 'value': 'Germany'}",2024,83516593.0
DEU,"{'id': 'DE', 'value': 'Germany'}",2023,83287273.0
DEU,"{'id': 'DE', 'value': 'Germany'}",2022,83177813.0
DEU,"{'id': 'DE', 'value': 'Germany'}",2021,83196078.0
DEU,"{'id': 'DE', 'value': 'Germany'}",2020,83160871.0
DEU,"{'id': 'DE', 'value': 'Germany'}",2019,83092962.0
DEU,"{'id': 'DE', 'value': 'Germany'}",2018,82905782.0
DEU,"{'id': 'DE', 'value': 'Germany'}",2017,82657002.0
DEU,"{'id': 'DE', 'value': 'Germany'}",2016,82348669.0
DEU,"{'id': 'DE', 'value': 'Germany'}",2015,81686611.0
GHA,"{'id': 'GH', 'value': 'Ghana'}",2024,34427414.0
GHA,"{'id': 'GH', 'value': 'Ghana'}",2023,33787914.0
GHA,"{'id': 'GH', 'value': 'Ghana'}",2022,33149152.0
GHA,"{'id': 'GH', 'value': 'Ghana'}",2021,32518665.0
GHA,"{'id': 'GH', 'value': 'Ghana'}",2020,31887809.0
GHA,"{'id': 'GH', 'value': 'Ghana'}",2019,31258945.0
GHA,"{'id': 'GH', 'value': 'Ghana'}",2018,30637585.0
GHA,"{'id': 'GH', 'value': 'Ghana'}",2017,30008354.0
GHA,"{'id': 'GH', 'value': 'Ghana'}",2016,29356742.0
GHA,"{'id': 'GH', 'value': 'Ghana'}",2015,28696068.0
GIB,"{'id': 'GI', 'value': 'Gibraltar'}",2024,39329.0
GIB,"{'id': 'GI', 'value': 'Gibraltar'}",2023,38471.0
GIB,"{'id': 'GI', 'value': 'Gibraltar'}",2022,37609.0
GIB,"{'id': 'GI', 'value': 'Gibraltar'}",2021,36858.0
GIB,"{'id': 'GI', 'value': 'Gibraltar'}",2020,36173.0
GIB,"{'id': 'GI', 'value': 'Gibraltar'}",2019,35494.0
GIB,"{'id': 'GI', 'value': 'Gibraltar'}",2018,34854.0
GIB,"{'id': 'GI', 'value': 'Gibraltar'}",2017,34245.0
GIB,"{'id': 'GI', 'value': 'Gibraltar'}",2016,33658.0
GIB,"{'id': 'GI', 'value': 'Gibraltar'}",2015,33193.0
GRC,"{'id': 'GR', 'value': 'Greece'}",2024,10405134.0
GRC,"{'id': 'GR', 'value': 'Greece'}",2023,10407351.0
GRC,"{'id': 'GR', 'value': 'Greece'}",2022,10436882.0
GRC,"{'id': 'GR', 'value': 'Greece'}",2021,10569207.0
GRC,"{'id': 'GR', 'value': 'Greece'}",2020,10698599.0
GRC,"{'id': 'GR', 'value': 'Greece'}",2019,10721582.0
GRC,"{'id': 'GR', 'value': 'Greece'}",2018,10732882.0
GRC,"{'id': 'GR', 'value': 'Greece'}",2017,10754679.0
GRC,"{'id': 'GR', 'value': 'Greece'}",2016,10775971.0
GRC,"{'id': 'GR', 'value': 'Greece'}",2015,10820883.0
GRL,"{'id': 'GL', 'value': 'Greenland'}",2024,56836.0
GRL,"{'id': 'GL', 'value': 'Greenland'}",2023,56865.0
GRL,"{'id': 'GL', 'value': 'Greenland'}",2022,56661.0
GRL,"{'id': 'GL', 'value': 'Greenland'}",2021,56653.0
GRL,"{'id': 'GL', 'value': 'Greenland'}",2020,56367.0
GRL,"{'id': 'GL', 'value': 'Greenland'}",2019,56225.0
GRL,"{'id': 'GL', 'value': 'Greenland'}",2018,56023.0
GRL,"{'id': 'GL', 'value': 'Greenland'}",2017,56172.0
GRL,"{'id': 'GL', 'value': 'Greenland'}",2016,56186.0
GRL,"{'id': 'GL', 'value': 'Greenland'}",2015,56114.0
GRD,"{'id': 'GD', 'value': 'Grenada'}",2024,117207.0
GRD,"{'id': 'GD', 'value': 'Grenada'}",2023,117081.0
GRD,"{'id': 'GD', 'value': 'Grenada'}",2022,116913.0
GRD,"{'id': 'GD', 'value': 'Grenada'}",2021,116688.0
GRD,"{'id': 'GD', 'value': 'Grenada'}",2020,116341.0
GRD,"{'id': 'GD', 'value': 'Grenada'}",2019,115981.0
GRD,"{'id': 'GD', 'value': 'Grenada'}",2018,115691.0
GRD,"{'id': 'GD', 'value': 'Grenada'}",2017,115438.0
GRD,"{'id': 'GD', 'value': 'Grenada'}",2016,115130.0
GRD,"{'id': 'GD', 'value': 'Grenada'}",2015,114676.0
GUM,"{'id': 'GU', 'value': 'Guam'}",2024,167777.0
GUM,"{'id': 'GU', 'value': 'Guam'}",2023,166506.0
GUM,"{'id': 'GU', 'value': 'Guam'}",2022,165180.0
GUM,"{'id': 'GU', 'value': 'Guam'}",2021,163730.0
GUM,"{'id': 'GU', 'value': 'Guam'}",2020,162158.0
GUM,"{'id': 'GU', 'value': 'Guam'}",2019,161808.0
GUM,"{'id': 'GU', 'value': 'Guam'}",2018,162679.0
GUM,"{'id': 'GU', 'value': 'Guam'}",2017,163490.0
GUM,"{'id': 'GU', 'value': 'Guam'}",2016,164233.0
GUM,"{'id': 'GU', 'value': 'Guam'}",2015,164905.0
GTM,"{'id': 'GT', 'value': 'Guatemala'}",2024,18406359.0
GTM,"{'id': 'GT', 'value': 'Guatemala'}",2023,18124838.0
GTM,"{'id': 'GT', 'value': 'Guatemala'}",2022,17847877.0
GTM,"{'id': 'GT', 'value': 'Guatemala'}",2021,17598650.0
GTM,"{'id': 'GT', 'value': 'Guatemala'}",2020,17357325.0
GTM,"{'id': 'GT', 'value': 'Guatemala'}",2019,17103803.0
GTM,"{'id': 'GT', 'value': 'Guatemala'}",2018,16845685.0
GTM,"{'id': 'GT', 'value': 'Guatemala'}",2017,16567357.0
GTM,"{'id': 'GT', 'value': 'Guatemala'}",2016,16268760.0
GTM,"{'id': 'GT', 'value': 'Guatemala'}",2015,15971743.0
GIN,"{'id': 'GN', 'value': 'Guinea'}",2024,14754785.0
GIN,"{'id': 'GN', 'value': 'Guinea'}",2023,14405468.0
GIN,"{'id': 'GN', 'value': 'Guinea'}",2022,14055137.0
GIN,"{'id': 'GN', 'value': 'Guinea'}",2021,13710513.0
GIN,"{'id': 'GN', 'value': 'Guinea'}",2020,13371183.0
GIN,"{'id': 'GN', 'value': 'Guinea'}",2019,13034346.0
GIN,"{'id': 'GN', 'value': 'Guinea'}",2018,12704774.0
GIN,"{'id': 'GN', 'value': 'Guinea'}",2017,12385659.0
GIN,"{'id': 'GN', 'value': 'Guinea'}",2016,12073030.0
GIN,"{'id': 'GN', 'value': 'Guinea'}",2015,11767070.0
GNB,"{'id': 'GW', 'value': 'Guinea-Bissau'}",2024,2201352.0
GNB,"{'id': 'GW', 'value': 'Guinea-Bissau'}",2023,2153339.0
GNB,"{'id': 'GW', 'value': 'Guinea-Bissau'}",2022,2105529.0
GNB,"{'id': 'GW', 'value': 'Guinea-Bissau'}",2021,2058841.0
GNB,"{'id': 'GW', 'value': 'Guinea-Bissau'}",2020,2013255.0
GNB,"{'id': 'GW', 'value': 'Guinea-Bissau'}",2019,1967696.0
GNB,"{'id': 'GW', 'value': 'Guinea-Bissau'}",2018,1922168.0
GNB,"{'id': 'GW', 'value': 'Guinea-Bissau'}",2017,1877072.0
GNB,"{'id': 'GW', 'value': 'Guinea-Bissau'}",2016,1831893.0
GNB,"{'id': 'GW', 'value': 'Guinea-Bissau'}",2015,1786457.0
GUY,"{'id': 'GY', 'value': 'Guyana'}",2024,831087.0
GUY,"{'id': 'GY', 'value': 'Guyana'}",2023,826353.0
GUY,"{'id': 'GY', 'value': 'Guyana'}",2022,821637.0
GUY,"{'id': 'GY', 'value': 'Guyana'}",2021,815482.0
GUY,"{'id': 'GY', 'value': 'Guyana'}",2020,807481.0
GUY,"{'id': 'GY', 'value': 'Guyana'}",2019,807665.0
GUY,"{'id': 'GY', 'value': 'Guyana'}",2018,791556.0
GUY,"{'id': 'GY', 'value': 'Guyana'}",2017,768479.0
GUY,"{'id': 'GY', 'value': 'Guyana'}",2016,763548.0
GUY,"{'id': 'GY', 'value': 'Guyana'}",2015,758781.0
HTI,"{'id': 'HT', 'value': 'Haiti'}",2024,11772557.0
HTI,"{'id': 'HT', 'value': 'Haiti'}",2023,11637398.0
HTI,"{'id': 'HT', 'value': 'Haiti'}",2022,11503606.0
HTI,"{'id': 'HT', 'value': 'Haiti'}",2021,11374586.0
HTI,"{'id': 'HT', 'value': 'Haiti'}",2020,11243848.0
HTI,"{'id': 'HT', 'value': 'Haiti'}",2019,11105163.0
HTI,"{'id': 'HT', 'value': 'Haiti'}",2018,10962362.0
HTI,"{'id': 'HT', 'value': 'Haiti'}",2017,10817754.0
HTI,"{'id': 'HT', 'value': 'Haiti'}",2016,10671457.0
HTI,"{'id': 'HT', 'value': 'Haiti'}",2015,10523242.0
HND,"{'id': 'HN', 'value': 'Honduras'}",2024,10825703.0
HND,"{'id': 'HN', 'value': 'Honduras'}",2023,10644851.0
HND,"{'id': 'HN', 'value': 'Honduras'}",2022,10463872.0
HND,"{'id': 'HN', 'value': 'Honduras'}",2021,10289877.0
HND,"{'id': 'HN', 'value': 'Honduras'}",2020,10119640.0
HND,"{'id': 'HN', 'value': 'Honduras'}",2019,9943633.0
HND,"{'id': 'HN', 'value': 'Honduras'}",2018,9765210.0
HND,"{'id': 'HN', 'value': 'Honduras'}",2017,9588137.0
HND,"{'id': 'HN', 'value': 'Honduras'}",2016,9412380.0
HND,"{'id': 'HN', 'value': 'Honduras'}",2015,9237305.0
HKG,"{'id': 'HK', 'value': 'Hong Kong SAR, China'}",2024,7524100.0
HKG,"{'id': 'HK', 'value': 'Hong Kong SAR, China'}",2023,7536100.0
HKG,"{'id': 'HK', 'value': 'Hong Kong SAR, China'}",2022,7346100.0
HKG,"{'id': 'HK', 'value': 'Hong Kong SAR, China'}",2021,7413100.0
HKG,"{'id': 'HK', 'value': 'Hong Kong SAR, China'}",2020,7481000.0
HKG,"{'id': 'HK', 'value': 'Hong Kong SAR, China'}",2019,7507900.0
HKG,"{'id': 'HK', 'value': 'Hong Kong SAR, China'}",2018,7452600.0
HKG,"{'id': 'HK', 'value': 'Hong Kong SAR, China'}",2017,7393200.0
HKG,"{'id': 'HK', 'value': 'Hong Kong SAR, China'}",2016,7336600.0
HKG,"{'id': 'HK', 'value': 'Hong Kong SAR, China'}",2015,7291300.0
HUN,"{'id': 'HU', 'value': 'Hungary'}",2024,9562065.0
HUN,"{'id': 'HU', 'value': 'Hungary'}",2023,9592186.0
HUN,"{'id': 'HU', 'value': 'Hungary'}",2022,9605074.0
HUN,"{'id': 'HU', 'value': 'Hungary'}",2021,9630932.0
HUN,"{'id': 'HU', 'value': 'Hungary'}",2020,9670419.0
HUN,"{'id': 'HU', 'value': 'Hungary'}",2019,9694824.0
HUN,"{'id': 'HU', 'value': 'Hungary'}",2018,9706964.0
HUN,"{'id': 'HU', 'value': 'Hungary'}",2017,9726756.0
HUN,"{'id': 'HU', 'value': 'Hungary'}",2016,9759755.0
HUN,"{'id': 'HU', 'value': 'Hungary'}",2015,9797755.0
ISL,"{'id': 'IS', 'value': 'Iceland'}",2024,386506.0
ISL,"{'id': 'IS', 'value': 'Iceland'}",2023,385663.0
ISL,"{'id': 'IS', 'value': 'Iceland'}",2022,382003.0
ISL,"{'id': 'IS', 'value': 'Iceland'}",2021,372520.0
ISL,"{'id': 'IS', 'value': 'Iceland'}",2020,366463.0
ISL,"{'id': 'IS', 'value': 'Iceland'}",2019,360563.0
ISL,"{'id': 'IS', 'value': 'Iceland'}",2018,352721.0
ISL,"{'id': 'IS', 'value': 'Iceland'}",2017,343400.0
ISL,"{'id': 'IS', 'value': 'Iceland'}",2016,335439.0
ISL,"{'id': 'IS', 'value': 'Iceland'}",2015,330815.0
IND,"{'id': 'IN', 'value': 'India'}",2024,1450935791.0
IND,"{'id': 'IN', 'value': 'India'}",2023,1438069596.0
IND,"{'id': 'IN', 'value': 'India'}",2022,1425423212.0
IND,"{'id': 'IN', 'value': 'India'}",2021,1414203896.0
IND,"{'id': 'IN', 'value': 'India'}",2020,1402617695.0
IND,"{'id': 'IN', 'value': 'India'}",2019,1389030312.0
IND,"{'id': 'IN', 'value': 'India'}",2018,1374659064.0
IND,"{'id': 'IN', 'value': 'India'}",2017,1359657400.0
IND,"{'id': 'IN', 'value': 'India'}",2016,1343944296.0
IND,"{'id': 'IN', 'value': 'India'}",2015,1328024498.0
IDN,"{'id': 'ID', 'value': 'Indonesia'}",2024,283487931.0
IDN,"{'id': 'ID', 'value': 'Indonesia'}",2023,281190067.0
IDN,"{'id': 'ID', 'value': 'Indonesia'}",2022,278830529.0
IDN,"{'id': 'ID', 'value': 'Indonesia'}",2021,276758053.0
IDN,"{'id': 'ID', 'value': 'Indonesia'}",2020,274814866.0
IDN,"{'id': 'ID', 'value': 'Indonesia'}",2019,272489381.0
IDN,"{'id': 'ID', 'value': 'Indonesia'}",2018,269951846.0
IDN,"{'id': 'ID', 'value': 'Indonesia'}",2017,267346658.0
IDN,"{'id': 'ID', 'value': 'Indonesia'}",2016,264627418.0
IDN,"{'id': 'ID', 'value': 'Indonesia'}",2015,261799249.0
IRN,"{'id': 'IR', 'value': 'Iran, Islamic Rep.'}",2024,91567738.0
IRN,"{'id': 'IR', 'value': 'Iran, Islamic Rep.'}",2023,90608707.0
IRN,"{'id': 'IR', 'value': 'Iran, Islamic Rep.'}",2022,89524246.0
IRN,"{'id': 'IR', 'value': 'Iran, Islamic Rep.'}",2021,88455488.0
IRN,"{'id': 'IR', 'value': 'Iran, Islamic Rep.'}",2020,87723443.0
IRN,"{'id': 'IR', 'value': 'Iran, Islamic Rep.'}",2019,87051648.0
IRN,"{'id': 'IR', 'value': 'Iran, Islamic Rep.'}",2018,86117998.0
IRN,"{'id': 'IR', 'value': 'Iran, Islamic Rep.'}",2017,85026754.0
IRN,"{'id': 'IR', 'value': 'Iran, Islamic Rep.'}",2016,83812228.0
IRN,"{'id': 'IR', 'value': 'Iran, Islamic Rep.'}",2015,82619362.0
IRQ,"{'id': 'IQ', 'value': 'Iraq'}",2024,46042015.0
IRQ,"{'id': 'IQ', 'value': 'Iraq'}",2023,45074049.0
IRQ,"{'id': 'IQ', 'value': 'Iraq'}",2022,44070551.0
IRQ,"{'id': 'IQ', 'value': 'Iraq'}",2021,43071211.0
IRQ,"{'id': 'IQ', 'value': 'Iraq'}",2020,42116605.0
IRQ,"{'id': 'IQ', 'value': 'Iraq'}",2019,41192171.0
IRQ,"{'id': 'IQ', 'value': 'Iraq'}",2018,40265624.0
IRQ,"{'id': 'IQ', 'value': 'Iraq'}",2017,39337353.0
IRQ,"{'id': 'IQ', 'value': 'Iraq'}",2016,38469627.0
IRQ,"{'id': 'IQ', 'value': 'Iraq'}",2015,37560535.0
IRL,"{'id': 'IE', 'value': 'Ireland'}",2024,5395790.0
IRL,"{'id': 'IE', 'value': 'Ireland'}",2023,5311538.0
IRL,"{'id': 'IE', 'value': 'Ireland'}",2022,5212836.0
IRL,"{'id': 'IE', 'value': 'Ireland'}",2021,5110585.0
IRL,"{'id': 'IE', 'value': 'Ireland'}",2020,5039747.0
IRL,"{'id': 'IE', 'value': 'Ireland'}",2019,4976456.0
IRL,"{'id': 'IE', 'value': 'Ireland'}",2018,4898022.0
IRL,"{'id': 'IE', 'value': 'Ireland'}",2017,4827445.0
IRL,"{'id': 'IE', 'value': 'Ireland'}",2016,4762722.0
IRL,"{'id': 'IE', 'value': 'Ireland'}",2015,4701957.0
IMN,"{'id': 'IM', 'value': 'Isle of Man'}",2024,84160.0
IMN,"{'id': 'IM', 'value': 'Isle of Man'}",2023,84165.0
IMN,"{'id': 'IM', 'value': 'Isle of Man'}",2022,84132.0
IMN,"{'id': 'IM', 'value': 'Isle of Man'}",2021,84106.0
IMN,"{'id': 'IM', 'value': 'Isle of Man'}",2020,84064.0
IMN,"{'id': 'IM', 'value': 'Isle of Man'}",2019,83957.0
IMN,"{'id': 'IM', 'value': 'Isle of Man'}",2018,83805.0
IMN,"{'id': 'IM', 'value': 'Isle of Man'}",2017,83609.0
IMN,"{'id': 'IM', 'value': 'Isle of Man'}",2016,83466.0
IMN,"{'id': 'IM', 'value': 'Isle of Man'}",2015,83593.0
ISR,"{'id': 'IL', 'value': 'Israel'}",2024,9974400.0
ISR,"{'id': 'IL', 'value': 'Israel'}",2023,9849000.0
ISR,"{'id': 'IL', 'value': 'Israel'}",2022,9557500.0
ISR,"{'id': 'IL', 'value': 'Israel'}",2021,9371400.0
ISR,"{'id': 'IL', 'value': 'Israel'}",2020,9215100.0
ISR,"{'id': 'IL', 'value': 'Israel'}",2019,9054000.0
ISR,"{'id': 'IL', 'value': 'Israel'}",2018,8882800.0
ISR,"{'id': 'IL', 'value': 'Israel'}",2017,8713300.0
ISR,"{'id': 'IL', 'value': 'Israel'}",2016,8546000.0
ISR,"{'id': 'IL', 'value': 'Israel'}",2015,8380100.0
ITA,"{'id': 'IT', 'value': 'Italy'}",2024,58952704.0
ITA,"{'id': 'IT', 'value': 'Italy'}",2023,58984216.0
ITA,"{'id': 'IT', 'value': 'Italy'}",2022,59013667.0
ITA,"{'id': 'IT', 'value': 'Italy'}",2021,59133173.0
ITA,"{'id': 'IT', 'value': 'Italy'}",2020,59438851.0
ITA,"{'id': 'IT', 'value': 'Italy'}",2019,59729081.0
ITA,"{'id': 'IT', 'value': 'Italy'}",2018,60148658.0
ITA,"{'id': 'IT', 'value': 'Italy'}",2017,60002252.0
ITA,"{'id': 'IT', 'value': 'Italy'}",2016,60115223.0
ITA,"{'id': 'IT', 'value': 'Italy'}",2015,60229605.0
JAM,"{'id': 'JM', 'value': 'Jamaica'}",2024,2839175.0
JAM,"{'id': 'JM', 'value': 'Jamaica'}",2023,2839786.0
JAM,"{'id': 'JM', 'value': 'Jamaica'}",2022,2839144.0
JAM,"{'id': 'JM', 'value': 'Jamaica'}",2021,2837682.0
JAM,"{'id': 'JM', 'value': 'Jamaica'}",2020,2830739.0
JAM,"{'id': 'JM', 'value': 'Jamaica'}",2019,2823271.0
JAM,"{'id': 'JM', 'value': 'Jamaica'}",2018,2820097.0
JAM,"{'id': 'JM', 'value': 'Jamaica'}",2017,2815764.0
JAM,"{'id': 'JM', 'value': 'Jamaica'}",2016,2809915.0
JAM,"{'id': 'JM', 'value': 'Jamaica'}",2015,2802534.0
JPN,"{'id': 'JP', 'value': 'Japan'}",2024,123975371.0
JPN,"{'id': 'JP', 'value': 'Japan'}",2023,124516650.0
JPN,"{'id': 'JP', 'value': 'Japan'}",2022,125124989.0
JPN,"{'id': 'JP', 'value': 'Japan'}",2021,125681593.0
JPN,"{'id': 'JP', 'value': 'Japan'}",2020,126261000.0
JPN,"{'id': 'JP', 'value': 'Japan'}",2019,126633000.0
JPN,"{'id': 'JP', 'value': 'Japan'}",2018,126811000.0
JPN,"{'id': 'JP', 'value': 'Japan'}",2017,126972000.0
JPN,"{'id': 'JP', 'value': 'Japan'}",2016,127076000.0
JPN,"{'id': 'JP', 'value': 'Japan'}",2015,127141000.0
JOR,"{'id': 'JO', 'value': 'Jordan'}",2024,11552876.0
JOR,"{'id': 'JO', 'value': 'Jordan'}",2023,11439213.0
JOR,"{'id': 'JO', 'value': 'Jordan'}",2022,11256263.0
JOR,"{'id': 'JO', 'value': 'Jordan'}",2021,11066356.0
JOR,"{'id': 'JO', 'value': 'Jordan'}",2020,10865228.0
JOR,"{'id': 'JO', 'value': 'Jordan'}",2019,10671891.0
JOR,"{'id': 'JO', 'value': 'Jordan'}",2018,10462306.0
JOR,"{'id': 'JO', 'value': 'Jordan'}",2017,10234226.0
JOR,"{'id': 'JO', 'value': 'Jordan'}",2016,10006367.0
JOR,"{'id': 'JO', 'value': 'Jordan'}",2015,9544729.0
KAZ,"{'id': 'KZ', 'value': 'Kazakhstan'}",2024,20592571.0
KAZ,"{'id': 'KZ', 'value': 'Kazakhstan'}",2023,20330104.0
KAZ,"{'id': 'KZ', 'value': 'Kazakhstan'}",2022,20034609.0
KAZ,"{'id': 'KZ', 'value': 'Kazakhstan'}",2021,19743603.0
KAZ,"{'id': 'KZ', 'value': 'Kazakhstan'}",2020,19482117.0
KAZ,"{'id': 'KZ', 'value': 'Kazakhstan'}",2019,19209555.0
KAZ,"{'id': 'KZ', 'value': 'Kazakhstan'}",2018,18932727.0
KAZ,"{'id': 'KZ', 'value': 'Kazakhstan'}",2017,18651931.0
KAZ,"{'id': 'KZ', 'value': 'Kazakhstan'}",2016,18363600.0
KAZ,"{'id': 'KZ', 'value': 'Kazakhstan'}",2015,18084169.0
KEN,"{'id': 'KE', 'value': 'Kenya'}",2024,56432944.0
KEN,"{'id': 'KE', 'value': 'Kenya'}",2023,55339003.0
KEN,"{'id': 'KE', 'value': 'Kenya'}",2022,54252461.0
KEN,"{'id': 'KE', 'value': 'Kenya'}",2021,53219166.0
KEN,"{'id': 'KE', 'value': 'Kenya'}",2020,52217334.0
KEN,"{'id': 'KE', 'value': 'Kenya'}",2019,51202827.0
KEN,"{'id': 'KE', 'value': 'Kenya'}",2018,50207107.0
KEN,"{'id': 'KE', 'value': 'Kenya'}",2017,49197766.0
KEN,"{'id': 'KE', 'value': 'Kenya'}",2016,48139687.0
KEN,"{'id': 'KE', 'value': 'Kenya'}",2015,47088526.0
KIR,"{'id': 'KI', 'value': 'Kiribati'}",2024,134518.0
KIR,"{'id': 'KI', 'value': 'Kiribati'}",2023,132530.0
KIR,"{'id': 'KI', 'value': 'Kiribati'}",2022,130469.0
KIR,"{'id': 'KI', 'value': 'Kiribati'}",2021,128377.0
KIR,"{'id': 'KI', 'value': 'Kiribati'}",2020,126099.0
KIR,"{'id': 'KI', 'value': 'Kiribati'}",2019,123921.0
KIR,"{'id': 'KI', 'value': 'Kiribati'}",2018,122084.0
KIR,"{'id': 'KI', 'value': 'Kiribati'}",2017,120275.0
KIR,"{'id': 'KI', 'value': 'Kiribati'}",2016,118478.0
KIR,"{'id': 'KI', 'value': 'Kiribati'}",2015,116815.0
PRK,"{'id': 'KP', 'value': ""Korea, Dem. People's Rep.""}",2024,26498823.0
PRK,"{'id': 'KP', 'value': ""Korea, Dem. People's Rep.""}",2023,26418204.0
PRK,"{'id': 'KP', 'value': ""Korea, Dem. People's Rep.""}",2022,26328845.0
PRK,"{'id': 'KP', 'value': ""Korea, Dem. People's Rep.""}",2021,26232534.0
PRK,"{'id': 'KP', 'value': ""Korea, Dem. People's Rep.""}",2020,26136312.0
PRK,"{'id': 'KP', 'value': ""Korea, Dem. People's Rep.""}",2019,26037632.0
PRK,"{'id': 'KP', 'value': ""Korea, Dem. People's Rep.""}",2018,25931147.0
PRK,"{'id': 'KP', 'value': ""Korea, Dem. People's Rep.""}",2017,25817709.0
PRK,"{'id': 'KP', 'value': ""Korea, Dem. People's Rep.""}",2016,25698326.0
PRK,"{'id': 'KP', 'value': ""Korea, Dem. People's Rep.""}",2015,25575350.0
KOR,"{'id': 'KR', 'value': 'Korea, Rep.'}",2024,51751065.0
KOR,"{'id': 'KR', 'value': 'Korea, Rep.'}",2023,51712619.0
KOR,"{'id': 'KR', 'value': 'Korea, Rep.'}",2022,51672569.0
KOR,"{'id': 'KR', 'value': 'Korea, Rep.'}",2021,51769539.0
KOR,"{'id': 'KR', 'value': 'Korea, Rep.'}",2020,51836239.0
KOR,"{'id': 'KR', 'value': 'Korea, Rep.'}",2019,51764822.0
KOR,"{'id': 'KR', 'value': 'Korea, Rep.'}",2018,51585058.0
KOR,"{'id': 'KR', 'value': 'Korea, Rep.'}",2017,51361911.0
KOR,"{'id': 'KR', 'value': 'Korea, Rep.'}",2016,51217803.0
KOR,"{'id': 'KR', 'value': 'Korea, Rep.'}",2015,51014947.0
XKX,"{'id': 'XK', 'value': 'Kosovo'}",2024,1594353.0
XKX,"{'id': 'XK', 'value': 'Kosovo'}",2023,1682668.0
XKX,"{'id': 'XK', 'value': 'Kosovo'}",2022,1768096.0
XKX,"{'id': 'XK', 'value': 'Kosovo'}",2021,1786079.0
XKX,"{'id': 'XK', 'value': 'Kosovo'}",2020,1790151.0
XKX,"{'id': 'XK', 'value': 'Kosovo'}",2019,1788891.0
XKX,"{'id': 'XK', 'value': 'Kosovo'}",2018,1797086.0
XKX,"{'id': 'XK', 'value': 'Kosovo'}",2017,1791019.0
XKX,"{'id': 'XK', 'value': 'Kosovo'}",2016,1777568.0
XKX,"{'id': 'XK', 'value': 'Kosovo'}",2015,1788274.0
KWT,"{'id': 'KW', 'value': 'Kuwait'}",2024,4897263.0
KWT,"{'id': 'KW', 'value': 'Kuwait'}",2023,4853420.0
KWT,"{'id': 'KW', 'value': 'Kuwait'}",2022,4589643.0
KWT,"{'id': 'KW', 'value': 'Kuwait'}",2021,4360865.0
KWT,"{'id': 'KW', 'value': 'Kuwait'}",2020,4400267.0
KWT,"{'id': 'KW', 'value': 'Kuwait'}",2019,4442316.0
KWT,"{'id': 'KW', 'value': 'Kuwait'}",2018,4323515.0
KWT,"{'id': 'KW', 'value': 'Kuwait'}",2017,4154812.0
KWT,"{'id': 'KW', 'value': 'Kuwait'}",2016,4004096.0
KWT,"{'id': 'KW', 'value': 'Kuwait'}",2015,3834574.0
KGZ,"{'id': 'KG', 'value': 'Kyrgyz Republic'}",2024,7221868.0
KGZ,"{'id': 'KG', 'value': 'Kyrgyz Republic'}",2023,7099750.0
KGZ,"{'id': 'KG', 'value': 'Kyrgyz Republic'}",2022,6975220.0
KGZ,"{'id': 'KG', 'value': 'Kyrgyz Republic'}",2021,6851224.0
KGZ,"{'id': 'KG', 'value': 'Kyrgyz Republic'}",2020,6726596.0
KGZ,"{'id': 'KG', 'value': 'Kyrgyz Republic'}",2019,6590211.0
KGZ,"{'id': 'KG', 'value': 'Kyrgyz Republic'}",2018,6444079.0
KGZ,"{'id': 'KG', 'value': 'Kyrgyz Republic'}",2017,6306696.0
KGZ,"{'id': 'KG', 'value': 'Kyrgyz Republic'}",2016,6175338.0
KGZ,"{'id': 'KG', 'value': 'Kyrgyz Republic'}",2015,6040036.0
LAO,"{'id': 'LA', 'value': 'Lao PDR'}",2024,7769819.0
LAO,"{'id': 'LA', 'value': 'Lao PDR'}",2023,7664993.0
LAO,"{'id': 'LA', 'value': 'Lao PDR'}",2022,7559007.0
LAO,"{'id': 'LA', 'value': 'Lao PDR'}",2021,7453194.0
LAO,"{'id': 'LA', 'value': 'Lao PDR'}",2020,7346533.0
LAO,"{'id': 'LA', 'value': 'Lao PDR'}",2019,7237636.0
LAO,"{'id': 'LA', 'value': 'Lao PDR'}",2018,7128045.0
LAO,"{'id': 'LA', 'value': 'Lao PDR'}",2017,7018147.0
LAO,"{'id': 'LA', 'value': 'Lao PDR'}",2016,6908802.0
LAO,"{'id': 'LA', 'value': 'Lao PDR'}",2015,6801645.0
LVA,"{'id': 'LV', 'value': 'Latvia'}",2024,1866124.0
LVA,"{'id': 'LV', 'value': 'Latvia'}",2023,1883710.0
LVA,"{'id': 'LV', 'value': 'Latvia'}",2022,1879383.0
LVA,"{'id': 'LV', 'value': 'Latvia'}",2021,1884490.0
LVA,"{'id': 'LV', 'value': 'Latvia'}",2020,1900449.0
LVA,"{'id': 'LV', 'value': 'Latvia'}",2019,1913822.0
LVA,"{'id': 'LV', 'value': 'Latvia'}",2018,1927174.0
LVA,"{'id': 'LV', 'value': 'Latvia'}",2017,1942248.0
LVA,"{'id': 'LV', 'value': 'Latvia'}",2016,1959537.0
LVA,"{'id': 'LV', 'value': 'Latvia'}",2015,1977527.0
LBN,"{'id': 'LB', 'value': 'Lebanon'}",2024,5805962.0
LBN,"{'id': 'LB', 'value': 'Lebanon'}",2023,5773493.0
LBN,"{'id': 'LB', 'value': 'Lebanon'}",2022,5744489.0
LBN,"{'id': 'LB', 'value': 'Lebanon'}",2021,5718122.0
LBN,"{'id': 'LB', 'value': 'Lebanon'}",2020,5702398.0
LBN,"{'id': 'LB', 'value': 'Lebanon'}",2019,5794594.0
LBN,"{'id': 'LB', 'value': 'Lebanon'}",2018,5984119.0
LBN,"{'id': 'LB', 'value': 'Lebanon'}",2017,6160128.0
LBN,"{'id': 'LB', 'value': 'Lebanon'}",2016,6323060.0
LBN,"{'id': 'LB', 'value': 'Lebanon'}",2015,6472469.0
LSO,"{'id': 'LS', 'value': 'Lesotho'}",2024,2337423.0
LSO,"{'id': 'LS', 'value': 'Lesotho'}",2023,2311472.0
LSO,"{'id': 'LS', 'value': 'Lesotho'}",2022,2286110.0
LSO,"{'id': 'LS', 'value': 'Lesotho'}",2021,2261542.0
LSO,"{'id': 'LS', 'value': 'Lesotho'}",2020,2235727.0
LSO,"{'id': 'LS', 'value': 'Lesotho'}",2019,2209405.0
LSO,"{'id': 'LS', 'value': 'Lesotho'}",2018,2183603.0
LSO,"{'id': 'LS', 'value': 'Lesotho'}",2017,2157110.0
LSO,"{'id': 'LS', 'value': 'Lesotho'}",2016,2130422.0
LSO,"{'id': 'LS', 'value': 'Lesotho'}",2015,2104611.0
LBR,"{'id': 'LR', 'value': 'Liberia'}",2024,5612817.0
LBR,"{'id': 'LR', 'value': 'Liberia'}",2023,5493031.0
LBR,"{'id': 'LR', 'value': 'Liberia'}",2022,5373294.0
LBR,"{'id': 'LR', 'value': 'Liberia'}",2021,5259323.0
LBR,"{'id': 'LR', 'value': 'Liberia'}",2020,5149463.0
LBR,"{'id': 'LR', 'value': 'Liberia'}",2019,5043721.0
LBR,"{'id': 'LR', 'value': 'Liberia'}",2018,4944726.0
LBR,"{'id': 'LR', 'value': 'Liberia'}",2017,4848925.0
LBR,"{'id': 'LR', 'value': 'Liberia'}",2016,4755608.0
LBR,"{'id': 'LR', 'value': 'Liberia'}",2015,4659431.0
LBY,"{'id': 'LY', 'value': 'Libya'}",2024,7381023.0
LBY,"{'id': 'LY', 'value': 'Libya'}",2023,7305659.0
LBY,"{'id': 'LY', 'value': 'Libya'}",2022,7223805.0
LBY,"{'id': 'LY', 'value': 'Libya'}",2021,7135175.0
LBY,"{'id': 'LY', 'value': 'Libya'}",2020,7045399.0
LBY,"{'id': 'LY', 'value': 'Libya'}",2019,6951033.0
LBY,"{'id': 'LY', 'value': 'Libya'}",2018,6849055.0
LBY,"{'id': 'LY', 'value': 'Libya'}",2017,6738770.0
LBY,"{'id': 'LY', 'value': 'Libya'}",2016,6632126.0
LBY,"{'id': 'LY', 'value': 'Libya'}",2015,6531819.0
LIE,"{'id': 'LI', 'value': 'Liechtenstein'}",2024,40450.0
LIE,"{'id': 'LI', 'value': 'Liechtenstein'}",2023,39846.0
LIE,"{'id': 'LI', 'value': 'Liechtenstein'}",2022,39493.0
LIE,"{'id': 'LI', 'value': 'Liechtenstein'}",2021,39182.0
LIE,"{'id': 'LI', 'value': 'Liechtenstein'}",2020,38901.0
LIE,"{'id': 'LI', 'value': 'Liechtenstein'}",2019,38563.0
LIE,"{'id': 'LI', 'value': 'Liechtenstein'}",2018,38246.0
LIE,"{'id': 'LI', 'value': 'Liechtenstein'}",2017,37962.0
LIE,"{'id': 'LI', 'value': 'Liechtenstein'}",2016,37716.0
LIE,"{'id': 'LI', 'value': 'Liechtenstein'}",2015,37494.0
LTU,"{'id': 'LT', 'value': 'Lithuania'}",2024,2888278.0
LTU,"{'id': 'LT', 'value': 'Lithuania'}",2023,2871585.0
LTU,"{'id': 'LT', 'value': 'Lithuania'}",2022,2831639.0
LTU,"{'id': 'LT', 'value': 'Lithuania'}",2021,2808380.0
LTU,"{'id': 'LT', 'value': 'Lithuania'}",2020,2810369.0
LTU,"{'id': 'LT', 'value': 'Lithuania'}",2019,2811089.0
LTU,"{'id': 'LT', 'value': 'Lithuania'}",2018,2819200.0
LTU,"{'id': 'LT', 'value': 'Lithuania'}",2017,2842639.0
LTU,"{'id': 'LT', 'value': 'Lithuania'}",2016,2877325.0
LTU,"{'id': 'LT', 'value': 'Lithuania'}",2015,2911109.0
LUX,"{'id': 'LU', 'value': 'Luxembourg'}",2024,677012.0
LUX,"{'id': 'LU', 'value': 'Luxembourg'}",2023,666430.0
LUX,"{'id': 'LU', 'value': 'Luxembourg'}",2022,653103.0
LUX,"{'id': 'LU', 'value': 'Luxembourg'}",2021,640064.0
LUX,"{'id': 'LU', 'value': 'Luxembourg'}",2020,630419.0
LUX,"{'id': 'LU', 'value': 'Luxembourg'}",2019,620001.0
LUX,"{'id': 'LU', 'value': 'Luxembourg'}",2018,607950.0
LUX,"{'id': 'LU', 'value': 'Luxembourg'}",2017,596336.0
LUX,"{'id': 'LU', 'value': 'Luxembourg'}",2016,582014.0
LUX,"{'id': 'LU', 'value': 'Luxembourg'}",2015,569604.0
MAC,"{'id': 'MO', 'value': 'Macao SAR, China'}",2024,687000.0
MAC,"{'id': 'MO', 'value': 'Macao SAR, China'}",2023,678800.0
MAC,"{'id': 'MO', 'value': 'Macao SAR, China'}",2022,677300.0
MAC,"{'id': 'MO', 'value': 'Macao SAR, China'}",2021,682500.0
MAC,"{'id': 'MO', 'value': 'Macao SAR, China'}",2020,685400.0
MAC,"{'id': 'MO', 'value': 'Macao SAR, China'}",2019,672000.0
MAC,"{'id': 'MO', 'value': 'Macao SAR, China'}",2018,658900.0
MAC,"{'id': 'MO', 'value': 'Macao SAR, China'}",2017,648400.0
MAC,"{'id': 'MO', 'value': 'Macao SAR, China'}",2016,652500.0
MAC,"{'id': 'MO', 'value': 'Macao SAR, China'}",2015,642900.0
MDG,"{'id': 'MG', 'value': 'Madagascar'}",2024,31964956.0
MDG,"{'id': 'MG', 'value': 'Madagascar'}",2023,31195932.0
MDG,"{'id': 'MG', 'value': 'Madagascar'}",2022,30437261.0
MDG,"{'id': 'MG', 'value': 'Madagascar'}",2021,29691083.0
MDG,"{'id': 'MG', 'value': 'Madagascar'}",2020,28953556.0
MDG,"{'id': 'MG', 'value': 'Madagascar'}",2019,28219554.0
MDG,"{'id': 'MG', 'value': 'Madagascar'}",2018,27494926.0
MDG,"{'id': 'MG', 'value': 'Madagascar'}",2017,26788375.0
MDG,"{'id': 'MG', 'value': 'Madagascar'}",2016,26099952.0
MDG,"{'id': 'MG', 'value': 'Madagascar'}",2015,25426702.0
MWI,"{'id': 'MW', 'value': 'Malawi'}",2024,21655286.0
MWI,"{'id': 'MW', 'value': 'Malawi'}",2023,21104482.0
MWI,"{'id': 'MW', 'value': 'Malawi'}",2022,20568728.0
MWI,"{'id': 'MW', 'value': 'Malawi'}",2021,20047258.0
MWI,"{'id': 'MW', 'value': 'Malawi'}",2020,19533888.0
MWI,"{'id': 'MW', 'value': 'Malawi'}",2019,19025752.0
MWI,"{'id': 'MW', 'value': 'Malawi'}",2018,18528081.0
MWI,"{'id': 'MW', 'value': 'Malawi'}",2017,18039715.0
MWI,"{'id': 'MW', 'value': 'Malawi'}",2016,17557739.0
MWI,"{'id': 'MW', 'value': 'Malawi'}",2015,17085587.0
MYS,"{'id': 'MY', 'value': 'Malaysia'}",2024,35557673.0
MYS,"{'id': 'MY', 'value': 'Malaysia'}",2023,35126298.0
MYS,"{'id': 'MY', 'value': 'Malaysia'}",2022,34695493.0
MYS,"{'id': 'MY', 'value': 'Malaysia'}",2021,34282399.0
MYS,"{'id': 'MY', 'value': 'Malaysia'}",2020,33889558.0
MYS,"{'id': 'MY', 'value': 'Malaysia'}",2019,33440596.0
MYS,"{'id': 'MY', 'value': 'Malaysia'}",2018,32910967.0
MYS,"{'id': 'MY', 'value': 'Malaysia'}",2017,32355644.0
MYS,"{'id': 'MY', 'value': 'Malaysia'}",2016,31789685.0
MYS,"{'id': 'MY', 'value': 'Malaysia'}",2015,31232798.0
MDV,"{'id': 'MV', 'value': 'Maldives'}",2024,527799.0
MDV,"{'id': 'MV', 'value': 'Maldives'}",2023,525994.0
MDV,"{'id': 'MV', 'value': 'Maldives'}",2022,524106.0
MDV,"{'id': 'MV', 'value': 'Maldives'}",2021,516154.0
MDV,"{'id': 'MV', 'value': 'Maldives'}",2020,502118.0
MDV,"{'id': 'MV', 'value': 'Maldives'}",2019,487731.0
MDV,"{'id': 'MV', 'value': 'Maldives'}",2018,473099.0
MDV,"{'id': 'MV', 'value': 'Maldives'}",2017,458287.0
MDV,"{'id': 'MV', 'value': 'Maldives'}",2016,443308.0
MDV,"{'id': 'MV', 'value': 'Maldives'}",2015,428154.0
MLI,"{'id': 'ML', 'value': 'Mali'}",2024,24478595.0
MLI,"{'id': 'ML', 'value': 'Mali'}",2023,23769127.0
MLI,"{'id': 'ML', 'value': 'Mali'}",2022,23072640.0
MLI,"{'id': 'ML', 'value': 'Mali'}",2021,22388630.0
MLI,"{'id': 'ML', 'value': 'Mali'}",2020,21713836.0
MLI,"{'id': 'ML', 'value': 'Mali'}",2019,21068405.0
MLI,"{'id': 'ML', 'value': 'Mali'}",2018,20442030.0
MLI,"{'id': 'ML', 'value': 'Mali'}",2017,19813011.0
MLI,"{'id': 'ML', 'value': 'Mali'}",2016,19191289.0
MLI,"{'id': 'ML', 'value': 'Mali'}",2015,18593022.0
MLT,"{'id': 'MT', 'value': 'Malta'}",2024,568847.0
MLT,"{'id': 'MT', 'value': 'Malta'}",2023,552747.0
MLT,"{'id': 'MT', 'value': 'Malta'}",2022,531113.0
MLT,"{'id': 'MT', 'value': 'Malta'}",2021,518150.0
MLT,"{'id': 'MT', 'value': 'Malta'}",2020,515490.0
MLT,"{'id': 'MT', 'value': 'Malta'}",2019,503912.0
MLT,"{'id': 'MT', 'value': 'Malta'}",2018,483903.0
MLT,"{'id': 'MT', 'value': 'Malta'}",2017,467106.0
MLT,"{'id': 'MT', 'value': 'Malta'}",2016,454505.0
MLT,"{'id': 'MT', 'value': 'Malta'}",2015,444220.0
MHL,"{'id': 'MH', 'value': 'Marshall Islands'}",2024,37548.0
MHL,"{'id': 'MH', 'value': 'Marshall Islands'}",2023,38827.0
MHL,"{'id': 'MH', 'value': 'Marshall Islands'}",2022,40077.0
MHL,"{'id': 'MH', 'value': 'Marshall Islands'}",2021,41367.0
MHL,"{'id': 'MH', 'value': 'Marshall Islands'}",2020,42706.0
MHL,"{'id': 'MH', 'value': 'Marshall Islands'}",2019,44007.0
MHL,"{'id': 'MH', 'value': 'Marshall Islands'}",2018,45285.0
MHL,"{'id': 'MH', 'value': 'Marshall Islands'}",2017,46529.0
MHL,"{'id': 'MH', 'value': 'Marshall Islands'}",2016,47709.0
MHL,"{'id': 'MH', 'value': 'Marshall Islands'}",2015,48800.0
MRT,"{'id': 'MR', 'value': 'Mauritania'}",2024,5169395.0
MRT,"{'id': 'MR', 'value': 'Mauritania'}",2023,5022441.0
MRT,"{'id': 'MR', 'value': 'Mauritania'}",2022,4875637.0
MRT,"{'id': 'MR', 'value': 'Mauritania'}",2021,4734874.0
MRT,"{'id': 'MR', 'value': 'Mauritania'}",2020,4600131.0
MRT,"{'id': 'MR', 'value': 'Mauritania'}",2019,4467708.0
MRT,"{'id': 'MR', 'value': 'Mauritania'}",2018,4337685.0
MRT,"{'id': 'MR', 'value': 'Mauritania'}",2017,4210600.0
MRT,"{'id': 'MR', 'value': 'Mauritania'}",2016,4086657.0
MRT,"{'id': 'MR', 'value': 'Mauritania'}",2015,3965959.0
MUS,"{'id': 'MU', 'value': 'Mauritius'}",2024,1245779.0
MUS,"{'id': 'MU', 'value': 'Mauritius'}",2023,1248647.0
MUS,"{'id': 'MU', 'value': 'Mauritius'}",2022,1262523.0
MUS,"{'id': 'MU', 'value': 'Mauritius'}",2021,1266334.0
MUS,"{'id': 'MU', 'value': 'Mauritius'}",2020,1266014.0
MUS,"{'id': 'MU', 'value': 'Mauritius'}",2019,1265985.0
MUS,"{'id': 'MU', 'value': 'Mauritius'}",2018,1265577.0
MUS,"{'id': 'MU', 'value': 'Mauritius'}",2017,1264887.0
MUS,"{'id': 'MU', 'value': 'Mauritius'}",2016,1263747.0
MUS,"{'id': 'MU', 'value': 'Mauritius'}",2015,1262879.0
MEX,"{'id': 'MX', 'value': 'Mexico'}",2024,130861007.0
MEX,"{'id': 'MX', 'value': 'Mexico'}",2023,129739759.0
MEX,"{'id': 'MX', 'value': 'Mexico'}",2022,128613117.0
MEX,"{'id': 'MX', 'value': 'Mexico'}",2021,127648148.0
MEX,"{'id': 'MX', 'value': 'Mexico'}",2020,126799054.0
MEX,"{'id': 'MX', 'value': 'Mexico'}",2019,125762982.0
MEX,"{'id': 'MX', 'value': 'Mexico'}",2018,124573711.0
MEX,"{'id': 'MX', 'value': 'Mexico'}",2017,123400057.0
MEX,"{'id': 'MX', 'value': 'Mexico'}",2016,122251351.0
MEX,"{'id': 'MX', 'value': 'Mexico'}",2015,121072306.0
FSM,"{'id': 'FM', 'value': 'Micronesia, Fed. Sts.'}",2024,113160.0
FSM,"{'id': 'FM', 'value': 'Micronesia, Fed. Sts.'}",2023,112630.0
FSM,"{'id': 'FM', 'value': 'Micronesia, Fed. Sts.'}",2022,112114.0
FSM,"{'id': 'FM', 'value': 'Micronesia, Fed. Sts.'}",2021,111624.0
FSM,"{'id': 'FM', 'value': 'Micronesia, Fed. Sts.'}",2020,110916.0
FSM,"{'id': 'FM', 'value': 'Micronesia, Fed. Sts.'}",2019,110282.0
FSM,"{'id': 'FM', 'value': 'Micronesia, Fed. Sts.'}",2018,109909.0
FSM,"{'id': 'FM', 'value': 'Micronesia, Fed. Sts.'}",2017,109481.0
FSM,"{'id': 'FM', 'value': 'Micronesia, Fed. Sts.'}",2016,109075.0
FSM,"{'id': 'FM', 'value': 'Micronesia, Fed. Sts.'}",2015,108716.0
MDA,"{'id': 'MD', 'value': 'Moldova'}",2024,2402306.0
MDA,"{'id': 'MD', 'value': 'Moldova'}",2023,2457783.0
MDA,"{'id': 'MD', 'value': 'Moldova'}",2022,2528654.0
MDA,"{'id': 'MD', 'value': 'Moldova'}",2021,2595809.0
MDA,"{'id': 'MD', 'value': 'Moldova'}",2020,2635130.0
MDA,"{'id': 'MD', 'value': 'Moldova'}",2019,2664224.0
MDA,"{'id': 'MD', 'value': 'Moldova'}",2018,2707203.0
MDA,"{'id': 'MD', 'value': 'Moldova'}",2017,2755189.0
MDA,"{'id': 'MD', 'value': 'Moldova'}",2016,2803186.0
MDA,"{'id': 'MD', 'value': 'Moldova'}",2015,2835978.0
MCO,"{'id': 'MC', 'value': 'Monaco'}",2024,38631.0
MCO,"{'id': 'MC', 'value': 'Monaco'}",2023,38956.0
MCO,"{'id': 'MC', 'value': 'Monaco'}",2022,38931.0
MCO,"{'id': 'MC', 'value': 'Monaco'}",2021,38527.0
MCO,"{'id': 'MC', 'value': 'Monaco'}",2020,38050.0
MCO,"{'id': 'MC', 'value': 'Monaco'}",2019,38109.0
MCO,"{'id': 'MC', 'value': 'Monaco'}",2018,38154.0
MCO,"{'id': 'MC', 'value': 'Monaco'}",2017,37678.0
MCO,"{'id': 'MC', 'value': 'Monaco'}",2016,37276.0
MCO,"{'id': 'MC', 'value': 'Monaco'}",2015,36757.0
MNG,"{'id': 'MN', 'value': 'Mongolia'}",2024,3524788.0
MNG,"{'id': 'MN', 'value': 'Mongolia'}",2023,3481145.0
MNG,"{'id': 'MN', 'value': 'Mongolia'}",2022,3433748.0
MNG,"{'id': 'MN', 'value': 'Mongolia'}",2021,3383741.0
MNG,"{'id': 'MN', 'value': 'Mongolia'}",2020,3327204.0
MNG,"{'id': 'MN', 'value': 'Mongolia'}",2019,3267673.0
MNG,"{'id': 'MN', 'value': 'Mongolia'}",2018,3208189.0
MNG,"{'id': 'MN', 'value': 'Mongolia'}",2017,3148917.0
MNG,"{'id': 'MN', 'value': 'Mongolia'}",2016,3088856.0
MNG,"{'id': 'MN', 'value': 'Mongolia'}",2015,3026864.0
MNE,"{'id': 'ME', 'value': 'Montenegro'}",2024,623525.0
MNE,"{'id': 'ME', 'value': 'Montenegro'}",2023,623529.0
MNE,"{'id': 'ME', 'value': 'Montenegro'}",2022,623591.0
MNE,"{'id': 'ME', 'value': 'Montenegro'}",2021,625053.0
MNE,"{'id': 'ME', 'value': 'Montenegro'}",2020,626590.0
MNE,"{'id': 'ME', 'value': 'Montenegro'}",2019,626753.0
MNE,"{'id': 'ME', 'value': 'Montenegro'}",2018,626438.0
MNE,"{'id': 'ME', 'value': 'Montenegro'}",2017,625982.0
MNE,"{'id': 'ME', 'value': 'Montenegro'}",2016,625353.0
MNE,"{'id': 'ME', 'value': 'Montenegro'}",2015,624651.0
MAR,"{'id': 'MA', 'value': 'Morocco'}",2024,38081173.0
MAR,"{'id': 'MA', 'value': 'Morocco'}",2023,37712505.0
MAR,"{'id': 'MA', 'value': 'Morocco'}",2022,37329064.0
MAR,"{'id': 'MA', 'value': 'Morocco'}",2021,36954442.0
MAR,"{'id': 'MA', 'value': 'Morocco'}",2020,36584208.0
MAR,"{'id': 'MA', 'value': 'Morocco'}",2019,36210898.0
MAR,"{'id': 'MA', 'value': 'Morocco'}",2018,35839760.0
MAR,"{'id': 'MA', 'value': 'Morocco'}",2017,35446392.0
MAR,"{'id': 'MA', 'value': 'Morocco'}",2016,35023457.0
MAR,"{'id': 'MA', 'value': 'Morocco'}",2015,34607588.0
MOZ,"{'id': 'MZ', 'value': 'Mozambique'}",2024,34631766.0
MOZ,"{'id': 'MZ', 'value': 'Mozambique'}",2023,33635160.0
MOZ,"{'id': 'MZ', 'value': 'Mozambique'}",2022,32656246.0
MOZ,"{'id': 'MZ', 'value': 'Mozambique'}",2021,31707800.0
MOZ,"{'id': 'MZ', 'value': 'Mozambique'}",2020,30783688.0
MOZ,"{'id': 'MZ', 'value': 'Mozambique'}",2019,29884380.0
MOZ,"{'id': 'MZ', 'value': 'Mozambique'}",2018,29018644.0
MOZ,"{'id': 'MZ', 'value': 'Mozambique'}",2017,28166393.0
MOZ,"{'id': 'MZ', 'value': 'Mozambique'}",2016,27337105.0
MOZ,"{'id': 'MZ', 'value': 'Mozambique'}",2015,26547572.0
MMR,"{'id': 'MM', 'value': 'Myanmar'}",2024,54500091.0
MMR,"{'id': 'MM', 'value': 'Myanmar'}",2023,54133798.0
MMR,"{'id': 'MM', 'value': 'Myanmar'}",2022,53756787.0
MMR,"{'id': 'MM', 'value': 'Myanmar'}",2021,53387102.0
MMR,"{'id': 'MM', 'value': 'Myanmar'}",2020,53016522.0
MMR,"{'id': 'MM', 'value': 'Myanmar'}",2019,52640713.0
MMR,"{'id': 'MM', 'value': 'Myanmar'}",2018,52272247.0
MMR,"{'id': 'MM', 'value': 'Myanmar'}",2017,51894938.0
MMR,"{'id': 'MM', 'value': 'Myanmar'}",2016,51495696.0
MMR,"{'id': 'MM', 'value': 'Myanmar'}",2015,51089056.0
NAM,"{'id': 'NA', 'value': 'Namibia'}",2024,3030131.0
NAM,"{'id': 'NA', 'value': 'Namibia'}",2023,2963095.0
NAM,"{'id': 'NA', 'value': 'Namibia'}",2022,2889662.0
NAM,"{'id': 'NA', 'value': 'Namibia'}",2021,2810548.0
NAM,"{'id': 'NA', 'value': 'Namibia'}",2020,2728762.0
NAM,"{'id': 'NA', 'value': 'Namibia'}",2019,2650494.0
NAM,"{'id': 'NA', 'value': 'Namibia'}",2018,2577327.0
NAM,"{'id': 'NA', 'value': 'Namibia'}",2017,2506853.0
NAM,"{'id': 'NA', 'value': 'Namibia'}",2016,2439213.0
NAM,"{'id': 'NA', 'value': 'Namibia'}",2015,2374300.0
NRU,"{'id': 'NR', 'value': 'Nauru'}",2024,11947.0
NRU,"{'id': 'NR', 'value': 'Nauru'}",2023,11875.0
NRU,"{'id': 'NR', 'value': 'Nauru'}",2022,11801.0
NRU,"{'id': 'NR', 'value': 'Nauru'}",2021,11709.0
NRU,"{'id': 'NR', 'value': 'Nauru'}",2020,11643.0
NRU,"{'id': 'NR', 'value': 'Nauru'}",2019,11587.0
NRU,"{'id': 'NR', 'value': 'Nauru'}",2018,11477.0
NRU,"{'id': 'NR', 'value': 'Nauru'}",2017,11324.0
NRU,"{'id': 'NR', 'value': 'Nauru'}",2016,11150.0
NRU,"{'id': 'NR', 'value': 'Nauru'}",2015,10954.0
NPL,"{'id': 'NP', 'value': 'Nepal'}",2024,29651054.0
NPL,"{'id': 'NP', 'value': 'Nepal'}",2023,29694614.0
NPL,"{'id': 'NP', 'value': 'Nepal'}",2022,29715436.0
NPL,"{'id': 'NP', 'value': 'Nepal'}",2021,29475010.0
NPL,"{'id': 'NP', 'value': 'Nepal'}",2020,28966574.0
NPL,"{'id': 'NP', 'value': 'Nepal'}",2019,28414064.0
NPL,"{'id': 'NP', 'value': 'Nepal'}",2018,28079689.0
NPL,"{'id': 'NP', 'value': 'Nepal'}",2017,28011258.0
NPL,"{'id': 'NP', 'value': 'Nepal'}",2016,27955462.0
NPL,"{'id': 'NP', 'value': 'Nepal'}",2015,27823629.0
NLD,"{'id': 'NL', 'value': 'Netherlands'}",2024,17993485.0
NLD,"{'id': 'NL', 'value': 'Netherlands'}",2023,17877117.0
NLD,"{'id': 'NL', 'value': 'Netherlands'}",2022,17700982.0
NLD,"{'id': 'NL', 'value': 'Netherlands'}",2021,17533044.0
NLD,"{'id': 'NL', 'value': 'Netherlands'}",2020,17441500.0
NLD,"{'id': 'NL', 'value': 'Netherlands'}",2019,17344874.0
NLD,"{'id': 'NL', 'value': 'Netherlands'}",2018,17231624.0
NLD,"{'id': 'NL', 'value': 'Netherlands'}",2017,17131296.0
NLD,"{'id': 'NL', 'value': 'Netherlands'}",2016,17030314.0
NLD,"{'id': 'NL', 'value': 'Netherlands'}",2015,16939923.0
NCL,"{'id': 'NC', 'value': 'New Caledonia'}",2024,292639.0
NCL,"{'id': 'NC', 'value': 'New Caledonia'}",2023,289870.0
NCL,"{'id': 'NC', 'value': 'New Caledonia'}",2022,287123.0
NCL,"{'id': 'NC', 'value': 'New Caledonia'}",2021,285214.0
NCL,"{'id': 'NC', 'value': 'New Caledonia'}",2020,284176.0
NCL,"{'id': 'NC', 'value': 'New Caledonia'}",2019,283606.0
NCL,"{'id': 'NC', 'value': 'New Caledonia'}",2018,283541.0
NCL,"{'id': 'NC', 'value': 'New Caledonia'}",2017,283546.0
NCL,"{'id': 'NC', 'value': 'New Caledonia'}",2016,283423.0
NCL,"{'id': 'NC', 'value': 'New Caledonia'}",2015,283168.0
NZL,"{'id': 'NZ', 'value': 'New Zealand'}",2024,5287500.0
NZL,"{'id': 'NZ', 'value': 'New Zealand'}",2023,5200000.0
NZL,"{'id': 'NZ', 'value': 'New Zealand'}",2022,5081700.0
NZL,"{'id': 'NZ', 'value': 'New Zealand'}",2021,5084600.0
NZL,"{'id': 'NZ', 'value': 'New Zealand'}",2020,5072400.0
NZL,"{'id': 'NZ', 'value': 'New Zealand'}",2019,4970300.0
NZL,"{'id': 'NZ', 'value': 'New Zealand'}",2018,4900600.0
NZL,"{'id': 'NZ', 'value': 'New Zealand'}",2017,4813600.0
NZL,"{'id': 'NZ', 'value': 'New Zealand'}",2016,4714100.0
NZL,"{'id': 'NZ', 'value': 'New Zealand'}",2015,4609400.0
NIC,"{'id': 'NI', 'value': 'Nicaragua'}",2024,6916140.0
NIC,"{'id': 'NI', 'value': 'Nicaragua'}",2023,6823613.0
NIC,"{'id': 'NI', 'value': 'Nicaragua'}",2022,6730654.0
NIC,"{'id': 'NI', 'value': 'Nicaragua'}",2021,6644741.0
NIC,"{'id': 'NI', 'value': 'Nicaragua'}",2020,6565267.0
NIC,"{'id': 'NI', 'value': 'Nicaragua'}",2019,6483657.0
NIC,"{'id': 'NI', 'value': 'Nicaragua'}",2018,6400080.0
NIC,"{'id': 'NI', 'value': 'Nicaragua'}",2017,6316231.0
NIC,"{'id': 'NI', 'value': 'Nicaragua'}",2016,6232666.0
NIC,"{'id': 'NI', 'value': 'Nicaragua'}",2015,6149417.0
NER,"{'id': 'NE', 'value': 'Niger'}",2024,27032412.0
NER,"{'id': 'NE', 'value': 'Niger'}",2023,26159867.0
NER,"{'id': 'NE', 'value': 'Niger'}",2022,25311973.0
NER,"{'id': 'NE', 'value': 'Niger'}",2021,24502140.0
NER,"{'id': 'NE', 'value': 'Niger'}",2020,23717613.0
NER,"{'id': 'NE', 'value': 'Niger'}",2019,22947757.0
NER,"{'id': 'NE', 'value': 'Niger'}",2018,22188069.0
NER,"{'id': 'NE', 'value': 'Niger'}",2017,21435446.0
NER,"{'id': 'NE', 'value': 'Niger'}",2016,20685753.0
NER,"{'id': 'NE', 'value': 'Niger'}",2015,19939498.0
NGA,"{'id': 'NG', 'value': 'Nigeria'}",2024,232679478.0
NGA,"{'id': 'NG', 'value': 'Nigeria'}",2023,227882945.0
NGA,"{'id': 'NG', 'value': 'Nigeria'}",2022,223150896.0
NGA,"{'id': 'NG', 'value': 'Nigeria'}",2021,218529286.0
NGA,"{'id': 'NG', 'value': 'Nigeria'}",2020,213996181.0
NGA,"{'id': 'NG', 'value': 'Nigeria'}",2019,209485641.0
NGA,"{'id': 'NG', 'value': 'Nigeria'}",2018,204938755.0
NGA,"{'id': 'NG', 'value': 'Nigeria'}",2017,200254579.0
NGA,"{'id': 'NG', 'value': 'Nigeria'}",2016,195443700.0
NGA,"{'id': 'NG', 'value': 'Nigeria'}",2015,190671878.0
MKD,"{'id': 'MK', 'value': 'North Macedonia'}",2024,1824359.0
MKD,"{'id': 'MK', 'value': 'North Macedonia'}",2023,1827816.0
MKD,"{'id': 'MK', 'value': 'North Macedonia'}",2022,1831712.0
MKD,"{'id': 'MK', 'value': 'North Macedonia'}",2021,1837114.0
MKD,"{'id': 'MK', 'value': 'North Macedonia'}",2020,1856124.0
MKD,"{'id': 'MK', 'value': 'North Macedonia'}",2019,1876262.0
MKD,"{'id': 'MK', 'value': 'North Macedonia'}",2018,1889051.0
MKD,"{'id': 'MK', 'value': 'North Macedonia'}",2017,1898657.0
MKD,"{'id': 'MK', 'value': 'North Macedonia'}",2016,1906313.0
MKD,"{'id': 'MK', 'value': 'North Macedonia'}",2015,1912430.0
MNP,"{'id': 'MP', 'value': 'Northern Mariana Islands'}",2024,44278.0
MNP,"{'id': 'MP', 'value': 'Northern Mariana Islands'}",2023,45143.0
MNP,"{'id': 'MP', 'value': 'Northern Mariana Islands'}",2022,46078.0
MNP,"{'id': 'MP', 'value': 'Northern Mariana Islands'}",2021,46979.0
MNP,"{'id': 'MP', 'value': 'Northern Mariana Islands'}",2020,47528.0
MNP,"{'id': 'MP', 'value': 'Northern Mariana Islands'}",2019,48129.0
MNP,"{'id': 'MP', 'value': 'Northern Mariana Islands'}",2018,49077.0
MNP,"{'id': 'MP', 'value': 'Northern Mariana Islands'}",2017,49959.0
MNP,"{'id': 'MP', 'value': 'Northern Mariana Islands'}",2016,50773.0
MNP,"{'id': 'MP', 'value': 'Northern Mariana Islands'}",2015,51514.0
NOR,"{'id': 'NO', 'value': 'Norway'}",2024,5572279.0
NOR,"{'id': 'NO', 'value': 'Norway'}",2023,5519601.0
NOR,"{'id': 'NO', 'value': 'Norway'}",2022,5457127.0
NOR,"{'id': 'NO', 'value': 'Norway'}",2021,5408320.0
NOR,"{'id': 'NO', 'value': 'Norway'}",2020,5379475.0
NOR,"{'id': 'NO', 'value': 'Norway'}",2019,5347896.0
NOR,"{'id': 'NO', 'value': 'Norway'}",2018,5311916.0
NOR,"{'id': 'NO', 'value': 'Norway'}",2017,5276968.0
NOR,"{'id': 'NO', 'value': 'Norway'}",2016,5234519.0
NOR,"{'id': 'NO', 'value': 'Norway'}",2015,5188607.0
OMN,"{'id': 'OM', 'value': 'Oman'}",2024,5281538.0
OMN,"{'id': 'OM', 'value': 'Oman'}",2023,5049269.0
OMN,"{'id': 'OM', 'value': 'Oman'}",2022,4730226.0
OMN,"{'id': 'OM', 'value': 'Oman'}",2021,4500424.0
OMN,"{'id': 'OM', 'value': 'Oman'}",2020,4522497.0
OMN,"{'id': 'OM', 'value': 'Oman'}",2019,4591241.0
OMN,"{'id': 'OM', 'value': 'Oman'}",2018,4597877.0
OMN,"{'id': 'OM', 'value': 'Oman'}",2017,4537396.0
OMN,"{'id': 'OM', 'value': 'Oman'}",2016,4390877.0
OMN,"{'id': 'OM', 'value': 'Oman'}",2015,4184895.0
PAK,"{'id': 'PK', 'value': 'Pakistan'}",2024,251269164.0
PAK,"{'id': 'PK', 'value': 'Pakistan'}",2023,247504495.0
PAK,"{'id': 'PK', 'value': 'Pakistan'}",2022,243700667.0
PAK,"{'id': 'PK', 'value': 'Pakistan'}",2021,239477801.0
PAK,"{'id': 'PK', 'value': 'Pakistan'}",2020,235001746.0
PAK,"{'id': 'PK', 'value': 'Pakistan'}",2019,230800899.0
PAK,"{'id': 'PK', 'value': 'Pakistan'}",2018,226928892.0
PAK,"{'id': 'PK', 'value': 'Pakistan'}",2017,223273967.0
PAK,"{'id': 'PK', 'value': 'Pakistan'}",2016,220138869.0
PAK,"{'id': 'PK', 'value': 'Pakistan'}",2015,217290883.0
PLW,"{'id': 'PW', 'value': 'Palau'}",2024,17695.0
PLW,"{'id': 'PW', 'value': 'Palau'}",2023,17727.0
PLW,"{'id': 'PW', 'value': 'Palau'}",2022,17759.0
PLW,"{'id': 'PW', 'value': 'Palau'}",2021,17783.0
PLW,"{'id': 'PW', 'value': 'Palau'}",2020,17792.0
PLW,"{'id': 'PW', 'value': 'Palau'}",2019,17798.0
PLW,"{'id': 'PW', 'value': 'Palau'}",2018,17814.0
PLW,"{'id': 'PW', 'value': 'Palau'}",2017,17812.0
PLW,"{'id': 'PW', 'value': 'Palau'}",2016,17797.0
PLW,"{'id': 'PW', 'value': 'Palau'}",2015,17770.0
PAN,"{'id': 'PA', 'value': 'Panama'}",2024,4515577.0
PAN,"{'id': 'PA', 'value': 'Panama'}",2023,4458759.0
PAN,"{'id': 'PA', 'value': 'Panama'}",2022,4400773.0
PAN,"{'id': 'PA', 'value': 'Panama'}",2021,4345405.0
PAN,"{'id': 'PA', 'value': 'Panama'}",2020,4293261.0
PAN,"{'id': 'PA', 'value': 'Panama'}",2019,4234700.0
PAN,"{'id': 'PA', 'value': 'Panama'}",2018,4167860.0
PAN,"{'id': 'PA', 'value': 'Panama'}",2017,4098707.0
PAN,"{'id': 'PA', 'value': 'Panama'}",2016,4029086.0
PAN,"{'id': 'PA', 'value': 'Panama'}",2015,3960035.0
PNG,"{'id': 'PG', 'value': 'Papua New Guinea'}",2024,10576502.0
PNG,"{'id': 'PG', 'value': 'Papua New Guinea'}",2023,10389635.0
PNG,"{'id': 'PG', 'value': 'Papua New Guinea'}",2022,10203169.0
PNG,"{'id': 'PG', 'value': 'Papua New Guinea'}",2021,10012896.0
PNG,"{'id': 'PG', 'value': 'Papua New Guinea'}",2020,9815746.0
PNG,"{'id': 'PG', 'value': 'Papua New Guinea'}",2019,9609010.0
PNG,"{'id': 'PG', 'value': 'Papua New Guinea'}",2018,9394513.0
PNG,"{'id': 'PG', 'value': 'Papua New Guinea'}",2017,9178714.0
PNG,"{'id': 'PG', 'value': 'Papua New Guinea'}",2016,8961718.0
PNG,"{'id': 'PG', 'value': 'Papua New Guinea'}",2015,8743246.0
PRY,"{'id': 'PY', 'value': 'Paraguay'}",2024,6929153.0
PRY,"{'id': 'PY', 'value': 'Paraguay'}",2023,6844146.0
PRY,"{'id': 'PY', 'value': 'Paraguay'}",2022,6760464.0
PRY,"{'id': 'PY', 'value': 'Paraguay'}",2021,6684182.0
PRY,"{'id': 'PY', 'value': 'Paraguay'}",2020,6603739.0
PRY,"{'id': 'PY', 'value': 'Paraguay'}",2019,6515058.0
PRY,"{'id': 'PY', 'value': 'Paraguay'}",2018,6427382.0
PRY,"{'id': 'PY', 'value': 'Paraguay'}",2017,6338660.0
PRY,"{'id': 'PY', 'value': 'Paraguay'}",2016,6249126.0
PRY,"{'id': 'PY', 'value': 'Paraguay'}",2015,6159103.0
PER,"{'id': 'PE', 'value': 'Peru'}",2024,34217848.0
PER,"{'id': 'PE', 'value': 'Peru'}",2023,33845617.0
PER,"{'id': 'PE', 'value': 'Peru'}",2022,33475438.0
PER,"{'id': 'PE', 'value': 'Peru'}",2021,33155882.0
PER,"{'id': 'PE', 'value': 'Peru'}",2020,32838579.0
PER,"{'id': 'PE', 'value': 'Peru'}",2019,32449303.0
PER,"{'id': 'PE', 'value': 'Peru'}",2018,31897584.0
PER,"{'id': 'PE', 'value': 'Peru'}",2017,31324637.0
PER,"{'id': 'PE', 'value': 'Peru'}",2016,30866494.0
PER,"{'id': 'PE', 'value': 'Peru'}",2015,30457600.0
PHL,"{'id': 'PH', 'value': 'Philippines'}",2024,115843670.0
PHL,"{'id': 'PH', 'value': 'Philippines'}",2023,114891199.0
PHL,"{'id': 'PH', 'value': 'Philippines'}",2022,113964338.0
PHL,"{'id': 'PH', 'value': 'Philippines'}",2021,113100950.0
PHL,"{'id': 'PH', 'value': 'Philippines'}",2020,112081264.0
PHL,"{'id': 'PH', 'value': 'Philippines'}",2019,110804683.0
PHL,"{'id': 'PH', 'value': 'Philippines'}",2018,109465287.0
PHL,"{'id': 'PH', 'value': 'Philippines'}",2017,108119693.0
PHL,"{'id': 'PH', 'value': 'Philippines'}",2016,106735719.0
PHL,"{'id': 'PH', 'value': 'Philippines'}",2015,105312992.0
POL,"{'id': 'PL', 'value': 'Poland'}",2024,36559233.0
POL,"{'id': 'PL', 'value': 'Poland'}",2023,36687353.0
POL,"{'id': 'PL', 'value': 'Poland'}",2022,36821749.0
POL,"{'id': 'PL', 'value': 'Poland'}",2021,36981559.0
POL,"{'id': 'PL', 'value': 'Poland'}",2020,37515748.0
POL,"{'id': 'PL', 'value': 'Poland'}",2019,37965475.0
POL,"{'id': 'PL', 'value': 'Poland'}",2018,37974750.0
POL,"{'id': 'PL', 'value': 'Poland'}",2017,37974826.0
POL,"{'id': 'PL', 'value': 'Poland'}",2016,37970087.0
POL,"{'id': 'PL', 'value': 'Poland'}",2015,37986412.0
PRT,"{'id': 'PT', 'value': 'Portugal'}",2024,10694681.0
PRT,"{'id': 'PT', 'value': 'Portugal'}",2023,10578174.0
PRT,"{'id': 'PT', 'value': 'Portugal'}",2022,10434332.0
PRT,"{'id': 'PT', 'value': 'Portugal'}",2021,10361831.0
PRT,"{'id': 'PT', 'value': 'Portugal'}",2020,10297081.0
PRT,"{'id': 'PT', 'value': 'Portugal'}",2019,10286263.0
PRT,"{'id': 'PT', 'value': 'Portugal'}",2018,10283822.0
PRT,"{'id': 'PT', 'value': 'Portugal'}",2017,10300300.0
PRT,"{'id': 'PT', 'value': 'Portugal'}",2016,10325452.0
PRT,"{'id': 'PT', 'value': 'Portugal'}",2015,10358076.0
PRI,"{'id': 'PR', 'value': 'Puerto Rico (US)'}",2024,3203295.0
PRI,"{'id': 'PR', 'value': 'Puerto Rico (US)'}",2023,3203792.0
PRI,"{'id': 'PR', 'value': 'Puerto Rico (US)'}",2022,3220137.0
PRI,"{'id': 'PR', 'value': 'Puerto Rico (US)'}",2021,3262711.0
PRI,"{'id': 'PR', 'value': 'Puerto Rico (US)'}",2020,3281590.0
PRI,"{'id': 'PR', 'value': 'Puerto Rico (US)'}",2019,3302691.0
PRI,"{'id': 'PR', 'value': 'Puerto Rico (US)'}",2018,3290690.0
PRI,"{'id': 'PR', 'value': 'Puerto Rico (US)'}",2017,3410837.0
PRI,"{'id': 'PR', 'value': 'Puerto Rico (US)'}",2016,3480432.0
PRI,"{'id': 'PR', 'value': 'Puerto Rico (US)'}",2015,3535167.0
QAT,"{'id': 'QA', 'value': 'Qatar'}",2024,2857822.0
QAT,"{'id': 'QA', 'value': 'Qatar'}",2023,2656032.0
QAT,"{'id': 'QA', 'value': 'Qatar'}",2022,2657333.0
QAT,"{'id': 'QA', 'value': 'Qatar'}",2021,2504910.0
QAT,"{'id': 'QA', 'value': 'Qatar'}",2020,2794148.0
QAT,"{'id': 'QA', 'value': 'Qatar'}",2019,2638657.0
QAT,"{'id': 'QA', 'value': 'Qatar'}",2018,2580734.0
QAT,"{'id': 'QA', 'value': 'Qatar'}",2017,2545820.0
QAT,"{'id': 'QA', 'value': 'Qatar'}",2016,2477113.0
QAT,"{'id': 'QA', 'value': 'Qatar'}",2015,2344557.0
ROU,"{'id': 'RO', 'value': 'Romania'}",2024,19051804.0
ROU,"{'id': 'RO', 'value': 'Romania'}",2023,19061062.0
ROU,"{'id': 'RO', 'value': 'Romania'}",2022,19048502.0
ROU,"{'id': 'RO', 'value': 'Romania'}",2021,19122059.0
ROU,"{'id': 'RO', 'value': 'Romania'}",2020,19265250.0
ROU,"{'id': 'RO', 'value': 'Romania'}",2019,19371648.0
ROU,"{'id': 'RO', 'value': 'Romania'}",2018,19473970.0
ROU,"{'id': 'RO', 'value': 'Romania'}",2017,19588715.0
ROU,"{'id': 'RO', 'value': 'Romania'}",2016,19702267.0
ROU,"{'id': 'RO', 'value': 'Romania'}",2015,19815616.0
RUS,"{'id': 'RU', 'value': 'Russian Federation'}",2024,143533851.0
RUS,"{'id': 'RU', 'value': 'Russian Federation'}",2023,143826130.0
RUS,"{'id': 'RU', 'value': 'Russian Federation'}",2022,144236933.0
RUS,"{'id': 'RU', 'value': 'Russian Federation'}",2021,144746762.0
RUS,"{'id': 'RU', 'value': 'Russian Federation'}",2020,145245148.0
RUS,"{'id': 'RU', 'value': 'Russian Federation'}",2019,145453291.0
RUS,"{'id': 'RU', 'value': 'Russian Federation'}",2018,145398106.0
RUS,"{'id': 'RU', 'value': 'Russian Federation'}",2017,145293260.0
RUS,"{'id': 'RU', 'value': 'Russian Federation'}",2016,145015460.0
RUS,"{'id': 'RU', 'value': 'Russian Federation'}",2015,144640716.0
RWA,"{'id': 'RW', 'value': 'Rwanda'}",2024,14256567.0
RWA,"{'id': 'RW', 'value': 'Rwanda'}",2023,13954471.0
RWA,"{'id': 'RW', 'value': 'Rwanda'}",2022,13651030.0
RWA,"{'id': 'RW', 'value': 'Rwanda'}",2021,13355260.0
RWA,"{'id': 'RW', 'value': 'Rwanda'}",2020,13065837.0
RWA,"{'id': 'RW', 'value': 'Rwanda'}",2019,12776103.0
RWA,"{'id': 'RW', 'value': 'Rwanda'}",2018,12487996.0
RWA,"{'id': 'RW', 'value': 'Rwanda'}",2017,12202060.0
RWA,"{'id': 'RW', 'value': 'Rwanda'}",2016,11919183.0
RWA,"{'id': 'RW', 'value': 'Rwanda'}",2015,11640022.0
WSM,"{'id': 'WS', 'value': 'Samoa'}",2024,218019.0
WSM,"{'id': 'WS', 'value': 'Samoa'}",2023,216663.0
WSM,"{'id': 'WS', 'value': 'Samoa'}",2022,215261.0
WSM,"{'id': 'WS', 'value': 'Samoa'}",2021,213779.0
WSM,"{'id': 'WS', 'value': 'Samoa'}",2020,211944.0
WSM,"{'id': 'WS', 'value': 'Samoa'}",2019,209780.0
WSM,"{'id': 'WS', 'value': 'Samoa'}",2018,207582.0
WSM,"{'id': 'WS', 'value': 'Samoa'}",2017,205415.0
WSM,"{'id': 'WS', 'value': 'Samoa'}",2016,203499.0
WSM,"{'id': 'WS', 'value': 'Samoa'}",2015,201782.0
SMR,"{'id': 'SM', 'value': 'San Marino'}",2024,33977.0
SMR,"{'id': 'SM', 'value': 'San Marino'}",2023,33860.0
SMR,"{'id': 'SM', 'value': 'San Marino'}",2022,33755.0
SMR,"{'id': 'SM', 'value': 'San Marino'}",2021,34252.0
SMR,"{'id': 'SM', 'value': 'San Marino'}",2020,34770.0
SMR,"{'id': 'SM', 'value': 'San Marino'}",2019,34663.0
SMR,"{'id': 'SM', 'value': 'San Marino'}",2018,34522.0
SMR,"{'id': 'SM', 'value': 'San Marino'}",2017,33825.0
SMR,"{'id': 'SM', 'value': 'San Marino'}",2016,33101.0
SMR,"{'id': 'SM', 'value': 'San Marino'}",2015,32897.0
STP,"{'id': 'ST', 'value': 'Sao Tome and Principe'}",2024,235536.0
STP,"{'id': 'ST', 'value': 'Sao Tome and Principe'}",2023,230871.0
STP,"{'id': 'ST', 'value': 'Sao Tome and Principe'}",2022,226305.0
STP,"{'id': 'ST', 'value': 'Sao Tome and Principe'}",2021,221961.0
STP,"{'id': 'ST', 'value': 'Sao Tome and Principe'}",2020,217435.0
STP,"{'id': 'ST', 'value': 'Sao Tome and Principe'}",2019,213392.0
STP,"{'id': 'ST', 'value': 'Sao Tome and Principe'}",2018,210187.0
STP,"{'id': 'ST', 'value': 'Sao Tome and Principe'}",2017,206970.0
STP,"{'id': 'ST', 'value': 'Sao Tome and Principe'}",2016,203689.0
STP,"{'id': 'ST', 'value': 'Sao Tome and Principe'}",2015,200291.0
SAU,"{'id': 'SA', 'value': 'Saudi Arabia'}",2024,35300280.0
SAU,"{'id': 'SA', 'value': 'Saudi Arabia'}",2023,33702731.0
SAU,"{'id': 'SA', 'value': 'Saudi Arabia'}",2022,32175224.0
SAU,"{'id': 'SA', 'value': 'Saudi Arabia'}",2021,30784383.0
SAU,"{'id': 'SA', 'value': 'Saudi Arabia'}",2020,31552510.0
SAU,"{'id': 'SA', 'value': 'Saudi Arabia'}",2019,30063799.0
SAU,"{'id': 'SA', 'value': 'Saudi Arabia'}",2018,30196281.0
SAU,"{'id': 'SA', 'value': 'Saudi Arabia'}",2017,30977355.0
SAU,"{'id': 'SA', 'value': 'Saudi Arabia'}",2016,30954198.0
SAU,"{'id': 'SA', 'value': 'Saudi Arabia'}",2015,29816382.0
SEN,"{'id': 'SN', 'value': 'Senegal'}",2024,18501984.0
SEN,"{'id': 'SN', 'value': 'Senegal'}",2023,18077573.0
SEN,"{'id': 'SN', 'value': 'Senegal'}",2022,17651103.0
SEN,"{'id': 'SN', 'value': 'Senegal'}",2021,17220867.0
SEN,"{'id': 'SN', 'value': 'Senegal'}",2020,16789219.0
SEN,"{'id': 'SN', 'value': 'Senegal'}",2019,16352922.0
SEN,"{'id': 'SN', 'value': 'Senegal'}",2018,15914498.0
SEN,"{'id': 'SN', 'value': 'Senegal'}",2017,15475002.0
SEN,"{'id': 'SN', 'value': 'Senegal'}",2016,15034521.0
SEN,"{'id': 'SN', 'value': 'Senegal'}",2015,14593331.0
SRB,"{'id': 'RS', 'value': 'Serbia'}",2024,6586476.0
SRB,"{'id': 'RS', 'value': 'Serbia'}",2023,6623183.0
SRB,"{'id': 'RS', 'value': 'Serbia'}",2022,6664449.0
SRB,"{'id': 'RS', 'value': 'Serbia'}",2021,6834326.0
SRB,"{'id': 'RS', 'value': 'Serbia'}",2020,6899126.0
SRB,"{'id': 'RS', 'value': 'Serbia'}",2019,6945235.0
SRB,"{'id': 'RS', 'value': 'Serbia'}",2018,6982604.0
SRB,"{'id': 'RS', 'value': 'Serbia'}",2017,7020858.0
SRB,"{'id': 'RS', 'value': 'Serbia'}",2016,7058322.0
SRB,"{'id': 'RS', 'value': 'Serbia'}",2015,7095383.0
SYC,"{'id': 'SC', 'value': 'Seychelles'}",2024,121354.0
SYC,"{'id': 'SC', 'value': 'Seychelles'}",2023,119773.0
SYC,"{'id': 'SC', 'value': 'Seychelles'}",2022,119878.0
SYC,"{'id': 'SC', 'value': 'Seychelles'}",2021,99258.0
SYC,"{'id': 'SC', 'value': 'Seychelles'}",2020,98462.0
SYC,"{'id': 'SC', 'value': 'Seychelles'}",2019,97625.0
SYC,"{'id': 'SC', 'value': 'Seychelles'}",2018,96762.0
SYC,"{'id': 'SC', 'value': 'Seychelles'}",2017,95843.0
SYC,"{'id': 'SC', 'value': 'Seychelles'}",2016,94677.0
SYC,"{'id': 'SC', 'value': 'Seychelles'}",2015,93419.0
SLE,"{'id': 'SL', 'value': 'Sierra Leone'}",2024,8642022.0
SLE,"{'id': 'SL', 'value': 'Sierra Leone'}",2023,8460512.0
SLE,"{'id': 'SL', 'value': 'Sierra Leone'}",2022,8276807.0
SLE,"{'id': 'SL', 'value': 'Sierra Leone'}",2021,8094602.0
SLE,"{'id': 'SL', 'value': 'Sierra Leone'}",2020,7912558.0
SLE,"{'id': 'SL', 'value': 'Sierra Leone'}",2019,7731991.0
SLE,"{'id': 'SL', 'value': 'Sierra Leone'}",2018,7554563.0
SLE,"{'id': 'SL', 'value': 'Sierra Leone'}",2017,7379299.0
SLE,"{'id': 'SL', 'value': 'Sierra Leone'}",2016,7205328.0
SLE,"{'id': 'SL', 'value': 'Sierra Leone'}",2015,7037655.0
SGP,"{'id': 'SG', 'value': 'Singapore'}",2024,6036860.0
SGP,"{'id': 'SG', 'value': 'Singapore'}",2023,5917648.0
SGP,"{'id': 'SG', 'value': 'Singapore'}",2022,5637022.0
SGP,"{'id': 'SG', 'value': 'Singapore'}",2021,5453566.0
SGP,"{'id': 'SG', 'value': 'Singapore'}",2020,5685807.0
SGP,"{'id': 'SG', 'value': 'Singapore'}",2019,5703569.0
SGP,"{'id': 'SG', 'value': 'Singapore'}",2018,5638676.0
SGP,"{'id': 'SG', 'value': 'Singapore'}",2017,5612253.0
SGP,"{'id': 'SG', 'value': 'Singapore'}",2016,5607283.0
SGP,"{'id': 'SG', 'value': 'Singapore'}",2015,5535002.0
SXM,"{'id': 'SX', 'value': 'Sint Maarten (Dutch part)'}",2024,43350.0
SXM,"{'id': 'SX', 'value': 'Sint Maarten (Dutch part)'}",2023,42749.0
SXM,"{'id': 'SX', 'value': 'Sint Maarten (Dutch part)'}",2022,42139.0
SXM,"{'id': 'SX', 'value': 'Sint Maarten (Dutch part)'}",2021,41571.0
SXM,"{'id': 'SX', 'value': 'Sint Maarten (Dutch part)'}",2020,41008.0
SXM,"{'id': 'SX', 'value': 'Sint Maarten (Dutch part)'}",2019,40385.0
SXM,"{'id': 'SX', 'value': 'Sint Maarten (Dutch part)'}",2018,39712.0
SXM,"{'id': 'SX', 'value': 'Sint Maarten (Dutch part)'}",2017,38996.0
SXM,"{'id': 'SX', 'value': 'Sint Maarten (Dutch part)'}",2016,38249.0
SXM,"{'id': 'SX', 'value': 'Sint Maarten (Dutch part)'}",2015,37471.0
SVK,"{'id': 'SK', 'value': 'Slovak Republic'}",2024,5422069.0
SVK,"{'id': 'SK', 'value': 'Slovak Republic'}",2023,5426740.0
SVK,"{'id': 'SK', 'value': 'Slovak Republic'}",2022,5431752.0
SVK,"{'id': 'SK', 'value': 'Slovak Republic'}",2021,5447247.0
SVK,"{'id': 'SK', 'value': 'Slovak Republic'}",2020,5458827.0
SVK,"{'id': 'SK', 'value': 'Slovak Republic'}",2019,5454147.0
SVK,"{'id': 'SK', 'value': 'Slovak Republic'}",2018,5446771.0
SVK,"{'id': 'SK', 'value': 'Slovak Republic'}",2017,5439232.0
SVK,"{'id': 'SK', 'value': 'Slovak Republic'}",2016,5430798.0
SVK,"{'id': 'SK', 'value': 'Slovak Republic'}",2015,5423801.0
SVN,"{'id': 'SI', 'value': 'Slovenia'}",2024,2127400.0
SVN,"{'id': 'SI', 'value': 'Slovenia'}",2023,2120461.0
SVN,"{'id': 'SI', 'value': 'Slovenia'}",2022,2112076.0
SVN,"{'id': 'SI', 'value': 'Slovenia'}",2021,2108079.0
SVN,"{'id': 'SI', 'value': 'Slovenia'}",2020,2102419.0
SVN,"{'id': 'SI', 'value': 'Slovenia'}",2019,2088385.0
SVN,"{'id': 'SI', 'value': 'Slovenia'}",2018,2073894.0
SVN,"{'id': 'SI', 'value': 'Slovenia'}",2017,2066388.0
SVN,"{'id': 'SI', 'value': 'Slovenia'}",2016,2065042.0
SVN,"{'id': 'SI', 'value': 'Slovenia'}",2015,2063531.0
SLB,"{'id': 'SB', 'value': 'Solomon Islands'}",2024,819198.0
SLB,"{'id': 'SB', 'value': 'Solomon Islands'}",2023,800005.0
SLB,"{'id': 'SB', 'value': 'Solomon Islands'}",2022,781066.0
SLB,"{'id': 'SB', 'value': 'Solomon Islands'}",2021,762591.0
SLB,"{'id': 'SB', 'value': 'Solomon Islands'}",2020,744498.0
SLB,"{'id': 'SB', 'value': 'Solomon Islands'}",2019,728147.0
SLB,"{'id': 'SB', 'value': 'Solomon Islands'}",2018,709101.0
SLB,"{'id': 'SB', 'value': 'Solomon Islands'}",2017,685672.0
SLB,"{'id': 'SB', 'value': 'Solomon Islands'}",2016,662379.0
SLB,"{'id': 'SB', 'value': 'Solomon Islands'}",2015,639415.0
SOM,"{'id': 'SO', 'value': 'Somalia, Fed. Rep.'}",2024,19009151.0
SOM,"{'id': 'SO', 'value': 'Somalia, Fed. Rep.'}",2023,18358615.0
SOM,"{'id': 'SO', 'value': 'Somalia, Fed. Rep.'}",2022,17801897.0
SOM,"{'id': 'SO', 'value': 'Somalia, Fed. Rep.'}",2021,17271431.0
SOM,"{'id': 'SO', 'value': 'Somalia, Fed. Rep.'}",2020,16651191.0
SOM,"{'id': 'SO', 'value': 'Somalia, Fed. Rep.'}",2019,16030971.0
SOM,"{'id': 'SO', 'value': 'Somalia, Fed. Rep.'}",2018,15452487.0
SOM,"{'id': 'SO', 'value': 'Somalia, Fed. Rep.'}",2017,14916629.0
SOM,"{'id': 'SO', 'value': 'Somalia, Fed. Rep.'}",2016,14348740.0
SOM,"{'id': 'SO', 'value': 'Somalia, Fed. Rep.'}",2015,13806963.0
ZAF,"{'id': 'ZA', 'value': 'South Africa'}",2024,64007187.0
ZAF,"{'id': 'ZA', 'value': 'South Africa'}",2023,63212384.0
ZAF,"{'id': 'ZA', 'value': 'South Africa'}",2022,62378410.0
ZAF,"{'id': 'ZA', 'value': 'South Africa'}",2021,61502603.0
ZAF,"{'id': 'ZA', 'value': 'South Africa'}",2020,60562381.0
ZAF,"{'id': 'ZA', 'value': 'South Africa'}",2019,59587885.0
ZAF,"{'id': 'ZA', 'value': 'South Africa'}",2018,58613001.0
ZAF,"{'id': 'ZA', 'value': 'South Africa'}",2017,57635162.0
ZAF,"{'id': 'ZA', 'value': 'South Africa'}",2016,57259551.0
ZAF,"{'id': 'ZA', 'value': 'South Africa'}",2015,56723537.0
SSD,"{'id': 'SS', 'value': 'South Sudan'}",2024,11943408.0
SSD,"{'id': 'SS', 'value': 'South Sudan'}",2023,11483374.0
SSD,"{'id': 'SS', 'value': 'South Sudan'}",2022,11021177.0
SSD,"{'id': 'SS', 'value': 'South Sudan'}",2021,10865780.0
SSD,"{'id': 'SS', 'value': 'South Sudan'}",2020,10698467.0
SSD,"{'id': 'SS', 'value': 'South Sudan'}",2019,10423384.0
SSD,"{'id': 'SS', 'value': 'South Sudan'}",2018,10122977.0
SSD,"{'id': 'SS', 'value': 'South Sudan'}",2017,10259154.0
SSD,"{'id': 'SS', 'value': 'South Sudan'}",2016,10830102.0
SSD,"{'id': 'SS', 'value': 'South Sudan'}",2015,11107561.0
ESP,"{'id': 'ES', 'value': 'Spain'}",2024,48848840.0
ESP,"{'id': 'ES', 'value': 'Spain'}",2023,48352528.0
ESP,"{'id': 'ES', 'value': 'Spain'}",2022,47786102.0
ESP,"{'id': 'ES', 'value': 'Spain'}",2021,47443821.0
ESP,"{'id': 'ES', 'value': 'Spain'}",2020,47359424.0
ESP,"{'id': 'ES', 'value': 'Spain'}",2019,47118501.0
ESP,"{'id': 'ES', 'value': 'Spain'}",2018,46782011.0
ESP,"{'id': 'ES', 'value': 'Spain'}",2017,46571232.0
ESP,"{'id': 'ES', 'value': 'Spain'}",2016,46458139.0
ESP,"{'id': 'ES', 'value': 'Spain'}",2015,46422303.0
LKA,"{'id': 'LK', 'value': 'Sri Lanka'}",2024,21916000.0
LKA,"{'id': 'LK', 'value': 'Sri Lanka'}",2023,22037000.0
LKA,"{'id': 'LK', 'value': 'Sri Lanka'}",2022,22181000.0
LKA,"{'id': 'LK', 'value': 'Sri Lanka'}",2021,22156000.0
LKA,"{'id': 'LK', 'value': 'Sri Lanka'}",2020,21919000.0
LKA,"{'id': 'LK', 'value': 'Sri Lanka'}",2019,21803000.0
LKA,"{'id': 'LK', 'value': 'Sri Lanka'}",2018,21670000.0
LKA,"{'id': 'LK', 'value': 'Sri Lanka'}",2017,21453000.0
LKA,"{'id': 'LK', 'value': 'Sri Lanka'}",2016,21209000.0
LKA,"{'id': 'LK', 'value': 'Sri Lanka'}",2015,20970000.0
KNA,"{'id': 'KN', 'value': 'St. Kitts and Nevis'}",2024,46843.0
KNA,"{'id': 'KN', 'value': 'St. Kitts and Nevis'}",2023,46758.0
KNA,"{'id': 'KN', 'value': 'St. Kitts and Nevis'}",2022,46709.0
KNA,"{'id': 'KN', 'value': 'St. Kitts and Nevis'}",2021,46763.0
KNA,"{'id': 'KN', 'value': 'St. Kitts and Nevis'}",2020,46870.0
KNA,"{'id': 'KN', 'value': 'St. Kitts and Nevis'}",2019,46952.0
KNA,"{'id': 'KN', 'value': 'St. Kitts and Nevis'}",2018,47008.0
KNA,"{'id': 'KN', 'value': 'St. Kitts and Nevis'}",2017,47050.0
KNA,"{'id': 'KN', 'value': 'St. Kitts and Nevis'}",2016,47075.0
KNA,"{'id': 'KN', 'value': 'St. Kitts and Nevis'}",2015,47087.0
LCA,"{'id': 'LC', 'value': 'St. Lucia'}",2024,179744.0
LCA,"{'id': 'LC', 'value': 'St. Lucia'}",2023,179285.0
LCA,"{'id': 'LC', 'value': 'St. Lucia'}",2022,178781.0
LCA,"{'id': 'LC', 'value': 'St. Lucia'}",2021,178522.0
LCA,"{'id': 'LC', 'value': 'St. Lucia'}",2020,178250.0
LCA,"{'id': 'LC', 'value': 'St. Lucia'}",2019,177661.0
LCA,"{'id': 'LC', 'value': 'St. Lucia'}",2018,177017.0
LCA,"{'id': 'LC', 'value': 'St. Lucia'}",2017,176342.0
LCA,"{'id': 'LC', 'value': 'St. Lucia'}",2016,175646.0
LCA,"{'id': 'LC', 'value': 'St. Lucia'}",2015,174905.0
MAF,"{'id': 'MF', 'value': 'St. Martin (French part)'}",2024,26129.0
MAF,"{'id': 'MF', 'value': 'St. Martin (French part)'}",2023,27515.0
MAF,"{'id': 'MF', 'value': 'St. Martin (French part)'}",2022,28870.0
MAF,"{'id': 'MF', 'value': 'St. Martin (French part)'}",2021,29961.0
MAF,"{'id': 'MF', 'value': 'St. Martin (French part)'}",2020,31786.0
MAF,"{'id': 'MF', 'value': 'St. Martin (French part)'}",2019,34267.0
MAF,"{'id': 'MF', 'value': 'St. Martin (French part)'}",2018,36012.0
MAF,"{'id': 'MF', 'value': 'St. Martin (French part)'}",2017,36837.0
MAF,"{'id': 'MF', 'value': 'St. Martin (French part)'}",2016,37175.0
MAF,"{'id': 'MF', 'value': 'St. Martin (French part)'}",2015,37369.0
VCT,"{'id': 'VC', 'value': 'St. Vincent and the Grenadines'}",2024,100616.0
VCT,"{'id': 'VC', 'value': 'St. Vincent and the Grenadines'}",2023,101323.0
VCT,"{'id': 'VC', 'value': 'St. Vincent and the Grenadines'}",2022,102046.0
VCT,"{'id': 'VC', 'value': 'St. Vincent and the Grenadines'}",2021,102841.0
VCT,"{'id': 'VC', 'value': 'St. Vincent and the Grenadines'}",2020,103526.0
VCT,"{'id': 'VC', 'value': 'St. Vincent and the Grenadines'}",2019,104167.0
VCT,"{'id': 'VC', 'value': 'St. Vincent and the Grenadines'}",2018,104926.0
VCT,"{'id': 'VC', 'value': 'St. Vincent and the Grenadines'}",2017,105663.0
VCT,"{'id': 'VC', 'value': 'St. Vincent and the Grenadines'}",2016,106349.0
VCT,"{'id': 'VC', 'value': 'St. Vincent and the Grenadines'}",2015,106960.0
SDN,"{'id': 'SD', 'value': 'Sudan'}",2024,50448963.0
SDN,"{'id': 'SD', 'value': 'Sudan'}",2023,50042791.0
SDN,"{'id': 'SD', 'value': 'Sudan'}",2022,49383346.0
SDN,"{'id': 'SD', 'value': 'Sudan'}",2021,48066924.0
SDN,"{'id': 'SD', 'value': 'Sudan'}",2020,46789231.0
SDN,"{'id': 'SD', 'value': 'Sudan'}",2019,45548175.0
SDN,"{'id': 'SD', 'value': 'Sudan'}",2018,44230596.0
SDN,"{'id': 'SD', 'value': 'Sudan'}",2017,42714306.0
SDN,"{'id': 'SD', 'value': 'Sudan'}",2016,41259892.0
SDN,"{'id': 'SD', 'value': 'Sudan'}",2015,40024431.0
SUR,"{'id': 'SR', 'value': 'Suriname'}",2024,634431.0
SUR,"{'id': 'SR', 'value': 'Suriname'}",2023,628886.0
SUR,"{'id': 'SR', 'value': 'Suriname'}",2022,623164.0
SUR,"{'id': 'SR', 'value': 'Suriname'}",2021,617896.0
SUR,"{'id': 'SR', 'value': 'Suriname'}",2020,612317.0
SUR,"{'id': 'SR', 'value': 'Suriname'}",2019,605768.0
SUR,"{'id': 'SR', 'value': 'Suriname'}",2018,599513.0
SUR,"{'id': 'SR', 'value': 'Suriname'}",2017,593713.0
SUR,"{'id': 'SR', 'value': 'Suriname'}",2016,587757.0
SUR,"{'id': 'SR', 'value': 'Suriname'}",2015,581627.0
SWE,"{'id': 'SE', 'value': 'Sweden'}",2024,10569709.0
SWE,"{'id': 'SE', 'value': 'Sweden'}",2023,10536632.0
SWE,"{'id': 'SE', 'value': 'Sweden'}",2022,10486941.0
SWE,"{'id': 'SE', 'value': 'Sweden'}",2021,10415811.0
SWE,"{'id': 'SE', 'value': 'Sweden'}",2020,10353442.0
SWE,"{'id': 'SE', 'value': 'Sweden'}",2019,10278887.0
SWE,"{'id': 'SE', 'value': 'Sweden'}",2018,10175214.0
SWE,"{'id': 'SE', 'value': 'Sweden'}",2017,10057698.0
SWE,"{'id': 'SE', 'value': 'Sweden'}",2016,9923085.0
SWE,"{'id': 'SE', 'value': 'Sweden'}",2015,9799186.0
CHE,"{'id': 'CH', 'value': 'Switzerland'}",2024,9005582.0
CHE,"{'id': 'CH', 'value': 'Switzerland'}",2023,8888822.0
CHE,"{'id': 'CH', 'value': 'Switzerland'}",2022,8777088.0
CHE,"{'id': 'CH', 'value': 'Switzerland'}",2021,8704546.0
CHE,"{'id': 'CH', 'value': 'Switzerland'}",2020,8638167.0
CHE,"{'id': 'CH', 'value': 'Switzerland'}",2019,8575280.0
CHE,"{'id': 'CH', 'value': 'Switzerland'}",2018,8514329.0
CHE,"{'id': 'CH', 'value': 'Switzerland'}",2017,8451840.0
CHE,"{'id': 'CH', 'value': 'Switzerland'}",2016,8373338.0
CHE,"{'id': 'CH', 'value': 'Switzerland'}",2015,8282396.0
SYR,"{'id': 'SY', 'value': 'Syrian Arab Republic'}",2024,24672760.0
SYR,"{'id': 'SY', 'value': 'Syrian Arab Republic'}",2023,23594623.0
SYR,"{'id': 'SY', 'value': 'Syrian Arab Republic'}",2022,22462173.0
SYR,"{'id': 'SY', 'value': 'Syrian Arab Republic'}",2021,21628839.0
SYR,"{'id': 'SY', 'value': 'Syrian Arab Republic'}",2020,21049429.0
SYR,"{'id': 'SY', 'value': 'Syrian Arab Republic'}",2019,20353534.0
SYR,"{'id': 'SY', 'value': 'Syrian Arab Republic'}",2018,19577845.0
SYR,"{'id': 'SY', 'value': 'Syrian Arab Republic'}",2017,19224668.0
SYR,"{'id': 'SY', 'value': 'Syrian Arab Republic'}",2016,19193834.0
SYR,"{'id': 'SY', 'value': 'Syrian Arab Republic'}",2015,19424618.0
TJK,"{'id': 'TJ', 'value': 'Tajikistan'}",2024,10590927.0
TJK,"{'id': 'TJ', 'value': 'Tajikistan'}",2023,10389799.0
TJK,"{'id': 'TJ', 'value': 'Tajikistan'}",2022,10182222.0
TJK,"{'id': 'TJ', 'value': 'Tajikistan'}",2021,9966908.0
TJK,"{'id': 'TJ', 'value': 'Tajikistan'}",2020,9749310.0
TJK,"{'id': 'TJ', 'value': 'Tajikistan'}",2019,9529966.0
TJK,"{'id': 'TJ', 'value': 'Tajikistan'}",2018,9307333.0
TJK,"{'id': 'TJ', 'value': 'Tajikistan'}",2017,9085946.0
TJK,"{'id': 'TJ', 'value': 'Tajikistan'}",2016,8865631.0
TJK,"{'id': 'TJ', 'value': 'Tajikistan'}",2015,8643840.0
TZA,"{'id': 'TZ', 'value': 'Tanzania'}",2024,68560157.0
TZA,"{'id': 'TZ', 'value': 'Tanzania'}",2023,66617606.0
TZA,"{'id': 'TZ', 'value': 'Tanzania'}",2022,64711821.0
TZA,"{'id': 'TZ', 'value': 'Tanzania'}",2021,62830412.0
TZA,"{'id': 'TZ', 'value': 'Tanzania'}",2020,60972798.0
TZA,"{'id': 'TZ', 'value': 'Tanzania'}",2019,59174891.0
TZA,"{'id': 'TZ', 'value': 'Tanzania'}",2018,57437145.0
TZA,"{'id': 'TZ', 'value': 'Tanzania'}",2017,55652890.0
TZA,"{'id': 'TZ', 'value': 'Tanzania'}",2016,53824013.0
TZA,"{'id': 'TZ', 'value': 'Tanzania'}",2015,52020962.0
THA,"{'id': 'TH', 'value': 'Thailand'}",2024,71668011.0
THA,"{'id': 'TH', 'value': 'Thailand'}",2023,71702435.0
THA,"{'id': 'TH', 'value': 'Thailand'}",2022,71735329.0
THA,"{'id': 'TH', 'value': 'Thailand'}",2021,71727332.0
THA,"{'id': 'TH', 'value': 'Thailand'}",2020,71641484.0
THA,"{'id': 'TH', 'value': 'Thailand'}",2019,71522271.0
THA,"{'id': 'TH', 'value': 'Thailand'}",2018,71376079.0
THA,"{'id': 'TH', 'value': 'Thailand'}",2017,71160187.0
THA,"{'id': 'TH', 'value': 'Thailand'}",2016,70859841.0
THA,"{'id': 'TH', 'value': 'Thailand'}",2015,70540795.0
TLS,"{'id': 'TL', 'value': 'Timor-Leste'}",2024,1400638.0
TLS,"{'id': 'TL', 'value': 'Timor-Leste'}",2023,1384286.0
TLS,"{'id': 'TL', 'value': 'Timor-Leste'}",2022,1369295.0
TLS,"{'id': 'TL', 'value': 'Timor-Leste'}",2021,1350139.0
TLS,"{'id': 'TL', 'value': 'Timor-Leste'}",2020,1326053.0
TLS,"{'id': 'TL', 'value': 'Timor-Leste'}",2019,1300945.0
TLS,"{'id': 'TL', 'value': 'Timor-Leste'}",2018,1275959.0
TLS,"{'id': 'TL', 'value': 'Timor-Leste'}",2017,1251703.0
TLS,"{'id': 'TL', 'value': 'Timor-Leste'}",2016,1228312.0
TLS,"{'id': 'TL', 'value': 'Timor-Leste'}",2015,1205131.0
TGO,"{'id': 'TG', 'value': 'Togo'}",2024,9515236.0
TGO,"{'id': 'TG', 'value': 'Togo'}",2023,9304337.0
TGO,"{'id': 'TG', 'value': 'Togo'}",2022,9089738.0
TGO,"{'id': 'TG', 'value': 'Togo'}",2021,8878379.0
TGO,"{'id': 'TG', 'value': 'Togo'}",2020,8669720.0
TGO,"{'id': 'TG', 'value': 'Togo'}",2019,8463068.0
TGO,"{'id': 'TG', 'value': 'Togo'}",2018,8258778.0
TGO,"{'id': 'TG', 'value': 'Togo'}",2017,8057140.0
TGO,"{'id': 'TG', 'value': 'Togo'}",2016,7858289.0
TGO,"{'id': 'TG', 'value': 'Togo'}",2015,7663195.0
TON,"{'id': 'TO', 'value': 'Tonga'}",2024,104175.0
TON,"{'id': 'TO', 'value': 'Tonga'}",2023,104597.0
TON,"{'id': 'TO', 'value': 'Tonga'}",2022,105042.0
TON,"{'id': 'TO', 'value': 'Tonga'}",2021,105490.0
TON,"{'id': 'TO', 'value': 'Tonga'}",2020,105704.0
TON,"{'id': 'TO', 'value': 'Tonga'}",2019,105669.0
TON,"{'id': 'TO', 'value': 'Tonga'}",2018,105567.0
TON,"{'id': 'TO', 'value': 'Tonga'}",2017,105356.0
TON,"{'id': 'TO', 'value': 'Tonga'}",2016,105524.0
TON,"{'id': 'TO', 'value': 'Tonga'}",2015,106095.0
TTO,"{'id': 'TT', 'value': 'Trinidad and Tobago'}",2024,1368333.0
TTO,"{'id': 'TT', 'value': 'Trinidad and Tobago'}",2023,1367510.0
TTO,"{'id': 'TT', 'value': 'Trinidad and Tobago'}",2022,1365805.0
TTO,"{'id': 'TT', 'value': 'Trinidad and Tobago'}",2021,1367558.0
TTO,"{'id': 'TT', 'value': 'Trinidad and Tobago'}",2020,1366725.0
TTO,"{'id': 'TT', 'value': 'Trinidad and Tobago'}",2019,1363985.0
TTO,"{'id': 'TT', 'value': 'Trinidad and Tobago'}",2018,1359193.0
TTO,"{'id': 'TT', 'value': 'Trinidad and Tobago'}",2017,1356633.0
TTO,"{'id': 'TT', 'value': 'Trinidad and Tobago'}",2016,1353895.0
TTO,"{'id': 'TT', 'value': 'Trinidad and Tobago'}",2015,1349667.0
TUN,"{'id': 'TN', 'value': 'Tunisia'}",2024,12277109.0
TUN,"{'id': 'TN', 'value': 'Tunisia'}",2023,12200431.0
TUN,"{'id': 'TN', 'value': 'Tunisia'}",2022,12119334.0
TUN,"{'id': 'TN', 'value': 'Tunisia'}",2021,12048622.0
TUN,"{'id': 'TN', 'value': 'Tunisia'}",2020,11974057.0
TUN,"{'id': 'TN', 'value': 'Tunisia'}",2019,11875081.0
TUN,"{'id': 'TN', 'value': 'Tunisia'}",2018,11765514.0
TUN,"{'id': 'TN', 'value': 'Tunisia'}",2017,11650498.0
TUN,"{'id': 'TN', 'value': 'Tunisia'}",2016,11528674.0
TUN,"{'id': 'TN', 'value': 'Tunisia'}",2015,11402264.0
TUR,"{'id': 'TR', 'value': 'Turkiye'}",2024,85518661.0
TUR,"{'id': 'TR', 'value': 'Turkiye'}",2023,85325965.0
TUR,"{'id': 'TR', 'value': 'Turkiye'}",2022,84979913.0
TUR,"{'id': 'TR', 'value': 'Turkiye'}",2021,84147318.0
TUR,"{'id': 'TR', 'value': 'Turkiye'}",2020,83384680.0
TUR,"{'id': 'TR', 'value': 'Turkiye'}",2019,82579440.0
TUR,"{'id': 'TR', 'value': 'Turkiye'}",2018,81407204.0
TUR,"{'id': 'TR', 'value': 'Turkiye'}",2017,80312698.0
TUR,"{'id': 'TR', 'value': 'Turkiye'}",2016,79277962.0
TUR,"{'id': 'TR', 'value': 'Turkiye'}",2015,78218479.0
TKM,"{'id': 'TM', 'value': 'Turkmenistan'}",2024,7494498.0
TKM,"{'id': 'TM', 'value': 'Turkmenistan'}",2023,7364438.0
TKM,"{'id': 'TM', 'value': 'Turkmenistan'}",2022,7230193.0
TKM,"{'id': 'TM', 'value': 'Turkmenistan'}",2021,7092043.0
TKM,"{'id': 'TM', 'value': 'Turkmenistan'}",2020,6949912.0
TKM,"{'id': 'TM', 'value': 'Turkmenistan'}",2019,6803944.0
TKM,"{'id': 'TM', 'value': 'Turkmenistan'}",2018,6655524.0
TKM,"{'id': 'TM', 'value': 'Turkmenistan'}",2017,6507061.0
TKM,"{'id': 'TM', 'value': 'Turkmenistan'}",2016,6360041.0
TKM,"{'id': 'TM', 'value': 'Turkmenistan'}",2015,6215770.0
TCA,"{'id': 'TC', 'value': 'Turks and Caicos Islands'}",2024,46535.0
TCA,"{'id': 'TC', 'value': 'Turks and Caicos Islands'}",2023,46198.0
TCA,"{'id': 'TC', 'value': 'Turks and Caicos Islands'}",2022,45847.0
TCA,"{'id': 'TC', 'value': 'Turks and Caicos Islands'}",2021,45243.0
TCA,"{'id': 'TC', 'value': 'Turks and Caicos Islands'}",2020,44386.0
TCA,"{'id': 'TC', 'value': 'Turks and Caicos Islands'}",2019,43166.0
TCA,"{'id': 'TC', 'value': 'Turks and Caicos Islands'}",2018,41559.0
TCA,"{'id': 'TC', 'value': 'Turks and Caicos Islands'}",2017,39913.0
TCA,"{'id': 'TC', 'value': 'Turks and Caicos Islands'}",2016,38315.0
TCA,"{'id': 'TC', 'value': 'Turks and Caicos Islands'}",2015,36605.0
TUV,"{'id': 'TV', 'value': 'Tuvalu'}",2024,9646.0
TUV,"{'id': 'TV', 'value': 'Tuvalu'}",2023,9816.0
TUV,"{'id': 'TV', 'value': 'Tuvalu'}",2022,9992.0
TUV,"{'id': 'TV', 'value': 'Tuvalu'}",2021,10194.0
TUV,"{'id': 'TV', 'value': 'Tuvalu'}",2020,10399.0
TUV,"{'id': 'TV', 'value': 'Tuvalu'}",2019,10581.0
TUV,"{'id': 'TV', 'value': 'Tuvalu'}",2018,10751.0
TUV,"{'id': 'TV', 'value': 'Tuvalu'}",2017,10869.0
TUV,"{'id': 'TV', 'value': 'Tuvalu'}",2016,10930.0
TUV,"{'id': 'TV', 'value': 'Tuvalu'}",2015,10963.0
UGA,"{'id': 'UG', 'value': 'Uganda'}",2024,50015092.0
UGA,"{'id': 'UG', 'value': 'Uganda'}",2023,48656601.0
UGA,"{'id': 'UG', 'value': 'Uganda'}",2022,47312719.0
UGA,"{'id': 'UG', 'value': 'Uganda'}",2021,45910930.0
UGA,"{'id': 'UG', 'value': 'Uganda'}",2020,44457152.0
UGA,"{'id': 'UG', 'value': 'Uganda'}",2019,42999637.0
UGA,"{'id': 'UG', 'value': 'Uganda'}",2018,41565831.0
UGA,"{'id': 'UG', 'value': 'Uganda'}",2017,40177388.0
UGA,"{'id': 'UG', 'value': 'Uganda'}",2016,38799152.0
UGA,"{'id': 'UG', 'value': 'Uganda'}",2015,37531446.0
UKR,"{'id': 'UA', 'value': 'Ukraine'}",2024,37860221.0
UKR,"{'id': 'UA', 'value': 'Ukraine'}",2023,37732836.0
UKR,"{'id': 'UA', 'value': 'Ukraine'}",2022,41048766.0
UKR,"{'id': 'UA', 'value': 'Ukraine'}",2021,44298640.0
UKR,"{'id': 'UA', 'value': 'Ukraine'}",2020,44680014.0
UKR,"{'id': 'UA', 'value': 'Ukraine'}",2019,44957458.0
UKR,"{'id': 'UA', 'value': 'Ukraine'}",2018,45208907.0
UKR,"{'id': 'UA', 'value': 'Ukraine'}",2017,45436041.0
UKR,"{'id': 'UA', 'value': 'Ukraine'}",2016,45616832.0
UKR,"{'id': 'UA', 'value': 'Ukraine'}",2015,45784896.0
ARE,"{'id': 'AE', 'value': 'United Arab Emirates'}",2024,10986400.0
ARE,"{'id': 'AE', 'value': 'United Arab Emirates'}",2023,10483751.0
ARE,"{'id': 'AE', 'value': 'United Arab Emirates'}",2022,10074977.0
ARE,"{'id': 'AE', 'value': 'United Arab Emirates'}",2021,9575152.0
ARE,"{'id': 'AE', 'value': 'United Arab Emirates'}",2020,9401038.0
ARE,"{'id': 'AE', 'value': 'United Arab Emirates'}",2019,9445785.0
ARE,"{'id': 'AE', 'value': 'United Arab Emirates'}",2018,9346701.0
ARE,"{'id': 'AE', 'value': 'United Arab Emirates'}",2017,9223225.0
ARE,"{'id': 'AE', 'value': 'United Arab Emirates'}",2016,8935095.0
ARE,"{'id': 'AE', 'value': 'United Arab Emirates'}",2015,8505237.0
GBR,"{'id': 'GB', 'value': 'United Kingdom'}",2024,69226000.0
GBR,"{'id': 'GB', 'value': 'United Kingdom'}",2023,68492000.0
GBR,"{'id': 'GB', 'value': 'United Kingdom'}",2022,67604000.0
GBR,"{'id': 'GB', 'value': 'United Kingdom'}",2021,66984000.0
GBR,"{'id': 'GB', 'value': 'United Kingdom'}",2020,66744000.0
GBR,"{'id': 'GB', 'value': 'United Kingdom'}",2019,66631000.0
GBR,"{'id': 'GB', 'value': 'United Kingdom'}",2018,66289000.0
GBR,"{'id': 'GB', 'value': 'United Kingdom'}",2017,65966000.0
GBR,"{'id': 'GB', 'value': 'United Kingdom'}",2016,65607000.0
GBR,"{'id': 'GB', 'value': 'United Kingdom'}",2015,65088000.0
USA,"{'id': 'US', 'value': 'United States'}",2024,340110988.0
USA,"{'id': 'US', 'value': 'United States'}",2023,336806231.0
USA,"{'id': 'US', 'value': 'United States'}",2022,334017321.0
USA,"{'id': 'US', 'value': 'United States'}",2021,332099760.0
USA,"{'id': 'US', 'value': 'United States'}",2020,331577720.0
USA,"{'id': 'US', 'value': 'United States'}",2019,330226227.0
USA,"{'id': 'US', 'value': 'United States'}",2018,328529577.0
USA,"{'id': 'US', 'value': 'United States'}",2017,326608609.0
USA,"{'id': 'US', 'value': 'United States'}",2016,324353340.0
USA,"{'id': 'US', 'value': 'United States'}",2015,321815121.0
URY,"{'id': 'UY', 'value': 'Uruguay'}",2024,3386588.0
URY,"{'id': 'UY', 'value': 'Uruguay'}",2023,3388081.0
URY,"{'id': 'UY', 'value': 'Uruguay'}",2022,3390913.0
URY,"{'id': 'UY', 'value': 'Uruguay'}",2021,3396695.0
URY,"{'id': 'UY', 'value': 'Uruguay'}",2020,3398968.0
URY,"{'id': 'UY', 'value': 'Uruguay'}",2019,3397206.0
URY,"{'id': 'UY', 'value': 'Uruguay'}",2018,3394534.0
URY,"{'id': 'UY', 'value': 'Uruguay'}",2017,3388438.0
URY,"{'id': 'UY', 'value': 'Uruguay'}",2016,3379283.0
URY,"{'id': 'UY', 'value': 'Uruguay'}",2015,3368017.0
UZB,"{'id': 'UZ', 'value': 'Uzbekistan'}",2024,36361859.0
UZB,"{'id': 'UZ', 'value': 'Uzbekistan'}",2023,35652307.0
UZB,"{'id': 'UZ', 'value': 'Uzbekistan'}",2022,34938955.0
UZB,"{'id': 'UZ', 'value': 'Uzbekistan'}",2021,34243696.0
UZB,"{'id': 'UZ', 'value': 'Uzbekistan'}",2020,33586372.0
UZB,"{'id': 'UZ', 'value': 'Uzbekistan'}",2019,32964701.0
UZB,"{'id': 'UZ', 'value': 'Uzbekistan'}",2018,32373490.0
UZB,"{'id': 'UZ', 'value': 'Uzbekistan'}",2017,31819178.0
UZB,"{'id': 'UZ', 'value': 'Uzbekistan'}",2016,31284568.0
UZB,"{'id': 'UZ', 'value': 'Uzbekistan'}",2015,30749346.0
VUT,"{'id': 'VU', 'value': 'Vanuatu'}",2024,327777.0
VUT,"{'id': 'VU', 'value': 'Vanuatu'}",2023,320409.0
VUT,"{'id': 'VU', 'value': 'Vanuatu'}",2022,313046.0
VUT,"{'id': 'VU', 'value': 'Vanuatu'}",2021,305868.0
VUT,"{'id': 'VU', 'value': 'Vanuatu'}",2020,298858.0
VUT,"{'id': 'VU', 'value': 'Vanuatu'}",2019,291985.0
VUT,"{'id': 'VU', 'value': 'Vanuatu'}",2018,285259.0
VUT,"{'id': 'VU', 'value': 'Vanuatu'}",2017,278507.0
VUT,"{'id': 'VU', 'value': 'Vanuatu'}",2016,272087.0
VUT,"{'id': 'VU', 'value': 'Vanuatu'}",2015,266101.0
VEN,"{'id': 'VE', 'value': 'Venezuela, RB'}",2024,28405543.0
VEN,"{'id': 'VE', 'value': 'Venezuela, RB'}",2023,28300854.0
VEN,"{'id': 'VE', 'value': 'Venezuela, RB'}",2022,28213017.0
VEN,"{'id': 'VE', 'value': 'Venezuela, RB'}",2021,28237826.0
VEN,"{'id': 'VE', 'value': 'Venezuela, RB'}",2020,28444077.0
VEN,"{'id': 'VE', 'value': 'Venezuela, RB'}",2019,28938098.0
VEN,"{'id': 'VE', 'value': 'Venezuela, RB'}",2018,29807592.0
VEN,"{'id': 'VE', 'value': 'Venezuela, RB'}",2017,30565323.0
VEN,"{'id': 'VE', 'value': 'Venezuela, RB'}",2016,30765720.0
VEN,"{'id': 'VE', 'value': 'Venezuela, RB'}",2015,30573972.0
VNM,"{'id': 'VN', 'value': 'Viet Nam'}",2024,100987686.0
VNM,"{'id': 'VN', 'value': 'Viet Nam'}",2023,100352192.0
VNM,"{'id': 'VN', 'value': 'Viet Nam'}",2022,99680655.0
VNM,"{'id': 'VN', 'value': 'Viet Nam'}",2021,98935098.0
VNM,"{'id': 'VN', 'value': 'Viet Nam'}",2020,98079191.0
VNM,"{'id': 'VN', 'value': 'Viet Nam'}",2019,97173776.0
VNM,"{'id': 'VN', 'value': 'Viet Nam'}",2018,96237319.0
VNM,"{'id': 'VN', 'value': 'Viet Nam'}",2017,95176977.0
VNM,"{'id': 'VN', 'value': 'Viet Nam'}",2016,94000117.0
VNM,"{'id': 'VN', 'value': 'Viet Nam'}",2015,92823254.0
VIR,"{'id': 'VI', 'value': 'Virgin Islands (U.S.)'}",2024,104377.0
VIR,"{'id': 'VI', 'value': 'Virgin Islands (U.S.)'}",2023,104917.0
VIR,"{'id': 'VI', 'value': 'Virgin Islands (U.S.)'}",2022,105413.0
VIR,"{'id': 'VI', 'value': 'Virgin Islands (U.S.)'}",2021,105870.0
VIR,"{'id': 'VI', 'value': 'Virgin Islands (U.S.)'}",2020,106290.0
VIR,"{'id': 'VI', 'value': 'Virgin Islands (U.S.)'}",2019,106669.0
VIR,"{'id': 'VI', 'value': 'Virgin Islands (U.S.)'}",2018,107001.0
VIR,"{'id': 'VI', 'value': 'Virgin Islands (U.S.)'}",2017,107281.0
VIR,"{'id': 'VI', 'value': 'Virgin Islands (U.S.)'}",2016,107516.0
VIR,"{'id': 'VI', 'value': 'Virgin Islands (U.S.)'}",2015,107712.0
PSE,"{'id': 'PS', 'value': 'West Bank and Gaza'}",2024,5289152.0
PSE,"{'id': 'PS', 'value': 'West Bank and Gaza'}",2023,5165775.0
PSE,"{'id': 'PS', 'value': 'West Bank and Gaza'}",2022,5043612.0
PSE,"{'id': 'PS', 'value': 'West Bank and Gaza'}",2021,4922749.0
PSE,"{'id': 'PS', 'value': 'West Bank and Gaza'}",2020,4803269.0
PSE,"{'id': 'PS', 'value': 'West Bank and Gaza'}",2019,4685306.0
PSE,"{'id': 'PS', 'value': 'West Bank and Gaza'}",2018,4569087.0
PSE,"{'id': 'PS', 'value': 'West Bank and Gaza'}",2017,4454805.0
PSE,"{'id': 'PS', 'value': 'West Bank and Gaza'}",2016,4367088.0
PSE,"{'id': 'PS', 'value': 'West Bank and Gaza'}",2015,4270092.0
YEM,"{'id': 'YE', 'value': 'Yemen, Rep.'}",2024,40583164.0
YEM,"{'id': 'YE', 'value': 'Yemen, Rep.'}",2023,39390799.0
YEM,"{'id': 'YE', 'value': 'Yemen, Rep.'}",2022,38222876.0
YEM,"{'id': 'YE', 'value': 'Yemen, Rep.'}",2021,37140230.0
YEM,"{'id': 'YE', 'value': 'Yemen, Rep.'}",2020,36134863.0
YEM,"{'id': 'YE', 'value': 'Yemen, Rep.'}",2019,35111408.0
YEM,"{'id': 'YE', 'value': 'Yemen, Rep.'}",2018,34085182.0
YEM,"{'id': 'YE', 'value': 'Yemen, Rep.'}",2017,33090921.0
YEM,"{'id': 'YE', 'value': 'Yemen, Rep.'}",2016,32109010.0
YEM,"{'id': 'YE', 'value': 'Yemen, Rep.'}",2015,31159379.0
ZMB,"{'id': 'ZM', 'value': 'Zambia'}",2024,21314956.0
ZMB,"{'id': 'ZM', 'value': 'Zambia'}",2023,20723965.0
ZMB,"{'id': 'ZM', 'value': 'Zambia'}",2022,20152938.0
ZMB,"{'id': 'ZM', 'value': 'Zambia'}",2021,19603607.0
ZMB,"{'id': 'ZM', 'value': 'Zambia'}",2020,19059395.0
ZMB,"{'id': 'ZM', 'value': 'Zambia'}",2019,18513839.0
ZMB,"{'id': 'ZM', 'value': 'Zambia'}",2018,17973569.0
ZMB,"{'id': 'ZM', 'value': 'Zambia'}",2017,17441320.0
ZMB,"{'id': 'ZM', 'value': 'Zambia'}",2016,16914423.0
ZMB,"{'id': 'ZM', 'value': 'Zambia'}",2015,16399089.0
ZWE,"{'id': 'ZW', 'value': 'Zimbabwe'}",2024,16634373.0
ZWE,"{'id': 'ZW', 'value': 'Zimbabwe'}",2023,16340822.0
ZWE,"{'id': 'ZW', 'value': 'Zimbabwe'}",2022,16069056.0
ZWE,"{'id': 'ZW', 'value': 'Zimbabwe'}",2021,15797210.0
ZWE,"{'id': 'ZW', 'value': 'Zimbabwe'}",2020,15526888.0
ZWE,"{'id': 'ZW', 'value': 'Zimbabwe'}",2019,15271368.0
ZWE,"{'id': 'ZW', 'value': 'Zimbabwe'}",2018,15034452.0
ZWE,"{'id': 'ZW', 'value': 'Zimbabwe'}",2017,14812482.0
ZWE,"{'id': 'ZW', 'value': 'Zimbabwe'}",2016,14600294.0
ZWE,"{'id': 'ZW', 'value': 'Zimbabwe'}",2015,14399013.0
