countryiso3code,country,date,value
AFE,"{'id': 'ZH', 'value': 'Africa Eastern and Southern'}",2024,1615.39635562849
AFE,"{'id': 'ZH', 'value': 'Africa Eastern and Southern'}",2023,1571.44918918981
AFE,"{'id': 'ZH', 'value': 'Africa Eastern and Southern'}",2022,1679.32762166466
AFE,"{'id': 'ZH', 'value': 'Africa Eastern and Southern'}",2021,1562.41617477738
AFE,"{'id': 'ZH', 'value': 'Africa Eastern and Southern'}",2020,1351.59166910879
AFE,"{'id': 'ZH', 'value': 'Africa Eastern and Southern'}",2019,1507.08559963484
AFE,"{'id': 'ZH', 'value': 'Africa Eastern and Southern'}",2018,1552.07372194919
AFE,"{'id': 'ZH', 'value': 'Africa Eastern and Southern'}",2017,1528.10422421284
AFE,"{'id': 'ZH', 'value': 'Africa Eastern and Southern'}",2016,1334.47050032928
AFE,"{'id': 'ZH', 'value': 'Africa Eastern and Southern'}",2015,1498.8752400759
AFW,"{'id': 'ZI', 'value': 'Africa Western and Central'}",2024,1411.33702938476
AFW,"{'id': 'ZI', 'value': 'Africa Western and Central'}",2023,1841.85506354867
AFW,"{'id': 'ZI', 'value': 'Africa Western and Central'}",2022,2138.47315259913
AFW,"{'id': 'ZI', 'value': 'Africa Western and Central'}",2021,2112.79407637079
AFW,"{'id': 'ZI', 'value': 'Africa Western and Central'}",2020,2030.86165860293
AFW,"{'id': 'ZI', 'value': 'Africa Western and Central'}",2019,2216.38505520833
AFW,"{'id': 'ZI', 'value': 'Africa Western and Central'}",2018,1720.14009242722
AFW,"{'id': 'ZI', 'value': 'Africa Western and Central'}",2017,1574.23056437855
AFW,"{'id': 'ZI', 'value': 'Africa Western and Central'}",2016,1630.03943895258
AFW,"{'id': 'ZI', 'value': 'Africa Western and Central'}",2015,1860.72768628324
ARB,"{'id': '1A', 'value': 'Arab World'}",2024,7583.81170078145
ARB,"{'id': '1A', 'value': 'Arab World'}",2023,7513.89907880749
ARB,"{'id': '1A', 'value': 'Arab World'}",2022,7950.35581975672
ARB,"{'id': '1A', 'value': 'Arab World'}",2021,6697.41498492196
ARB,"{'id': '1A', 'value': 'Arab World'}",2020,5739.41283580539
ARB,"{'id': '1A', 'value': 'Arab World'}",2019,6674.34224402621
ARB,"{'id': '1A', 'value': 'Arab World'}",2018,6699.18058175457
ARB,"{'id': '1A', 'value': 'Arab World'}",2017,6096.72395041636
ARB,"{'id': '1A', 'value': 'Arab World'}",2016,6042.19675439671
ARB,"{'id': '1A', 'value': 'Arab World'}",2015,6290.55879501691
CSS,"{'id': 'S3', 'value': 'Caribbean small states'}",2024,19903.8112311908
CSS,"{'id': 'S3', 'value': 'Caribbean small states'}",2023,17596.5404249612
CSS,"{'id': 'S3', 'value': 'Caribbean small states'}",2022,17456.3084845676
CSS,"{'id': 'S3', 'value': 'Caribbean small states'}",2021,13995.2694921728
CSS,"{'id': 'S3', 'value': 'Caribbean small states'}",2020,11957.223222537
CSS,"{'id': 'S3', 'value': 'Caribbean small states'}",2019,13995.8548364074
CSS,"{'id': 'S3', 'value': 'Caribbean small states'}",2018,13896.7409040963
CSS,"{'id': 'S3', 'value': 'Caribbean small states'}",2017,13671.1377634132
CSS,"{'id': 'S3', 'value': 'Caribbean small states'}",2016,13376.8057759012
CSS,"{'id': 'S3', 'value': 'Caribbean small states'}",2015,14497.5393236017
CEB,"{'id': 'B8', 'value': 'Central Europe and the Baltics'}",2024,24604.8068595604
CEB,"{'id': 'B8', 'value': 'Central Europe and the Baltics'}",2023,22690.3736174216
CEB,"{'id': 'B8', 'value': 'Central Europe and the Baltics'}",2022,19530.1553232172
CEB,"{'id': 'B8', 'value': 'Central Europe and the Baltics'}",2021,19223.9274030651
CEB,"{'id': 'B8', 'value': 'Central Europe and the Baltics'}",2020,16581.3526115028
CEB,"{'id': 'B8', 'value': 'Central Europe and the Baltics'}",2019,16534.9264870407
CEB,"{'id': 'B8', 'value': 'Central Europe and the Baltics'}",2018,16227.2484719489
CEB,"{'id': 'B8', 'value': 'Central Europe and the Baltics'}",2017,14339.8243059389
CEB,"{'id': 'B8', 'value': 'Central Europe and the Baltics'}",2016,12874.699956166
CEB,"{'id': 'B8', 'value': 'Central Europe and the Baltics'}",2015,12596.8862547468
EAR,"{'id': 'V2', 'value': 'Early-demographic dividend'}",2024,4450.18711937385
EAR,"{'id': 'V2', 'value': 'Early-demographic dividend'}",2023,4252.59733415786
EAR,"{'id': 'V2', 'value': 'Early-demographic dividend'}",2022,4043.82776331568
EAR,"{'id': 'V2', 'value': 'Early-demographic dividend'}",2021,3698.98363187847
EAR,"{'id': 'V2', 'value': 'Early-demographic dividend'}",2020,3187.03781234801
EAR,"{'id': 'V2', 'value': 'Early-demographic dividend'}",2019,3483.31545469615
EAR,"{'id': 'V2', 'value': 'Early-demographic dividend'}",2018,3463.50882263375
EAR,"{'id': 'V2', 'value': 'Early-demographic dividend'}",2017,3457.64943157186
EAR,"{'id': 'V2', 'value': 'Early-demographic dividend'}",2016,3223.9805446069
EAR,"{'id': 'V2', 'value': 'Early-demographic dividend'}",2015,3174.36962020929
EAS,"{'id': 'Z4', 'value': 'East Asia & Pacific'}",2024,13405.735673015
EAS,"{'id': 'Z4', 'value': 'East Asia & Pacific'}",2023,13176.1786055635
EAS,"{'id': 'Z4', 'value': 'East Asia & Pacific'}",2022,13139.2109813612
EAS,"{'id': 'Z4', 'value': 'East Asia & Pacific'}",2021,13336.4841670883
EAS,"{'id': 'Z4', 'value': 'East Asia & Pacific'}",2020,11639.4853357389
EAS,"{'id': 'Z4', 'value': 'East Asia & Pacific'}",2019,11622.8915284735
EAS,"{'id': 'Z4', 'value': 'East Asia & Pacific'}",2018,11438.8584591418
EAS,"{'id': 'Z4', 'value': 'East Asia & Pacific'}",2017,10566.2828244863
EAS,"{'id': 'Z4', 'value': 'East Asia & Pacific'}",2016,9965.00400107685
EAS,"{'id': 'Z4', 'value': 'East Asia & Pacific'}",2015,9691.70576095154
EAP,"{'id': '4E', 'value': 'East Asia & Pacific (excluding high income)'}",2024,10396.7957405051
EAP,"{'id': '4E', 'value': 'East Asia & Pacific (excluding high income)'}",2023,10125.9095208645
EAP,"{'id': '4E', 'value': 'East Asia & Pacific (excluding high income)'}",2022,10106.9935977814
EAP,"{'id': '4E', 'value': 'East Asia & Pacific (excluding high income)'}",2021,9974.57829690175
EAP,"{'id': '4E', 'value': 'East Asia & Pacific (excluding high income)'}",2020,8391.27634645493
EAP,"{'id': '4E', 'value': 'East Asia & Pacific (excluding high income)'}",2019,8286.3981179292
EAP,"{'id': '4E', 'value': 'East Asia & Pacific (excluding high income)'}",2018,8045.94630458507
EAP,"{'id': '4E', 'value': 'East Asia & Pacific (excluding high income)'}",2017,7241.92533864361
EAP,"{'id': '4E', 'value': 'East Asia & Pacific (excluding high income)'}",2016,6683.18386700353
EAP,"{'id': '4E', 'value': 'East Asia & Pacific (excluding high income)'}",2015,6589.77076427461
TEA,"{'id': 'T4', 'value': 'East Asia & Pacific (IDA & IBRD countries)'}",2024,10513.9529323033
TEA,"{'id': 'T4', 'value': 'East Asia & Pacific (IDA & IBRD countries)'}",2023,10239.8162178816
TEA,"{'id': 'T4', 'value': 'East Asia & Pacific (IDA & IBRD countries)'}",2022,10220.4774431567
TEA,"{'id': 'T4', 'value': 'East Asia & Pacific (IDA & IBRD countries)'}",2021,10086.4176067356
TEA,"{'id': 'T4', 'value': 'East Asia & Pacific (IDA & IBRD countries)'}",2020,8485.32855185979
TEA,"{'id': 'T4', 'value': 'East Asia & Pacific (IDA & IBRD countries)'}",2019,8379.36503263574
TEA,"{'id': 'T4', 'value': 'East Asia & Pacific (IDA & IBRD countries)'}",2018,8136.37041895137
TEA,"{'id': 'T4', 'value': 'East Asia & Pacific (IDA & IBRD countries)'}",2017,7323.51364847919
TEA,"{'id': 'T4', 'value': 'East Asia & Pacific (IDA & IBRD countries)'}",2016,6758.74365728701
TEA,"{'id': 'T4', 'value': 'East Asia & Pacific (IDA & IBRD countries)'}",2015,6664.48834577557
EMU,"{'id': 'XC', 'value': 'Euro area'}",2024,46945.4188234427
EMU,"{'id': 'XC', 'value': 'Euro area'}",2023,45330.1093015768
EMU,"{'id': 'XC', 'value': 'Euro area'}",2022,41608.7123275598
EMU,"{'id': 'XC', 'value': 'Euro area'}",2021,42984.5697414154
EMU,"{'id': 'XC', 'value': 'Euro area'}",2020,38236.5543048506
EMU,"{'id': 'XC', 'value': 'Euro area'}",2019,39220.5136743355
EMU,"{'id': 'XC', 'value': 'Euro area'}",2018,40107.5362854643
EMU,"{'id': 'XC', 'value': 'Euro area'}",2017,37243.5651015997
EMU,"{'id': 'XC', 'value': 'Euro area'}",2016,35228.4854539428
EMU,"{'id': 'XC', 'value': 'Euro area'}",2015,34471.1747135027
ECS,"{'id': 'Z7', 'value': 'Europe & Central Asia'}",2024,31555.5207890657
ECS,"{'id': 'Z7', 'value': 'Europe & Central Asia'}",2023,29988.9022903108
ECS,"{'id': 'Z7', 'value': 'Europe & Central Asia'}",2022,27913.5882331645
ECS,"{'id': 'Z7', 'value': 'Europe & Central Asia'}",2021,27664.8914080918
ECS,"{'id': 'Z7', 'value': 'Europe & Central Asia'}",2020,24167.3551199699
ECS,"{'id': 'Z7', 'value': 'Europe & Central Asia'}",2019,25020.8648271756
ECS,"{'id': 'Z7', 'value': 'Europe & Central Asia'}",2018,25408.6379771601
ECS,"{'id': 'Z7', 'value': 'Europe & Central Asia'}",2017,23814.1197034605
ECS,"{'id': 'Z7', 'value': 'Europe & Central Asia'}",2016,22519.6408855547
ECS,"{'id': 'Z7', 'value': 'Europe & Central Asia'}",2015,22702.8228380066
ECA,"{'id': '7E', 'value': 'Europe & Central Asia (excluding high income)'}",2024,9793.69205809432
ECA,"{'id': '7E', 'value': 'Europe & Central Asia (excluding high income)'}",2023,8617.0484098633
ECA,"{'id': '7E', 'value': 'Europe & Central Asia (excluding high income)'}",2022,7266.022431542
ECA,"{'id': '7E', 'value': 'Europe & Central Asia (excluding high income)'}",2021,6673.97429035651
ECA,"{'id': '7E', 'value': 'Europe & Central Asia (excluding high income)'}",2020,5776.19343817718
ECA,"{'id': '7E', 'value': 'Europe & Central Asia (excluding high income)'}",2019,6069.27407282315
ECA,"{'id': '7E', 'value': 'Europe & Central Asia (excluding high income)'}",2018,5996.28775888893
ECA,"{'id': '7E', 'value': 'Europe & Central Asia (excluding high income)'}",2017,6138.12063922999
ECA,"{'id': '7E', 'value': 'Europe & Central Asia (excluding high income)'}",2016,5986.89723080084
ECA,"{'id': '7E', 'value': 'Europe & Central Asia (excluding high income)'}",2015,6291.45594655745
TEC,"{'id': 'T7', 'value': 'Europe & Central Asia (IDA & IBRD countries)'}",2024,13337.4386956337
TEC,"{'id': 'T7', 'value': 'Europe & Central Asia (IDA & IBRD countries)'}",2023,12129.8641155432
TEC,"{'id': 'T7', 'value': 'Europe & Central Asia (IDA & IBRD countries)'}",2022,11421.1364427001
TEC,"{'id': 'T7', 'value': 'Europe & Central Asia (IDA & IBRD countries)'}",2021,10014.5108823837
TEC,"{'id': 'T7', 'value': 'Europe & Central Asia (IDA & IBRD countries)'}",2020,8478.35038656806
TEC,"{'id': 'T7', 'value': 'Europe & Central Asia (IDA & IBRD countries)'}",2019,9058.74177112172
TEC,"{'id': 'T7', 'value': 'Europe & Central Asia (IDA & IBRD countries)'}",2018,8911.87742979014
TEC,"{'id': 'T7', 'value': 'Europe & Central Asia (IDA & IBRD countries)'}",2017,8575.46129195764
TEC,"{'id': 'T7', 'value': 'Europe & Central Asia (IDA & IBRD countries)'}",2016,7659.54924391363
TEC,"{'id': 'T7', 'value': 'Europe & Central Asia (IDA & IBRD countries)'}",2015,8009.61874995558
EUU,"{'id': 'EU', 'value': 'European Union'}",2024,43304.9642561331
EUU,"{'id': 'EU', 'value': 'European Union'}",2023,41566.5741100785
EUU,"{'id': 'EU', 'value': 'European Union'}",2022,38066.8844892624
EUU,"{'id': 'EU', 'value': 'European Union'}",2021,39206.9791776084
EUU,"{'id': 'EU', 'value': 'European Union'}",2020,34694.7035869194
EUU,"{'id': 'EU', 'value': 'European Union'}",2019,35374.1403676934
EUU,"{'id': 'EU', 'value': 'European Union'}",2018,36054.953230113
EUU,"{'id': 'EU', 'value': 'European Union'}",2017,33394.5888043692
EUU,"{'id': 'EU', 'value': 'European Union'}",2016,31456.8971280656
EUU,"{'id': 'EU', 'value': 'European Union'}",2015,30771.6568591261
FCS,"{'id': 'F1', 'value': 'Fragile and conflict affected situations'}",2024,1527.95809514037
FCS,"{'id': 'F1', 'value': 'Fragile and conflict affected situations'}",2023,1682.75058845476
FCS,"{'id': 'F1', 'value': 'Fragile and conflict affected situations'}",2022,1850.91743054769
FCS,"{'id': 'F1', 'value': 'Fragile and conflict affected situations'}",2021,1711.40128929758
FCS,"{'id': 'F1', 'value': 'Fragile and conflict affected situations'}",2020,1618.4798041022
FCS,"{'id': 'F1', 'value': 'Fragile and conflict affected situations'}",2019,1861.65330453031
FCS,"{'id': 'F1', 'value': 'Fragile and conflict affected situations'}",2018,1634.92965875473
FCS,"{'id': 'F1', 'value': 'Fragile and conflict affected situations'}",2017,1549.60952933559
FCS,"{'id': 'F1', 'value': 'Fragile and conflict affected situations'}",2016,1491.08080315915
FCS,"{'id': 'F1', 'value': 'Fragile and conflict affected situations'}",2015,1663.16200127279
HPC,"{'id': 'XE', 'value': 'Heavily indebted poor countries (HIPC)'}",2024,1216.37508472564
HPC,"{'id': 'XE', 'value': 'Heavily indebted poor countries (HIPC)'}",2023,1155.90445279924
HPC,"{'id': 'XE', 'value': 'Heavily indebted poor countries (HIPC)'}",2022,1121.48387311982
HPC,"{'id': 'XE', 'value': 'Heavily indebted poor countries (HIPC)'}",2021,1061.41414950431
HPC,"{'id': 'XE', 'value': 'Heavily indebted poor countries (HIPC)'}",2020,962.590226473892
HPC,"{'id': 'XE', 'value': 'Heavily indebted poor countries (HIPC)'}",2019,983.900062178744
HPC,"{'id': 'XE', 'value': 'Heavily indebted poor countries (HIPC)'}",2018,985.478210719267
HPC,"{'id': 'XE', 'value': 'Heavily indebted poor countries (HIPC)'}",2017,943.132832332498
HPC,"{'id': 'XE', 'value': 'Heavily indebted poor countries (HIPC)'}",2016,894.708764701024
HPC,"{'id': 'XE', 'value': 'Heavily indebted poor countries (HIPC)'}",2015,917.296109229182
,"{'id': 'XD', 'value': 'High income'}",2024,50302.6052129513
,"{'id': 'XD', 'value': 'High income'}",2023,48608.1947665895
,"{'id': 'XD', 'value': 'High income'}",2022,46553.1150181383
,"{'id': 'XD', 'value': 'High income'}",2021,45081.6648348437
,"{'id': 'XD', 'value': 'High income'}",2020,40108.2348602411
,"{'id': 'XD', 'value': 'High income'}",2019,41342.2066107349
,"{'id': 'XD', 'value': 'High income'}",2018,41094.8560877186
,"{'id': 'XD', 'value': 'High income'}",2017,38776.5615949516
,"{'id': 'XD', 'value': 'High income'}",2016,37057.8096501124
,"{'id': 'XD', 'value': 'High income'}",2015,36586.4346902662
IBD,"{'id': 'XF', 'value': 'IBRD only'}",2024,8219.91265703844
IBD,"{'id': 'XF', 'value': 'IBRD only'}",2023,7925.3992413749
IBD,"{'id': 'XF', 'value': 'IBRD only'}",2022,7699.23258826186
IBD,"{'id': 'XF', 'value': 'IBRD only'}",2021,7314.52836425796
IBD,"{'id': 'XF', 'value': 'IBRD only'}",2020,6191.51088391849
IBD,"{'id': 'XF', 'value': 'IBRD only'}",2019,6476.07259783679
IBD,"{'id': 'XF', 'value': 'IBRD only'}",2018,6394.19484299789
IBD,"{'id': 'XF', 'value': 'IBRD only'}",2017,6053.30921793356
IBD,"{'id': 'XF', 'value': 'IBRD only'}",2016,5534.81953332906
IBD,"{'id': 'XF', 'value': 'IBRD only'}",2015,5546.04775275527
IBT,"{'id': 'ZT', 'value': 'IDA & IBRD total'}",2024,6327.14399704869
IBT,"{'id': 'ZT', 'value': 'IDA & IBRD total'}",2023,6149.50554558946
IBT,"{'id': 'ZT', 'value': 'IDA & IBRD total'}",2022,6036.81374407089
IBT,"{'id': 'ZT', 'value': 'IDA & IBRD total'}",2021,5754.24675079937
IBT,"{'id': 'ZT', 'value': 'IDA & IBRD total'}",2020,4923.57218418891
IBT,"{'id': 'ZT', 'value': 'IDA & IBRD total'}",2019,5167.89523774327
IBT,"{'id': 'ZT', 'value': 'IDA & IBRD total'}",2018,5085.50217477103
IBT,"{'id': 'ZT', 'value': 'IDA & IBRD total'}",2017,4831.93005964107
IBT,"{'id': 'ZT', 'value': 'IDA & IBRD total'}",2016,4447.41739069513
IBT,"{'id': 'ZT', 'value': 'IDA & IBRD total'}",2015,4474.43525326247
IDB,"{'id': 'XH', 'value': 'IDA blend'}",2024,1650.63788113049
IDB,"{'id': 'XH', 'value': 'IDA blend'}",2023,1915.31328433422
IDB,"{'id': 'XH', 'value': 'IDA blend'}",2022,2234.83616206483
IDB,"{'id': 'XH', 'value': 'IDA blend'}",2021,2142.31172674601
IDB,"{'id': 'XH', 'value': 'IDA blend'}",2020,2008.89632662853
IDB,"{'id': 'XH', 'value': 'IDA blend'}",2019,2205.87361894796
IDB,"{'id': 'XH', 'value': 'IDA blend'}",2018,1869.38204447615
IDB,"{'id': 'XH', 'value': 'IDA blend'}",2017,1804.50559433385
IDB,"{'id': 'XH', 'value': 'IDA blend'}",2016,1790.53787826053
IDB,"{'id': 'XH', 'value': 'IDA blend'}",2015,1947.85246838642
IDX,"{'id': 'XI', 'value': 'IDA only'}",2024,1398.11181264033
IDX,"{'id': 'XI', 'value': 'IDA only'}",2023,1333.20971979026
IDX,"{'id': 'XI', 'value': 'IDA only'}",2022,1332.31730178708
IDX,"{'id': 'XI', 'value': 'IDA only'}",2021,1256.19296430735
IDX,"{'id': 'XI', 'value': 'IDA only'}",2020,1170.98051516892
IDX,"{'id': 'XI', 'value': 'IDA only'}",2019,1186.40559680864
IDX,"{'id': 'XI', 'value': 'IDA only'}",2018,1159.06134313704
IDX,"{'id': 'XI', 'value': 'IDA only'}",2017,1110.744251052
IDX,"{'id': 'XI', 'value': 'IDA only'}",2016,1054.10011053311
IDX,"{'id': 'XI', 'value': 'IDA only'}",2015,1023.43894668408
IDA,"{'id': 'XG', 'value': 'IDA total'}",2024,1485.92227405633
IDA,"{'id': 'XG', 'value': 'IDA total'}",2023,1536.08719237098
IDA,"{'id': 'XG', 'value': 'IDA total'}",2022,1647.52732460307
IDA,"{'id': 'XG', 'value': 'IDA total'}",2021,1566.13709936781
IDA,"{'id': 'XG', 'value': 'IDA total'}",2020,1464.52261402905
IDA,"{'id': 'XG', 'value': 'IDA total'}",2019,1544.27890067061
IDA,"{'id': 'XG', 'value': 'IDA total'}",2018,1408.95016839901
IDA,"{'id': 'XG', 'value': 'IDA total'}",2017,1355.23505457315
IDA,"{'id': 'XG', 'value': 'IDA total'}",2016,1314.0817741131
IDA,"{'id': 'XG', 'value': 'IDA total'}",2015,1350.30758062231
LTE,"{'id': 'V3', 'value': 'Late-demographic dividend'}",2024,12874.1679137972
LTE,"{'id': 'V3', 'value': 'Late-demographic dividend'}",2023,12437.9861721907
LTE,"{'id': 'V3', 'value': 'Late-demographic dividend'}",2022,12286.0846812169
LTE,"{'id': 'V3', 'value': 'Late-demographic dividend'}",2021,11759.7974990154
LTE,"{'id': 'V3', 'value': 'Late-demographic dividend'}",2020,9873.93519864422
LTE,"{'id': 'V3', 'value': 'Late-demographic dividend'}",2019,10120.3125161359
LTE,"{'id': 'V3', 'value': 'Late-demographic dividend'}",2018,9966.81160876464
LTE,"{'id': 'V3', 'value': 'Late-demographic dividend'}",2017,9138.44134545505
LTE,"{'id': 'V3', 'value': 'Late-demographic dividend'}",2016,8297.33610796797
LTE,"{'id': 'V3', 'value': 'Late-demographic dividend'}",2015,8331.63270803563
LCN,"{'id': 'ZJ', 'value': 'Latin America & Caribbean'}",2024,10737.6463538652
LCN,"{'id': 'ZJ', 'value': 'Latin America & Caribbean'}",2023,10508.6472548025
LCN,"{'id': 'ZJ', 'value': 'Latin America & Caribbean'}",2022,9408.84820249156
LCN,"{'id': 'ZJ', 'value': 'Latin America & Caribbean'}",2021,8291.07156305024
LCN,"{'id': 'ZJ', 'value': 'Latin America & Caribbean'}",2020,7168.64740599577
LCN,"{'id': 'ZJ', 'value': 'Latin America & Caribbean'}",2019,8539.39776066424
LCN,"{'id': 'ZJ', 'value': 'Latin America & Caribbean'}",2018,8778.37906311973
LCN,"{'id': 'ZJ', 'value': 'Latin America & Caribbean'}",2017,9065.54817792867
LCN,"{'id': 'ZJ', 'value': 'Latin America & Caribbean'}",2016,8241.45140922665
LCN,"{'id': 'ZJ', 'value': 'Latin America & Caribbean'}",2015,8547.2373391789
LAC,"{'id': 'XJ', 'value': 'Latin America & Caribbean (excluding high income)'}",2024,10382.3911125152
LAC,"{'id': 'XJ', 'value': 'Latin America & Caribbean (excluding high income)'}",2023,10196.271088969
LAC,"{'id': 'XJ', 'value': 'Latin America & Caribbean (excluding high income)'}",2022,9111.34927084769
LAC,"{'id': 'XJ', 'value': 'Latin America & Caribbean (excluding high income)'}",2021,7970.6164425206
LAC,"{'id': 'XJ', 'value': 'Latin America & Caribbean (excluding high income)'}",2020,6904.27677369596
LAC,"{'id': 'XJ', 'value': 'Latin America & Caribbean (excluding high income)'}",2019,8282.78290882792
LAC,"{'id': 'XJ', 'value': 'Latin America & Caribbean (excluding high income)'}",2018,8484.48335233409
LAC,"{'id': 'XJ', 'value': 'Latin America & Caribbean (excluding high income)'}",2017,8827.8501051856
LAC,"{'id': 'XJ', 'value': 'Latin America & Caribbean (excluding high income)'}",2016,7977.19727122285
LAC,"{'id': 'XJ', 'value': 'Latin America & Caribbean (excluding high income)'}",2015,8308.73911709951
TLA,"{'id': 'T2', 'value': 'Latin America & the Caribbean (IDA & IBRD countries)'}",2024,10474.2809944408
TLA,"{'id': 'T2', 'value': 'Latin America & the Caribbean (IDA & IBRD countries)'}",2023,10260.5196915782
TLA,"{'id': 'T2', 'value': 'Latin America & the Caribbean (IDA & IBRD countries)'}",2022,9174.55690452428
TLA,"{'id': 'T2', 'value': 'Latin America & the Caribbean (IDA & IBRD countries)'}",2021,8075.78816650564
TLA,"{'id': 'T2', 'value': 'Latin America & the Caribbean (IDA & IBRD countries)'}",2020,6964.3711102796
TLA,"{'id': 'T2', 'value': 'Latin America & the Caribbean (IDA & IBRD countries)'}",2019,8362.63429845968
TLA,"{'id': 'T2', 'value': 'Latin America & the Caribbean (IDA & IBRD countries)'}",2018,8620.46890240755
TLA,"{'id': 'T2', 'value': 'Latin America & the Caribbean (IDA & IBRD countries)'}",2017,8918.30251254156
TLA,"{'id': 'T2', 'value': 'Latin America & the Caribbean (IDA & IBRD countries)'}",2016,8082.02330614142
TLA,"{'id': 'T2', 'value': 'Latin America & the Caribbean (IDA & IBRD countries)'}",2015,8404.37747196218
LDC,"{'id': 'XL', 'value': 'Least developed countries: UN classification'}",2024,1293.40100322932
LDC,"{'id': 'XL', 'value': 'Least developed countries: UN classification'}",2023,1257.69806699331
LDC,"{'id': 'XL', 'value': 'Least developed countries: UN classification'}",2022,1299.36172423082
LDC,"{'id': 'XL', 'value': 'Least developed countries: UN classification'}",2021,1175.55718251136
LDC,"{'id': 'XL', 'value': 'Least developed countries: UN classification'}",2020,1088.72161311357
LDC,"{'id': 'XL', 'value': 'Least developed countries: UN classification'}",2019,1105.24693378698
LDC,"{'id': 'XL', 'value': 'Least developed countries: UN classification'}",2018,1080.56177999961
LDC,"{'id': 'XL', 'value': 'Least developed countries: UN classification'}",2017,1035.19428808636
LDC,"{'id': 'XL', 'value': 'Least developed countries: UN classification'}",2016,966.721782937566
LDC,"{'id': 'XL', 'value': 'Least developed countries: UN classification'}",2015,982.894810600519
LMY,"{'id': 'XO', 'value': 'Low & middle income'}",2024,6002.45120765259
LMY,"{'id': 'XO', 'value': 'Low & middle income'}",2023,5856.29495195922
LMY,"{'id': 'XO', 'value': 'Low & middle income'}",2022,5741.78381882952
LMY,"{'id': 'XO', 'value': 'Low & middle income'}",2021,5524.24398933119
LMY,"{'id': 'XO', 'value': 'Low & middle income'}",2020,4732.82727829687
LMY,"{'id': 'XO', 'value': 'Low & middle income'}",2019,4943.24879858439
LMY,"{'id': 'XO', 'value': 'Low & middle income'}",2018,4853.74507668345
LMY,"{'id': 'XO', 'value': 'Low & middle income'}",2017,4615.000484095
LMY,"{'id': 'XO', 'value': 'Low & middle income'}",2016,4274.9314240157
LMY,"{'id': 'XO', 'value': 'Low & middle income'}",2015,4284.85686298442
,"{'id': 'XM', 'value': 'Low income'}",2024,751.322764042233
,"{'id': 'XM', 'value': 'Low income'}",2023,714.151764242762
,"{'id': 'XM', 'value': 'Low income'}",2022,734.204117595357
,"{'id': 'XM', 'value': 'Low income'}",2021,651.812637638679
,"{'id': 'XM', 'value': 'Low income'}",2020,605.437906755342
,"{'id': 'XM', 'value': 'Low income'}",2019,645.998249720369
,"{'id': 'XM', 'value': 'Low income'}",2018,645.846067078284
,"{'id': 'XM', 'value': 'Low income'}",2017,634.710788724745
,"{'id': 'XM', 'value': 'Low income'}",2016,633.792954627598
,"{'id': 'XM', 'value': 'Low income'}",2015,740.889503942237
,"{'id': 'XN', 'value': 'Lower middle income'}",2024,2544.49245457752
,"{'id': 'XN', 'value': 'Lower middle income'}",2023,2493.38985253651
,"{'id': 'XN', 'value': 'Lower middle income'}",2022,2493.61487371356
,"{'id': 'XN', 'value': 'Lower middle income'}",2021,2369.9577651033
,"{'id': 'XN', 'value': 'Lower middle income'}",2020,2121.61421722256
,"{'id': 'XN', 'value': 'Lower middle income'}",2019,2228.84805859217
,"{'id': 'XN', 'value': 'Lower middle income'}",2018,2085.0452543512
,"{'id': 'XN', 'value': 'Lower middle income'}",2017,2026.19304074045
,"{'id': 'XN', 'value': 'Lower middle income'}",2016,1895.24399500136
,"{'id': 'XN', 'value': 'Lower middle income'}",2015,1848.28029294397
MEA,"{'id': 'ZQ', 'value': 'Middle East, North Africa, Afghanistan & Pakistan'}",2024,6265.44445247452
MEA,"{'id': 'ZQ', 'value': 'Middle East, North Africa, Afghanistan & Pakistan'}",2023,6149.061198935
MEA,"{'id': 'ZQ', 'value': 'Middle East, North Africa, Afghanistan & Pakistan'}",2022,6430.53553485753
MEA,"{'id': 'ZQ', 'value': 'Middle East, North Africa, Afghanistan & Pakistan'}",2021,5615.91186098726
MEA,"{'id': 'ZQ', 'value': 'Middle East, North Africa, Afghanistan & Pakistan'}",2020,4742.76402632259
MEA,"{'id': 'ZQ', 'value': 'Middle East, North Africa, Afghanistan & Pakistan'}",2019,5412.42875673528
MEA,"{'id': 'ZQ', 'value': 'Middle East, North Africa, Afghanistan & Pakistan'}",2018,5545.88899607591
MEA,"{'id': 'ZQ', 'value': 'Middle East, North Africa, Afghanistan & Pakistan'}",2017,5279.47951180077
MEA,"{'id': 'ZQ', 'value': 'Middle East, North Africa, Afghanistan & Pakistan'}",2016,5126.05331639032
MEA,"{'id': 'ZQ', 'value': 'Middle East, North Africa, Afghanistan & Pakistan'}",2015,5125.68064083245
MNA,"{'id': 'XQ', 'value': 'Middle East, North Africa, Afghanistan & Pakistan (excluding high income)'}",2024,2971.05462651558
MNA,"{'id': 'XQ', 'value': 'Middle East, North Africa, Afghanistan & Pakistan (excluding high income)'}",2023,2873.03929302735
MNA,"{'id': 'XQ', 'value': 'Middle East, North Africa, Afghanistan & Pakistan (excluding high income)'}",2022,3015.7557973385
MNA,"{'id': 'XQ', 'value': 'Middle East, North Africa, Afghanistan & Pakistan (excluding high income)'}",2021,2753.47858029524
MNA,"{'id': 'XQ', 'value': 'Middle East, North Africa, Afghanistan & Pakistan (excluding high income)'}",2020,2408.49731335268
MNA,"{'id': 'XQ', 'value': 'Middle East, North Africa, Afghanistan & Pakistan (excluding high income)'}",2019,2695.63342343004
MNA,"{'id': 'XQ', 'value': 'Middle East, North Africa, Afghanistan & Pakistan (excluding high income)'}",2018,2809.30894215325
MNA,"{'id': 'XQ', 'value': 'Middle East, North Africa, Afghanistan & Pakistan (excluding high income)'}",2017,2859.85560174494
MNA,"{'id': 'XQ', 'value': 'Middle East, North Africa, Afghanistan & Pakistan (excluding high income)'}",2016,2863.14057781135
MNA,"{'id': 'XQ', 'value': 'Middle East, North Africa, Afghanistan & Pakistan (excluding high income)'}",2015,2802.63134980954
TMN,"{'id': 'T3', 'value': 'Middle East, North Africa, Afghanistan & Pakistan (IDA & IBRD)'}",2024,2973.77496155262
TMN,"{'id': 'T3', 'value': 'Middle East, North Africa, Afghanistan & Pakistan (IDA & IBRD)'}",2023,2868.88626501212
TMN,"{'id': 'T3', 'value': 'Middle East, North Africa, Afghanistan & Pakistan (IDA & IBRD)'}",2022,3010.19656726913
TMN,"{'id': 'T3', 'value': 'Middle East, North Africa, Afghanistan & Pakistan (IDA & IBRD)'}",2021,2746.96809945183
TMN,"{'id': 'T3', 'value': 'Middle East, North Africa, Afghanistan & Pakistan (IDA & IBRD)'}",2020,2402.73480964451
TMN,"{'id': 'T3', 'value': 'Middle East, North Africa, Afghanistan & Pakistan (IDA & IBRD)'}",2019,2688.96932958269
TMN,"{'id': 'T3', 'value': 'Middle East, North Africa, Afghanistan & Pakistan (IDA & IBRD)'}",2018,2804.12633142444
TMN,"{'id': 'T3', 'value': 'Middle East, North Africa, Afghanistan & Pakistan (IDA & IBRD)'}",2017,2854.66192638041
TMN,"{'id': 'T3', 'value': 'Middle East, North Africa, Afghanistan & Pakistan (IDA & IBRD)'}",2016,2858.61689096826
TMN,"{'id': 'T3', 'value': 'Middle East, North Africa, Afghanistan & Pakistan (IDA & IBRD)'}",2015,2799.45441811583
MIC,"{'id': 'XP', 'value': 'Middle income'}",2024,6554.37054933497
MIC,"{'id': 'XP', 'value': 'Middle income'}",2023,6386.30246387838
MIC,"{'id': 'XP', 'value': 'Middle income'}",2022,6248.00962014697
MIC,"{'id': 'XP', 'value': 'Middle income'}",2021,6007.32308658147
MIC,"{'id': 'XP', 'value': 'Middle income'}",2020,5134.62007912707
MIC,"{'id': 'XP', 'value': 'Middle income'}",2019,5353.79775844374
MIC,"{'id': 'XP', 'value': 'Middle income'}",2018,5248.39737081301
MIC,"{'id': 'XP', 'value': 'Middle income'}",2017,4982.00575599033
MIC,"{'id': 'XP', 'value': 'Middle income'}",2016,4605.60639396078
MIC,"{'id': 'XP', 'value': 'Middle income'}",2015,4602.51682691609
NAC,"{'id': 'XU', 'value': 'North America'}",2024,81275.8436781762
NAC,"{'id': 'XU', 'value': 'North America'}",2023,78190.0640735535
NAC,"{'id': 'XU', 'value': 'North America'}",2022,74535.6365392629
NAC,"{'id': 'XU', 'value': 'North America'}",2021,68424.560031595
NAC,"{'id': 'XU', 'value': 'North America'}",2020,61468.3372208474
NAC,"{'id': 'XU', 'value': 'North America'}",2019,62874.6117089583
NAC,"{'id': 'XU', 'value': 'North America'}",2018,60890.5689258698
NAC,"{'id': 'XU', 'value': 'North America'}",2017,58184.8571647569
NAC,"{'id': 'XU', 'value': 'North America'}",2016,56112.2253713869
NAC,"{'id': 'XU', 'value': 'North America'}",2015,55285.5686917861
,"{'id': 'XY', 'value': 'Not classified'}",2024,
,"{'id': 'XY', 'value': 'Not classified'}",2023,
,"{'id': 'XY', 'value': 'Not classified'}",2022,
,"{'id': 'XY', 'value': 'Not classified'}",2021,
,"{'id': 'XY', 'value': 'Not classified'}",2020,
,"{'id': 'XY', 'value': 'Not classified'}",2019,
,"{'id': 'XY', 'value': 'Not classified'}",2018,
,"{'id': 'XY', 'value': 'Not classified'}",2017,
,"{'id': 'XY', 'value': 'Not classified'}",2016,
,"{'id': 'XY', 'value': 'Not classified'}",2015,
OED,"{'id': 'OE', 'value': 'OECD members'}",2024,48322.164420487
OED,"{'id': 'OE', 'value': 'OECD members'}",2023,46580.4448807226
OED,"{'id': 'OE', 'value': 'OECD members'}",2022,43950.173710934
OED,"{'id': 'OE', 'value': 'OECD members'}",2021,43027.7494275705
OED,"{'id': 'OE', 'value': 'OECD members'}",2020,38597.246423496
OED,"{'id': 'OE', 'value': 'OECD members'}",2019,39708.8864576635
OED,"{'id': 'OE', 'value': 'OECD members'}",2018,39552.695671629
OED,"{'id': 'OE', 'value': 'OECD members'}",2017,37605.2706249889
OED,"{'id': 'OE', 'value': 'OECD members'}",2016,36229.3490773616
OED,"{'id': 'OE', 'value': 'OECD members'}",2015,35779.9123271942
OSS,"{'id': 'S4', 'value': 'Other small states'}",2024,16094.1266173126
OSS,"{'id': 'S4', 'value': 'Other small states'}",2023,15334.1046502228
OSS,"{'id': 'S4', 'value': 'Other small states'}",2022,14320.7706776288
OSS,"{'id': 'S4', 'value': 'Other small states'}",2021,13717.0894877353
OSS,"{'id': 'S4', 'value': 'Other small states'}",2020,11770.4564127379
OSS,"{'id': 'S4', 'value': 'Other small states'}",2019,12907.6162560274
OSS,"{'id': 'S4', 'value': 'Other small states'}",2018,13025.990833966
OSS,"{'id': 'S4', 'value': 'Other small states'}",2017,11950.9740553004
OSS,"{'id': 'S4', 'value': 'Other small states'}",2016,10813.3826960431
OSS,"{'id': 'S4', 'value': 'Other small states'}",2015,10359.1182462574
PSS,"{'id': 'S2', 'value': 'Pacific island small states'}",2024,4453.58561280276
PSS,"{'id': 'S2', 'value': 'Pacific island small states'}",2023,4173.79964748513
PSS,"{'id': 'S2', 'value': 'Pacific island small states'}",2022,3896.81060847355
PSS,"{'id': 'S2', 'value': 'Pacific island small states'}",2021,3600.81254375167
PSS,"{'id': 'S2', 'value': 'Pacific island small states'}",2020,3592.04110507296
PSS,"{'id': 'S2', 'value': 'Pacific island small states'}",2019,4136.34140894161
PSS,"{'id': 'S2', 'value': 'Pacific island small states'}",2018,4247.0901276249
PSS,"{'id': 'S2', 'value': 'Pacific island small states'}",2017,4099.79965867267
PSS,"{'id': 'S2', 'value': 'Pacific island small states'}",2016,3856.70459060951
PSS,"{'id': 'S2', 'value': 'Pacific island small states'}",2015,3722.7745565917
PST,"{'id': 'V4', 'value': 'Post-demographic dividend'}",2024,55644.314789934
PST,"{'id': 'V4', 'value': 'Post-demographic dividend'}",2023,53813.7418308678
PST,"{'id': 'V4', 'value': 'Post-demographic dividend'}",2022,50969.801641014
PST,"{'id': 'V4', 'value': 'Post-demographic dividend'}",2021,49855.2269396596
PST,"{'id': 'V4', 'value': 'Post-demographic dividend'}",2020,44743.7389324311
PST,"{'id': 'V4', 'value': 'Post-demographic dividend'}",2019,45840.3536114764
PST,"{'id': 'V4', 'value': 'Post-demographic dividend'}",2018,45535.8018785923
PST,"{'id': 'V4', 'value': 'Post-demographic dividend'}",2017,43114.2688521392
PST,"{'id': 'V4', 'value': 'Post-demographic dividend'}",2016,41502.2222895522
PST,"{'id': 'V4', 'value': 'Post-demographic dividend'}",2015,40775.9479386213
PRE,"{'id': 'V1', 'value': 'Pre-demographic dividend'}",2024,1366.06577255622
PRE,"{'id': 'V1', 'value': 'Pre-demographic dividend'}",2023,1558.34344693401
PRE,"{'id': 'V1', 'value': 'Pre-demographic dividend'}",2022,1770.15579032781
PRE,"{'id': 'V1', 'value': 'Pre-demographic dividend'}",2021,1594.14229813292
PRE,"{'id': 'V1', 'value': 'Pre-demographic dividend'}",2020,1496.33767488397
PRE,"{'id': 'V1', 'value': 'Pre-demographic dividend'}",2019,1681.19065754666
PRE,"{'id': 'V1', 'value': 'Pre-demographic dividend'}",2018,1449.85562070843
PRE,"{'id': 'V1', 'value': 'Pre-demographic dividend'}",2017,1338.96011884626
PRE,"{'id': 'V1', 'value': 'Pre-demographic dividend'}",2016,1316.74567214685
PRE,"{'id': 'V1', 'value': 'Pre-demographic dividend'}",2015,1524.98608713796
SST,"{'id': 'S1', 'value': 'Small states'}",2024,15383.3425638674
SST,"{'id': 'S1', 'value': 'Small states'}",2023,14346.3202783396
SST,"{'id': 'S1', 'value': 'Small states'}",2022,13636.4661190787
SST,"{'id': 'S1', 'value': 'Small states'}",2021,12428.6087674544
SST,"{'id': 'S1', 'value': 'Small states'}",2020,10723.093901861
SST,"{'id': 'S1', 'value': 'Small states'}",2019,11990.4670996465
SST,"{'id': 'S1', 'value': 'Small states'}",2018,12057.788581183
SST,"{'id': 'S1', 'value': 'Small states'}",2017,11304.5050810878
SST,"{'id': 'S1', 'value': 'Small states'}",2016,10486.2161094903
SST,"{'id': 'S1', 'value': 'Small states'}",2015,10446.850341907
SAS,"{'id': '8S', 'value': 'South Asia'}",2024,2690.07883749003
SAS,"{'id': '8S', 'value': 'South Asia'}",2023,2532.38988993306
SAS,"{'id': '8S', 'value': 'South Asia'}",2022,2385.08341896271
SAS,"{'id': '8S', 'value': 'South Asia'}",2021,2273.72055798689
SAS,"{'id': '8S', 'value': 'South Asia'}",2020,1957.20343722686
SAS,"{'id': '8S', 'value': 'South Asia'}",2019,2067.05975687637
SAS,"{'id': '8S', 'value': 'South Asia'}",2018,1988.3663331799
SAS,"{'id': '8S', 'value': 'South Asia'}",2017,1956.06707554186
SAS,"{'id': '8S', 'value': 'South Asia'}",2016,1722.90703415144
SAS,"{'id': '8S', 'value': 'South Asia'}",2015,1570.54142462917
TSA,"{'id': 'T5', 'value': 'South Asia (IDA & IBRD)'}",2024,2690.07883749003
TSA,"{'id': 'T5', 'value': 'South Asia (IDA & IBRD)'}",2023,2532.38988993306
TSA,"{'id': 'T5', 'value': 'South Asia (IDA & IBRD)'}",2022,2385.08341896271
TSA,"{'id': 'T5', 'value': 'South Asia (IDA & IBRD)'}",2021,2273.72055798689
TSA,"{'id': 'T5', 'value': 'South Asia (IDA & IBRD)'}",2020,1957.20343722686
TSA,"{'id': 'T5', 'value': 'South Asia (IDA & IBRD)'}",2019,2067.05975687637
TSA,"{'id': 'T5', 'value': 'South Asia (IDA & IBRD)'}",2018,1988.3663331799
TSA,"{'id': 'T5', 'value': 'South Asia (IDA & IBRD)'}",2017,1956.06707554186
TSA,"{'id': 'T5', 'value': 'South Asia (IDA & IBRD)'}",2016,1722.90703415144
TSA,"{'id': 'T5', 'value': 'South Asia (IDA & IBRD)'}",2015,1570.54142462917
SSF,"{'id': 'ZG', 'value': 'Sub-Saharan Africa'}",2024,1532.92763550207
SSF,"{'id': 'ZG', 'value': 'Sub-Saharan Africa'}",2023,1680.77966672218
SSF,"{'id': 'ZG', 'value': 'Sub-Saharan Africa'}",2022,1865.11635260699
SSF,"{'id': 'ZG', 'value': 'Sub-Saharan Africa'}",2021,1785.46664916614
SSF,"{'id': 'ZG', 'value': 'Sub-Saharan Africa'}",2020,1627.34569596297
SSF,"{'id': 'ZG', 'value': 'Sub-Saharan Africa'}",2019,1795.5612786554
SSF,"{'id': 'ZG', 'value': 'Sub-Saharan Africa'}",2018,1620.54140805919
SSF,"{'id': 'ZG', 'value': 'Sub-Saharan Africa'}",2017,1546.91774199323
SSF,"{'id': 'ZG', 'value': 'Sub-Saharan Africa'}",2016,1455.03525304571
SSF,"{'id': 'ZG', 'value': 'Sub-Saharan Africa'}",2015,1646.44941139316
SSA,"{'id': 'ZF', 'value': 'Sub-Saharan Africa (excluding high income)'}",2024,1576.69166875191
SSA,"{'id': 'ZF', 'value': 'Sub-Saharan Africa (excluding high income)'}",2023,1750.13136836946
SSA,"{'id': 'ZF', 'value': 'Sub-Saharan Africa (excluding high income)'}",2022,1963.80330032374
SSA,"{'id': 'ZF', 'value': 'Sub-Saharan Africa (excluding high income)'}",2021,1885.48155965903
SSA,"{'id': 'ZF', 'value': 'Sub-Saharan Africa (excluding high income)'}",2020,1716.50863861427
SSA,"{'id': 'ZF', 'value': 'Sub-Saharan Africa (excluding high income)'}",2019,1907.22499436387
SSA,"{'id': 'ZF', 'value': 'Sub-Saharan Africa (excluding high income)'}",2018,1718.42346098448
SSA,"{'id': 'ZF', 'value': 'Sub-Saharan Africa (excluding high income)'}",2017,1641.39239957439
SSA,"{'id': 'ZF', 'value': 'Sub-Saharan Africa (excluding high income)'}",2016,1545.27948291265
SSA,"{'id': 'ZF', 'value': 'Sub-Saharan Africa (excluding high income)'}",2015,1763.27463036367
TSS,"{'id': 'T6', 'value': 'Sub-Saharan Africa (IDA & IBRD countries)'}",2024,1532.92763550207
TSS,"{'id': 'T6', 'value': 'Sub-Saharan Africa (IDA & IBRD countries)'}",2023,1680.77966672218
TSS,"{'id': 'T6', 'value': 'Sub-Saharan Africa (IDA & IBRD countries)'}",2022,1865.11635260699
TSS,"{'id': 'T6', 'value': 'Sub-Saharan Africa (IDA & IBRD countries)'}",2021,1785.46664916614
TSS,"{'id': 'T6', 'value': 'Sub-Saharan Africa (IDA & IBRD countries)'}",2020,1627.34569596297
TSS,"{'id': 'T6', 'value': 'Sub-Saharan Africa (IDA & IBRD countries)'}",2019,1795.5612786554
TSS,"{'id': 'T6', 'value': 'Sub-Saharan Africa (IDA & IBRD countries)'}",2018,1620.54140805919
TSS,"{'id': 'T6', 'value': 'Sub-Saharan Africa (IDA & IBRD countries)'}",2017,1546.91774199323
TSS,"{'id': 'T6', 'value': 'Sub-Saharan Africa (IDA & IBRD countries)'}",2016,1455.03525304571
TSS,"{'id': 'T6', 'value': 'Sub-Saharan Africa (IDA & IBRD countries)'}",2015,1646.44941139316
,"{'id': 'XT', 'value': 'Upper middle income'}",2024,10996.101696107
,"{'id': 'XT', 'value': 'Upper middle income'}",2023,10657.9686111279
,"{'id': 'XT', 'value': 'Upper middle income'}",2022,10324.5193124329
,"{'id': 'XT', 'value': 'Upper middle income'}",2021,9918.6994774671
,"{'id': 'XT', 'value': 'Upper middle income'}",2020,8346.18727671434
,"{'id': 'XT', 'value': 'Upper middle income'}",2019,8657.73234539015
,"{'id': 'XT', 'value': 'Upper middle income'}",2018,8569.23675625056
,"{'id': 'XT', 'value': 'Upper middle income'}",2017,8064.20583627107
,"{'id': 'XT', 'value': 'Upper middle income'}",2016,7413.22237473365
,"{'id': 'XT', 'value': 'Upper middle income'}",2015,7435.76486473308
WLD,"{'id': '1W', 'value': 'World'}",2024,13631.2043097215
WLD,"{'id': '1W', 'value': 'World'}",2023,13236.7163960917
WLD,"{'id': '1W', 'value': 'World'}",2022,12798.1658465319
WLD,"{'id': '1W', 'value': 'World'}",2021,12390.6686716727
WLD,"{'id': '1W', 'value': 'World'}",2020,10937.6846205191
WLD,"{'id': '1W', 'value': 'World'}",2019,11376.0818134476
WLD,"{'id': '1W', 'value': 'World'}",2018,11309.3830773178
WLD,"{'id': '1W', 'value': 'World'}",2017,10747.764306505
WLD,"{'id': '1W', 'value': 'World'}",2016,10204.9287763386
WLD,"{'id': '1W', 'value': 'World'}",2015,10161.9445773234
AFG,"{'id': 'AF', 'value': 'Afghanistan'}",2024,
AFG,"{'id': 'AF', 'value': 'Afghanistan'}",2023,413.757894705303
AFG,"{'id': 'AF', 'value': 'Afghanistan'}",2022,357.261152798144
AFG,"{'id': 'AF', 'value': 'Afghanistan'}",2021,356.496214115892
AFG,"{'id': 'AF', 'value': 'Afghanistan'}",2020,510.787063366811
AFG,"{'id': 'AF', 'value': 'Afghanistan'}",2019,496.6025042585
AFG,"{'id': 'AF', 'value': 'Afghanistan'}",2018,491.337221382603
AFG,"{'id': 'AF', 'value': 'Afghanistan'}",2017,525.469770891619
AFG,"{'id': 'AF', 'value': 'Afghanistan'}",2016,522.082215583898
AFG,"{'id': 'AF', 'value': 'Afghanistan'}",2015,565.569730408751
ALB,"{'id': 'AL', 'value': 'Albania'}",2024,11377.7757431099
ALB,"{'id': 'AL', 'value': 'Albania'}",2023,9730.86921906893
ALB,"{'id': 'AL', 'value': 'Albania'}",2022,7756.96188744253
ALB,"{'id': 'AL', 'value': 'Albania'}",2021,7242.45513146613
ALB,"{'id': 'AL', 'value': 'Albania'}",2020,6027.91350716348
ALB,"{'id': 'AL', 'value': 'Albania'}",2019,6069.43903131027
ALB,"{'id': 'AL', 'value': 'Albania'}",2018,5897.65452588774
ALB,"{'id': 'AL', 'value': 'Albania'}",2017,5006.36012951959
ALB,"{'id': 'AL', 'value': 'Albania'}",2016,4457.63412207495
ALB,"{'id': 'AL', 'value': 'Albania'}",2015,4199.53912925398
DZA,"{'id': 'DZ', 'value': 'Algeria'}",2024,5752.99076651465
DZA,"{'id': 'DZ', 'value': 'Algeria'}",2023,5370.477235078
DZA,"{'id': 'DZ', 'value': 'Algeria'}",2022,4960.30334332888
DZA,"{'id': 'DZ', 'value': 'Algeria'}",2021,4160.55926736925
DZA,"{'id': 'DZ', 'value': 'Algeria'}",2020,3743.5419522929
DZA,"{'id': 'DZ', 'value': 'Algeria'}",2019,4468.45341883656
DZA,"{'id': 'DZ', 'value': 'Algeria'}",2018,4577.21029180491
DZA,"{'id': 'DZ', 'value': 'Algeria'}",2017,4554.66753957828
DZA,"{'id': 'DZ', 'value': 'Algeria'}",2016,4424.98529027556
DZA,"{'id': 'DZ', 'value': 'Algeria'}",2015,4685.05902729002
ASM,"{'id': 'AS', 'value': 'American Samoa'}",2024,
ASM,"{'id': 'AS', 'value': 'American Samoa'}",2023,
ASM,"{'id': 'AS', 'value': 'American Samoa'}",2022,18017.4589383973
ASM,"{'id': 'AS', 'value': 'American Samoa'}",2021,15236.1604875571
ASM,"{'id': 'AS', 'value': 'American Samoa'}",2020,14489.2586563775
ASM,"{'id': 'AS', 'value': 'American Samoa'}",2019,12886.1359517218
ASM,"{'id': 'AS', 'value': 'American Samoa'}",2018,12552.0546868861
ASM,"{'id': 'AS', 'value': 'American Samoa'}",2017,11863.6839452565
ASM,"{'id': 'AS', 'value': 'American Samoa'}",2016,12843.3342903627
ASM,"{'id': 'AS', 'value': 'American Samoa'}",2015,12727.4102651386
AND,"{'id': 'AD', 'value': 'Andorra'}",2024,49303.6491674336
AND,"{'id': 'AD', 'value': 'Andorra'}",2023,46812.4261013102
AND,"{'id': 'AD', 'value': 'Andorra'}",2022,42414.0479861228
AND,"{'id': 'AD', 'value': 'Andorra'}",2021,42425.7066454357
AND,"{'id': 'AD', 'value': 'Andorra'}",2020,37361.1070081615
AND,"{'id': 'AD', 'value': 'Andorra'}",2019,41257.816459345
AND,"{'id': 'AD', 'value': 'Andorra'}",2018,42819.7577456133
AND,"{'id': 'AD', 'value': 'Andorra'}",2017,40672.9717424447
AND,"{'id': 'AD', 'value': 'Andorra'}",2016,40129.8385811474
AND,"{'id': 'AD', 'value': 'Andorra'}",2015,38654.95287916
AGO,"{'id': 'AO', 'value': 'Angola'}",2024,2665.87444776753
AGO,"{'id': 'AO', 'value': 'Angola'}",2023,2916.13663284275
AGO,"{'id': 'AO', 'value': 'Angola'}",2022,3682.1131513698
AGO,"{'id': 'AO', 'value': 'Angola'}",2021,2303.90812662776
AGO,"{'id': 'AO', 'value': 'Angola'}",2020,1759.35619918264
AGO,"{'id': 'AO', 'value': 'Angola'}",2019,2493.67884440177
AGO,"{'id': 'AO', 'value': 'Angola'}",2018,2860.0936483682
AGO,"{'id': 'AO', 'value': 'Angola'}",2017,2790.71886869768
AGO,"{'id': 'AO', 'value': 'Angola'}",2016,2051.81462126253
AGO,"{'id': 'AO', 'value': 'Angola'}",2015,3641.72893919944
ATG,"{'id': 'AG', 'value': 'Antigua and Barbuda'}",2024,23542.4526945578
ATG,"{'id': 'AG', 'value': 'Antigua and Barbuda'}",2023,21494.5474000727
ATG,"{'id': 'AG', 'value': 'Antigua and Barbuda'}",2022,20105.1989085164
ATG,"{'id': 'AG', 'value': 'Antigua and Barbuda'}",2021,17348.6006987182
ATG,"{'id': 'AG', 'value': 'Antigua and Barbuda'}",2020,15369.6082250401
ATG,"{'id': 'AG', 'value': 'Antigua and Barbuda'}",2019,18896.3721832248
ATG,"{'id': 'AG', 'value': 'Antigua and Barbuda'}",2018,18273.4270684912
ATG,"{'id': 'AG', 'value': 'Antigua and Barbuda'}",2017,16965.7288273816
ATG,"{'id': 'AG', 'value': 'Antigua and Barbuda'}",2016,16556.8551801588
ATG,"{'id': 'AG', 'value': 'Antigua and Barbuda'}",2015,16077.6340769406
ARG,"{'id': 'AR', 'value': 'Argentina'}",2024,13969.7836603737
ARG,"{'id': 'AR', 'value': 'Argentina'}",2023,14261.8465667948
ARG,"{'id': 'AR', 'value': 'Argentina'}",2022,13962.1894087223
ARG,"{'id': 'AR', 'value': 'Argentina'}",2021,10738.0179223384
ARG,"{'id': 'AR', 'value': 'Argentina'}",2020,8535.59938004389
ARG,"{'id': 'AR', 'value': 'Argentina'}",2019,9955.97478680428
ARG,"{'id': 'AR', 'value': 'Argentina'}",2018,11752.7998922979
ARG,"{'id': 'AR', 'value': 'Argentina'}",2017,14532.5009308511
ARG,"{'id': 'AR', 'value': 'Argentina'}",2016,12699.9623137756
ARG,"{'id': 'AR', 'value': 'Argentina'}",2015,13679.6264980954
ARM,"{'id': 'AM', 'value': 'Armenia'}",2024,8556.21406956719
ARM,"{'id': 'AM', 'value': 'Armenia'}",2023,8159.08720967996
ARM,"{'id': 'AM', 'value': 'Armenia'}",2022,6571.97445545099
ARM,"{'id': 'AM', 'value': 'Armenia'}",2021,4685.17997128509
ARM,"{'id': 'AM', 'value': 'Armenia'}",2020,4268.68093304583
ARM,"{'id': 'AM', 'value': 'Armenia'}",2019,4597.22887399548
ARM,"{'id': 'AM', 'value': 'Armenia'}",2018,4196.00562301769
ARM,"{'id': 'AM', 'value': 'Armenia'}",2017,3869.05373867752
ARM,"{'id': 'AM', 'value': 'Armenia'}",2016,3524.42476874707
ARM,"{'id': 'AM', 'value': 'Armenia'}",2015,3512.39350276709
ABW,"{'id': 'AW', 'value': 'Aruba'}",2024,39498.5941293797
ABW,"{'id': 'AW', 'value': 'Aruba'}",2023,35718.7531191634
ABW,"{'id': 'AW', 'value': 'Aruba'}",2022,30975.9989121779
ABW,"{'id': 'AW', 'value': 'Aruba'}",2021,26749.3296093118
ABW,"{'id': 'AW', 'value': 'Aruba'}",2020,22759.8071750722
ABW,"{'id': 'AW', 'value': 'Aruba'}",2019,30645.8906024548
ABW,"{'id': 'AW', 'value': 'Aruba'}",2018,30082.1584226798
ABW,"{'id': 'AW', 'value': 'Aruba'}",2017,28440.0416881491
ABW,"{'id': 'AW', 'value': 'Aruba'}",2016,27441.5502144601
ABW,"{'id': 'AW', 'value': 'Aruba'}",2015,27458.2201537506
AUS,"{'id': 'AU', 'value': 'Australia'}",2024,64603.9856308464
AUS,"{'id': 'AU', 'value': 'Australia'}",2023,65058.3773146674
AUS,"{'id': 'AU', 'value': 'Australia'}",2022,65169.5191118657
AUS,"{'id': 'AU', 'value': 'Australia'}",2021,60758.9044397144
AUS,"{'id': 'AU', 'value': 'Australia'}",2020,51983.4523666382
AUS,"{'id': 'AU', 'value': 'Australia'}",2019,55194.7585097428
AUS,"{'id': 'AU', 'value': 'Australia'}",2018,57410.1737346009
AUS,"{'id': 'AU', 'value': 'Australia'}",2017,54117.547718609
AUS,"{'id': 'AU', 'value': 'Australia'}",2016,50084.4440606385
AUS,"{'id': 'AU', 'value': 'Australia'}",2015,56970.3613028094
AUT,"{'id': 'AT', 'value': 'Austria'}",2024,58268.8787651601
AUT,"{'id': 'AT', 'value': 'Austria'}",2023,56579.504175468
AUT,"{'id': 'AT', 'value': 'Austria'}",2022,52336.7725223758
AUT,"{'id': 'AT', 'value': 'Austria'}",2021,53648.6437976214
AUT,"{'id': 'AT', 'value': 'Austria'}",2020,48716.4098900349
AUT,"{'id': 'AT', 'value': 'Austria'}",2019,49885.9947355204
AUT,"{'id': 'AT', 'value': 'Austria'}",2018,51194.0749841299
AUT,"{'id': 'AT', 'value': 'Austria'}",2017,47163.7425775142
AUT,"{'id': 'AT', 'value': 'Austria'}",2016,45061.4993920192
AUT,"{'id': 'AT', 'value': 'Austria'}",2015,43915.228020857
AZE,"{'id': 'AZ', 'value': 'Azerbaijan'}",2024,7283.8499076179
AZE,"{'id': 'AZ', 'value': 'Azerbaijan'}",2023,7133.02838048328
AZE,"{'id': 'AZ', 'value': 'Azerbaijan'}",2022,7770.594223351
AZE,"{'id': 'AZ', 'value': 'Azerbaijan'}",2021,5408.04535175023
AZE,"{'id': 'AZ', 'value': 'Azerbaijan'}",2020,4229.91064904503
AZE,"{'id': 'AZ', 'value': 'Azerbaijan'}",2019,4805.75371765917
AZE,"{'id': 'AZ', 'value': 'Azerbaijan'}",2018,4739.7943123408
AZE,"{'id': 'AZ', 'value': 'Azerbaijan'}",2017,4147.1981423222
AZE,"{'id': 'AZ', 'value': 'Azerbaijan'}",2016,3880.6852276838
AZE,"{'id': 'AZ', 'value': 'Azerbaijan'}",2015,5500.50364628486
BHS,"{'id': 'BS', 'value': 'Bahamas, The'}",2024,39455.4466548546
BHS,"{'id': 'BS', 'value': 'Bahamas, The'}",2023,38231.774484278
BHS,"{'id': 'BS', 'value': 'Bahamas, The'}",2022,34957.1613279737
BHS,"{'id': 'BS', 'value': 'Bahamas, The'}",2021,30367.8605757708
BHS,"{'id': 'BS', 'value': 'Bahamas, The'}",2020,26178.7537607708
BHS,"{'id': 'BS', 'value': 'Bahamas, The'}",2019,33640.3369861278
BHS,"{'id': 'BS', 'value': 'Bahamas, The'}",2018,32642.3353203452
BHS,"{'id': 'BS', 'value': 'Bahamas, The'}",2017,31875.4881749619
BHS,"{'id': 'BS', 'value': 'Bahamas, The'}",2016,30616.5363157284
BHS,"{'id': 'BS', 'value': 'Bahamas, The'}",2015,30719.405417469
BHR,"{'id': 'BH', 'value': 'Bahrain'}",2024,29653.5682731534
BHR,"{'id': 'BH', 'value': 'Bahrain'}",2023,29290.1284215098
BHR,"{'id': 'BH', 'value': 'Bahrain'}",2022,30470.5219276023
BHR,"{'id': 'BH', 'value': 'Bahrain'}",2021,27147.8083882286
BHR,"{'id': 'BH', 'value': 'Bahrain'}",2020,24342.8444554718
BHR,"{'id': 'BH', 'value': 'Bahrain'}",2019,27259.7438599327
BHR,"{'id': 'BH', 'value': 'Bahrain'}",2018,26324.4066549559
BHR,"{'id': 'BH', 'value': 'Bahrain'}",2017,24784.7693514607
BHR,"{'id': 'BH', 'value': 'Bahrain'}",2016,23800.001440631
BHR,"{'id': 'BH', 'value': 'Bahrain'}",2015,23734.0551143019
BGD,"{'id': 'BD', 'value': 'Bangladesh'}",2024,2593.41611680774
BGD,"{'id': 'BD', 'value': 'Bangladesh'}",2023,2551.01773827307
BGD,"{'id': 'BD', 'value': 'Bangladesh'}",2022,2716.48592780431
BGD,"{'id': 'BD', 'value': 'Bangladesh'}",2021,2482.84917843357
BGD,"{'id': 'BD', 'value': 'Bangladesh'}",2020,2248.85078828233
BGD,"{'id': 'BD', 'value': 'Bangladesh'}",2019,2129.79896954606
BGD,"{'id': 'BD', 'value': 'Bangladesh'}",2018,1965.24372731467
BGD,"{'id': 'BD', 'value': 'Bangladesh'}",2017,1811.08221668646
BGD,"{'id': 'BD', 'value': 'Bangladesh'}",2016,1649.28380858601
BGD,"{'id': 'BD', 'value': 'Bangladesh'}",2015,1224.38647668165
BRB,"{'id': 'BB', 'value': 'Barbados'}",2024,26544.8707282621
BRB,"{'id': 'BB', 'value': 'Barbados'}",2023,25583.878782727
BRB,"{'id': 'BB', 'value': 'Barbados'}",2022,24387.0387293761
BRB,"{'id': 'BB', 'value': 'Barbados'}",2021,21079.6145271791
BRB,"{'id': 'BB', 'value': 'Barbados'}",2020,19194.4919736739
BRB,"{'id': 'BB', 'value': 'Barbados'}",2019,21912.1501242857
BRB,"{'id': 'BB', 'value': 'Barbados'}",2018,21381.2426303209
BRB,"{'id': 'BB', 'value': 'Barbados'}",2017,20284.5762052461
BRB,"{'id': 'BB', 'value': 'Barbados'}",2016,20295.5672072046
BRB,"{'id': 'BB', 'value': 'Barbados'}",2015,20424.2087530019
BLR,"{'id': 'BY', 'value': 'Belarus'}",2024,8317.63399913792
BLR,"{'id': 'BY', 'value': 'Belarus'}",2023,7896.75388295584
BLR,"{'id': 'BY', 'value': 'Belarus'}",2022,7994.64806074889
BLR,"{'id': 'BY', 'value': 'Belarus'}",2021,7489.71894713888
BLR,"{'id': 'BY', 'value': 'Belarus'}",2020,6542.85579976768
BLR,"{'id': 'BY', 'value': 'Belarus'}",2019,6837.77339645635
BLR,"{'id': 'BY', 'value': 'Belarus'}",2018,6360.037502312
BLR,"{'id': 'BY', 'value': 'Belarus'}",2017,5785.54491935194
BLR,"{'id': 'BY', 'value': 'Belarus'}",2016,5039.77560949445
BLR,"{'id': 'BY', 'value': 'Belarus'}",2015,5967.05595058777
BEL,"{'id': 'BE', 'value': 'Belgium'}",2024,56614.5679499036
BEL,"{'id': 'BE', 'value': 'Belgium'}",2023,55291.4754541329
BEL,"{'id': 'BE', 'value': 'Belgium'}",2022,50605.7496677086
BEL,"{'id': 'BE', 'value': 'Belgium'}",2021,51658.238294958
BEL,"{'id': 'BE', 'value': 'Belgium'}",2020,45906.2875805246
BEL,"{'id': 'BE', 'value': 'Belgium'}",2019,46716.6227467964
BEL,"{'id': 'BE', 'value': 'Belgium'}",2018,47487.2100392561
BEL,"{'id': 'BE', 'value': 'Belgium'}",2017,44035.3239358548
BEL,"{'id': 'BE', 'value': 'Belgium'}",2016,41854.5498296444
BEL,"{'id': 'BE', 'value': 'Belgium'}",2015,40893.804537772
BLZ,"{'id': 'BZ', 'value': 'Belize'}",2024,7681.24400583113
BLZ,"{'id': 'BZ', 'value': 'Belize'}",2023,7424.75821321022
BLZ,"{'id': 'BZ', 'value': 'Belize'}",2022,7068.21728043145
BLZ,"{'id': 'BZ', 'value': 'Belize'}",2021,6142.98930557031
BLZ,"{'id': 'BZ', 'value': 'Belize'}",2020,5238.54078175696
BLZ,"{'id': 'BZ', 'value': 'Belize'}",2019,6171.61449761423
BLZ,"{'id': 'BZ', 'value': 'Belize'}",2018,6011.99036888587
BLZ,"{'id': 'BZ', 'value': 'Belize'}",2017,6071.85451846453
BLZ,"{'id': 'BZ', 'value': 'Belize'}",2016,6140.86713919469
BLZ,"{'id': 'BZ', 'value': 'Belize'}",2015,6154.62264230369
BEN,"{'id': 'BJ', 'value': 'Benin'}",2024,1485.38018885134
BEN,"{'id': 'BJ', 'value': 'Benin'}",2023,1394.17784721831
BEN,"{'id': 'BJ', 'value': 'Benin'}",2022,1266.42711031904
BEN,"{'id': 'BJ', 'value': 'Benin'}",2021,1318.65158075198
BEN,"{'id': 'BJ', 'value': 'Benin'}",2020,1200.19426557789
BEN,"{'id': 'BJ', 'value': 'Benin'}",2019,1130.82135339795
BEN,"{'id': 'BJ', 'value': 'Benin'}",2018,1151.7409703472
BEN,"{'id': 'BJ', 'value': 'Benin'}",2017,1054.97408066814
BEN,"{'id': 'BJ', 'value': 'Benin'}",2016,1010.5338961993
BEN,"{'id': 'BJ', 'value': 'Benin'}",2015,1002.41886879614
BMU,"{'id': 'BM', 'value': 'Bermuda'}",2024,142855.374713782
BMU,"{'id': 'BM', 'value': 'Bermuda'}",2023,132604.439086216
BMU,"{'id': 'BM', 'value': 'Bermuda'}",2022,121613.939983629
BMU,"{'id': 'BM', 'value': 'Bermuda'}",2021,112765.08167306
BMU,"{'id': 'BM', 'value': 'Bermuda'}",2020,106976.546239632
BMU,"{'id': 'BM', 'value': 'Bermuda'}",2019,115798.040775578
BMU,"{'id': 'BM', 'value': 'Bermuda'}",2018,113204.82210838
BMU,"{'id': 'BM', 'value': 'Bermuda'}",2017,112339.425587467
BMU,"{'id': 'BM', 'value': 'Bermuda'}",2016,108747.356144305
BMU,"{'id': 'BM', 'value': 'Bermuda'}",2015,104855.366822135
BTN,"{'id': 'BT', 'value': 'Bhutan'}",2024,
BTN,"{'id': 'BT', 'value': 'Bhutan'}",2023,3831.32535494609
BTN,"{'id': 'BT', 'value': 'Bhutan'}",2022,3711.32767981591
BTN,"{'id': 'BT', 'value': 'Bhutan'}",2021,3570.61257980872
BTN,"{'id': 'BT', 'value': 'Bhutan'}",2020,3191.66906999331
BTN,"{'id': 'BT', 'value': 'Bhutan'}",2019,3576.87987100503
BTN,"{'id': 'BT', 'value': 'Bhutan'}",2018,3400.20417245342
BTN,"{'id': 'BT', 'value': 'Bhutan'}",2017,3435.28804735662
BTN,"{'id': 'BT', 'value': 'Bhutan'}",2016,3152.30905106786
BTN,"{'id': 'BT', 'value': 'Bhutan'}",2015,2954.04081911097
BOL,"{'id': 'BO', 'value': 'Bolivia'}",2024,4421.16609889999
BOL,"{'id': 'BO', 'value': 'Bolivia'}",2023,4274.70820547613
BOL,"{'id': 'BO', 'value': 'Bolivia'}",2022,4219.46113742445
BOL,"{'id': 'BO', 'value': 'Bolivia'}",2021,4010.76053686204
BOL,"{'id': 'BO', 'value': 'Bolivia'}",2020,3580.96761778303
BOL,"{'id': 'BO', 'value': 'Bolivia'}",2019,4203.15492855788
BOL,"{'id': 'BO', 'value': 'Bolivia'}",2018,4206.8552936661
BOL,"{'id': 'BO', 'value': 'Bolivia'}",2017,4048.40119739839
BOL,"{'id': 'BO', 'value': 'Bolivia'}",2016,3035.87347732132
BOL,"{'id': 'BO', 'value': 'Bolivia'}",2015,2996.01289811344
BIH,"{'id': 'BA', 'value': 'Bosnia and Herzegovina'}",2024,9358.78768951134
BIH,"{'id': 'BA', 'value': 'Bosnia and Herzegovina'}",2023,8663.02326458629
BIH,"{'id': 'BA', 'value': 'Bosnia and Herzegovina'}",2022,7655.59421024383
BIH,"{'id': 'BA', 'value': 'Bosnia and Herzegovina'}",2021,7295.34378682258
BIH,"{'id': 'BA', 'value': 'Bosnia and Herzegovina'}",2020,6130.31187968266
BIH,"{'id': 'BA', 'value': 'Bosnia and Herzegovina'}",2019,6122.37541352353
BIH,"{'id': 'BA', 'value': 'Bosnia and Herzegovina'}",2018,6047.84707207392
BIH,"{'id': 'BA', 'value': 'Bosnia and Herzegovina'}",2017,5345.01978766473
BIH,"{'id': 'BA', 'value': 'Bosnia and Herzegovina'}",2016,4928.5665903114
BIH,"{'id': 'BA', 'value': 'Bosnia and Herzegovina'}",2015,4662.25869219448
BWA,"{'id': 'BW', 'value': 'Botswana'}",2024,7695.75319445165
BWA,"{'id': 'BW', 'value': 'Botswana'}",2023,7826.35376483298
BWA,"{'id': 'BW', 'value': 'Botswana'}",2022,8328.7090572666
BWA,"{'id': 'BW', 'value': 'Botswana'}",2021,7807.88794570471
BWA,"{'id': 'BW', 'value': 'Botswana'}",2020,6323.2974967659
BWA,"{'id': 'BW', 'value': 'Botswana'}",2019,7172.08956480028
BWA,"{'id': 'BW', 'value': 'Botswana'}",2018,7407.95940141786
BWA,"{'id': 'BW', 'value': 'Botswana'}",2017,7104.96401088027
BWA,"{'id': 'BW', 'value': 'Botswana'}",2016,6749.05994339013
BWA,"{'id': 'BW', 'value': 'Botswana'}",2015,6141.20394726616
BRA,"{'id': 'BR', 'value': 'Brazil'}",2024,10310.5488778166
BRA,"{'id': 'BR', 'value': 'Brazil'}",2023,10377.5897719195
BRA,"{'id': 'BR', 'value': 'Brazil'}",2022,9281.33282136864
BRA,"{'id': 'BR', 'value': 'Brazil'}",2021,7972.53696080695
BRA,"{'id': 'BR', 'value': 'Brazil'}",2020,7074.19407495707
BRA,"{'id': 'BR', 'value': 'Brazil'}",2019,9029.83304401079
BRA,"{'id': 'BR', 'value': 'Brazil'}",2018,9300.66072904004
BRA,"{'id': 'BR', 'value': 'Brazil'}",2017,10080.5078722821
BRA,"{'id': 'BR', 'value': 'Brazil'}",2016,8836.28546025694
BRA,"{'id': 'BR', 'value': 'Brazil'}",2015,8936.1955889444
VGB,"{'id': 'VG', 'value': 'British Virgin Islands'}",2024,
VGB,"{'id': 'VG', 'value': 'British Virgin Islands'}",2023,
VGB,"{'id': 'VG', 'value': 'British Virgin Islands'}",2022,
VGB,"{'id': 'VG', 'value': 'British Virgin Islands'}",2021,
VGB,"{'id': 'VG', 'value': 'British Virgin Islands'}",2020,
VGB,"{'id': 'VG', 'value': 'British Virgin Islands'}",2019,
VGB,"{'id': 'VG', 'value': 'British Virgin Islands'}",2018,
VGB,"{'id': 'VG', 'value': 'British Virgin Islands'}",2017,
VGB,"{'id': 'VG', 'value': 'British Virgin Islands'}",2016,
VGB,"{'id': 'VG', 'value': 'British Virgin Islands'}",2015,
BRN,"{'id': 'BN', 'value': 'Brunei Darussalam'}",2024,33153.4738913513
BRN,"{'id': 'BN', 'value': 'Brunei Darussalam'}",2023,32890.5491812019
BRN,"{'id': 'BN', 'value': 'Brunei Darussalam'}",2022,36632.9280952155
BRN,"{'id': 'BN', 'value': 'Brunei Darussalam'}",2021,31006.9636289785
BRN,"{'id': 'BN', 'value': 'Brunei Darussalam'}",2020,26834.3592233943
BRN,"{'id': 'BN', 'value': 'Brunei Darussalam'}",2019,30426.5730656528
BRN,"{'id': 'BN', 'value': 'Brunei Darussalam'}",2018,30988.1190267227
BRN,"{'id': 'BN', 'value': 'Brunei Darussalam'}",2017,28024.3824580252
BRN,"{'id': 'BN', 'value': 'Brunei Darussalam'}",2016,26663.2972950602
BRN,"{'id': 'BN', 'value': 'Brunei Darussalam'}",2015,30625.1287744656
BGR,"{'id': 'BG', 'value': 'Bulgaria'}",2024,17596.0173663521
BGR,"{'id': 'BG', 'value': 'Bulgaria'}",2023,15853.208636704
BGR,"{'id': 'BG', 'value': 'Bulgaria'}",2022,13999.1949530956
BGR,"{'id': 'BG', 'value': 'Bulgaria'}",2021,12966.1457543396
BGR,"{'id': 'BG', 'value': 'Bulgaria'}",2020,10760.211975413
BGR,"{'id': 'BG', 'value': 'Bulgaria'}",2019,10353.7204584127
BGR,"{'id': 'BG', 'value': 'Bulgaria'}",2018,9849.38397225174
BGR,"{'id': 'BG', 'value': 'Bulgaria'}",2017,8696.68930427924
BGR,"{'id': 'BG', 'value': 'Bulgaria'}",2016,7822.49923292968
BGR,"{'id': 'BG', 'value': 'Bulgaria'}",2015,7268.65445473873
BFA,"{'id': 'BF', 'value': 'Burkina Faso'}",2024,981.992649769081
BFA,"{'id': 'BF', 'value': 'Burkina Faso'}",2023,873.482589651003
BFA,"{'id': 'BF', 'value': 'Burkina Faso'}",2022,827.330843486661
BFA,"{'id': 'BF', 'value': 'Burkina Faso'}",2021,895.535288442991
BFA,"{'id': 'BF', 'value': 'Burkina Faso'}",2020,825.237038782475
BFA,"{'id': 'BF', 'value': 'Burkina Faso'}",2019,764.853077774946
BFA,"{'id': 'BF', 'value': 'Burkina Faso'}",2018,777.465618514048
BFA,"{'id': 'BF', 'value': 'Burkina Faso'}",2017,709.091535894695
BFA,"{'id': 'BF', 'value': 'Burkina Faso'}",2016,663.742364842886
BFA,"{'id': 'BF', 'value': 'Burkina Faso'}",2015,630.124750752312
BDI,"{'id': 'BI', 'value': 'Burundi'}",2024,219.424830882698
BDI,"{'id': 'BI', 'value': 'Burundi'}",2023,250.627253097255
BDI,"{'id': 'BI', 'value': 'Burundi'}",2022,302.992505263552
BDI,"{'id': 'BI', 'value': 'Burundi'}",2021,264.980379269655
BDI,"{'id': 'BI', 'value': 'Burundi'}",2020,255.8324539389
BDI,"{'id': 'BI', 'value': 'Burundi'}",2019,234.31061590725
BDI,"{'id': 'BI', 'value': 'Burundi'}",2018,245.661678332009
BDI,"{'id': 'BI', 'value': 'Burundi'}",2017,246.060725714184
BDI,"{'id': 'BI', 'value': 'Burundi'}",2016,232.937812100153
BDI,"{'id': 'BI', 'value': 'Burundi'}",2015,254.402585226788
CPV,"{'id': 'CV', 'value': 'Cabo Verde'}",2024,5192.48157325878
CPV,"{'id': 'CV', 'value': 'Cabo Verde'}",2023,4794.90121917259
CPV,"{'id': 'CV', 'value': 'Cabo Verde'}",2022,4323.31362032709
CPV,"{'id': 'CV', 'value': 'Cabo Verde'}",2021,3971.44409203423
CPV,"{'id': 'CV', 'value': 'Cabo Verde'}",2020,3539.22661248299
CPV,"{'id': 'CV', 'value': 'Cabo Verde'}",2019,4380.78117331128
CPV,"{'id': 'CV', 'value': 'Cabo Verde'}",2018,4294.96510035729
CPV,"{'id': 'CV', 'value': 'Cabo Verde'}",2017,3893.09571382506
CPV,"{'id': 'CV', 'value': 'Cabo Verde'}",2016,3608.96605234906
CPV,"{'id': 'CV', 'value': 'Cabo Verde'}",2015,3415.06266730931
KHM,"{'id': 'KH', 'value': 'Cambodia'}",2024,2627.87969756224
KHM,"{'id': 'KH', 'value': 'Cambodia'}",2023,2429.74853452838
KHM,"{'id': 'KH', 'value': 'Cambodia'}",2022,2325.03050040841
KHM,"{'id': 'KH', 'value': 'Cambodia'}",2021,2167.40324198499
KHM,"{'id': 'KH', 'value': 'Cambodia'}",2020,2081.73914242939
KHM,"{'id': 'KH', 'value': 'Cambodia'}",2019,2225.87705485686
KHM,"{'id': 'KH', 'value': 'Cambodia'}",2018,2036.67377566578
KHM,"{'id': 'KH', 'value': 'Cambodia'}",2017,1826.35391688754
KHM,"{'id': 'KH', 'value': 'Cambodia'}",2016,1675.19555711109
KHM,"{'id': 'KH', 'value': 'Cambodia'}",2015,1547.32010444393
CMR,"{'id': 'CM', 'value': 'Cameroon'}",2024,1830.00833684727
CMR,"{'id': 'CM', 'value': 'Cameroon'}",2023,1720.47510154506
CMR,"{'id': 'CM', 'value': 'Cameroon'}",2022,1604.87726954895
CMR,"{'id': 'CM', 'value': 'Cameroon'}",2021,1672.32657340872
CMR,"{'id': 'CM', 'value': 'Cameroon'}",2020,1555.60370660749
CMR,"{'id': 'CM', 'value': 'Cameroon'}",2019,1555.22660476477
CMR,"{'id': 'CM', 'value': 'Cameroon'}",2018,1610.69641591017
CMR,"{'id': 'CM', 'value': 'Cameroon'}",2017,1496.08951771242
CMR,"{'id': 'CM', 'value': 'Cameroon'}",2016,1441.7201725688
CMR,"{'id': 'CM', 'value': 'Cameroon'}",2015,1415.00009710569
CAN,"{'id': 'CA', 'value': 'Canada'}",2024,54340.3477224733
CAN,"{'id': 'CA', 'value': 'Canada'}",2023,54220.3285039875
CAN,"{'id': 'CA', 'value': 'Canada'}",2022,56256.8007264015
CAN,"{'id': 'CA', 'value': 'Canada'}",2021,52886.6616372703
CAN,"{'id': 'CA', 'value': 'Canada'}",2020,43537.839298904
CAN,"{'id': 'CA', 'value': 'Canada'}",2019,46352.8693445211
CAN,"{'id': 'CA', 'value': 'Canada'}",2018,46539.1761570405
CAN,"{'id': 'CA', 'value': 'Canada'}",2017,45129.628116623
CAN,"{'id': 'CA', 'value': 'Canada'}",2016,42314.0615817218
CAN,"{'id': 'CA', 'value': 'Canada'}",2015,43594.1941045394
CYM,"{'id': 'KY', 'value': 'Cayman Islands'}",2024,
CYM,"{'id': 'KY', 'value': 'Cayman Islands'}",2023,99143.5180243123
CYM,"{'id': 'KY', 'value': 'Cayman Islands'}",2022,93030.7051447803
CYM,"{'id': 'KY', 'value': 'Cayman Islands'}",2021,86449.6749037302
CYM,"{'id': 'KY', 'value': 'Cayman Islands'}",2020,82338.7977439023
CYM,"{'id': 'KY', 'value': 'Cayman Islands'}",2019,88254.2902486867
CYM,"{'id': 'KY', 'value': 'Cayman Islands'}",2018,83865.5540393356
CYM,"{'id': 'KY', 'value': 'Cayman Islands'}",2017,80053.9442657031
CYM,"{'id': 'KY', 'value': 'Cayman Islands'}",2016,77802.2535658023
CYM,"{'id': 'KY', 'value': 'Cayman Islands'}",2015,76379.2098777987
CAF,"{'id': 'CF', 'value': 'Central African Republic'}",2024,516.160999996036
CAF,"{'id': 'CF', 'value': 'Central African Republic'}",2023,495.978897288721
CAF,"{'id': 'CF', 'value': 'Central African Republic'}",2022,467.359825026238
CAF,"{'id': 'CF', 'value': 'Central African Republic'}",2021,492.263142830507
CAF,"{'id': 'CF', 'value': 'Central African Republic'}",2020,462.879071294011
CAF,"{'id': 'CF', 'value': 'Central African Republic'}",2019,449.228467602439
CAF,"{'id': 'CF', 'value': 'Central African Republic'}",2018,455.243962859534
CAF,"{'id': 'CF', 'value': 'Central African Republic'}",2017,432.324025684263
CAF,"{'id': 'CF', 'value': 'Central African Republic'}",2016,387.176203444318
CAF,"{'id': 'CF', 'value': 'Central African Republic'}",2015,366.322853938121
TCD,"{'id': 'TD', 'value': 'Chad'}",2024,961.55975562506
TCD,"{'id': 'TD', 'value': 'Chad'}",2023,949.333453674592
TCD,"{'id': 'TD', 'value': 'Chad'}",2022,966.036468278568
TCD,"{'id': 'TD', 'value': 'Chad'}",2021,946.358500208374
TCD,"{'id': 'TD', 'value': 'Chad'}",2020,866.947814890409
TCD,"{'id': 'TD', 'value': 'Chad'}",2019,893.336441643325
TCD,"{'id': 'TD', 'value': 'Chad'}",2018,948.656629871231
TCD,"{'id': 'TD', 'value': 'Chad'}",2017,854.46120040098
TCD,"{'id': 'TD', 'value': 'Chad'}",2016,861.831767630746
TCD,"{'id': 'TD', 'value': 'Chad'}",2015,993.990730610869
CHI,"{'id': 'JG', 'value': 'Channel Islands'}",2024,
CHI,"{'id': 'JG', 'value': 'Channel Islands'}",2023,74585.5224096294
CHI,"{'id': 'JG', 'value': 'Channel Islands'}",2022,67627.1417347907
CHI,"{'id': 'JG', 'value': 'Channel Islands'}",2021,66915.3963925722
CHI,"{'id': 'JG', 'value': 'Channel Islands'}",2020,56785.9402005039
CHI,"{'id': 'JG', 'value': 'Channel Islands'}",2019,60564.6293993681
CHI,"{'id': 'JG', 'value': 'Channel Islands'}",2018,60784.8125397162
CHI,"{'id': 'JG', 'value': 'Channel Islands'}",2017,55806.3554257428
CHI,"{'id': 'JG', 'value': 'Channel Islands'}",2016,55947.579811974
CHI,"{'id': 'JG', 'value': 'Channel Islands'}",2015,61847.8212238857
CHL,"{'id': 'CL', 'value': 'Chile'}",2024,16709.8893972307
CHL,"{'id': 'CL', 'value': 'Chile'}",2023,17067.0364799154
CHL,"{'id': 'CL', 'value': 'Chile'}",2022,15405.6165774073
CHL,"{'id': 'CL', 'value': 'Chile'}",2021,16206.8325493421
CHL,"{'id': 'CL', 'value': 'Chile'}",2020,13114.815470545
CHL,"{'id': 'CL', 'value': 'Chile'}",2019,14495.716721687
CHL,"{'id': 'CL', 'value': 'Chile'}",2018,15659.4808675628
CHL,"{'id': 'CL', 'value': 'Chile'}",2017,14879.9086227187
CHL,"{'id': 'CL', 'value': 'Chile'}",2016,13649.8520452803
CHL,"{'id': 'CL', 'value': 'Chile'}",2015,13433.9202987032
CHN,"{'id': 'CN', 'value': 'China'}",2024,13303.1481543868
CHN,"{'id': 'CN', 'value': 'China'}",2023,12951.1782397043
CHN,"{'id': 'CN', 'value': 'China'}",2022,12970.6056414327
CHN,"{'id': 'CN', 'value': 'China'}",2021,12887.4357242941
CHN,"{'id': 'CN', 'value': 'China'}",2020,10627.4637989619
CHN,"{'id': 'CN', 'value': 'China'}",2019,10342.9009524335
CHN,"{'id': 'CN', 'value': 'China'}",2018,10085.6638148819
CHN,"{'id': 'CN', 'value': 'China'}",2017,8979.67652709856
CHN,"{'id': 'CN', 'value': 'China'}",2016,8254.86859320357
CHN,"{'id': 'CN', 'value': 'China'}",2015,8175.33285077393
COL,"{'id': 'CO', 'value': 'Colombia'}",2024,7919.20886825345
COL,"{'id': 'CO', 'value': 'Colombia'}",2023,7000.83660501046
COL,"{'id': 'CO', 'value': 'Colombia'}",2022,6680.44506854481
COL,"{'id': 'CO', 'value': 'Colombia'}",2021,6222.62164397614
COL,"{'id': 'CO', 'value': 'Colombia'}",2020,5339.68711357943
COL,"{'id': 'CO', 'value': 'Colombia'}",2019,6472.54544924705
COL,"{'id': 'CO', 'value': 'Colombia'}",2018,6816.96818309544
COL,"{'id': 'CO', 'value': 'Colombia'}",2017,6479.53231292429
COL,"{'id': 'CO', 'value': 'Colombia'}",2016,5959.84250367574
COL,"{'id': 'CO', 'value': 'Colombia'}",2015,6248.51490534512
COM,"{'id': 'KM', 'value': 'Comoros'}",2024,1662.75663312504
COM,"{'id': 'KM', 'value': 'Comoros'}",2023,1560.27378476855
COM,"{'id': 'KM', 'value': 'Comoros'}",2022,1465.479642862
COM,"{'id': 'KM', 'value': 'Comoros'}",2021,1554.97289190153
COM,"{'id': 'KM', 'value': 'Comoros'}",2020,1519.34665556206
COM,"{'id': 'KM', 'value': 'Comoros'}",2019,1510.23218151592
COM,"{'id': 'KM', 'value': 'Comoros'}",2018,1527.40527125285
COM,"{'id': 'KM', 'value': 'Comoros'}",2017,1423.9248027797
COM,"{'id': 'KM', 'value': 'Comoros'}",2016,1365.48403444497
COM,"{'id': 'KM', 'value': 'Comoros'}",2015,1329.37048235986
COD,"{'id': 'CD', 'value': 'Congo, Dem. Rep.'}",2024,649.383338556725
COD,"{'id': 'CD', 'value': 'Congo, Dem. Rep.'}",2023,660.21205238997
COD,"{'id': 'CD', 'value': 'Congo, Dem. Rep.'}",2022,687.738587554685
COD,"{'id': 'CD', 'value': 'Congo, Dem. Rep.'}",2021,595.743074403567
COD,"{'id': 'CD', 'value': 'Congo, Dem. Rep.'}",2020,486.425572682256
COD,"{'id': 'CD', 'value': 'Congo, Dem. Rep.'}",2019,504.00419142286
COD,"{'id': 'CD', 'value': 'Congo, Dem. Rep.'}",2018,518.169626875371
COD,"{'id': 'CD', 'value': 'Congo, Dem. Rep.'}",2017,431.052559128788
COD,"{'id': 'CD', 'value': 'Congo, Dem. Rep.'}",2016,459.765036590388
COD,"{'id': 'CD', 'value': 'Congo, Dem. Rep.'}",2015,495.826633014883
COG,"{'id': 'CG', 'value': 'Congo, Rep.'}",2024,2482.2489948456
COG,"{'id': 'CG', 'value': 'Congo, Rep.'}",2023,2477.97845544866
COG,"{'id': 'CG', 'value': 'Congo, Rep.'}",2022,2620.83804267402
COG,"{'id': 'CG', 'value': 'Congo, Rep.'}",2021,2516.16255145432
COG,"{'id': 'CG', 'value': 'Congo, Rep.'}",2020,1993.586671931
COG,"{'id': 'CG', 'value': 'Congo, Rep.'}",2019,2488.42466724916
COG,"{'id': 'CG', 'value': 'Congo, Rep.'}",2018,2694.43413191427
COG,"{'id': 'CG', 'value': 'Congo, Rep.'}",2017,2211.63309874797
COG,"{'id': 'CG', 'value': 'Congo, Rep.'}",2016,2093.10728558843
COG,"{'id': 'CG', 'value': 'Congo, Rep.'}",2015,2439.35189403696
CRI,"{'id': 'CR', 'value': 'Costa Rica'}",2024,18587.1532203482
CRI,"{'id': 'CR', 'value': 'Costa Rica'}",2023,16942.0268119375
CRI,"{'id': 'CR', 'value': 'Costa Rica'}",2022,13625.9008491328
CRI,"{'id': 'CR', 'value': 'Costa Rica'}",2021,12838.1185358931
CRI,"{'id': 'CR', 'value': 'Costa Rica'}",2020,12394.0493969492
CRI,"{'id': 'CR', 'value': 'Costa Rica'}",2019,12884.6859951989
CRI,"{'id': 'CR', 'value': 'Costa Rica'}",2018,12590.2493781614
CRI,"{'id': 'CR', 'value': 'Costa Rica'}",2017,12317.0902771304
CRI,"{'id': 'CR', 'value': 'Costa Rica'}",2016,12091.0301606154
CRI,"{'id': 'CR', 'value': 'Costa Rica'}",2015,11714.7105980732
CIV,"{'id': 'CI', 'value': ""Cote d'Ivoire""}",2024,2727.8935220697
CIV,"{'id': 'CI', 'value': ""Cote d'Ivoire""}",2023,2591.9659048119
CIV,"{'id': 'CI', 'value': ""Cote d'Ivoire""}",2022,2333.37128301259
CIV,"{'id': 'CI', 'value': ""Cote d'Ivoire""}",2021,2455.98127641148
CIV,"{'id': 'CI', 'value': ""Cote d'Ivoire""}",2020,2179.72934832935
CIV,"{'id': 'CI', 'value': ""Cote d'Ivoire""}",2019,2141.76836170115
CIV,"{'id': 'CI', 'value': ""Cote d'Ivoire""}",2018,2130.86619381144
CIV,"{'id': 'CI', 'value': ""Cote d'Ivoire""}",2017,1964.29930338343
CIV,"{'id': 'CI', 'value': ""Cote d'Ivoire""}",2016,1862.59597081287
CIV,"{'id': 'CI', 'value': ""Cote d'Ivoire""}",2015,1814.71855088017
HRV,"{'id': 'HR', 'value': 'Croatia'}",2024,24050.4397933135
HRV,"{'id': 'HR', 'value': 'Croatia'}",2023,22184.2279304842
HRV,"{'id': 'HR', 'value': 'Croatia'}",2022,18465.5414420364
HRV,"{'id': 'HR', 'value': 'Croatia'}",2021,17788.7865816658
HRV,"{'id': 'HR', 'value': 'Croatia'}",2020,14807.5608543265
HRV,"{'id': 'HR', 'value': 'Croatia'}",2019,15563.5987295029
HRV,"{'id': 'HR', 'value': 'Croatia'}",2018,15460.3669595491
HRV,"{'id': 'HR', 'value': 'Croatia'}",2017,13901.7878144679
HRV,"{'id': 'HR', 'value': 'Croatia'}",2016,12820.1653893008
HRV,"{'id': 'HR', 'value': 'Croatia'}",2015,12283.7840620053
CUB,"{'id': 'CU', 'value': 'Cuba'}",2024,
CUB,"{'id': 'CU', 'value': 'Cuba'}",2023,
CUB,"{'id': 'CU', 'value': 'Cuba'}",2022,
CUB,"{'id': 'CU', 'value': 'Cuba'}",2021,
CUB,"{'id': 'CU', 'value': 'Cuba'}",2020,9605.27914559614
CUB,"{'id': 'CU', 'value': 'Cuba'}",2019,9232.26115935183
CUB,"{'id': 'CU', 'value': 'Cuba'}",2018,8911.46205998726
CUB,"{'id': 'CU', 'value': 'Cuba'}",2017,8610.60829605429
CUB,"{'id': 'CU', 'value': 'Cuba'}",2016,8110.55874283616
CUB,"{'id': 'CU', 'value': 'Cuba'}",2015,7727.91997207998
CUW,"{'id': 'CW', 'value': 'Curacao'}",2024,22832.8953958667
CUW,"{'id': 'CW', 'value': 'Curacao'}",2023,21217.8110321785
CUW,"{'id': 'CW', 'value': 'Curacao'}",2022,20057.1404747175
CUW,"{'id': 'CW', 'value': 'Curacao'}",2021,17795.5826616182
CUW,"{'id': 'CW', 'value': 'Curacao'}",2020,16299.8134349902
CUW,"{'id': 'CW', 'value': 'Curacao'}",2019,19220.6865793075
CUW,"{'id': 'CW', 'value': 'Curacao'}",2018,19119.1244887029
CUW,"{'id': 'CW', 'value': 'Curacao'}",2017,18938.2440965187
CUW,"{'id': 'CW', 'value': 'Curacao'}",2016,18944.0962772875
CUW,"{'id': 'CW', 'value': 'Curacao'}",2015,19361.8129630226
CYP,"{'id': 'CY', 'value': 'Cyprus'}",2024,38674.29296875
CYP,"{'id': 'CY', 'value': 'Cyprus'}",2023,36623.69140625
CYP,"{'id': 'CY', 'value': 'Cyprus'}",2022,33231.04296875
CYP,"{'id': 'CY', 'value': 'Cyprus'}",2021,32937.83984375
CYP,"{'id': 'CY', 'value': 'Cyprus'}",2020,28130.341796875
CYP,"{'id': 'CY', 'value': 'Cyprus'}",2019,29227.173828125
CYP,"{'id': 'CY', 'value': 'Cyprus'}",2018,29120.375
CYP,"{'id': 'CY', 'value': 'Cyprus'}",2017,26247.44921875
CYP,"{'id': 'CY', 'value': 'Cyprus'}",2016,24280.056640625
CYP,"{'id': 'CY', 'value': 'Cyprus'}",2015,23088.44140625
CZE,"{'id': 'CZ', 'value': 'Czechia'}",2024,31823.3078290564
CZE,"{'id': 'CZ', 'value': 'Czechia'}",2023,31761.5944102491
CZE,"{'id': 'CZ', 'value': 'Czechia'}",2022,28282.2236715857
CZE,"{'id': 'CZ', 'value': 'Czechia'}",2021,27696.4619527544
CZE,"{'id': 'CZ', 'value': 'Czechia'}",2020,23472.8915454417
CZE,"{'id': 'CZ', 'value': 'Czechia'}",2019,24062.7190013343
CZE,"{'id': 'CZ', 'value': 'Czechia'}",2018,23705.9329811299
CZE,"{'id': 'CZ', 'value': 'Czechia'}",2017,20913.197632212
CZE,"{'id': 'CZ', 'value': 'Czechia'}",2016,18753.9686718096
CZE,"{'id': 'CZ', 'value': 'Czechia'}",2015,17931.5987670768
DNK,"{'id': 'DK', 'value': 'Denmark'}",2024,71026.4832271897
DNK,"{'id': 'DK', 'value': 'Denmark'}",2023,68043.5466971243
DNK,"{'id': 'DK', 'value': 'Denmark'}",2022,67781.0940939514
DNK,"{'id': 'DK', 'value': 'Denmark'}",2021,69340.7334922138
DNK,"{'id': 'DK', 'value': 'Denmark'}",2020,60985.4885601514
DNK,"{'id': 'DK', 'value': 'Denmark'}",2019,59404.2663247723
DNK,"{'id': 'DK', 'value': 'Denmark'}",2018,61324.7665045565
DNK,"{'id': 'DK', 'value': 'Denmark'}",2017,57521.5514992225
DNK,"{'id': 'DK', 'value': 'Denmark'}",2016,54500.9260410217
DNK,"{'id': 'DK', 'value': 'Denmark'}",2015,53094.0133607574
DJI,"{'id': 'DJ', 'value': 'Djibouti'}",2024,3552.72335079222
DJI,"{'id': 'DJ', 'value': 'Djibouti'}",2023,3381.29779710722
DJI,"{'id': 'DJ', 'value': 'Djibouti'}",2022,3133.25779772463
DJI,"{'id': 'DJ', 'value': 'Djibouti'}",2021,3025.91126413549
DJI,"{'id': 'DJ', 'value': 'Djibouti'}",2020,2844.88810647853
DJI,"{'id': 'DJ', 'value': 'Djibouti'}",2019,2837.16902340932
DJI,"{'id': 'DJ', 'value': 'Djibouti'}",2018,2718.08338799203
DJI,"{'id': 'DJ', 'value': 'Djibouti'}",2017,2618.95521147369
DJI,"{'id': 'DJ', 'value': 'Djibouti'}",2016,2510.4300076241
DJI,"{'id': 'DJ', 'value': 'Djibouti'}",2015,2376.12554719873
DMA,"{'id': 'DM', 'value': 'Dominica'}",2024,10405.2787777582
DMA,"{'id': 'DM', 'value': 'Dominica'}",2023,9912.96212766668
DMA,"{'id': 'DM', 'value': 'Dominica'}",2022,9323.66089490562
DMA,"{'id': 'DM', 'value': 'Dominica'}",2021,8376.40414141113
DMA,"{'id': 'DM', 'value': 'Dominica'}",2020,7827.74842680426
DMA,"{'id': 'DM', 'value': 'Dominica'}",2019,9491.14995962374
DMA,"{'id': 'DM', 'value': 'Dominica'}",2018,9215.3085405645
DMA,"{'id': 'DM', 'value': 'Dominica'}",2017,8224.64896571414
DMA,"{'id': 'DM', 'value': 'Dominica'}",2016,8802.56172041363
DMA,"{'id': 'DM', 'value': 'Dominica'}",2015,8282.59874702141
DOM,"{'id': 'DO', 'value': 'Dominican Republic'}",2024,10875.6618443092
DOM,"{'id': 'DO', 'value': 'Dominican Republic'}",2023,10630.431743829
DOM,"{'id': 'DO', 'value': 'Dominican Republic'}",2022,10104.2449349081
DOM,"{'id': 'DO', 'value': 'Dominican Republic'}",2021,8527.0754858205
DOM,"{'id': 'DO', 'value': 'Dominican Republic'}",2020,7135.22273255899
DOM,"{'id': 'DO', 'value': 'Dominican Republic'}",2019,8183.01623600375
DOM,"{'id': 'DO', 'value': 'Dominican Republic'}",2018,7882.98221584944
DOM,"{'id': 'DO', 'value': 'Dominican Republic'}",2017,7412.71571571512
DOM,"{'id': 'DO', 'value': 'Dominican Republic'}",2016,7160.44200982307
DOM,"{'id': 'DO', 'value': 'Dominican Republic'}",2015,6800.95309395474
ECU,"{'id': 'EC', 'value': 'Ecuador'}",2024,6874.705739766
ECU,"{'id': 'EC', 'value': 'Ecuador'}",2023,6737.84748379638
ECU,"{'id': 'EC', 'value': 'Ecuador'}",2022,6515.58528418336
ECU,"{'id': 'EC', 'value': 'Ecuador'}",2021,6061.32350181711
ECU,"{'id': 'EC', 'value': 'Ecuador'}",2020,5463.64515348598
ECU,"{'id': 'EC', 'value': 'Ecuador'}",2019,6205.05765246766
ECU,"{'id': 'EC', 'value': 'Ecuador'}",2018,6303.91886658338
ECU,"{'id': 'EC', 'value': 'Ecuador'}",2017,6233.32244797718
ECU,"{'id': 'EC', 'value': 'Ecuador'}",2016,5917.63771271481
ECU,"{'id': 'EC', 'value': 'Ecuador'}",2015,5976.1596805651
EGY,"{'id': 'EG', 'value': 'Egypt, Arab Rep.'}",2024,3338.47371395895
EGY,"{'id': 'EG', 'value': 'Egypt, Arab Rep.'}",2023,3456.78968456253
EGY,"{'id': 'EG', 'value': 'Egypt, Arab Rep.'}",2022,4233.30783744856
EGY,"{'id': 'EG', 'value': 'Egypt, Arab Rep.'}",2021,3827.35415374308
EGY,"{'id': 'EG', 'value': 'Egypt, Arab Rep.'}",2020,3511.11381026379
EGY,"{'id': 'EG', 'value': 'Egypt, Arab Rep.'}",2019,2962.98892023003
EGY,"{'id': 'EG', 'value': 'Egypt, Arab Rep.'}",2018,2484.70315630508
EGY,"{'id': 'EG', 'value': 'Egypt, Arab Rep.'}",2017,2395.10333299491
EGY,"{'id': 'EG', 'value': 'Egypt, Arab Rep.'}",2016,3270.6287768197
EGY,"{'id': 'EG', 'value': 'Egypt, Arab Rep.'}",2015,3306.98159414141
SLV,"{'id': 'SV', 'value': 'El Salvador'}",2024,5579.65969165029
SLV,"{'id': 'SV', 'value': 'El Salvador'}",2023,5365.44491399171
SLV,"{'id': 'SV', 'value': 'El Salvador'}",2022,5074.60210221806
SLV,"{'id': 'SV', 'value': 'El Salvador'}",2021,4642.60743101342
SLV,"{'id': 'SV', 'value': 'El Salvador'}",2020,3997.19279583709
SLV,"{'id': 'SV', 'value': 'El Salvador'}",2019,4320.11671534627
SLV,"{'id': 'SV', 'value': 'El Salvador'}",2018,4183.54620971358
SLV,"{'id': 'SV', 'value': 'El Salvador'}",2017,4020.12671373919
SLV,"{'id': 'SV', 'value': 'El Salvador'}",2016,3901.34014965811
SLV,"{'id': 'SV', 'value': 'El Salvador'}",2015,3790.34089108162
GNQ,"{'id': 'GQ', 'value': 'Equatorial Guinea'}",2024,6745.40013244916
GNQ,"{'id': 'GQ', 'value': 'Equatorial Guinea'}",2023,6677.793435386
GNQ,"{'id': 'GQ', 'value': 'Equatorial Guinea'}",2022,7589.29964909381
GNQ,"{'id': 'GQ', 'value': 'Equatorial Guinea'}",2021,6945.63069794539
GNQ,"{'id': 'GQ', 'value': 'Equatorial Guinea'}",2020,5764.05502912947
GNQ,"{'id': 'GQ', 'value': 'Equatorial Guinea'}",2019,6804.14923073888
GNQ,"{'id': 'GQ', 'value': 'Equatorial Guinea'}",2018,8102.47084834031
GNQ,"{'id': 'GQ', 'value': 'Equatorial Guinea'}",2017,7809.10465655488
GNQ,"{'id': 'GQ', 'value': 'Equatorial Guinea'}",2016,7453.19797948517
GNQ,"{'id': 'GQ', 'value': 'Equatorial Guinea'}",2015,9068.91003238645
ERI,"{'id': 'ER', 'value': 'Eritrea'}",2024,
ERI,"{'id': 'ER', 'value': 'Eritrea'}",2023,
ERI,"{'id': 'ER', 'value': 'Eritrea'}",2022,
ERI,"{'id': 'ER', 'value': 'Eritrea'}",2021,
ERI,"{'id': 'ER', 'value': 'Eritrea'}",2020,
ERI,"{'id': 'ER', 'value': 'Eritrea'}",2019,
ERI,"{'id': 'ER', 'value': 'Eritrea'}",2018,
ERI,"{'id': 'ER', 'value': 'Eritrea'}",2017,
ERI,"{'id': 'ER', 'value': 'Eritrea'}",2016,
ERI,"{'id': 'ER', 'value': 'Eritrea'}",2015,
EST,"{'id': 'EE', 'value': 'Estonia'}",2024,31428.3547816104
EST,"{'id': 'EE', 'value': 'Estonia'}",2023,30264.0064885057
EST,"{'id': 'EE', 'value': 'Estonia'}",2022,28340.3826549406
EST,"{'id': 'EE', 'value': 'Estonia'}",2021,27951.1659277744
EST,"{'id': 'EE', 'value': 'Estonia'}",2020,23933.9939421065
EST,"{'id': 'EE', 'value': 'Estonia'}",2019,24021.2501413306
EST,"{'id': 'EE', 'value': 'Estonia'}",2018,23618.1361254581
EST,"{'id': 'EE', 'value': 'Estonia'}",2017,20851.5223496861
EST,"{'id': 'EE', 'value': 'Estonia'}",2016,18666.3736521706
EST,"{'id': 'EE', 'value': 'Estonia'}",2015,17722.1557669523
SWZ,"{'id': 'SZ', 'value': 'Eswatini'}",2024,3909.55892378182
SWZ,"{'id': 'SZ', 'value': 'Eswatini'}",2023,3755.52111232464
SWZ,"{'id': 'SZ', 'value': 'Eswatini'}",2022,3894.1620089869
SWZ,"{'id': 'SZ', 'value': 'Eswatini'}",2021,3984.00229174306
SWZ,"{'id': 'SZ', 'value': 'Eswatini'}",2020,3466.56936278145
SWZ,"{'id': 'SZ', 'value': 'Eswatini'}",2019,3913.14577547336
SWZ,"{'id': 'SZ', 'value': 'Eswatini'}",2018,3972.65450620357
SWZ,"{'id': 'SZ', 'value': 'Eswatini'}",2017,3853.09956569679
SWZ,"{'id': 'SZ', 'value': 'Eswatini'}",2016,3238.17611961364
SWZ,"{'id': 'SZ', 'value': 'Eswatini'}",2015,3419.82276559528
ETH,"{'id': 'ET', 'value': 'Ethiopia'}",2024,1133.88279681719
ETH,"{'id': 'ET', 'value': 'Ethiopia'}",2023,1055.81091592527
ETH,"{'id': 'ET', 'value': 'Ethiopia'}",2022,982.103161506992
ETH,"{'id': 'ET', 'value': 'Ethiopia'}",2021,893.00983544905
ETH,"{'id': 'ET', 'value': 'Ethiopia'}",2020,829.790982547947
ETH,"{'id': 'ET', 'value': 'Ethiopia'}",2019,793.473247210264
ETH,"{'id': 'ET', 'value': 'Ethiopia'}",2018,739.702022272086
ETH,"{'id': 'ET', 'value': 'Ethiopia'}",2017,696.348429076216
ETH,"{'id': 'ET', 'value': 'Ethiopia'}",2016,641.651523286233
ETH,"{'id': 'ET', 'value': 'Ethiopia'}",2015,597.912113218663
FRO,"{'id': 'FO', 'value': 'Faroe Islands'}",2024,74119.6607553879
FRO,"{'id': 'FO', 'value': 'Faroe Islands'}",2023,72465.3769660215
FRO,"{'id': 'FO', 'value': 'Faroe Islands'}",2022,67058.2022648126
FRO,"{'id': 'FO', 'value': 'Faroe Islands'}",2021,69415.1853254579
FRO,"{'id': 'FO', 'value': 'Faroe Islands'}",2020,62243.1905561324
FRO,"{'id': 'FO', 'value': 'Faroe Islands'}",2019,63068.2872688483
FRO,"{'id': 'FO', 'value': 'Faroe Islands'}",2018,62526.4908515743
FRO,"{'id': 'FO', 'value': 'Faroe Islands'}",2017,59387.353086482
FRO,"{'id': 'FO', 'value': 'Faroe Islands'}",2016,56875.2803813296
FRO,"{'id': 'FO', 'value': 'Faroe Islands'}",2015,52637.1903526574
FJI,"{'id': 'FJ', 'value': 'Fiji'}",2024,6425.74151715712
FJI,"{'id': 'FJ', 'value': 'Fiji'}",2023,5926.20586394763
FJI,"{'id': 'FJ', 'value': 'Fiji'}",2022,5414.12092119088
FJI,"{'id': 'FJ', 'value': 'Fiji'}",2021,4536.73312110335
FJI,"{'id': 'FJ', 'value': 'Fiji'}",2020,4620.6457238014
FJI,"{'id': 'FJ', 'value': 'Fiji'}",2019,5842.07344577597
FJI,"{'id': 'FJ', 'value': 'Fiji'}",2018,6085.41979485376
FJI,"{'id': 'FJ', 'value': 'Fiji'}",2017,5826.84814459328
FJI,"{'id': 'FJ', 'value': 'Fiji'}",2016,5363.79026679243
FJI,"{'id': 'FJ', 'value': 'Fiji'}",2015,5097.53106864695
FIN,"{'id': 'FI', 'value': 'Finland'}",2024,53149.7671934051
FIN,"{'id': 'FI', 'value': 'Finland'}",2023,52834.2916752703
FIN,"{'id': 'FI', 'value': 'Finland'}",2022,50440.560224974
FIN,"{'id': 'FI', 'value': 'Finland'}",2021,53099.1351400148
FIN,"{'id': 'FI', 'value': 'Finland'}",2020,48828.6846862799
FIN,"{'id': 'FI', 'value': 'Finland'}",2019,48358.1807773701
FIN,"{'id': 'FI', 'value': 'Finland'}",2018,49654.2497035329
FIN,"{'id': 'FI', 'value': 'Finland'}",2017,46085.0174739036
FIN,"{'id': 'FI', 'value': 'Finland'}",2016,43451.2562442158
FIN,"{'id': 'FI', 'value': 'Finland'}",2015,42560.3456767103
FRA,"{'id': 'FR', 'value': 'France'}",2024,46103.0840855884
FRA,"{'id': 'FR', 'value': 'France'}",2023,44700.1384177544
FRA,"{'id': 'FR', 'value': 'France'}",2022,40988.6396406579
FRA,"{'id': 'FR', 'value': 'France'}",2021,43725.0999521245
FRA,"{'id': 'FR', 'value': 'France'}",2020,39169.8606000707
FRA,"{'id': 'FR', 'value': 'France'}",2019,40408.2848574751
FRA,"{'id': 'FR', 'value': 'France'}",2018,41418.1766484844
FRA,"{'id': 'FR', 'value': 'France'}",2017,38687.1626407164
FRA,"{'id': 'FR', 'value': 'France'}",2016,37024.2157133669
FRA,"{'id': 'FR', 'value': 'France'}",2015,36702.4323733379
PYF,"{'id': 'PF', 'value': 'French Polynesia'}",2024,22439.8838746025
PYF,"{'id': 'PF', 'value': 'French Polynesia'}",2023,21832.2831795569
PYF,"{'id': 'PF', 'value': 'French Polynesia'}",2022,20053.9569369322
PYF,"{'id': 'PF', 'value': 'French Polynesia'}",2021,21426.3854449835
PYF,"{'id': 'PF', 'value': 'French Polynesia'}",2020,19966.4838503859
PYF,"{'id': 'PF', 'value': 'French Polynesia'}",2019,21582.5892046801
PYF,"{'id': 'PF', 'value': 'French Polynesia'}",2018,21925.616043938
PYF,"{'id': 'PF', 'value': 'French Polynesia'}",2017,20826.9312492172
PYF,"{'id': 'PF', 'value': 'French Polynesia'}",2016,19690.0775734589
PYF,"{'id': 'PF', 'value': 'French Polynesia'}",2015,19166.9594761931
GAB,"{'id': 'GA', 'value': 'Gabon'}",2024,8230.04311451151
GAB,"{'id': 'GA', 'value': 'Gabon'}",2023,7802.82433276138
GAB,"{'id': 'GA', 'value': 'Gabon'}",2022,8409.2074145028
GAB,"{'id': 'GA', 'value': 'Gabon'}",2021,8181.40914134656
GAB,"{'id': 'GA', 'value': 'Gabon'}",2020,6605.80346077565
GAB,"{'id': 'GA', 'value': 'Gabon'}",2019,7441.1786472281
GAB,"{'id': 'GA', 'value': 'Gabon'}",2018,7624.2775233771
GAB,"{'id': 'GA', 'value': 'Gabon'}",2017,6921.73373135624
GAB,"{'id': 'GA', 'value': 'Gabon'}",2016,6677.07003901644
GAB,"{'id': 'GA', 'value': 'Gabon'}",2015,7047.12654634355
GMB,"{'id': 'GM', 'value': 'Gambia, The'}",2024,871.340291776294
GMB,"{'id': 'GM', 'value': 'Gambia, The'}",2023,883.024111719809
GMB,"{'id': 'GM', 'value': 'Gambia, The'}",2022,836.244875868476
GMB,"{'id': 'GM', 'value': 'Gambia, The'}",2021,781.890925169531
GMB,"{'id': 'GM', 'value': 'Gambia, The'}",2020,720.335143352133
GMB,"{'id': 'GM', 'value': 'Gambia, The'}",2019,738.186751987483
GMB,"{'id': 'GM', 'value': 'Gambia, The'}",2018,696.219806960615
GMB,"{'id': 'GM', 'value': 'Gambia, The'}",2017,642.522641296331
GMB,"{'id': 'GM', 'value': 'Gambia, The'}",2016,650.056501323611
GMB,"{'id': 'GM', 'value': 'Gambia, The'}",2015,619.536364296461
GEO,"{'id': 'GE', 'value': 'Georgia'}",2024,9241.49122313713
GEO,"{'id': 'GE', 'value': 'Georgia'}",2023,8283.66960652261
GEO,"{'id': 'GE', 'value': 'Georgia'}",2022,6729.84659930283
GEO,"{'id': 'GE', 'value': 'Georgia'}",2021,5083.60695484577
GEO,"{'id': 'GE', 'value': 'Georgia'}",2020,4300.85701291207
GEO,"{'id': 'GE', 'value': 'Georgia'}",2019,4741.2832715876
GEO,"{'id': 'GE', 'value': 'Georgia'}",2018,4804.0546040444
GEO,"{'id': 'GE', 'value': 'Georgia'}",2017,4418.75206546679
GEO,"{'id': 'GE', 'value': 'Georgia'}",2016,4143.40125686315
GEO,"{'id': 'GE', 'value': 'Georgia'}",2015,4086.6223465965
DEU,"{'id': 'DE', 'value': 'Germany'}",2024,56103.7323182554
DEU,"{'id': 'DE', 'value': 'Germany'}",2023,54776.7668235491
DEU,"{'id': 'DE', 'value': 'Germany'}",2022,50506.5179638543
DEU,"{'id': 'DE', 'value': 'Germany'}",2021,52349.2459994422
DEU,"{'id': 'DE', 'value': 'Germany'}",2020,47394.8734504469
DEU,"{'id': 'DE', 'value': 'Germany'}",2019,47656.199739747
DEU,"{'id': 'DE', 'value': 'Germany'}",2018,48916.1686612154
DEU,"{'id': 'DE', 'value': 'Germany'}",2017,45553.9341495339
DEU,"{'id': 'DE', 'value': 'Germany'}",2016,42948.9381932694
DEU,"{'id': 'DE', 'value': 'Germany'}",2015,41929.7549110722
GHA,"{'id': 'GH', 'value': 'Ghana'}",2024,2390.77237652715
GHA,"{'id': 'GH', 'value': 'Ghana'}",2023,2383.90410483418
GHA,"{'id': 'GH', 'value': 'Ghana'}",2022,2229.89122647803
GHA,"{'id': 'GH', 'value': 'Ghana'}",2021,2445.18662529344
GHA,"{'id': 'GH', 'value': 'Ghana'}",2020,2195.45481659987
GHA,"{'id': 'GH', 'value': 'Ghana'}",2019,2186.65822682613
GHA,"{'id': 'GH', 'value': 'Ghana'}",2018,2195.32166016377
GHA,"{'id': 'GH', 'value': 'Ghana'}",2017,2012.28662641265
GHA,"{'id': 'GH', 'value': 'Ghana'}",2016,1912.47991339951
GHA,"{'id': 'GH', 'value': 'Ghana'}",2015,1722.77282833606
GIB,"{'id': 'GI', 'value': 'Gibraltar'}",2024,
GIB,"{'id': 'GI', 'value': 'Gibraltar'}",2023,
GIB,"{'id': 'GI', 'value': 'Gibraltar'}",2022,
GIB,"{'id': 'GI', 'value': 'Gibraltar'}",2021,
GIB,"{'id': 'GI', 'value': 'Gibraltar'}",2020,
GIB,"{'id': 'GI', 'value': 'Gibraltar'}",2019,
GIB,"{'id': 'GI', 'value': 'Gibraltar'}",2018,
GIB,"{'id': 'GI', 'value': 'Gibraltar'}",2017,
GIB,"{'id': 'GI', 'value': 'Gibraltar'}",2016,
GIB,"{'id': 'GI', 'value': 'Gibraltar'}",2015,
GRC,"{'id': 'GR', 'value': 'Greece'}",2024,24626.1481858973
GRC,"{'id': 'GR', 'value': 'Greece'}",2023,23343.7103964562
GRC,"{'id': 'GR', 'value': 'Greece'}",2022,20886.5243087629
GRC,"{'id': 'GR', 'value': 'Greece'}",2021,20654.7001960815
GRC,"{'id': 'GR', 'value': 'Greece'}",2020,17886.733165236
GRC,"{'id': 'GR', 'value': 'Greece'}",2019,19335.3602002969
GRC,"{'id': 'GR', 'value': 'Greece'}",2018,19873.4015238771
GRC,"{'id': 'GR', 'value': 'Greece'}",2017,18631.9930129293
GRC,"{'id': 'GR', 'value': 'Greece'}",2016,17919.2426377048
GRC,"{'id': 'GR', 'value': 'Greece'}",2015,17980.7298238137
GRL,"{'id': 'GL', 'value': 'Greenland'}",2024,
GRL,"{'id': 'GL', 'value': 'Greenland'}",2023,58498.9707973609
GRL,"{'id': 'GL', 'value': 'Greenland'}",2022,55635.0006491223
GRL,"{'id': 'GL', 'value': 'Greenland'}",2021,58135.9939910203
GRL,"{'id': 'GL', 'value': 'Greenland'}",2020,54812.6661771023
GRL,"{'id': 'GL', 'value': 'Greenland'}",2019,53309.2035905065
GRL,"{'id': 'GL', 'value': 'Greenland'}",2018,54545.135857765
GRL,"{'id': 'GL', 'value': 'Greenland'}",2017,50765.7494665372
GRL,"{'id': 'GL', 'value': 'Greenland'}",2016,48181.7453541266
GRL,"{'id': 'GL', 'value': 'Greenland'}",2015,44536.3549705377
GRD,"{'id': 'GD', 'value': 'Grenada'}",2024,11705.0902976658
GRD,"{'id': 'GD', 'value': 'Grenada'}",2023,11414.4781691181
GRD,"{'id': 'GD', 'value': 'Grenada'}",2022,10469.3867012856
GRD,"{'id': 'GD', 'value': 'Grenada'}",2021,9617.28902905373
GRD,"{'id': 'GD', 'value': 'Grenada'}",2020,8968.55890108484
GRD,"{'id': 'GD', 'value': 'Grenada'}",2019,10462.7929159533
GRD,"{'id': 'GD', 'value': 'Grenada'}",2018,10083.021279225
GRD,"{'id': 'GD', 'value': 'Grenada'}",2017,9751.42661155932
GRD,"{'id': 'GD', 'value': 'Grenada'}",2016,9221.23461079424
GRD,"{'id': 'GD', 'value': 'Grenada'}",2015,8694.12438005692
GUM,"{'id': 'GU', 'value': 'Guam'}",2024,
GUM,"{'id': 'GU', 'value': 'Guam'}",2023,
GUM,"{'id': 'GU', 'value': 'Guam'}",2022,41833.1517132825
GUM,"{'id': 'GU', 'value': 'Guam'}",2021,38074.8793745801
GUM,"{'id': 'GU', 'value': 'Guam'}",2020,36482.9363953675
GUM,"{'id': 'GU', 'value': 'Guam'}",2019,39274.9431424899
GUM,"{'id': 'GU', 'value': 'Guam'}",2018,37195.9503070464
GUM,"{'id': 'GU', 'value': 'Guam'}",2017,36779.0078903909
GUM,"{'id': 'GU', 'value': 'Guam'}",2016,35930.6594898711
GUM,"{'id': 'GU', 'value': 'Guam'}",2015,35165.7014644795
GTM,"{'id': 'GT', 'value': 'Guatemala'}",2024,6150.02571438505
GTM,"{'id': 'GT', 'value': 'Guatemala'}",2023,5758.32760847852
GTM,"{'id': 'GT', 'value': 'Guatemala'}",2022,5358.70156997677
GTM,"{'id': 'GT', 'value': 'Guatemala'}",2021,4912.62240414681
GTM,"{'id': 'GT', 'value': 'Guatemala'}",2020,4477.61785000665
GTM,"{'id': 'GT', 'value': 'Guatemala'}",2019,4511.99839552697
GTM,"{'id': 'GT', 'value': 'Guatemala'}",2018,4352.94593289707
GTM,"{'id': 'GT', 'value': 'Guatemala'}",2017,4324.99768915601
GTM,"{'id': 'GT', 'value': 'Guatemala'}",2016,4060.13784737643
GTM,"{'id': 'GT', 'value': 'Guatemala'}",2015,3893.50533299068
GIN,"{'id': 'GN', 'value': 'Guinea'}",2024,1694.95375862193
GIN,"{'id': 'GN', 'value': 'Guinea'}",2023,1555.49375806861
GIN,"{'id': 'GN', 'value': 'Guinea'}",2022,1416.59612011764
GIN,"{'id': 'GN', 'value': 'Guinea'}",2021,1244.96550477914
GIN,"{'id': 'GN', 'value': 'Guinea'}",2020,1053.66097696415
GIN,"{'id': 'GN', 'value': 'Guinea'}",2019,1031.34146480732
GIN,"{'id': 'GN', 'value': 'Guinea'}",2018,933.273615633705
GIN,"{'id': 'GN', 'value': 'Guinea'}",2017,833.598621691121
GIN,"{'id': 'GN', 'value': 'Guinea'}",2016,711.996509782316
GIN,"{'id': 'GN', 'value': 'Guinea'}",2015,747.356966759448
GNB,"{'id': 'GW', 'value': 'Guinea-Bissau'}",2024,1007.74151728028
GNB,"{'id': 'GW', 'value': 'Guinea-Bissau'}",2023,988.087886357022
GNB,"{'id': 'GW', 'value': 'Guinea-Bissau'}",2022,883.199131457831
GNB,"{'id': 'GW', 'value': 'Guinea-Bissau'}",2021,926.780921081233
GNB,"{'id': 'GW', 'value': 'Guinea-Bissau'}",2020,846.915855715971
GNB,"{'id': 'GW', 'value': 'Guinea-Bissau'}",2019,811.216425885129
GNB,"{'id': 'GW', 'value': 'Guinea-Bissau'}",2018,808.531613218504
GNB,"{'id': 'GW', 'value': 'Guinea-Bissau'}",2017,783.123186602022
GNB,"{'id': 'GW', 'value': 'Guinea-Bissau'}",2016,679.665386626818
GNB,"{'id': 'GW', 'value': 'Guinea-Bissau'}",2015,645.066837207039
GUY,"{'id': 'GY', 'value': 'Guyana'}",2024,29675.2443873316
GUY,"{'id': 'GY', 'value': 'Guyana'}",2023,20473.7002190617
GUY,"{'id': 'GY', 'value': 'Guyana'}",2022,17913.4928066879
GUY,"{'id': 'GY', 'value': 'Guyana'}",2021,9860.87014834386
GUY,"{'id': 'GY', 'value': 'Guyana'}",2020,6775.70939096303
GUY,"{'id': 'GY', 'value': 'Guyana'}",2019,6405.82443444562
GUY,"{'id': 'GY', 'value': 'Guyana'}",2018,6048.38697180418
GUY,"{'id': 'GY', 'value': 'Guyana'}",2017,6178.6650437298
GUY,"{'id': 'GY', 'value': 'Guyana'}",2016,5870.87823759835
GUY,"{'id': 'GY', 'value': 'Guyana'}",2015,5640.41560569466
HTI,"{'id': 'HT', 'value': 'Haiti'}",2024,2142.62330526788
HTI,"{'id': 'HT', 'value': 'Haiti'}",2023,1705.75808460999
HTI,"{'id': 'HT', 'value': 'Haiti'}",2022,1760.62635668777
HTI,"{'id': 'HT', 'value': 'Haiti'}",2021,1841.33189337222
HTI,"{'id': 'HT', 'value': 'Haiti'}",2020,1290.32538667383
HTI,"{'id': 'HT', 'value': 'Haiti'}",2019,1352.17204191532
HTI,"{'id': 'HT', 'value': 'Haiti'}",2018,1496.38048970156
HTI,"{'id': 'HT', 'value': 'Haiti'}",2017,1395.23945184461
HTI,"{'id': 'HT', 'value': 'Haiti'}",2016,1318.40268167953
HTI,"{'id': 'HT', 'value': 'Haiti'}",2015,1411.12684746796
HND,"{'id': 'HN', 'value': 'Honduras'}",2024,3426.43483328923
HND,"{'id': 'HN', 'value': 'Honduras'}",2023,3227.45762509776
HND,"{'id': 'HN', 'value': 'Honduras'}",2022,3003.28996826399
HND,"{'id': 'HN', 'value': 'Honduras'}",2021,2735.14751503977
HND,"{'id': 'HN', 'value': 'Honduras'}",2020,2307.61494319511
HND,"{'id': 'HN', 'value': 'Honduras'}",2019,2502.32744328073
HND,"{'id': 'HN', 'value': 'Honduras'}",2018,2464.64241531918
HND,"{'id': 'HN', 'value': 'Honduras'}",2017,2413.0076562942
HND,"{'id': 'HN', 'value': 'Honduras'}",2016,2307.34468351082
HND,"{'id': 'HN', 'value': 'Honduras'}",2015,2271.20265980349
HKG,"{'id': 'HK', 'value': 'Hong Kong SAR, China'}",2024,54074.6928519479
HKG,"{'id': 'HK', 'value': 'Hong Kong SAR, China'}",2023,50562.3633144379
HKG,"{'id': 'HK', 'value': 'Hong Kong SAR, China'}",2022,48825.8441873536
HKG,"{'id': 'HK', 'value': 'Hong Kong SAR, China'}",2021,49770.5642374739
HKG,"{'id': 'HK', 'value': 'Hong Kong SAR, China'}",2020,46109.2299946609
HKG,"{'id': 'HK', 'value': 'Hong Kong SAR, China'}",2019,48359.0011950597
HKG,"{'id': 'HK', 'value': 'Hong Kong SAR, China'}",2018,48537.5668888343
HKG,"{'id': 'HK', 'value': 'Hong Kong SAR, China'}",2017,46160.429791493
HKG,"{'id': 'HK', 'value': 'Hong Kong SAR, China'}",2016,43734.1980702999
HKG,"{'id': 'HK', 'value': 'Hong Kong SAR, China'}",2015,42432.1619740441
HUN,"{'id': 'HU', 'value': 'Hungary'}",2024,23292.3263882478
HUN,"{'id': 'HU', 'value': 'Hungary'}",2023,22230.6277875187
HUN,"{'id': 'HU', 'value': 'Hungary'}",2022,18428.028825614
HUN,"{'id': 'HU', 'value': 'Hungary'}",2021,19030.628130329
HUN,"{'id': 'HU', 'value': 'Hungary'}",2020,16386.9308821258
HUN,"{'id': 'HU', 'value': 'Hungary'}",2019,17012.8598553199
HUN,"{'id': 'HU', 'value': 'Hungary'}",2018,16605.0570511887
HUN,"{'id': 'HU', 'value': 'Hungary'}",2017,14736.1668157258
HUN,"{'id': 'HU', 'value': 'Hungary'}",2016,13215.8605277789
HUN,"{'id': 'HU', 'value': 'Hungary'}",2015,12782.9412577973
ISL,"{'id': 'IS', 'value': 'Iceland'}",2024,86040.5309851288
ISL,"{'id': 'IS', 'value': 'Iceland'}",2023,82138.7892973557
ISL,"{'id': 'IS', 'value': 'Iceland'}",2022,76350.4550416502
ISL,"{'id': 'IS', 'value': 'Iceland'}",2021,70425.4064277273
ISL,"{'id': 'IS', 'value': 'Iceland'}",2020,60127.9393575616
ISL,"{'id': 'IS', 'value': 'Iceland'}",2019,69296.3144361601
ISL,"{'id': 'IS', 'value': 'Iceland'}",2018,75633.8651351915
ISL,"{'id': 'IS', 'value': 'Iceland'}",2017,72976.3729990975
ISL,"{'id': 'IS', 'value': 'Iceland'}",2016,62854.0906407932
ISL,"{'id': 'IS', 'value': 'Iceland'}",2015,53505.6964079339
IND,"{'id': 'IN', 'value': 'India'}",2024,2694.73780859961
IND,"{'id': 'IN', 'value': 'India'}",2023,2530.12031278204
IND,"{'id': 'IN', 'value': 'India'}",2022,2347.44829434623
IND,"{'id': 'IN', 'value': 'India'}",2021,2239.61384367482
IND,"{'id': 'IN', 'value': 'India'}",2020,1907.04251637669
IND,"{'id': 'IN', 'value': 'India'}",2019,2041.42863698585
IND,"{'id': 'IN', 'value': 'India'}",2018,1966.25455171679
IND,"{'id': 'IN', 'value': 'India'}",2017,1950.10468280866
IND,"{'id': 'IN', 'value': 'India'}",2016,1707.50892912243
IND,"{'id': 'IN', 'value': 'India'}",2015,1583.99815907985
IDN,"{'id': 'ID', 'value': 'Indonesia'}",2024,4925.43048751861
IDN,"{'id': 'ID', 'value': 'Indonesia'}",2023,4876.30774512252
IDN,"{'id': 'ID', 'value': 'Indonesia'}",2022,4730.83484836107
IDN,"{'id': 'ID', 'value': 'Indonesia'}",2021,4287.17313995098
IDN,"{'id': 'ID', 'value': 'Indonesia'}",2020,3853.70288774146
IDN,"{'id': 'ID', 'value': 'Indonesia'}",2019,4106.94856160358
IDN,"{'id': 'ID', 'value': 'Indonesia'}",2018,3860.95353090726
IDN,"{'id': 'ID', 'value': 'Indonesia'}",2017,3798.88326174526
IDN,"{'id': 'ID', 'value': 'Indonesia'}",2016,3521.46943457574
IDN,"{'id': 'ID', 'value': 'Indonesia'}",2015,3288.22269725538
IRN,"{'id': 'IR', 'value': 'Iran, Islamic Rep.'}",2024,5190.16959024821
IRN,"{'id': 'IR', 'value': 'Iran, Islamic Rep.'}",2023,5049.29931642754
IRN,"{'id': 'IR', 'value': 'Iran, Islamic Rep.'}",2022,4721.20437099984
IRN,"{'id': 'IR', 'value': 'Iran, Islamic Rep.'}",2021,4605.14881318992
IRN,"{'id': 'IR', 'value': 'Iran, Islamic Rep.'}",2020,3202.50003502169
IRN,"{'id': 'IR', 'value': 'Iran, Islamic Rep.'}",2019,3997.4935449585
IRN,"{'id': 'IR', 'value': 'Iran, Islamic Rep.'}",2018,4783.01067340237
IRN,"{'id': 'IR', 'value': 'Iran, Islamic Rep.'}",2017,6000.93346404409
IRN,"{'id': 'IR', 'value': 'Iran, Islamic Rep.'}",2016,5710.59947089104
IRN,"{'id': 'IR', 'value': 'Iran, Islamic Rep.'}",2015,4952.73355532178
IRQ,"{'id': 'IQ', 'value': 'Iraq'}",2024,6073.61032342708
IRQ,"{'id': 'IQ', 'value': 'Iraq'}",2023,5965.31835077761
IRQ,"{'id': 'IQ', 'value': 'Iraq'}",2022,6520.73154560584
IRQ,"{'id': 'IQ', 'value': 'Iraq'}",2021,4868.49431080783
IRQ,"{'id': 'IQ', 'value': 'Iraq'}",2020,4295.18945121228
IRQ,"{'id': 'IQ', 'value': 'Iraq'}",2019,5671.8568632942
IRQ,"{'id': 'IQ', 'value': 'Iraq'}",2018,5646.68932074742
IRQ,"{'id': 'IQ', 'value': 'Iraq'}",2017,4759.2846435467
IRQ,"{'id': 'IQ', 'value': 'Iraq'}",2016,4334.42096404188
IRQ,"{'id': 'IQ', 'value': 'Iraq'}",2015,4440.14189252367
IRL,"{'id': 'IE', 'value': 'Ireland'}",2024,112894.953240805
IRL,"{'id': 'IE', 'value': 'Ireland'}",2023,106818.917130804
IRL,"{'id': 'IE', 'value': 'Ireland'}",2022,105190.685952731
IRL,"{'id': 'IE', 'value': 'Ireland'}",2021,103783.446284479
IRL,"{'id': 'IE', 'value': 'Ireland'}",2020,86514.0706108754
IRL,"{'id': 'IE', 'value': 'Ireland'}",2019,81827.6688873996
IRL,"{'id': 'IE', 'value': 'Ireland'}",2018,80804.1123164826
IRL,"{'id': 'IE', 'value': 'Ireland'}",2017,72161.4047531385
IRL,"{'id': 'IE', 'value': 'Ireland'}",2016,64129.5571542383
IRL,"{'id': 'IE', 'value': 'Ireland'}",2015,64250.1385181257
IMN,"{'id': 'IM', 'value': 'Isle of Man'}",2024,
IMN,"{'id': 'IM', 'value': 'Isle of Man'}",2023,
IMN,"{'id': 'IM', 'value': 'Isle of Man'}",2022,88328.548125887
IMN,"{'id': 'IM', 'value': 'Isle of Man'}",2021,94299.969348965
IMN,"{'id': 'IM', 'value': 'Isle of Man'}",2020,79513.5330346598
IMN,"{'id': 'IM', 'value': 'Isle of Man'}",2019,87127.5517977404
IMN,"{'id': 'IM', 'value': 'Isle of Man'}",2018,89393.8244248812
IMN,"{'id': 'IM', 'value': 'Isle of Man'}",2017,83481.3038489014
IMN,"{'id': 'IM', 'value': 'Isle of Man'}",2016,82025.9454509241
IMN,"{'id': 'IM', 'value': 'Isle of Man'}",2015,84753.5187422732
ISR,"{'id': 'IL', 'value': 'Israel'}",2024,54176.6844383302
ISR,"{'id': 'IL', 'value': 'Israel'}",2023,52003.7200729997
ISR,"{'id': 'IL', 'value': 'Israel'}",2022,54949.621556429
ISR,"{'id': 'IL', 'value': 'Israel'}",2021,52270.9040241956
ISR,"{'id': 'IL', 'value': 'Israel'}",2020,44575.5719045492
ISR,"{'id': 'IL', 'value': 'Israel'}",2019,44250.6313628073
ISR,"{'id': 'IL', 'value': 'Israel'}",2018,42362.6652754196
ISR,"{'id': 'IL', 'value': 'Israel'}",2017,41138.470964272
ISR,"{'id': 'IL', 'value': 'Israel'}",2016,37671.5389138798
ISR,"{'id': 'IL', 'value': 'Israel'}",2015,36213.1041481958
ITA,"{'id': 'IT', 'value': 'Italy'}",2024,40385.3413957669
ITA,"{'id': 'IT', 'value': 'Italy'}",2023,39277.0838783918
ITA,"{'id': 'IT', 'value': 'Italy'}",2022,35653.9042103495
ITA,"{'id': 'IT', 'value': 'Italy'}",2021,36852.5425414951
ITA,"{'id': 'IT', 'value': 'Italy'}",2020,32091.4866621366
ITA,"{'id': 'IT', 'value': 'Italy'}",2019,33812.788724868
ITA,"{'id': 'IT', 'value': 'Italy'}",2018,34904.1081923834
ITA,"{'id': 'IT', 'value': 'Italy'}",2017,32844.115660604
ITA,"{'id': 'IT', 'value': 'Italy'}",2016,31391.5692898108
ITA,"{'id': 'IT', 'value': 'Italy'}",2015,30639.8829751432
JAM,"{'id': 'JM', 'value': 'Jamaica'}",2024,7753.8006955432
JAM,"{'id': 'JM', 'value': 'Jamaica'}",2023,7542.40084275345
JAM,"{'id': 'JM', 'value': 'Jamaica'}",2022,6626.47502388538
JAM,"{'id': 'JM', 'value': 'Jamaica'}",2021,5625.67806271236
JAM,"{'id': 'JM', 'value': 'Jamaica'}",2020,5299.04530804283
JAM,"{'id': 'JM', 'value': 'Jamaica'}",2019,6030.68896415921
JAM,"{'id': 'JM', 'value': 'Jamaica'}",2018,5976.90362644337
JAM,"{'id': 'JM', 'value': 'Jamaica'}",2017,5605.43541173019
JAM,"{'id': 'JM', 'value': 'Jamaica'}",2016,5302.29553353854
JAM,"{'id': 'JM', 'value': 'Jamaica'}",2015,5339.30718256806
JPN,"{'id': 'JP', 'value': 'Japan'}",2024,32487.0778047567
JPN,"{'id': 'JP', 'value': 'Japan'}",2023,33836.1756271617
JPN,"{'id': 'JP', 'value': 'Japan'}",2022,34065.6438962526
JPN,"{'id': 'JP', 'value': 'Japan'}",2021,40094.5599795288
JPN,"{'id': 'JP', 'value': 'Japan'}",2020,40028.7341726762
JPN,"{'id': 'JP', 'value': 'Japan'}",2019,40415.9567649547
JPN,"{'id': 'JP', 'value': 'Japan'}",2018,39751.1330982711
JPN,"{'id': 'JP', 'value': 'Japan'}",2017,38834.0529341227
JPN,"{'id': 'JP', 'value': 'Japan'}",2016,39375.4731620781
JPN,"{'id': 'JP', 'value': 'Japan'}",2015,34960.6393843385
JOR,"{'id': 'JO', 'value': 'Jordan'}",2024,4618.09592498567
JOR,"{'id': 'JO', 'value': 'Jordan'}",2023,4466.08314208575
JOR,"{'id': 'JO', 'value': 'Jordan'}",2022,4332.25159897931
JOR,"{'id': 'JO', 'value': 'Jordan'}",2021,4183.49998326866
JOR,"{'id': 'JO', 'value': 'Jordan'}",2020,4022.0401356135
JOR,"{'id': 'JO', 'value': 'Jordan'}",2019,4170.1144003465
JOR,"{'id': 'JO', 'value': 'Jordan'}",2018,4145.43989673265
JOR,"{'id': 'JO', 'value': 'Jordan'}",2017,4065.61628749384
JOR,"{'id': 'JO', 'value': 'Jordan'}",2016,3986.71677010853
JOR,"{'id': 'JO', 'value': 'Jordan'}",2015,4042.75678097555
KAZ,"{'id': 'KZ', 'value': 'Kazakhstan'}",2024,14154.6324958076
KAZ,"{'id': 'KZ', 'value': 'Kazakhstan'}",2023,12879.4275257974
KAZ,"{'id': 'KZ', 'value': 'Kazakhstan'}",2022,11255.3396437881
KAZ,"{'id': 'KZ', 'value': 'Kazakhstan'}",2021,9983.60103576902
KAZ,"{'id': 'KZ', 'value': 'Kazakhstan'}",2020,8781.50797787648
KAZ,"{'id': 'KZ', 'value': 'Kazakhstan'}",2019,9457.12614657136
KAZ,"{'id': 'KZ', 'value': 'Kazakhstan'}",2018,9472.48527327758
KAZ,"{'id': 'KZ', 'value': 'Kazakhstan'}",2017,8943.08416791984
KAZ,"{'id': 'KZ', 'value': 'Kazakhstan'}",2016,7475.56688689424
KAZ,"{'id': 'KZ', 'value': 'Kazakhstan'}",2015,10196.1226255982
KEN,"{'id': 'KE', 'value': 'Kenya'}",2024,2132.43452097647
KEN,"{'id': 'KE', 'value': 'Kenya'}",2023,1942.58802756191
KEN,"{'id': 'KE', 'value': 'Kenya'}",2022,2109.56288513137
KEN,"{'id': 'KE', 'value': 'Kenya'}",2021,2061.35622089594
KEN,"{'id': 'KE', 'value': 'Kenya'}",2020,1927.66459027849
KEN,"{'id': 'KE', 'value': 'Kenya'}",2019,1960.40808854893
KEN,"{'id': 'KE', 'value': 'Kenya'}",2018,1836.45275528993
KEN,"{'id': 'KE', 'value': 'Kenya'}",2017,1667.48447230835
KEN,"{'id': 'KE', 'value': 'Kenya'}",2016,1554.12610314423
KEN,"{'id': 'KE', 'value': 'Kenya'}",2015,1489.11959777284
KIR,"{'id': 'KI', 'value': 'Kiribati'}",2024,2288.63471423684
KIR,"{'id': 'KI', 'value': 'Kiribati'}",2023,2177.70125812262
KIR,"{'id': 'KI', 'value': 'Kiribati'}",2022,2069.7671726925
KIR,"{'id': 'KI', 'value': 'Kiribati'}",2021,2222.04819501897
KIR,"{'id': 'KI', 'value': 'Kiribati'}",2020,1751.78249168214
KIR,"{'id': 'KI', 'value': 'Kiribati'}",2019,1750.9977188915
KIR,"{'id': 'KI', 'value': 'Kiribati'}",2018,1912.73809378187
KIR,"{'id': 'KI', 'value': 'Kiribati'}",2017,1853.05122713319
KIR,"{'id': 'KI', 'value': 'Kiribati'}",2016,1742.66799324117
KIR,"{'id': 'KI', 'value': 'Kiribati'}",2015,1639.85274740652
PRK,"{'id': 'KP', 'value': ""Korea, Dem. People's Rep.""}",2024,
PRK,"{'id': 'KP', 'value': ""Korea, Dem. People's Rep.""}",2023,
PRK,"{'id': 'KP', 'value': ""Korea, Dem. People's Rep.""}",2022,
PRK,"{'id': 'KP', 'value': ""Korea, Dem. People's Rep.""}",2021,
PRK,"{'id': 'KP', 'value': ""Korea, Dem. People's Rep.""}",2020,
PRK,"{'id': 'KP', 'value': ""Korea, Dem. People's Rep.""}",2019,
PRK,"{'id': 'KP', 'value': ""Korea, Dem. People's Rep.""}",2018,
PRK,"{'id': 'KP', 'value': ""Korea, Dem. People's Rep.""}",2017,
PRK,"{'id': 'KP', 'value': ""Korea, Dem. People's Rep.""}",2016,
PRK,"{'id': 'KP', 'value': ""Korea, Dem. People's Rep.""}",2015,
KOR,"{'id': 'KR', 'value': 'Korea, Rep.'}",2024,36238.639908315
KOR,"{'id': 'KR', 'value': 'Korea, Rep.'}",2023,35674.095995632
KOR,"{'id': 'KR', 'value': 'Korea, Rep.'}",2022,34822.4048404971
KOR,"{'id': 'KR', 'value': 'Korea, Rep.'}",2021,37518.4635305697
KOR,"{'id': 'KR', 'value': 'Korea, Rep.'}",2020,33645.7719545073
KOR,"{'id': 'KR', 'value': 'Korea, Rep.'}",2019,33826.9443301597
KOR,"{'id': 'KR', 'value': 'Korea, Rep.'}",2018,35363.9508228687
KOR,"{'id': 'KR', 'value': 'Korea, Rep.'}",2017,33296.9845439195
KOR,"{'id': 'KR', 'value': 'Korea, Rep.'}",2016,30832.0628072516
KOR,"{'id': 'KR', 'value': 'Korea, Rep.'}",2015,30171.7906545222
XKX,"{'id': 'XK', 'value': 'Kosovo'}",2024,7023.06598512878
XKX,"{'id': 'XK', 'value': 'Kosovo'}",2023,6221.20618847799
XKX,"{'id': 'XK', 'value': 'Kosovo'}",2022,5290.95006509706
XKX,"{'id': 'XK', 'value': 'Kosovo'}",2021,5270.43236861018
XKX,"{'id': 'XK', 'value': 'Kosovo'}",2020,4310.88963754863
XKX,"{'id': 'XK', 'value': 'Kosovo'}",2019,4415.99923011071
XKX,"{'id': 'XK', 'value': 'Kosovo'}",2018,4384.18796444738
XKX,"{'id': 'XK', 'value': 'Kosovo'}",2017,4009.32022050863
XKX,"{'id': 'XK', 'value': 'Kosovo'}",2016,3759.44959067104
XKX,"{'id': 'XK', 'value': 'Kosovo'}",2015,3520.62850699375
KWT,"{'id': 'KW', 'value': 'Kuwait'}",2024,32717.7186631255
KWT,"{'id': 'KW', 'value': 'Kuwait'}",2023,34075.849012909
KWT,"{'id': 'KW', 'value': 'Kuwait'}",2022,39981.7691035833
KWT,"{'id': 'KW', 'value': 'Kuwait'}",2021,34018.6342592913
KWT,"{'id': 'KW', 'value': 'Kuwait'}",2020,25236.0755848941
KWT,"{'id': 'KW', 'value': 'Kuwait'}",2019,31707.8737443551
KWT,"{'id': 'KW', 'value': 'Kuwait'}",2018,32067.9623756889
KWT,"{'id': 'KW', 'value': 'Kuwait'}",2017,29047.6536135703
KWT,"{'id': 'KW', 'value': 'Kuwait'}",2016,27323.6890735517
KWT,"{'id': 'KW', 'value': 'Kuwait'}",2015,29882.2126495698
KGZ,"{'id': 'KG', 'value': 'Kyrgyz Republic'}",2024,2420.18542283831
KGZ,"{'id': 'KG', 'value': 'Kyrgyz Republic'}",2023,2138.22210211478
KGZ,"{'id': 'KG', 'value': 'Kyrgyz Republic'}",2022,1739.72018344174
KGZ,"{'id': 'KG', 'value': 'Kyrgyz Republic'}",2021,1349.99730650542
KGZ,"{'id': 'KG', 'value': 'Kyrgyz Republic'}",2020,1229.51766602907
KGZ,"{'id': 'KG', 'value': 'Kyrgyz Republic'}",2019,1421.99927504102
KGZ,"{'id': 'KG', 'value': 'Kyrgyz Republic'}",2018,1283.5203037417
KGZ,"{'id': 'KG', 'value': 'Kyrgyz Republic'}",2017,1221.39046807082
KGZ,"{'id': 'KG', 'value': 'Kyrgyz Republic'}",2016,1103.27489428412
KGZ,"{'id': 'KG', 'value': 'Kyrgyz Republic'}",2015,1105.65193844261
LAO,"{'id': 'LA', 'value': 'Lao PDR'}",2024,2123.97909415109
LAO,"{'id': 'LA', 'value': 'Lao PDR'}",2023,2066.94979776957
LAO,"{'id': 'LA', 'value': 'Lao PDR'}",2022,2046.40440255621
LAO,"{'id': 'LA', 'value': 'Lao PDR'}",2021,2526.05105018529
LAO,"{'id': 'LA', 'value': 'Lao PDR'}",2020,2583.77730696131
LAO,"{'id': 'LA', 'value': 'Lao PDR'}",2019,2589.32081035237
LAO,"{'id': 'LA', 'value': 'Lao PDR'}",2018,2545.1075420815
LAO,"{'id': 'LA', 'value': 'Lao PDR'}",2017,2432.43059478511
LAO,"{'id': 'LA', 'value': 'Lao PDR'}",2016,2303.22156035363
LAO,"{'id': 'LA', 'value': 'Lao PDR'}",2015,2121.01339097363
LVA,"{'id': 'LV', 'value': 'Latvia'}",2024,23409.0845154775
LVA,"{'id': 'LV', 'value': 'Latvia'}",2023,22710.2637544197
LVA,"{'id': 'LV', 'value': 'Latvia'}",2022,20221.103686109
LVA,"{'id': 'LV', 'value': 'Latvia'}",2021,20261.8887788916
LVA,"{'id': 'LV', 'value': 'Latvia'}",2020,17564.2321549354
LVA,"{'id': 'LV', 'value': 'Latvia'}",2019,17294.9751600969
LVA,"{'id': 'LV', 'value': 'Latvia'}",2018,17252.1710428626
LVA,"{'id': 'LV', 'value': 'Latvia'}",2017,15132.4958333982
LVA,"{'id': 'LV', 'value': 'Latvia'}",2016,13838.5266823272
LVA,"{'id': 'LV', 'value': 'Latvia'}",2015,13321.9753140616
LBN,"{'id': 'LB', 'value': 'Lebanon'}",2024,
LBN,"{'id': 'LB', 'value': 'Lebanon'}",2023,3477.72489842684
LBN,"{'id': 'LB', 'value': 'Lebanon'}",2022,3654.35845534878
LBN,"{'id': 'LB', 'value': 'Lebanon'}",2021,4045.37391066234
LBN,"{'id': 'LB', 'value': 'Lebanon'}",2020,5561.19166950397
LBN,"{'id': 'LB', 'value': 'Lebanon'}",2019,8905.88005497437
LBN,"{'id': 'LB', 'value': 'Lebanon'}",2018,9174.53666204759
LBN,"{'id': 'LB', 'value': 'Lebanon'}",2017,8608.21084982387
LBN,"{'id': 'LB', 'value': 'Lebanon'}",2016,8089.012088155
LBN,"{'id': 'LB', 'value': 'Lebanon'}",2015,7714.1099998804
LSO,"{'id': 'LS', 'value': 'Lesotho'}",2024,971.90771824829
LSO,"{'id': 'LS', 'value': 'Lesotho'}",2023,916.282976983803
LSO,"{'id': 'LS', 'value': 'Lesotho'}",2022,1030.12582947757
LSO,"{'id': 'LS', 'value': 'Lesotho'}",2021,1066.58645143823
LSO,"{'id': 'LS', 'value': 'Lesotho'}",2020,918.582574704447
LSO,"{'id': 'LS', 'value': 'Lesotho'}",2019,1082.05706777516
LSO,"{'id': 'LS', 'value': 'Lesotho'}",2018,1170.65569702819
LSO,"{'id': 'LS', 'value': 'Lesotho'}",2017,1069.36673247542
LSO,"{'id': 'LS', 'value': 'Lesotho'}",2016,992.491840678465
LSO,"{'id': 'LS', 'value': 'Lesotho'}",2015,1121.19851342518
LBR,"{'id': 'LR', 'value': 'Liberia'}",2024,851.497723870206
LBR,"{'id': 'LR', 'value': 'Liberia'}",2023,799.194470229642
LBR,"{'id': 'LR', 'value': 'Liberia'}",2022,744.617175237387
LBR,"{'id': 'LR', 'value': 'Liberia'}",2021,667.96610514319
LBR,"{'id': 'LR', 'value': 'Liberia'}",2020,616.787867006715
LBR,"{'id': 'LR', 'value': 'Liberia'}",2019,658.164180770507
LBR,"{'id': 'LR', 'value': 'Liberia'}",2018,692.203127129794
LBR,"{'id': 'LR', 'value': 'Liberia'}",2017,699.269095727404
LBR,"{'id': 'LR', 'value': 'Liberia'}",2016,714.613063145659
LBR,"{'id': 'LR', 'value': 'Liberia'}",2015,692.590082351257
LBY,"{'id': 'LY', 'value': 'Libya'}",2024,6569.16408678648
LBY,"{'id': 'LY', 'value': 'Libya'}",2023,6026.51518708812
LBY,"{'id': 'LY', 'value': 'Libya'}",2022,5986.63694851258
LBY,"{'id': 'LY', 'value': 'Libya'}",2021,4935.82787349801
LBY,"{'id': 'LY', 'value': 'Libya'}",2020,6650.33810585348
LBY,"{'id': 'LY', 'value': 'Libya'}",2019,9963.19489084483
LBY,"{'id': 'LY', 'value': 'Libya'}",2018,11196.5854810844
LBY,"{'id': 'LY', 'value': 'Libya'}",2017,9965.83236729757
LBY,"{'id': 'LY', 'value': 'Libya'}",2016,7525.80299308216
LBY,"{'id': 'LY', 'value': 'Libya'}",2015,7458.48917756374
LIE,"{'id': 'LI', 'value': 'Liechtenstein'}",2024,
LIE,"{'id': 'LI', 'value': 'Liechtenstein'}",2023,206780.590353385
LIE,"{'id': 'LI', 'value': 'Liechtenstein'}",2022,188055.003235348
LIE,"{'id': 'LI', 'value': 'Liechtenstein'}",2021,201944.830335076
LIE,"{'id': 'LI', 'value': 'Liechtenstein'}",2020,164671.093553454
LIE,"{'id': 'LI', 'value': 'Liechtenstein'}",2019,166907.839305016
LIE,"{'id': 'LI', 'value': 'Liechtenstein'}",2018,174988.775083446
LIE,"{'id': 'LI', 'value': 'Liechtenstein'}",2017,170547.092298954
LIE,"{'id': 'LI', 'value': 'Liechtenstein'}",2016,165375.491396259
LIE,"{'id': 'LI', 'value': 'Liechtenstein'}",2015,167187.15730982
LTU,"{'id': 'LT', 'value': 'Lithuania'}",2024,29384.0189598663
LTU,"{'id': 'LT', 'value': 'Lithuania'}",2023,27786.0057829276
LTU,"{'id': 'LT', 'value': 'Lithuania'}",2022,25085.784063499
LTU,"{'id': 'LT', 'value': 'Lithuania'}",2021,23870.4594851722
LTU,"{'id': 'LT', 'value': 'Lithuania'}",2020,20428.6478157394
LTU,"{'id': 'LT', 'value': 'Lithuania'}",2019,19608.7943945553
LTU,"{'id': 'LT', 'value': 'Lithuania'}",2018,19247.2315367967
LTU,"{'id': 'LT', 'value': 'Lithuania'}",2017,16800.1510246099
LTU,"{'id': 'LT', 'value': 'Lithuania'}",2016,14934.2702840428
LTU,"{'id': 'LT', 'value': 'Lithuania'}",2015,14269.8039878287
LUX,"{'id': 'LU', 'value': 'Luxembourg'}",2024,137781.681659123
LUX,"{'id': 'LU', 'value': 'Luxembourg'}",2023,133230.619178899
LUX,"{'id': 'LU', 'value': 'Luxembourg'}",2022,123719.658915996
LUX,"{'id': 'LU', 'value': 'Luxembourg'}",2021,134965.815442152
LUX,"{'id': 'LU', 'value': 'Luxembourg'}",2020,116860.02817236
LUX,"{'id': 'LU', 'value': 'Luxembourg'}",2019,112696.649059674
LUX,"{'id': 'LU', 'value': 'Luxembourg'}",2018,116926.759593905
LUX,"{'id': 'LU', 'value': 'Luxembourg'}",2017,110193.213797228
LUX,"{'id': 'LU', 'value': 'Luxembourg'}",2016,106899.293549552
LUX,"{'id': 'LU', 'value': 'Luxembourg'}",2015,105462.012584423
MAC,"{'id': 'MO', 'value': 'Macao SAR, China'}",2024,72004.7437020733
MAC,"{'id': 'MO', 'value': 'Macao SAR, China'}",2023,67216.3631112124
MAC,"{'id': 'MO', 'value': 'Macao SAR, China'}",2022,36806.891255461
MAC,"{'id': 'MO', 'value': 'Macao SAR, China'}",2021,44884.8961602393
MAC,"{'id': 'MO', 'value': 'Macao SAR, China'}",2020,36883.6652578543
MAC,"{'id': 'MO', 'value': 'Macao SAR, China'}",2019,81882.6964523869
MAC,"{'id': 'MO', 'value': 'Macao SAR, China'}",2018,83588.2875009014
MAC,"{'id': 'MO', 'value': 'Macao SAR, China'}",2017,77570.9876166977
MAC,"{'id': 'MO', 'value': 'Macao SAR, China'}",2016,68911.6755919628
MAC,"{'id': 'MO', 'value': 'Macao SAR, China'}",2015,69902.9605741233
MDG,"{'id': 'MG', 'value': 'Madagascar'}",2024,544.987501003384
MDG,"{'id': 'MG', 'value': 'Madagascar'}",2023,508.718427705591
MDG,"{'id': 'MG', 'value': 'Madagascar'}",2022,503.51453347296
MDG,"{'id': 'MG', 'value': 'Madagascar'}",2021,483.469463351195
MDG,"{'id': 'MG', 'value': 'Madagascar'}",2020,450.771615201509
MDG,"{'id': 'MG', 'value': 'Madagascar'}",2019,499.818837622534
MDG,"{'id': 'MG', 'value': 'Madagascar'}",2018,500.45718552916
MDG,"{'id': 'MG', 'value': 'Madagascar'}",2017,491.866848718929
MDG,"{'id': 'MG', 'value': 'Madagascar'}",2016,453.970714522463
MDG,"{'id': 'MG', 'value': 'Madagascar'}",2015,445.320069480568
MWI,"{'id': 'MW', 'value': 'Malawi'}",2024,522.570393642547
MWI,"{'id': 'MW', 'value': 'Malawi'}",2023,633.214767978695
MWI,"{'id': 'MW', 'value': 'Malawi'}",2022,604.269740360317
MWI,"{'id': 'MW', 'value': 'Malawi'}",2021,617.446994451007
MWI,"{'id': 'MW', 'value': 'Malawi'}",2020,602.507478176106
MWI,"{'id': 'MW', 'value': 'Malawi'}",2019,580.889139762475
MWI,"{'id': 'MW', 'value': 'Malawi'}",2018,533.202567189331
MWI,"{'id': 'MW', 'value': 'Malawi'}",2017,495.769683367165
MWI,"{'id': 'MW', 'value': 'Malawi'}",2016,450.506105510719
MWI,"{'id': 'MW', 'value': 'Malawi'}",2015,539.605363240686
MYS,"{'id': 'MY', 'value': 'Malaysia'}",2024,11874.4273684245
MYS,"{'id': 'MY', 'value': 'Malaysia'}",2023,11386.0395636528
MYS,"{'id': 'MY', 'value': 'Malaysia'}",2022,11754.5678336248
MYS,"{'id': 'MY', 'value': 'Malaysia'}",2021,10903.1037480772
MYS,"{'id': 'MY', 'value': 'Malaysia'}",2020,9957.52626697613
MYS,"{'id': 'MY', 'value': 'Malaysia'}",2019,10920.191763972
MYS,"{'id': 'MY', 'value': 'Malaysia'}",2018,10901.8019954421
MYS,"{'id': 'MY', 'value': 'Malaysia'}",2017,9862.54806612235
MYS,"{'id': 'MY', 'value': 'Malaysia'}",2016,9476.53409809923
MYS,"{'id': 'MY', 'value': 'Malaysia'}",2015,9648.6797937523
MDV,"{'id': 'MV', 'value': 'Maldives'}",2024,13379.3513577224
MDV,"{'id': 'MV', 'value': 'Maldives'}",2023,12587.6126038651
MDV,"{'id': 'MV', 'value': 'Maldives'}",2022,11786.0191492983
MDV,"{'id': 'MV', 'value': 'Maldives'}",2021,10176.143882547
MDV,"{'id': 'MV', 'value': 'Maldives'}",2020,7393.8886543933
MDV,"{'id': 'MV', 'value': 'Maldives'}",2019,11740.2724029785
MDV,"{'id': 'MV', 'value': 'Maldives'}",2018,11423.2838427029
MDV,"{'id': 'MV', 'value': 'Maldives'}",2017,10509.628805812
MDV,"{'id': 'MV', 'value': 'Maldives'}",2016,9947.80744731739
MDV,"{'id': 'MV', 'value': 'Maldives'}",2015,9644.90655028145
MLI,"{'id': 'ML', 'value': 'Mali'}",2024,1094.61949265799
MLI,"{'id': 'ML', 'value': 'Mali'}",2023,1043.9533853528
MLI,"{'id': 'ML', 'value': 'Mali'}",2022,976.914116406452
MLI,"{'id': 'ML', 'value': 'Mali'}",2021,1027.27345365357
MLI,"{'id': 'ML', 'value': 'Mali'}",2020,953.242943290974
MLI,"{'id': 'ML', 'value': 'Mali'}",2019,971.949318638092
MLI,"{'id': 'ML', 'value': 'Mali'}",2018,996.379292136901
MLI,"{'id': 'ML', 'value': 'Mali'}",2017,924.057531692284
MLI,"{'id': 'ML', 'value': 'Mali'}",2016,872.468587171653
MLI,"{'id': 'ML', 'value': 'Mali'}",2015,838.11986940103
MLT,"{'id': 'MT', 'value': 'Malta'}",2024,43898.5781808597
MLT,"{'id': 'MT', 'value': 'Malta'}",2023,40905.8059585057
MLT,"{'id': 'MT', 'value': 'Malta'}",2022,35638.8869457406
MLT,"{'id': 'MT', 'value': 'Malta'}",2021,38096.8360735119
MLT,"{'id': 'MT', 'value': 'Malta'}",2020,31823.4363934505
MLT,"{'id': 'MT', 'value': 'Malta'}",2019,32421.9179752262
MLT,"{'id': 'MT', 'value': 'Malta'}",2018,33382.2677499267
MLT,"{'id': 'MT', 'value': 'Malta'}",2017,30317.2443175543
MLT,"{'id': 'MT', 'value': 'Malta'}",2016,26459.0770929988
MLT,"{'id': 'MT', 'value': 'Malta'}",2015,25529.6813337717
MHL,"{'id': 'MH', 'value': 'Marshall Islands'}",2024,7726.33668877794
MHL,"{'id': 'MH', 'value': 'Marshall Islands'}",2023,6793.24495895856
MHL,"{'id': 'MH', 'value': 'Marshall Islands'}",2022,6455.66062185762
MHL,"{'id': 'MH', 'value': 'Marshall Islands'}",2021,6315.31279603534
MHL,"{'id': 'MH', 'value': 'Marshall Islands'}",2020,5661.96787336674
MHL,"{'id': 'MH', 'value': 'Marshall Islands'}",2019,5292.33985502306
MHL,"{'id': 'MH', 'value': 'Marshall Islands'}",2018,4858.12079054875
MHL,"{'id': 'MH', 'value': 'Marshall Islands'}",2017,4592.83457628576
MHL,"{'id': 'MH', 'value': 'Marshall Islands'}",2016,4229.80988911945
MHL,"{'id': 'MH', 'value': 'Marshall Islands'}",2015,3764.34426229508
MRT,"{'id': 'MR', 'value': 'Mauritania'}",2024,2110.12036938187
MRT,"{'id': 'MR', 'value': 'Mauritania'}",2023,2135.78187606359
MRT,"{'id': 'MR', 'value': 'Mauritania'}",2022,1960.35240077424
MRT,"{'id': 'MR', 'value': 'Mauritania'}",2021,1947.78918383313
MRT,"{'id': 'MR', 'value': 'Mauritania'}",2020,1795.76459566714
MRT,"{'id': 'MR', 'value': 'Mauritania'}",2019,1767.072710621
MRT,"{'id': 'MR', 'value': 'Mauritania'}",2018,1722.93528854073
MRT,"{'id': 'MR', 'value': 'Mauritania'}",2017,1615.00401327323
MRT,"{'id': 'MR', 'value': 'Mauritania'}",2016,1565.76575722696
MRT,"{'id': 'MR', 'value': 'Mauritania'}",2015,1554.94897871782
MUS,"{'id': 'MU', 'value': 'Mauritius'}",2024,11990.7798944837
MUS,"{'id': 'MU', 'value': 'Mauritius'}",2023,11269.9684462139
MUS,"{'id': 'MU', 'value': 'Mauritius'}",2022,10246.5017455553
MUS,"{'id': 'MU', 'value': 'Mauritius'}",2021,9177.71195973013
MUS,"{'id': 'MU', 'value': 'Mauritius'}",2020,9135.84773751062
MUS,"{'id': 'MU', 'value': 'Mauritius'}",2019,11568.2533399824
MUS,"{'id': 'MU', 'value': 'Mauritius'}",2018,11818.7480619272
MUS,"{'id': 'MU', 'value': 'Mauritius'}",2017,10986.7034093005
MUS,"{'id': 'MU', 'value': 'Mauritius'}",2016,10095.1225574156
MUS,"{'id': 'MU', 'value': 'Mauritius'}",2015,9630.5437837507
MEX,"{'id': 'MX', 'value': 'Mexico'}",2024,14185.7812248529
MEX,"{'id': 'MX', 'value': 'Mexico'}",2023,13860.9597809326
MEX,"{'id': 'MX', 'value': 'Mexico'}",2022,11405.7940473759
MEX,"{'id': 'MX', 'value': 'Mexico'}",2021,10314.0506722115
MEX,"{'id': 'MX', 'value': 'Mexico'}",2020,8841.27075039868
MEX,"{'id': 'MX', 'value': 'Mexico'}",2019,10369.5553585271
MEX,"{'id': 'MX', 'value': 'Mexico'}",2018,10084.7937562021
MEX,"{'id': 'MX', 'value': 'Mexico'}",2017,9649.27816772402
MEX,"{'id': 'MX', 'value': 'Mexico'}",2016,9097.92397674769
MEX,"{'id': 'MX', 'value': 'Mexico'}",2015,10021.2386118827
FSM,"{'id': 'FM', 'value': 'Micronesia, Fed. Sts.'}",2024,4166.00476748564
FSM,"{'id': 'FM', 'value': 'Micronesia, Fed. Sts.'}",2023,3919.64307910859
FSM,"{'id': 'FM', 'value': 'Micronesia, Fed. Sts.'}",2022,3710.12451611752
FSM,"{'id': 'FM', 'value': 'Micronesia, Fed. Sts.'}",2021,3508.22314197664
FSM,"{'id': 'FM', 'value': 'Micronesia, Fed. Sts.'}",2020,3362.02802120524
FSM,"{'id': 'FM', 'value': 'Micronesia, Fed. Sts.'}",2019,3572.65918282222
FSM,"{'id': 'FM', 'value': 'Micronesia, Fed. Sts.'}",2018,3566.58690371125
FSM,"{'id': 'FM', 'value': 'Micronesia, Fed. Sts.'}",2017,3279.10779039285
FSM,"{'id': 'FM', 'value': 'Micronesia, Fed. Sts.'}",2016,2979.60119184048
FSM,"{'id': 'FM', 'value': 'Micronesia, Fed. Sts.'}",2015,2853.07643587028
MDA,"{'id': 'MD', 'value': 'Moldova'}",2024,7576.19589413326
MDA,"{'id': 'MD', 'value': 'Moldova'}",2023,6799.58594644576
MDA,"{'id': 'MD', 'value': 'Moldova'}",2022,5744.29618434435
MDA,"{'id': 'MD', 'value': 'Moldova'}",2021,5274.60582195352
MDA,"{'id': 'MD', 'value': 'Moldova'}",2020,4375.7788930524
MDA,"{'id': 'MD', 'value': 'Moldova'}",2019,4405.33418162155
MDA,"{'id': 'MD', 'value': 'Moldova'}",2018,4156.44981956646
MDA,"{'id': 'MD', 'value': 'Moldova'}",2017,3453.26727720294
MDA,"{'id': 'MD', 'value': 'Moldova'}",2016,2847.08794770479
MDA,"{'id': 'MD', 'value': 'Moldova'}",2015,2749.55137054338
MCO,"{'id': 'MC', 'value': 'Monaco'}",2024,288001.433369041
MCO,"{'id': 'MC', 'value': 'Monaco'}",2023,256799.788612806
MCO,"{'id': 'MC', 'value': 'Monaco'}",2022,226052.001905201
MCO,"{'id': 'MC', 'value': 'Monaco'}",2021,223823.363960226
MCO,"{'id': 'MC', 'value': 'Monaco'}",2020,176891.886538492
MCO,"{'id': 'MC', 'value': 'Monaco'}",2019,193746.785647412
MCO,"{'id': 'MC', 'value': 'Monaco'}",2018,188298.315668437
MCO,"{'id': 'MC', 'value': 'Monaco'}",2017,170663.375247872
MCO,"{'id': 'MC', 'value': 'Monaco'}",2016,173604.753555915
MCO,"{'id': 'MC', 'value': 'Monaco'}",2015,170437.101188261
MNG,"{'id': 'MN', 'value': 'Mongolia'}",2024,6750.6301157724
MNG,"{'id': 'MN', 'value': 'Mongolia'}",2023,5838.63108083902
MNG,"{'id': 'MN', 'value': 'Mongolia'}",2022,4993.51487463495
MNG,"{'id': 'MN', 'value': 'Mongolia'}",2021,4517.61578018785
MNG,"{'id': 'MN', 'value': 'Mongolia'}",2020,4001.25193077703
MNG,"{'id': 'MN', 'value': 'Mongolia'}",2019,4347.54610314873
MNG,"{'id': 'MN', 'value': 'Mongolia'}",2018,4107.64288528468
MNG,"{'id': 'MN', 'value': 'Mongolia'}",2017,3645.96708669551
MNG,"{'id': 'MN', 'value': 'Mongolia'}",2016,3619.90026383792
MNG,"{'id': 'MN', 'value': 'Mongolia'}",2015,3838.92126989984
MNE,"{'id': 'ME', 'value': 'Montenegro'}",2024,13263.3281277699
MNE,"{'id': 'ME', 'value': 'Montenegro'}",2023,12259.8775034436
MNE,"{'id': 'ME', 'value': 'Montenegro'}",2022,10024.5435616209
MNE,"{'id': 'ME', 'value': 'Montenegro'}",2021,9317.15520065156
MNE,"{'id': 'ME', 'value': 'Montenegro'}",2020,7538.53635992191
MNE,"{'id': 'ME', 'value': 'Montenegro'}",2019,8749.02375172644
MNE,"{'id': 'ME', 'value': 'Montenegro'}",2018,8673.59128084795
MNE,"{'id': 'ME', 'value': 'Montenegro'}",2017,7674.2813940676
MNE,"{'id': 'ME', 'value': 'Montenegro'}",2016,6968.01539365317
MNE,"{'id': 'ME', 'value': 'Montenegro'}",2015,6421.00307345999
MAR,"{'id': 'MA', 'value': 'Morocco'}",2024,4153.1943359375
MAR,"{'id': 'MA', 'value': 'Morocco'}",2023,3813.72607421875
MAR,"{'id': 'MA', 'value': 'Morocco'}",2022,3463.1376953125
MAR,"{'id': 'MA', 'value': 'Morocco'}",2021,3785.93627929688
MAR,"{'id': 'MA', 'value': 'Morocco'}",2020,3268.0302734375
MAR,"{'id': 'MA', 'value': 'Morocco'}",2019,3508.09765625
MAR,"{'id': 'MA', 'value': 'Morocco'}",2018,3501.69799804688
MAR,"{'id': 'MA', 'value': 'Morocco'}",2017,3296.52661132813
MAR,"{'id': 'MA', 'value': 'Morocco'}",2016,3140.85546875
MAR,"{'id': 'MA', 'value': 'Morocco'}",2015,3146.24780273438
MOZ,"{'id': 'MZ', 'value': 'Mozambique'}",2024,656.776824637306
MOZ,"{'id': 'MZ', 'value': 'Mozambique'}",2023,622.000297682823
MOZ,"{'id': 'MZ', 'value': 'Mozambique'}",2022,578.251663751351
MOZ,"{'id': 'MZ', 'value': 'Mozambique'}",2021,509.907829475551
MOZ,"{'id': 'MZ', 'value': 'Mozambique'}",2020,462.433876479921
MOZ,"{'id': 'MZ', 'value': 'Mozambique'}",2019,519.09255091362
MOZ,"{'id': 'MZ', 'value': 'Mozambique'}",2018,517.507260258101
MOZ,"{'id': 'MZ', 'value': 'Mozambique'}",2017,470.93856305196
MOZ,"{'id': 'MZ', 'value': 'Mozambique'}",2016,441.489734819071
MOZ,"{'id': 'MZ', 'value': 'Mozambique'}",2015,610.563774706589
MMR,"{'id': 'MM', 'value': 'Myanmar'}",2024,1359.05001560107
MMR,"{'id': 'MM', 'value': 'Myanmar'}",2023,1233.19666209269
MMR,"{'id': 'MM', 'value': 'Myanmar'}",2022,1158.05005055976
MMR,"{'id': 'MM', 'value': 'Myanmar'}",2021,1242.7213439951
MMR,"{'id': 'MM', 'value': 'Myanmar'}",2020,1490.21683599469
MMR,"{'id': 'MM', 'value': 'Myanmar'}",2019,1425.98954241668
MMR,"{'id': 'MM', 'value': 'Myanmar'}",2018,1298.21310327675
MMR,"{'id': 'MM', 'value': 'Myanmar'}",2017,1272.82241815234
MMR,"{'id': 'MM', 'value': 'Myanmar'}",2016,1229.19713491328
MMR,"{'id': 'MM', 'value': 'Myanmar'}",2015,1166.73305547935
NAM,"{'id': 'NA', 'value': 'Namibia'}",2024,4413.12752211572
NAM,"{'id': 'NA', 'value': 'Namibia'}",2023,4187.60500396525
NAM,"{'id': 'NA', 'value': 'Namibia'}",2022,4349.79908493314
NAM,"{'id': 'NA', 'value': 'Namibia'}",2021,4412.8355693052
NAM,"{'id': 'NA', 'value': 'Namibia'}",2020,3878.58982993966
NAM,"{'id': 'NA', 'value': 'Namibia'}",2019,4731.9210318831
NAM,"{'id': 'NA', 'value': 'Namibia'}",2018,5308.60813408705
NAM,"{'id': 'NA', 'value': 'Namibia'}",2017,5143.96072323076
NAM,"{'id': 'NA', 'value': 'Namibia'}",2016,4395.68776162376
NAM,"{'id': 'NA', 'value': 'Namibia'}",2015,4774.10650865775
NRU,"{'id': 'NR', 'value': 'Nauru'}",2024,13609.158837552
NRU,"{'id': 'NR', 'value': 'Nauru'}",2023,12752.4723855838
NRU,"{'id': 'NR', 'value': 'Nauru'}",2022,12911.9086441381
NRU,"{'id': 'NR', 'value': 'Nauru'}",2021,14979.099896799
NRU,"{'id': 'NR', 'value': 'Nauru'}",2020,10709.068810538
NRU,"{'id': 'NR', 'value': 'Nauru'}",2019,10801.7705659635
NRU,"{'id': 'NR', 'value': 'Nauru'}",2018,11413.7463016389
NRU,"{'id': 'NR', 'value': 'Nauru'}",2017,9656.97976571484
NRU,"{'id': 'NR', 'value': 'Nauru'}",2016,8748.15632605428
NRU,"{'id': 'NR', 'value': 'Nauru'}",2015,7747.25584993607
NPL,"{'id': 'NP', 'value': 'Nepal'}",2024,1447.31004458428
NPL,"{'id': 'NP', 'value': 'Nepal'}",2023,1382.33055769304
NPL,"{'id': 'NP', 'value': 'Nepal'}",2022,1385.91066274851
NPL,"{'id': 'NP', 'value': 'Nepal'}",2021,1252.75076731986
NPL,"{'id': 'NP', 'value': 'Nepal'}",2020,1154.21517578318
NPL,"{'id': 'NP', 'value': 'Nepal'}",2019,1203.14294706401
NPL,"{'id': 'NP', 'value': 'Nepal'}",2018,1179.19843190389
NPL,"{'id': 'NP', 'value': 'Nepal'}",2017,1034.28374906846
NPL,"{'id': 'NP', 'value': 'Nepal'}",2016,877.256454696737
NPL,"{'id': 'NP', 'value': 'Nepal'}",2015,875.543635474862
NLD,"{'id': 'NL', 'value': 'Netherlands'}",2024,67520.4218956281
NLD,"{'id': 'NL', 'value': 'Netherlands'}",2023,63515.6030780019
NLD,"{'id': 'NL', 'value': 'Netherlands'}",2022,59123.318556487
NLD,"{'id': 'NL', 'value': 'Netherlands'}",2021,60141.9880911492
NLD,"{'id': 'NL', 'value': 'Netherlands'}",2020,53467.9277413737
NLD,"{'id': 'NL', 'value': 'Netherlands'}",2019,53554.9007491475
NLD,"{'id': 'NL', 'value': 'Netherlands'}",2018,53955.0770024266
NLD,"{'id': 'NL', 'value': 'Netherlands'}",2017,49513.6817346384
NLD,"{'id': 'NL', 'value': 'Netherlands'}",2016,46808.5291492503
NLD,"{'id': 'NL', 'value': 'Netherlands'}",2015,45793.8135434697
NCL,"{'id': 'NC', 'value': 'New Caledonia'}",2024,29213.1923192946
NCL,"{'id': 'NC', 'value': 'New Caledonia'}",2023,33701.8923322781
NCL,"{'id': 'NC', 'value': 'New Caledonia'}",2022,33516.363085906
NCL,"{'id': 'NC', 'value': 'New Caledonia'}",2021,35311.5543551452
NCL,"{'id': 'NC', 'value': 'New Caledonia'}",2020,33270.330597637
NCL,"{'id': 'NC', 'value': 'New Caledonia'}",2019,33411.3358835672
NCL,"{'id': 'NC', 'value': 'New Caledonia'}",2018,34902.8968780031
NCL,"{'id': 'NC', 'value': 'New Caledonia'}",2017,32354.7102832901
NCL,"{'id': 'NC', 'value': 'New Caledonia'}",2016,30782.8544433514
NCL,"{'id': 'NC', 'value': 'New Caledonia'}",2015,30858.7237060533
NZL,"{'id': 'NZ', 'value': 'New Zealand'}",2024,49205.1792146792
NZL,"{'id': 'NZ', 'value': 'New Zealand'}",2023,49075.9562832927
NZL,"{'id': 'NZ', 'value': 'New Zealand'}",2022,49099.7090423358
NZL,"{'id': 'NZ', 'value': 'New Zealand'}",2021,49950.4251691316
NZL,"{'id': 'NZ', 'value': 'New Zealand'}",2020,41997.7830324279
NZL,"{'id': 'NZ', 'value': 'New Zealand'}",2019,42855.831861632
NZL,"{'id': 'NZ', 'value': 'New Zealand'}",2018,43257.0769238879
NZL,"{'id': 'NZ', 'value': 'New Zealand'}",2017,42950.3841711138
NZL,"{'id': 'NZ', 'value': 'New Zealand'}",2016,40113.7195382428
NZL,"{'id': 'NZ', 'value': 'New Zealand'}",2015,38665.3723018158
NIC,"{'id': 'NI', 'value': 'Nicaragua'}",2024,2847.53966339498
NIC,"{'id': 'NI', 'value': 'Nicaragua'}",2023,2609.44492072931
NIC,"{'id': 'NI', 'value': 'Nicaragua'}",2022,2322.89053964583
NIC,"{'id': 'NI', 'value': 'Nicaragua'}",2021,2138.38588469449
NIC,"{'id': 'NI', 'value': 'Nicaragua'}",2020,1938.44704754382
NIC,"{'id': 'NI', 'value': 'Nicaragua'}",2019,1958.62051528095
NIC,"{'id': 'NI', 'value': 'Nicaragua'}",2018,2035.16549390507
NIC,"{'id': 'NI', 'value': 'Nicaragua'}",2017,2182.61380995674
NIC,"{'id': 'NI', 'value': 'Nicaragua'}",2016,2131.68704828322
NIC,"{'id': 'NI', 'value': 'Nicaragua'}",2015,2074.45620634731
NER,"{'id': 'NE', 'value': 'Niger'}",2024,735.270255787226
NER,"{'id': 'NE', 'value': 'Niger'}",2023,638.336080897887
NER,"{'id': 'NE', 'value': 'Niger'}",2022,609.745147574878
NER,"{'id': 'NE', 'value': 'Niger'}",2021,608.722439593808
NER,"{'id': 'NE', 'value': 'Niger'}",2020,579.512495758236
NER,"{'id': 'NE', 'value': 'Niger'}",2019,561.691304349698
NER,"{'id': 'NE', 'value': 'Niger'}",2018,578.568035680892
NER,"{'id': 'NE', 'value': 'Niger'}",2017,521.804130023434
NER,"{'id': 'NE', 'value': 'Niger'}",2016,502.706475406446
NER,"{'id': 'NE', 'value': 'Niger'}",2015,485.662574175279
NGA,"{'id': 'NG', 'value': 'Nigeria'}",2024,1084.16041805436
NGA,"{'id': 'NG', 'value': 'Nigeria'}",2023,2138.76383719983
NGA,"{'id': 'NG', 'value': 'Nigeria'}",2022,2899.16047470324
NGA,"{'id': 'NG', 'value': 'Nigeria'}",2021,2787.48779224428
NGA,"{'id': 'NG', 'value': 'Nigeria'}",2020,2797.18458068686
NGA,"{'id': 'NG', 'value': 'Nigeria'}",2019,3189.81286498516
NGA,"{'id': 'NG', 'value': 'Nigeria'}",2018,2057.87944554011
NGA,"{'id': 'NG', 'value': 'Nigeria'}",2017,1876.34027111773
NGA,"{'id': 'NG', 'value': 'Nigeria'}",2016,2070.4127339595
NGA,"{'id': 'NG', 'value': 'Nigeria'}",2015,2585.73360671797
MKD,"{'id': 'MK', 'value': 'North Macedonia'}",2024,9291.85661671864
MKD,"{'id': 'MK', 'value': 'North Macedonia'}",2023,8674.35846327485
MKD,"{'id': 'MK', 'value': 'North Macedonia'}",2022,7606.2375253797
MKD,"{'id': 'MK', 'value': 'North Macedonia'}",2021,7620.80296977508
MKD,"{'id': 'MK', 'value': 'North Macedonia'}",2020,6659.59651070776
MKD,"{'id': 'MK', 'value': 'North Macedonia'}",2019,6718.85826635458
MKD,"{'id': 'MK', 'value': 'North Macedonia'}",2018,6713.98925398989
MKD,"{'id': 'MK', 'value': 'North Macedonia'}",2017,5955.2973863451
MKD,"{'id': 'MK', 'value': 'North Macedonia'}",2016,5598.48622617967
MKD,"{'id': 'MK', 'value': 'North Macedonia'}",2015,5262.68671928674
MNP,"{'id': 'MP', 'value': 'Northern Mariana Islands'}",2024,
MNP,"{'id': 'MP', 'value': 'Northern Mariana Islands'}",2023,
MNP,"{'id': 'MP', 'value': 'Northern Mariana Islands'}",2022,23785.754590043
MNP,"{'id': 'MP', 'value': 'Northern Mariana Islands'}",2021,19455.50139424
MNP,"{'id': 'MP', 'value': 'Northern Mariana Islands'}",2020,18220.8382427201
MNP,"{'id': 'MP', 'value': 'Northern Mariana Islands'}",2019,24496.6652122421
MNP,"{'id': 'MP', 'value': 'Northern Mariana Islands'}",2018,26509.3628379893
MNP,"{'id': 'MP', 'value': 'Northern Mariana Islands'}",2017,31225.6049960968
MNP,"{'id': 'MP', 'value': 'Northern Mariana Islands'}",2016,24225.474169342
MNP,"{'id': 'MP', 'value': 'Northern Mariana Islands'}",2015,17665.1007493109
NOR,"{'id': 'NO', 'value': 'Norway'}",2024,86785.4334489176
NOR,"{'id': 'NO', 'value': 'Norway'}",2023,87497.2179649556
NOR,"{'id': 'NO', 'value': 'Norway'}",2022,109269.520580298
NOR,"{'id': 'NO', 'value': 'Norway'}",2021,93072.8925119571
NOR,"{'id': 'NO', 'value': 'Norway'}",2020,68340.0181033702
NOR,"{'id': 'NO', 'value': 'Norway'}",2019,76430.5889473338
NOR,"{'id': 'NO', 'value': 'Norway'}",2018,82792.8427113304
NOR,"{'id': 'NO', 'value': 'Norway'}",2017,76131.8384032764
NOR,"{'id': 'NO', 'value': 'Norway'}",2016,70867.3609970749
NOR,"{'id': 'NO', 'value': 'Norway'}",2015,74809.9658049898
OMN,"{'id': 'OM', 'value': 'Oman'}",2024,20285.2272897377
OMN,"{'id': 'OM', 'value': 'Oman'}",2023,21027.7384778886
OMN,"{'id': 'OM', 'value': 'Oman'}",2022,23223.5829405935
OMN,"{'id': 'OM', 'value': 'Oman'}",2021,19403.4600160211
OMN,"{'id': 'OM', 'value': 'Oman'}",2020,16784.8630630058
OMN,"{'id': 'OM', 'value': 'Oman'}",2019,19180.1864152801
OMN,"{'id': 'OM', 'value': 'Oman'}",2018,19901.7615642016
OMN,"{'id': 'OM', 'value': 'Oman'}",2017,17820.0661809335
OMN,"{'id': 'OM', 'value': 'Oman'}",2016,17110.1897460545
OMN,"{'id': 'OM', 'value': 'Oman'}",2015,18808.3077921839
PAK,"{'id': 'PK', 'value': 'Pakistan'}",2024,1478.77277977996
PAK,"{'id': 'PK', 'value': 'Pakistan'}",2023,1360.32417758419
PAK,"{'id': 'PK', 'value': 'Pakistan'}",2022,1538.3228133171
PAK,"{'id': 'PK', 'value': 'Pakistan'}",2021,1455.31922370186
PAK,"{'id': 'PK', 'value': 'Pakistan'}",2020,1278.39735206896
PAK,"{'id': 'PK', 'value': 'Pakistan'}",2019,1390.41690981745
PAK,"{'id': 'PK', 'value': 'Pakistan'}",2018,1569.33814626355
PAK,"{'id': 'PK', 'value': 'Pakistan'}",2017,1519.23459514248
PAK,"{'id': 'PK', 'value': 'Pakistan'}",2016,1424.69161195897
PAK,"{'id': 'PK', 'value': 'Pakistan'}",2015,1380.47020838317
PLW,"{'id': 'PW', 'value': 'Palau'}",2024,
PLW,"{'id': 'PW', 'value': 'Palau'}",2023,15610.8231931032
PLW,"{'id': 'PW', 'value': 'Palau'}",2022,13729.7602761496
PLW,"{'id': 'PW', 'value': 'Palau'}",2021,13009.2481630213
PLW,"{'id': 'PW', 'value': 'Palau'}",2020,14708.2119536914
PLW,"{'id': 'PW', 'value': 'Palau'}",2019,15846.7968470167
PLW,"{'id': 'PW', 'value': 'Palau'}",2018,16166.9671073752
PLW,"{'id': 'PW', 'value': 'Palau'}",2017,16401.7847567871
PLW,"{'id': 'PW', 'value': 'Palau'}",2016,17150.4759377239
PLW,"{'id': 'PW', 'value': 'Palau'}",2015,16154.0532152373
PAN,"{'id': 'PA', 'value': 'Panama'}",2024,19161.2188501596
PAN,"{'id': 'PA', 'value': 'Panama'}",2023,18797.1933994045
PAN,"{'id': 'PA', 'value': 'Panama'}",2022,17378.6070017557
PAN,"{'id': 'PA', 'value': 'Panama'}",2021,15509.8069124139
PAN,"{'id': 'PA', 'value': 'Panama'}",2020,13290.5608397749
PAN,"{'id': 'PA', 'value': 'Panama'}",2019,16477.9066268111
PAN,"{'id': 'PA', 'value': 'Panama'}",2018,16151.3273433486
PAN,"{'id': 'PA', 'value': 'Panama'}",2017,15694.6297518495
PAN,"{'id': 'PA', 'value': 'Panama'}",2016,14832.3611652459
PAN,"{'id': 'PA', 'value': 'Panama'}",2015,14082.6548434996
PNG,"{'id': 'PG', 'value': 'Papua New Guinea'}",2024,3006.70564478923
PNG,"{'id': 'PG', 'value': 'Papua New Guinea'}",2023,2966.06830432055
PNG,"{'id': 'PG', 'value': 'Papua New Guinea'}",2022,3102.28968594061
PNG,"{'id': 'PG', 'value': 'Papua New Guinea'}",2021,2607.57861874444
PNG,"{'id': 'PG', 'value': 'Papua New Guinea'}",2020,2429.61134585269
PNG,"{'id': 'PG', 'value': 'Papua New Guinea'}",2019,2575.77274140393
PNG,"{'id': 'PG', 'value': 'Papua New Guinea'}",2018,2566.36833735041
PNG,"{'id': 'PG', 'value': 'Papua New Guinea'}",2017,2477.76530986323
PNG,"{'id': 'PG', 'value': 'Papua New Guinea'}",2016,2316.39479758492
PNG,"{'id': 'PG', 'value': 'Papua New Guinea'}",2015,2484.5963398603
PRY,"{'id': 'PY', 'value': 'Paraguay'}",2024,6416.09708970845
PRY,"{'id': 'PY', 'value': 'Paraguay'}",2023,6299.99026533713
PRY,"{'id': 'PY', 'value': 'Paraguay'}",2022,6205.62595379319
PRY,"{'id': 'PY', 'value': 'Paraguay'}",2021,5976.93179789949
PRY,"{'id': 'PY', 'value': 'Paraguay'}",2020,5365.47220721104
PRY,"{'id': 'PY', 'value': 'Paraguay'}",2019,5821.18199548738
PRY,"{'id': 'PY', 'value': 'Paraguay'}",2018,6258.44991640984
PRY,"{'id': 'PY', 'value': 'Paraguay'}",2017,6152.2671153779
PRY,"{'id': 'PY', 'value': 'Paraguay'}",2016,5775.15963399596
PRY,"{'id': 'PY', 'value': 'Paraguay'}",2015,5879.33792308762
PER,"{'id': 'PE', 'value': 'Peru'}",2024,8452.37167056621
PER,"{'id': 'PE', 'value': 'Peru'}",2023,7887.54185920108
PER,"{'id': 'PE', 'value': 'Peru'}",2022,7350.63034300417
PER,"{'id': 'PE', 'value': 'Peru'}",2021,6826.20255614477
PER,"{'id': 'PE', 'value': 'Peru'}",2020,6133.32552410183
PER,"{'id': 'PE', 'value': 'Peru'}",2019,7037.00803692604
PER,"{'id': 'PE', 'value': 'Peru'}",2018,6978.49121548627
PER,"{'id': 'PE', 'value': 'Peru'}",2017,6736.16693725487
PER,"{'id': 'PE', 'value': 'Peru'}",2016,6217.03599995447
PER,"{'id': 'PE', 'value': 'Peru'}",2015,6231.71150338894
PHL,"{'id': 'PH', 'value': 'Philippines'}",2024,3984.8315387656
PHL,"{'id': 'PH', 'value': 'Philippines'}",2023,3804.08274131097
PHL,"{'id': 'PH', 'value': 'Philippines'}",2022,3548.06930572116
PHL,"{'id': 'PH', 'value': 'Philippines'}",2021,3484.38593882819
PHL,"{'id': 'PH', 'value': 'Philippines'}",2020,3227.57910235199
PHL,"{'id': 'PH', 'value': 'Philippines'}",2019,3400.78949767074
PHL,"{'id': 'PH', 'value': 'Philippines'}",2018,3168.51036609727
PHL,"{'id': 'PH', 'value': 'Philippines'}",2017,3038.12124959289
PHL,"{'id': 'PH', 'value': 'Philippines'}",2016,2985.19564024046
PHL,"{'id': 'PH', 'value': 'Philippines'}",2015,2909.85818010301
POL,"{'id': 'PL', 'value': 'Poland'}",2024,25103.565661423
POL,"{'id': 'PL', 'value': 'Poland'}",2023,22145.2660647429
POL,"{'id': 'PL', 'value': 'Poland'}",2022,18891.2121169279
POL,"{'id': 'PL', 'value': 'Poland'}",2021,18635.5104895754
POL,"{'id': 'PL', 'value': 'Poland'}",2020,16150.9304813473
POL,"{'id': 'PL', 'value': 'Poland'}",2019,15874.5220531254
POL,"{'id': 'PL', 'value': 'Poland'}",2018,15658.2120316794
POL,"{'id': 'PL', 'value': 'Poland'}",2017,13913.3402919927
POL,"{'id': 'PL', 'value': 'Poland'}",2016,12464.0110508476
POL,"{'id': 'PL', 'value': 'Poland'}",2015,12637.5220324406
PRT,"{'id': 'PT', 'value': 'Portugal'}",2024,29292.242104753
PRT,"{'id': 'PT', 'value': 'Portugal'}",2023,27634.6183139773
PRT,"{'id': 'PT', 'value': 'Portugal'}",2022,24620.5197587181
PRT,"{'id': 'PT', 'value': 'Portugal'}",2021,24711.4510062111
PRT,"{'id': 'PT', 'value': 'Portugal'}",2020,22299.4044062173
PRT,"{'id': 'PT', 'value': 'Portugal'}",2019,23343.3628970034
PRT,"{'id': 'PT', 'value': 'Portugal'}",2018,23541.1401075289
PRT,"{'id': 'PT', 'value': 'Portugal'}",2017,21442.3842768879
PRT,"{'id': 'PT', 'value': 'Portugal'}",2016,19980.2808866516
PRT,"{'id': 'PT', 'value': 'Portugal'}",2015,19215.7813014347
PRI,"{'id': 'PR', 'value': 'Puerto Rico (US)'}",2024,39343.7154660139
PRI,"{'id': 'PR', 'value': 'Puerto Rico (US)'}",2023,36980.7884784287
PRI,"{'id': 'PR', 'value': 'Puerto Rico (US)'}",2022,35353.6821570014
PRI,"{'id': 'PR', 'value': 'Puerto Rico (US)'}",2021,32619.0704601174
PRI,"{'id': 'PR', 'value': 'Puerto Rico (US)'}",2020,31427.1130762831
PRI,"{'id': 'PR', 'value': 'Puerto Rico (US)'}",2019,31830.5284993358
PRI,"{'id': 'PR', 'value': 'Puerto Rico (US)'}",2018,30679.9181934488
PRI,"{'id': 'PR', 'value': 'Puerto Rico (US)'}",2017,30328.479490518
PRI,"{'id': 'PR', 'value': 'Puerto Rico (US)'}",2016,29978.0889268918
PRI,"{'id': 'PR', 'value': 'Puerto Rico (US)'}",2015,29242.041465085
QAT,"{'id': 'QA', 'value': 'Qatar'}",2024,76688.6941743178
QAT,"{'id': 'QA', 'value': 'Qatar'}",2023,81816.9797967481
QAT,"{'id': 'QA', 'value': 'Qatar'}",2022,88701.4689763536
QAT,"{'id': 'QA', 'value': 'Qatar'}",2021,71751.9363398856
QAT,"{'id': 'QA', 'value': 'Qatar'}",2020,51683.5681078949
QAT,"{'id': 'QA', 'value': 'Qatar'}",2019,66841.3623185691
QAT,"{'id': 'QA', 'value': 'Qatar'}",2018,71039.9308240078
QAT,"{'id': 'QA', 'value': 'Qatar'}",2017,63279.8767486216
QAT,"{'id': 'QA', 'value': 'Qatar'}",2016,61253.6217997091
QAT,"{'id': 'QA', 'value': 'Qatar'}",2015,68985.2433380102
ROU,"{'id': 'RO', 'value': 'Romania'}",2024,20080.2096215595
ROU,"{'id': 'RO', 'value': 'Romania'}",2023,18244.4186876321
ROU,"{'id': 'RO', 'value': 'Romania'}",2022,15503.551804598
ROU,"{'id': 'RO', 'value': 'Romania'}",2021,14907.9803652143
ROU,"{'id': 'RO', 'value': 'Romania'}",2020,13009.1770573223
ROU,"{'id': 'RO', 'value': 'Romania'}",2019,12909.6104013244
ROU,"{'id': 'RO', 'value': 'Romania'}",2018,12416.134317959
ROU,"{'id': 'RO', 'value': 'Romania'}",2017,10727.9822007426
ROU,"{'id': 'RO', 'value': 'Romania'}",2016,9404.54005870715
ROU,"{'id': 'RO', 'value': 'Romania'}",2015,8977.01748158196
RUS,"{'id': 'RU', 'value': 'Russian Federation'}",2024,14889.0185546875
RUS,"{'id': 'RU', 'value': 'Russian Federation'}",2023,14159.3876953125
RUS,"{'id': 'RU', 'value': 'Russian Federation'}",2022,15619.6142578125
RUS,"{'id': 'RU', 'value': 'Russian Federation'}",2021,12425.029296875
RUS,"{'id': 'RU', 'value': 'Russian Federation'}",2020,10108.3271484375
RUS,"{'id': 'RU', 'value': 'Russian Federation'}",2019,11447.701171875
RUS,"{'id': 'RU', 'value': 'Russian Federation'}",2018,11211.8876953125
RUS,"{'id': 'RU', 'value': 'Russian Federation'}",2017,10658.9130859375
RUS,"{'id': 'RU', 'value': 'Russian Federation'}",2016,8663.158203125
RUS,"{'id': 'RU', 'value': 'Russian Federation'}",2015,9277.7138671875
RWA,"{'id': 'RW', 'value': 'Rwanda'}",2024,999.65456165547
RWA,"{'id': 'RW', 'value': 'Rwanda'}",2023,1027.03446826565
RWA,"{'id': 'RW', 'value': 'Rwanda'}",2022,975.469323735369
RWA,"{'id': 'RW', 'value': 'Rwanda'}",2021,829.544845263697
RWA,"{'id': 'RW', 'value': 'Rwanda'}",2020,778.701498925026
RWA,"{'id': 'RW', 'value': 'Rwanda'}",2019,810.051412137354
RWA,"{'id': 'RW', 'value': 'Rwanda'}",2018,771.773511207309
RWA,"{'id': 'RW', 'value': 'Rwanda'}",2017,758.300966509647
RWA,"{'id': 'RW', 'value': 'Rwanda'}",2016,729.519133812945
RWA,"{'id': 'RW', 'value': 'Rwanda'}",2015,733.998629882494
WSM,"{'id': 'WS', 'value': 'Samoa'}",2024,5392.87761915762
WSM,"{'id': 'WS', 'value': 'Samoa'}",2023,4822.74084650019
WSM,"{'id': 'WS', 'value': 'Samoa'}",2022,4132.44717734444
WSM,"{'id': 'WS', 'value': 'Samoa'}",2021,4021.55934894283
WSM,"{'id': 'WS', 'value': 'Samoa'}",2020,4099.59660548583
WSM,"{'id': 'WS', 'value': 'Samoa'}",2019,4351.94234943706
WSM,"{'id': 'WS', 'value': 'Samoa'}",2018,4231.81409469194
WSM,"{'id': 'WS', 'value': 'Samoa'}",2017,4307.59381964907
WSM,"{'id': 'WS', 'value': 'Samoa'}",2016,4147.07097674888
WSM,"{'id': 'WS', 'value': 'Samoa'}",2015,4084.36083819933
SMR,"{'id': 'SM', 'value': 'San Marino'}",2024,
SMR,"{'id': 'SM', 'value': 'San Marino'}",2023,59879.7173015651
SMR,"{'id': 'SM', 'value': 'San Marino'}",2022,54190.8417700372
SMR,"{'id': 'SM', 'value': 'San Marino'}",2021,54176.4798021628
SMR,"{'id': 'SM', 'value': 'San Marino'}",2020,44326.9556746411
SMR,"{'id': 'SM', 'value': 'San Marino'}",2019,46630.1443120725
SMR,"{'id': 'SM', 'value': 'San Marino'}",2018,47950.6880557136
SMR,"{'id': 'SM', 'value': 'San Marino'}",2017,45192.0279766943
SMR,"{'id': 'SM', 'value': 'San Marino'}",2016,44359.4797662688
SMR,"{'id': 'SM', 'value': 'San Marino'}",2015,43146.8240435428
STP,"{'id': 'ST', 'value': 'Sao Tome and Principe'}",2024,3490.56883486557
STP,"{'id': 'ST', 'value': 'Sao Tome and Principe'}",2023,2990.6606143535
STP,"{'id': 'ST', 'value': 'Sao Tome and Principe'}",2022,2389.73729784737
STP,"{'id': 'ST', 'value': 'Sao Tome and Principe'}",2021,2362.58827248102
STP,"{'id': 'ST', 'value': 'Sao Tome and Principe'}",2020,2167.22001796925
STP,"{'id': 'ST', 'value': 'Sao Tome and Principe'}",2019,1935.2931816596
STP,"{'id': 'ST', 'value': 'Sao Tome and Principe'}",2018,1825.59971753966
STP,"{'id': 'ST', 'value': 'Sao Tome and Principe'}",2017,1555.79477812888
STP,"{'id': 'ST', 'value': 'Sao Tome and Principe'}",2016,1434.87018050521
STP,"{'id': 'ST', 'value': 'Sao Tome and Principe'}",2015,1298.10946596396
SAU,"{'id': 'SA', 'value': 'Saudi Arabia'}",2024,35121.6628687742
SAU,"{'id': 'SA', 'value': 'Saudi Arabia'}",2023,36156.848337701
SAU,"{'id': 'SA', 'value': 'Saudi Arabia'}",2022,38510.2276211037
SAU,"{'id': 'SA', 'value': 'Saudi Arabia'}",2021,31920.7653655643
SAU,"{'id': 'SA', 'value': 'Saudi Arabia'}",2020,24338.8307301067
SAU,"{'id': 'SA', 'value': 'Saudi Arabia'}",2019,29566.7933827436
SAU,"{'id': 'SA', 'value': 'Saudi Arabia'}",2018,29360.0658968566
SAU,"{'id': 'SA', 'value': 'Saudi Arabia'}",2017,23929.2907135982
SAU,"{'id': 'SA', 'value': 'Saudi Arabia'}",2016,22267.7217050387
SAU,"{'id': 'SA', 'value': 'Saudi Arabia'}",2015,23256.1549553531
SEN,"{'id': 'SN', 'value': 'Senegal'}",2024,1773.21829923448
SEN,"{'id': 'SN', 'value': 'Senegal'}",2023,1698.03387300843
SEN,"{'id': 'SN', 'value': 'Senegal'}",2022,1574.0281059306
SEN,"{'id': 'SN', 'value': 'Senegal'}",2021,1598.10676952274
SEN,"{'id': 'SN', 'value': 'Senegal'}",2020,1461.08720350553
SEN,"{'id': 'SN', 'value': 'Senegal'}",2019,1431.18128932159
SEN,"{'id': 'SN', 'value': 'Senegal'}",2018,1452.55612562445
SEN,"{'id': 'SN', 'value': 'Senegal'}",2017,1356.80518449031
SEN,"{'id': 'SN', 'value': 'Senegal'}",2016,1266.43957151587
SEN,"{'id': 'SN', 'value': 'Senegal'}",2015,1218.00613555438
SRB,"{'id': 'RS', 'value': 'Serbia'}",2024,13679.2065983557
SRB,"{'id': 'RS', 'value': 'Serbia'}",2023,12281.707946167
SRB,"{'id': 'RS', 'value': 'Serbia'}",2022,10024.8191112596
SRB,"{'id': 'RS', 'value': 'Serbia'}",2021,9680.52798074468
SRB,"{'id': 'RS', 'value': 'Serbia'}",2020,8098.70955668849
SRB,"{'id': 'RS', 'value': 'Serbia'}",2019,7755.632986437
SRB,"{'id': 'RS', 'value': 'Serbia'}",2018,7559.86165747394
SRB,"{'id': 'RS', 'value': 'Serbia'}",2017,6548.03653824187
SRB,"{'id': 'RS', 'value': 'Serbia'}",2016,5982.37030126471
SRB,"{'id': 'RS', 'value': 'Serbia'}",2015,5820.3215576888
SYC,"{'id': 'SC', 'value': 'Seychelles'}",2024,17858.8226383978
SYC,"{'id': 'SC', 'value': 'Seychelles'}",2023,18262.7115849287
SYC,"{'id': 'SC', 'value': 'Seychelles'}",2022,16836.6721895387
SYC,"{'id': 'SC', 'value': 'Seychelles'}",2021,14982.9111487767
SYC,"{'id': 'SC', 'value': 'Seychelles'}",2020,14041.4754074575
SYC,"{'id': 'SC', 'value': 'Seychelles'}",2019,19141.5118743615
SYC,"{'id': 'SC', 'value': 'Seychelles'}",2018,18440.2340460932
SYC,"{'id': 'SC', 'value': 'Seychelles'}",2017,17480.3651911372
SYC,"{'id': 'SC', 'value': 'Seychelles'}",2016,16566.9946042294
SYC,"{'id': 'SC', 'value': 'Seychelles'}",2015,15333.1051727105
SLE,"{'id': 'SL', 'value': 'Sierra Leone'}",2024,806.654650417726
SLE,"{'id': 'SL', 'value': 'Sierra Leone'}",2023,758.329137378248
SLE,"{'id': 'SL', 'value': 'Sierra Leone'}",2022,860.371067916096
SLE,"{'id': 'SL', 'value': 'Sierra Leone'}",2021,885.396401885395
SLE,"{'id': 'SL', 'value': 'Sierra Leone'}",2020,845.277557920549
SLE,"{'id': 'SL', 'value': 'Sierra Leone'}",2019,843.712517809977
SLE,"{'id': 'SL', 'value': 'Sierra Leone'}",2018,845.914540460932
SLE,"{'id': 'SL', 'value': 'Sierra Leone'}",2017,779.186007841728
SLE,"{'id': 'SL', 'value': 'Sierra Leone'}",2016,844.416411175476
SLE,"{'id': 'SL', 'value': 'Sierra Leone'}",2015,964.575980888989
SGP,"{'id': 'SG', 'value': 'Singapore'}",2024,90674.066632628
SGP,"{'id': 'SG', 'value': 'Singapore'}",2023,85412.230345235
SGP,"{'id': 'SG', 'value': 'Singapore'}",2022,90299.0694637269
SGP,"{'id': 'SG', 'value': 'Singapore'}",2021,80056.1288247844
SGP,"{'id': 'SG', 'value': 'Singapore'}",2020,61410.0792630788
SGP,"{'id': 'SG', 'value': 'Singapore'}",2019,65952.0378959293
SGP,"{'id': 'SG', 'value': 'Singapore'}",2018,66881.6067035265
SGP,"{'id': 'SG', 'value': 'Singapore'}",2017,61236.251270627
SGP,"{'id': 'SG', 'value': 'Singapore'}",2016,57005.5887176547
SGP,"{'id': 'SG', 'value': 'Singapore'}",2015,55645.6068614606
SXM,"{'id': 'SX', 'value': 'Sint Maarten (Dutch part)'}",2024,41472.5874498583
SXM,"{'id': 'SX', 'value': 'Sint Maarten (Dutch part)'}",2023,39451.8223361963
SXM,"{'id': 'SX', 'value': 'Sint Maarten (Dutch part)'}",2022,37793.1284399157
SXM,"{'id': 'SX', 'value': 'Sint Maarten (Dutch part)'}",2021,32548.4366854902
SXM,"{'id': 'SX', 'value': 'Sint Maarten (Dutch part)'}",2020,30150.8998380477
SXM,"{'id': 'SX', 'value': 'Sint Maarten (Dutch part)'}",2019,34861.469528968
SXM,"{'id': 'SX', 'value': 'Sint Maarten (Dutch part)'}",2018,31708.3110124742
SXM,"{'id': 'SX', 'value': 'Sint Maarten (Dutch part)'}",2017,34701.3058494468
SXM,"{'id': 'SX', 'value': 'Sint Maarten (Dutch part)'}",2016,37308.6147795736
SXM,"{'id': 'SX', 'value': 'Sint Maarten (Dutch part)'}",2015,37839.6283815163
SVK,"{'id': 'SK', 'value': 'Slovak Republic'}",2024,25992.6748502048
SVK,"{'id': 'SK', 'value': 'Slovak Republic'}",2023,24614.8734642794
SVK,"{'id': 'SK', 'value': 'Slovak Republic'}",2022,21317.7943982363
SVK,"{'id': 'SK', 'value': 'Slovak Republic'}",2021,22123.3342114545
SVK,"{'id': 'SK', 'value': 'Slovak Republic'}",2020,19735.4858280801
SVK,"{'id': 'SK', 'value': 'Slovak Republic'}",2019,19406.0589683582
SVK,"{'id': 'SK', 'value': 'Slovak Republic'}",2018,19573.3717031314
SVK,"{'id': 'SK', 'value': 'Slovak Republic'}",2017,17645.5298716761
SVK,"{'id': 'SK', 'value': 'Slovak Republic'}",2016,16636.0769133073
SVK,"{'id': 'SK', 'value': 'Slovak Republic'}",2015,16442.0760860018
SVN,"{'id': 'SI', 'value': 'Slovenia'}",2024,34301.0318686594
SVN,"{'id': 'SI', 'value': 'Slovenia'}",2023,32660.4753581346
SVN,"{'id': 'SI', 'value': 'Slovenia'}",2022,28360.3041467268
SVN,"{'id': 'SI', 'value': 'Slovenia'}",2021,29192.8401933019
SVN,"{'id': 'SI', 'value': 'Slovenia'}",2020,25392.0651093612
SVN,"{'id': 'SI', 'value': 'Slovenia'}",2019,25814.1687167572
SVN,"{'id': 'SI', 'value': 'Slovenia'}",2018,25888.0481065655
SVN,"{'id': 'SI', 'value': 'Slovenia'}",2017,23303.077705959
SVN,"{'id': 'SI', 'value': 'Slovenia'}",2016,21447.8377796036
SVN,"{'id': 'SI', 'value': 'Slovenia'}",2015,20697.2748530619
SLB,"{'id': 'SB', 'value': 'Solomon Islands'}",2024,1933.55538435227
SLB,"{'id': 'SB', 'value': 'Solomon Islands'}",2023,1882.64394148042
SLB,"{'id': 'SB', 'value': 'Solomon Islands'}",2022,1877.78104490956
SLB,"{'id': 'SB', 'value': 'Solomon Islands'}",2021,2043.44413170658
SLB,"{'id': 'SB', 'value': 'Solomon Islands'}",2020,2063.32780991967
SLB,"{'id': 'SB', 'value': 'Solomon Islands'}",2019,2223.65890942466
SLB,"{'id': 'SB', 'value': 'Solomon Islands'}",2018,2278.19908624102
SLB,"{'id': 'SB', 'value': 'Solomon Islands'}",2017,2143.57670489272
SLB,"{'id': 'SB', 'value': 'Solomon Islands'}",2016,2082.62383124213
SLB,"{'id': 'SB', 'value': 'Solomon Islands'}",2015,2045.47721526649
SOM,"{'id': 'SO', 'value': 'Somalia, Fed. Rep.'}",2024,629.538899449007
SOM,"{'id': 'SO', 'value': 'Somalia, Fed. Rep.'}",2023,596.885985135589
SOM,"{'id': 'SO', 'value': 'Somalia, Fed. Rep.'}",2022,573.141165798229
SOM,"{'id': 'SO', 'value': 'Somalia, Fed. Rep.'}",2021,549.056994756254
SOM,"{'id': 'SO', 'value': 'Somalia, Fed. Rep.'}",2020,518.16113333875
SOM,"{'id': 'SO', 'value': 'Somalia, Fed. Rep.'}",2019,539.954816211694
SOM,"{'id': 'SO', 'value': 'Somalia, Fed. Rep.'}",2018,509.497273804534
SOM,"{'id': 'SO', 'value': 'Somalia, Fed. Rep.'}",2017,510.939952317726
SOM,"{'id': 'SO', 'value': 'Somalia, Fed. Rep.'}",2016,460.928490585175
SOM,"{'id': 'SO', 'value': 'Somalia, Fed. Rep.'}",2015,445.583080073396
ZAF,"{'id': 'ZA', 'value': 'South Africa'}",2024,6267.186814093
ZAF,"{'id': 'ZA', 'value': 'South Africa'}",2023,6034.27208964673
ZAF,"{'id': 'ZA', 'value': 'South Africa'}",2022,6534.24867783397
ZAF,"{'id': 'ZA', 'value': 'South Africa'}",2021,6828.75624590017
ZAF,"{'id': 'ZA', 'value': 'South Africa'}",2020,5580.60383075189
ZAF,"{'id': 'ZA', 'value': 'South Africa'}",2019,6533.71121032856
ZAF,"{'id': 'ZA', 'value': 'South Africa'}",2018,6914.1780318076
ZAF,"{'id': 'ZA', 'value': 'South Africa'}",2017,6618.33508255701
ZAF,"{'id': 'ZA', 'value': 'South Africa'}",2016,5651.20585165749
ZAF,"{'id': 'ZA', 'value': 'South Africa'}",2015,6112.27382485974
SSD,"{'id': 'SS', 'value': 'South Sudan'}",2024,
SSD,"{'id': 'SS', 'value': 'South Sudan'}",2023,
SSD,"{'id': 'SS', 'value': 'South Sudan'}",2022,
SSD,"{'id': 'SS', 'value': 'South Sudan'}",2021,
SSD,"{'id': 'SS', 'value': 'South Sudan'}",2020,
SSD,"{'id': 'SS', 'value': 'South Sudan'}",2019,
SSD,"{'id': 'SS', 'value': 'South Sudan'}",2018,
SSD,"{'id': 'SS', 'value': 'South Sudan'}",2017,
SSD,"{'id': 'SS', 'value': 'South Sudan'}",2016,
SSD,"{'id': 'SS', 'value': 'South Sudan'}",2015,1080.14718624765
ESP,"{'id': 'ES', 'value': 'Spain'}",2024,35326.7683069278
ESP,"{'id': 'ES', 'value': 'Spain'}",2023,33493.2225409111
ESP,"{'id': 'ES', 'value': 'Spain'}",2022,30319.4987196616
ESP,"{'id': 'ES', 'value': 'Spain'}",2021,30799.4775937775
ESP,"{'id': 'ES', 'value': 'Spain'}",2020,27233.9426461608
ESP,"{'id': 'ES', 'value': 'Spain'}",2019,29786.5245689007
ESP,"{'id': 'ES', 'value': 'Spain'}",2018,30602.4212881113
ESP,"{'id': 'ES', 'value': 'Spain'}",2017,28381.3425596906
ESP,"{'id': 'ES', 'value': 'Spain'}",2016,26755.6061149398
ESP,"{'id': 'ES', 'value': 'Spain'}",2015,25982.4416197775
LKA,"{'id': 'LK', 'value': 'Sri Lanka'}",2024,4515.56787322732
LKA,"{'id': 'LK', 'value': 'Sri Lanka'}",2023,3798.89016573011
LKA,"{'id': 'LK', 'value': 'Sri Lanka'}",2022,3342.63650253855
LKA,"{'id': 'LK', 'value': 'Sri Lanka'}",2021,3996.96240014909
LKA,"{'id': 'LK', 'value': 'Sri Lanka'}",2020,3847.60137695639
LKA,"{'id': 'LK', 'value': 'Sri Lanka'}",2019,4081.94772722003
LKA,"{'id': 'LK', 'value': 'Sri Lanka'}",2018,4358.56095906047
LKA,"{'id': 'LK', 'value': 'Sri Lanka'}",2017,4398.88828068715
LKA,"{'id': 'LK', 'value': 'Sri Lanka'}",2016,4149.19190775593
LKA,"{'id': 'LK', 'value': 'Sri Lanka'}",2015,4057.7158346231
KNA,"{'id': 'KN', 'value': 'St. Kitts and Nevis'}",2024,23960.6534357084
KNA,"{'id': 'KN', 'value': 'St. Kitts and Nevis'}",2023,22576.9248439166
KNA,"{'id': 'KN', 'value': 'St. Kitts and Nevis'}",2022,21011.5744209816
KNA,"{'id': 'KN', 'value': 'St. Kitts and Nevis'}",2021,18361.1449697886
KNA,"{'id': 'KN', 'value': 'St. Kitts and Nevis'}",2020,18859.0190361046
KNA,"{'id': 'KN', 'value': 'St. Kitts and Nevis'}",2019,23595.4923231291
KNA,"{'id': 'KN', 'value': 'St. Kitts and Nevis'}",2018,22901.3816403197
KNA,"{'id': 'KN', 'value': 'St. Kitts and Nevis'}",2017,22464.9899633959
KNA,"{'id': 'KN', 'value': 'St. Kitts and Nevis'}",2016,21387.5415511103
KNA,"{'id': 'KN', 'value': 'St. Kitts and Nevis'}",2015,20328.8003530109
LCA,"{'id': 'LC', 'value': 'St. Lucia'}",2024,14181.6303351598
LCA,"{'id': 'LC', 'value': 'St. Lucia'}",2023,13554.7684784933
LCA,"{'id': 'LC', 'value': 'St. Lucia'}",2022,13103.8243147472
LCA,"{'id': 'LC', 'value': 'St. Lucia'}",2021,10459.1321248092
LCA,"{'id': 'LC', 'value': 'St. Lucia'}",2020,8411.07474936367
LCA,"{'id': 'LC', 'value': 'St. Lucia'}",2019,11794.0597229805
LCA,"{'id': 'LC', 'value': 'St. Lucia'}",2018,11642.6984727769
LCA,"{'id': 'LC', 'value': 'St. Lucia'}",2017,11333.1123822102
LCA,"{'id': 'LC', 'value': 'St. Lucia'}",2016,10638.1269396653
LCA,"{'id': 'LC', 'value': 'St. Lucia'}",2015,10334.9860823918
MAF,"{'id': 'MF', 'value': 'St. Martin (French part)'}",2024,
MAF,"{'id': 'MF', 'value': 'St. Martin (French part)'}",2023,
MAF,"{'id': 'MF', 'value': 'St. Martin (French part)'}",2022,
MAF,"{'id': 'MF', 'value': 'St. Martin (French part)'}",2021,21668.3776525323
MAF,"{'id': 'MF', 'value': 'St. Martin (French part)'}",2020,
MAF,"{'id': 'MF', 'value': 'St. Martin (French part)'}",2019,19033.0649634889
MAF,"{'id': 'MF', 'value': 'St. Martin (French part)'}",2018,
MAF,"{'id': 'MF', 'value': 'St. Martin (French part)'}",2017,
MAF,"{'id': 'MF', 'value': 'St. Martin (French part)'}",2016,
MAF,"{'id': 'MF', 'value': 'St. Martin (French part)'}",2015,
VCT,"{'id': 'VC', 'value': 'St. Vincent and the Grenadines'}",2024,11501.2265187188
VCT,"{'id': 'VC', 'value': 'St. Vincent and the Grenadines'}",2023,10582.3656725229
VCT,"{'id': 'VC', 'value': 'St. Vincent and the Grenadines'}",2022,9693.55867833025
VCT,"{'id': 'VC', 'value': 'St. Vincent and the Grenadines'}",2021,8641.27904024443
VCT,"{'id': 'VC', 'value': 'St. Vincent and the Grenadines'}",2020,8351.20324040982
VCT,"{'id': 'VC', 'value': 'St. Vincent and the Grenadines'}",2019,8740.59425232061
VCT,"{'id': 'VC', 'value': 'St. Vincent and the Grenadines'}",2018,8428.12677153069
VCT,"{'id': 'VC', 'value': 'St. Vincent and the Grenadines'}",2017,7988.04445019298
VCT,"{'id': 'VC', 'value': 'St. Vincent and the Grenadines'}",2016,7656.90042881178
VCT,"{'id': 'VC', 'value': 'St. Vincent and the Grenadines'}",2015,7353.73556054184
SDN,"{'id': 'SD', 'value': 'Sudan'}",2024,984.607666015625
SDN,"{'id': 'SD', 'value': 'Sudan'}",2023,797.283447265625
SDN,"{'id': 'SD', 'value': 'Sudan'}",2022,1046.24084472656
SDN,"{'id': 'SD', 'value': 'Sudan'}",2021,712.122009277344
SDN,"{'id': 'SD', 'value': 'Sudan'}",2020,577.795227050781
SDN,"{'id': 'SD', 'value': 'Sudan'}",2019,709.975280761719
SDN,"{'id': 'SD', 'value': 'Sudan'}",2018,731.027465820313
SDN,"{'id': 'SD', 'value': 'Sudan'}",2017,966.505676269531
SDN,"{'id': 'SD', 'value': 'Sudan'}",2016,1033.21594238281
SDN,"{'id': 'SD', 'value': 'Sudan'}",2015,1292.37963867188
SUR,"{'id': 'SR', 'value': 'Suriname'}",2024,6961.78955961526
SUR,"{'id': 'SR', 'value': 'Suriname'}",2023,5521.97602122638
SUR,"{'id': 'SR', 'value': 'Suriname'}",2022,6084.43876736445
SUR,"{'id': 'SR', 'value': 'Suriname'}",2021,5029.84838543953
SUR,"{'id': 'SR', 'value': 'Suriname'}",2020,4755.39221710693
SUR,"{'id': 'SR', 'value': 'Suriname'}",2019,6629.66775248603
SUR,"{'id': 'SR', 'value': 'Suriname'}",2018,6665.74180472239
SUR,"{'id': 'SR', 'value': 'Suriname'}",2017,6049.52128553675
SUR,"{'id': 'SR', 'value': 'Suriname'}",2016,5644.2061057532
SUR,"{'id': 'SR', 'value': 'Suriname'}",2015,8813.61705392067
SWE,"{'id': 'SE', 'value': 'Sweden'}",2024,57117.4877440616
SWE,"{'id': 'SE', 'value': 'Sweden'}",2023,54950.2834725622
SWE,"{'id': 'SE', 'value': 'Sweden'}",2022,54836.8907235124
SWE,"{'id': 'SE', 'value': 'Sweden'}",2021,60647.5416365347
SWE,"{'id': 'SE', 'value': 'Sweden'}",2020,52568.5726980146
SWE,"{'id': 'SE', 'value': 'Sweden'}",2019,51648.9892820514
SWE,"{'id': 'SE', 'value': 'Sweden'}",2018,54018.4554391861
SWE,"{'id': 'SE', 'value': 'Sweden'}",2017,53210.2233318965
SWE,"{'id': 'SE', 'value': 'Sweden'}",2016,51703.5088332851
SWE,"{'id': 'SE', 'value': 'Sweden'}",2015,51188.1652120493
CHE,"{'id': 'CH', 'value': 'Switzerland'}",2024,103998.186685604
CHE,"{'id': 'CH', 'value': 'Switzerland'}",2023,100623.549627296
CHE,"{'id': 'CH', 'value': 'Switzerland'}",2022,94394.5106803525
CHE,"{'id': 'CH', 'value': 'Switzerland'}",2021,93664.7736696111
CHE,"{'id': 'CH', 'value': 'Switzerland'}",2020,85897.7843338323
CHE,"{'id': 'CH', 'value': 'Switzerland'}",2019,84121.9310304414
CHE,"{'id': 'CH', 'value': 'Switzerland'}",2018,85217.3691512274
CHE,"{'id': 'CH', 'value': 'Switzerland'}",2017,82254.3769269767
CHE,"{'id': 'CH', 'value': 'Switzerland'}",2016,82153.0745447889
CHE,"{'id': 'CH', 'value': 'Switzerland'}",2015,83806.4476003837
SYR,"{'id': 'SY', 'value': 'Syrian Arab Republic'}",2024,
SYR,"{'id': 'SY', 'value': 'Syrian Arab Republic'}",2023,
SYR,"{'id': 'SY', 'value': 'Syrian Arab Republic'}",2022,1051.67149587463
SYR,"{'id': 'SY', 'value': 'Syrian Arab Republic'}",2021,663.614245706815
SYR,"{'id': 'SY', 'value': 'Syrian Arab Republic'}",2020,572.355289831901
SYR,"{'id': 'SY', 'value': 'Syrian Arab Republic'}",2019,1109.53926036049
SYR,"{'id': 'SY', 'value': 'Syrian Arab Republic'}",2018,1098.0668642357
SYR,"{'id': 'SY', 'value': 'Syrian Arab Republic'}",2017,851.502005254153
SYR,"{'id': 'SY', 'value': 'Syrian Arab Republic'}",2016,656.3490586313
SYR,"{'id': 'SY', 'value': 'Syrian Arab Republic'}",2015,847.731631942565
TJK,"{'id': 'TJ', 'value': 'Tajikistan'}",2024,1341.20229027672
TJK,"{'id': 'TJ', 'value': 'Tajikistan'}",2023,1178.47990060249
TJK,"{'id': 'TJ', 'value': 'Tajikistan'}",2022,1052.17949484894
TJK,"{'id': 'TJ', 'value': 'Tajikistan'}",2021,896.748053372182
TJK,"{'id': 'TJ', 'value': 'Tajikistan'}",2020,834.311715460625
TJK,"{'id': 'TJ', 'value': 'Tajikistan'}",2019,871.022372934846
TJK,"{'id': 'TJ', 'value': 'Tajikistan'}",2018,834.288404578801
TJK,"{'id': 'TJ', 'value': 'Tajikistan'}",2017,829.45714764957
TJK,"{'id': 'TJ', 'value': 'Tajikistan'}",2016,788.710481734485
TJK,"{'id': 'TJ', 'value': 'Tajikistan'}",2015,956.916310930656
TZA,"{'id': 'TZ', 'value': 'Tanzania'}",2024,1186.71691894531
TZA,"{'id': 'TZ', 'value': 'Tanzania'}",2023,1224.00219726563
TZA,"{'id': 'TZ', 'value': 'Tanzania'}",2022,1207.52062988281
TZA,"{'id': 'TZ', 'value': 'Tanzania'}",2021,1159.85656738281
TZA,"{'id': 'TZ', 'value': 'Tanzania'}",2020,1117.41528320313
TZA,"{'id': 'TZ', 'value': 'Tanzania'}",2019,1063.32250976563
TZA,"{'id': 'TZ', 'value': 'Tanzania'}",2018,1023.10626220703
TZA,"{'id': 'TZ', 'value': 'Tanzania'}",2017,986.674011230469
TZA,"{'id': 'TZ', 'value': 'Tanzania'}",2016,953.0107421875
TZA,"{'id': 'TZ', 'value': 'Tanzania'}",2015,939.127319335938
THA,"{'id': 'TH', 'value': 'Thailand'}",2024,7346.62022142185
THA,"{'id': 'TH', 'value': 'Thailand'}",2023,7195.10130919449
THA,"{'id': 'TH', 'value': 'Thailand'}",2022,6909.35281815827
THA,"{'id': 'TH', 'value': 'Thailand'}",2021,7057.20754802279
THA,"{'id': 'TH', 'value': 'Thailand'}",2020,6985.64393892574
THA,"{'id': 'TH', 'value': 'Thailand'}",2019,7605.69657797759
THA,"{'id': 'TH', 'value': 'Thailand'}",2018,7099.77650081458
THA,"{'id': 'TH', 'value': 'Thailand'}",2017,6413.09182530343
THA,"{'id': 'TH', 'value': 'Thailand'}",2016,5833.57715617098
THA,"{'id': 'TH', 'value': 'Thailand'}",2015,5688.85335397884
TLS,"{'id': 'TL', 'value': 'Timor-Leste'}",2024,1331.9705130185
TLS,"{'id': 'TL', 'value': 'Timor-Leste'}",2023,1502.41147438211
TLS,"{'id': 'TL', 'value': 'Timor-Leste'}",2022,2343.24954740187
TLS,"{'id': 'TL', 'value': 'Timor-Leste'}",2021,2684.92676774277
TLS,"{'id': 'TL', 'value': 'Timor-Leste'}",2020,1630.86938521256
TLS,"{'id': 'TL', 'value': 'Timor-Leste'}",2019,1562.36458068032
TLS,"{'id': 'TL', 'value': 'Timor-Leste'}",2018,1219.46599728983
TLS,"{'id': 'TL', 'value': 'Timor-Leste'}",2017,1266.17771143471
TLS,"{'id': 'TL', 'value': 'Timor-Leste'}",2016,1335.54391073349
TLS,"{'id': 'TL', 'value': 'Timor-Leste'}",2015,1319.59295003154
TGO,"{'id': 'TG', 'value': 'Togo'}",2024,1119.38160509429
TGO,"{'id': 'TG', 'value': 'Togo'}",2023,1055.01727877926
TGO,"{'id': 'TG', 'value': 'Togo'}",2022,951.232378690387
TGO,"{'id': 'TG', 'value': 'Togo'}",2021,962.075187515872
TGO,"{'id': 'TG', 'value': 'Togo'}",2020,863.468665870276
TGO,"{'id': 'TG', 'value': 'Togo'}",2019,826.255209019798
TGO,"{'id': 'TG', 'value': 'Togo'}",2018,851.120561233595
TGO,"{'id': 'TG', 'value': 'Togo'}",2017,792.765700965864
TGO,"{'id': 'TG', 'value': 'Togo'}",2016,772.581357620609
TGO,"{'id': 'TG', 'value': 'Togo'}",2015,751.051987587248
TON,"{'id': 'TO', 'value': 'Tonga'}",2024,
TON,"{'id': 'TO', 'value': 'Tonga'}",2023,5651.59373063157
TON,"{'id': 'TO', 'value': 'Tonga'}",2022,5298.01941509951
TON,"{'id': 'TO', 'value': 'Tonga'}",2021,4922.80171378368
TON,"{'id': 'TO', 'value': 'Tonga'}",2020,4792.35854741522
TON,"{'id': 'TO', 'value': 'Tonga'}",2019,4788.83342304684
TON,"{'id': 'TO', 'value': 'Tonga'}",2018,4675.04791274385
TON,"{'id': 'TO', 'value': 'Tonga'}",2017,4365.92932788383
TON,"{'id': 'TO', 'value': 'Tonga'}",2016,3987.98626206287
TON,"{'id': 'TO', 'value': 'Tonga'}",2015,4123.90323993332
TTO,"{'id': 'TT', 'value': 'Trinidad and Tobago'}",2024,18733.4110406494
TTO,"{'id': 'TT', 'value': 'Trinidad and Tobago'}",2023,18308.4536298575
TTO,"{'id': 'TT', 'value': 'Trinidad and Tobago'}",2022,20750.5202434652
TTO,"{'id': 'TT', 'value': 'Trinidad and Tobago'}",2021,17712.5674104655
TTO,"{'id': 'TT', 'value': 'Trinidad and Tobago'}",2020,15283.6270531554
TTO,"{'id': 'TT', 'value': 'Trinidad and Tobago'}",2019,17212.6128892163
TTO,"{'id': 'TT', 'value': 'Trinidad and Tobago'}",2018,17571.498737278
TTO,"{'id': 'TT', 'value': 'Trinidad and Tobago'}",2017,17566.0999700656
TTO,"{'id': 'TT', 'value': 'Trinidad and Tobago'}",2016,17449.1538801956
TTO,"{'id': 'TT', 'value': 'Trinidad and Tobago'}",2015,19887.2327716498
TUN,"{'id': 'TN', 'value': 'Tunisia'}",2024,4181.13789301228
TUN,"{'id': 'TN', 'value': 'Tunisia'}",2023,3951.11683376921
TUN,"{'id': 'TN', 'value': 'Tunisia'}",2022,3707.29283414381
TUN,"{'id': 'TN', 'value': 'Tunisia'}",2021,3906.93926319391
TUN,"{'id': 'TN', 'value': 'Tunisia'}",2020,3548.65363663803
TUN,"{'id': 'TN', 'value': 'Tunisia'}",2019,3528.87213306798
TUN,"{'id': 'TN', 'value': 'Tunisia'}",2018,3628.10366464236
TUN,"{'id': 'TN', 'value': 'Tunisia'}",2017,3619.03247319953
TUN,"{'id': 'TN', 'value': 'Tunisia'}",2016,3847.80354448809
TUN,"{'id': 'TN', 'value': 'Tunisia'}",2015,4014.94773686432
TUR,"{'id': 'TR', 'value': 'Turkiye'}",2024,15892.7157287241
TUR,"{'id': 'TR', 'value': 'Turkiye'}",2023,13375.0947282864
TUR,"{'id': 'TR', 'value': 'Turkiye'}",2022,10897.8397861365
TUR,"{'id': 'TR', 'value': 'Turkiye'}",2021,9981.76398411336
TUR,"{'id': 'TR', 'value': 'Turkiye'}",2020,8798.11791709313
TUR,"{'id': 'TR', 'value': 'Turkiye'}",2019,9395.23378001368
TUR,"{'id': 'TR', 'value': 'Turkiye'}",2018,9684.11819884721
TUR,"{'id': 'TR', 'value': 'Turkiye'}",2017,10756.3877677883
TUR,"{'id': 'TR', 'value': 'Turkiye'}",2016,10984.3643169061
TUR,"{'id': 'TR', 'value': 'Turkiye'}",2015,11064.6494504662
TKM,"{'id': 'TM', 'value': 'Turkmenistan'}",2024,6856.65802730208
TKM,"{'id': 'TM', 'value': 'Turkmenistan'}",2023,6231.91323839698
TKM,"{'id': 'TM', 'value': 'Turkmenistan'}",2022,5837.84224538947
TKM,"{'id': 'TM', 'value': 'Turkmenistan'}",2021,5723.30227157906
TKM,"{'id': 'TM', 'value': 'Turkmenistan'}",2020,5972.72356566861
TKM,"{'id': 'TM', 'value': 'Turkmenistan'}",2019,5998.0017434754
TKM,"{'id': 'TM', 'value': 'Turkmenistan'}",2018,6125.05169712085
TKM,"{'id': 'TM', 'value': 'Turkmenistan'}",2017,5828.4816623489
TKM,"{'id': 'TM', 'value': 'Turkmenistan'}",2016,5686.98040962764
TKM,"{'id': 'TM', 'value': 'Turkmenistan'}",2015,5759.497903834
TCA,"{'id': 'TC', 'value': 'Turks and Caicos Islands'}",2024,37506.7798431288
TCA,"{'id': 'TC', 'value': 'Turks and Caicos Islands'}",2023,35470.2151608295
TCA,"{'id': 'TC', 'value': 'Turks and Caicos Islands'}",2022,31280.5418020808
TCA,"{'id': 'TC', 'value': 'Turks and Caicos Islands'}",2021,27329.2885087196
TCA,"{'id': 'TC', 'value': 'Turks and Caicos Islands'}",2020,20690.9160546118
TCA,"{'id': 'TC', 'value': 'Turks and Caicos Islands'}",2019,31780.5217068989
TCA,"{'id': 'TC', 'value': 'Turks and Caicos Islands'}",2018,31625.616593277
TCA,"{'id': 'TC', 'value': 'Turks and Caicos Islands'}",2017,30014.2309523213
TCA,"{'id': 'TC', 'value': 'Turks and Caicos Islands'}",2016,31373.5612684327
TCA,"{'id': 'TC', 'value': 'Turks and Caicos Islands'}",2015,29457.0140691162
TUV,"{'id': 'TV', 'value': 'Tuvalu'}",2024,
TUV,"{'id': 'TV', 'value': 'Tuvalu'}",2023,6344.7750188689
TUV,"{'id': 'TV', 'value': 'Tuvalu'}",2022,5911.32727055301
TUV,"{'id': 'TV', 'value': 'Tuvalu'}",2021,5905.08198095343
TUV,"{'id': 'TV', 'value': 'Tuvalu'}",2020,4976.11254109571
TUV,"{'id': 'TV', 'value': 'Tuvalu'}",2019,5115.13075950206
TUV,"{'id': 'TV', 'value': 'Tuvalu'}",2018,4466.12034928245
TUV,"{'id': 'TV', 'value': 'Tuvalu'}",2017,4165.66338700106
TUV,"{'id': 'TV', 'value': 'Tuvalu'}",2016,3808.69755015909
TUV,"{'id': 'TV', 'value': 'Tuvalu'}",2015,3357.83417700071
UGA,"{'id': 'UG', 'value': 'Uganda'}",2024,1077.91278452817
UGA,"{'id': 'UG', 'value': 'Uganda'}",2023,1002.30913917142
UGA,"{'id': 'UG', 'value': 'Uganda'}",2022,963.067314117178
UGA,"{'id': 'UG', 'value': 'Uganda'}",2021,882.791717542504
UGA,"{'id': 'UG', 'value': 'Uganda'}",2020,845.766463890124
UGA,"{'id': 'UG', 'value': 'Uganda'}",2019,822.171150036357
UGA,"{'id': 'UG', 'value': 'Uganda'}",2018,792.16570022814
UGA,"{'id': 'UG', 'value': 'Uganda'}",2017,765.218332297361
UGA,"{'id': 'UG', 'value': 'Uganda'}",2016,752.696571725656
UGA,"{'id': 'UG', 'value': 'Uganda'}",2015,862.934610355811
UKR,"{'id': 'UA', 'value': 'Ukraine'}",2024,5389.47314453125
UKR,"{'id': 'UA', 'value': 'Ukraine'}",2023,5139.59814453125
UKR,"{'id': 'UA', 'value': 'Ukraine'}",2022,4199.6708984375
UKR,"{'id': 'UA', 'value': 'Ukraine'}",2021,4775.94580078125
UKR,"{'id': 'UA', 'value': 'Ukraine'}",2020,3709.76928710938
UKR,"{'id': 'UA', 'value': 'Ukraine'}",2019,3619.86157226563
UKR,"{'id': 'UA', 'value': 'Ukraine'}",2018,3059.0517578125
UKR,"{'id': 'UA', 'value': 'Ukraine'}",2017,2604.28759765625
UKR,"{'id': 'UA', 'value': 'Ukraine'}",2016,2158.46118164063
UKR,"{'id': 'UA', 'value': 'Ukraine'}",2015,2094.47387695313
ARE,"{'id': 'AE', 'value': 'United Arab Emirates'}",2024,50273.5060469837
ARE,"{'id': 'AE', 'value': 'United Arab Emirates'}",2023,49850.6872175164
ARE,"{'id': 'AE', 'value': 'United Arab Emirates'}",2022,50759.7589231191
ARE,"{'id': 'AE', 'value': 'United Arab Emirates'}",2021,44118.5047192771
ARE,"{'id': 'AE', 'value': 'United Arab Emirates'}",2020,37991.7492971665
ARE,"{'id': 'AE', 'value': 'United Arab Emirates'}",2019,45938.6073581994
ARE,"{'id': 'AE', 'value': 'United Arab Emirates'}",2018,47135.3591943971
ARE,"{'id': 'AE', 'value': 'United Arab Emirates'}",2017,43733.6192287435
ARE,"{'id': 'AE', 'value': 'United Arab Emirates'}",2016,42721.0999383185
ARE,"{'id': 'AE', 'value': 'United Arab Emirates'}",2015,44910.334995523
GBR,"{'id': 'GB', 'value': 'United Kingdom'}",2024,53246.3676145108
GBR,"{'id': 'GB', 'value': 'United Kingdom'}",2023,49944.4702124201
GBR,"{'id': 'GB', 'value': 'United Kingdom'}",2022,47057.043229179
GBR,"{'id': 'GB', 'value': 'United Kingdom'}",2021,47691.3768799404
GBR,"{'id': 'GB', 'value': 'United Kingdom'}",2020,40812.6794663879
GBR,"{'id': 'GB', 'value': 'United Kingdom'}",2019,43158.7411267323
GBR,"{'id': 'GB', 'value': 'United Kingdom'}",2018,43702.9976303165
GBR,"{'id': 'GB', 'value': 'United Kingdom'}",2017,40916.8115070354
GBR,"{'id': 'GB', 'value': 'United Kingdom'}",2016,41257.9085545556
GBR,"{'id': 'GB', 'value': 'United Kingdom'}",2015,45255.3449216209
USA,"{'id': 'US', 'value': 'United States'}",2024,84534.0407841548
USA,"{'id': 'US', 'value': 'United States'}",2023,81032.262117545
USA,"{'id': 'US', 'value': 'United States'}",2022,76657.2488844403
USA,"{'id': 'US', 'value': 'United States'}",2021,70205.050916026
USA,"{'id': 'US', 'value': 'United States'}",2020,63515.9491807833
USA,"{'id': 'US', 'value': 'United States'}",2019,64746.4506778863
USA,"{'id': 'US', 'value': 'United States'}",2018,62499.8744390068
USA,"{'id': 'US', 'value': 'United States'}",2017,59635.0984397965
USA,"{'id': 'US', 'value': 'United States'}",2016,57638.1018367192
USA,"{'id': 'US', 'value': 'United States'}",2015,56572.9188996063
URY,"{'id': 'UY', 'value': 'Uruguay'}",2024,23906.5133029408
URY,"{'id': 'UY', 'value': 'Uruguay'}",2023,23019.4221560046
URY,"{'id': 'UY', 'value': 'Uruguay'}",2022,20818.6146091144
URY,"{'id': 'UY', 'value': 'Uruguay'}",2021,17881.818721099
URY,"{'id': 'UY', 'value': 'Uruguay'}",2020,15757.5355995779
URY,"{'id': 'UY', 'value': 'Uruguay'}",2019,18315.7316980028
URY,"{'id': 'UY', 'value': 'Uruguay'}",2018,19249.9404677501
URY,"{'id': 'UY', 'value': 'Uruguay'}",2017,19184.6502617082
URY,"{'id': 'UY', 'value': 'Uruguay'}",2016,17009.7584207276
URY,"{'id': 'UY', 'value': 'Uruguay'}",2015,17125.9016800298
UZB,"{'id': 'UZ', 'value': 'Uzbekistan'}",2024,3161.70010632875
UZB,"{'id': 'UZ', 'value': 'Uzbekistan'}",2023,2878.96879292451
UZB,"{'id': 'UZ', 'value': 'Uzbekistan'}",2022,2578.66689394219
UZB,"{'id': 'UZ', 'value': 'Uzbekistan'}",2021,2258.51964119278
UZB,"{'id': 'UZ', 'value': 'Uzbekistan'}",2020,1978.28051860763
UZB,"{'id': 'UZ', 'value': 'Uzbekistan'}",2019,2041.38480729431
UZB,"{'id': 'UZ', 'value': 'Uzbekistan'}",2018,1813.08530813664
UZB,"{'id': 'UZ', 'value': 'Uzbekistan'}",2017,2190.60411562888
UZB,"{'id': 'UZ', 'value': 'Uzbekistan'}",2016,2753.37951427589
UZB,"{'id': 'UZ', 'value': 'Uzbekistan'}",2015,2803.19018021751
VUT,"{'id': 'VU', 'value': 'Vanuatu'}",2024,3410.77023167097
VUT,"{'id': 'VU', 'value': 'Vanuatu'}",2023,3482.61458237637
VUT,"{'id': 'VU', 'value': 'Vanuatu'}",2022,3370.21191956953
VUT,"{'id': 'VU', 'value': 'Vanuatu'}",2021,3107.20312858002
VUT,"{'id': 'VU', 'value': 'Vanuatu'}",2020,3042.98711598286
VUT,"{'id': 'VU', 'value': 'Vanuatu'}",2019,3207.44650452083
VUT,"{'id': 'VU', 'value': 'Vanuatu'}",2018,3206.65748718811
VUT,"{'id': 'VU', 'value': 'Vanuatu'}",2017,3159.86055790126
VUT,"{'id': 'VU', 'value': 'Vanuatu'}",2016,2956.12644801489
VUT,"{'id': 'VU', 'value': 'Vanuatu'}",2015,2854.89412272653
VEN,"{'id': 'VE', 'value': 'Venezuela, RB'}",2024,4217.59102643391
VEN,"{'id': 'VE', 'value': 'Venezuela, RB'}",2023,3617.43594578269
VEN,"{'id': 'VE', 'value': 'Venezuela, RB'}",2022,3155.04207099687
VEN,"{'id': 'VE', 'value': 'Venezuela, RB'}",2021,2004.93397949792
VEN,"{'id': 'VE', 'value': 'Venezuela, RB'}",2020,1506.0436210041
VEN,"{'id': 'VE', 'value': 'Venezuela, RB'}",2019,2523.11275230667
VEN,"{'id': 'VE', 'value': 'Venezuela, RB'}",2018,3422.65467014854
VEN,"{'id': 'VE', 'value': 'Venezuela, RB'}",2017,3791.33160682077
VEN,"{'id': 'VE', 'value': 'Venezuela, RB'}",2016,3670.15737848208
VEN,"{'id': 'VE', 'value': 'Venezuela, RB'}",2015,4103.1384987005
VNM,"{'id': 'VN', 'value': 'Viet Nam'}",2024,4717.29028732449
VNM,"{'id': 'VN', 'value': 'Viet Nam'}",2023,4323.35031982451
VNM,"{'id': 'VN', 'value': 'Viet Nam'}",2022,4147.69777213621
VNM,"{'id': 'VN', 'value': 'Viet Nam'}",2021,3704.1935590038
VNM,"{'id': 'VN', 'value': 'Viet Nam'}",2020,3534.03953482647
VNM,"{'id': 'VN', 'value': 'Viet Nam'}",2019,3440.90025375434
VNM,"{'id': 'VN', 'value': 'Viet Nam'}",2018,3222.31003125366
VNM,"{'id': 'VN', 'value': 'Viet Nam'}",2017,2956.10992127753
VNM,"{'id': 'VN', 'value': 'Viet Nam'}",2016,2735.0604380416
VNM,"{'id': 'VN', 'value': 'Viet Nam'}",2015,2577.56885340113
VIR,"{'id': 'VI', 'value': 'Virgin Islands (U.S.)'}",2024,
VIR,"{'id': 'VI', 'value': 'Virgin Islands (U.S.)'}",2023,
VIR,"{'id': 'VI', 'value': 'Virgin Islands (U.S.)'}",2022,44320.909185774
VIR,"{'id': 'VI', 'value': 'Virgin Islands (U.S.)'}",2021,42571.0777368471
VIR,"{'id': 'VI', 'value': 'Virgin Islands (U.S.)'}",2020,39787.3741650202
VIR,"{'id': 'VI', 'value': 'Virgin Islands (U.S.)'}",2019,38633.5298915336
VIR,"{'id': 'VI', 'value': 'Virgin Islands (U.S.)'}",2018,36663.2087550584
VIR,"{'id': 'VI', 'value': 'Virgin Islands (U.S.)'}",2017,35365.0693039774
VIR,"{'id': 'VI', 'value': 'Virgin Islands (U.S.)'}",2016,35324.9748874586
VIR,"{'id': 'VI', 'value': 'Virgin Islands (U.S.)'}",2015,34007.3529411765
PSE,"{'id': 'PS', 'value': 'West Bank and Gaza'}",2024,2592.30591217647
PSE,"{'id': 'PS', 'value': 'West Bank and Gaza'}",2023,3455.02852911712
PSE,"{'id': 'PS', 'value': 'West Bank and Gaza'}",2022,3799.95527015163
PSE,"{'id': 'PS', 'value': 'West Bank and Gaza'}",2021,3678.63565662194
PSE,"{'id': 'PS', 'value': 'West Bank and Gaza'}",2020,3233.56863835858
PSE,"{'id': 'PS', 'value': 'West Bank and Gaza'}",2019,3656.85827137011
PSE,"{'id': 'PS', 'value': 'West Bank and Gaza'}",2018,3562.33094270256
PSE,"{'id': 'PS', 'value': 'West Bank and Gaza'}",2017,3620.36048715937
PSE,"{'id': 'PS', 'value': 'West Bank and Gaza'}",2016,3527.61382413178
PSE,"{'id': 'PS', 'value': 'West Bank and Gaza'}",2015,3272.15432360708
YEM,"{'id': 'YE', 'value': 'Yemen, Rep.'}",2024,
YEM,"{'id': 'YE', 'value': 'Yemen, Rep.'}",2023,
YEM,"{'id': 'YE', 'value': 'Yemen, Rep.'}",2022,
YEM,"{'id': 'YE', 'value': 'Yemen, Rep.'}",2021,
YEM,"{'id': 'YE', 'value': 'Yemen, Rep.'}",2020,
YEM,"{'id': 'YE', 'value': 'Yemen, Rep.'}",2019,
YEM,"{'id': 'YE', 'value': 'Yemen, Rep.'}",2018,633.887202451545
YEM,"{'id': 'YE', 'value': 'Yemen, Rep.'}",2017,811.165970405745
YEM,"{'id': 'YE', 'value': 'Yemen, Rep.'}",2016,975.359417003225
YEM,"{'id': 'YE', 'value': 'Yemen, Rep.'}",2015,1362.1738120601
ZMB,"{'id': 'ZM', 'value': 'Zambia'}",2024,1187.10943350064
ZMB,"{'id': 'ZM', 'value': 'Zambia'}",2023,1330.72780576709
ZMB,"{'id': 'ZM', 'value': 'Zambia'}",2022,1447.12310138035
ZMB,"{'id': 'ZM', 'value': 'Zambia'}",2021,1127.16077872857
ZMB,"{'id': 'ZM', 'value': 'Zambia'}",2020,951.644316655957
ZMB,"{'id': 'ZM', 'value': 'Zambia'}",2019,1258.98619844462
ZMB,"{'id': 'ZM', 'value': 'Zambia'}",2018,1463.89997855593
ZMB,"{'id': 'ZM', 'value': 'Zambia'}",2017,1483.46577328065
ZMB,"{'id': 'ZM', 'value': 'Zambia'}",2016,1239.08527877713
ZMB,"{'id': 'ZM', 'value': 'Zambia'}",2015,1295.87788680068
ZWE,"{'id': 'ZW', 'value': 'Zimbabwe'}",2024,2497.20332208763
ZWE,"{'id': 'ZW', 'value': 'Zimbabwe'}",2023,2195.22492079245
ZWE,"{'id': 'ZW', 'value': 'Zimbabwe'}",2022,2536.40050223076
ZWE,"{'id': 'ZW', 'value': 'Zimbabwe'}",2021,2613.60542083552
ZWE,"{'id': 'ZW', 'value': 'Zimbabwe'}",2020,2059.67445384499
ZWE,"{'id': 'ZW', 'value': 'Zimbabwe'}",2019,2184.32923855469
ZWE,"{'id': 'ZW', 'value': 'Zimbabwe'}",2018,2270.89531874302
ZWE,"{'id': 'ZW', 'value': 'Zimbabwe'}",2017,3445.44941020134
ZWE,"{'id': 'ZW', 'value': 'Zimbabwe'}",2016,1408.13945253431
ZWE,"{'id': 'ZW', 'value': 'Zimbabwe'}",2015,1387.12632595026
