country,product,date,producer_price_usd
Albania,Apples,2015,389.0
Albania,Apples,2016,381.3
Albania,Apples,2017,461.6
Albania,Apples,2018,435.2
Albania,Apricots,2015,746.3
Albania,Apricots,2016,732.1
Albania,Apricots,2017,599.1
Albania,Apricots,2018,777.8
Albania,Barley,2015,341.4
Albania,Barley,2016,319.7
Albania,Barley,2017,303.6
Albania,Barley,2018,302.2
Albania,"Beans, dry",2015,1738.6
Albania,"Beans, dry",2016,1661.7
Albania,"Beans, dry",2017,1710.4
Albania,"Beans, dry",2018,2078.7
Albania,Cabbages,2015,317.6
Albania,Cabbages,2016,202.1
Albania,Cabbages,2017,180.6
Albania,Cabbages,2018,206.7
Albania,Cantaloupes and other melons,2015,379.5
Albania,Cantaloupes and other melons,2016,361.0
Albania,Cantaloupes and other melons,2017,432.5
Albania,Cantaloupes and other melons,2018,383.8
Albania,Carrots and turnips,2015,396.9
Albania,Carrots and turnips,2016,377.5
Albania,Carrots and turnips,2017,370.3
Albania,Carrots and turnips,2018,391.4
Albania,Cauliflowers and broccoli,2015,714.5
Albania,Cauliflowers and broccoli,2016,760.9
Albania,Cauliflowers and broccoli,2017,891.3
Albania,Cauliflowers and broccoli,2018,784.0
Albania,Cherries,2015,746.3
Albania,Cherries,2016,1169.7
Albania,Cherries,2017,1346.6
Albania,Cherries,2018,641.9
Albania,"Chestnuts, in shell",2015,1190.8
Albania,"Chestnuts, in shell",2016,1256.1
Albania,"Chestnuts, in shell",2017,1640.4
Albania,"Chestnuts, in shell",2018,1032.7
Albania,"Chillies and peppers, green (Capsicum spp. and Pimenta spp.)",2015,277.9
Albania,"Chillies and peppers, green (Capsicum spp. and Pimenta spp.)",2016,317.5
Albania,Cucumbers and gherkins,2015,531.9
Albania,Cucumbers and gherkins,2016,481.7
Albania,Cucumbers and gherkins,2017,553.7
Albania,Cucumbers and gherkins,2018,470.3
Albania,Dates,2015,254.0
Albania,Dates,2016,342.7
Albania,Dates,2017,346.3
Albania,Dates,2018,369.8
Albania,Eggplants (aubergines),2015,547.8
Albania,Eggplants (aubergines),2016,487.9
Albania,Eggplants (aubergines),2017,841.9
Albania,Eggplants (aubergines),2018,750.3
Albania,Figs,2015,698.6
Albania,Figs,2016,724.5
Albania,Figs,2017,911.4
Albania,Figs,2018,1052.0
Albania,Grapes,2015,539.9
Albania,Grapes,2016,561.8
Albania,Grapes,2017,694.5
Albania,Grapes,2018,619.0
Albania,Green garlic,2015,1468.7
Albania,Green garlic,2016,1623.5
Albania,Green garlic,2017,1903.0
Albania,Green garlic,2018,1924.8
Albania,"Hen eggs in shell, fresh",2015,3061.7
Albania,"Hen eggs in shell, fresh",2016,2946.5
Albania,"Hen eggs in shell, fresh",2017,3108.0
Albania,"Hen eggs in shell, fresh",2018,3358.5
Albania,Leeks and other alliaceous vegetables,2015,317.6
Albania,Leeks and other alliaceous vegetables,2016,244.5
Albania,Leeks and other alliaceous vegetables,2017,278.5
Albania,Leeks and other alliaceous vegetables,2018,282.3
Albania,Lemons and limes,2015,539.9
Albania,Lemons and limes,2016,729.9
Albania,Lemons and limes,2017,1055.3
Albania,Lemons and limes,2018,843.0
Albania,Lettuce and chicory,2015,555.7
Albania,Lettuce and chicory,2016,500.6
Albania,Lettuce and chicory,2017,616.0
Albania,Lettuce and chicory,2018,659.0
Albania,Maize (corn),2015,293.7
Albania,Maize (corn),2016,290.2
Albania,Maize (corn),2017,278.7
Albania,Maize (corn),2018,300.3
Albania,"Meat of cattle with the bone, fresh or chilled (biological)",2015,3022.4
Albania,"Meat of cattle with the bone, fresh or chilled (biological)",2016,3058.8
Albania,"Meat of cattle with the bone, fresh or chilled (biological)",2017,3199.6
Albania,"Meat of cattle with the bone, fresh or chilled (biological)",2018,3569.9
Albania,"Meat of chickens, fresh or chilled (biological)",2015,2745.7
Albania,"Meat of chickens, fresh or chilled (biological)",2016,2412.3
Albania,"Meat of chickens, fresh or chilled (biological)",2017,2469.7
Albania,"Meat of chickens, fresh or chilled (biological)",2018,2829.8
Albania,"Meat of goat, fresh or chilled (biological)",2015,2711.4
Albania,"Meat of goat, fresh or chilled (biological)",2016,2096.8
Albania,"Meat of goat, fresh or chilled (biological)",2017,2192.0
Albania,"Meat of goat, fresh or chilled (biological)",2018,2386.6
Albania,"Meat of pig with the bone, fresh or chilled (biological)",2015,2737.0
Albania,"Meat of pig with the bone, fresh or chilled (biological)",2016,2787.7
Albania,"Meat of pig with the bone, fresh or chilled (biological)",2017,2961.6
Albania,"Meat of pig with the bone, fresh or chilled (biological)",2018,3325.6
Albania,"Meat of sheep, fresh or chilled (biological)",2015,2749.8
Albania,"Meat of sheep, fresh or chilled (biological)",2016,2162.7
Albania,"Meat of sheep, fresh or chilled (biological)",2017,2181.3
Albania,"Meat of sheep, fresh or chilled (biological)",2018,2520.3
Albania,"Meat of turkeys, fresh or chilled (biological)",2015,4787.2
Albania,"Meat of turkeys, fresh or chilled (biological)",2016,5161.5
Albania,"Meat of turkeys, fresh or chilled (biological)",2017,5422.2
Albania,"Meat of turkeys, fresh or chilled (biological)",2018,5580.6
Albania,Natural honey,2015,11510.0
Albania,Natural honey,2016,11957.8
Albania,Natural honey,2017,11181.7
Albania,Natural honey,2018,12290.4
Albania,Oats,2015,317.6
Albania,Oats,2016,329.1
Albania,Oats,2017,322.4
Albania,Oats,2018,342.9
Albania,Olives,2015,1429.0
Albania,Olives,2016,1447.8
Albania,Olives,2017,1606.9
Albania,Olives,2018,1025.9
Albania,"Onions and shallots, dry (excluding dehydrated)",2015,317.6
Albania,"Onions and shallots, dry (excluding dehydrated)",2016,319.2
Albania,"Onions and shallots, dry (excluding dehydrated)",2017,298.1
Albania,"Onions and shallots, dry (excluding dehydrated)",2018,403.0
Albania,"Onions and shallots, green",2015,508.1
Albania,"Onions and shallots, green",2016,456.6
Albania,"Onions and shallots, green",2017,639.1
Albania,"Onions and shallots, green",2018,673.4
Albania,Oranges,2015,444.6
Albania,Oranges,2016,397.7
Albania,Oranges,2017,455.1
Albania,Oranges,2018,500.1
Albania,"Other beans, green",2016,767.5
Albania,"Other beans, green",2017,848.8
Albania,"Other beans, green",2018,976.7
Albania,"Other nuts (excluding wild edible nuts and groundnuts), in shell, n.e.c.",2015,3151.8
Albania,"Other nuts (excluding wild edible nuts and groundnuts), in shell, n.e.c.",2016,3050.6
Albania,"Other nuts (excluding wild edible nuts and groundnuts), in shell, n.e.c.",2017,3540.8
Albania,"Other nuts (excluding wild edible nuts and groundnuts), in shell, n.e.c.",2018,4112.6
Albania,Peaches and nectarines,2015,627.2
Albania,Peaches and nectarines,2016,603.6
Albania,Peaches and nectarines,2017,503.1
Albania,Peaches and nectarines,2018,587.1
Albania,Pears,2015,698.6
Albania,Pears,2016,674.7
Albania,Pears,2017,728.6
Albania,Pears,2018,736.0
Albania,"Peas, green",2016,666.2
Albania,"Peas, green",2017,627.8
Albania,"Peas, green",2018,782.1
Albania,Plums and sloes,2015,357.3
Albania,Plums and sloes,2016,343.5
Albania,Plums and sloes,2017,509.7
Albania,Plums and sloes,2018,541.9
Albania,Potatoes,2015,246.1
Albania,Potatoes,2016,293.3
Albania,Potatoes,2017,281.7
Albania,Potatoes,2018,309.2
Albania,"Pumpkins, squash and gourds",2015,404.9
Albania,"Pumpkins, squash and gourds",2016,421.7
Albania,"Pumpkins, squash and gourds",2017,626.7
Albania,"Pumpkins, squash and gourds",2018,557.7
Albania,Quinces,2015,563.7
Albania,Quinces,2016,748.6
Albania,Quinces,2017,688.9
Albania,Quinces,2018,743.8
Albania,Raw milk of cattle,2015,418.5
Albania,Raw milk of cattle,2016,328.5
Albania,Raw milk of cattle,2017,350.2
Albania,Raw milk of cattle,2018,371.8
Albania,Raw milk of goats,2015,415.4
Albania,Raw milk of goats,2016,450.6
Albania,Raw milk of goats,2017,461.1
Albania,Raw milk of goats,2018,453.7
Albania,Raw milk of sheep,2015,436.0
Albania,Raw milk of sheep,2016,650.9
Albania,Raw milk of sheep,2017,665.6
Albania,Raw milk of sheep,2018,755.5
Albania,Rye,2015,381.1
Albania,Rye,2016,430.5
Albania,Rye,2017,500.4
Albania,Rye,2018,482.1
Albania,"Shorn wool, greasy, including fleece-washed shorn wool",2015,385.0
Albania,"Shorn wool, greasy, including fleece-washed shorn wool",2016,436.7
Albania,"Shorn wool, greasy, including fleece-washed shorn wool",2017,434.8
Albania,"Shorn wool, greasy, including fleece-washed shorn wool",2018,466.1
Albania,Soya beans,2015,793.9
Albania,Soya beans,2016,525.5
Albania,Soya beans,2017,539.0
Albania,Soya beans,2018,550.5
Albania,Spinach,2015,524.0
Albania,Spinach,2016,493.2
Albania,Spinach,2017,563.0
Albania,Spinach,2018,786.1
Albania,Sunflower seed,2015,1032.1
Albania,Sunflower seed,2016,839.9
Albania,Sunflower seed,2017,965.2
Albania,Sunflower seed,2018,1148.7
Albania,"Tangerines, mandarins, clementines",2015,468.4
Albania,"Tangerines, mandarins, clementines",2016,445.3
Albania,"Tangerines, mandarins, clementines",2017,517.4
Albania,"Tangerines, mandarins, clementines",2018,478.5
Albania,Tomatoes,2015,460.5
Albania,Tomatoes,2016,446.2
Albania,Tomatoes,2017,476.4
Albania,Tomatoes,2018,548.8
Albania,Unmanufactured tobacco,2015,2088.0
Albania,Unmanufactured tobacco,2016,2291.6
Albania,Unmanufactured tobacco,2017,3072.6
Albania,Unmanufactured tobacco,2018,3841.0
Albania,Watermelons,2015,150.8
Albania,Watermelons,2016,133.9
Albania,Watermelons,2017,191.8
Albania,Watermelons,2018,177.1
Albania,Wheat,2015,301.7
Albania,Wheat,2016,296.9
Albania,Wheat,2017,276.9
Albania,Wheat,2018,294.0
Algeria,Apples,2015,1310.9
Algeria,Apples,2016,1736.1
Algeria,Apples,2017,2126.6
Algeria,Apples,2018,1844.0
Algeria,Barley,2015,248.3
Algeria,Barley,2016,228.4
Algeria,Barley,2017,225.3
Algeria,Barley,2018,214.4
Algeria,"Broad beans and horse beans, green",2015,645.5
Algeria,"Broad beans and horse beans, green",2016,612.2
Algeria,"Broad beans and horse beans, green",2017,567.7
Algeria,"Broad beans and horse beans, green",2018,488.9
Algeria,Cabbages,2015,456.8
Algeria,Cabbages,2016,402.0
Algeria,Cabbages,2017,450.6
Algeria,Cabbages,2018,428.8
Algeria,Cantaloupes and other melons,2015,585.9
Algeria,Cantaloupes and other melons,2016,648.7
Algeria,Cantaloupes and other melons,2017,531.7
Algeria,Cantaloupes and other melons,2018,566.1
Algeria,Carrots and turnips,2015,427.0
Algeria,Carrots and turnips,2016,365.5
Algeria,Carrots and turnips,2017,405.5
Algeria,Carrots and turnips,2018,377.4
Algeria,Cauliflowers and broccoli,2015,546.2
Algeria,Cauliflowers and broccoli,2016,530.0
Algeria,Cauliflowers and broccoli,2017,576.7
Algeria,Cauliflowers and broccoli,2018,514.6
Algeria,"Chillies and peppers, green (Capsicum spp. and Pimenta spp.)",2015,774.6
Algeria,"Chillies and peppers, green (Capsicum spp. and Pimenta spp.)",2016,657.9
Algeria,"Chillies and peppers, green (Capsicum spp. and Pimenta spp.)",2017,666.8
Algeria,"Chillies and peppers, green (Capsicum spp. and Pimenta spp.)",2018,643.3
Algeria,Dates,2015,3694.5
Algeria,Dates,2016,3700.6
Algeria,Dates,2017,3802.7
Algeria,Dates,2018,3370.7
Algeria,Grapes,2015,1171.9
Algeria,Grapes,2016,1398.0
Algeria,Grapes,2017,1297.6
Algeria,Grapes,2018,1543.8
Algeria,Green garlic,2015,2542.4
Algeria,Green garlic,2016,3207.1
Algeria,Green garlic,2017,4487.6
Algeria,Green garlic,2018,2487.3
Algeria,"Hen eggs in shell, fresh",2015,1787.6
Algeria,"Hen eggs in shell, fresh",2016,1644.7
Algeria,"Hen eggs in shell, fresh",2017,1802.2
Algeria,"Hen eggs in shell, fresh",2018,1543.8
Algeria,Lemons and limes,2015,1251.3
Algeria,Lemons and limes,2016,1352.3
Algeria,Lemons and limes,2017,1567.9
Algeria,Lemons and limes,2018,1466.6
Algeria,Lettuce and chicory,2015,566.1
Algeria,Lettuce and chicory,2016,530.0
Algeria,Lettuce and chicory,2017,549.7
Algeria,Lettuce and chicory,2018,531.8
Algeria,"Meat of cattle with the bone, fresh or chilled",2015,7657.1
Algeria,"Meat of cattle with the bone, fresh or chilled",2016,6852.9
Algeria,"Meat of cattle with the bone, fresh or chilled",2017,6938.6
Algeria,"Meat of cattle with the bone, fresh or chilled",2018,8276.6
Algeria,"Meat of chickens, fresh or chilled",2015,2631.8
Algeria,"Meat of chickens, fresh or chilled",2016,2339.1
Algeria,"Meat of chickens, fresh or chilled",2017,2180.7
Algeria,"Meat of chickens, fresh or chilled",2018,2453.0
Algeria,"Meat of sheep, fresh or chilled",2015,11371.4
Algeria,"Meat of sheep, fresh or chilled",2016,10233.6
Algeria,"Meat of sheep, fresh or chilled",2017,9750.1
Algeria,"Meat of sheep, fresh or chilled",2018,9623.2
Algeria,Oats,2015,158.9
Algeria,Oats,2016,146.2
Algeria,Oats,2017,144.2
Algeria,Oats,2018,137.2
Algeria,"Onions and shallots, dry (excluding dehydrated)",2015,506.5
Algeria,"Onions and shallots, dry (excluding dehydrated)",2016,411.2
Algeria,"Onions and shallots, dry (excluding dehydrated)",2017,306.4
Algeria,"Onions and shallots, dry (excluding dehydrated)",2018,265.9
Algeria,"Onions and shallots, green",2015,337.7
Algeria,"Onions and shallots, green",2016,265.0
Algeria,"Onions and shallots, green",2017,288.4
Algeria,"Onions and shallots, green",2018,291.6
Algeria,Oranges,2015,963.3
Algeria,Oranges,2016,1215.2
Algeria,Oranges,2017,1117.4
Algeria,Oranges,2018,1080.7
Algeria,"Other beans, green",2015,1330.8
Algeria,"Other beans, green",2016,1270.1
Algeria,"Other beans, green",2017,1189.5
Algeria,"Other beans, green",2018,1226.5
Algeria,Pears,2015,1062.7
Algeria,Pears,2016,1443.7
Algeria,Pears,2017,1270.6
Algeria,Pears,2018,1561.0
Algeria,"Peas, green",2015,993.1
Algeria,"Peas, green",2016,1005.1
Algeria,"Peas, green",2017,874.1
Algeria,"Peas, green",2018,754.8
Algeria,Potatoes,2015,427.0
Algeria,Potatoes,2016,283.3
Algeria,Potatoes,2017,405.5
Algeria,Potatoes,2018,377.4
Algeria,"Pumpkins, squash and gourds",2015,695.2
Algeria,"Pumpkins, squash and gourds",2016,612.2
Algeria,"Pumpkins, squash and gourds",2017,630.8
Algeria,"Pumpkins, squash and gourds",2018,609.0
Algeria,Raw milk of cattle,2015,407.2
Algeria,Raw milk of cattle,2016,392.9
Algeria,Raw milk of cattle,2017,405.5
Algeria,Raw milk of cattle,2018,411.7
Algeria,"Tangerines, mandarins, clementines",2015,1052.7
Algeria,"Tangerines, mandarins, clementines",2016,1160.4
Algeria,"Tangerines, mandarins, clementines",2017,1108.4
Algeria,"Tangerines, mandarins, clementines",2018,1260.8
Algeria,Tomatoes,2015,526.4
Algeria,Tomatoes,2016,392.9
Algeria,Tomatoes,2017,630.8
Algeria,Tomatoes,2018,531.8
Algeria,Watermelons,2015,347.6
Algeria,Watermelons,2016,420.3
Algeria,Watermelons,2017,315.4
Algeria,Watermelons,2018,300.2
Algeria,Wheat,2015,446.9
Algeria,Wheat,2016,411.2
Algeria,Wheat,2017,405.5
Algeria,Wheat,2018,386.0
Argentina,Asparagus,2017,4997.0
Argentina,Cantaloupes and other melons,2017,1434.6
Argentina,Carrots and turnips,2015,470.7
Argentina,Carrots and turnips,2016,514.5
Argentina,Carrots and turnips,2017,519.5
Argentina,"Cassava, fresh",2017,522.1
Argentina,Green garlic,2015,3362.0
Argentina,Green garlic,2016,2957.9
Argentina,Green garlic,2017,3018.7
Argentina,"Hen eggs in shell, fresh",2015,1348.9
Argentina,"Hen eggs in shell, fresh",2016,1136.9
Argentina,"Hen eggs in shell, fresh",2017,930.8
Argentina,"Hen eggs in shell, fresh",2018,1345.6
Argentina,Maté leaves,2015,444.9
Argentina,Maté leaves,2016,325.4
Argentina,Maté leaves,2017,363.0
Argentina,Maté leaves,2018,249.9
Argentina,"Meat of cattle with the bone, fresh or chilled",2015,5920.0
Argentina,"Meat of cattle with the bone, fresh or chilled",2016,5230.3
Argentina,"Meat of cattle with the bone, fresh or chilled",2017,2903.0
Argentina,"Meat of cattle with the bone, fresh or chilled",2018,2229.5
Argentina,"Meat of cattle with the bone, fresh or chilled (biological)",2015,1935.8
Argentina,"Meat of cattle with the bone, fresh or chilled (biological)",2016,1788.3
Argentina,"Meat of cattle with the bone, fresh or chilled (biological)",2017,1625.7
Argentina,"Meat of cattle with the bone, fresh or chilled (biological)",2018,1244.0
Argentina,"Meat of chickens, fresh or chilled",2015,1516.3
Argentina,"Meat of chickens, fresh or chilled",2016,1368.7
Argentina,"Meat of chickens, fresh or chilled",2017,1324.1
Argentina,"Meat of chickens, fresh or chilled",2018,1231.5
Argentina,"Meat of chickens, fresh or chilled (biological)",2016,810.9
Argentina,"Meat of chickens, fresh or chilled (biological)",2017,915.9
Argentina,"Meat of chickens, fresh or chilled (biological)",2018,948.2
Argentina,"Meat of pig with the bone, fresh or chilled (biological)",2015,1768.6
Argentina,"Meat of pig with the bone, fresh or chilled (biological)",2016,1355.7
Argentina,"Meat of pig with the bone, fresh or chilled (biological)",2017,1482.8
Argentina,"Meat of pig with the bone, fresh or chilled (biological)",2018,1160.7
Argentina,"Meat of rabbits and hares, fresh or chilled",2016,12888.4
Argentina,"Meat of rabbits and hares, fresh or chilled",2017,10263.4
Argentina,"Meat of rabbits and hares, fresh or chilled",2018,7581.4
Argentina,"Meat of rabbits and hares, fresh or chilled (biological)",2015,3152.8
Argentina,"Meat of rabbits and hares, fresh or chilled (biological)",2016,4472.0
Argentina,"Meat of rabbits and hares, fresh or chilled (biological)",2017,2837.7
Argentina,"Meat of rabbits and hares, fresh or chilled (biological)",2018,2603.7
Argentina,"Meat of sheep, fresh or chilled",2016,4503.6
Argentina,"Meat of sheep, fresh or chilled",2017,4491.1
Argentina,"Meat of sheep, fresh or chilled",2018,4595.3
Argentina,"Meat of sheep, fresh or chilled (biological)",2016,2211.0
Argentina,"Meat of sheep, fresh or chilled (biological)",2017,800.0
Argentina,"Meat of sheep, fresh or chilled (biological)",2018,635.9
Argentina,Potatoes,2015,328.1
Argentina,Potatoes,2016,294.4
Argentina,Potatoes,2017,475.7
Argentina,"Pumpkins, squash and gourds",2015,646.1
Argentina,"Pumpkins, squash and gourds",2016,627.8
Argentina,"Pumpkins, squash and gourds",2017,372.4
Argentina,Raw milk of cattle,2016,262.2
Argentina,Raw milk of cattle,2017,327.8
Argentina,Raw milk of cattle,2018,254.1
Argentina,"Shorn wool, greasy, including fleece-washed shorn wool",2016,2830.0
Argentina,"Shorn wool, greasy, including fleece-washed shorn wool",2017,5733.3
Argentina,"Shorn wool, greasy, including fleece-washed shorn wool",2018,5900.0
Argentina,Sweet potatoes,2017,508.5
Argentina,Tea leaves,2015,99.5
Argentina,Tea leaves,2016,78.3
Argentina,Tea leaves,2017,90.6
Argentina,Tea leaves,2018,58.7
Argentina,Tomatoes,2015,1087.3
Argentina,Tomatoes,2016,905.2
Argentina,Tomatoes,2017,1003.7
Argentina,Unmanufactured tobacco,2015,2725.5
Argentina,Unmanufactured tobacco,2016,2652.3
Argentina,Unmanufactured tobacco,2017,2413.3
Argentina,Unmanufactured tobacco,2018,2078.7
Argentina,Watermelons,2017,530.6
Armenia,Apples,2015,400.6
Armenia,Apples,2016,437.2
Armenia,Apples,2017,428.9
Armenia,Apples,2018,398.8
Armenia,Apricots,2015,461.2
Armenia,Apricots,2016,1049.6
Armenia,Apricots,2017,584.3
Armenia,Apricots,2018,659.1
Armenia,Barley,2015,253.9
Armenia,Barley,2016,212.9
Armenia,Barley,2017,224.5
Armenia,Barley,2018,226.8
Armenia,"Beans, dry",2015,2689.2
Armenia,"Beans, dry",2016,2550.4
Armenia,"Beans, dry",2017,2528.6
Armenia,"Beans, dry",2018,2355.9
Armenia,Cabbages,2015,164.0
Armenia,Cabbages,2016,153.2
Armenia,Cabbages,2017,169.9
Armenia,Cabbages,2018,176.0
Armenia,Carrots and turnips,2015,400.3
Armenia,Carrots and turnips,2016,364.0
Armenia,Carrots and turnips,2017,386.7
Armenia,Carrots and turnips,2018,327.0
Armenia,Cherries,2015,509.5
Armenia,Cherries,2016,970.6
Armenia,Cherries,2017,1141.5
Armenia,Cherries,2018,889.5
Armenia,"Chillies and peppers, green (Capsicum spp. and Pimenta spp.)",2015,414.8
Armenia,"Chillies and peppers, green (Capsicum spp. and Pimenta spp.)",2016,383.8
Armenia,"Chillies and peppers, green (Capsicum spp. and Pimenta spp.)",2017,365.3
Armenia,"Chillies and peppers, green (Capsicum spp. and Pimenta spp.)",2018,436.4
Armenia,Cucumbers and gherkins,2015,315.2
Armenia,Cucumbers and gherkins,2016,358.4
Armenia,Cucumbers and gherkins,2017,289.0
Armenia,Cucumbers and gherkins,2018,365.0
Armenia,Currants,2015,1438.7
Armenia,Currants,2016,1645.3
Armenia,Currants,2017,1770.2
Armenia,Currants,2018,1608.1
Armenia,Eggplants (aubergines),2015,197.2
Armenia,Eggplants (aubergines),2016,220.5
Armenia,Eggplants (aubergines),2017,176.0
Armenia,Eggplants (aubergines),2018,246.7
Armenia,Figs,2015,635.4
Armenia,Figs,2016,584.8
Armenia,Figs,2017,686.4
Armenia,Figs,2018,656.6
Armenia,Grapes,2015,326.7
Armenia,Grapes,2016,395.1
Armenia,Grapes,2017,378.4
Armenia,Grapes,2018,383.2
Armenia,Green garlic,2015,2121.0
Armenia,Green garlic,2016,2263.1
Armenia,Green garlic,2017,2510.2
Armenia,Green garlic,2018,1740.3
Armenia,"Hen eggs in shell, fresh",2015,2631.8
Armenia,"Hen eggs in shell, fresh",2016,2380.5
Armenia,"Hen eggs in shell, fresh",2017,2388.8
Armenia,"Hen eggs in shell, fresh",2018,2291.4
Armenia,"Lentils, dry",2016,2497.5
Armenia,"Lentils, dry",2017,2578.0
Armenia,"Meat of cattle with the bone, fresh or chilled",2015,4191.6
Armenia,"Meat of cattle with the bone, fresh or chilled",2016,4099.2
Armenia,"Meat of cattle with the bone, fresh or chilled",2017,4469.1
Armenia,"Meat of cattle with the bone, fresh or chilled",2018,5630.6
Armenia,"Meat of cattle with the bone, fresh or chilled (biological)",2015,2672.1
Armenia,"Meat of cattle with the bone, fresh or chilled (biological)",2016,2206.7
Armenia,"Meat of cattle with the bone, fresh or chilled (biological)",2017,2247.4
Armenia,"Meat of cattle with the bone, fresh or chilled (biological)",2018,2807.2
Armenia,"Meat of chickens, fresh or chilled",2015,3780.6
Armenia,"Meat of chickens, fresh or chilled",2016,3820.8
Armenia,"Meat of chickens, fresh or chilled",2017,3741.2
Armenia,"Meat of chickens, fresh or chilled",2018,3872.3
Armenia,"Meat of chickens, fresh or chilled (biological)",2015,852.8
Armenia,"Meat of chickens, fresh or chilled (biological)",2016,797.3
Armenia,"Meat of chickens, fresh or chilled (biological)",2017,841.8
Armenia,"Meat of chickens, fresh or chilled (biological)",2018,819.5
Armenia,"Meat of pig with the bone, fresh or chilled",2015,6084.8
Armenia,"Meat of pig with the bone, fresh or chilled",2016,4254.2
Armenia,"Meat of pig with the bone, fresh or chilled",2017,5213.0
Armenia,"Meat of pig with the bone, fresh or chilled",2018,5640.7
Armenia,"Meat of pig with the bone, fresh or chilled (biological)",2015,4523.7
Armenia,"Meat of pig with the bone, fresh or chilled (biological)",2016,3718.3
Armenia,"Meat of pig with the bone, fresh or chilled (biological)",2017,3614.2
Armenia,"Meat of pig with the bone, fresh or chilled (biological)",2018,4304.4
Armenia,"Meat of rabbits and hares, fresh or chilled",2015,6929.3
Armenia,"Meat of rabbits and hares, fresh or chilled",2016,5944.8
Armenia,"Meat of rabbits and hares, fresh or chilled",2017,5626.7
Armenia,"Meat of rabbits and hares, fresh or chilled",2018,6897.9
Armenia,"Meat of sheep, fresh or chilled",2015,4703.9
Armenia,"Meat of sheep, fresh or chilled",2016,4374.2
Armenia,"Meat of sheep, fresh or chilled",2017,4783.9
Armenia,"Meat of sheep, fresh or chilled",2018,5736.4
Armenia,"Meat of sheep, fresh or chilled (biological)",2015,3152.0
Armenia,"Meat of sheep, fresh or chilled (biological)",2016,2425.1
Armenia,"Meat of sheep, fresh or chilled (biological)",2017,2559.2
Armenia,"Meat of sheep, fresh or chilled (biological)",2018,2647.9
Armenia,Mushrooms and truffles,2016,1342.4
Armenia,Natural honey,2015,7583.5
Armenia,Natural honey,2016,7395.4
Armenia,Natural honey,2017,7338.1
Armenia,Natural honey,2018,7188.2
Armenia,"Onions and shallots, dry (excluding dehydrated)",2015,283.6
Armenia,"Onions and shallots, dry (excluding dehydrated)",2016,269.2
Armenia,"Onions and shallots, dry (excluding dehydrated)",2017,315.3
Armenia,"Onions and shallots, dry (excluding dehydrated)",2018,280.5
Armenia,"Onions and shallots, green",2015,1650.8
Armenia,"Onions and shallots, green",2016,1434.1
Armenia,"Onions and shallots, green",2017,1664.1
Armenia,"Onions and shallots, green",2018,1788.8
Armenia,Other stone fruits,2015,4743.6
Armenia,Other stone fruits,2016,5033.6
Armenia,Other stone fruits,2017,4699.9
Armenia,Other stone fruits,2018,5925.0
Armenia,Peaches and nectarines,2015,440.2
Armenia,Peaches and nectarines,2016,497.2
Armenia,Peaches and nectarines,2017,522.4
Armenia,Peaches and nectarines,2018,549.0
Armenia,Pears,2015,609.2
Armenia,Pears,2016,638.6
Armenia,Pears,2017,647.2
Armenia,Pears,2018,669.7
Armenia,"Peas, green",2015,1019.4
Armenia,"Peas, green",2016,935.9
Armenia,"Peas, green",2017,810.3
Armenia,Plums and sloes,2015,276.3
Armenia,Plums and sloes,2016,328.7
Armenia,Plums and sloes,2017,387.7
Armenia,Plums and sloes,2018,344.4
Armenia,Potatoes,2015,291.9
Armenia,Potatoes,2016,196.7
Armenia,Potatoes,2017,233.0
Armenia,Potatoes,2018,244.8
Armenia,Quinces,2015,617.3
Armenia,Quinces,2016,536.3
Armenia,Quinces,2017,470.6
Armenia,Quinces,2018,695.7
Armenia,Raw milk of cattle,2015,306.3
Armenia,Raw milk of cattle,2016,284.7
Armenia,Raw milk of cattle,2017,299.7
Armenia,Raw milk of cattle,2018,315.6
Armenia,Rye,2015,251.8
Armenia,Rye,2016,212.6
Armenia,Rye,2017,216.2
Armenia,Rye,2018,414.1
Armenia,"Shorn wool, greasy, including fleece-washed shorn wool",2015,2090.3
Armenia,"Shorn wool, greasy, including fleece-washed shorn wool",2016,1654.1
Armenia,"Shorn wool, greasy, including fleece-washed shorn wool",2017,1508.4
Armenia,"Shorn wool, greasy, including fleece-washed shorn wool",2018,1232.7
Armenia,Strawberries,2015,1823.5
Armenia,Strawberries,2016,1493.0
Armenia,Strawberries,2017,2041.3
Armenia,Strawberries,2018,1355.5
Armenia,Tomatoes,2015,185.4
Armenia,Tomatoes,2016,184.2
Armenia,Tomatoes,2017,210.3
Armenia,Tomatoes,2018,334.8
Armenia,Unmanufactured tobacco,2015,146.5
Armenia,Unmanufactured tobacco,2016,163.2
Armenia,Unmanufactured tobacco,2017,176.1
Armenia,Unmanufactured tobacco,2018,169.8
Armenia,Vetches,2017,828.6
Armenia,Vetches,2018,621.1
Armenia,"Walnuts, in shell",2015,2304.3
Armenia,"Walnuts, in shell",2016,2440.5
Armenia,"Walnuts, in shell",2017,2342.4
Armenia,"Walnuts, in shell",2018,2351.6
Armenia,Watermelons,2015,125.1
Armenia,Watermelons,2016,216.5
Armenia,Watermelons,2017,135.7
Armenia,Watermelons,2018,211.0
Armenia,Wheat,2015,246.7
Armenia,Wheat,2016,231.1
Armenia,Wheat,2017,235.7
Armenia,Wheat,2018,234.7
Australia,"Almonds, in shell",2015,6110.8
Australia,"Almonds, in shell",2016,7143.1
Australia,"Almonds, in shell",2017,5244.7
Australia,"Almonds, in shell",2018,4753.4
Australia,Apples,2015,1414.6
Australia,Apples,2016,1303.1
Australia,Apples,2017,1250.0
Australia,Apples,2018,1366.5
Australia,Apricots,2016,2045.8
Australia,Apricots,2017,1002.5
Australia,Apricots,2018,1210.4
Australia,Avocados,2015,3362.7
Australia,Avocados,2016,3632.1
Australia,Avocados,2017,4059.0
Australia,Avocados,2018,4762.4
Australia,Bananas,2015,1356.0
Australia,Bananas,2016,858.6
Australia,Bananas,2017,999.4
Australia,Bananas,2018,974.3
Australia,Barley,2015,210.4
Australia,Barley,2016,188.1
Australia,Barley,2017,151.0
Australia,Barley,2018,183.8
Australia,Cabbages,2016,608.1
Australia,Cabbages,2017,666.8
Australia,Cabbages,2018,567.1
Australia,Cantaloupes and other melons,2015,195.3
Australia,Cantaloupes and other melons,2016,637.1
Australia,Cantaloupes and other melons,2017,642.3
Australia,Cantaloupes and other melons,2018,561.1
Australia,Carrots and turnips,2015,416.2
Australia,Carrots and turnips,2016,492.9
Australia,Carrots and turnips,2017,620.8
Australia,Carrots and turnips,2018,634.3
Australia,Cauliflowers and broccoli,2016,594.0
Australia,Cauliflowers and broccoli,2017,758.8
Australia,Cauliflowers and broccoli,2018,704.6
Australia,Cherries,2015,7134.0
Australia,Cherries,2016,6983.3
Australia,Cherries,2017,9763.5
Australia,Cherries,2018,8144.7
Australia,"Chick peas, dry",2016,582.8
Australia,"Chick peas, dry",2017,426.9
Australia,"Chick peas, dry",2018,346.7
Australia,"Cotton lint, ginned",2015,1707.6
Australia,"Cotton lint, ginned",2016,1613.9
Australia,"Cotton lint, ginned",2017,1863.9
Australia,"Cotton lint, ginned",2018,1975.5
Australia,Grapes,2015,481.6
Australia,Grapes,2016,559.0
Australia,Grapes,2017,619.3
Australia,Grapes,2018,627.6
Australia,Green corn (maize),2017,1150.4
Australia,Green corn (maize),2018,1002.7
Australia,"Groundnuts, excluding shelled",2015,744.5
Australia,"Groundnuts, excluding shelled",2016,814.0
Australia,"Groundnuts, excluding shelled",2017,959.6
Australia,"Groundnuts, excluding shelled",2018,993.0
Australia,"Hen eggs in shell, fresh",2015,2262.8
Australia,"Hen eggs in shell, fresh",2016,2931.9
Australia,"Hen eggs in shell, fresh",2017,2536.9
Australia,"Hen eggs in shell, fresh",2018,2390.1
Australia,Kiwi fruit,2016,1987.0
Australia,Lemons and limes,2016,1777.4
Australia,"Lentils, dry",2016,869.0
Australia,Lettuce and chicory,2015,904.5
Australia,Lettuce and chicory,2016,994.6
Australia,Lettuce and chicory,2017,1227.8
Australia,Lettuce and chicory,2018,1016.1
Australia,Lupins,2016,269.1
Australia,Maize (corn),2015,247.9
Australia,Maize (corn),2016,242.3
Australia,Maize (corn),2017,245.3
Australia,Maize (corn),2018,251.8
Australia,"Mangoes, guavas and mangosteens",2015,1542.3
Australia,"Mangoes, guavas and mangosteens",2016,2161.7
Australia,"Mangoes, guavas and mangosteens",2017,2343.7
Australia,"Mangoes, guavas and mangosteens",2018,1964.3
Australia,"Meat of cattle with the bone, fresh or chilled",2015,2235.0
Australia,"Meat of cattle with the bone, fresh or chilled (biological)",2015,1185.5
Australia,"Meat of chickens, fresh or chilled",2015,1452.9
Australia,"Meat of chickens, fresh or chilled (biological)",2015,899.3
Australia,"Meat of pig with the bone, fresh or chilled",2015,1955.5
Australia,"Meat of pig with the bone, fresh or chilled (biological)",2015,1287.7
Australia,"Meat of sheep, fresh or chilled",2015,2252.3
Australia,"Meat of sheep, fresh or chilled (biological)",2015,776.1
Australia,Mushrooms and truffles,2015,4805.1
Australia,Mushrooms and truffles,2016,4771.7
Australia,Mushrooms and truffles,2017,5473.8
Australia,Mushrooms and truffles,2018,5520.0
Australia,Oats,2015,187.8
Australia,Oats,2016,227.5
Australia,Oats,2017,185.5
Australia,Oats,2018,165.9
Australia,Olives,2018,772.6
Australia,"Onions and shallots, dry (excluding dehydrated)",2015,573.2
Australia,"Onions and shallots, dry (excluding dehydrated)",2016,591.7
Australia,"Onions and shallots, dry (excluding dehydrated)",2017,745.0
Australia,"Onions and shallots, dry (excluding dehydrated)",2018,587.3
Australia,Oranges,2015,641.6
Australia,Oranges,2016,704.0
Australia,Oranges,2017,996.4
Australia,Oranges,2018,939.9
Australia,"Other beans, green",2015,2745.1
Australia,"Other beans, green",2016,2916.3
Australia,"Other beans, green",2017,3514.1
Australia,"Other beans, green",2018,3150.7
Australia,"Other nuts (excluding wild edible nuts and groundnuts), in shell, n.e.c.",2015,3017.8
Australia,"Other nuts (excluding wild edible nuts and groundnuts), in shell, n.e.c.",2016,3874.5
Australia,"Other nuts (excluding wild edible nuts and groundnuts), in shell, n.e.c.",2017,4075.1
Australia,"Other nuts (excluding wild edible nuts and groundnuts), in shell, n.e.c.",2018,4183.3
Australia,Peaches and nectarines,2015,1374.1
Australia,Peaches and nectarines,2016,1397.5
Australia,Peaches and nectarines,2017,1600.3
Australia,Peaches and nectarines,2018,1692.3
Australia,Pears,2015,894.0
Australia,Pears,2016,644.5
Australia,Pears,2017,955.7
Australia,Pears,2018,658.2
Australia,"Peas, green",2016,628.9
Australia,"Peas, green",2017,859.2
Australia,"Peas, green",2018,762.1
Australia,Pineapples,2015,481.6
Australia,Pineapples,2016,523.3
Australia,Pineapples,2017,554.1
Australia,Pineapples,2018,547.7
Australia,Plums and sloes,2016,2042.8
Australia,Potatoes,2015,401.9
Australia,Potatoes,2016,342.0
Australia,Potatoes,2017,382.4
Australia,Potatoes,2018,381.0
Australia,"Pumpkins, squash and gourds",2016,622.9
Australia,"Pumpkins, squash and gourds",2017,590.9
Australia,"Pumpkins, squash and gourds",2018,561.9
Australia,Rape or colza seed,2015,377.9
Australia,Rape or colza seed,2016,395.5
Australia,Rape or colza seed,2017,428.4
Australia,Rape or colza seed,2018,402.7
Australia,Raw milk of cattle,2015,281.0
Australia,Rice,2015,296.7
Australia,Rice,2016,311.5
Australia,Rice,2017,239.9
Australia,Rice,2018,289.1
Australia,"Seed cotton, unginned",2015,1707.6
Australia,"Seed cotton, unginned",2016,1807.9
Australia,"Shorn wool, greasy, including fleece-washed shorn wool",2015,4603.0
Australia,Sorghum,2015,226.1
Australia,Sorghum,2016,204.4
Australia,Sorghum,2017,182.4
Australia,Sorghum,2018,232.4
Australia,Strawberries,2015,4490.3
Australia,Strawberries,2016,4763.6
Australia,Strawberries,2017,4869.9
Australia,Strawberries,2018,4538.2
Australia,Sugar cane,2015,30.1
Australia,Sugar cane,2016,27.5
Australia,Sugar cane,2017,33.7
Australia,Sugar cane,2018,29.9
Australia,"Tangerines, mandarins, clementines",2015,1151.7
Australia,"Tangerines, mandarins, clementines",2016,1182.0
Australia,"Tangerines, mandarins, clementines",2017,1348.9
Australia,"Tangerines, mandarins, clementines",2018,1604.9
Australia,Tomatoes,2015,601.0
Australia,Tomatoes,2016,559.0
Australia,Tomatoes,2017,975.7
Australia,Tomatoes,2018,1075.2
Australia,Triticale,2015,192.3
Australia,Triticale,2016,184.4
Australia,Triticale,2017,136.4
Australia,Triticale,2018,175.6
Australia,Wheat,2015,225.4
Australia,Wheat,2016,205.9
Australia,Wheat,2017,177.0
Australia,Wheat,2018,203.2
Austria,Apples,2015,432.5
Austria,Apples,2016,386.0
Austria,Apples,2017,637.1
Austria,Apples,2018,707.4
Austria,Apricots,2015,3906.1
Austria,Apricots,2016,3910.2
Austria,Apricots,2017,3679.4
Austria,Apricots,2018,4702.6
Austria,Asparagus,2015,6607.8
Austria,Asparagus,2016,7021.9
Austria,Asparagus,2017,6673.0
Austria,Asparagus,2018,7494.3
Austria,Barley,2015,130.9
Austria,Barley,2016,112.8
Austria,Barley,2017,131.0
Austria,Barley,2018,161.8
Austria,"Beans, dry",2015,4268.8
Austria,"Beans, dry",2016,5109.3
Austria,"Beans, dry",2017,5475.6
Austria,"Beans, dry",2018,5451.3
Austria,"Broad beans and horse beans, dry",2015,196.3
Austria,"Broad beans and horse beans, dry",2016,161.5
Austria,"Broad beans and horse beans, dry",2017,190.9
Austria,Cabbages,2015,297.2
Austria,Cabbages,2016,282.1
Austria,Cabbages,2017,267.7
Austria,Cabbages,2018,311.8
Austria,Carrots and turnips,2015,514.6
Austria,Carrots and turnips,2016,475.6
Austria,Carrots and turnips,2017,412.3
Austria,Carrots and turnips,2018,477.1
Austria,Cauliflowers and broccoli,2015,676.5
Austria,Cauliflowers and broccoli,2016,553.1
Austria,Cauliflowers and broccoli,2017,650.7
Austria,Cauliflowers and broccoli,2018,572.8
Austria,Cherries,2015,4014.8
Austria,Cherries,2016,4582.8
Austria,Cherries,2017,5074.5
Austria,Cherries,2018,5021.4
Austria,"Chillies and peppers, green (Capsicum spp. and Pimenta spp.)",2015,1461.8
Austria,"Chillies and peppers, green (Capsicum spp. and Pimenta spp.)",2016,1451.3
Austria,"Chillies and peppers, green (Capsicum spp. and Pimenta spp.)",2017,1409.8
Austria,"Chillies and peppers, green (Capsicum spp. and Pimenta spp.)",2018,1365.2
Austria,Cucumbers and gherkins,2015,616.6
Austria,Cucumbers and gherkins,2016,618.3
Austria,Cucumbers and gherkins,2017,564.8
Austria,Cucumbers and gherkins,2018,655.4
Austria,Currants,2015,2438.8
Austria,Currants,2016,2639.3
Austria,Currants,2017,3406.0
Austria,Currants,2018,3349.2
Austria,Eggplants (aubergines),2015,1421.8
Austria,Eggplants (aubergines),2016,1630.5
Austria,Eggplants (aubergines),2017,1134.2
Austria,Eggplants (aubergines),2018,1416.0
Austria,Gooseberries,2015,2840.3
Austria,Grapes,2015,607.8
Austria,Grapes,2016,1080.7
Austria,Grapes,2017,662.0
Austria,Grapes,2018,314.1
Austria,Green garlic,2015,4247.7
Austria,Green garlic,2016,4048.5
Austria,Green garlic,2017,4066.9
Austria,Green garlic,2018,4285.7
Austria,"Hen eggs in shell, fresh",2015,2418.9
Austria,"Hen eggs in shell, fresh",2016,2451.2
Austria,"Hen eggs in shell, fresh",2017,2567.8
Austria,"Hen eggs in shell, fresh",2018,2771.7
Austria,Hop cones,2015,7342.0
Austria,Hop cones,2016,8616.9
Austria,Hop cones,2017,8834.1
Austria,Hop cones,2018,9435.8
Austria,"Horse meat, fresh or chilled",2015,2031.8
Austria,"Horse meat, fresh or chilled (biological)",2015,1120.2
Austria,Leeks and other alliaceous vegetables,2015,1039.2
Austria,Leeks and other alliaceous vegetables,2016,1105.0
Austria,Leeks and other alliaceous vegetables,2017,1416.6
Austria,Leeks and other alliaceous vegetables,2018,1327.4
Austria,Lettuce and chicory,2015,664.3
Austria,Lettuce and chicory,2016,691.3
Austria,Lettuce and chicory,2017,721.9
Austria,Lettuce and chicory,2018,799.5
Austria,Maize (corn),2015,161.9
Austria,Maize (corn),2016,139.4
Austria,Maize (corn),2017,158.2
Austria,Maize (corn),2018,165.3
Austria,"Meat of cattle with the bone, fresh or chilled",2015,4247.7
Austria,"Meat of cattle with the bone, fresh or chilled",2016,4137.0
Austria,"Meat of cattle with the bone, fresh or chilled",2017,4371.9
Austria,"Meat of cattle with the bone, fresh or chilled",2018,4582.1
Austria,"Meat of cattle with the bone, fresh or chilled (biological)",2015,2375.6
Austria,"Meat of cattle with the bone, fresh or chilled (biological)",2016,2319.6
Austria,"Meat of cattle with the bone, fresh or chilled (biological)",2017,2451.4
Austria,"Meat of cattle with the bone, fresh or chilled (biological)",2018,2568.6
Austria,"Meat of chickens, fresh or chilled",2015,2343.5
Austria,"Meat of chickens, fresh or chilled",2016,2313.0
Austria,"Meat of chickens, fresh or chilled",2017,2350.9
Austria,"Meat of chickens, fresh or chilled",2018,3226.4
Austria,"Meat of chickens, fresh or chilled (biological)",2015,1194.5
Austria,"Meat of chickens, fresh or chilled (biological)",2016,1191.3
Austria,"Meat of chickens, fresh or chilled (biological)",2017,1216.7
Austria,"Meat of chickens, fresh or chilled (biological)",2018,1244.7
Austria,"Meat of ducks, fresh or chilled",2015,8916.9
Austria,"Meat of ducks, fresh or chilled",2016,8805.0
Austria,"Meat of ducks, fresh or chilled",2017,8992.3
Austria,"Meat of ducks, fresh or chilled",2018,5444.2
Austria,"Meat of ducks, fresh or chilled (biological)",2015,6241.8
Austria,"Meat of ducks, fresh or chilled (biological)",2016,6163.5
Austria,"Meat of ducks, fresh or chilled (biological)",2017,6294.6
Austria,"Meat of ducks, fresh or chilled (biological)",2018,3810.9
Austria,"Meat of geese, fresh or chilled",2015,10403.0
Austria,"Meat of geese, fresh or chilled",2016,10762.9
Austria,"Meat of geese, fresh or chilled",2017,10991.8
Austria,"Meat of geese, fresh or chilled",2018,12541.7
Austria,"Meat of geese, fresh or chilled (biological)",2015,7282.1
Austria,"Meat of geese, fresh or chilled (biological)",2016,7534.0
Austria,"Meat of geese, fresh or chilled (biological)",2017,7694.3
Austria,"Meat of geese, fresh or chilled (biological)",2018,8779.2
Austria,"Meat of pig with the bone, fresh or chilled",2015,1597.1
Austria,"Meat of pig with the bone, fresh or chilled",2016,1659.2
Austria,"Meat of pig with the bone, fresh or chilled",2017,1875.3
Austria,"Meat of pig with the bone, fresh or chilled",2018,1771.4
Austria,"Meat of pig with the bone, fresh or chilled (biological)",2015,1288.7
Austria,"Meat of pig with the bone, fresh or chilled (biological)",2016,1340.7
Austria,"Meat of pig with the bone, fresh or chilled (biological)",2017,1514.9
Austria,"Meat of pig with the bone, fresh or chilled (biological)",2018,1431.3
Austria,"Meat of sheep, fresh or chilled",2015,4914.3
Austria,"Meat of sheep, fresh or chilled",2016,5005.3
Austria,"Meat of sheep, fresh or chilled",2017,5326.4
Austria,"Meat of sheep, fresh or chilled",2018,5655.6
Austria,"Meat of sheep, fresh or chilled (biological)",2015,2340.1
Austria,"Meat of sheep, fresh or chilled (biological)",2016,2389.3
Austria,"Meat of sheep, fresh or chilled (biological)",2017,2440.1
Austria,"Meat of sheep, fresh or chilled (biological)",2018,2550.9
Austria,"Meat of turkeys, fresh or chilled",2015,2085.0
Austria,"Meat of turkeys, fresh or chilled",2016,2076.2
Austria,"Meat of turkeys, fresh or chilled",2017,2080.9
Austria,"Meat of turkeys, fresh or chilled",2018,2232.0
Austria,"Meat of turkeys, fresh or chilled (biological)",2015,1668.0
Austria,"Meat of turkeys, fresh or chilled (biological)",2016,1660.3
Austria,"Meat of turkeys, fresh or chilled (biological)",2017,1665.2
Austria,"Meat of turkeys, fresh or chilled (biological)",2018,1785.6
Austria,Mushrooms and truffles,2015,2772.7
Austria,Mushrooms and truffles,2016,2765.4
Austria,Mushrooms and truffles,2017,2824.2
Austria,Mushrooms and truffles,2018,2952.4
Austria,Natural honey,2015,12565.7
Austria,Natural honey,2016,13273.8
Austria,Natural honey,2017,9376.4
Austria,Natural honey,2018,8739.1
Austria,Oats,2015,125.3
Austria,Oats,2016,115.0
Austria,Oats,2017,145.7
Austria,Oats,2018,165.3
Austria,"Onions and shallots, dry (excluding dehydrated)",2015,219.6
Austria,"Onions and shallots, dry (excluding dehydrated)",2016,251.1
Austria,"Onions and shallots, dry (excluding dehydrated)",2017,159.3
Austria,"Onions and shallots, dry (excluding dehydrated)",2018,297.6
Austria,"Other beans, green",2015,1330.9
Austria,"Other beans, green",2016,1194.6
Austria,"Other beans, green",2017,1253.9
Austria,"Other beans, green",2018,1351.0
Austria,"Other oil seeds, n.e.c.",2015,3952.7
Austria,"Other oil seeds, n.e.c.",2016,3869.3
Austria,"Other oil seeds, n.e.c.",2017,2712.4
Austria,"Other oil seeds, n.e.c.",2018,2950.0
Austria,Peaches and nectarines,2015,1203.3
Austria,Peaches and nectarines,2016,1268.8
Austria,Peaches and nectarines,2017,1318.3
Austria,Peaches and nectarines,2018,1767.9
Austria,Pears,2015,810.7
Austria,Pears,2016,883.8
Austria,Pears,2017,1190.7
Austria,Pears,2018,1399.4
Austria,"Peas, dry",2015,181.9
Austria,"Peas, dry",2016,164.8
Austria,"Peas, dry",2017,183.0
Austria,"Peas, dry",2018,179.5
Austria,"Peas, green",2015,310.5
Austria,"Peas, green",2016,334.1
Austria,"Peas, green",2017,430.4
Austria,"Peas, green",2018,328.3
Austria,Plums and sloes,2015,1569.3
Austria,Plums and sloes,2016,1636.0
Austria,Plums and sloes,2017,1829.0
Austria,Plums and sloes,2018,2536.7
Austria,Poppy seed,2015,2290.2
Austria,Poppy seed,2016,2077.4
Austria,Poppy seed,2017,2314.7
Austria,Poppy seed,2018,2716.2
Austria,Potatoes,2015,209.6
Austria,Potatoes,2016,163.7
Austria,Potatoes,2017,251.9
Austria,Potatoes,2018,244.5
Austria,"Pumpkins, squash and gourds",2015,637.7
Austria,"Pumpkins, squash and gourds",2016,929.2
Austria,Rape or colza seed,2015,371.5
Austria,Rape or colza seed,2016,377.2
Austria,Rape or colza seed,2017,376.2
Austria,Rape or colza seed,2018,380.3
Austria,Raspberries,2015,6236.3
Austria,Raw milk of cattle,2015,373.8
Austria,Raw milk of cattle,2016,346.2
Austria,Raw milk of cattle,2017,421.4
Austria,Raw milk of cattle,2018,477.1
Austria,Raw milk of goats,2015,842.9
Austria,Raw milk of goats,2016,896.0
Austria,Raw milk of goats,2017,926.3
Austria,Raw milk of goats,2018,921.1
Austria,Raw milk of sheep,2015,1330.9
Austria,Raw milk of sheep,2016,1382.7
Austria,Raw milk of sheep,2017,1344.3
Austria,Raw milk of sheep,2018,1393.5
Austria,Rye,2015,134.2
Austria,Rye,2016,138.3
Austria,Rye,2017,177.4
Austria,Rye,2018,177.1
Austria,"Shorn wool, greasy, including fleece-washed shorn wool",2015,687.6
Austria,"Shorn wool, greasy, including fleece-washed shorn wool",2016,696.9
Austria,"Shorn wool, greasy, including fleece-washed shorn wool",2017,711.7
Austria,"Shorn wool, greasy, including fleece-washed shorn wool",2018,755.8
Austria,Sour cherries,2015,3372.7
Austria,Sour cherries,2016,3943.4
Austria,Sour cherries,2017,4256.6
Austria,Sour cherries,2018,4414.4
Austria,Soya beans,2015,353.8
Austria,Soya beans,2016,368.3
Austria,Soya beans,2017,389.7
Austria,Soya beans,2018,405.1
Austria,Spinach,2015,2025.2
Austria,Spinach,2016,712.4
Austria,Spinach,2017,742.2
Austria,Spinach,2018,823.1
Austria,Strawberries,2015,3087.6
Austria,Strawberries,2016,3788.6
Austria,Strawberries,2017,3027.5
Austria,Strawberries,2018,3418.9
Austria,Sugar beet,2015,28.8
Austria,Sugar beet,2016,28.8
Austria,Sunflower seed,2015,373.8
Austria,Sunflower seed,2016,333.0
Austria,Sunflower seed,2017,319.7
Austria,Sunflower seed,2018,294.1
Austria,Tomatoes,2015,978.2
Austria,Tomatoes,2016,935.8
Austria,Tomatoes,2017,965.9
Austria,Tomatoes,2018,995.5
Austria,Triticale,2015,132.0
Austria,Triticale,2016,113.9
Austria,Triticale,2017,140.1
Austria,Triticale,2018,160.6
Austria,"Walnuts, in shell",2015,3565.6
Austria,"Walnuts, in shell",2016,4117.1
Austria,"Walnuts, in shell",2017,4340.2
Austria,"Walnuts, in shell",2018,4312.8
Austria,Wheat,2015,151.9
Austria,Wheat,2016,127.2
Austria,Wheat,2017,163.8
Austria,Wheat,2018,181.9
Azerbaijan,"Almonds, in shell",2015,2342.5
Azerbaijan,"Almonds, in shell",2016,1253.4
Azerbaijan,"Almonds, in shell",2017,1162.0
Azerbaijan,"Almonds, in shell",2018,1088.2
Azerbaijan,Apples,2015,390.4
Azerbaijan,Apples,2016,263.2
Azerbaijan,Apples,2017,244.0
Azerbaijan,Apples,2018,217.6
Azerbaijan,Apricots,2015,976.0
Azerbaijan,Apricots,2016,720.7
Azerbaijan,Apricots,2017,697.2
Azerbaijan,Apricots,2018,535.3
Azerbaijan,Barley,2015,263.5
Azerbaijan,Barley,2016,119.1
Azerbaijan,Barley,2017,134.8
Azerbaijan,Barley,2018,129.4
Azerbaijan,"Beans, dry",2015,1464.0
Azerbaijan,"Beans, dry",2016,1002.7
Azerbaijan,"Beans, dry",2017,871.5
Azerbaijan,"Beans, dry",2018,852.9
Azerbaijan,"Broad beans and horse beans, dry",2015,780.8
Azerbaijan,"Broad beans and horse beans, dry",2016,626.7
Azerbaijan,"Broad beans and horse beans, dry",2017,464.8
Azerbaijan,"Broad beans and horse beans, dry",2018,470.6
Azerbaijan,Cabbages,2015,419.7
Azerbaijan,Cabbages,2016,194.3
Azerbaijan,Cabbages,2017,185.9
Azerbaijan,Cabbages,2018,164.7
Azerbaijan,Cantaloupes and other melons,2015,253.8
Azerbaijan,Cantaloupes and other melons,2016,164.2
Azerbaijan,Cantaloupes and other melons,2017,151.1
Azerbaijan,Cantaloupes and other melons,2018,164.7
Azerbaijan,Carrots and turnips,2015,683.2
Azerbaijan,Carrots and turnips,2016,325.9
Azerbaijan,Carrots and turnips,2017,261.5
Azerbaijan,Carrots and turnips,2018,182.4
Azerbaijan,Cherries,2015,1073.6
Azerbaijan,Cherries,2016,564.0
Azerbaijan,Cherries,2017,586.8
Azerbaijan,Cherries,2018,588.2
Azerbaijan,"Chestnuts, in shell",2015,2196.1
Azerbaijan,"Chestnuts, in shell",2016,1566.7
Azerbaijan,"Chestnuts, in shell",2017,1452.5
Azerbaijan,"Chestnuts, in shell",2018,1470.6
Azerbaijan,"Chick peas, dry",2015,1464.0
Azerbaijan,"Chick peas, dry",2016,877.3
Azerbaijan,"Chick peas, dry",2017,830.3
Azerbaijan,"Chick peas, dry",2018,764.7
Azerbaijan,"Chillies and peppers, green (Capsicum spp. and Pimenta spp.)",2015,732.0
Azerbaijan,"Chillies and peppers, green (Capsicum spp. and Pimenta spp.)",2016,344.7
Azerbaijan,"Chillies and peppers, green (Capsicum spp. and Pimenta spp.)",2017,319.6
Azerbaijan,"Chillies and peppers, green (Capsicum spp. and Pimenta spp.)",2018,294.1
Azerbaijan,"Cotton lint, ginned",2015,6479.5
Azerbaijan,"Cotton lint, ginned",2016,10704.1
Azerbaijan,"Cotton lint, ginned",2017,21565.6
Azerbaijan,"Cotton lint, ginned",2018,35904.4
Azerbaijan,Cucumbers and gherkins,2015,538.8
Azerbaijan,Cucumbers and gherkins,2016,350.9
Azerbaijan,Cucumbers and gherkins,2017,350.3
Azerbaijan,Cucumbers and gherkins,2018,352.9
Azerbaijan,Currants,2015,1464.0
Azerbaijan,Currants,2016,940.0
Azerbaijan,Currants,2017,697.2
Azerbaijan,Currants,2018,588.2
Azerbaijan,Dates,2015,449.0
Azerbaijan,Eggplants (aubergines),2015,351.4
Azerbaijan,Eggplants (aubergines),2016,250.7
Azerbaijan,Eggplants (aubergines),2017,209.2
Azerbaijan,Eggplants (aubergines),2018,188.2
Azerbaijan,Figs,2015,780.8
Azerbaijan,Figs,2016,501.3
Azerbaijan,Figs,2017,406.7
Azerbaijan,Figs,2018,411.8
Azerbaijan,Grapes,2015,715.4
Azerbaijan,Grapes,2016,450.0
Azerbaijan,Grapes,2017,406.7
Azerbaijan,Grapes,2018,382.3
Azerbaijan,Green garlic,2015,829.6
Azerbaijan,Green garlic,2016,626.7
Azerbaijan,Green garlic,2017,592.6
Azerbaijan,Green garlic,2018,617.6
Azerbaijan,"Hazelnuts, in shell",2015,1756.8
Azerbaijan,"Hazelnuts, in shell",2016,1566.7
Azerbaijan,"Hazelnuts, in shell",2017,1338.6
Azerbaijan,"Hazelnuts, in shell",2018,1294.1
Azerbaijan,"Hen eggs in shell, fresh",2015,1135.1
Azerbaijan,"Hen eggs in shell, fresh",2016,886.7
Azerbaijan,"Hen eggs in shell, fresh",2017,813.4
Azerbaijan,"Hen eggs in shell, fresh",2018,1470.6
Azerbaijan,"Horse meat, fresh or chilled (biological)",2015,1301.4
Azerbaijan,Lemons and limes,2015,1756.8
Azerbaijan,Lemons and limes,2016,1253.4
Azerbaijan,Lemons and limes,2017,1162.0
Azerbaijan,Lemons and limes,2018,823.5
Azerbaijan,"Lentils, dry",2015,1464.0
Azerbaijan,"Lentils, dry",2016,940.0
Azerbaijan,"Lentils, dry",2017,873.3
Azerbaijan,"Lentils, dry",2018,823.5
Azerbaijan,Maize (corn),2015,288.9
Azerbaijan,Maize (corn),2016,159.2
Azerbaijan,Maize (corn),2017,174.3
Azerbaijan,Maize (corn),2018,158.8
Azerbaijan,"Meat of asses, fresh or chilled (biological)",2015,260.3
Azerbaijan,"Meat of buffalo, fresh or chilled",2015,3220.9
Azerbaijan,"Meat of buffalo, fresh or chilled",2016,2193.4
Azerbaijan,"Meat of buffalo, fresh or chilled",2017,2498.3
Azerbaijan,"Meat of buffalo, fresh or chilled",2018,2705.9
Azerbaijan,"Meat of cattle with the bone, fresh or chilled",2015,3220.9
Azerbaijan,"Meat of cattle with the bone, fresh or chilled",2016,2193.4
Azerbaijan,"Meat of cattle with the bone, fresh or chilled",2017,2498.3
Azerbaijan,"Meat of cattle with the bone, fresh or chilled",2018,2705.9
Azerbaijan,"Meat of cattle with the bone, fresh or chilled (biological)",2015,1868.1
Azerbaijan,"Meat of chickens, fresh or chilled",2015,2471.3
Azerbaijan,"Meat of chickens, fresh or chilled",2016,1623.1
Azerbaijan,"Meat of chickens, fresh or chilled",2017,1783.7
Azerbaijan,"Meat of chickens, fresh or chilled",2018,2023.5
Azerbaijan,"Meat of chickens, fresh or chilled (biological)",2015,1804.0
Azerbaijan,"Meat of goat, fresh or chilled",2015,3630.8
Azerbaijan,"Meat of goat, fresh or chilled",2016,2331.2
Azerbaijan,"Meat of goat, fresh or chilled",2017,2640.7
Azerbaijan,"Meat of goat, fresh or chilled",2018,2823.5
Azerbaijan,"Meat of goat, fresh or chilled (biological)",2015,2568.5
Azerbaijan,"Meat of pig with the bone, fresh or chilled",2015,2928.1
Azerbaijan,"Meat of pig with the bone, fresh or chilled",2016,2444.0
Azerbaijan,"Meat of pig with the bone, fresh or chilled",2017,2614.5
Azerbaijan,"Meat of pig with the bone, fresh or chilled",2018,2647.0
Azerbaijan,"Meat of pig with the bone, fresh or chilled (biological)",2015,1146.8
Azerbaijan,"Meat of sheep, fresh or chilled",2015,3630.8
Azerbaijan,"Meat of sheep, fresh or chilled",2016,2331.2
Azerbaijan,"Meat of sheep, fresh or chilled",2017,2640.7
Azerbaijan,"Meat of sheep, fresh or chilled",2018,2823.5
Azerbaijan,"Meat of sheep, fresh or chilled (biological)",2015,2614.2
Azerbaijan,"Meat of turkeys, fresh or chilled (biological)",2015,5505.8
Azerbaijan,Millet,2015,146.4
Azerbaijan,Millet,2016,94.0
Azerbaijan,Millet,2017,117.4
Azerbaijan,Millet,2018,117.6
Azerbaijan,Mushrooms and truffles,2015,976.0
Azerbaijan,Mushrooms and truffles,2016,689.3
Azerbaijan,Mushrooms and truffles,2017,639.1
Azerbaijan,Mushrooms and truffles,2018,882.3
Azerbaijan,Natural honey,2015,20301.3
Azerbaijan,Natural honey,2016,14726.9
Azerbaijan,Natural honey,2017,13769.8
Azerbaijan,Natural honey,2018,12094.0
Azerbaijan,Oats,2015,195.2
Azerbaijan,Oats,2016,112.8
Azerbaijan,Oats,2017,104.6
Azerbaijan,Oats,2018,105.9
Azerbaijan,Olives,2015,507.5
Azerbaijan,Olives,2016,313.3
Azerbaijan,Olives,2017,389.3
Azerbaijan,Olives,2018,505.9
Azerbaijan,"Onions and shallots, dry (excluding dehydrated)",2015,408.0
Azerbaijan,"Onions and shallots, dry (excluding dehydrated)",2016,156.7
Azerbaijan,"Onions and shallots, dry (excluding dehydrated)",2017,168.5
Azerbaijan,"Onions and shallots, dry (excluding dehydrated)",2018,147.1
Azerbaijan,"Onions and shallots, green",2015,1268.8
Azerbaijan,"Onions and shallots, green",2016,626.7
Azerbaijan,"Onions and shallots, green",2017,743.7
Azerbaijan,"Onions and shallots, green",2018,588.2
Azerbaijan,Oranges,2015,1200.5
Azerbaijan,Oranges,2016,626.7
Azerbaijan,Oranges,2017,581.0
Azerbaijan,Oranges,2018,529.4
Azerbaijan,Other berries and fruits of the genus vaccinium n.e.c.,2015,1708.0
Azerbaijan,Other berries and fruits of the genus vaccinium n.e.c.,2016,1002.7
Azerbaijan,Other berries and fruits of the genus vaccinium n.e.c.,2017,755.3
Azerbaijan,Other berries and fruits of the genus vaccinium n.e.c.,2018,588.2
Azerbaijan,"Other citrus fruit, n.e.c.",2015,1366.4
Azerbaijan,"Other citrus fruit, n.e.c.",2016,626.7
Azerbaijan,"Other citrus fruit, n.e.c.",2017,586.8
Azerbaijan,"Other citrus fruit, n.e.c.",2018,588.2
Azerbaijan,"Other fruits, n.e.c.",2015,536.8
Azerbaijan,"Other fruits, n.e.c.",2016,319.6
Azerbaijan,"Other fruits, n.e.c.",2017,348.6
Azerbaijan,"Other fruits, n.e.c.",2018,264.7
Azerbaijan,"Other nuts (excluding wild edible nuts and groundnuts), in shell, n.e.c.",2015,2147.3
Azerbaijan,"Other nuts (excluding wild edible nuts and groundnuts), in shell, n.e.c.",2016,1441.4
Azerbaijan,"Other nuts (excluding wild edible nuts and groundnuts), in shell, n.e.c.",2017,1285.2
Azerbaijan,"Other nuts (excluding wild edible nuts and groundnuts), in shell, n.e.c.",2018,1235.3
Azerbaijan,Other pulses n.e.c.,2015,1268.8
Azerbaijan,Other pulses n.e.c.,2016,864.8
Azerbaijan,Other pulses n.e.c.,2017,830.8
Azerbaijan,Other pulses n.e.c.,2018,676.5
Azerbaijan,"Other vegetables, fresh n.e.c.",2015,497.8
Azerbaijan,"Other vegetables, fresh n.e.c.",2016,288.3
Azerbaijan,"Other vegetables, fresh n.e.c.",2017,331.2
Azerbaijan,"Other vegetables, fresh n.e.c.",2018,329.4
Azerbaijan,Peaches and nectarines,2015,585.6
Azerbaijan,Peaches and nectarines,2016,501.3
Azerbaijan,Peaches and nectarines,2017,453.2
Azerbaijan,Peaches and nectarines,2018,429.4
Azerbaijan,Pears,2015,624.7
Azerbaijan,Pears,2016,438.7
Azerbaijan,Pears,2017,464.8
Azerbaijan,Pears,2018,352.9
Azerbaijan,"Peas, dry",2015,1464.0
Azerbaijan,"Peas, dry",2016,877.3
Azerbaijan,"Peas, green",2015,390.4
Azerbaijan,"Peas, green",2016,250.7
Azerbaijan,"Peas, green",2017,232.4
Azerbaijan,"Peas, green",2018,235.3
Azerbaijan,Persimmons,2015,449.0
Azerbaijan,Persimmons,2016,250.7
Azerbaijan,Persimmons,2017,238.2
Azerbaijan,Persimmons,2018,223.5
Azerbaijan,"Pistachios, in shell",2015,1268.8
Azerbaijan,"Pistachios, in shell",2016,940.0
Azerbaijan,"Pistachios, in shell",2017,755.3
Azerbaijan,"Pistachios, in shell",2018,588.2
Azerbaijan,Plums and sloes,2015,351.4
Azerbaijan,Plums and sloes,2016,225.6
Azerbaijan,Plums and sloes,2017,232.4
Azerbaijan,Plums and sloes,2018,205.9
Azerbaijan,Potatoes,2015,424.6
Azerbaijan,Potatoes,2016,247.5
Azerbaijan,Potatoes,2017,261.5
Azerbaijan,Potatoes,2018,264.7
Azerbaijan,"Pumpkins, squash and gourds",2015,351.4
Azerbaijan,"Pumpkins, squash and gourds",2016,228.1
Azerbaijan,"Pumpkins, squash and gourds",2017,162.7
Azerbaijan,"Pumpkins, squash and gourds",2018,117.6
Azerbaijan,Quinces,2015,751.5
Azerbaijan,Quinces,2016,470.0
Azerbaijan,Quinces,2017,453.2
Azerbaijan,Quinces,2018,411.8
Azerbaijan,Raspberries,2015,1561.6
Azerbaijan,Raspberries,2016,940.0
Azerbaijan,Raspberries,2017,871.5
Azerbaijan,Raspberries,2018,882.3
Azerbaijan,Raw milk of buffalo,2015,533.9
Azerbaijan,Raw milk of buffalo,2016,399.2
Azerbaijan,Raw milk of buffalo,2017,403.2
Azerbaijan,Raw milk of buffalo,2018,411.8
Azerbaijan,Raw milk of cattle,2015,483.1
Azerbaijan,Raw milk of cattle,2016,303.3
Azerbaijan,Raw milk of cattle,2017,281.8
Azerbaijan,Raw milk of cattle,2018,288.2
Azerbaijan,Raw milk of goats,2015,492.9
Azerbaijan,Raw milk of goats,2016,470.0
Azerbaijan,Raw milk of goats,2017,581.0
Azerbaijan,Raw milk of goats,2018,647.1
Azerbaijan,Raw milk of sheep,2015,492.9
Azerbaijan,Raw milk of sheep,2016,401.1
Azerbaijan,Raw milk of sheep,2017,441.6
Azerbaijan,Raw milk of sheep,2018,411.8
Azerbaijan,Rice,2015,1171.2
Azerbaijan,Rice,2016,1042.2
Azerbaijan,Rice,2017,1015.0
Azerbaijan,Rice,2018,1017.6
Azerbaijan,Rye,2015,195.2
Azerbaijan,Rye,2016,125.3
Azerbaijan,Rye,2017,174.9
Azerbaijan,Rye,2018,176.5
Azerbaijan,"Seed cotton, unginned",2015,400.2
Azerbaijan,"Seed cotton, unginned",2016,304.6
Azerbaijan,"Seed cotton, unginned",2017,273.1
Azerbaijan,"Seed cotton, unginned",2018,282.4
Azerbaijan,"Shorn wool, greasy, including fleece-washed shorn wool",2015,1674.9
Azerbaijan,"Shorn wool, greasy, including fleece-washed shorn wool",2016,908.7
Azerbaijan,"Shorn wool, greasy, including fleece-washed shorn wool",2017,743.7
Azerbaijan,"Shorn wool, greasy, including fleece-washed shorn wool",2018,747.1
Azerbaijan,Silk-worm cocoons suitable for reeling,2015,8784.2
Azerbaijan,Silk-worm cocoons suitable for reeling,2016,5640.1
Azerbaijan,Silk-worm cocoons suitable for reeling,2017,5229.0
Azerbaijan,Silk-worm cocoons suitable for reeling,2018,5294.1
Azerbaijan,Sour cherries,2015,976.0
Azerbaijan,Sour cherries,2016,689.3
Azerbaijan,Sour cherries,2017,586.8
Azerbaijan,Sour cherries,2018,594.1
Azerbaijan,Sugar beet,2015,58.6
Azerbaijan,Sugar beet,2016,36.3
Azerbaijan,Sugar beet,2017,33.7
Azerbaijan,Sugar beet,2018,35.3
Azerbaijan,Sunflower seed,2015,715.4
Azerbaijan,Sunflower seed,2016,695.6
Azerbaijan,Sunflower seed,2017,755.3
Azerbaijan,Sunflower seed,2018,576.5
Azerbaijan,"Tangerines, mandarins, clementines",2015,937.0
Azerbaijan,"Tangerines, mandarins, clementines",2016,501.3
Azerbaijan,"Tangerines, mandarins, clementines",2017,435.8
Azerbaijan,"Tangerines, mandarins, clementines",2018,370.6
Azerbaijan,Tea leaves,2015,921.4
Azerbaijan,Tea leaves,2016,592.2
Azerbaijan,Tea leaves,2017,552.0
Azerbaijan,Tea leaves,2018,541.2
Azerbaijan,Tomatoes,2015,585.6
Azerbaijan,Tomatoes,2016,350.9
Azerbaijan,Tomatoes,2017,470.6
Azerbaijan,Tomatoes,2018,488.2
Azerbaijan,Unmanufactured tobacco,2015,673.5
Azerbaijan,Unmanufactured tobacco,2016,128.5
Azerbaijan,Unmanufactured tobacco,2017,116.2
Azerbaijan,Unmanufactured tobacco,2018,329.4
Azerbaijan,"Walnuts, in shell",2015,2391.3
Azerbaijan,"Walnuts, in shell",2016,1629.4
Azerbaijan,"Walnuts, in shell",2017,1394.4
Azerbaijan,"Walnuts, in shell",2018,1529.4
Azerbaijan,Watermelons,2015,175.7
Azerbaijan,Watermelons,2016,100.3
Azerbaijan,Watermelons,2017,98.8
Azerbaijan,Watermelons,2018,100.0
Azerbaijan,Wheat,2015,273.3
Azerbaijan,Wheat,2016,173.0
Azerbaijan,Wheat,2017,154.5
Azerbaijan,Wheat,2018,152.9
Bahrain,Cabbages,2017,1196.8
Bahrain,Cabbages,2018,1196.8
Bahrain,Cantaloupes and other melons,2017,1263.3
Bahrain,Cantaloupes and other melons,2018,1329.8
Bahrain,Carrots and turnips,2017,1329.8
Bahrain,Carrots and turnips,2018,1329.8
Bahrain,Cauliflowers and broccoli,2017,1263.3
Bahrain,Cauliflowers and broccoli,2018,1329.8
Bahrain,"Chillies and peppers, green (Capsicum spp. and Pimenta spp.)",2017,1329.8
Bahrain,"Chillies and peppers, green (Capsicum spp. and Pimenta spp.)",2018,1329.8
Bahrain,Cucumbers and gherkins,2017,1329.8
Bahrain,Cucumbers and gherkins,2018,1329.8
Bahrain,Dates,2017,731.4
Bahrain,Dates,2018,731.4
Bahrain,Eggplants (aubergines),2017,930.9
Bahrain,Eggplants (aubergines),2018,930.9
Bahrain,Lettuce and chicory,2017,1063.8
Bahrain,Lettuce and chicory,2018,1063.8
Bahrain,Okra,2017,851.1
Bahrain,Okra,2018,851.1
Bahrain,Potatoes,2017,1329.8
Bahrain,Potatoes,2018,1329.8
Bahrain,"Pumpkins, squash and gourds",2017,1063.8
Bahrain,"Pumpkins, squash and gourds",2018,1063.8
Bahrain,Sweet potatoes,2017,1329.8
Bahrain,Sweet potatoes,2018,1329.8
Bahrain,Tomatoes,2017,1196.8
Bahrain,Tomatoes,2018,1329.8
Bangladesh,Areca nuts,2015,2621.4
Bangladesh,Areca nuts,2016,2862.0
Bangladesh,Areca nuts,2017,2905.0
Bangladesh,Areca nuts,2018,3194.6
Bangladesh,Cabbages,2018,140.9
Bangladesh,"Chick peas, dry",2015,565.5
Bangladesh,"Chick peas, dry",2016,901.3
Bangladesh,"Chick peas, dry",2017,885.9
Bangladesh,"Chick peas, dry",2018,825.4
Bangladesh,"Chillies and peppers, green (Capsicum spp. and Pimenta spp.)",2015,594.0
Bangladesh,"Chillies and peppers, green (Capsicum spp. and Pimenta spp.)",2017,489.0
Bangladesh,"Chillies and peppers, green (Capsicum spp. and Pimenta spp.)",2018,663.6
Bangladesh,Cucumbers and gherkins,2015,226.6
Bangladesh,Cucumbers and gherkins,2016,250.5
Bangladesh,Cucumbers and gherkins,2017,252.4
Bangladesh,Cucumbers and gherkins,2018,231.6
Bangladesh,"Ginger, raw",2015,1045.3
Bangladesh,"Ginger, raw",2016,829.5
Bangladesh,"Ginger, raw",2017,781.4
Bangladesh,"Ginger, raw",2018,842.1
Bangladesh,Green garlic,2015,676.1
Bangladesh,Green garlic,2016,1359.6
Bangladesh,Green garlic,2017,1400.6
Bangladesh,Green garlic,2018,644.3
Bangladesh,"Groundnuts, excluding shelled",2015,826.5
Bangladesh,"Groundnuts, excluding shelled",2016,878.8
Bangladesh,"Groundnuts, excluding shelled",2017,819.9
Bangladesh,"Groundnuts, excluding shelled",2018,571.0
Bangladesh,"Lentils, dry",2015,1017.9
Bangladesh,"Lentils, dry",2016,1131.3
Bangladesh,"Lentils, dry",2017,884.5
Bangladesh,"Lentils, dry",2018,631.0
Bangladesh,Linseed,2015,653.7
Bangladesh,Linseed,2016,639.4
Bangladesh,Linseed,2017,699.1
Bangladesh,Linseed,2018,631.0
Bangladesh,Maize (corn),2015,206.7
Bangladesh,Maize (corn),2016,212.1
Bangladesh,Maize (corn),2017,206.0
Bangladesh,Maize (corn),2018,196.2
Bangladesh,"Mangoes, guavas and mangosteens",2015,372.0
Bangladesh,"Mangoes, guavas and mangosteens",2016,395.5
Bangladesh,"Mangoes, guavas and mangosteens",2017,355.7
Bangladesh,"Mangoes, guavas and mangosteens",2018,383.3
Bangladesh,"Onions and shallots, dry (excluding dehydrated)",2015,489.0
Bangladesh,"Onions and shallots, dry (excluding dehydrated)",2016,311.6
Bangladesh,"Onions and shallots, dry (excluding dehydrated)",2017,269.2
Bangladesh,"Onions and shallots, dry (excluding dehydrated)",2018,485.5
Bangladesh,Oranges,2015,156.6
Bangladesh,Oranges,2016,120.9
Bangladesh,Oranges,2017,130.4
Bangladesh,Oranges,2018,123.9
Bangladesh,"Other beans, green",2015,274.2
Bangladesh,"Other beans, green",2016,429.4
Bangladesh,"Other beans, green",2017,369.1
Bangladesh,"Other beans, green",2018,359.1
Bangladesh,Papayas,2015,447.1
Bangladesh,Papayas,2016,386.4
Bangladesh,Papayas,2017,366.6
Bangladesh,Papayas,2018,421.5
Bangladesh,Potatoes,2015,186.4
Bangladesh,Potatoes,2016,198.3
Bangladesh,Potatoes,2017,173.4
Bangladesh,Potatoes,2018,151.7
Bangladesh,Rape or colza seed,2015,557.8
Bangladesh,Rape or colza seed,2016,560.6
Bangladesh,Rape or colza seed,2017,561.2
Bangladesh,Rape or colza seed,2018,576.8
Bangladesh,Rice,2015,224.6
Bangladesh,Rice,2016,217.7
Bangladesh,Rice,2017,257.4
Bangladesh,Rice,2018,280.7
Bangladesh,Sesame seed,2015,633.7
Bangladesh,Sesame seed,2016,507.2
Bangladesh,Sesame seed,2017,433.4
Bangladesh,Sesame seed,2018,497.4
Bangladesh,Soya beans,2015,455.2
Bangladesh,Soya beans,2016,458.1
Bangladesh,Soya beans,2017,470.9
Bangladesh,Soya beans,2018,515.2
Bangladesh,Spinach,2015,167.8
Bangladesh,Spinach,2017,172.8
Bangladesh,Spinach,2018,166.3
Bangladesh,Sweet potatoes,2015,167.2
Bangladesh,Sweet potatoes,2016,172.5
Bangladesh,Sweet potatoes,2017,165.8
Bangladesh,Sweet potatoes,2018,188.5
Bangladesh,Tomatoes,2015,315.0
Bangladesh,Tomatoes,2016,416.9
Bangladesh,Tomatoes,2017,355.7
Bangladesh,Tomatoes,2018,275.8
Bangladesh,Wheat,2015,276.6
Bangladesh,Wheat,2016,254.7
Bangladesh,Wheat,2017,252.9
Bangladesh,Wheat,2018,254.5
Barbados,Bananas,2015,1470.0
Barbados,Bananas,2016,1515.0
Barbados,Cabbages,2015,2375.0
Barbados,Cabbages,2016,2490.0
Barbados,Cabbages,2017,2445.0
Barbados,Cabbages,2018,2570.0
Barbados,Cantaloupes and other melons,2015,1670.0
Barbados,Cantaloupes and other melons,2016,1835.0
Barbados,Cantaloupes and other melons,2017,1825.0
Barbados,Cantaloupes and other melons,2018,1645.0
Barbados,Carrots and turnips,2015,3040.0
Barbados,Carrots and turnips,2016,3080.0
Barbados,Carrots and turnips,2017,3260.0
Barbados,Carrots and turnips,2018,3385.0
Barbados,"Cassava, fresh",2015,1940.0
Barbados,"Cassava, fresh",2016,2055.0
Barbados,"Cassava, fresh",2017,2225.0
Barbados,"Cassava, fresh",2018,2365.0
Barbados,Cauliflowers and broccoli,2015,3585.0
Barbados,Cauliflowers and broccoli,2016,3590.0
Barbados,Cauliflowers and broccoli,2017,3610.0
Barbados,Cauliflowers and broccoli,2018,3600.0
Barbados,"Chillies and peppers, green (Capsicum spp. and Pimenta spp.)",2015,3445.0
Barbados,"Chillies and peppers, green (Capsicum spp. and Pimenta spp.)",2016,3720.0
Barbados,"Chillies and peppers, green (Capsicum spp. and Pimenta spp.)",2017,3790.0
Barbados,"Chillies and peppers, green (Capsicum spp. and Pimenta spp.)",2018,3365.0
Barbados,Cooking bananas,2015,995.0
Barbados,Cooking bananas,2016,995.0
Barbados,Cooking bananas,2017,995.0
Barbados,Cucumbers and gherkins,2015,1150.0
Barbados,Cucumbers and gherkins,2016,1515.0
Barbados,Cucumbers and gherkins,2017,1280.0
Barbados,Cucumbers and gherkins,2018,1170.0
Barbados,Eggplants (aubergines),2015,1665.0
Barbados,Eggplants (aubergines),2016,1535.0
Barbados,Eggplants (aubergines),2017,1560.0
Barbados,Eggplants (aubergines),2018,1610.0
Barbados,Lemons and limes,2015,2555.0
Barbados,Lemons and limes,2016,2650.0
Barbados,Lemons and limes,2017,2495.0
Barbados,Lemons and limes,2018,2415.0
Barbados,Okra,2015,2165.0
Barbados,Okra,2016,2150.0
Barbados,Okra,2017,2285.0
Barbados,Okra,2018,2125.0
Barbados,Other bananas (excluding cavendish and cooking bananas),2015,1470.0
Barbados,Other bananas (excluding cavendish and cooking bananas),2016,1515.0
Barbados,Other bananas (excluding cavendish and cooking bananas),2017,1575.0
Barbados,Other bananas (excluding cavendish and cooking bananas),2018,1530.0
Barbados,Papayas,2015,2400.0
Barbados,Papayas,2016,2440.0
Barbados,Papayas,2017,2415.0
Barbados,Papayas,2018,2415.0
Barbados,Plantains,2015,1845.0
Barbados,Plantains,2016,1825.0
Barbados,Plantains,2017,1945.0
Barbados,Plantains,2018,1975.0
Barbados,Plantains and cooking bananas,2015,1845.0
Barbados,Plantains and cooking bananas,2016,1825.0
Barbados,"Pumpkins, squash and gourds",2015,1300.0
Barbados,"Pumpkins, squash and gourds",2016,1325.0
Barbados,"Pumpkins, squash and gourds",2017,1425.0
Barbados,"Pumpkins, squash and gourds",2018,1525.0
Barbados,String beans,2015,4230.0
Barbados,String beans,2016,5060.0
Barbados,String beans,2017,4955.0
Barbados,String beans,2018,4265.0
Barbados,Sweet potatoes,2015,2105.0
Barbados,Sweet potatoes,2016,2335.0
Barbados,Sweet potatoes,2017,2335.0
Barbados,Sweet potatoes,2018,2110.0
Barbados,Tomatoes,2015,2145.0
Barbados,Tomatoes,2016,2740.0
Barbados,Tomatoes,2017,2980.0
Barbados,Tomatoes,2018,2755.0
Barbados,Yams,2015,3540.0
Barbados,Yams,2016,3665.0
Barbados,Yams,2017,3525.0
Barbados,Yams,2018,3545.0
Belarus,Apples,2015,293.3
Belarus,Apples,2016,270.8
Belarus,Apples,2017,341.1
Belarus,Apples,2018,256.8
Belarus,Barley,2015,126.7
Belarus,Barley,2016,103.2
Belarus,Barley,2017,138.7
Belarus,Barley,2018,143.6
Belarus,Buckwheat,2015,208.9
Belarus,Buckwheat,2016,217.5
Belarus,Buckwheat,2017,261.3
Belarus,Buckwheat,2018,265.9
Belarus,Cabbages,2015,195.7
Belarus,Cabbages,2016,166.9
Belarus,Cabbages,2017,139.0
Belarus,Cabbages,2018,159.3
Belarus,Carrots and turnips,2015,211.9
Belarus,Carrots and turnips,2016,147.1
Belarus,Carrots and turnips,2017,162.1
Belarus,Carrots and turnips,2018,208.8
Belarus,Cranberries,2015,1495.5
Belarus,Cranberries,2016,1531.5
Belarus,Cucumbers and gherkins,2015,820.9
Belarus,Cucumbers and gherkins,2016,720.8
Belarus,Cucumbers and gherkins,2017,883.4
Belarus,Cucumbers and gherkins,2018,764.0
Belarus,"Flax, processed but not spun",2015,356.5
Belarus,"Flax, processed but not spun",2016,367.1
Belarus,"Flax, processed but not spun",2017,380.4
Belarus,"Flax, processed but not spun",2018,378.6
Belarus,Green garlic,2017,3521.0
Belarus,"Hen eggs in shell, fresh",2015,1239.3
Belarus,"Hen eggs in shell, fresh",2016,1169.9
Belarus,"Hen eggs in shell, fresh",2017,1206.4
Belarus,"Hen eggs in shell, fresh",2018,1166.4
Belarus,Linseed,2015,554.2
Belarus,Linseed,2016,476.0
Belarus,Linseed,2017,509.3
Belarus,Linseed,2018,516.2
Belarus,Maize (corn),2015,355.7
Belarus,Maize (corn),2016,331.8
Belarus,Maize (corn),2017,386.9
Belarus,Maize (corn),2018,335.3
Belarus,"Meat of cattle with the bone, fresh or chilled (biological)",2015,1258.8
Belarus,"Meat of cattle with the bone, fresh or chilled (biological)",2016,1099.5
Belarus,"Meat of cattle with the bone, fresh or chilled (biological)",2017,1157.7
Belarus,"Meat of cattle with the bone, fresh or chilled (biological)",2018,1211.4
Belarus,"Meat of chickens, fresh or chilled (biological)",2015,922.1
Belarus,"Meat of chickens, fresh or chilled (biological)",2016,757.6
Belarus,"Meat of chickens, fresh or chilled (biological)",2017,792.4
Belarus,"Meat of chickens, fresh or chilled (biological)",2018,787.0
Belarus,"Meat of ducks, fresh or chilled (biological)",2015,1086.6
Belarus,"Meat of ducks, fresh or chilled (biological)",2016,867.8
Belarus,"Meat of ducks, fresh or chilled (biological)",2017,972.3
Belarus,"Meat of ducks, fresh or chilled (biological)",2018,980.0
Belarus,"Meat of pig with the bone, fresh or chilled (biological)",2015,1481.9
Belarus,"Meat of pig with the bone, fresh or chilled (biological)",2016,1221.6
Belarus,"Meat of pig with the bone, fresh or chilled (biological)",2017,1386.1
Belarus,"Meat of pig with the bone, fresh or chilled (biological)",2018,1359.6
Belarus,"Meat of turkeys, fresh or chilled (biological)",2015,2084.8
Belarus,"Meat of turkeys, fresh or chilled (biological)",2016,1385.0
Belarus,"Meat of turkeys, fresh or chilled (biological)",2017,2057.2
Belarus,"Meat of turkeys, fresh or chilled (biological)",2018,2191.8
Belarus,Millet,2017,142.4
Belarus,Millet,2018,152.3
Belarus,Natural honey,2015,3958.1
Belarus,Natural honey,2016,3064.3
Belarus,Natural honey,2017,3525.6
Belarus,Natural honey,2018,4373.4
Belarus,Oats,2015,94.2
Belarus,Oats,2016,75.6
Belarus,Oats,2017,88.4
Belarus,Oats,2018,99.4
Belarus,"Onions and shallots, dry (excluding dehydrated)",2015,213.7
Belarus,"Onions and shallots, dry (excluding dehydrated)",2016,150.4
Belarus,"Onions and shallots, dry (excluding dehydrated)",2017,157.2
Belarus,"Onions and shallots, dry (excluding dehydrated)",2018,140.3
Belarus,Other berries and fruits of the genus vaccinium n.e.c.,2015,576.1
Belarus,Other berries and fruits of the genus vaccinium n.e.c.,2016,491.2
Belarus,Other berries and fruits of the genus vaccinium n.e.c.,2017,796.5
Belarus,Other berries and fruits of the genus vaccinium n.e.c.,2018,404.5
Belarus,"Other oil seeds, n.e.c.",2018,464.2
Belarus,"Other vegetables, fresh n.e.c.",2015,193.8
Belarus,"Other vegetables, fresh n.e.c.",2016,144.3
Belarus,"Other vegetables, fresh n.e.c.",2017,132.8
Belarus,"Other vegetables, fresh n.e.c.",2018,174.4
Belarus,Pears,2015,747.1
Belarus,Pears,2016,500.9
Belarus,Pears,2017,538.4
Belarus,Pears,2018,341.1
Belarus,"Peas, dry",2015,265.8
Belarus,"Peas, dry",2016,449.2
Belarus,"Peas, dry",2017,371.3
Belarus,"Peas, dry",2018,517.8
Belarus,"Peas, green",2015,213.9
Belarus,"Peas, green",2016,261.9
Belarus,"Peas, green",2017,328.5
Belarus,"Peas, green",2018,276.8
Belarus,Plums and sloes,2015,289.1
Belarus,Plums and sloes,2016,420.6
Belarus,Plums and sloes,2017,521.5
Belarus,Plums and sloes,2018,363.2
Belarus,Potatoes,2015,139.4
Belarus,Potatoes,2016,79.1
Belarus,Potatoes,2017,110.0
Belarus,Potatoes,2018,127.4
Belarus,Rape or colza seed,2015,244.2
Belarus,Rape or colza seed,2016,353.5
Belarus,Rape or colza seed,2017,353.4
Belarus,Rape or colza seed,2018,341.4
Belarus,Raw milk of cattle,2015,266.5
Belarus,Raw milk of cattle,2016,230.3
Belarus,Raw milk of cattle,2017,286.4
Belarus,Raw milk of cattle,2018,293.7
Belarus,Rye,2015,85.6
Belarus,Rye,2016,86.0
Belarus,Rye,2017,99.2
Belarus,Rye,2018,102.4
Belarus,Sour cherries,2017,1279.5
Belarus,Sour cherries,2018,544.8
Belarus,Strawberries,2015,1856.0
Belarus,Strawberries,2016,1831.4
Belarus,Strawberries,2017,2090.5
Belarus,Strawberries,2018,1431.4
Belarus,Sugar beet,2015,33.1
Belarus,Sugar beet,2016,33.7
Belarus,Sugar beet,2017,38.2
Belarus,Sugar beet,2018,30.9
Belarus,Tomatoes,2015,904.4
Belarus,Tomatoes,2016,891.9
Belarus,Tomatoes,2017,946.7
Belarus,Tomatoes,2018,803.7
Belarus,Triticale,2015,113.4
Belarus,Triticale,2016,92.5
Belarus,Triticale,2017,107.4
Belarus,Triticale,2018,124.4
Belarus,Wheat,2015,129.6
Belarus,Wheat,2016,126.9
Belarus,Wheat,2017,147.3
Belarus,Wheat,2018,158.2
Belgium,Apples,2015,437.2
Belgium,Apples,2016,395.8
Belgium,Apples,2017,560.5
Belgium,Apples,2018,823.3
Belgium,Asparagus,2015,2034.4
Belgium,Asparagus,2016,2290.3
Belgium,Asparagus,2017,1999.5
Belgium,Asparagus,2018,1931.0
Belgium,Barley,2015,157.9
Belgium,Barley,2016,130.7
Belgium,Barley,2017,149.4
Belgium,Barley,2018,209.7
Belgium,Cabbages,2015,836.6
Belgium,Cabbages,2016,1179.8
Belgium,Cabbages,2017,953.6
Belgium,Cabbages,2018,1447.9
Belgium,Carrots and turnips,2015,716.8
Belgium,Carrots and turnips,2016,631.3
Belgium,Carrots and turnips,2017,369.0
Belgium,Carrots and turnips,2018,518.5
Belgium,Cauliflowers and broccoli,2015,739.7
Belgium,Cauliflowers and broccoli,2016,1223.8
Belgium,Cauliflowers and broccoli,2017,780.2
Belgium,Cauliflowers and broccoli,2018,1231.7
Belgium,Cherries,2015,2141.0
Belgium,Cherries,2016,2071.4
Belgium,Cherries,2017,2696.4
Belgium,Cherries,2018,1986.8
Belgium,Chicory roots,2015,554.7
Belgium,Chicory roots,2016,553.3
Belgium,Chicory roots,2017,573.5
Belgium,Chicory roots,2018,608.5
Belgium,"Chillies and peppers, green (Capsicum spp. and Pimenta spp.)",2015,1444.9
Belgium,"Chillies and peppers, green (Capsicum spp. and Pimenta spp.)",2016,1415.6
Belgium,"Chillies and peppers, green (Capsicum spp. and Pimenta spp.)",2017,1159.3
Belgium,"Chillies and peppers, green (Capsicum spp. and Pimenta spp.)",2018,1405.3
Belgium,Cucumbers and gherkins,2015,362.5
Belgium,Cucumbers and gherkins,2016,354.1
Belgium,Cucumbers and gherkins,2017,270.0
Belgium,Cucumbers and gherkins,2018,416.3
Belgium,Currants,2015,1939.4
Belgium,Currants,2016,1612.9
Belgium,Currants,2017,4658.7
Belgium,Currants,2018,4442.6
Belgium,"Flax, processed but not spun",2015,332.7
Belgium,"Flax, processed but not spun",2016,338.5
Belgium,"Flax, processed but not spun",2017,369.9
Belgium,"Flax, processed but not spun",2018,423.7
Belgium,"Hen eggs in shell, fresh",2015,643.2
Belgium,"Hen eggs in shell, fresh",2016,511.2
Belgium,"Hen eggs in shell, fresh",2017,781.9
Belgium,"Hen eggs in shell, fresh",2018,689.9
Belgium,Hop cones,2015,5110.6
Belgium,Hop cones,2016,5352.0
Belgium,Hop cones,2017,5698.2
Belgium,Hop cones,2018,6775.7
Belgium,"Horse meat, fresh or chilled (biological)",2015,1199.9
Belgium,"Horse meat, fresh or chilled (biological)",2016,1156.4
Belgium,"Horse meat, fresh or chilled (biological)",2017,1200.2
Belgium,"Horse meat, fresh or chilled (biological)",2018,1254.9
Belgium,Leeks and other alliaceous vegetables,2015,485.3
Belgium,Leeks and other alliaceous vegetables,2016,322.9
Belgium,Leeks and other alliaceous vegetables,2017,399.3
Belgium,Leeks and other alliaceous vegetables,2018,828.6
Belgium,Lettuce and chicory,2015,320.1
Belgium,Lettuce and chicory,2016,346.3
Belgium,Lettuce and chicory,2017,351.4
Belgium,Lettuce and chicory,2018,379.3
Belgium,"Meat of cattle with the bone, fresh or chilled (biological)",2015,2944.8
Belgium,"Meat of cattle with the bone, fresh or chilled (biological)",2016,2813.0
Belgium,"Meat of cattle with the bone, fresh or chilled (biological)",2017,2878.8
Belgium,"Meat of cattle with the bone, fresh or chilled (biological)",2018,2911.0
Belgium,"Meat of chickens, fresh or chilled (biological)",2015,996.4
Belgium,"Meat of chickens, fresh or chilled (biological)",2016,953.6
Belgium,"Meat of chickens, fresh or chilled (biological)",2017,971.7
Belgium,"Meat of chickens, fresh or chilled (biological)",2018,1030.1
Belgium,"Meat of goat, fresh or chilled (biological)",2015,3671.6
Belgium,"Meat of goat, fresh or chilled (biological)",2016,3544.2
Belgium,"Meat of pig with the bone, fresh or chilled (biological)",2015,1061.9
Belgium,"Meat of pig with the bone, fresh or chilled (biological)",2016,1124.7
Belgium,"Meat of pig with the bone, fresh or chilled (biological)",2017,1270.6
Belgium,"Meat of pig with the bone, fresh or chilled (biological)",2018,1105.9
Belgium,"Meat of rabbits and hares, fresh or chilled (biological)",2015,2149.8
Belgium,"Meat of rabbits and hares, fresh or chilled (biological)",2016,2044.7
Belgium,"Meat of rabbits and hares, fresh or chilled (biological)",2017,2186.6
Belgium,"Meat of rabbits and hares, fresh or chilled (biological)",2018,2260.6
Belgium,"Meat of sheep, fresh or chilled (biological)",2015,2353.9
Belgium,"Meat of sheep, fresh or chilled (biological)",2016,2271.1
Belgium,"Meat of sheep, fresh or chilled (biological)",2017,3172.8
Belgium,"Meat of sheep, fresh or chilled (biological)",2018,3771.3
Belgium,Mushrooms and truffles,2015,1770.0
Belgium,Mushrooms and truffles,2016,1640.6
Belgium,Mushrooms and truffles,2017,1431.4
Belgium,Mushrooms and truffles,2018,1439.6
Belgium,Oats,2015,73.9
Belgium,Oats,2016,62.0
Belgium,Oats,2017,69.6
Belgium,Oats,2018,90.6
Belgium,"Onions and shallots, dry (excluding dehydrated)",2015,190.6
Belgium,"Onions and shallots, dry (excluding dehydrated)",2016,144.8
Belgium,"Onions and shallots, dry (excluding dehydrated)",2017,156.2
Belgium,"Onions and shallots, dry (excluding dehydrated)",2018,183.7
Belgium,"Other beans, green",2015,1913.6
Belgium,"Other beans, green",2016,2477.0
Belgium,"Other beans, green",2017,1904.0
Belgium,"Other beans, green",2018,1959.9
Belgium,"Other vegetables, fresh n.e.c.",2015,492.0
Belgium,"Other vegetables, fresh n.e.c.",2016,486.3
Belgium,"Other vegetables, fresh n.e.c.",2017,518.4
Belgium,"Other vegetables, fresh n.e.c.",2018,603.9
Belgium,Pears,2015,651.7
Belgium,Pears,2016,520.6
Belgium,Pears,2017,700.6
Belgium,Pears,2018,653.3
Belgium,Plums and sloes,2015,988.6
Belgium,Plums and sloes,2016,964.8
Belgium,Plums and sloes,2017,1114.2
Belgium,Plums and sloes,2018,1385.7
Belgium,Potatoes,2015,115.0
Belgium,Potatoes,2016,210.2
Belgium,Potatoes,2017,128.3
Belgium,Potatoes,2018,268.0
Belgium,Quinces,2015,651.7
Belgium,Quinces,2016,520.6
Belgium,Rape or colza seed,2015,252.0
Belgium,Rape or colza seed,2016,215.9
Belgium,Rape or colza seed,2017,199.9
Belgium,Rape or colza seed,2018,336.6
Belgium,Raspberries,2015,13677.3
Belgium,Raspberries,2016,8236.7
Belgium,Raspberries,2017,7398.2
Belgium,Raspberries,2018,10285.8
Belgium,Raw milk of cattle,2015,291.5
Belgium,Raw milk of cattle,2016,273.0
Belgium,Raw milk of cattle,2017,367.3
Belgium,Raw milk of cattle,2018,351.8
Belgium,Rye,2015,119.2
Belgium,Rye,2016,107.6
Belgium,Rye,2017,123.0
Belgium,Rye,2018,164.8
Belgium,Strawberries,2015,1423.9
Belgium,Strawberries,2016,1174.3
Belgium,Strawberries,2017,3480.3
Belgium,Strawberries,2018,4672.6
Belgium,Sugar beet,2015,29.2
Belgium,Sugar beet,2016,29.1
Belgium,Sugar beet,2017,25.0
Belgium,Sugar beet,2018,27.2
Belgium,Tomatoes,2015,742.3
Belgium,Tomatoes,2016,758.4
Belgium,Tomatoes,2017,793.2
Belgium,Tomatoes,2018,849.1
Belgium,Triticale,2015,80.4
Belgium,Triticale,2016,63.5
Belgium,Triticale,2017,60.4
Belgium,Triticale,2018,103.9
Belgium,Unmanufactured tobacco,2015,1966.0
Belgium,Unmanufactured tobacco,2016,2000.0
Belgium,Unmanufactured tobacco,2017,2246.8
Belgium,Unmanufactured tobacco,2018,2222.8
Belgium,Wheat,2015,171.3
Belgium,Wheat,2016,147.5
Belgium,Wheat,2017,159.7
Belgium,Wheat,2018,196.7
Benin,"Beans, dry",2016,684.3
Benin,"Beans, dry",2017,724.3
Benin,"Beans, dry",2018,877.3
Benin,"Cassava, fresh",2016,281.8
Benin,"Cassava, fresh",2017,309.3
Benin,"Cassava, fresh",2018,232.5
Benin,Maize (corn),2016,269.3
Benin,Maize (corn),2017,277.8
Benin,Maize (corn),2018,245.0
Benin,Millet,2016,518.9
Benin,Millet,2017,606.3
Benin,Millet,2018,545.6
Benin,Okra,2016,520.7
Benin,Okra,2017,478.5
Benin,Okra,2018,645.5
Benin,Potatoes,2016,1522.8
Benin,Potatoes,2017,1411.0
Benin,Potatoes,2018,1242.7
Benin,Rice,2016,606.1
Benin,Rice,2017,627.6
Benin,Rice,2018,691.6
Benin,Sorghum,2016,300.4
Benin,Sorghum,2017,320.0
Benin,Sorghum,2018,347.7
Benin,Sweet potatoes,2016,401.1
Benin,Sweet potatoes,2017,384.0
Benin,Sweet potatoes,2018,306.8
Benin,Taro,2016,698.5
Benin,Taro,2017,745.2
Benin,Taro,2018,847.5
Benin,Tomatoes,2016,587.4
Benin,Tomatoes,2017,648.6
Benin,Tomatoes,2018,698.5
Benin,Yams,2016,382.0
Benin,Yams,2017,387.7
Benin,Yams,2018,335.2
Bhutan,Apples,2015,483.2
Bhutan,Apples,2016,744.1
Bhutan,Apples,2017,522.1
Bhutan,Areca nuts,2015,342.9
Bhutan,Areca nuts,2016,312.5
Bhutan,Areca nuts,2017,1105.6
Bhutan,Asparagus,2015,1730.3
Bhutan,Asparagus,2016,1771.0
Bhutan,Asparagus,2017,2395.5
Bhutan,Bananas,2015,358.5
Bhutan,Bananas,2016,386.9
Bhutan,Bananas,2017,537.5
Bhutan,Barley,2015,467.6
Bhutan,Barley,2016,625.0
Bhutan,Barley,2017,813.9
Bhutan,"Beans, dry",2015,1021.0
Bhutan,"Beans, dry",2016,1212.9
Bhutan,Buckwheat,2015,576.8
Bhutan,Buckwheat,2016,654.8
Bhutan,Buckwheat,2017,752.4
Bhutan,Cabbages,2015,327.3
Bhutan,Cabbages,2016,386.9
Bhutan,Cabbages,2017,337.8
Bhutan,Carrots and turnips,2015,545.6
Bhutan,Carrots and turnips,2016,580.4
Bhutan,Carrots and turnips,2017,629.6
Bhutan,Cauliflowers and broccoli,2015,576.8
Bhutan,Cauliflowers and broccoli,2016,729.2
Bhutan,Cauliflowers and broccoli,2017,998.1
Bhutan,"Chillies and peppers, green (Capsicum spp. and Pimenta spp.)",2015,950.9
Bhutan,"Chillies and peppers, green (Capsicum spp. and Pimenta spp.)",2016,982.2
Bhutan,"Chillies and peppers, green (Capsicum spp. and Pimenta spp.)",2017,1520.2
Bhutan,Eggplants (aubergines),2015,436.5
Bhutan,Eggplants (aubergines),2016,550.6
Bhutan,Eggplants (aubergines),2017,506.7
Bhutan,"Ginger, raw",2015,623.5
Bhutan,"Ginger, raw",2016,639.9
Bhutan,"Ginger, raw",2017,1243.8
Bhutan,Green garlic,2015,1387.3
Bhutan,Green garlic,2016,1116.2
Bhutan,Green garlic,2017,1458.8
Bhutan,"Hen eggs in shell, fresh",2015,3801.9
Bhutan,Lemons and limes,2017,813.9
Bhutan,Maize (corn),2015,280.6
Bhutan,Maize (corn),2016,878.0
Bhutan,Maize (corn),2017,307.1
Bhutan,"Mangoes, guavas and mangosteens",2015,732.6
Bhutan,"Mangoes, guavas and mangosteens",2016,639.9
Bhutan,"Mangoes, guavas and mangosteens",2017,691.0
Bhutan,"Meat of buffalo, fresh or chilled",2015,3117.6
Bhutan,"Meat of cattle with the bone, fresh or chilled",2015,3897.0
Bhutan,"Meat of cattle with the bone, fresh or chilled (biological)",2015,3094.7
Bhutan,"Meat of chickens, fresh or chilled",2015,7794.0
Bhutan,"Meat of chickens, fresh or chilled (biological)",2015,6235.2
Bhutan,"Meat of goat, fresh or chilled",2015,4676.4
Bhutan,"Meat of goat, fresh or chilled (biological)",2015,3897.0
Bhutan,"Meat of pig with the bone, fresh or chilled",2015,3429.4
Bhutan,"Meat of sheep, fresh or chilled",2015,1870.6
Bhutan,"Meat of sheep, fresh or chilled (biological)",2015,1417.1
Bhutan,Millet,2015,327.3
Bhutan,Millet,2016,535.8
Bhutan,Millet,2017,583.5
Bhutan,Mushrooms and truffles,2015,2416.1
Bhutan,Mushrooms and truffles,2016,5521.2
Bhutan,Mushrooms and truffles,2017,5466.7
Bhutan,Mustard seed,2015,795.0
Bhutan,Mustard seed,2016,699.5
Bhutan,Mustard seed,2017,445.3
Bhutan,"Nutmeg, mace, cardamoms, raw",2015,21823.2
Bhutan,"Nutmeg, mace, cardamoms, raw",2016,11741.9
Bhutan,"Nutmeg, mace, cardamoms, raw",2017,9735.6
Bhutan,"Onions and shallots, dry (excluding dehydrated)",2015,639.1
Bhutan,"Onions and shallots, dry (excluding dehydrated)",2016,729.2
Bhutan,"Onions and shallots, dry (excluding dehydrated)",2017,1059.6
Bhutan,Oranges,2015,1496.4
Bhutan,Oranges,2016,506.0
Bhutan,Oranges,2017,583.5
Bhutan,"Other beans, green",2015,592.3
Bhutan,"Other beans, green",2016,684.6
Bhutan,"Other beans, green",2017,813.9
Bhutan,"Other citrus fruit, n.e.c.",2015,318.0
Bhutan,Other pulses n.e.c.,2015,519.1
Bhutan,Peaches and nectarines,2015,576.8
Bhutan,Peaches and nectarines,2016,625.0
Bhutan,Peaches and nectarines,2017,737.1
Bhutan,Pears,2015,545.6
Bhutan,Pears,2016,759.0
Bhutan,Pears,2017,721.7
Bhutan,"Peas, green",2015,592.3
Bhutan,"Peas, green",2016,625.0
Bhutan,"Peas, green",2017,706.4
Bhutan,Pineapples,2015,452.1
Bhutan,Pineapples,2016,416.7
Bhutan,Pineapples,2017,430.0
Bhutan,Plums and sloes,2015,405.3
Bhutan,Plums and sloes,2016,416.7
Bhutan,Plums and sloes,2017,859.9
Bhutan,Potatoes,2015,311.8
Bhutan,Potatoes,2016,357.2
Bhutan,Potatoes,2017,383.9
Bhutan,"Pumpkins, squash and gourds",2015,740.4
Bhutan,"Pumpkins, squash and gourds",2016,342.3
Bhutan,"Pumpkins, squash and gourds",2017,322.5
Bhutan,Raw milk of buffalo,2015,545.6
Bhutan,Raw milk of cattle,2015,545.6
Bhutan,Raw milk of goats,2015,623.5
Bhutan,Rice,2015,545.6
Bhutan,Rice,2016,818.5
Bhutan,Rice,2017,1366.7
Bhutan,Soya beans,2015,1855.0
Bhutan,Soya beans,2016,788.7
Bhutan,Soya beans,2017,829.2
Bhutan,Sugar cane,2015,342.9
Bhutan,Sugar cane,2016,297.6
Bhutan,Sugar cane,2017,691.0
Bhutan,Sweet potatoes,2015,467.6
Bhutan,Sweet potatoes,2016,535.8
Bhutan,Sweet potatoes,2017,598.9
Bhutan,Tomatoes,2015,561.2
Bhutan,Tomatoes,2016,625.0
Bhutan,Tomatoes,2017,675.7
Bhutan,"Walnuts, in shell",2015,1247.0
Bhutan,"Walnuts, in shell",2016,3155.0
Bhutan,"Walnuts, in shell",2017,1812.0
Bhutan,Wheat,2015,530.0
Bhutan,Wheat,2016,565.5
Bhutan,Wheat,2017,936.7
Bolivia (Plurinational State of),Apples,2015,528.8
Bolivia (Plurinational State of),Apples,2016,646.3
Bolivia (Plurinational State of),Apples,2017,535.9
Bolivia (Plurinational State of),Apples,2018,497.3
Bolivia (Plurinational State of),Avocados,2015,442.0
Bolivia (Plurinational State of),Bananas,2015,208.9
Bolivia (Plurinational State of),Barley,2015,271.7
Bolivia (Plurinational State of),Barley,2016,213.6
Bolivia (Plurinational State of),Barley,2017,214.4
Bolivia (Plurinational State of),Barley,2018,199.2
Bolivia (Plurinational State of),"Broad beans and horse beans, green",2015,206.1
Bolivia (Plurinational State of),"Broad beans and horse beans, green",2016,273.1
Bolivia (Plurinational State of),"Broad beans and horse beans, green",2017,312.7
Bolivia (Plurinational State of),"Broad beans and horse beans, green",2018,312.0
Bolivia (Plurinational State of),Carrots and turnips,2015,132.8
Bolivia (Plurinational State of),Carrots and turnips,2016,160.3
Bolivia (Plurinational State of),Carrots and turnips,2017,157.5
Bolivia (Plurinational State of),Carrots and turnips,2018,181.2
Bolivia (Plurinational State of),"Cassava, fresh",2015,230.8
Bolivia (Plurinational State of),"Cassava, fresh",2016,205.7
Bolivia (Plurinational State of),"Cassava, fresh",2017,212.8
Bolivia (Plurinational State of),"Cassava, fresh",2018,210.7
Bolivia (Plurinational State of),"Chestnuts, in shell",2015,630.1
Bolivia (Plurinational State of),"Chestnuts, in shell",2016,683.9
Bolivia (Plurinational State of),"Chestnuts, in shell",2017,1197.1
Bolivia (Plurinational State of),"Chestnuts, in shell",2018,902.2
Bolivia (Plurinational State of),"Chillies and peppers, green (Capsicum spp. and Pimenta spp.)",2015,636.4
Bolivia (Plurinational State of),"Chillies and peppers, green (Capsicum spp. and Pimenta spp.)",2016,455.0
Bolivia (Plurinational State of),"Chillies and peppers, green (Capsicum spp. and Pimenta spp.)",2017,537.8
Bolivia (Plurinational State of),"Chillies and peppers, green (Capsicum spp. and Pimenta spp.)",2018,450.4
Bolivia (Plurinational State of),Cocoa beans,2015,2148.5
Bolivia (Plurinational State of),Cocoa beans,2016,2075.3
Bolivia (Plurinational State of),Cocoa beans,2017,2014.2
Bolivia (Plurinational State of),Cocoa beans,2018,1956.4
Bolivia (Plurinational State of),"Coffee, green",2015,1243.6
Bolivia (Plurinational State of),"Coffee, green",2016,1325.5
Bolivia (Plurinational State of),"Coffee, green",2017,1255.7
Bolivia (Plurinational State of),"Coffee, green",2018,1333.7
Bolivia (Plurinational State of),"Cotton lint, ginned",2015,1869.1
Bolivia (Plurinational State of),Cucumbers and gherkins,2015,113.1
Bolivia (Plurinational State of),Cucumbers and gherkins,2016,166.0
Bolivia (Plurinational State of),Cucumbers and gherkins,2017,168.4
Bolivia (Plurinational State of),Cucumbers and gherkins,2018,105.0
Bolivia (Plurinational State of),Figs,2015,510.8
Bolivia (Plurinational State of),Grapes,2015,462.7
Bolivia (Plurinational State of),Grapes,2016,549.4
Bolivia (Plurinational State of),Grapes,2017,580.6
Bolivia (Plurinational State of),Grapes,2018,549.3
Bolivia (Plurinational State of),Green corn (maize),2015,304.1
Bolivia (Plurinational State of),Green garlic,2015,1349.4
Bolivia (Plurinational State of),Green garlic,2016,1330.6
Bolivia (Plurinational State of),Green garlic,2017,1023.0
Bolivia (Plurinational State of),Green garlic,2018,754.0
Bolivia (Plurinational State of),"Groundnuts, excluding shelled",2015,857.5
Bolivia (Plurinational State of),"Groundnuts, excluding shelled",2016,741.6
Bolivia (Plurinational State of),"Groundnuts, excluding shelled",2017,820.8
Bolivia (Plurinational State of),"Groundnuts, excluding shelled",2018,709.9
Bolivia (Plurinational State of),"Hen eggs in shell, fresh",2015,1457.8
Bolivia (Plurinational State of),"Hen eggs in shell, fresh",2016,1322.1
Bolivia (Plurinational State of),"Hen eggs in shell, fresh",2017,1451.7
Bolivia (Plurinational State of),Lemons and limes,2015,337.6
Bolivia (Plurinational State of),Lettuce and chicory,2015,217.8
Bolivia (Plurinational State of),Lettuce and chicory,2016,273.9
Bolivia (Plurinational State of),Lettuce and chicory,2017,256.5
Bolivia (Plurinational State of),Lettuce and chicory,2018,230.2
Bolivia (Plurinational State of),Maize (corn),2015,278.3
Bolivia (Plurinational State of),Maize (corn),2016,303.7
Bolivia (Plurinational State of),Maize (corn),2017,364.5
Bolivia (Plurinational State of),Maize (corn),2018,392.9
Bolivia (Plurinational State of),"Mangoes, guavas and mangosteens",2015,298.8
Bolivia (Plurinational State of),"Meat of cattle with the bone, fresh or chilled",2015,2924.9
Bolivia (Plurinational State of),"Meat of cattle with the bone, fresh or chilled",2016,2801.3
Bolivia (Plurinational State of),"Meat of cattle with the bone, fresh or chilled",2017,2782.9
Bolivia (Plurinational State of),"Meat of cattle with the bone, fresh or chilled",2018,2789.5
Bolivia (Plurinational State of),"Meat of cattle with the bone, fresh or chilled (biological)",2015,1027.3
Bolivia (Plurinational State of),"Meat of cattle with the bone, fresh or chilled (biological)",2016,897.0
Bolivia (Plurinational State of),"Meat of cattle with the bone, fresh or chilled (biological)",2017,892.3
Bolivia (Plurinational State of),"Meat of goat, fresh or chilled (biological)",2015,1291.8
Bolivia (Plurinational State of),"Meat of goat, fresh or chilled (biological)",2016,1416.2
Bolivia (Plurinational State of),"Meat of goat, fresh or chilled (biological)",2017,1998.0
Bolivia (Plurinational State of),"Meat of pig with the bone, fresh or chilled",2015,3053.4
Bolivia (Plurinational State of),"Meat of pig with the bone, fresh or chilled",2016,2728.8
Bolivia (Plurinational State of),"Meat of pig with the bone, fresh or chilled",2017,2654.1
Bolivia (Plurinational State of),"Meat of pig with the bone, fresh or chilled",2018,2567.7
Bolivia (Plurinational State of),"Meat of pig with the bone, fresh or chilled (biological)",2015,544.3
Bolivia (Plurinational State of),"Meat of pig with the bone, fresh or chilled (biological)",2016,506.8
Bolivia (Plurinational State of),"Meat of pig with the bone, fresh or chilled (biological)",2017,413.7
Bolivia (Plurinational State of),"Meat of sheep, fresh or chilled (biological)",2015,1485.0
Bolivia (Plurinational State of),"Meat of sheep, fresh or chilled (biological)",2016,1504.8
Bolivia (Plurinational State of),"Meat of sheep, fresh or chilled (biological)",2017,1756.0
Bolivia (Plurinational State of),Natural honey,2015,6078.0
Bolivia (Plurinational State of),Natural honey,2016,6295.2
Bolivia (Plurinational State of),Natural honey,2017,6295.2
Bolivia (Plurinational State of),Oats,2015,261.8
Bolivia (Plurinational State of),Oats,2016,360.6
Bolivia (Plurinational State of),Oats,2017,312.0
Bolivia (Plurinational State of),Oats,2018,349.4
Bolivia (Plurinational State of),"Onions and shallots, dry (excluding dehydrated)",2015,185.8
Bolivia (Plurinational State of),"Onions and shallots, dry (excluding dehydrated)",2016,94.8
Bolivia (Plurinational State of),"Onions and shallots, dry (excluding dehydrated)",2017,166.6
Bolivia (Plurinational State of),"Onions and shallots, dry (excluding dehydrated)",2018,178.4
Bolivia (Plurinational State of),Oranges,2015,149.9
Bolivia (Plurinational State of),"Other beans, green",2015,415.3
Bolivia (Plurinational State of),"Other beans, green",2016,752.1
Bolivia (Plurinational State of),"Other beans, green",2017,795.4
Bolivia (Plurinational State of),"Other beans, green",2018,379.9
Bolivia (Plurinational State of),Papayas,2015,355.5
Bolivia (Plurinational State of),Pears,2015,551.0
Bolivia (Plurinational State of),"Peas, green",2015,465.7
Bolivia (Plurinational State of),"Peas, green",2016,620.7
Bolivia (Plurinational State of),"Peas, green",2017,642.3
Bolivia (Plurinational State of),"Peas, green",2018,476.5
Bolivia (Plurinational State of),Pineapples,2015,330.9
Bolivia (Plurinational State of),Plantains and cooking bananas,2015,182.5
Bolivia (Plurinational State of),Plums and sloes,2015,797.3
Bolivia (Plurinational State of),Pomelos and grapefruits,2015,153.7
Bolivia (Plurinational State of),Potatoes,2015,244.6
Bolivia (Plurinational State of),Potatoes,2016,321.8
Bolivia (Plurinational State of),Potatoes,2017,275.5
Bolivia (Plurinational State of),Potatoes,2018,211.5
Bolivia (Plurinational State of),"Pumpkins, squash and gourds",2015,172.5
Bolivia (Plurinational State of),"Pumpkins, squash and gourds",2016,133.6
Bolivia (Plurinational State of),"Pumpkins, squash and gourds",2017,147.3
Bolivia (Plurinational State of),"Pumpkins, squash and gourds",2018,130.8
Bolivia (Plurinational State of),Quinces,2015,239.4
Bolivia (Plurinational State of),Quinoa,2015,1430.8
Bolivia (Plurinational State of),Quinoa,2016,1028.8
Bolivia (Plurinational State of),Quinoa,2017,770.6
Bolivia (Plurinational State of),Quinoa,2018,903.2
Bolivia (Plurinational State of),Raw milk of cattle,2015,484.9
Bolivia (Plurinational State of),Raw milk of cattle,2016,476.6
Bolivia (Plurinational State of),Raw milk of cattle,2017,445.7
Bolivia (Plurinational State of),Rice,2015,315.8
Bolivia (Plurinational State of),Rice,2016,269.9
Bolivia (Plurinational State of),Rice,2017,297.2
Bolivia (Plurinational State of),Rice,2018,348.5
Bolivia (Plurinational State of),Rye,2015,181.5
Bolivia (Plurinational State of),Sorghum,2015,91.7
Bolivia (Plurinational State of),Sorghum,2016,124.9
Bolivia (Plurinational State of),Sorghum,2017,110.1
Bolivia (Plurinational State of),Sorghum,2018,106.4
Bolivia (Plurinational State of),Soya beans,2015,293.0
Bolivia (Plurinational State of),Soya beans,2016,268.2
Bolivia (Plurinational State of),Soya beans,2017,284.5
Bolivia (Plurinational State of),Soya beans,2018,322.7
Bolivia (Plurinational State of),Sugar cane,2015,261.2
Bolivia (Plurinational State of),Sugar cane,2016,97.1
Bolivia (Plurinational State of),Sugar cane,2017,51.9
Bolivia (Plurinational State of),Sugar cane,2018,55.8
Bolivia (Plurinational State of),Sunflower seed,2015,340.4
Bolivia (Plurinational State of),Sunflower seed,2016,294.9
Bolivia (Plurinational State of),Sunflower seed,2017,263.6
Bolivia (Plurinational State of),Sunflower seed,2018,329.0
Bolivia (Plurinational State of),Sweet potatoes,2015,281.1
Bolivia (Plurinational State of),Sweet potatoes,2016,309.8
Bolivia (Plurinational State of),Sweet potatoes,2017,329.9
Bolivia (Plurinational State of),Sweet potatoes,2018,301.1
Bolivia (Plurinational State of),"Tangerines, mandarins, clementines",2015,250.8
Bolivia (Plurinational State of),Tomatoes,2015,221.2
Bolivia (Plurinational State of),Tomatoes,2016,213.5
Bolivia (Plurinational State of),Tomatoes,2017,274.6
Bolivia (Plurinational State of),Tomatoes,2018,228.6
Bolivia (Plurinational State of),Unmanufactured tobacco,2015,1946.5
Bolivia (Plurinational State of),Wheat,2015,310.4
Bolivia (Plurinational State of),Wheat,2016,283.6
Bolivia (Plurinational State of),Wheat,2017,404.6
Bolivia (Plurinational State of),Wheat,2018,348.6
Bosnia and Herzegovina,Apples,2015,433.2
Bosnia and Herzegovina,Apples,2016,401.6
Bosnia and Herzegovina,Apples,2017,497.3
Bosnia and Herzegovina,Apples,2018,286.1
Bosnia and Herzegovina,Apricots,2015,250.6
Bosnia and Herzegovina,Apricots,2016,799.7
Bosnia and Herzegovina,Apricots,2017,391.3
Bosnia and Herzegovina,Apricots,2018,1029.6
Bosnia and Herzegovina,Barley,2015,193.4
Bosnia and Herzegovina,Barley,2016,174.2
Bosnia and Herzegovina,Barley,2017,174.9
Bosnia and Herzegovina,Barley,2018,188.7
Bosnia and Herzegovina,"Beans, dry",2015,2362.4
Bosnia and Herzegovina,"Beans, dry",2016,2333.0
Bosnia and Herzegovina,"Beans, dry",2017,2385.7
Bosnia and Herzegovina,"Beans, dry",2018,2343.4
Bosnia and Herzegovina,Buckwheat,2015,518.9
Bosnia and Herzegovina,Buckwheat,2016,509.0
Bosnia and Herzegovina,Buckwheat,2017,637.8
Bosnia and Herzegovina,Buckwheat,2018,261.2
Bosnia and Herzegovina,Cabbages,2015,218.3
Bosnia and Herzegovina,Cabbages,2016,148.7
Bosnia and Herzegovina,Cabbages,2017,201.7
Bosnia and Herzegovina,Cabbages,2018,280.0
Bosnia and Herzegovina,Carrots and turnips,2015,629.4
Bosnia and Herzegovina,Carrots and turnips,2016,498.8
Bosnia and Herzegovina,Carrots and turnips,2017,484.6
Bosnia and Herzegovina,Carrots and turnips,2018,764.0
Bosnia and Herzegovina,Cherries,2015,1528.8
Bosnia and Herzegovina,Cherries,2016,2174.0
Bosnia and Herzegovina,Cherries,2017,1242.4
Bosnia and Herzegovina,Cherries,2018,1362.7
Bosnia and Herzegovina,"Chillies and peppers, green (Capsicum spp. and Pimenta spp.)",2015,696.9
Bosnia and Herzegovina,"Chillies and peppers, green (Capsicum spp. and Pimenta spp.)",2016,588.8
Bosnia and Herzegovina,"Chillies and peppers, green (Capsicum spp. and Pimenta spp.)",2017,659.8
Bosnia and Herzegovina,"Chillies and peppers, green (Capsicum spp. and Pimenta spp.)",2018,616.2
Bosnia and Herzegovina,Cucumbers and gherkins,2015,493.3
Bosnia and Herzegovina,Cucumbers and gherkins,2016,519.8
Bosnia and Herzegovina,Cucumbers and gherkins,2017,533.6
Bosnia and Herzegovina,Cucumbers and gherkins,2018,561.3
Bosnia and Herzegovina,Figs,2015,1919.5
Bosnia and Herzegovina,Figs,2016,2293.9
Bosnia and Herzegovina,Figs,2017,2477.9
Bosnia and Herzegovina,Figs,2018,1081.5
Bosnia and Herzegovina,Grapes,2015,765.5
Bosnia and Herzegovina,Grapes,2016,527.1
Bosnia and Herzegovina,Grapes,2017,613.1
Bosnia and Herzegovina,Grapes,2018,704.3
Bosnia and Herzegovina,Green garlic,2015,2034.6
Bosnia and Herzegovina,Green garlic,2016,2922.8
Bosnia and Herzegovina,Green garlic,2017,1898.7
Bosnia and Herzegovina,Green garlic,2018,2126.2
Bosnia and Herzegovina,"Hen eggs in shell, fresh",2015,2021.6
Bosnia and Herzegovina,"Hen eggs in shell, fresh",2016,1257.3
Bosnia and Herzegovina,"Hen eggs in shell, fresh",2017,1863.2
Bosnia and Herzegovina,"Hen eggs in shell, fresh",2018,2015.7
Bosnia and Herzegovina,Lemons and limes,2015,1452.8
Bosnia and Herzegovina,Lemons and limes,2016,1747.6
Bosnia and Herzegovina,Lemons and limes,2017,1314.4
Bosnia and Herzegovina,Lemons and limes,2018,1339.2
Bosnia and Herzegovina,Lettuce and chicory,2015,708.3
Bosnia and Herzegovina,Lettuce and chicory,2016,555.4
Bosnia and Herzegovina,Lettuce and chicory,2017,853.4
Bosnia and Herzegovina,Lettuce and chicory,2018,692.8
Bosnia and Herzegovina,Maize (corn),2015,171.8
Bosnia and Herzegovina,Maize (corn),2016,154.4
Bosnia and Herzegovina,Maize (corn),2017,183.5
Bosnia and Herzegovina,Maize (corn),2018,167.0
Bosnia and Herzegovina,"Meat of cattle with the bone, fresh or chilled",2015,1998.9
Bosnia and Herzegovina,"Meat of cattle with the bone, fresh or chilled",2016,2170.1
Bosnia and Herzegovina,"Meat of cattle with the bone, fresh or chilled",2017,2286.0
Bosnia and Herzegovina,"Meat of cattle with the bone, fresh or chilled",2018,2312.0
Bosnia and Herzegovina,"Meat of chickens, fresh or chilled",2015,1074.6
Bosnia and Herzegovina,"Meat of chickens, fresh or chilled",2016,1027.6
Bosnia and Herzegovina,"Meat of chickens, fresh or chilled",2017,967.5
Bosnia and Herzegovina,"Meat of chickens, fresh or chilled",2018,949.9
Bosnia and Herzegovina,"Meat of pig with the bone, fresh or chilled",2015,1544.7
Bosnia and Herzegovina,"Meat of pig with the bone, fresh or chilled",2016,1425.2
Bosnia and Herzegovina,"Meat of pig with the bone, fresh or chilled",2017,1611.8
Bosnia and Herzegovina,"Meat of pig with the bone, fresh or chilled",2018,1553.4
Bosnia and Herzegovina,"Meat of sheep, fresh or chilled",2015,2878.9
Bosnia and Herzegovina,"Meat of sheep, fresh or chilled",2016,2893.4
Bosnia and Herzegovina,"Meat of sheep, fresh or chilled",2017,2846.1
Bosnia and Herzegovina,"Meat of sheep, fresh or chilled",2018,2987.4
Bosnia and Herzegovina,"Meat of turkeys, fresh or chilled",2015,6237.6
Bosnia and Herzegovina,"Meat of turkeys, fresh or chilled",2016,5891.5
Bosnia and Herzegovina,"Meat of turkeys, fresh or chilled",2017,5993.0
Bosnia and Herzegovina,"Meat of turkeys, fresh or chilled",2018,6003.1
Bosnia and Herzegovina,Natural honey,2015,4689.6
Bosnia and Herzegovina,Natural honey,2016,4938.0
Bosnia and Herzegovina,Natural honey,2017,4916.0
Bosnia and Herzegovina,Natural honey,2018,4896.2
Bosnia and Herzegovina,Oats,2015,203.6
Bosnia and Herzegovina,Oats,2016,226.2
Bosnia and Herzegovina,Oats,2017,165.5
Bosnia and Herzegovina,Oats,2018,156.3
Bosnia and Herzegovina,"Onions and shallots, dry (excluding dehydrated)",2015,324.9
Bosnia and Herzegovina,"Onions and shallots, dry (excluding dehydrated)",2016,219.4
Bosnia and Herzegovina,"Onions and shallots, dry (excluding dehydrated)",2017,312.3
Bosnia and Herzegovina,"Onions and shallots, dry (excluding dehydrated)",2018,368.1
Bosnia and Herzegovina,"Other beans, green",2015,1264.0
Bosnia and Herzegovina,"Other beans, green",2016,977.9
Bosnia and Herzegovina,"Other beans, green",2017,1669.4
Bosnia and Herzegovina,"Other beans, green",2018,1166.0
Bosnia and Herzegovina,Peaches and nectarines,2015,643.6
Bosnia and Herzegovina,Peaches and nectarines,2016,696.8
Bosnia and Herzegovina,Peaches and nectarines,2017,708.2
Bosnia and Herzegovina,Peaches and nectarines,2018,725.4
Bosnia and Herzegovina,Pears,2015,662.9
Bosnia and Herzegovina,Pears,2016,638.0
Bosnia and Herzegovina,Pears,2017,643.7
Bosnia and Herzegovina,Pears,2018,415.2
Bosnia and Herzegovina,Plums and sloes,2015,448.0
Bosnia and Herzegovina,Plums and sloes,2016,535.6
Bosnia and Herzegovina,Plums and sloes,2017,561.8
Bosnia and Herzegovina,Plums and sloes,2018,426.7
Bosnia and Herzegovina,Potatoes,2015,260.3
Bosnia and Herzegovina,Potatoes,2016,204.2
Bosnia and Herzegovina,Potatoes,2017,200.0
Bosnia and Herzegovina,Potatoes,2018,297.5
Bosnia and Herzegovina,Quinces,2015,300.5
Bosnia and Herzegovina,Quinces,2016,261.3
Bosnia and Herzegovina,Quinces,2017,288.1
Bosnia and Herzegovina,Quinces,2018,447.2
Bosnia and Herzegovina,Rape or colza seed,2015,407.7
Bosnia and Herzegovina,Rape or colza seed,2016,369.3
Bosnia and Herzegovina,Rape or colza seed,2017,408.6
Bosnia and Herzegovina,Rape or colza seed,2018,375.4
Bosnia and Herzegovina,Raspberries,2015,1922.3
Bosnia and Herzegovina,Raspberries,2016,1671.8
Bosnia and Herzegovina,Raspberries,2017,784.9
Bosnia and Herzegovina,Raspberries,2018,946.3
Bosnia and Herzegovina,Raw milk of cattle,2015,307.9
Bosnia and Herzegovina,Raw milk of cattle,2016,298.6
Bosnia and Herzegovina,Raw milk of cattle,2017,314.6
Bosnia and Herzegovina,Raw milk of cattle,2018,324.7
Bosnia and Herzegovina,Raw milk of sheep,2018,422.5
Bosnia and Herzegovina,Rye,2015,219.5
Bosnia and Herzegovina,Rye,2016,194.6
Bosnia and Herzegovina,Rye,2017,182.6
Bosnia and Herzegovina,Rye,2018,209.0
Bosnia and Herzegovina,"Shorn wool, greasy, including fleece-washed shorn wool",2015,283.5
Bosnia and Herzegovina,"Shorn wool, greasy, including fleece-washed shorn wool",2016,288.4
Bosnia and Herzegovina,"Shorn wool, greasy, including fleece-washed shorn wool",2017,293.9
Bosnia and Herzegovina,"Shorn wool, greasy, including fleece-washed shorn wool",2018,307.8
Bosnia and Herzegovina,Sour cherries,2015,411.7
Bosnia and Herzegovina,Sour cherries,2016,429.8
Bosnia and Herzegovina,Sour cherries,2017,824.6
Bosnia and Herzegovina,Sour cherries,2018,800.2
Bosnia and Herzegovina,Soya beans,2015,338.5
Bosnia and Herzegovina,Soya beans,2016,319.5
Bosnia and Herzegovina,Soya beans,2017,374.0
Bosnia and Herzegovina,Soya beans,2018,351.8
Bosnia and Herzegovina,Strawberries,2015,1734.6
Bosnia and Herzegovina,Strawberries,2016,1193.9
Bosnia and Herzegovina,Strawberries,2017,1091.4
Bosnia and Herzegovina,Strawberries,2018,1085.7
Bosnia and Herzegovina,Sunflower seed,2015,273.9
Bosnia and Herzegovina,Sunflower seed,2016,275.4
Bosnia and Herzegovina,Sunflower seed,2017,299.1
Bosnia and Herzegovina,Sunflower seed,2018,260.7
Bosnia and Herzegovina,"Tangerines, mandarins, clementines",2015,604.5
Bosnia and Herzegovina,"Tangerines, mandarins, clementines",2016,381.8
Bosnia and Herzegovina,"Tangerines, mandarins, clementines",2017,752.6
Bosnia and Herzegovina,"Tangerines, mandarins, clementines",2018,626.4
Bosnia and Herzegovina,Tomatoes,2015,510.9
Bosnia and Herzegovina,Tomatoes,2016,565.0
Bosnia and Herzegovina,Tomatoes,2017,538.2
Bosnia and Herzegovina,Tomatoes,2018,610.1
Bosnia and Herzegovina,Triticale,2015,184.3
Bosnia and Herzegovina,Triticale,2016,169.7
Bosnia and Herzegovina,Triticale,2017,161.4
Bosnia and Herzegovina,Triticale,2018,151.7
Bosnia and Herzegovina,Unmanufactured tobacco,2015,1428.4
Bosnia and Herzegovina,Unmanufactured tobacco,2016,1545.1
Bosnia and Herzegovina,Unmanufactured tobacco,2017,1593.9
Bosnia and Herzegovina,Unmanufactured tobacco,2018,1602.9
Bosnia and Herzegovina,"Walnuts, in shell",2015,2987.8
Bosnia and Herzegovina,"Walnuts, in shell",2016,2554.7
Bosnia and Herzegovina,"Walnuts, in shell",2017,2972.3
Bosnia and Herzegovina,"Walnuts, in shell",2018,2850.4
Bosnia and Herzegovina,Watermelons,2015,248.9
Bosnia and Herzegovina,Watermelons,2016,109.2
Bosnia and Herzegovina,Watermelons,2017,179.8
Bosnia and Herzegovina,Watermelons,2018,172.6
Bosnia and Herzegovina,Wheat,2015,193.4
Bosnia and Herzegovina,Wheat,2016,178.7
Bosnia and Herzegovina,Wheat,2017,179.4
Bosnia and Herzegovina,Wheat,2018,159.7
Brazil,Apples,2018,314.0
Brazil,Avocados,2018,366.3
Brazil,Bananas,2015,466.1
Brazil,Bananas,2016,630.1
Brazil,Bananas,2018,282.7
Brazil,Barley,2018,210.5
Brazil,"Beans, dry",2015,762.2
Brazil,"Beans, dry",2016,1231.6
Brazil,"Beans, dry",2018,524.5
Brazil,"Brazil nuts, in shell",2018,1048.5
Brazil,"Broad beans and horse beans, dry",2018,1346.6
Brazil,Cantaloupes and other melons,2018,276.4
Brazil,"Cashew nuts, in shell",2018,742.7
Brazil,"Cassava, fresh",2015,89.2
Brazil,"Cassava, fresh",2016,86.1
Brazil,"Cassava, fresh",2018,152.4
Brazil,Castor oil seeds,2018,674.3
Brazil,Cocoa beans,2015,1430.2
Brazil,Cocoa beans,2018,2478.4
Brazil,"Coconuts, in shell",2018,113.5
Brazil,"Coffee, green",2015,2122.8
Brazil,"Coffee, green",2016,2234.1
Brazil,"Coffee, green",2018,1742.8
Brazil,Figs,2018,928.1
Brazil,Grapes,2018,520.7
Brazil,Green garlic,2018,2069.1
Brazil,"Groundnuts, excluding shelled",2018,428.2
Brazil,"Hen eggs in shell, fresh",2015,1981.3
Brazil,"Hen eggs in shell, fresh",2016,2119.4
Brazil,"Hen eggs in shell, fresh",2018,1267.7
Brazil,"Jute, raw or retted",2018,467.9
Brazil,Lemons and limes,2018,284.3
Brazil,Linseed,2018,333.4
Brazil,Maize (corn),2015,138.3
Brazil,Maize (corn),2016,183.5
Brazil,Maize (corn),2018,125.2
Brazil,"Mangoes, guavas and mangosteens",2018,276.9
Brazil,Maté leaves,2018,228.8
Brazil,"Meat of cattle with the bone, fresh or chilled (biological)",2015,2779.3
Brazil,"Meat of cattle with the bone, fresh or chilled (biological)",2016,2781.6
Brazil,"Meat of chickens, fresh or chilled (biological)",2015,1527.4
Brazil,"Meat of chickens, fresh or chilled (biological)",2016,1093.9
Brazil,"Meat of pig with the bone, fresh or chilled (biological)",2015,1227.3
Brazil,"Meat of pig with the bone, fresh or chilled (biological)",2016,1098.0
Brazil,Natural honey,2018,3250.2
Brazil,Natural rubber in primary forms,2018,616.0
Brazil,Oats,2018,112.4
Brazil,Oil palm fruit,2018,67.9
Brazil,Olives,2018,594.8
Brazil,"Onions and shallots, dry (excluding dehydrated)",2018,291.3
Brazil,Oranges,2018,153.4
Brazil,"Other fibre crops, raw, n.e.c.",2018,519.5
Brazil,"Other tropical fruits, n.e.c.",2018,461.5
Brazil,Papayas,2018,239.3
Brazil,Peaches and nectarines,2018,509.9
Brazil,Pears,2018,525.9
Brazil,"Peas, dry",2018,988.3
Brazil,"Pepper (Piper spp.), raw",2018,1970.8
Brazil,Persimmons,2018,533.0
Brazil,Pineapples,2018,221.0
Brazil,Potatoes,2015,424.6
Brazil,Potatoes,2016,544.2
Brazil,Potatoes,2018,233.0
Brazil,Quinces,2018,583.1
Brazil,Raw milk of cattle,2015,328.1
Brazil,Raw milk of cattle,2016,332.0
Brazil,Raw milk of cattle,2018,308.3
Brazil,Rice,2015,241.2
Brazil,Rice,2016,257.8
Brazil,Rice,2018,201.5
Brazil,Rye,2018,186.5
Brazil,"Seed cotton, unginned",2015,916.3
Brazil,"Seed cotton, unginned",2016,1031.1
Brazil,"Seed cotton, unginned",2018,707.8
Brazil,"Shorn wool, greasy, including fleece-washed shorn wool",2018,2740.1
Brazil,Silk-worm cocoons suitable for reeling,2018,5093.5
Brazil,"Sisal, raw",2018,816.3
Brazil,Sorghum,2018,90.4
Brazil,Soya beans,2015,317.1
Brazil,Soya beans,2016,343.7
Brazil,Soya beans,2018,296.9
Brazil,Sugar cane,2015,19.0
Brazil,Sugar cane,2016,20.5
Brazil,Sugar cane,2018,19.0
Brazil,Sunflower seed,2018,304.4
Brazil,Sweet potatoes,2018,292.1
Brazil,"Tangerines, mandarins, clementines",2018,239.5
Brazil,Tea leaves,2018,207.5
Brazil,Tomatoes,2015,984.1
Brazil,Tomatoes,2016,601.5
Brazil,Tomatoes,2018,326.2
Brazil,Triticale,2018,133.8
Brazil,Tung nuts,2018,156.1
Brazil,Unmanufactured tobacco,2015,2491.1
Brazil,Unmanufactured tobacco,2016,2377.3
Brazil,Unmanufactured tobacco,2018,2333.0
Brazil,"Walnuts, in shell",2018,2260.9
Brazil,Watermelons,2018,161.9
Brazil,Wheat,2018,191.8
Brunei Darussalam,Avocados,2015,3462.0
Brunei Darussalam,Avocados,2016,4191.6
Brunei Darussalam,Avocados,2017,6892.7
Brunei Darussalam,Avocados,2018,6308.8
Brunei Darussalam,Bananas,2016,1317.6
Brunei Darussalam,Bananas,2017,1187.6
Brunei Darussalam,Bananas,2018,1363.4
Brunei Darussalam,Bananas cavendish,2015,1258.0
Brunei Darussalam,Bananas cavendish,2016,2099.0
Brunei Darussalam,Bananas cavendish,2017,2556.0
Brunei Darussalam,Bananas cavendish,2018,3047.0
Brunei Darussalam,"Cassava, fresh",2015,865.5
Brunei Darussalam,"Cassava, fresh",2016,789.1
Brunei Darussalam,"Cassava, fresh",2017,942.1
Brunei Darussalam,"Cassava, fresh",2018,1030.5
Brunei Darussalam,"Chillies and peppers, green (Capsicum spp. and Pimenta spp.)",2016,4806.9
Brunei Darussalam,"Chillies and peppers, green (Capsicum spp. and Pimenta spp.)",2017,5093.5
Brunei Darussalam,"Chillies and peppers, green (Capsicum spp. and Pimenta spp.)",2018,5752.8
Brunei Darussalam,"Cinnamon and cinnamon-tree flowers, raw",2016,10265.3
Brunei Darussalam,"Cinnamon and cinnamon-tree flowers, raw",2017,10471.5
Brunei Darussalam,"Cinnamon and cinnamon-tree flowers, raw",2018,11490.7
Brunei Darussalam,"Coconuts, in shell",2015,589.1
Brunei Darussalam,"Coconuts, in shell",2016,473.5
Brunei Darussalam,"Coconuts, in shell",2017,457.7
Brunei Darussalam,"Coconuts, in shell",2018,484.8
Brunei Darussalam,Cucumbers and gherkins,2015,952.8
Brunei Darussalam,Cucumbers and gherkins,2016,1076.5
Brunei Darussalam,Cucumbers and gherkins,2017,1045.0
Brunei Darussalam,Cucumbers and gherkins,2018,2066.6
Brunei Darussalam,Eggplants (aubergines),2015,1854.7
Brunei Darussalam,Eggplants (aubergines),2016,1672.3
Brunei Darussalam,Eggplants (aubergines),2017,1762.4
Brunei Darussalam,Eggplants (aubergines),2018,1942.3
Brunei Darussalam,"Ginger, raw",2015,3214.8
Brunei Darussalam,"Ginger, raw",2016,3532.8
Brunei Darussalam,"Ginger, raw",2017,2170.3
Brunei Darussalam,"Ginger, raw",2018,2186.9
Brunei Darussalam,Green corn (maize),2016,2801.6
Brunei Darussalam,Green corn (maize),2017,3005.3
Brunei Darussalam,Green corn (maize),2018,3410.1
Brunei Darussalam,"Hen eggs in shell, fresh",2015,2552.2
Brunei Darussalam,"Hen eggs in shell, fresh",2016,2540.3
Brunei Darussalam,"Hen eggs in shell, fresh",2017,2159.5
Brunei Darussalam,"Hen eggs in shell, fresh",2018,2210.7
Brunei Darussalam,Lemons and limes,2015,2640.2
Brunei Darussalam,Lemons and limes,2016,2222.5
Brunei Darussalam,Lemons and limes,2017,2052.3
Brunei Darussalam,Lemons and limes,2018,1912.6
Brunei Darussalam,Lettuce and chicory,2015,3513.0
Brunei Darussalam,Lettuce and chicory,2016,3141.9
Brunei Darussalam,Lettuce and chicory,2017,3077.0
Brunei Darussalam,Lettuce and chicory,2018,7413.3
Brunei Darussalam,Maize (corn),2015,1891.0
Brunei Darussalam,Maize (corn),2016,1846.0
Brunei Darussalam,Maize (corn),2017,1616.2
Brunei Darussalam,Maize (corn),2018,3410.1
Brunei Darussalam,"Mangoes, guavas and mangosteens",2016,1585.4
Brunei Darussalam,"Mangoes, guavas and mangosteens",2017,2660.6
Brunei Darussalam,"Mangoes, guavas and mangosteens",2018,3211.8
Brunei Darussalam,"Meat of buffalo, fresh or chilled",2016,6899.1
Brunei Darussalam,"Meat of buffalo, fresh or chilled",2017,7430.7
Brunei Darussalam,"Meat of buffalo, fresh or chilled",2018,7444.5
Brunei Darussalam,"Meat of cattle with the bone, fresh or chilled",2016,12755.7
Brunei Darussalam,"Meat of cattle with the bone, fresh or chilled",2017,10028.3
Brunei Darussalam,"Meat of cattle with the bone, fresh or chilled",2018,10370.5
Brunei Darussalam,"Meat of chickens, fresh or chilled",2016,3306.9
Brunei Darussalam,"Meat of chickens, fresh or chilled",2017,3287.7
Brunei Darussalam,"Meat of chickens, fresh or chilled",2018,3380.5
Brunei Darussalam,"Meat of chickens, fresh or chilled (biological)",2016,2533.8
Brunei Darussalam,"Meat of chickens, fresh or chilled (biological)",2017,3198.7
Brunei Darussalam,"Meat of chickens, fresh or chilled (biological)",2018,2594.7
Brunei Darussalam,"Meat of ducks, fresh or chilled (biological)",2016,6515.4
Brunei Darussalam,"Meat of ducks, fresh or chilled (biological)",2017,5379.9
Brunei Darussalam,"Meat of ducks, fresh or chilled (biological)",2018,6089.3
Brunei Darussalam,"Meat of goat, fresh or chilled",2016,10084.4
Brunei Darussalam,"Meat of goat, fresh or chilled",2017,10214.4
Brunei Darussalam,"Meat of goat, fresh or chilled",2018,9698.9
Brunei Darussalam,"Meat of goat, fresh or chilled (biological)",2017,10862.6
Brunei Darussalam,"Meat of goat, fresh or chilled (biological)",2018,11120.0
Brunei Darussalam,"Meat of sheep, fresh or chilled (biological)",2017,10862.6
Brunei Darussalam,"Meat of sheep, fresh or chilled (biological)",2018,11120.0
Brunei Darussalam,Mushrooms and truffles,2015,8822.4
Brunei Darussalam,Mushrooms and truffles,2016,7623.0
Brunei Darussalam,Mushrooms and truffles,2017,7677.5
Brunei Darussalam,Mushrooms and truffles,2018,7539.4
Brunei Darussalam,Okra,2016,2106.6
Brunei Darussalam,Okra,2017,2013.2
Brunei Darussalam,Okra,2018,3032.1
Brunei Darussalam,Oranges,2016,405.4
Brunei Darussalam,Oranges,2017,404.8
Brunei Darussalam,Oranges,2018,2209.2
Brunei Darussalam,Other bananas (excluding cavendish and cooking bananas),2015,989.0
Brunei Darussalam,Other bananas (excluding cavendish and cooking bananas),2016,1238.0
Brunei Darussalam,Other bananas (excluding cavendish and cooking bananas),2017,1065.0
Brunei Darussalam,Other bananas (excluding cavendish and cooking bananas),2018,1210.0
Brunei Darussalam,Papayas,2015,945.5
Brunei Darussalam,Papayas,2016,912.2
Brunei Darussalam,Papayas,2017,933.5
Brunei Darussalam,Papayas,2018,986.0
Brunei Darussalam,"Pepper (Piper spp.), raw",2016,32685.5
Brunei Darussalam,"Pepper (Piper spp.), raw",2017,33550.8
Brunei Darussalam,"Pepper (Piper spp.), raw",2018,38445.6
Brunei Darussalam,Pineapples,2015,1963.8
Brunei Darussalam,Pineapples,2016,1035.2
Brunei Darussalam,Pineapples,2017,1535.4
Brunei Darussalam,Pineapples,2018,1685.3
Brunei Darussalam,Plantains,2016,1354.0
Brunei Darussalam,Plantains,2017,1332.0
Brunei Darussalam,Plantains,2018,1394.0
Brunei Darussalam,Pomelos and grapefruits,2016,1947.4
Brunei Darussalam,Pomelos and grapefruits,2017,1933.5
Brunei Darussalam,Pomelos and grapefruits,2018,1890.4
Brunei Darussalam,"Pumpkins, squash and gourds",2015,1287.4
Brunei Darussalam,"Pumpkins, squash and gourds",2016,1158.3
Brunei Darussalam,"Pumpkins, squash and gourds",2017,1487.7
Brunei Darussalam,"Pumpkins, squash and gourds",2018,1223.2
Brunei Darussalam,Rice,2015,909.1
Brunei Darussalam,Rice,2016,904.9
Brunei Darussalam,Rice,2017,905.2
Brunei Darussalam,Rice,2018,926.7
Brunei Darussalam,Spinach,2016,1513.0
Brunei Darussalam,Spinach,2017,1499.0
Brunei Darussalam,Spinach,2018,1601.3
Brunei Darussalam,Sweet potatoes,2015,2007.4
Brunei Darussalam,Sweet potatoes,2016,2012.5
Brunei Darussalam,Sweet potatoes,2017,2146.4
Brunei Darussalam,Sweet potatoes,2018,2350.0
Brunei Darussalam,Tomatoes,2015,2109.2
Brunei Darussalam,Tomatoes,2016,2005.3
Brunei Darussalam,Tomatoes,2017,1835.8
Brunei Darussalam,Tomatoes,2018,2261.1
Brunei Darussalam,Watermelons,2015,1229.2
Brunei Darussalam,Watermelons,2016,1252.4
Brunei Darussalam,Watermelons,2017,1052.2
Brunei Darussalam,Watermelons,2018,1178.7
Brunei Darussalam,Yams,2015,1949.2
Brunei Darussalam,Yams,2016,2533.8
Brunei Darussalam,Yams,2017,2445.5
Brunei Darussalam,Yams,2018,2602.1
Bulgaria,Apples,2015,265.2
Bulgaria,Apples,2016,250.9
Bulgaria,Apples,2017,280.5
Bulgaria,Apples,2018,332.3
Bulgaria,Apricots,2015,366.5
Bulgaria,Apricots,2016,343.3
Bulgaria,Apricots,2017,295.5
Bulgaria,Apricots,2018,374.3
Bulgaria,Barley,2015,171.8
Bulgaria,Barley,2016,155.6
Bulgaria,Barley,2017,154.5
Bulgaria,Barley,2018,176.6
Bulgaria,"Beans, dry",2015,1552.7
Bulgaria,"Beans, dry",2016,1238.4
Bulgaria,"Beans, dry",2017,1114.9
Bulgaria,"Beans, dry",2018,1113.7
Bulgaria,Cabbages,2015,262.4
Bulgaria,Cabbages,2016,196.0
Bulgaria,Cabbages,2017,201.9
Bulgaria,Cabbages,2018,259.6
Bulgaria,Carrots and turnips,2015,266.0
Bulgaria,Carrots and turnips,2016,201.9
Bulgaria,Carrots and turnips,2017,242.9
Bulgaria,Carrots and turnips,2018,243.6
Bulgaria,Cherries,2015,513.0
Bulgaria,Cherries,2016,624.4
Bulgaria,Cherries,2017,268.8
Bulgaria,Cherries,2018,610.5
Bulgaria,"Chick peas, dry",2018,723.4
Bulgaria,"Chillies and peppers, green (Capsicum spp. and Pimenta spp.)",2015,363.6
Bulgaria,"Chillies and peppers, green (Capsicum spp. and Pimenta spp.)",2016,309.9
Bulgaria,"Chillies and peppers, green (Capsicum spp. and Pimenta spp.)",2017,348.1
Bulgaria,"Chillies and peppers, green (Capsicum spp. and Pimenta spp.)",2018,396.3
Bulgaria,"Cotton lint, ginned",2015,396.7
Bulgaria,"Cotton lint, ginned",2016,418.0
Bulgaria,"Cotton lint, ginned",2017,394.2
Bulgaria,"Cotton lint, ginned",2018,410.5
Bulgaria,Cucumbers and gherkins,2015,689.5
Bulgaria,Cucumbers and gherkins,2016,574.5
Bulgaria,Cucumbers and gherkins,2017,533.1
Bulgaria,Cucumbers and gherkins,2018,765.5
Bulgaria,Eggplants (aubergines),2015,188.2
Bulgaria,Eggplants (aubergines),2016,214.4
Bulgaria,Eggplants (aubergines),2017,174.4
Bulgaria,Eggplants (aubergines),2018,213.9
Bulgaria,Grapes,2015,366.1
Bulgaria,Grapes,2016,330.3
Bulgaria,Grapes,2017,196.7
Bulgaria,Grapes,2018,358.8
Bulgaria,Green garlic,2015,1662.5
Bulgaria,Green garlic,2016,1363.1
Bulgaria,Green garlic,2017,1872.7
Bulgaria,Green garlic,2018,2021.7
Bulgaria,"Groundnuts, excluding shelled",2016,1244.3
Bulgaria,"Groundnuts, excluding shelled",2017,1267.7
Bulgaria,"Groundnuts, excluding shelled",2018,2215.4
Bulgaria,"Hen eggs in shell, fresh",2015,1397.4
Bulgaria,"Hen eggs in shell, fresh",2016,1028.9
Bulgaria,"Hen eggs in shell, fresh",2017,1366.1
Bulgaria,"Hen eggs in shell, fresh",2018,1529.5
Bulgaria,Hop cones,2015,4505.8
Bulgaria,Hop cones,2016,11204.5
Bulgaria,Hop cones,2017,8170.8
Bulgaria,Hop cones,2018,8074.6
Bulgaria,"Lentils, dry",2015,794.0
Bulgaria,"Lentils, dry",2016,817.9
Bulgaria,"Lentils, dry",2017,975.6
Bulgaria,"Lentils, dry",2018,781.5
Bulgaria,Maize (corn),2015,155.1
Bulgaria,Maize (corn),2016,157.6
Bulgaria,Maize (corn),2017,164.3
Bulgaria,Maize (corn),2018,168.8
Bulgaria,"Meat of buffalo, fresh or chilled (biological)",2015,1317.2
Bulgaria,"Meat of buffalo, fresh or chilled (biological)",2016,1135.2
Bulgaria,"Meat of buffalo, fresh or chilled (biological)",2017,1080.4
Bulgaria,"Meat of buffalo, fresh or chilled (biological)",2018,1262.6
Bulgaria,"Meat of cattle with the bone, fresh or chilled (biological)",2015,1406.1
Bulgaria,"Meat of cattle with the bone, fresh or chilled (biological)",2016,1162.9
Bulgaria,"Meat of cattle with the bone, fresh or chilled (biological)",2017,815.9
Bulgaria,"Meat of cattle with the bone, fresh or chilled (biological)",2018,1477.8
Bulgaria,"Meat of chickens, fresh or chilled (biological)",2015,1143.5
Bulgaria,"Meat of chickens, fresh or chilled (biological)",2016,1069.0
Bulgaria,"Meat of chickens, fresh or chilled (biological)",2017,669.4
Bulgaria,"Meat of chickens, fresh or chilled (biological)",2018,1088.2
Bulgaria,"Meat of goat, fresh or chilled (biological)",2015,1801.2
Bulgaria,"Meat of goat, fresh or chilled (biological)",2016,1803.7
Bulgaria,"Meat of goat, fresh or chilled (biological)",2017,1863.3
Bulgaria,"Meat of goat, fresh or chilled (biological)",2018,2780.6
Bulgaria,"Meat of pig with the bone, fresh or chilled (biological)",2015,1646.5
Bulgaria,"Meat of pig with the bone, fresh or chilled (biological)",2016,1665.1
Bulgaria,"Meat of pig with the bone, fresh or chilled (biological)",2017,1669.7
Bulgaria,"Meat of pig with the bone, fresh or chilled (biological)",2018,1319.0
Bulgaria,"Meat of sheep, fresh or chilled (biological)",2015,2106.1
Bulgaria,"Meat of sheep, fresh or chilled (biological)",2016,2172.5
Bulgaria,"Meat of sheep, fresh or chilled (biological)",2017,1945.3
Bulgaria,"Meat of sheep, fresh or chilled (biological)",2018,2878.6
Bulgaria,Mushrooms and truffles,2015,1483.4
Bulgaria,Mushrooms and truffles,2016,1505.1
Bulgaria,Mushrooms and truffles,2017,1416.1
Bulgaria,Mushrooms and truffles,2018,1215.7
Bulgaria,Natural honey,2015,3059.6
Bulgaria,Natural honey,2016,2701.1
Bulgaria,Natural honey,2017,2596.7
Bulgaria,Natural honey,2018,2766.9
Bulgaria,Oats,2015,204.8
Bulgaria,Oats,2016,194.0
Bulgaria,Oats,2017,179.1
Bulgaria,Oats,2018,171.1
Bulgaria,"Onions and shallots, dry (excluding dehydrated)",2015,248.6
Bulgaria,"Onions and shallots, dry (excluding dehydrated)",2016,257.1
Bulgaria,"Onions and shallots, dry (excluding dehydrated)",2017,238.5
Bulgaria,"Onions and shallots, dry (excluding dehydrated)",2018,287.2
Bulgaria,"Other beans, green",2015,263.4
Bulgaria,"Other beans, green",2016,311.1
Bulgaria,"Other beans, green",2017,221.6
Bulgaria,"Other beans, green",2018,276.8
Bulgaria,Peaches and nectarines,2015,304.1
Bulgaria,Peaches and nectarines,2016,314.5
Bulgaria,Peaches and nectarines,2017,323.8
Bulgaria,Peaches and nectarines,2018,315.0
Bulgaria,Pears,2015,431.0
Bulgaria,Pears,2016,656.5
Bulgaria,Pears,2017,328.5
Bulgaria,Pears,2018,315.0
Bulgaria,"Peas, dry",2015,353.1
Bulgaria,"Peas, dry",2016,291.6
Bulgaria,"Peas, dry",2017,267.7
Bulgaria,"Peas, dry",2018,234.3
Bulgaria,"Peas, green",2015,264.1
Bulgaria,"Peas, green",2016,283.9
Bulgaria,"Peas, green",2017,182.0
Bulgaria,"Peas, green",2018,311.3
Bulgaria,"Peppermint, spearmint",2015,2714.6
Bulgaria,"Peppermint, spearmint",2016,2709.0
Bulgaria,"Peppermint, spearmint",2017,2759.9
Bulgaria,"Peppermint, spearmint",2018,2890.5
Bulgaria,Plums and sloes,2015,268.2
Bulgaria,Plums and sloes,2016,226.8
Bulgaria,Plums and sloes,2017,195.3
Bulgaria,Plums and sloes,2018,264.9
Bulgaria,Potatoes,2015,219.0
Bulgaria,Potatoes,2016,214.7
Bulgaria,Potatoes,2017,222.5
Bulgaria,Potatoes,2018,244.3
Bulgaria,"Pumpkins, squash and gourds",2015,267.5
Bulgaria,"Pumpkins, squash and gourds",2016,272.1
Bulgaria,"Pumpkins, squash and gourds",2017,145.6
Bulgaria,Quinces,2017,242.8
Bulgaria,Rape or colza seed,2015,380.0
Bulgaria,Rape or colza seed,2016,385.2
Bulgaria,Rape or colza seed,2017,372.6
Bulgaria,Rape or colza seed,2018,398.9
Bulgaria,Raspberries,2015,1965.9
Bulgaria,Raspberries,2016,2011.8
Bulgaria,Raspberries,2017,778.0
Bulgaria,Raspberries,2018,1569.1
Bulgaria,Raw milk of buffalo,2015,732.6
Bulgaria,Raw milk of buffalo,2016,679.9
Bulgaria,Raw milk of buffalo,2017,732.2
Bulgaria,Raw milk of buffalo,2018,802.4
Bulgaria,Raw milk of cattle,2015,327.2
Bulgaria,Raw milk of cattle,2016,304.3
Bulgaria,Raw milk of cattle,2017,377.4
Bulgaria,Raw milk of cattle,2018,396.1
Bulgaria,Raw milk of goats,2015,344.6
Bulgaria,Raw milk of goats,2016,315.6
Bulgaria,Raw milk of goats,2017,368.9
Bulgaria,Raw milk of goats,2018,415.6
Bulgaria,Raw milk of sheep,2015,721.4
Bulgaria,Raw milk of sheep,2016,712.1
Bulgaria,Raw milk of sheep,2017,689.8
Bulgaria,Raw milk of sheep,2018,711.4
Bulgaria,Rice,2015,372.1
Bulgaria,Rice,2016,341.9
Bulgaria,Rice,2017,270.8
Bulgaria,Rice,2018,312.1
Bulgaria,Rye,2015,147.2
Bulgaria,Rye,2016,159.5
Bulgaria,Rye,2017,153.8
Bulgaria,Rye,2018,158.1
Bulgaria,"Shorn wool, greasy, including fleece-washed shorn wool",2015,612.1
Bulgaria,"Shorn wool, greasy, including fleece-washed shorn wool",2016,446.8
Bulgaria,"Shorn wool, greasy, including fleece-washed shorn wool",2017,351.5
Bulgaria,"Shorn wool, greasy, including fleece-washed shorn wool",2018,434.5
Bulgaria,Sorghum,2015,171.4
Bulgaria,Sorghum,2016,153.8
Bulgaria,Sorghum,2017,179.4
Bulgaria,Sorghum,2018,209.6
Bulgaria,Sour cherries,2015,391.5
Bulgaria,Sour cherries,2016,348.4
Bulgaria,Sour cherries,2017,254.4
Bulgaria,Sour cherries,2018,423.9
Bulgaria,Soya beans,2015,536.9
Bulgaria,Soya beans,2016,406.1
Bulgaria,Soya beans,2017,364.9
Bulgaria,Soya beans,2018,392.7
Bulgaria,Spinach,2018,327.6
Bulgaria,Strawberries,2015,1250.4
Bulgaria,Strawberries,2016,1403.2
Bulgaria,Strawberries,2017,865.5
Bulgaria,Strawberries,2018,1291.4
Bulgaria,Sunflower seed,2015,395.4
Bulgaria,Sunflower seed,2016,394.2
Bulgaria,Sunflower seed,2017,362.8
Bulgaria,Sunflower seed,2018,343.4
Bulgaria,Tomatoes,2015,564.4
Bulgaria,Tomatoes,2016,475.7
Bulgaria,Tomatoes,2017,445.1
Bulgaria,Tomatoes,2018,436.2
Bulgaria,Triticale,2015,169.7
Bulgaria,Triticale,2016,156.7
Bulgaria,Triticale,2017,158.5
Bulgaria,Triticale,2018,163.4
Bulgaria,Unmanufactured tobacco,2015,2976.1
Bulgaria,Unmanufactured tobacco,2016,3115.9
Bulgaria,Unmanufactured tobacco,2017,2027.0
Bulgaria,Unmanufactured tobacco,2018,3320.3
Bulgaria,"Walnuts, in shell",2015,1055.9
Bulgaria,"Walnuts, in shell",2016,1129.5
Bulgaria,"Walnuts, in shell",2017,1097.2
Bulgaria,"Walnuts, in shell",2018,1407.6
Bulgaria,Watermelons,2015,131.5
Bulgaria,Watermelons,2016,152.1
Bulgaria,Watermelons,2017,143.5
Bulgaria,Watermelons,2018,193.5
Bulgaria,Wheat,2015,172.8
Bulgaria,Wheat,2016,155.5
Bulgaria,Wheat,2017,173.3
Bulgaria,Wheat,2018,183.9
Burundi,"Beans, dry",2017,724.7
Burundi,"Beans, dry",2018,564.8
Burundi,"Cassava, fresh",2017,594.0
Burundi,"Cassava, fresh",2018,277.1
Burundi,"Coffee, green",2015,318.1
Burundi,"Coffee, green",2017,240.0
Burundi,"Coffee, green",2018,280.4
Burundi,"Cotton lint, ginned",2017,289.2
Burundi,"Cotton lint, ginned",2018,336.5
Burundi,Maize (corn),2017,634.5
Burundi,Maize (corn),2018,346.1
Burundi,Oil palm fruit,2017,977.4
Burundi,Oil palm fruit,2018,1034.3
Burundi,Palm oil,2015,961.9
Burundi,Potatoes,2017,426.2
Burundi,Potatoes,2018,309.1
Burundi,Rice,2017,396.2
Burundi,Rice,2018,384.2
Burundi,"Seed cotton, unginned",2015,318.1
Burundi,Sorghum,2017,702.7
Burundi,Sugar cane,2017,40.5
Burundi,Sugar cane,2018,39.3
Burundi,Sweet potatoes,2017,249.8
Burundi,Sweet potatoes,2018,200.2
Burundi,Tea leaves,2015,197.2
Burundi,Tea leaves,2017,173.5
Burundi,Tea leaves,2018,157.0
Cabo Verde,Bananas,2015,1199.2
Cabo Verde,Bananas,2016,1195.6
Cabo Verde,Bananas,2017,1200.9
Cabo Verde,Bananas,2018,1257.3
Cabo Verde,Barley,2015,2301.0
Cabo Verde,Barley,2016,2295.0
Cabo Verde,Barley,2017,2318.6
Cabo Verde,Barley,2018,2406.2
Cabo Verde,Cabbages,2015,1820.8
Cabo Verde,Cabbages,2016,1816.9
Cabo Verde,Cabbages,2017,1847.6
Cabo Verde,Cabbages,2018,1934.5
Cabo Verde,Carrots and turnips,2015,2288.8
Cabo Verde,Carrots and turnips,2016,2272.7
Cabo Verde,Carrots and turnips,2017,2200.4
Cabo Verde,Carrots and turnips,2018,2303.9
Cabo Verde,"Cassava, fresh",2015,2235.1
Cabo Verde,"Cassava, fresh",2016,2231.4
Cabo Verde,"Cassava, fresh",2017,2354.0
Cabo Verde,"Cassava, fresh",2018,2464.7
Cabo Verde,"Chillies and peppers, dry (Capsicum spp., Pimenta spp.), raw",2015,1673.0
Cabo Verde,"Chillies and peppers, dry (Capsicum spp., Pimenta spp.), raw",2016,1668.6
Cabo Verde,Cucumbers and gherkins,2015,1568.0
Cabo Verde,Cucumbers and gherkins,2016,1562.8
Cabo Verde,Cucumbers and gherkins,2017,1632.8
Cabo Verde,Cucumbers and gherkins,2018,1709.6
Cabo Verde,Green garlic,2015,3563.8
Cabo Verde,Green garlic,2016,3553.3
Cabo Verde,Green garlic,2017,3578.7
Cabo Verde,Green garlic,2018,3747.1
Cabo Verde,"Hen eggs in shell, fresh",2015,4121.6
Cabo Verde,"Hen eggs in shell, fresh",2016,4110.8
Cabo Verde,"Hen eggs in shell, fresh",2017,4803.2
Cabo Verde,"Hen eggs in shell, fresh",2018,4794.3
Cabo Verde,Lettuce and chicory,2015,2884.5
Cabo Verde,Lettuce and chicory,2016,2875.8
Cabo Verde,Lettuce and chicory,2017,2923.7
Cabo Verde,Lettuce and chicory,2018,3061.3
Cabo Verde,Maize (corn),2015,705.1
Cabo Verde,Maize (corn),2016,704.9
Cabo Verde,Maize (corn),2017,722.3
Cabo Verde,Maize (corn),2018,756.3
Cabo Verde,"Meat of cattle with the bone, fresh or chilled",2015,9025.4
Cabo Verde,"Meat of cattle with the bone, fresh or chilled",2016,9001.7
Cabo Verde,"Meat of cattle with the bone, fresh or chilled",2017,9062.3
Cabo Verde,"Meat of cattle with the bone, fresh or chilled",2018,9145.9
Cabo Verde,"Meat of chickens, fresh or chilled",2015,4386.6
Cabo Verde,"Meat of chickens, fresh or chilled",2016,4375.0
Cabo Verde,"Meat of chickens, fresh or chilled",2017,4469.3
Cabo Verde,"Meat of chickens, fresh or chilled",2018,5045.8
Cabo Verde,"Meat of goat, fresh or chilled",2015,8018.4
Cabo Verde,"Meat of goat, fresh or chilled",2016,7997.3
Cabo Verde,"Meat of goat, fresh or chilled",2017,7416.4
Cabo Verde,"Meat of goat, fresh or chilled",2018,8418.0
Cabo Verde,"Meat of goat, fresh or chilled (biological)",2015,5795.6
Cabo Verde,"Meat of goat, fresh or chilled (biological)",2016,5780.4
Cabo Verde,"Meat of goat, fresh or chilled (biological)",2017,6883.3
Cabo Verde,"Meat of goat, fresh or chilled (biological)",2018,6265.0
Cabo Verde,"Meat of pig with the bone, fresh or chilled",2015,4773.8
Cabo Verde,"Meat of pig with the bone, fresh or chilled",2016,4761.2
Cabo Verde,"Meat of pig with the bone, fresh or chilled",2017,4740.3
Cabo Verde,"Meat of pig with the bone, fresh or chilled",2018,4762.0
Cabo Verde,"Meat of pig with the bone, fresh or chilled (biological)",2015,2395.4
Cabo Verde,"Meat of pig with the bone, fresh or chilled (biological)",2016,2389.1
Cabo Verde,"Meat of pig with the bone, fresh or chilled (biological)",2017,2731.5
Cabo Verde,"Meat of pig with the bone, fresh or chilled (biological)",2018,3031.2
Cabo Verde,"Onions and shallots, dry (excluding dehydrated)",2015,1172.4
Cabo Verde,"Onions and shallots, dry (excluding dehydrated)",2016,1167.3
Cabo Verde,"Onions and shallots, dry (excluding dehydrated)",2017,1100.6
Cabo Verde,"Onions and shallots, dry (excluding dehydrated)",2018,1152.4
Cabo Verde,"Other beans, green",2015,3960.2
Cabo Verde,"Other beans, green",2016,3948.8
Cabo Verde,"Other beans, green",2017,3990.9
Cabo Verde,"Other beans, green",2018,4178.6
Cabo Verde,Potatoes,2015,2048.1
Cabo Verde,Potatoes,2016,2043.6
Cabo Verde,Potatoes,2017,1947.7
Cabo Verde,Potatoes,2018,2039.3
Cabo Verde,"Pumpkins, squash and gourds",2015,2211.3
Cabo Verde,"Pumpkins, squash and gourds",2016,2194.4
Cabo Verde,"Pumpkins, squash and gourds",2017,2207.0
Cabo Verde,"Pumpkins, squash and gourds",2018,2310.8
Cabo Verde,Raw milk of cattle,2015,1398.0
Cabo Verde,Raw milk of cattle,2016,1394.4
Cabo Verde,Raw milk of cattle,2017,1421.2
Cabo Verde,Raw milk of cattle,2018,1488.0
Cabo Verde,Raw milk of goats,2015,1368.9
Cabo Verde,Raw milk of goats,2016,1365.3
Cabo Verde,Raw milk of goats,2017,1391.5
Cabo Verde,Raw milk of goats,2018,1457.0
Cabo Verde,Sweet potatoes,2015,1903.3
Cabo Verde,Sweet potatoes,2016,1889.2
Cabo Verde,Sweet potatoes,2017,1741.4
Cabo Verde,Sweet potatoes,2018,1823.3
Cabo Verde,Tomatoes,2015,1769.8
Cabo Verde,Tomatoes,2016,1762.3
Cabo Verde,Tomatoes,2017,1747.2
Cabo Verde,Tomatoes,2018,1829.3
Cabo Verde,Watermelons,2015,1675.4
Cabo Verde,Watermelons,2016,1660.9
Cabo Verde,Watermelons,2017,1675.6
Cabo Verde,Watermelons,2018,1754.4
Canada,Apples,2015,414.8
Canada,Apples,2016,429.4
Canada,Apples,2017,463.1
Canada,Apples,2018,482.1
Canada,Apricots,2015,1328.9
Canada,Apricots,2016,1426.6
Canada,Apricots,2017,1473.0
Canada,Apricots,2018,1481.6
Canada,Asparagus,2015,3133.3
Canada,Asparagus,2016,3105.6
Canada,Asparagus,2017,3451.9
Canada,Asparagus,2018,3451.5
Canada,Barley,2015,174.1
Canada,Barley,2016,166.3
Canada,Barley,2017,148.8
Canada,Barley,2018,163.9
Canada,"Beans, dry",2015,726.4
Canada,"Beans, dry",2016,656.7
Canada,"Beans, dry",2017,621.7
Canada,"Beans, dry",2018,608.3
Canada,Blueberries,2015,1265.0
Canada,Blueberries,2016,916.1
Canada,Blueberries,2017,1048.7
Canada,Blueberries,2018,1293.8
Canada,Cabbages,2015,378.7
Canada,Cabbages,2016,358.1
Canada,Cabbages,2017,351.6
Canada,Cabbages,2018,416.8
Canada,Canary seed,2015,454.2
Canada,Canary seed,2016,411.2
Canada,Canary seed,2017,364.2
Canada,Canary seed,2018,357.2
Canada,Cantaloupes and other melons,2015,344.9
Canada,Cantaloupes and other melons,2016,368.3
Canada,Cantaloupes and other melons,2017,323.5
Canada,Cantaloupes and other melons,2018,360.1
Canada,Carrots and turnips,2015,282.0
Canada,Carrots and turnips,2016,262.4
Canada,Carrots and turnips,2017,274.2
Canada,Carrots and turnips,2018,276.3
Canada,Cauliflowers and broccoli,2015,749.0
Canada,Cauliflowers and broccoli,2016,711.3
Canada,Cauliflowers and broccoli,2017,695.0
Canada,Cauliflowers and broccoli,2018,864.3
Canada,Cherries,2015,2823.5
Canada,Cherries,2016,2727.7
Canada,Cherries,2017,2794.9
Canada,Cherries,2018,3082.8
Canada,"Chick peas, dry",2015,425.6
Canada,"Chick peas, dry",2016,652.1
Canada,"Chick peas, dry",2017,946.2
Canada,"Chick peas, dry",2018,618.1
Canada,"Chillies and peppers, green (Capsicum spp. and Pimenta spp.)",2015,663.4
Canada,"Chillies and peppers, green (Capsicum spp. and Pimenta spp.)",2016,684.7
Canada,"Chillies and peppers, green (Capsicum spp. and Pimenta spp.)",2017,764.9
Canada,"Chillies and peppers, green (Capsicum spp. and Pimenta spp.)",2018,826.7
Canada,Cranberries,2015,647.9
Canada,Cranberries,2016,657.3
Canada,Cranberries,2017,702.8
Canada,Cranberries,2018,648.8
Canada,Cucumbers and gherkins,2015,530.3
Canada,Cucumbers and gherkins,2016,475.6
Canada,Cucumbers and gherkins,2017,447.8
Canada,Cucumbers and gherkins,2018,458.7
Canada,Grapes,2015,1189.0
Canada,Grapes,2016,1154.1
Canada,Grapes,2017,1243.9
Canada,Grapes,2018,1330.0
Canada,Green corn (maize),2015,281.2
Canada,Green corn (maize),2016,291.1
Canada,Green corn (maize),2017,305.4
Canada,Green corn (maize),2018,313.1
Canada,Green garlic,2015,8758.4
Canada,Green garlic,2016,8226.1
Canada,Green garlic,2017,8748.9
Canada,Green garlic,2018,8807.2
Canada,"Hen eggs in shell, fresh",2015,1781.3
Canada,"Hen eggs in shell, fresh",2016,1719.1
Canada,"Hen eggs in shell, fresh",2017,1789.7
Canada,"Hen eggs in shell, fresh",2018,1849.2
Canada,Leeks and other alliaceous vegetables,2015,1304.4
Canada,Leeks and other alliaceous vegetables,2016,1285.1
Canada,Leeks and other alliaceous vegetables,2017,1371.0
Canada,Leeks and other alliaceous vegetables,2018,1422.2
Canada,"Lentils, dry",2015,618.9
Canada,"Lentils, dry",2016,624.7
Canada,"Lentils, dry",2017,483.6
Canada,"Lentils, dry",2018,307.1
Canada,Lettuce and chicory,2015,690.2
Canada,Lettuce and chicory,2016,695.7
Canada,Lettuce and chicory,2017,703.5
Canada,Lettuce and chicory,2018,736.9
Canada,Linseed,2015,399.4
Canada,Linseed,2016,347.1
Canada,Linseed,2017,367.9
Canada,Linseed,2018,373.8
Canada,Maize (corn),2015,150.4
Canada,Maize (corn),2016,146.2
Canada,Maize (corn),2017,146.5
Canada,Maize (corn),2018,150.7
Canada,"Meat of cattle with the bone, fresh or chilled (biological)",2015,3031.9
Canada,"Meat of cattle with the bone, fresh or chilled (biological)",2016,2322.2
Canada,"Meat of cattle with the bone, fresh or chilled (biological)",2017,2350.1
Canada,"Meat of cattle with the bone, fresh or chilled (biological)",2018,2283.8
Canada,"Meat of chickens, fresh or chilled (biological)",2015,1649.6
Canada,"Meat of chickens, fresh or chilled (biological)",2016,1576.9
Canada,"Meat of chickens, fresh or chilled (biological)",2017,1587.4
Canada,"Meat of chickens, fresh or chilled (biological)",2018,1605.2
Canada,"Meat of pig with the bone, fresh or chilled (biological)",2015,1142.7
Canada,"Meat of pig with the bone, fresh or chilled (biological)",2016,1069.2
Canada,"Meat of pig with the bone, fresh or chilled (biological)",2017,1182.9
Canada,"Meat of pig with the bone, fresh or chilled (biological)",2018,1085.0
Canada,"Meat of sheep, fresh or chilled (biological)",2015,1734.4
Canada,"Meat of sheep, fresh or chilled (biological)",2016,1697.4
Canada,"Meat of sheep, fresh or chilled (biological)",2017,1894.8
Canada,"Meat of sheep, fresh or chilled (biological)",2018,1927.9
Canada,"Meat of turkeys, fresh or chilled (biological)",2015,1806.0
Canada,"Meat of turkeys, fresh or chilled (biological)",2016,1697.6
Canada,"Meat of turkeys, fresh or chilled (biological)",2017,1726.1
Canada,"Meat of turkeys, fresh or chilled (biological)",2018,1798.2
Canada,Mushrooms and truffles,2015,3067.0
Canada,Mushrooms and truffles,2016,3227.3
Canada,Mushrooms and truffles,2017,3380.6
Canada,Mushrooms and truffles,2018,3400.8
Canada,Mustard seed,2015,579.7
Canada,Mustard seed,2016,675.2
Canada,Mustard seed,2018,567.8
Canada,Oats,2015,142.2
Canada,Oats,2016,132.4
Canada,Oats,2017,145.8
Canada,Oats,2018,147.0
Canada,"Onions and shallots, dry (excluding dehydrated)",2015,311.0
Canada,"Onions and shallots, dry (excluding dehydrated)",2016,297.1
Canada,"Onions and shallots, dry (excluding dehydrated)",2017,306.5
Canada,"Onions and shallots, dry (excluding dehydrated)",2018,321.3
Canada,"Other beans, green",2015,526.2
Canada,"Other beans, green",2016,501.0
Canada,"Other beans, green",2017,529.8
Canada,"Other beans, green",2018,499.9
Canada,Peaches and nectarines,2015,1320.8
Canada,Peaches and nectarines,2016,1123.4
Canada,Peaches and nectarines,2017,1342.3
Canada,Peaches and nectarines,2018,1199.1
Canada,Pears,2015,833.9
Canada,Pears,2016,814.3
Canada,Pears,2017,851.8
Canada,Pears,2018,849.2
Canada,"Peas, dry",2015,239.1
Canada,"Peas, dry",2016,265.2
Canada,"Peas, dry",2017,237.2
Canada,"Peas, dry",2018,196.6
Canada,"Peas, green",2015,332.2
Canada,"Peas, green",2016,331.7
Canada,"Peas, green",2017,389.0
Canada,"Peas, green",2018,376.0
Canada,Plums and sloes,2015,1574.4
Canada,Plums and sloes,2016,1311.7
Canada,Plums and sloes,2017,1567.8
Canada,Plums and sloes,2018,1554.5
Canada,Potatoes,2015,220.8
Canada,Potatoes,2016,216.4
Canada,Potatoes,2017,230.5
Canada,Potatoes,2018,233.8
Canada,"Pumpkins, squash and gourds",2015,272.0
Canada,"Pumpkins, squash and gourds",2016,244.5
Canada,"Pumpkins, squash and gourds",2017,268.1
Canada,"Pumpkins, squash and gourds",2018,284.8
Canada,Rape or colza seed,2015,360.8
Canada,Rape or colza seed,2016,357.8
Canada,Rape or colza seed,2017,384.0
Canada,Rape or colza seed,2018,384.0
Canada,Raspberries,2015,2407.8
Canada,Raspberries,2016,2455.7
Canada,Raspberries,2017,2731.1
Canada,Raspberries,2018,2693.9
Canada,Raw milk of cattle,2015,577.6
Canada,Raw milk of cattle,2016,551.9
Canada,Raw milk of cattle,2017,564.4
Canada,Raw milk of cattle,2018,556.7
Canada,Rye,2015,174.7
Canada,Rye,2016,148.1
Canada,Rye,2017,120.0
Canada,Rye,2018,151.3
Canada,Sour cherries,2015,754.9
Canada,Sour cherries,2016,561.9
Canada,Sour cherries,2017,754.6
Canada,Sour cherries,2018,725.4
Canada,Soya beans,2015,329.6
Canada,Soya beans,2016,341.7
Canada,Soya beans,2017,344.1
Canada,Soya beans,2018,342.0
Canada,Spinach,2015,1521.5
Canada,Spinach,2016,1614.3
Canada,Spinach,2017,1656.6
Canada,Spinach,2018,1713.5
Canada,Strawberries,2015,3185.6
Canada,Strawberries,2016,3084.5
Canada,Strawberries,2017,3367.0
Canada,Strawberries,2018,3518.1
Canada,Sunflower seed,2015,473.0
Canada,Sunflower seed,2016,433.7
Canada,Sunflower seed,2017,483.3
Canada,Sunflower seed,2018,467.6
Canada,Tomatoes,2015,162.4
Canada,Tomatoes,2016,168.2
Canada,Tomatoes,2017,176.8
Canada,Tomatoes,2018,164.3
Canada,Unmanufactured tobacco,2015,4088.8
Canada,Unmanufactured tobacco,2016,4285.5
Canada,Unmanufactured tobacco,2017,4199.6
Canada,Unmanufactured tobacco,2018,4792.6
Canada,Watermelons,2015,344.9
Canada,Watermelons,2016,368.3
Canada,Watermelons,2017,323.5
Canada,Watermelons,2018,360.1
Canada,Wheat,2015,181.4
Canada,Wheat,2016,174.4
Canada,Wheat,2017,180.7
Canada,Wheat,2018,189.7
Chad,"Beans, dry",2016,718.9
Chad,"Beans, dry",2017,647.5
Chad,"Beans, dry",2018,673.3
Chad,Cereals n.e.c.,2016,280.1
Chad,Cereals n.e.c.,2017,292.8
Chad,Cereals n.e.c.,2018,313.3
Chad,"Groundnuts, excluding shelled",2016,762.7
Chad,"Groundnuts, excluding shelled",2017,675.1
Chad,"Groundnuts, excluding shelled",2018,687.7
Chad,Maize (corn),2016,335.8
Chad,Maize (corn),2017,327.2
Chad,Maize (corn),2018,345.7
Chad,"Meat of cattle with the bone, fresh or chilled (biological)",2017,1036.4
Chad,"Meat of cattle with the bone, fresh or chilled (biological)",2018,1094.7
Chad,"Meat of goat, fresh or chilled (biological)",2017,1271.2
Chad,"Meat of goat, fresh or chilled (biological)",2018,1376.5
Chad,"Meat of sheep, fresh or chilled (biological)",2017,1386.7
Chad,"Meat of sheep, fresh or chilled (biological)",2018,1437.3
Chad,Millet,2016,317.2
Chad,Millet,2017,335.8
Chad,Millet,2018,336.7
Chad,Rice,2016,980.4
Chad,Rice,2017,955.8
Chad,Rice,2018,1004.6
Chad,Sorghum,2016,285.2
Chad,Sorghum,2017,279.0
Chad,Sorghum,2018,280.9
Chad,Wheat,2016,595.7
Chad,Wheat,2017,489.1
Chad,Wheat,2018,637.3
Chile,Apples,2015,603.4
Chile,Apples,2016,650.2
Chile,Apples,2017,650.1
Chile,Apples,2018,693.7
Chile,Apricots,2015,1014.8
Chile,Apricots,2016,1079.7
Chile,Apricots,2017,1295.6
Chile,Apricots,2018,1255.6
Chile,Artichokes,2018,2245.4
Chile,Asparagus,2015,2316.8
Chile,Asparagus,2016,2012.0
Chile,Asparagus,2017,2128.3
Chile,Asparagus,2018,2218.5
Chile,Avocados,2015,2446.8
Chile,Avocados,2016,2466.0
Chile,Avocados,2017,2463.2
Chile,Avocados,2018,3245.9
Chile,Barley,2018,201.4
Chile,"Beans, dry",2015,1900.5
Chile,"Beans, dry",2016,1991.9
Chile,"Beans, dry",2017,2284.2
Chile,"Beans, dry",2018,2218.4
Chile,"Broad beans and horse beans, green",2015,601.7
Chile,"Broad beans and horse beans, green",2016,496.0
Chile,"Broad beans and horse beans, green",2017,556.6
Chile,"Broad beans and horse beans, green",2018,635.7
Chile,Cabbages,2018,1484.1
Chile,Cantaloupes and other melons,2018,1104.2
Chile,Carrots and turnips,2015,397.9
Chile,Carrots and turnips,2016,363.2
Chile,Carrots and turnips,2017,469.4
Chile,Carrots and turnips,2018,402.4
Chile,Cauliflowers and broccoli,2018,1155.4
Chile,Cherries,2015,2312.6
Chile,Cherries,2016,2279.8
Chile,Cherries,2017,2430.1
Chile,Cherries,2018,1970.5
Chile,"Chick peas, dry",2015,1694.0
Chile,"Chick peas, dry",2016,2084.2
Chile,"Chick peas, dry",2017,2862.1
Chile,"Chick peas, dry",2018,2789.4
Chile,"Chillies and peppers, green (Capsicum spp. and Pimenta spp.)",2015,1415.7
Chile,"Chillies and peppers, green (Capsicum spp. and Pimenta spp.)",2016,1260.5
Chile,"Chillies and peppers, green (Capsicum spp. and Pimenta spp.)",2017,1747.5
Chile,"Chillies and peppers, green (Capsicum spp. and Pimenta spp.)",2018,1272.5
Chile,Cranberries,2015,4971.2
Chile,Cranberries,2016,5169.8
Chile,Cranberries,2017,3986.4
Chile,Cranberries,2018,5004.7
Chile,Cucumbers and gherkins,2018,694.7
Chile,Figs,2015,1838.8
Chile,Figs,2016,2110.6
Chile,Figs,2017,1805.4
Chile,Grapes,2015,1360.4
Chile,Grapes,2016,1801.0
Chile,Grapes,2017,1879.9
Chile,Grapes,2018,1726.7
Chile,Green garlic,2015,1838.7
Chile,Green garlic,2016,2816.1
Chile,Green garlic,2017,3219.0
Chile,Green garlic,2018,1680.5
Chile,"Horse meat, fresh or chilled (biological)",2015,1036.3
Chile,"Horse meat, fresh or chilled (biological)",2016,1097.2
Chile,"Horse meat, fresh or chilled (biological)",2017,1226.0
Chile,"Horse meat, fresh or chilled (biological)",2018,1603.3
Chile,Kiwi fruit,2015,647.7
Chile,Kiwi fruit,2016,766.0
Chile,Kiwi fruit,2017,993.5
Chile,Kiwi fruit,2018,853.8
Chile,Lemons and limes,2015,701.0
Chile,Lemons and limes,2016,676.2
Chile,Lemons and limes,2017,966.5
Chile,Lemons and limes,2018,1155.9
Chile,"Lentils, dry",2015,1570.5
Chile,"Lentils, dry",2016,2189.8
Chile,"Lentils, dry",2017,2407.0
Chile,"Lentils, dry",2018,2224.5
Chile,Lettuce and chicory,2018,901.2
Chile,Maize (corn),2015,204.1
Chile,Maize (corn),2016,190.6
Chile,Maize (corn),2017,204.1
Chile,Maize (corn),2018,209.5
Chile,"Meat of cattle with the bone, fresh or chilled",2015,3926.3
Chile,"Meat of cattle with the bone, fresh or chilled",2016,4121.8
Chile,"Meat of cattle with the bone, fresh or chilled",2017,4291.9
Chile,"Meat of cattle with the bone, fresh or chilled",2018,4267.7
Chile,"Meat of cattle with the bone, fresh or chilled (biological)",2015,1421.9
Chile,"Meat of cattle with the bone, fresh or chilled (biological)",2016,1526.6
Chile,"Meat of cattle with the bone, fresh or chilled (biological)",2017,1779.9
Chile,"Meat of cattle with the bone, fresh or chilled (biological)",2018,1625.4
Chile,"Meat of chickens, fresh or chilled (biological)",2015,1084.9
Chile,"Meat of chickens, fresh or chilled (biological)",2016,1013.0
Chile,"Meat of chickens, fresh or chilled (biological)",2017,1112.9
Chile,"Meat of pig with the bone, fresh or chilled",2015,2104.1
Chile,"Meat of pig with the bone, fresh or chilled",2016,2388.1
Chile,"Meat of pig with the bone, fresh or chilled",2017,2549.4
Chile,"Meat of pig with the bone, fresh or chilled",2018,2599.8
Chile,"Meat of pig with the bone, fresh or chilled (biological)",2015,1270.3
Chile,"Meat of pig with the bone, fresh or chilled (biological)",2016,1161.3
Chile,"Meat of pig with the bone, fresh or chilled (biological)",2017,1261.2
Chile,"Meat of pig with the bone, fresh or chilled (biological)",2018,1112.3
Chile,"Meat of sheep, fresh or chilled (biological)",2015,898.3
Chile,Oats,2018,178.6
Chile,"Onions and shallots, dry (excluding dehydrated)",2015,576.1
Chile,"Onions and shallots, dry (excluding dehydrated)",2016,524.8
Chile,"Onions and shallots, dry (excluding dehydrated)",2017,294.9
Chile,"Onions and shallots, dry (excluding dehydrated)",2018,502.3
Chile,Oranges,2015,519.9
Chile,Oranges,2016,626.6
Chile,Oranges,2017,963.4
Chile,Oranges,2018,775.4
Chile,"Other beans, green",2015,1244.3
Chile,"Other beans, green",2016,1249.9
Chile,"Other beans, green",2017,1331.4
Chile,"Other beans, green",2018,1328.5
Chile,Papayas,2015,1370.2
Chile,Papayas,2016,1500.8
Chile,Papayas,2017,2134.8
Chile,Papayas,2018,2334.9
Chile,Peaches and nectarines,2015,1069.0
Chile,Peaches and nectarines,2016,1052.4
Chile,Peaches and nectarines,2017,1271.8
Chile,Peaches and nectarines,2018,1146.7
Chile,Pears,2015,632.1
Chile,Pears,2016,610.8
Chile,Pears,2017,657.1
Chile,Pears,2018,730.2
Chile,"Peas, dry",2015,2348.2
Chile,"Peas, dry",2016,2053.3
Chile,"Peas, dry",2017,1772.4
Chile,"Peas, dry",2018,1599.3
Chile,"Peas, green",2015,1086.1
Chile,"Peas, green",2016,973.6
Chile,"Peas, green",2017,1033.3
Chile,"Peas, green",2018,1101.5
Chile,Persimmons,2015,977.0
Chile,Persimmons,2016,1098.3
Chile,Persimmons,2017,1207.5
Chile,Persimmons,2018,1143.3
Chile,Plums and sloes,2015,624.8
Chile,Plums and sloes,2016,638.7
Chile,Plums and sloes,2017,656.8
Chile,Plums and sloes,2018,675.2
Chile,Pomelos and grapefruits,2015,731.0
Chile,Pomelos and grapefruits,2016,730.6
Chile,Pomelos and grapefruits,2017,823.2
Chile,Pomelos and grapefruits,2018,870.9
Chile,Potatoes,2015,513.5
Chile,Potatoes,2016,368.9
Chile,Potatoes,2017,285.0
Chile,Potatoes,2018,527.7
Chile,"Pumpkins, squash and gourds",2015,730.2
Chile,"Pumpkins, squash and gourds",2016,724.5
Chile,"Pumpkins, squash and gourds",2017,558.5
Chile,"Pumpkins, squash and gourds",2018,599.5
Chile,Quinces,2015,590.8
Chile,Quinces,2016,789.1
Chile,Quinces,2017,654.5
Chile,Quinces,2018,787.8
Chile,Raspberries,2015,4245.7
Chile,Raspberries,2016,4672.4
Chile,Raspberries,2017,3936.4
Chile,Raspberries,2018,3638.7
Chile,Raw milk of cattle,2015,317.7
Chile,Raw milk of cattle,2016,301.3
Chile,Raw milk of cattle,2017,347.6
Chile,Raw milk of cattle,2018,356.3
Chile,Rice,2015,308.2
Chile,Rice,2016,273.6
Chile,Rice,2017,300.4
Chile,Rice,2018,270.4
Chile,Spinach,2015,860.6
Chile,Spinach,2016,929.8
Chile,Spinach,2017,1117.3
Chile,Spinach,2018,957.0
Chile,Strawberries,2015,1570.9
Chile,Strawberries,2016,1713.1
Chile,Strawberries,2017,2020.5
Chile,Strawberries,2018,1918.7
Chile,Sugar beet,2018,50.1
Chile,"Tangerines, mandarins, clementines",2015,704.6
Chile,"Tangerines, mandarins, clementines",2016,693.0
Chile,"Tangerines, mandarins, clementines",2017,868.3
Chile,"Tangerines, mandarins, clementines",2018,816.9
Chile,Tomatoes,2015,619.3
Chile,Tomatoes,2016,758.9
Chile,Tomatoes,2017,677.4
Chile,Tomatoes,2018,788.9
Chile,Unmanufactured tobacco,2018,2964.1
Chile,Watermelons,2015,877.8
Chile,Watermelons,2016,1097.1
Chile,Watermelons,2017,843.2
Chile,Watermelons,2018,842.4
Chile,Wheat,2015,261.2
Chile,Wheat,2016,205.9
Chile,Wheat,2017,216.2
Chile,Wheat,2018,244.6
"China, Hong Kong SAR","Hen eggs in shell, fresh",2015,5620.7
"China, Hong Kong SAR","Hen eggs in shell, fresh",2016,6458.2
"China, Hong Kong SAR","Hen eggs in shell, fresh",2017,6100.2
"China, Hong Kong SAR","Hen eggs in shell, fresh",2018,6952.9
"China, Hong Kong SAR","Meat of chickens, fresh or chilled (biological)",2015,6212.8
"China, Hong Kong SAR","Meat of chickens, fresh or chilled (biological)",2016,6584.4
"China, Hong Kong SAR","Meat of chickens, fresh or chilled (biological)",2017,4637.3
"China, Hong Kong SAR","Meat of chickens, fresh or chilled (biological)",2018,5092.8
"China, Hong Kong SAR","Meat of pig with the bone, fresh or chilled (biological)",2015,3253.5
"China, Hong Kong SAR","Meat of pig with the bone, fresh or chilled (biological)",2016,3725.7
"China, Hong Kong SAR","Meat of pig with the bone, fresh or chilled (biological)",2017,3141.2
"China, Hong Kong SAR","Meat of pig with the bone, fresh or chilled (biological)",2018,3412.6
"China, Hong Kong SAR",Other bananas (excluding cavendish and cooking bananas),2015,2565.0
"China, Hong Kong SAR",Other bananas (excluding cavendish and cooking bananas),2016,2396.0
"China, Hong Kong SAR",Other bananas (excluding cavendish and cooking bananas),2017,2424.0
"China, Hong Kong SAR",Other bananas (excluding cavendish and cooking bananas),2018,2296.0
"China, Hong Kong SAR","Other citrus fruit, n.e.c.",2015,2322.1
"China, Hong Kong SAR","Other citrus fruit, n.e.c.",2016,2318.9
"China, Hong Kong SAR","Other citrus fruit, n.e.c.",2017,2309.7
"China, Hong Kong SAR","Other citrus fruit, n.e.c.",2018,2296.4
"China, mainland",Apples,2015,581.9
"China, mainland",Apples,2016,468.4
"China, mainland",Apples,2017,541.1
"China, mainland",Apples,2018,583.7
"China, mainland",Asparagus,2017,1309.7
"China, mainland",Asparagus,2018,1362.2
"China, mainland",Bananas,2015,521.1
"China, mainland",Bananas,2017,440.1
"China, mainland",Bananas,2018,600.1
"China, mainland","Beans, dry",2018,755.4
"China, mainland",Cabbages,2016,279.0
"China, mainland",Cabbages,2017,242.7
"China, mainland",Cabbages,2018,273.4
"China, mainland",Cantaloupes and other melons,2015,540.7
"China, mainland",Carrots and turnips,2015,286.2
"China, mainland",Carrots and turnips,2016,342.8
"China, mainland",Carrots and turnips,2017,375.3
"China, mainland",Carrots and turnips,2018,392.2
"China, mainland",Cauliflowers and broccoli,2015,404.2
"China, mainland",Cauliflowers and broccoli,2016,527.1
"China, mainland",Cauliflowers and broccoli,2017,526.9
"China, mainland",Cauliflowers and broccoli,2018,538.2
"China, mainland",Cereals n.e.c.,2018,384.7
"China, mainland",Cherries,2015,7079.3
"China, mainland","Chillies and peppers, dry (Capsicum spp., Pimenta spp.), raw",2017,801.7
"China, mainland","Chillies and peppers, dry (Capsicum spp., Pimenta spp.), raw",2018,1356.8
"China, mainland","Chillies and peppers, green (Capsicum spp. and Pimenta spp.)",2016,571.0
"China, mainland","Chillies and peppers, green (Capsicum spp. and Pimenta spp.)",2017,699.5
"China, mainland","Chillies and peppers, green (Capsicum spp. and Pimenta spp.)",2018,748.2
"China, mainland","Cotton lint, ginned",2017,2180.1
"China, mainland","Cotton lint, ginned",2018,2201.3
"China, mainland",Cotton seed,2018,360.9
"China, mainland",Cucumbers and gherkins,2015,440.3
"China, mainland",Cucumbers and gherkins,2016,479.3
"China, mainland",Cucumbers and gherkins,2017,398.4
"China, mainland",Cucumbers and gherkins,2018,425.9
"China, mainland",Dates,2015,3035.9
"China, mainland",Dates,2018,1336.2
"China, mainland","Edible roots and tubers with high starch or inulin content, n.e.c., fresh",2018,732.1
"China, mainland",Eggplants (aubergines),2015,462.5
"China, mainland",Eggplants (aubergines),2016,524.2
"China, mainland",Eggplants (aubergines),2017,483.3
"China, mainland",Eggplants (aubergines),2018,534.3
"China, mainland","Ginger, raw",2017,1840.0
"China, mainland","Ginger, raw",2018,1917.3
"China, mainland",Grapes,2015,979.0
"China, mainland",Grapes,2017,849.8
"China, mainland",Grapes,2018,803.6
"China, mainland",Green garlic,2016,1487.6
"China, mainland",Green garlic,2017,462.7
"China, mainland",Green garlic,2018,413.7
"China, mainland","Groundnuts, excluding shelled",2015,1435.7
"China, mainland","Groundnuts, excluding shelled",2016,967.7
"China, mainland","Groundnuts, excluding shelled",2017,463.8
"China, mainland","Groundnuts, excluding shelled",2018,455.0
"China, mainland","Hen eggs in shell, fresh",2015,911.1
"China, mainland","Hen eggs in shell, fresh",2016,985.6
"China, mainland","Hen eggs in shell, fresh",2017,1105.5
"China, mainland","Hen eggs in shell, fresh",2018,1317.9
"China, mainland",Kiwi fruit,2018,680.2
"China, mainland",Leeks and other alliaceous vegetables,2015,472.4
"China, mainland",Leeks and other alliaceous vegetables,2018,472.3
"China, mainland",Lemons and limes,2015,1522.0
"China, mainland",Lettuce and chicory,2015,330.3
"China, mainland",Lettuce and chicory,2016,558.2
"China, mainland",Maize (corn),2015,432.4
"China, mainland",Maize (corn),2016,264.3
"China, mainland",Maize (corn),2017,370.8
"China, mainland",Maize (corn),2018,398.0
"China, mainland","Mangoes, guavas and mangosteens",2015,1343.4
"China, mainland","Meat of buffalo, fresh or chilled",2017,3824.6
"China, mainland","Meat of buffalo, fresh or chilled",2018,4076.3
"China, mainland","Meat of buffalo, fresh or chilled (biological)",2015,2706.7
"China, mainland","Meat of buffalo, fresh or chilled (biological)",2017,3031.4
"China, mainland","Meat of buffalo, fresh or chilled (biological)",2018,3249.5
"China, mainland","Meat of cattle with the bone, fresh or chilled",2015,6931.8
"China, mainland","Meat of cattle with the bone, fresh or chilled",2016,6604.0
"China, mainland","Meat of chickens, fresh or chilled",2016,2009.3
"China, mainland","Meat of chickens, fresh or chilled",2017,1681.4
"China, mainland","Meat of chickens, fresh or chilled",2018,1952.2
"China, mainland","Meat of chickens, fresh or chilled (biological)",2015,2178.2
"China, mainland","Meat of chickens, fresh or chilled (biological)",2016,1981.3
"China, mainland","Meat of chickens, fresh or chilled (biological)",2017,2267.5
"China, mainland","Meat of chickens, fresh or chilled (biological)",2018,2505.4
"China, mainland","Meat of ducks, fresh or chilled (biological)",2015,2489.4
"China, mainland","Meat of ducks, fresh or chilled (biological)",2017,2569.2
"China, mainland","Meat of ducks, fresh or chilled (biological)",2018,2788.7
"China, mainland","Meat of geese, fresh or chilled (biological)",2015,3021.1
"China, mainland","Meat of geese, fresh or chilled (biological)",2017,3230.1
"China, mainland","Meat of geese, fresh or chilled (biological)",2018,3561.1
"China, mainland","Meat of pig with the bone, fresh or chilled",2015,2672.5
"China, mainland","Meat of pig with the bone, fresh or chilled",2016,3090.7
"China, mainland","Meat of pig with the bone, fresh or chilled",2017,2241.2
"China, mainland","Meat of pig with the bone, fresh or chilled",2018,1951.7
"China, mainland","Meat of pig with the bone, fresh or chilled (biological)",2015,1972.4
"China, mainland","Meat of pig with the bone, fresh or chilled (biological)",2016,1958.6
"China, mainland","Meat of pig with the bone, fresh or chilled (biological)",2017,2219.3
"China, mainland","Meat of pig with the bone, fresh or chilled (biological)",2018,2000.3
"China, mainland","Meat of rabbits and hares, fresh or chilled (biological)",2015,1713.9
"China, mainland","Meat of sheep, fresh or chilled",2016,5892.9
"China, mainland","Meat of sheep, fresh or chilled",2017,3647.4
"China, mainland","Meat of sheep, fresh or chilled",2018,4121.1
"China, mainland","Meat of sheep, fresh or chilled (biological)",2015,3323.0
"China, mainland","Meat of sheep, fresh or chilled (biological)",2017,3597.1
"China, mainland","Meat of sheep, fresh or chilled (biological)",2018,4214.1
"China, mainland",Mushrooms and truffles,2015,970.1
"China, mainland",Mushrooms and truffles,2016,1084.8
"China, mainland",Mushrooms and truffles,2017,873.7
"China, mainland",Mushrooms and truffles,2018,910.0
"China, mainland",Natural rubber in primary forms,2017,3092.9
"China, mainland",Natural rubber in primary forms,2018,2724.2
"China, mainland","Onions and shallots, green",2016,579.3
"China, mainland","Onions and shallots, green",2017,643.2
"China, mainland","Onions and shallots, green",2018,693.6
"China, mainland",Oranges,2017,502.3
"China, mainland",Oranges,2018,468.4
"China, mainland","Other beans, green",2015,277.5
"China, mainland","Other beans, green",2018,841.4
"China, mainland","Other citrus fruit, n.e.c.",2017,479.3
"China, mainland","Other citrus fruit, n.e.c.",2018,539.2
"China, mainland","Other oil seeds, n.e.c.",2017,588.0
"China, mainland","Other oil seeds, n.e.c.",2018,720.0
"China, mainland",Palm oil,2015,1038.0
"China, mainland",Palm oil,2018,1156.3
"China, mainland",Peaches and nectarines,2015,713.0
"China, mainland",Pears,2015,498.0
"China, mainland",Pears,2017,878.6
"China, mainland",Pears,2018,972.8
"China, mainland","Peas, green",2015,818.6
"China, mainland","Peas, green",2018,498.8
"China, mainland","Pepper (Piper spp.), raw",2017,15108.6
"China, mainland","Pepper (Piper spp.), raw",2018,1552.5
"China, mainland",Persimmons,2015,423.9
"China, mainland",Persimmons,2018,529.0
"China, mainland",Pineapples,2015,557.0
"China, mainland",Pineapples,2018,719.0
"China, mainland",Plums and sloes,2015,780.7
"China, mainland",Pomelos and grapefruits,2015,650.5
"China, mainland",Potatoes,2016,325.5
"China, mainland",Potatoes,2017,353.0
"China, mainland",Potatoes,2018,350.2
"China, mainland","Pumpkins, squash and gourds",2015,278.9
"China, mainland","Pumpkins, squash and gourds",2016,334.0
"China, mainland","Pumpkins, squash and gourds",2018,327.0
"China, mainland","Ramie, raw or retted",2017,906.3
"China, mainland","Ramie, raw or retted",2018,1067.8
"China, mainland",Rape or colza seed,2016,682.1
"China, mainland",Rape or colza seed,2017,818.5
"China, mainland",Rape or colza seed,2018,834.6
"China, mainland",Raw milk of cattle,2016,522.4
"China, mainland",Raw milk of cattle,2017,482.8
"China, mainland",Raw milk of cattle,2018,499.6
"China, mainland",Rice,2016,559.9
"China, mainland",Rice,2017,466.0
"China, mainland",Rice,2018,474.8
"China, mainland","Seed cotton, unginned",2017,1139.3
"China, mainland","Seed cotton, unginned",2018,1139.6
"China, mainland",Sesame seed,2017,2236.1
"China, mainland",Sesame seed,2018,2177.5
"China, mainland","Shorn wool, greasy, including fleece-washed shorn wool",2017,7490.2
"China, mainland","Shorn wool, greasy, including fleece-washed shorn wool",2018,8945.0
"China, mainland",Silk-worm cocoons suitable for reeling,2017,6630.4
"China, mainland",Silk-worm cocoons suitable for reeling,2018,6691.0
"China, mainland",Soya beans,2015,808.2
"China, mainland",Soya beans,2016,581.5
"China, mainland",Soya beans,2017,596.5
"China, mainland",Soya beans,2018,596.8
"China, mainland",Spinach,2015,519.0
"China, mainland",Spinach,2016,630.7
"China, mainland",Spinach,2017,443.3
"China, mainland",Spinach,2018,488.4
"China, mainland",Strawberries,2015,1765.1
"China, mainland",Strawberries,2018,4001.2
"China, mainland",Sugar beet,2016,69.8
"China, mainland",Sugar beet,2017,68.5
"China, mainland",Sugar beet,2018,72.0
"China, mainland",Sugar cane,2015,343.8
"China, mainland",Sugar cane,2017,215.8
"China, mainland",Sugar cane,2018,217.3
"China, mainland",Sunflower seed,2015,1748.2
"China, mainland",Sunflower seed,2017,1716.5
"China, mainland",Sunflower seed,2018,1782.3
"China, mainland",Sweet potatoes,2017,261.6
"China, mainland",Sweet potatoes,2018,295.6
"China, mainland",Taro,2018,272.1
"China, mainland",Tea leaves,2017,4661.7
"China, mainland",Tea leaves,2018,4781.9
"China, mainland",Tomatoes,2015,456.0
"China, mainland",Tomatoes,2016,513.8
"China, mainland",Tomatoes,2017,556.4
"China, mainland",Tomatoes,2018,554.2
"China, mainland",Unmanufactured tobacco,2017,3907.3
"China, mainland",Unmanufactured tobacco,2018,4183.9
"China, mainland","Walnuts, in shell",2018,6952.9
"China, mainland",Watermelons,2015,340.7
"China, mainland",Watermelons,2017,388.6
"China, mainland",Watermelons,2018,373.5
"China, mainland",Wheat,2016,385.1
"China, mainland",Wheat,2017,333.3
"China, mainland",Wheat,2018,340.8
Colombia,Apples,2015,1385.5
Colombia,Apples,2018,1603.9
Colombia,Avocados,2015,567.5
Colombia,Avocados,2016,513.1
Colombia,Avocados,2018,1487.4
Colombia,Bananas,2015,498.6
Colombia,Bananas,2018,460.3
Colombia,Barley,2015,429.1
Colombia,Barley,2016,332.8
Colombia,Barley,2017,249.7
Colombia,"Beans, dry",2015,1660.2
Colombia,"Beans, dry",2016,1153.7
Colombia,"Beans, dry",2018,1997.1
Colombia,"Broad beans and horse beans, dry",2015,394.3
Colombia,"Broad beans and horse beans, green",2015,256.8
Colombia,"Broad beans and horse beans, green",2016,260.8
Colombia,"Broad beans and horse beans, green",2018,578.5
Colombia,Cabbages,2018,327.3
Colombia,Cantaloupes and other melons,2018,628.0
Colombia,Carrots and turnips,2015,267.1
Colombia,Carrots and turnips,2016,191.8
Colombia,Carrots and turnips,2018,489.2
Colombia,"Cassava, fresh",2015,313.4
Colombia,"Cassava, fresh",2016,271.9
Colombia,"Cassava, fresh",2018,434.6
Colombia,Cauliflowers and broccoli,2018,1023.6
Colombia,Cocoa beans,2015,2588.3
Colombia,"Coconuts, in shell",2018,1046.5
Colombia,"Coffee, green",2015,2091.5
Colombia,"Coffee, green",2018,5078.1
Colombia,"Cotton lint, ginned",2015,1840.0
Colombia,Cucumbers and gherkins,2018,563.8
Colombia,Eggplants (aubergines),2018,601.8
Colombia,Figs,2018,1869.7
Colombia,Grapes,2018,875.1
Colombia,Green garlic,2018,1487.7
Colombia,"Hen eggs in shell, fresh",2015,1307.7
Colombia,"Hen eggs in shell, fresh",2018,1772.8
Colombia,Lemons and limes,2015,318.4
Colombia,Lemons and limes,2016,261.4
Colombia,Lemons and limes,2018,646.4
Colombia,"Lentils, dry",2018,1056.7
Colombia,Lettuce and chicory,2018,447.2
Colombia,Maize (corn),2015,321.5
Colombia,Maize (corn),2018,320.6
Colombia,"Mangoes, guavas and mangosteens",2015,433.9
Colombia,"Mangoes, guavas and mangosteens",2016,224.3
Colombia,"Meat of cattle with the bone, fresh or chilled",2015,2440.8
Colombia,"Meat of cattle with the bone, fresh or chilled",2018,7982.6
Colombia,"Meat of cattle with the bone, fresh or chilled (biological)",2015,1290.4
Colombia,"Meat of chickens, fresh or chilled",2015,1881.0
Colombia,"Meat of chickens, fresh or chilled",2018,3082.5
Colombia,"Meat of pig with the bone, fresh or chilled",2015,2142.3
Colombia,"Meat of pig with the bone, fresh or chilled",2018,4404.8
Colombia,"Meat of pig with the bone, fresh or chilled (biological)",2015,1636.9
Colombia,Natural honey,2017,2930.7
Colombia,Natural honey,2018,3095.7
Colombia,"Onions and shallots, dry (excluding dehydrated)",2015,401.5
Colombia,"Onions and shallots, dry (excluding dehydrated)",2016,262.4
Colombia,"Onions and shallots, dry (excluding dehydrated)",2018,325.5
Colombia,Oranges,2015,272.0
Colombia,Oranges,2018,363.3
Colombia,"Other beans, green",2015,679.0
Colombia,"Other beans, green",2016,629.6
Colombia,"Other beans, green",2018,942.3
Colombia,Other sugar crops n.e.c.,2015,498.9
Colombia,Palm oil,2015,774.1
Colombia,Palm oil,2017,610.2
Colombia,Palm oil,2018,609.3
Colombia,Papayas,2015,244.3
Colombia,Papayas,2016,240.9
Colombia,Papayas,2018,576.9
Colombia,Peaches and nectarines,2015,1224.9
Colombia,Peaches and nectarines,2018,1535.0
Colombia,Pears,2015,1382.1
Colombia,Pears,2018,1553.0
Colombia,"Peas, dry",2015,996.6
Colombia,"Peas, dry",2016,770.6
Colombia,"Peas, dry",2017,582.1
Colombia,"Peas, dry",2018,627.6
Colombia,"Peas, green",2015,587.2
Colombia,"Peas, green",2016,513.1
Colombia,"Peas, green",2018,1285.9
Colombia,Pineapples,2015,807.0
Colombia,Pineapples,2016,173.4
Colombia,Plantains,2018,625.0
Colombia,Plantains and cooking bananas,2015,435.3
Colombia,Plums and sloes,2018,634.0
Colombia,Potatoes,2015,238.3
Colombia,Potatoes,2016,262.4
Colombia,Potatoes,2018,330.9
Colombia,"Pumpkins, squash and gourds",2018,176.9
Colombia,Raw milk of cattle,2015,295.4
Colombia,Raw milk of cattle,2016,295.7
Colombia,Rice,2015,439.7
Colombia,Rice,2016,381.7
Colombia,Rice,2018,732.8
Colombia,"Seed cotton, unginned",2016,1205.1
Colombia,Sorghum,2015,300.2
Colombia,Soya beans,2015,462.3
Colombia,Soya beans,2017,305.9
Colombia,Spinach,2018,442.5
Colombia,Strawberries,2015,2044.3
Colombia,Strawberries,2018,1714.8
Colombia,Sugar cane,2015,26.9
Colombia,"Tangerines, mandarins, clementines",2018,830.5
Colombia,Tomatoes,2015,379.9
Colombia,Tomatoes,2016,237.9
Colombia,Tomatoes,2018,670.7
Colombia,Watermelons,2018,327.2
Colombia,Wheat,2015,281.5
Colombia,Wheat,2017,282.9
Colombia,Yams,2015,347.3
Colombia,Yams,2016,264.0
Colombia,Yams,2017,422.8
Costa Rica,Bananas,2015,423.9
Costa Rica,Bananas,2016,454.7
Costa Rica,Bananas,2017,448.9
Costa Rica,Bananas,2018,453.0
Costa Rica,"Beans, dry",2015,2241.7
Costa Rica,"Beans, dry",2016,1089.5
Costa Rica,"Beans, dry",2017,1255.7
Costa Rica,"Beans, dry",2018,1148.7
Costa Rica,Carrots and turnips,2015,341.1
Costa Rica,Carrots and turnips,2016,353.2
Costa Rica,Carrots and turnips,2017,348.9
Costa Rica,Carrots and turnips,2018,337.3
Costa Rica,"Cassava, fresh",2015,242.9
Costa Rica,"Cassava, fresh",2016,227.6
Costa Rica,"Cassava, fresh",2017,223.8
Costa Rica,"Cassava, fresh",2018,237.2
Costa Rica,Cauliflowers and broccoli,2015,741.3
Costa Rica,Cauliflowers and broccoli,2016,771.5
Costa Rica,Cauliflowers and broccoli,2017,882.8
Costa Rica,Cauliflowers and broccoli,2018,909.7
Costa Rica,"Coffee, green",2015,3469.0
Costa Rica,"Coffee, green",2016,2872.6
Costa Rica,"Coffee, green",2017,3162.7
Costa Rica,"Coffee, green",2018,2971.1
Costa Rica,Cucumbers and gherkins,2015,414.0
Costa Rica,Cucumbers and gherkins,2016,393.3
Costa Rica,Cucumbers and gherkins,2017,407.0
Costa Rica,Cucumbers and gherkins,2018,363.7
Costa Rica,Lettuce and chicory,2015,251.2
Costa Rica,Lettuce and chicory,2016,280.0
Costa Rica,Lettuce and chicory,2017,274.9
Costa Rica,Lettuce and chicory,2018,246.9
Costa Rica,Maize (corn),2015,685.5
Costa Rica,Maize (corn),2016,493.4
Costa Rica,Maize (corn),2017,382.3
Costa Rica,Maize (corn),2018,400.7
Costa Rica,"Meat of cattle with the bone, fresh or chilled (biological)",2015,2202.8
Costa Rica,"Meat of cattle with the bone, fresh or chilled (biological)",2016,2138.3
Costa Rica,"Meat of cattle with the bone, fresh or chilled (biological)",2017,1846.7
Costa Rica,"Meat of cattle with the bone, fresh or chilled (biological)",2018,1641.9
Costa Rica,"Onions and shallots, dry (excluding dehydrated)",2015,716.2
Costa Rica,"Onions and shallots, dry (excluding dehydrated)",2016,1044.8
Costa Rica,"Onions and shallots, dry (excluding dehydrated)",2017,953.3
Costa Rica,"Onions and shallots, dry (excluding dehydrated)",2018,750.4
Costa Rica,Oranges,2015,46.8
Costa Rica,Oranges,2016,50.5
Costa Rica,Papayas,2015,272.1
Costa Rica,Papayas,2016,282.2
Costa Rica,Papayas,2017,322.5
Costa Rica,Papayas,2018,444.0
Costa Rica,Plantains,2015,134.0
Costa Rica,Plantains,2016,130.0
Costa Rica,Plantains,2017,120.0
Costa Rica,Plantains and cooking bananas,2015,134.2
Costa Rica,Plantains and cooking bananas,2016,129.7
Costa Rica,Plantains and cooking bananas,2017,119.8
Costa Rica,Plantains and cooking bananas,2018,130.6
Costa Rica,Potatoes,2015,930.6
Costa Rica,Potatoes,2016,812.5
Costa Rica,Potatoes,2017,935.7
Costa Rica,Potatoes,2018,949.8
Costa Rica,Raw milk of cattle,2016,473.1
Costa Rica,Raw milk of cattle,2017,454.1
Costa Rica,Raw milk of cattle,2018,463.4
Costa Rica,Raw milk of goats,2016,917.9
Costa Rica,Raw milk of goats,2017,881.0
Costa Rica,Raw milk of goats,2018,953.3
Costa Rica,Rice,2015,543.7
Costa Rica,Rice,2016,527.2
Costa Rica,Rice,2017,480.4
Costa Rica,Rice,2018,505.3
Costa Rica,Sweet potatoes,2016,642.5
Costa Rica,Tomatoes,2015,955.5
Costa Rica,Tomatoes,2016,1155.1
Costa Rica,Tomatoes,2017,1300.4
Costa Rica,Tomatoes,2018,993.9
Costa Rica,Unmanufactured tobacco,2015,4500.0
Costa Rica,Unmanufactured tobacco,2016,4999.9
Costa Rica,Watermelons,2016,378.7
Costa Rica,Watermelons,2017,336.6
Costa Rica,Watermelons,2018,393.7
Costa Rica,Yams,2015,974.6
Costa Rica,Yams,2016,674.6
Croatia,"Almonds, in shell",2015,3114.5
Croatia,"Almonds, in shell",2016,2206.4
Croatia,Apples,2015,243.4
Croatia,Apples,2016,329.3
Croatia,Apples,2017,364.5
Croatia,Apples,2018,264.7
Croatia,Apricots,2015,944.5
Croatia,Apricots,2016,715.6
Croatia,Apricots,2017,862.5
Croatia,Apricots,2018,1525.7
Croatia,Barley,2015,174.6
Croatia,Barley,2016,145.5
Croatia,Barley,2017,151.5
Croatia,Barley,2018,176.0
Croatia,"Beans, dry",2015,2504.1
Croatia,"Beans, dry",2016,1076.9
Croatia,"Beans, dry",2017,1231.6
Croatia,"Beans, dry",2018,1341.7
Croatia,Cabbages,2015,238.5
Croatia,Cabbages,2016,185.9
Croatia,Cabbages,2017,213.6
Croatia,Cabbages,2018,278.0
Croatia,Cantaloupes and other melons,2015,419.2
Croatia,Cantaloupes and other melons,2016,389.8
Croatia,Cantaloupes and other melons,2017,407.8
Croatia,Cantaloupes and other melons,2018,351.9
Croatia,Carrots and turnips,2015,223.6
Croatia,Carrots and turnips,2016,231.1
Croatia,Carrots and turnips,2017,233.4
Croatia,Carrots and turnips,2018,453.2
Croatia,Cauliflowers and broccoli,2015,578.0
Croatia,Cauliflowers and broccoli,2016,588.9
Croatia,Cauliflowers and broccoli,2017,562.5
Croatia,Cauliflowers and broccoli,2018,658.8
Croatia,Cherries,2015,1755.4
Croatia,Cherries,2016,2387.0
Croatia,Cherries,2017,1681.8
Croatia,Cherries,2018,2045.8
Croatia,"Chillies and peppers, green (Capsicum spp. and Pimenta spp.)",2015,522.4
Croatia,"Chillies and peppers, green (Capsicum spp. and Pimenta spp.)",2016,476.0
Croatia,"Chillies and peppers, green (Capsicum spp. and Pimenta spp.)",2017,425.5
Croatia,"Chillies and peppers, green (Capsicum spp. and Pimenta spp.)",2018,530.1
Croatia,Cucumbers and gherkins,2015,613.0
Croatia,Cucumbers and gherkins,2016,639.1
Croatia,Cucumbers and gherkins,2017,642.4
Croatia,Cucumbers and gherkins,2018,565.6
Croatia,"Edible roots and tubers with high starch or inulin content, n.e.c., fresh",2015,185.5
Croatia,"Edible roots and tubers with high starch or inulin content, n.e.c., fresh",2016,211.4
Croatia,"Edible roots and tubers with high starch or inulin content, n.e.c., fresh",2017,236.2
Croatia,"Edible roots and tubers with high starch or inulin content, n.e.c., fresh",2018,217.6
Croatia,Figs,2015,1628.9
Croatia,Figs,2016,2273.3
Croatia,Figs,2017,2110.7
Croatia,Figs,2018,1975.2
Croatia,Grapes,2015,675.3
Croatia,Grapes,2016,787.9
Croatia,Grapes,2017,794.7
Croatia,Grapes,2018,786.0
Croatia,Green garlic,2015,2521.0
Croatia,Green garlic,2016,3012.0
Croatia,Green garlic,2017,3319.5
Croatia,Green garlic,2018,3305.9
Croatia,"Hazelnuts, in shell",2015,4046.6
Croatia,"Hazelnuts, in shell",2016,3195.8
Croatia,"Hazelnuts, in shell",2017,2870.0
Croatia,"Hazelnuts, in shell",2018,2547.6
Croatia,"Hen eggs in shell, fresh",2015,1954.0
Croatia,"Hen eggs in shell, fresh",2016,1780.8
Croatia,"Hen eggs in shell, fresh",2017,1897.9
Croatia,"Hen eggs in shell, fresh",2018,1877.1
Croatia,"Horse meat, fresh or chilled (biological)",2015,2094.3
Croatia,"Horse meat, fresh or chilled (biological)",2016,2143.5
Croatia,"Horse meat, fresh or chilled (biological)",2017,2300.2
Croatia,"Horse meat, fresh or chilled (biological)",2018,2523.4
Croatia,Leeks and other alliaceous vegetables,2015,726.4
Croatia,Leeks and other alliaceous vegetables,2016,687.6
Croatia,Leeks and other alliaceous vegetables,2017,708.7
Croatia,Leeks and other alliaceous vegetables,2018,659.4
Croatia,Lemons and limes,2015,950.1
Croatia,Lemons and limes,2016,1105.4
Croatia,Lemons and limes,2017,861.5
Croatia,Lemons and limes,2018,1324.9
Croatia,Lettuce and chicory,2015,697.5
Croatia,Lettuce and chicory,2016,597.7
Croatia,Lettuce and chicory,2017,845.4
Croatia,Lettuce and chicory,2018,767.1
Croatia,Maize (corn),2015,137.8
Croatia,Maize (corn),2016,131.9
Croatia,Maize (corn),2017,154.3
Croatia,Maize (corn),2018,152.2
Croatia,"Meat of cattle with the bone, fresh or chilled (biological)",2015,2129.3
Croatia,"Meat of cattle with the bone, fresh or chilled (biological)",2016,2162.7
Croatia,"Meat of cattle with the bone, fresh or chilled (biological)",2017,2260.3
Croatia,"Meat of cattle with the bone, fresh or chilled (biological)",2018,2386.6
Croatia,"Meat of chickens, fresh or chilled (biological)",2015,1076.2
Croatia,"Meat of chickens, fresh or chilled (biological)",2016,1064.5
Croatia,"Meat of chickens, fresh or chilled (biological)",2017,1088.1
Croatia,"Meat of chickens, fresh or chilled (biological)",2018,1132.8
Croatia,"Meat of ducks, fresh or chilled (biological)",2016,2461.3
Croatia,"Meat of ducks, fresh or chilled (biological)",2017,2435.2
Croatia,"Meat of ducks, fresh or chilled (biological)",2018,2543.0
Croatia,"Meat of goat, fresh or chilled (biological)",2015,3189.1
Croatia,"Meat of goat, fresh or chilled (biological)",2016,3199.4
Croatia,"Meat of goat, fresh or chilled (biological)",2017,3008.8
Croatia,"Meat of goat, fresh or chilled (biological)",2018,3669.4
Croatia,"Meat of pig with the bone, fresh or chilled (biological)",2015,1301.0
Croatia,"Meat of pig with the bone, fresh or chilled (biological)",2016,1327.7
Croatia,"Meat of pig with the bone, fresh or chilled (biological)",2017,1485.6
Croatia,"Meat of pig with the bone, fresh or chilled (biological)",2018,1376.4
Croatia,"Meat of rabbits and hares, fresh or chilled (biological)",2016,2350.6
Croatia,"Meat of rabbits and hares, fresh or chilled (biological)",2017,2429.4
Croatia,"Meat of sheep, fresh or chilled (biological)",2015,2952.3
Croatia,"Meat of sheep, fresh or chilled (biological)",2016,3109.9
Croatia,"Meat of sheep, fresh or chilled (biological)",2017,3026.5
Croatia,"Meat of sheep, fresh or chilled (biological)",2018,3157.1
Croatia,"Meat of turkeys, fresh or chilled (biological)",2015,1213.6
Croatia,"Meat of turkeys, fresh or chilled (biological)",2016,1223.5
Croatia,"Meat of turkeys, fresh or chilled (biological)",2017,1257.2
Croatia,Mushrooms and truffles,2015,2496.6
Croatia,Mushrooms and truffles,2016,2452.6
Croatia,Mushrooms and truffles,2017,2487.3
Croatia,Mushrooms and truffles,2018,2614.4
Croatia,Natural honey,2015,3848.1
Croatia,Natural honey,2016,3614.2
Croatia,Natural honey,2017,3800.8
Croatia,Natural honey,2018,3742.5
Croatia,Oats,2015,155.4
Croatia,Oats,2016,137.9
Croatia,Oats,2017,131.1
Croatia,Oats,2018,144.4
Croatia,Olives,2015,583.2
Croatia,Olives,2016,938.6
Croatia,Olives,2017,1207.8
Croatia,"Onions and shallots, dry (excluding dehydrated)",2015,249.0
Croatia,"Onions and shallots, dry (excluding dehydrated)",2016,211.9
Croatia,"Onions and shallots, dry (excluding dehydrated)",2017,201.6
Croatia,"Onions and shallots, dry (excluding dehydrated)",2018,196.2
Croatia,"Onions and shallots, green",2015,1399.0
Croatia,"Onions and shallots, green",2016,1156.7
Croatia,"Onions and shallots, green",2017,1357.2
Croatia,"Onions and shallots, green",2018,1308.3
Croatia,Oranges,2015,432.1
Croatia,Oranges,2016,477.6
Croatia,Oranges,2017,393.9
Croatia,Oranges,2018,508.4
Croatia,"Other beans, green",2015,1306.9
Croatia,"Other beans, green",2016,1620.2
Croatia,"Other beans, green",2017,1057.3
Croatia,"Other beans, green",2018,864.1
Croatia,Peaches and nectarines,2015,646.1
Croatia,Peaches and nectarines,2016,677.4
Croatia,Peaches and nectarines,2017,661.9
Croatia,Peaches and nectarines,2018,781.8
Croatia,Pears,2015,446.8
Croatia,Pears,2016,505.0
Croatia,Pears,2017,669.6
Croatia,Pears,2018,358.5
Croatia,"Peas, dry",2015,617.2
Croatia,"Peas, dry",2016,293.9
Croatia,"Peas, dry",2017,296.3
Croatia,"Peas, green",2015,322.4
Croatia,"Peas, green",2016,358.5
Croatia,"Peas, green",2017,356.1
Croatia,"Peas, green",2018,347.3
Croatia,Plums and sloes,2015,364.7
Croatia,Plums and sloes,2016,315.7
Croatia,Plums and sloes,2017,453.5
Croatia,Plums and sloes,2018,487.8
Croatia,Potatoes,2015,177.1
Croatia,Potatoes,2016,200.4
Croatia,Potatoes,2017,194.6
Croatia,Potatoes,2018,238.0
Croatia,Rape or colza seed,2015,383.6
Croatia,Rape or colza seed,2016,349.5
Croatia,Rape or colza seed,2017,360.8
Croatia,Rape or colza seed,2018,368.1
Croatia,Raw milk of cattle,2015,361.7
Croatia,Raw milk of cattle,2016,329.5
Croatia,Raw milk of cattle,2017,356.7
Croatia,Raw milk of cattle,2018,389.8
Croatia,Raw milk of goats,2015,651.0
Croatia,Raw milk of goats,2016,659.8
Croatia,Raw milk of goats,2017,676.8
Croatia,Raw milk of goats,2018,739.2
Croatia,Raw milk of sheep,2015,1482.8
Croatia,Raw milk of sheep,2016,1481.9
Croatia,Raw milk of sheep,2017,1517.0
Croatia,Raw milk of sheep,2018,1561.3
Croatia,Rye,2015,169.6
Croatia,Rye,2016,131.5
Croatia,Rye,2017,167.2
Croatia,Rye,2018,177.6
Croatia,Sour cherries,2015,411.8
Croatia,Sour cherries,2016,364.7
Croatia,Sour cherries,2017,400.9
Croatia,Sour cherries,2018,505.5
Croatia,Soya beans,2015,350.8
Croatia,Soya beans,2016,341.9
Croatia,Soya beans,2017,403.9
Croatia,Soya beans,2018,358.4
Croatia,Strawberries,2015,1711.9
Croatia,Strawberries,2016,1959.9
Croatia,Strawberries,2017,2325.6
Croatia,Strawberries,2018,2101.2
Croatia,Sugar beet,2015,30.8
Croatia,Sugar beet,2016,38.5
Croatia,Sugar beet,2017,41.7
Croatia,Sugar beet,2018,32.2
Croatia,Sunflower seed,2015,352.6
Croatia,Sunflower seed,2016,324.9
Croatia,Sunflower seed,2017,333.1
Croatia,Sunflower seed,2018,296.8
Croatia,"Tangerines, mandarins, clementines",2015,415.1
Croatia,"Tangerines, mandarins, clementines",2016,254.6
Croatia,"Tangerines, mandarins, clementines",2017,523.1
Croatia,"Tangerines, mandarins, clementines",2018,321.2
Croatia,Tomatoes,2015,487.4
Croatia,Tomatoes,2016,510.7
Croatia,Tomatoes,2017,441.0
Croatia,Tomatoes,2018,348.7
Croatia,Triticale,2015,153.0
Croatia,Triticale,2016,135.3
Croatia,Triticale,2017,144.7
Croatia,Triticale,2018,154.5
Croatia,Unmanufactured tobacco,2015,1236.7
Croatia,Unmanufactured tobacco,2016,1292.3
Croatia,Unmanufactured tobacco,2017,1812.7
Croatia,Unmanufactured tobacco,2018,2099.5
Croatia,"Walnuts, in shell",2015,2770.6
Croatia,"Walnuts, in shell",2016,2149.2
Croatia,"Walnuts, in shell",2017,2335.0
Croatia,"Walnuts, in shell",2018,2416.7
Croatia,Watermelons,2015,226.1
Croatia,Watermelons,2016,183.9
Croatia,Watermelons,2017,172.3
Croatia,Watermelons,2018,186.5
Croatia,Wheat,2015,169.1
Croatia,Wheat,2016,135.0
Croatia,Wheat,2017,156.5
Croatia,Wheat,2018,172.6
Cyprus,"Almonds, in shell",2015,1292.1
Cyprus,"Almonds, in shell",2016,1206.8
Cyprus,"Almonds, in shell",2017,1159.1
Cyprus,"Almonds, in shell",2018,1216.5
Cyprus,Apples,2015,779.7
Cyprus,Apples,2016,766.6
Cyprus,Apples,2017,1014.5
Cyprus,Apples,2018,1010.2
Cyprus,Apricots,2015,1632.5
Cyprus,Apricots,2016,1226.7
Cyprus,Apricots,2017,1289.0
Cyprus,Apricots,2018,1390.3
Cyprus,Artichokes,2015,542.3
Cyprus,Artichokes,2016,547.5
Cyprus,Artichokes,2017,665.4
Cyprus,Artichokes,2018,615.6
Cyprus,Avocados,2015,1340.9
Cyprus,Avocados,2016,1349.5
Cyprus,Avocados,2017,1642.6
Cyprus,Avocados,2018,1538.2
Cyprus,Bananas,2015,409.2
Cyprus,Bananas,2016,351.8
Cyprus,Bananas,2017,525.3
Cyprus,Bananas,2018,463.4
Cyprus,Barley,2015,206.3
Cyprus,Barley,2016,328.5
Cyprus,Barley,2017,195.4
Cyprus,Barley,2018,223.2
Cyprus,"Beans, dry",2015,2782.6
Cyprus,"Beans, dry",2016,2699.0
Cyprus,"Beans, dry",2017,2296.6
Cyprus,"Beans, dry",2018,2481.4
Cyprus,"Broad beans and horse beans, dry",2015,1335.3
Cyprus,"Broad beans and horse beans, dry",2016,1381.6
Cyprus,"Broad beans and horse beans, dry",2017,1258.5
Cyprus,"Broad beans and horse beans, dry",2018,1207.9
Cyprus,"Broad beans and horse beans, green",2015,1245.5
Cyprus,"Broad beans and horse beans, green",2016,1098.4
Cyprus,"Broad beans and horse beans, green",2017,1077.7
Cyprus,"Broad beans and horse beans, green",2018,1041.4
Cyprus,Cabbages,2015,356.0
Cyprus,Cabbages,2016,356.2
Cyprus,Cabbages,2017,432.7
Cyprus,Cabbages,2018,446.8
Cyprus,Cantaloupes and other melons,2015,280.6
Cyprus,Cantaloupes and other melons,2016,409.3
Cyprus,Cantaloupes and other melons,2017,477.9
Cyprus,Cantaloupes and other melons,2018,627.0
Cyprus,Carrots and turnips,2015,388.2
Cyprus,Carrots and turnips,2016,412.6
Cyprus,Carrots and turnips,2017,388.6
Cyprus,Carrots and turnips,2018,467.9
Cyprus,Cauliflowers and broccoli,2015,647.7
Cyprus,Cauliflowers and broccoli,2016,652.6
Cyprus,Cauliflowers and broccoli,2017,674.4
Cyprus,Cauliflowers and broccoli,2018,796.6
Cyprus,Cherries,2015,4792.3
Cyprus,Cherries,2016,6260.8
Cyprus,Cherries,2017,5457.5
Cyprus,Cherries,2018,5654.4
Cyprus,"Chick peas, dry",2015,1978.6
Cyprus,"Chick peas, dry",2016,3871.5
Cyprus,"Chick peas, dry",2017,3339.3
Cyprus,"Chick peas, dry",2018,3536.8
Cyprus,"Chillies and peppers, green (Capsicum spp. and Pimenta spp.)",2015,951.6
Cyprus,"Chillies and peppers, green (Capsicum spp. and Pimenta spp.)",2016,779.8
Cyprus,"Chillies and peppers, green (Capsicum spp. and Pimenta spp.)",2017,1046.1
Cyprus,"Chillies and peppers, green (Capsicum spp. and Pimenta spp.)",2018,1088.4
Cyprus,"Cow peas, dry",2015,4319.8
Cyprus,"Cow peas, dry",2016,4486.6
Cyprus,"Cow peas, dry",2017,4488.8
Cyprus,"Cow peas, dry",2018,5360.1
Cyprus,Cucumbers and gherkins,2015,685.4
Cyprus,Cucumbers and gherkins,2016,677.0
Cyprus,Cucumbers and gherkins,2017,843.9
Cyprus,Cucumbers and gherkins,2018,822.1
Cyprus,Eggplants (aubergines),2015,583.4
Cyprus,Eggplants (aubergines),2016,469.0
Cyprus,Eggplants (aubergines),2017,666.6
Cyprus,Eggplants (aubergines),2018,750.6
Cyprus,Figs,2015,2126.1
Cyprus,Figs,2016,1947.9
Cyprus,Figs,2017,1967.9
Cyprus,Figs,2018,2165.3
Cyprus,"Game meat, fresh, chilled or frozen",2015,19255.6
Cyprus,"Game meat, fresh, chilled or frozen",2016,27714.6
Cyprus,Grapes,2015,398.2
Cyprus,Grapes,2016,440.2
Cyprus,Grapes,2017,461.7
Cyprus,Grapes,2018,492.9
Cyprus,"Groundnuts, excluding shelled",2015,2022.9
Cyprus,"Groundnuts, excluding shelled",2016,3496.5
Cyprus,"Groundnuts, excluding shelled",2017,2309.1
Cyprus,"Groundnuts, excluding shelled",2018,1953.4
Cyprus,"Hazelnuts, in shell",2015,3219.6
Cyprus,"Hazelnuts, in shell",2016,3717.8
Cyprus,"Hazelnuts, in shell",2017,3756.2
Cyprus,"Hazelnuts, in shell",2018,3682.6
Cyprus,"Hen eggs in shell, fresh",2015,1958.6
Cyprus,"Hen eggs in shell, fresh",2016,1946.8
Cyprus,"Hen eggs in shell, fresh",2017,1992.8
Cyprus,"Hen eggs in shell, fresh",2018,1963.9
Cyprus,Kiwi fruit,2015,821.8
Cyprus,Kiwi fruit,2016,576.3
Cyprus,Kiwi fruit,2017,652.3
Cyprus,Kiwi fruit,2018,681.1
Cyprus,Lemons and limes,2015,254.0
Cyprus,Lemons and limes,2016,304.2
Cyprus,Lemons and limes,2017,329.9
Cyprus,Lemons and limes,2018,347.3
Cyprus,"Lentils, dry",2015,1485.0
Cyprus,"Lentils, dry",2016,1769.8
Cyprus,"Lentils, dry",2017,1762.3
Cyprus,"Lentils, dry",2018,1838.0
Cyprus,Lettuce and chicory,2015,878.4
Cyprus,Lettuce and chicory,2016,765.5
Cyprus,Lettuce and chicory,2017,880.2
Cyprus,Lettuce and chicory,2018,1209.8
Cyprus,Locust beans (carobs),2015,409.2
Cyprus,Locust beans (carobs),2016,383.8
Cyprus,Locust beans (carobs),2017,379.6
Cyprus,Locust beans (carobs),2018,377.3
Cyprus,"Meat of cattle with the bone, fresh or chilled",2015,3204.1
Cyprus,"Meat of cattle with the bone, fresh or chilled",2016,3116.0
Cyprus,"Meat of cattle with the bone, fresh or chilled",2017,3176.7
Cyprus,"Meat of cattle with the bone, fresh or chilled",2018,3370.0
Cyprus,"Meat of chickens, fresh or chilled",2015,2834.8
Cyprus,"Meat of chickens, fresh or chilled",2016,2811.8
Cyprus,"Meat of chickens, fresh or chilled",2017,2869.4
Cyprus,"Meat of chickens, fresh or chilled",2018,2973.1
Cyprus,"Meat of goat, fresh or chilled",2015,5077.3
Cyprus,"Meat of goat, fresh or chilled",2016,4888.1
Cyprus,"Meat of goat, fresh or chilled",2017,5378.4
Cyprus,"Meat of goat, fresh or chilled",2018,5305.9
Cyprus,"Meat of pig with the bone, fresh or chilled",2015,1883.2
Cyprus,"Meat of pig with the bone, fresh or chilled",2016,1928.0
Cyprus,"Meat of pig with the bone, fresh or chilled",2017,2185.9
Cyprus,"Meat of pig with the bone, fresh or chilled",2018,2205.7
Cyprus,"Meat of rabbits and hares, fresh or chilled",2015,6854.0
Cyprus,"Meat of rabbits and hares, fresh or chilled",2016,7112.6
Cyprus,"Meat of rabbits and hares, fresh or chilled",2017,7117.0
Cyprus,"Meat of rabbits and hares, fresh or chilled",2018,7664.4
Cyprus,"Meat of sheep, fresh or chilled",2015,4981.9
Cyprus,"Meat of sheep, fresh or chilled",2016,4829.5
Cyprus,"Meat of sheep, fresh or chilled",2017,5256.4
Cyprus,"Meat of sheep, fresh or chilled",2018,5265.4
Cyprus,Mushrooms and truffles,2015,3001.1
Cyprus,Mushrooms and truffles,2016,2986.6
Cyprus,Mushrooms and truffles,2017,2779.0
Cyprus,Mushrooms and truffles,2018,3139.0
Cyprus,Natural honey,2015,6099.9
Cyprus,Natural honey,2016,7299.5
Cyprus,Natural honey,2017,6416.6
Cyprus,Natural honey,2018,6542.5
Cyprus,Oats,2015,329.4
Cyprus,Oats,2016,403.7
Cyprus,Oats,2017,344.6
Cyprus,Oats,2018,374.6
Cyprus,Okra,2015,1126.8
Cyprus,Okra,2016,1362.8
Cyprus,Okra,2017,1392.9
Cyprus,Okra,2018,1311.6
Cyprus,Olives,2015,856.2
Cyprus,Olives,2016,902.6
Cyprus,Olives,2017,1197.5
Cyprus,Olives,2018,1034.8
Cyprus,"Onions and shallots, dry (excluding dehydrated)",2015,236.2
Cyprus,"Onions and shallots, dry (excluding dehydrated)",2016,251.1
Cyprus,"Onions and shallots, dry (excluding dehydrated)",2017,289.2
Cyprus,"Onions and shallots, dry (excluding dehydrated)",2018,353.9
Cyprus,"Onions and shallots, green",2015,1644.7
Cyprus,"Onions and shallots, green",2016,1640.4
Cyprus,"Onions and shallots, green",2017,4462.2
Cyprus,"Onions and shallots, green",2018,4192.4
Cyprus,Oranges,2015,239.6
Cyprus,Oranges,2016,205.7
Cyprus,Oranges,2017,281.3
Cyprus,Oranges,2018,238.4
Cyprus,"Other beans, green",2015,1882.1
Cyprus,"Other beans, green",2016,1925.8
Cyprus,"Other beans, green",2017,2117.0
Cyprus,"Other beans, green",2018,2175.4
Cyprus,"Other fruits, n.e.c.",2015,977.1
Cyprus,Other pulses n.e.c.,2015,1177.8
Cyprus,Other pulses n.e.c.,2016,1174.7
Cyprus,Other pulses n.e.c.,2017,1373.7
Cyprus,Other pulses n.e.c.,2018,1346.3
Cyprus,"Other vegetables, fresh n.e.c.",2015,597.8
Cyprus,Peaches and nectarines,2015,1081.3
Cyprus,Peaches and nectarines,2016,884.9
Cyprus,Peaches and nectarines,2017,1127.4
Cyprus,Peaches and nectarines,2018,1292.3
Cyprus,Pears,2015,1245.5
Cyprus,Pears,2016,783.2
Cyprus,Pears,2017,1198.6
Cyprus,Pears,2018,1402.3
Cyprus,"Peas, green",2015,1680.2
Cyprus,"Peas, green",2016,1952.4
Cyprus,"Peas, green",2017,2045.9
Cyprus,"Peas, green",2018,2151.8
Cyprus,"Pistachios, in shell",2015,3908.4
Cyprus,"Pistachios, in shell",2016,5619.3
Cyprus,"Pistachios, in shell",2017,5986.5
Cyprus,"Pistachios, in shell",2018,6261.8
Cyprus,Plums and sloes,2015,1163.4
Cyprus,Plums and sloes,2016,963.5
Cyprus,Plums and sloes,2017,1148.9
Cyprus,Plums and sloes,2018,1086.8
Cyprus,Pomelos and grapefruits,2015,219.6
Cyprus,Pomelos and grapefruits,2016,300.9
Cyprus,Pomelos and grapefruits,2017,275.6
Cyprus,Pomelos and grapefruits,2018,330.3
Cyprus,Potatoes,2015,398.2
Cyprus,Potatoes,2016,392.7
Cyprus,Potatoes,2017,376.9
Cyprus,Potatoes,2018,420.1
Cyprus,"Pumpkins, squash and gourds",2015,621.1
Cyprus,"Pumpkins, squash and gourds",2016,637.1
Cyprus,"Pumpkins, squash and gourds",2017,794.2
Cyprus,"Pumpkins, squash and gourds",2018,852.9
Cyprus,Quinces,2015,1109.1
Cyprus,Quinces,2016,884.9
Cyprus,Quinces,2017,825.8
Cyprus,Quinces,2018,820.1
Cyprus,Raw milk of cattle,2015,621.1
Cyprus,Raw milk of cattle,2016,641.6
Cyprus,Raw milk of cattle,2017,631.3
Cyprus,Raw milk of cattle,2018,660.6
Cyprus,Raw milk of goats,2015,698.7
Cyprus,Raw milk of goats,2016,696.9
Cyprus,Raw milk of goats,2017,722.8
Cyprus,Raw milk of goats,2018,754.6
Cyprus,Raw milk of sheep,2015,1109.1
Cyprus,Raw milk of sheep,2016,1095.1
Cyprus,Raw milk of sheep,2017,1154.4
Cyprus,Raw milk of sheep,2018,1218.2
Cyprus,Sesame seed,2015,3078.8
Cyprus,Sesame seed,2016,2024.3
Cyprus,Sesame seed,2017,5395.4
Cyprus,Sesame seed,2018,3909.8
Cyprus,"Shorn wool, greasy, including fleece-washed shorn wool",2015,232.9
Cyprus,"Shorn wool, greasy, including fleece-washed shorn wool",2016,243.4
Cyprus,"Shorn wool, greasy, including fleece-washed shorn wool",2017,242.0
Cyprus,"Shorn wool, greasy, including fleece-washed shorn wool",2018,179.4
Cyprus,Spinach,2015,1159.0
Cyprus,Spinach,2016,839.6
Cyprus,Spinach,2017,856.5
Cyprus,Spinach,2018,981.3
Cyprus,Strawberries,2015,1796.7
Cyprus,Strawberries,2016,1521.0
Cyprus,Strawberries,2017,2216.5
Cyprus,Strawberries,2018,2174.6
Cyprus,"Tangerines, mandarins, clementines",2015,562.3
Cyprus,"Tangerines, mandarins, clementines",2016,329.6
Cyprus,"Tangerines, mandarins, clementines",2017,392.0
Cyprus,"Tangerines, mandarins, clementines",2018,363.9
Cyprus,Taro,2015,824.0
Cyprus,Taro,2016,783.2
Cyprus,Taro,2017,831.4
Cyprus,Taro,2018,1392.7
Cyprus,Tomatoes,2015,631.1
Cyprus,Tomatoes,2016,887.1
Cyprus,Tomatoes,2017,829.2
Cyprus,Tomatoes,2018,959.5
Cyprus,Triticale,2015,214.0
Cyprus,Triticale,2016,211.3
Cyprus,Triticale,2017,296.0
Cyprus,Triticale,2018,263.4
Cyprus,Vetches,2015,754.2
Cyprus,Vetches,2016,912.6
Cyprus,Vetches,2017,773.6
Cyprus,Vetches,2018,889.5
Cyprus,"Walnuts, in shell",2015,5422.2
Cyprus,"Walnuts, in shell",2016,7751.9
Cyprus,"Walnuts, in shell",2017,7697.6
Cyprus,"Walnuts, in shell",2018,8231.4
Cyprus,Watermelons,2015,183.0
Cyprus,Watermelons,2016,306.4
Cyprus,Watermelons,2017,281.3
Cyprus,Watermelons,2018,357.2
Cyprus,Wheat,2015,275.0
Cyprus,Wheat,2016,345.1
Cyprus,Wheat,2017,246.3
Cyprus,Wheat,2018,307.4
Czechia,Apples,2015,270.3
Czechia,Apples,2016,267.9
Czechia,Apples,2017,399.8
Czechia,Apples,2018,351.8
Czechia,Apricots,2015,903.5
Czechia,Apricots,2016,1131.3
Czechia,Apricots,2017,1122.2
Czechia,Apricots,2018,1009.7
Czechia,Barley,2015,179.4
Czechia,Barley,2016,164.0
Czechia,Barley,2017,171.6
Czechia,Barley,2018,200.1
Czechia,Cabbages,2015,271.5
Czechia,Cabbages,2016,290.3
Czechia,Cabbages,2017,214.7
Czechia,Cabbages,2018,324.1
Czechia,Carrots and turnips,2015,327.1
Czechia,Carrots and turnips,2016,311.3
Czechia,Carrots and turnips,2017,290.5
Czechia,Carrots and turnips,2018,430.4
Czechia,Cauliflowers and broccoli,2015,557.2
Czechia,Cauliflowers and broccoli,2016,631.6
Czechia,Cauliflowers and broccoli,2017,688.5
Czechia,Cauliflowers and broccoli,2018,773.9
Czechia,Cherries,2015,1570.7
Czechia,Cherries,2016,1703.0
Czechia,Cherries,2017,1720.0
Czechia,Cherries,2018,1579.1
Czechia,"Chillies and peppers, green (Capsicum spp. and Pimenta spp.)",2015,933.1
Czechia,"Chillies and peppers, green (Capsicum spp. and Pimenta spp.)",2016,806.2
Czechia,"Chillies and peppers, green (Capsicum spp. and Pimenta spp.)",2017,961.3
Czechia,"Chillies and peppers, green (Capsicum spp. and Pimenta spp.)",2018,967.7
Czechia,Cucumbers and gherkins,2015,802.7
Czechia,Cucumbers and gherkins,2016,817.1
Czechia,Cucumbers and gherkins,2017,794.9
Czechia,Cucumbers and gherkins,2018,1050.9
Czechia,Currants,2015,356.0
Czechia,Currants,2016,515.8
Czechia,Grapes,2015,727.5
Czechia,Grapes,2016,800.4
Czechia,Green garlic,2015,5493.8
Czechia,Green garlic,2016,5229.6
Czechia,Green garlic,2017,4902.9
Czechia,Green garlic,2018,4212.5
Czechia,"Hen eggs in shell, fresh",2015,1342.0
Czechia,"Hen eggs in shell, fresh",2016,1246.9
Czechia,"Hen eggs in shell, fresh",2017,1583.8
Czechia,"Hen eggs in shell, fresh",2018,1539.6
Czechia,Hop cones,2015,7741.0
Czechia,Hop cones,2016,8567.5
Czechia,Hop cones,2017,9321.8
Czechia,Hop cones,2018,10345.1
Czechia,Lettuce and chicory,2015,1264.5
Czechia,Lettuce and chicory,2016,1296.3
Czechia,Lettuce and chicory,2017,1310.1
Czechia,Lettuce and chicory,2018,1419.2
Czechia,Linseed,2015,730.2
Czechia,Linseed,2016,713.3
Czechia,Linseed,2017,654.9
Czechia,Linseed,2018,621.5
Czechia,Maize (corn),2015,153.7
Czechia,Maize (corn),2016,159.6
Czechia,Maize (corn),2017,161.7
Czechia,Maize (corn),2018,185.0
Czechia,"Meat of cattle with the bone, fresh or chilled",2015,2983.4
Czechia,"Meat of cattle with the bone, fresh or chilled",2016,3010.7
Czechia,"Meat of cattle with the bone, fresh or chilled (biological)",2015,1687.5
Czechia,"Meat of cattle with the bone, fresh or chilled (biological)",2016,1684.7
Czechia,"Meat of cattle with the bone, fresh or chilled (biological)",2017,1770.7
Czechia,"Meat of cattle with the bone, fresh or chilled (biological)",2018,1907.9
Czechia,"Meat of chickens, fresh or chilled (biological)",2015,964.8
Czechia,"Meat of chickens, fresh or chilled (biological)",2016,960.3
Czechia,"Meat of chickens, fresh or chilled (biological)",2017,993.7
Czechia,"Meat of chickens, fresh or chilled (biological)",2018,1059.8
Czechia,"Meat of ducks, fresh or chilled (biological)",2015,1191.8
Czechia,"Meat of ducks, fresh or chilled (biological)",2016,1212.5
Czechia,"Meat of ducks, fresh or chilled (biological)",2017,1249.9
Czechia,"Meat of ducks, fresh or chilled (biological)",2018,1337.2
Czechia,"Meat of pig with the bone, fresh or chilled",2015,1522.2
Czechia,"Meat of pig with the bone, fresh or chilled",2016,1520.9
Czechia,"Meat of pig with the bone, fresh or chilled (biological)",2015,1179.9
Czechia,"Meat of pig with the bone, fresh or chilled (biological)",2016,1197.3
Czechia,"Meat of pig with the bone, fresh or chilled (biological)",2017,1391.0
Czechia,"Meat of pig with the bone, fresh or chilled (biological)",2018,1255.0
Czechia,"Meat of sheep, fresh or chilled (biological)",2015,2081.8
Czechia,"Meat of sheep, fresh or chilled (biological)",2016,2061.0
Czechia,"Meat of sheep, fresh or chilled (biological)",2017,2138.9
Czechia,"Meat of turkeys, fresh or chilled (biological)",2015,1600.9
Czechia,"Meat of turkeys, fresh or chilled (biological)",2016,1447.4
Czechia,"Meat of turkeys, fresh or chilled (biological)",2017,1394.9
Czechia,"Meat of turkeys, fresh or chilled (biological)",2018,1441.6
Czechia,Mushrooms and truffles,2015,1690.3
Czechia,Mushrooms and truffles,2016,1709.6
Czechia,Mushrooms and truffles,2017,1763.5
Czechia,Mushrooms and truffles,2018,1841.2
Czechia,Mustard seed,2015,663.7
Czechia,Mustard seed,2016,627.6
Czechia,Mustard seed,2017,644.2
Czechia,Mustard seed,2018,715.8
Czechia,Oats,2015,180.4
Czechia,Oats,2016,164.4
Czechia,Oats,2017,242.0
Czechia,Oats,2018,262.4
Czechia,"Onions and shallots, dry (excluding dehydrated)",2015,267.8
Czechia,"Onions and shallots, dry (excluding dehydrated)",2016,319.2
Czechia,"Onions and shallots, dry (excluding dehydrated)",2017,243.5
Czechia,"Onions and shallots, dry (excluding dehydrated)",2018,353.1
Czechia,Peaches and nectarines,2015,559.6
Czechia,Peaches and nectarines,2016,777.6
Czechia,Peaches and nectarines,2017,974.4
Czechia,Peaches and nectarines,2018,756.2
Czechia,Pears,2015,462.7
Czechia,Pears,2016,588.3
Czechia,Pears,2017,659.9
Czechia,Pears,2018,515.0
Czechia,"Peas, dry",2015,272.2
Czechia,"Peas, dry",2016,238.8
Czechia,"Peas, dry",2017,214.2
Czechia,"Peas, dry",2018,293.4
Czechia,Plums and sloes,2015,489.0
Czechia,Plums and sloes,2016,469.2
Czechia,Plums and sloes,2017,656.3
Czechia,Plums and sloes,2018,431.7
Czechia,Poppy seed,2015,1784.2
Czechia,Poppy seed,2016,1365.3
Czechia,Poppy seed,2017,1487.0
Czechia,Poppy seed,2018,2847.8
Czechia,Potatoes,2015,199.8
Czechia,Potatoes,2016,233.1
Czechia,Potatoes,2017,207.7
Czechia,Potatoes,2018,231.8
Czechia,Rape or colza seed,2015,400.8
Czechia,Rape or colza seed,2016,414.4
Czechia,Rape or colza seed,2017,452.3
Czechia,Rape or colza seed,2018,427.2
Czechia,Raw milk of cattle,2015,319.6
Czechia,Raw milk of cattle,2016,274.5
Czechia,Raw milk of cattle,2017,360.9
Czechia,Raw milk of cattle,2018,396.6
Czechia,Rye,2015,159.2
Czechia,Rye,2016,153.5
Czechia,Rye,2017,164.2
Czechia,Rye,2018,192.1
Czechia,Sour cherries,2015,461.6
Czechia,Sour cherries,2016,494.9
Czechia,Sour cherries,2017,811.8
Czechia,Sour cherries,2018,397.9
Czechia,Strawberries,2015,2588.2
Czechia,Strawberries,2016,2775.5
Czechia,Strawberries,2017,3307.8
Czechia,Strawberries,2018,4120.5
Czechia,Sugar beet,2015,34.6
Czechia,Sugar beet,2016,34.9
Czechia,Sugar beet,2017,34.6
Czechia,Sugar beet,2018,37.7
Czechia,Sunflower seed,2015,361.5
Czechia,Sunflower seed,2016,391.4
Czechia,Sunflower seed,2017,382.1
Czechia,Sunflower seed,2018,362.4
Czechia,Tomatoes,2015,968.5
Czechia,Tomatoes,2016,1007.2
Czechia,Tomatoes,2017,855.2
Czechia,Tomatoes,2018,1046.0
Czechia,Triticale,2015,143.1
Czechia,Triticale,2016,138.1
Czechia,Triticale,2017,141.7
Czechia,Triticale,2018,166.5
Czechia,"Walnuts, in shell",2015,2134.3
Czechia,Wheat,2015,167.9
Czechia,Wheat,2016,148.1
Czechia,Wheat,2017,159.9
Czechia,Wheat,2018,184.1
Denmark,Apples,2015,511.7
Denmark,Apples,2016,464.8
Denmark,Apples,2017,461.2
Denmark,Apples,2018,538.0
Denmark,Barley,2015,178.5
Denmark,Barley,2016,154.5
Denmark,Barley,2017,166.3
Denmark,Barley,2018,203.5
Denmark,Cabbages,2015,302.6
Denmark,Cabbages,2016,295.0
Denmark,Cabbages,2017,388.9
Denmark,Cabbages,2018,362.5
Denmark,Carrots and turnips,2015,619.5
Denmark,Carrots and turnips,2016,660.2
Denmark,Carrots and turnips,2017,433.0
Denmark,Carrots and turnips,2018,568.7
Denmark,Cauliflowers and broccoli,2015,899.5
Denmark,Cauliflowers and broccoli,2016,825.8
Denmark,Cauliflowers and broccoli,2017,1005.8
Denmark,Cauliflowers and broccoli,2018,1144.8
Denmark,Cherries,2015,5902.4
Denmark,Cherries,2016,3859.0
Denmark,Cherries,2017,3248.9
Denmark,Cherries,2018,3292.0
Denmark,Cucumbers and gherkins,2015,1382.0
Denmark,Cucumbers and gherkins,2016,1558.1
Denmark,Cucumbers and gherkins,2017,1582.0
Denmark,Cucumbers and gherkins,2018,1734.1
Denmark,Currants,2015,1114.8
Denmark,Currants,2016,1129.0
Denmark,Currants,2017,1305.5
Denmark,Currants,2018,1266.9
Denmark,"Hen eggs in shell, fresh",2015,1625.3
Denmark,"Hen eggs in shell, fresh",2016,1626.2
Denmark,"Hen eggs in shell, fresh",2017,1702.1
Denmark,"Hen eggs in shell, fresh",2018,1832.9
Denmark,"Horse meat, fresh or chilled",2015,1107.9
Denmark,"Horse meat, fresh or chilled",2016,1259.0
Denmark,"Horse meat, fresh or chilled",2017,1282.3
Denmark,"Horse meat, fresh or chilled",2018,1422.4
Denmark,Leeks and other alliaceous vegetables,2015,1061.5
Denmark,Leeks and other alliaceous vegetables,2016,1129.1
Denmark,Leeks and other alliaceous vegetables,2017,1266.3
Denmark,Leeks and other alliaceous vegetables,2018,1467.7
Denmark,Lettuce and chicory,2015,522.5
Denmark,Lettuce and chicory,2016,853.9
Denmark,Lettuce and chicory,2017,1273.1
Denmark,Lettuce and chicory,2018,1589.0
Denmark,"Meat of cattle with the bone, fresh or chilled",2015,3264.6
Denmark,"Meat of cattle with the bone, fresh or chilled",2016,3070.1
Denmark,"Meat of cattle with the bone, fresh or chilled",2017,3305.8
Denmark,"Meat of cattle with the bone, fresh or chilled",2018,3480.0
Denmark,"Meat of cattle with the bone, fresh or chilled (biological)",2015,1995.4
Denmark,"Meat of cattle with the bone, fresh or chilled (biological)",2016,1883.6
Denmark,"Meat of cattle with the bone, fresh or chilled (biological)",2017,1919.5
Denmark,"Meat of cattle with the bone, fresh or chilled (biological)",2018,2001.2
Denmark,"Meat of chickens, fresh or chilled",2015,1188.2
Denmark,"Meat of chickens, fresh or chilled",2016,1192.9
Denmark,"Meat of chickens, fresh or chilled",2017,1200.1
Denmark,"Meat of chickens, fresh or chilled",2018,1341.8
Denmark,"Meat of chickens, fresh or chilled (biological)",2015,935.2
Denmark,"Meat of chickens, fresh or chilled (biological)",2016,923.8
Denmark,"Meat of chickens, fresh or chilled (biological)",2017,923.8
Denmark,"Meat of chickens, fresh or chilled (biological)",2018,976.6
Denmark,"Meat of pig with the bone, fresh or chilled",2015,1517.7
Denmark,"Meat of pig with the bone, fresh or chilled",2016,1662.4
Denmark,"Meat of pig with the bone, fresh or chilled",2017,1894.8
Denmark,"Meat of pig with the bone, fresh or chilled",2018,1633.2
Denmark,"Meat of pig with the bone, fresh or chilled (biological)",2015,989.2
Denmark,"Meat of pig with the bone, fresh or chilled (biological)",2016,1042.5
Denmark,"Meat of pig with the bone, fresh or chilled (biological)",2017,1155.4
Denmark,"Meat of pig with the bone, fresh or chilled (biological)",2018,1016.4
Denmark,"Meat of sheep, fresh or chilled",2015,3685.4
Denmark,"Meat of sheep, fresh or chilled",2016,3784.8
Denmark,"Meat of sheep, fresh or chilled",2017,3782.1
Denmark,"Meat of sheep, fresh or chilled",2018,3954.8
Denmark,"Meat of sheep, fresh or chilled (biological)",2015,2091.4
Denmark,"Meat of sheep, fresh or chilled (biological)",2016,2119.7
Denmark,"Meat of sheep, fresh or chilled (biological)",2017,2086.7
Denmark,"Meat of sheep, fresh or chilled (biological)",2018,2247.6
Denmark,Mushrooms and truffles,2015,3748.3
Denmark,Mushrooms and truffles,2016,3794.9
Denmark,Mushrooms and truffles,2017,3917.5
Denmark,Mushrooms and truffles,2018,3992.6
Denmark,Oats,2015,156.8
Denmark,Oats,2016,141.1
Denmark,Oats,2017,148.4
Denmark,Oats,2018,192.3
Denmark,"Onions and shallots, dry (excluding dehydrated)",2015,303.8
Denmark,"Onions and shallots, dry (excluding dehydrated)",2016,271.1
Denmark,"Onions and shallots, dry (excluding dehydrated)",2017,273.8
Denmark,"Onions and shallots, dry (excluding dehydrated)",2018,307.1
Denmark,Pears,2015,636.9
Denmark,Pears,2016,752.9
Denmark,Pears,2017,796.0
Denmark,Pears,2018,815.7
Denmark,"Peas, dry",2015,213.3
Denmark,"Peas, dry",2016,202.0
Denmark,"Peas, dry",2017,207.0
Denmark,"Peas, dry",2018,259.1
Denmark,Plums and sloes,2015,2179.0
Denmark,Plums and sloes,2016,1760.6
Denmark,Plums and sloes,2017,2265.4
Denmark,Plums and sloes,2018,1760.2
Denmark,Potatoes,2015,278.7
Denmark,Potatoes,2016,257.9
Denmark,Potatoes,2017,285.8
Denmark,Potatoes,2018,245.0
Denmark,Rape or colza seed,2015,386.3
Denmark,Rape or colza seed,2016,397.8
Denmark,Rape or colza seed,2017,415.6
Denmark,Rape or colza seed,2018,425.7
Denmark,Raspberries,2015,9047.7
Denmark,Raspberries,2016,10286.1
Denmark,Raspberries,2017,10970.5
Denmark,Raspberries,2018,11278.0
Denmark,Raw milk of cattle,2015,358.8
Denmark,Raw milk of cattle,2016,349.5
Denmark,Raw milk of cattle,2017,446.2
Denmark,Raw milk of cattle,2018,452.8
Denmark,Rye,2015,146.1
Denmark,Rye,2016,137.0
Denmark,Rye,2017,151.0
Denmark,Rye,2018,188.9
Denmark,Sour cherries,2015,417.7
Denmark,Sour cherries,2016,221.3
Denmark,Sour cherries,2017,896.6
Denmark,Sour cherries,2018,224.9
Denmark,Strawberries,2015,3684.7
Denmark,Strawberries,2016,3904.8
Denmark,Strawberries,2017,4130.3
Denmark,Strawberries,2018,4728.1
Denmark,Sugar beet,2015,40.0
Denmark,Sugar beet,2016,36.4
Denmark,Sugar beet,2017,26.5
Denmark,Sugar beet,2018,27.7
Denmark,Tomatoes,2015,1848.4
Denmark,Tomatoes,2016,2088.3
Denmark,Tomatoes,2017,2025.5
Denmark,Tomatoes,2018,2018.6
Denmark,Triticale,2015,159.8
Denmark,Triticale,2016,143.5
Denmark,Triticale,2017,156.3
Denmark,Triticale,2018,198.6
Denmark,Wheat,2015,170.8
Denmark,Wheat,2016,156.0
Denmark,Wheat,2017,168.6
Denmark,Wheat,2018,198.9
Dominican Republic,Avocados,2015,439.2
Dominican Republic,Avocados,2016,378.0
Dominican Republic,Avocados,2017,492.6
Dominican Republic,Avocados,2018,390.0
Dominican Republic,Bananas,2015,138.9
Dominican Republic,Bananas,2016,131.6
Dominican Republic,Bananas,2017,143.7
Dominican Republic,Bananas,2018,109.6
Dominican Republic,"Beans, dry",2015,1592.5
Dominican Republic,"Beans, dry",2016,1360.4
Dominican Republic,"Beans, dry",2017,1388.4
Dominican Republic,"Beans, dry",2018,1312.2
Dominican Republic,"Broad beans and horse beans, dry",2015,792.8
Dominican Republic,"Broad beans and horse beans, dry",2016,759.5
Dominican Republic,"Broad beans and horse beans, dry",2017,651.6
Dominican Republic,"Broad beans and horse beans, dry",2018,654.1
Dominican Republic,Cabbages,2015,280.1
Dominican Republic,Cabbages,2016,202.6
Dominican Republic,Cantaloupes and other melons,2015,368.4
Dominican Republic,Cantaloupes and other melons,2016,395.7
Dominican Republic,Cantaloupes and other melons,2017,460.6
Dominican Republic,Cantaloupes and other melons,2018,442.6
Dominican Republic,Carrots and turnips,2015,318.3
Dominican Republic,Carrots and turnips,2016,341.4
Dominican Republic,Carrots and turnips,2017,320.2
Dominican Republic,Carrots and turnips,2018,335.4
Dominican Republic,"Cassava, fresh",2015,408.2
Dominican Republic,"Cassava, fresh",2016,402.9
Dominican Republic,"Cassava, fresh",2017,304.5
Dominican Republic,"Cassava, fresh",2018,396.8
Dominican Republic,"Chillies and peppers, green (Capsicum spp. and Pimenta spp.)",2015,1164.4
Dominican Republic,"Chillies and peppers, green (Capsicum spp. and Pimenta spp.)",2016,892.4
Dominican Republic,"Chillies and peppers, green (Capsicum spp. and Pimenta spp.)",2017,1304.6
Dominican Republic,"Chillies and peppers, green (Capsicum spp. and Pimenta spp.)",2018,855.1
Dominican Republic,Cocoa beans,2015,2630.4
Dominican Republic,Cocoa beans,2016,2575.6
Dominican Republic,Cocoa beans,2017,2343.3
Dominican Republic,Cocoa beans,2018,2218.1
Dominican Republic,"Coconuts, in shell",2015,370.1
Dominican Republic,"Coconuts, in shell",2016,541.4
Dominican Republic,"Coconuts, in shell",2017,423.9
Dominican Republic,"Coconuts, in shell",2018,426.1
Dominican Republic,"Coffee, green",2015,2921.3
Dominican Republic,"Coffee, green",2016,2329.4
Dominican Republic,"Coffee, green",2017,2611.9
Dominican Republic,"Coffee, green",2018,3051.1
Dominican Republic,Cooking bananas,2018,110.0
Dominican Republic,Cucumbers and gherkins,2015,239.1
Dominican Republic,Cucumbers and gherkins,2016,237.0
Dominican Republic,Cucumbers and gherkins,2017,241.5
Dominican Republic,Cucumbers and gherkins,2018,182.1
Dominican Republic,"Edible roots and tubers with high starch or inulin content, n.e.c., fresh",2018,943.8
Dominican Republic,Eggplants (aubergines),2015,425.6
Dominican Republic,Eggplants (aubergines),2016,384.0
Dominican Republic,Eggplants (aubergines),2017,405.2
Dominican Republic,Eggplants (aubergines),2018,334.1
Dominican Republic,"Ginger, raw",2018,1002.3
Dominican Republic,Green garlic,2015,2985.0
Dominican Republic,Green garlic,2016,3349.1
Dominican Republic,Green garlic,2017,3710.3
Dominican Republic,Green garlic,2018,3747.8
Dominican Republic,"Groundnuts, excluding shelled",2015,1125.4
Dominican Republic,"Groundnuts, excluding shelled",2016,1102.6
Dominican Republic,"Groundnuts, excluding shelled",2017,885.6
Dominican Republic,"Groundnuts, excluding shelled",2018,1099.7
Dominican Republic,"Hen eggs in shell, fresh",2015,1331.4
Dominican Republic,"Hen eggs in shell, fresh",2016,1124.8
Dominican Republic,"Hen eggs in shell, fresh",2017,1027.4
Dominican Republic,"Hen eggs in shell, fresh",2018,888.6
Dominican Republic,Lemons and limes,2015,98.3
Dominican Republic,Lemons and limes,2016,143.6
Dominican Republic,Lemons and limes,2017,1010.9
Dominican Republic,Lemons and limes,2018,1057.4
Dominican Republic,Lettuce and chicory,2015,913.7
Dominican Republic,Lettuce and chicory,2016,1698.0
Dominican Republic,Lettuce and chicory,2018,291.8
Dominican Republic,Maize (corn),2015,427.5
Dominican Republic,Maize (corn),2016,384.5
Dominican Republic,Maize (corn),2017,393.0
Dominican Republic,Maize (corn),2018,404.1
Dominican Republic,"Mangoes, guavas and mangosteens",2015,274.8
Dominican Republic,"Mangoes, guavas and mangosteens",2016,463.7
Dominican Republic,"Mangoes, guavas and mangosteens",2017,200.9
Dominican Republic,"Mangoes, guavas and mangosteens",2018,272.5
Dominican Republic,"Meat of cattle with the bone, fresh or chilled",2015,2003.6
Dominican Republic,"Meat of cattle with the bone, fresh or chilled (biological)",2016,1410.3
Dominican Republic,"Meat of cattle with the bone, fresh or chilled (biological)",2017,1353.4
Dominican Republic,"Meat of cattle with the bone, fresh or chilled (biological)",2018,1362.3
Dominican Republic,"Meat of chickens, fresh or chilled",2015,1407.4
Dominican Republic,"Meat of chickens, fresh or chilled (biological)",2016,1079.6
Dominican Republic,"Meat of chickens, fresh or chilled (biological)",2017,1032.8
Dominican Republic,"Meat of chickens, fresh or chilled (biological)",2018,1022.3
Dominican Republic,"Meat of goat, fresh or chilled",2015,2364.6
Dominican Republic,"Meat of goat, fresh or chilled (biological)",2016,2910.4
Dominican Republic,"Meat of goat, fresh or chilled (biological)",2017,2964.2
Dominican Republic,"Meat of goat, fresh or chilled (biological)",2018,2738.1
Dominican Republic,"Meat of pig with the bone, fresh or chilled",2015,1834.6
Dominican Republic,"Meat of pig with the bone, fresh or chilled (biological)",2016,1984.1
Dominican Republic,"Meat of pig with the bone, fresh or chilled (biological)",2017,1756.9
Dominican Republic,"Meat of pig with the bone, fresh or chilled (biological)",2018,2337.6
Dominican Republic,"Meat of sheep, fresh or chilled",2015,2364.6
Dominican Republic,Natural honey,2018,191.9
Dominican Republic,"Onions and shallots, dry (excluding dehydrated)",2015,1023.1
Dominican Republic,"Onions and shallots, dry (excluding dehydrated)",2016,1226.3
Dominican Republic,"Onions and shallots, dry (excluding dehydrated)",2017,982.9
Dominican Republic,"Onions and shallots, dry (excluding dehydrated)",2018,1142.1
Dominican Republic,Oranges,2015,214.7
Dominican Republic,Oranges,2016,246.9
Dominican Republic,Oranges,2017,359.4
Dominican Republic,Oranges,2018,289.9
Dominican Republic,Other pulses n.e.c.,2016,844.1
Dominican Republic,Other pulses n.e.c.,2017,626.2
Dominican Republic,Other pulses n.e.c.,2018,707.3
Dominican Republic,Papayas,2015,217.7
Dominican Republic,Papayas,2016,169.8
Dominican Republic,Papayas,2017,887.7
Dominican Republic,Papayas,2018,853.0
Dominican Republic,"Peas, dry",2018,480.5
Dominican Republic,"Pigeon peas, dry",2015,458.4
Dominican Republic,"Pigeon peas, dry",2016,630.1
Dominican Republic,"Pigeon peas, dry",2017,659.9
Dominican Republic,"Pigeon peas, dry",2018,614.1
Dominican Republic,Pineapples,2015,274.4
Dominican Republic,Pineapples,2016,321.5
Dominican Republic,Pineapples,2017,1174.4
Dominican Republic,Pineapples,2018,935.5
Dominican Republic,Plantains,2018,214.0
Dominican Republic,Plantains and cooking bananas,2015,395.3
Dominican Republic,Plantains and cooking bananas,2016,305.0
Dominican Republic,Plantains and cooking bananas,2017,220.8
Dominican Republic,Plantains and cooking bananas,2018,213.2
Dominican Republic,Pomelos and grapefruits,2015,712.6
Dominican Republic,Pomelos and grapefruits,2016,962.8
Dominican Republic,Pomelos and grapefruits,2017,530.8
Dominican Republic,Pomelos and grapefruits,2018,231.6
Dominican Republic,Potatoes,2015,445.2
Dominican Republic,Potatoes,2016,442.5
Dominican Republic,Potatoes,2017,480.1
Dominican Republic,Potatoes,2018,447.0
Dominican Republic,"Pumpkins, squash and gourds",2015,426.9
Dominican Republic,"Pumpkins, squash and gourds",2016,383.7
Dominican Republic,"Pumpkins, squash and gourds",2017,460.6
Dominican Republic,"Pumpkins, squash and gourds",2018,442.6
Dominican Republic,Raw milk of cattle,2015,469.7
Dominican Republic,Raw milk of cattle,2018,377.9
Dominican Republic,Rice,2015,322.6
Dominican Republic,Rice,2016,386.2
Dominican Republic,Rice,2017,382.5
Dominican Republic,Rice,2018,381.1
Dominican Republic,Sorghum,2015,257.9
Dominican Republic,Sorghum,2016,275.1
Dominican Republic,Sorghum,2017,361.1
Dominican Republic,Sweet potatoes,2015,305.5
Dominican Republic,Sweet potatoes,2016,272.9
Dominican Republic,Sweet potatoes,2017,323.6
Dominican Republic,Sweet potatoes,2018,297.9
Dominican Republic,Tomatoes,2015,409.1
Dominican Republic,Tomatoes,2016,541.4
Dominican Republic,Tomatoes,2017,503.4
Dominican Republic,Tomatoes,2018,449.1
Dominican Republic,Unmanufactured tobacco,2015,2484.4
Dominican Republic,Unmanufactured tobacco,2016,2936.6
Dominican Republic,Unmanufactured tobacco,2018,2862.4
Dominican Republic,Yams,2015,651.1
Dominican Republic,Yams,2016,755.3
Dominican Republic,Yams,2017,614.1
Dominican Republic,Yams,2018,626.7
Dominican Republic,Yautia,2015,764.6
Dominican Republic,Yautia,2016,1155.0
Dominican Republic,Yautia,2017,937.8
Dominican Republic,Yautia,2018,1089.3
Ecuador,"Abaca, manila hemp, raw",2015,1608.2
Ecuador,"Abaca, manila hemp, raw",2016,1925.8
Ecuador,"Abaca, manila hemp, raw",2017,2029.8
Ecuador,Apples,2015,662.5
Ecuador,Apples,2016,1052.0
Ecuador,Apples,2017,1051.5
Ecuador,Apricots,2016,703.4
Ecuador,Apricots,2017,1097.0
Ecuador,Avocados,2015,851.4
Ecuador,Avocados,2016,1022.1
Ecuador,Avocados,2017,1918.1
Ecuador,Avocados,2018,2081.2
Ecuador,Bananas,2015,232.3
Ecuador,Bananas,2016,255.3
Ecuador,Bananas,2017,247.1
Ecuador,Bananas,2018,317.2
Ecuador,Bananas cavendish,2016,321.0
Ecuador,Bananas cavendish,2017,321.0
Ecuador,Bananas cavendish,2018,318.0
Ecuador,Barley,2015,465.2
Ecuador,Barley,2016,440.5
Ecuador,Barley,2017,411.7
Ecuador,Barley,2018,391.7
Ecuador,"Beans, dry",2015,1274.5
Ecuador,"Beans, dry",2016,1610.1
Ecuador,"Beans, dry",2017,2407.1
Ecuador,"Beans, dry",2018,1838.4
Ecuador,"Broad beans and horse beans, dry",2015,740.1
Ecuador,"Broad beans and horse beans, green",2015,266.4
Ecuador,"Broad beans and horse beans, green",2017,206.4
Ecuador,"Broad beans and horse beans, green",2018,189.5
Ecuador,Cabbages,2015,102.3
Ecuador,Cabbages,2016,105.6
Ecuador,Cabbages,2017,134.6
Ecuador,Cabbages,2018,125.7
Ecuador,Cantaloupes and other melons,2016,502.6
Ecuador,Cantaloupes and other melons,2017,778.8
Ecuador,Cantaloupes and other melons,2018,480.7
Ecuador,Carrots and turnips,2015,237.4
Ecuador,Carrots and turnips,2016,162.7
Ecuador,Carrots and turnips,2017,341.3
Ecuador,Carrots and turnips,2018,284.4
Ecuador,"Cassava, fresh",2015,367.5
Ecuador,"Cassava, fresh",2016,187.8
Ecuador,"Cassava, fresh",2017,256.9
Ecuador,"Cassava, fresh",2018,269.1
Ecuador,Cauliflowers and broccoli,2016,480.0
Ecuador,Cauliflowers and broccoli,2017,583.4
Ecuador,Cauliflowers and broccoli,2018,441.0
Ecuador,"Chillies and peppers, green (Capsicum spp. and Pimenta spp.)",2016,612.5
Ecuador,"Chillies and peppers, green (Capsicum spp. and Pimenta spp.)",2017,616.0
Ecuador,Cocoa beans,2015,2382.2
Ecuador,Cocoa beans,2016,2300.3
Ecuador,Cocoa beans,2017,1609.4
Ecuador,Cocoa beans,2018,1938.7
Ecuador,"Coffee, green",2015,1980.7
Ecuador,Cucumbers and gherkins,2016,307.2
Ecuador,Cucumbers and gherkins,2017,354.7
Ecuador,Green garlic,2015,2813.3
Ecuador,"Groundnuts, excluding shelled",2015,1846.8
Ecuador,"Groundnuts, excluding shelled",2016,1579.6
Ecuador,"Groundnuts, excluding shelled",2017,2295.5
Ecuador,"Groundnuts, excluding shelled",2018,2182.2
Ecuador,"Hen eggs in shell, fresh",2015,1422.8
Ecuador,"Hen eggs in shell, fresh",2016,1581.2
Ecuador,"Hen eggs in shell, fresh",2017,1578.9
Ecuador,"Hen eggs in shell, fresh",2018,1265.5
Ecuador,Lemons and limes,2016,475.2
Ecuador,Lemons and limes,2017,727.9
Ecuador,Lemons and limes,2018,591.5
Ecuador,"Lentils, dry",2017,1677.6
Ecuador,"Lentils, dry",2018,1163.7
Ecuador,Lettuce and chicory,2015,214.0
Ecuador,Lettuce and chicory,2016,151.0
Ecuador,Lettuce and chicory,2017,253.2
Ecuador,Lettuce and chicory,2018,233.9
Ecuador,Maize (corn),2015,357.1
Ecuador,Maize (corn),2016,381.6
Ecuador,Maize (corn),2017,363.0
Ecuador,Maize (corn),2018,316.1
Ecuador,"Meat of cattle with the bone, fresh or chilled (biological)",2015,2055.6
Ecuador,"Meat of cattle with the bone, fresh or chilled (biological)",2016,1663.4
Ecuador,"Meat of cattle with the bone, fresh or chilled (biological)",2017,1738.3
Ecuador,"Meat of chickens, fresh or chilled (biological)",2016,2337.9
Ecuador,"Meat of chickens, fresh or chilled (biological)",2017,1733.3
Ecuador,"Meat of chickens, fresh or chilled (biological)",2018,1727.5
Ecuador,"Meat of pig with the bone, fresh or chilled (biological)",2016,2766.3
Ecuador,"Meat of pig with the bone, fresh or chilled (biological)",2017,2313.0
Ecuador,"Meat of pig with the bone, fresh or chilled (biological)",2018,2070.6
Ecuador,"Meat of sheep, fresh or chilled",2016,5940.0
Ecuador,"Meat of sheep, fresh or chilled",2017,5846.9
Ecuador,"Meat of sheep, fresh or chilled",2018,5872.3
Ecuador,"Meat of sheep, fresh or chilled (biological)",2016,5245.0
Ecuador,"Meat of sheep, fresh or chilled (biological)",2017,5415.2
Ecuador,Natural rubber in primary forms,2015,787.1
Ecuador,Oil palm fruit,2015,117.1
Ecuador,Oil palm fruit,2016,115.4
Ecuador,Oil palm fruit,2017,119.7
Ecuador,Oil palm fruit,2018,193.1
Ecuador,"Onions and shallots, dry (excluding dehydrated)",2015,553.7
Ecuador,"Onions and shallots, dry (excluding dehydrated)",2016,357.6
Ecuador,"Onions and shallots, dry (excluding dehydrated)",2017,543.6
Ecuador,"Onions and shallots, dry (excluding dehydrated)",2018,374.2
Ecuador,"Onions and shallots, green",2015,512.6
Ecuador,"Onions and shallots, green",2016,586.3
Ecuador,"Onions and shallots, green",2017,428.7
Ecuador,"Onions and shallots, green",2018,373.4
Ecuador,Oranges,2015,257.0
Ecuador,Oranges,2016,367.2
Ecuador,Oranges,2017,94.5
Ecuador,Oranges,2018,301.6
Ecuador,"Other beans, green",2015,618.7
Ecuador,"Other beans, green",2016,675.3
Ecuador,"Other beans, green",2017,448.5
Ecuador,"Other beans, green",2018,455.8
Ecuador,Other berries and fruits of the genus vaccinium n.e.c.,2016,1873.1
Ecuador,Other berries and fruits of the genus vaccinium n.e.c.,2017,1391.0
Ecuador,Other berries and fruits of the genus vaccinium n.e.c.,2018,1257.3
Ecuador,"Other tropical fruits, n.e.c.",2016,355.5
Ecuador,"Other tropical fruits, n.e.c.",2017,260.3
Ecuador,"Other tropical fruits, n.e.c.",2018,237.9
Ecuador,Papayas,2016,410.0
Ecuador,Papayas,2017,482.1
Ecuador,Pears,2016,1016.1
Ecuador,Pears,2017,596.1
Ecuador,"Peas, dry",2015,1145.2
Ecuador,"Peas, dry",2016,1375.5
Ecuador,"Peas, green",2015,622.1
Ecuador,"Peas, green",2016,612.3
Ecuador,"Peas, green",2017,705.5
Ecuador,"Peas, green",2018,787.8
Ecuador,"Pepper (Piper spp.), raw",2016,1603.0
Ecuador,"Pepper (Piper spp.), raw",2017,1147.2
Ecuador,Pineapples,2015,375.0
Ecuador,Pineapples,2016,354.7
Ecuador,Pineapples,2017,351.8
Ecuador,Pineapples,2018,411.4
Ecuador,Plantains,2016,256.0
Ecuador,Plantains,2017,111.0
Ecuador,Plantains,2018,87.0
Ecuador,Plantains and cooking bananas,2015,139.9
Ecuador,Plantains and cooking bananas,2016,164.7
Ecuador,Plantains and cooking bananas,2017,375.7
Ecuador,Plantains and cooking bananas,2018,286.7
Ecuador,Plums and sloes,2016,2068.3
Ecuador,Plums and sloes,2017,1066.4
Ecuador,Potatoes,2015,307.3
Ecuador,Potatoes,2016,335.4
Ecuador,Potatoes,2017,330.7
Ecuador,Potatoes,2018,279.2
Ecuador,Quinoa,2016,1347.6
Ecuador,Quinoa,2017,937.0
Ecuador,Quinoa,2018,1733.6
Ecuador,Raw milk of cattle,2015,476.1
Ecuador,Raw milk of cattle,2016,475.7
Ecuador,Raw milk of cattle,2017,432.6
Ecuador,Raw milk of cattle,2018,417.5
Ecuador,Rice,2015,385.9
Ecuador,Rice,2016,362.7
Ecuador,Rice,2017,344.9
Ecuador,Rice,2018,291.8
Ecuador,"Seed cotton, unginned",2015,774.2
Ecuador,"Seed cotton, unginned",2016,744.3
Ecuador,"Seed cotton, unginned",2017,664.6
Ecuador,Soya beans,2015,598.4
Ecuador,Soya beans,2016,592.8
Ecuador,Soya beans,2017,577.1
Ecuador,Soya beans,2018,628.0
Ecuador,Strawberries,2016,1229.7
Ecuador,Strawberries,2017,1425.1
Ecuador,Strawberries,2018,967.8
Ecuador,Sugar cane,2015,23.6
Ecuador,Sugar cane,2016,32.1
Ecuador,Sugar cane,2017,31.5
Ecuador,Sugar cane,2018,31.7
Ecuador,"Tangerines, mandarins, clementines",2016,742.5
Ecuador,"Tangerines, mandarins, clementines",2017,588.5
Ecuador,Tea leaves,2016,10000.0
Ecuador,Tea leaves,2017,10000.0
Ecuador,Tomatoes,2015,512.9
Ecuador,Tomatoes,2016,507.3
Ecuador,Tomatoes,2017,440.6
Ecuador,Tomatoes,2018,403.0
Ecuador,Unmanufactured tobacco,2017,2805.0
Ecuador,Watermelons,2016,500.9
Ecuador,Watermelons,2017,311.3
Ecuador,Watermelons,2018,734.2
Ecuador,Wheat,2015,468.6
Ecuador,Wheat,2016,433.6
Ecuador,Wheat,2017,454.9
Ecuador,Wheat,2018,428.5
Egypt,Apples,2015,409.3
Egypt,Apples,2016,331.8
Egypt,Apples,2017,187.6
Egypt,Apples,2018,191.6
Egypt,Apricots,2015,498.1
Egypt,Apricots,2016,428.5
Egypt,Apricots,2017,270.6
Egypt,Apricots,2018,274.6
Egypt,Artichokes,2015,265.0
Egypt,Artichokes,2016,204.3
Egypt,Artichokes,2017,133.0
Egypt,Artichokes,2018,141.6
Egypt,Bananas,2015,439.1
Egypt,Bananas,2016,380.7
Egypt,Bananas,2017,286.3
Egypt,Bananas,2018,291.9
Egypt,Barley,2015,521.1
Egypt,Barley,2016,413.2
Egypt,Barley,2017,302.3
Egypt,Barley,2018,254.2
Egypt,"Beans, dry",2015,610.0
Egypt,"Beans, dry",2016,705.6
Egypt,"Beans, dry",2017,615.2
Egypt,"Beans, dry",2018,617.3
Egypt,Beeswax,2015,3300.2
Egypt,Beeswax,2016,3534.8
Egypt,Beeswax,2017,2590.7
Egypt,Beeswax,2018,2539.9
Egypt,"Broad beans and horse beans, dry",2015,681.2
Egypt,"Broad beans and horse beans, dry",2016,528.9
Egypt,"Broad beans and horse beans, dry",2017,469.1
Egypt,"Broad beans and horse beans, dry",2018,470.0
Egypt,"Broad beans and horse beans, green",2015,167.3
Egypt,"Broad beans and horse beans, green",2016,129.7
Egypt,Cabbages,2015,101.9
Egypt,Cabbages,2016,76.0
Egypt,Cabbages,2017,74.9
Egypt,Cabbages,2018,76.4
Egypt,Cantaloupes and other melons,2015,139.5
Egypt,Cantaloupes and other melons,2016,98.8
Egypt,Cantaloupes and other melons,2017,74.2
Egypt,Cantaloupes and other melons,2018,80.4
Egypt,Carrots and turnips,2015,91.1
Egypt,Carrots and turnips,2016,69.2
Egypt,Carrots and turnips,2017,62.4
Egypt,Carrots and turnips,2018,66.6
Egypt,Cauliflowers and broccoli,2015,99.5
Egypt,Cauliflowers and broccoli,2016,76.8
Egypt,Cauliflowers and broccoli,2017,70.3
Egypt,Cauliflowers and broccoli,2018,70.9
Egypt,"Chick peas, dry",2015,822.8
Egypt,"Chick peas, dry",2016,638.4
Egypt,"Chick peas, dry",2017,170.6
Egypt,"Chick peas, dry",2018,76.4
Egypt,"Chillies and peppers, green (Capsicum spp. and Pimenta spp.)",2015,211.8
Egypt,"Chillies and peppers, green (Capsicum spp. and Pimenta spp.)",2016,205.9
Egypt,"Chillies and peppers, green (Capsicum spp. and Pimenta spp.)",2017,125.3
Egypt,"Chillies and peppers, green (Capsicum spp. and Pimenta spp.)",2018,126.7
Egypt,Cotton seed,2015,1027.8
Egypt,Cotton seed,2016,633.3
Egypt,Cotton seed,2017,253.3
Egypt,Cotton seed,2018,256.7
Egypt,"Cow peas, dry",2015,622.0
Egypt,"Cow peas, dry",2016,474.1
Egypt,"Cow peas, dry",2017,606.1
Egypt,Cucumbers and gherkins,2015,176.7
Egypt,Cucumbers and gherkins,2016,150.9
Egypt,Cucumbers and gherkins,2017,121.3
Egypt,Cucumbers and gherkins,2018,127.0
Egypt,Dates,2015,269.5
Egypt,Dates,2016,310.0
Egypt,Dates,2017,165.4
Egypt,Dates,2018,196.8
Egypt,Eggplants (aubergines),2015,171.1
Egypt,Eggplants (aubergines),2016,173.4
Egypt,Eggplants (aubergines),2017,109.2
Egypt,Eggplants (aubergines),2018,115.5
Egypt,Figs,2015,442.1
Egypt,Figs,2016,267.5
Egypt,Figs,2017,202.8
Egypt,Figs,2018,242.1
Egypt,Grapes,2015,416.3
Egypt,Grapes,2016,348.0
Egypt,Grapes,2017,231.2
Egypt,Grapes,2018,234.6
Egypt,Green garlic,2015,231.8
Egypt,Green garlic,2016,278.2
Egypt,Green garlic,2017,167.0
Egypt,Green garlic,2018,171.4
Egypt,"Groundnuts, excluding shelled",2015,1232.6
Egypt,"Groundnuts, excluding shelled",2016,1132.3
Egypt,"Groundnuts, excluding shelled",2017,3905.5
Egypt,"Groundnuts, excluding shelled",2018,4104.3
Egypt,"Hen eggs in shell, fresh",2015,2149.3
Egypt,"Hen eggs in shell, fresh",2016,2108.0
Egypt,"Hen eggs in shell, fresh",2017,1545.0
Egypt,"Hen eggs in shell, fresh",2018,1293.2
Egypt,Lemons and limes,2015,365.7
Egypt,Lemons and limes,2016,331.5
Egypt,Lemons and limes,2017,209.3
Egypt,Lemons and limes,2018,317.8
Egypt,"Lentils, dry",2015,1019.7
Egypt,"Lentils, dry",2016,794.2
Egypt,"Lentils, dry",2017,649.2
Egypt,"Lentils, dry",2018,1294.1
Egypt,Lettuce and chicory,2015,58.2
Egypt,Lettuce and chicory,2016,45.5
Egypt,Lettuce and chicory,2017,30.9
Egypt,Lettuce and chicory,2018,47.4
Egypt,Linseed,2015,823.5
Egypt,Linseed,2016,634.7
Egypt,Linseed,2017,352.9
Egypt,Lupins,2015,772.2
Egypt,Lupins,2016,607.2
Egypt,Lupins,2017,501.2
Egypt,Lupins,2018,1204.4
Egypt,Maize (corn),2015,350.0
Egypt,Maize (corn),2016,245.2
Egypt,Maize (corn),2017,160.7
Egypt,Maize (corn),2018,165.1
Egypt,"Mangoes, guavas and mangosteens",2015,491.6
Egypt,"Mangoes, guavas and mangosteens",2016,443.7
Egypt,"Mangoes, guavas and mangosteens",2017,248.8
Egypt,"Mangoes, guavas and mangosteens",2018,255.4
Egypt,"Meat of buffalo, fresh or chilled",2015,6368.0
Egypt,"Meat of buffalo, fresh or chilled",2016,5661.4
Egypt,"Meat of buffalo, fresh or chilled",2017,4149.3
Egypt,"Meat of buffalo, fresh or chilled",2018,4570.0
Egypt,"Meat of buffalo, fresh or chilled (biological)",2015,3653.5
Egypt,"Meat of buffalo, fresh or chilled (biological)",2016,2926.2
Egypt,"Meat of buffalo, fresh or chilled (biological)",2017,2144.6
Egypt,"Meat of buffalo, fresh or chilled (biological)",2018,2641.8
Egypt,"Meat of camels, fresh or chilled",2015,4963.6
Egypt,"Meat of camels, fresh or chilled",2016,4870.0
Egypt,"Meat of camels, fresh or chilled",2017,3569.3
Egypt,"Meat of camels, fresh or chilled",2018,5520.9
Egypt,"Meat of camels, fresh or chilled (biological)",2015,3831.1
Egypt,"Meat of camels, fresh or chilled (biological)",2016,3197.3
Egypt,"Meat of camels, fresh or chilled (biological)",2017,2343.4
Egypt,"Meat of camels, fresh or chilled (biological)",2018,2886.6
Egypt,"Meat of cattle with the bone, fresh or chilled",2015,6172.6
Egypt,"Meat of cattle with the bone, fresh or chilled",2016,5628.3
Egypt,"Meat of cattle with the bone, fresh or chilled",2017,4125.0
Egypt,"Meat of cattle with the bone, fresh or chilled",2018,4649.7
Egypt,"Meat of cattle with the bone, fresh or chilled (biological)",2015,4445.3
Egypt,"Meat of cattle with the bone, fresh or chilled (biological)",2016,3942.4
Egypt,"Meat of cattle with the bone, fresh or chilled (biological)",2017,2889.4
Egypt,"Meat of cattle with the bone, fresh or chilled (biological)",2018,3559.2
Egypt,"Meat of chickens, fresh or chilled",2015,2379.3
Egypt,"Meat of chickens, fresh or chilled",2016,2061.0
Egypt,"Meat of chickens, fresh or chilled",2017,1510.5
Egypt,"Meat of chickens, fresh or chilled",2018,1455.3
Egypt,"Meat of ducks, fresh or chilled",2015,3035.3
Egypt,"Meat of ducks, fresh or chilled",2016,3313.8
Egypt,"Meat of ducks, fresh or chilled",2017,2428.7
Egypt,"Meat of ducks, fresh or chilled",2018,2158.1
Egypt,"Meat of ducks, fresh or chilled (biological)",2015,4101.8
Egypt,"Meat of ducks, fresh or chilled (biological)",2016,3558.2
Egypt,"Meat of ducks, fresh or chilled (biological)",2017,2607.8
Egypt,"Meat of ducks, fresh or chilled (biological)",2018,3212.4
Egypt,"Meat of geese, fresh or chilled",2015,3048.9
Egypt,"Meat of geese, fresh or chilled",2016,2613.4
Egypt,"Meat of geese, fresh or chilled",2017,1915.4
Egypt,"Meat of geese, fresh or chilled",2018,2138.8
Egypt,"Meat of goat, fresh or chilled",2015,7598.4
Egypt,"Meat of goat, fresh or chilled",2016,6528.7
Egypt,"Meat of goat, fresh or chilled",2017,4785.0
Egypt,"Meat of goat, fresh or chilled",2018,7297.0
Egypt,"Meat of goat, fresh or chilled (biological)",2015,9379.9
Egypt,"Meat of goat, fresh or chilled (biological)",2016,8768.1
Egypt,"Meat of goat, fresh or chilled (biological)",2017,6426.2
Egypt,"Meat of goat, fresh or chilled (biological)",2018,7916.0
Egypt,"Meat of pigeons and other birds n.e.c., fresh, chilled or frozen",2015,6178.7
Egypt,"Meat of pigeons and other birds n.e.c., fresh, chilled or frozen",2016,5061.8
Egypt,"Meat of pigeons and other birds n.e.c., fresh, chilled or frozen",2017,3709.9
Egypt,"Meat of pigeons and other birds n.e.c., fresh, chilled or frozen",2018,3793.6
Egypt,"Meat of pigeons and other birds n.e.c., fresh, chilled or frozen (biological)",2015,5231.5
Egypt,"Meat of pigeons and other birds n.e.c., fresh, chilled or frozen (biological)",2016,4588.2
Egypt,"Meat of pigeons and other birds n.e.c., fresh, chilled or frozen (biological)",2017,3362.7
Egypt,"Meat of pigeons and other birds n.e.c., fresh, chilled or frozen (biological)",2018,4142.3
Egypt,"Meat of rabbits and hares, fresh or chilled",2015,3365.4
Egypt,"Meat of rabbits and hares, fresh or chilled",2016,3394.2
Egypt,"Meat of rabbits and hares, fresh or chilled",2017,2487.6
Egypt,"Meat of rabbits and hares, fresh or chilled",2018,2146.1
Egypt,"Meat of sheep, fresh or chilled",2015,7540.2
Egypt,"Meat of sheep, fresh or chilled",2016,6478.8
Egypt,"Meat of sheep, fresh or chilled",2017,4748.4
Egypt,"Meat of sheep, fresh or chilled",2018,5230.9
Egypt,"Meat of sheep, fresh or chilled (biological)",2015,7856.1
Egypt,"Meat of sheep, fresh or chilled (biological)",2016,7222.2
Egypt,"Meat of sheep, fresh or chilled (biological)",2017,5293.2
Egypt,"Meat of sheep, fresh or chilled (biological)",2018,6520.3
Egypt,"Meat of turkeys, fresh or chilled",2015,3506.1
Egypt,"Meat of turkeys, fresh or chilled",2016,2987.7
Egypt,"Meat of turkeys, fresh or chilled",2017,2189.7
Egypt,"Meat of turkeys, fresh or chilled",2018,1651.9
Egypt,Natural honey,2015,3262.1
Egypt,Natural honey,2016,3102.1
Egypt,Natural honey,2017,2273.6
Egypt,Natural honey,2018,2226.6
Egypt,Okra,2015,407.7
Egypt,Okra,2016,559.1
Egypt,Okra,2017,314.5
Egypt,Okra,2018,318.3
Egypt,Olives,2015,322.8
Egypt,Olives,2016,250.7
Egypt,Olives,2017,301.1
Egypt,Olives,2018,304.6
Egypt,"Onions and shallots, dry (excluding dehydrated)",2015,130.8
Egypt,"Onions and shallots, dry (excluding dehydrated)",2016,105.0
Egypt,"Onions and shallots, dry (excluding dehydrated)",2017,108.9
Egypt,"Onions and shallots, dry (excluding dehydrated)",2018,110.9
Egypt,Oranges,2015,171.0
Egypt,Oranges,2016,158.0
Egypt,Oranges,2017,100.9
Egypt,Oranges,2018,106.0
Egypt,"Other beans, green",2015,385.9
Egypt,"Other beans, green",2016,296.3
Egypt,"Other beans, green",2017,254.5
Egypt,"Other beans, green",2018,265.8
Egypt,Peaches and nectarines,2015,285.1
Egypt,Peaches and nectarines,2016,252.9
Egypt,Peaches and nectarines,2017,143.2
Egypt,Peaches and nectarines,2018,147.8
Egypt,Pears,2015,412.5
Egypt,Pears,2016,329.6
Egypt,Pears,2017,233.0
Egypt,Pears,2018,234.7
Egypt,"Peas, dry",2015,564.3
Egypt,"Peas, dry",2016,441.5
Egypt,"Peas, dry",2017,305.0
Egypt,"Peas, dry",2018,1465.1
Egypt,"Peas, green",2015,386.3
Egypt,"Peas, green",2016,297.1
Egypt,"Peas, green",2017,222.2
Egypt,"Peas, green",2018,223.4
Egypt,Plums and sloes,2015,687.8
Egypt,Plums and sloes,2016,586.2
Egypt,Plums and sloes,2017,404.2
Egypt,Plums and sloes,2018,406.6
Egypt,Pomelos and grapefruits,2015,107.8
Egypt,Pomelos and grapefruits,2016,84.0
Egypt,Potatoes,2015,188.4
Egypt,Potatoes,2016,161.0
Egypt,Potatoes,2017,114.4
Egypt,Potatoes,2018,126.2
Egypt,"Pumpkins, squash and gourds",2015,204.4
Egypt,"Pumpkins, squash and gourds",2016,183.4
Egypt,"Pumpkins, squash and gourds",2017,118.3
Egypt,"Pumpkins, squash and gourds",2018,115.4
Egypt,Raw milk of buffalo,2015,724.2
Egypt,Raw milk of buffalo,2016,577.5
Egypt,Raw milk of buffalo,2017,423.3
Egypt,Raw milk of buffalo,2018,470.5
Egypt,Raw milk of cattle,2015,529.2
Egypt,Raw milk of cattle,2016,431.9
Egypt,Raw milk of cattle,2017,316.5
Egypt,Raw milk of cattle,2018,391.7
Egypt,Raw milk of goats,2015,474.6
Egypt,Raw milk of goats,2016,387.4
Egypt,Raw milk of goats,2017,283.9
Egypt,Raw milk of goats,2018,281.4
Egypt,Rice,2015,277.7
Egypt,Rice,2016,226.5
Egypt,Rice,2017,197.0
Egypt,Rice,2018,199.9
Egypt,"Seed cotton, unginned",2015,1027.8
Egypt,"Seed cotton, unginned",2016,633.3
Egypt,"Seed cotton, unginned",2017,253.3
Egypt,"Seed cotton, unginned",2018,256.7
Egypt,Sesame seed,2015,1599.3
Egypt,Sesame seed,2016,1283.9
Egypt,Sesame seed,2017,914.8
Egypt,Sesame seed,2018,1028.6
Egypt,Sorghum,2015,307.9
Egypt,Sorghum,2016,235.9
Egypt,Sorghum,2017,160.7
Egypt,Sorghum,2018,166.0
Egypt,Soya beans,2015,568.3
Egypt,Soya beans,2016,440.9
Egypt,Soya beans,2017,301.3
Egypt,Soya beans,2018,316.3
Egypt,Spinach,2015,141.5
Egypt,Spinach,2016,110.7
Egypt,Spinach,2017,111.5
Egypt,Spinach,2018,112.4
Egypt,Strawberries,2015,332.5
Egypt,Strawberries,2016,257.0
Egypt,Strawberries,2017,197.2
Egypt,Strawberries,2018,190.1
Egypt,Sugar beet,2015,49.3
Egypt,Sugar beet,2016,37.8
Egypt,Sugar beet,2017,30.0
Egypt,Sugar beet,2018,30.4
Egypt,Sugar cane,2015,52.0
Egypt,Sugar cane,2016,61.8
Egypt,Sugar cane,2017,40.5
Egypt,Sugar cane,2018,40.5
Egypt,Sunflower seed,2015,488.3
Egypt,Sunflower seed,2016,389.0
Egypt,Sunflower seed,2017,330.4
Egypt,Sunflower seed,2018,358.2
Egypt,Sweet potatoes,2015,79.8
Egypt,Sweet potatoes,2016,61.0
Egypt,Sweet potatoes,2017,68.7
Egypt,Sweet potatoes,2018,70.4
Egypt,Taro,2015,173.3
Egypt,Taro,2016,133.0
Egypt,Taro,2017,130.9
Egypt,Taro,2018,132.3
Egypt,Tomatoes,2015,200.2
Egypt,Tomatoes,2016,139.6
Egypt,Tomatoes,2017,99.2
Egypt,Tomatoes,2018,98.1
Egypt,Watermelons,2015,119.1
Egypt,Watermelons,2016,129.7
Egypt,Watermelons,2017,96.7
Egypt,Watermelons,2018,97.5
Egypt,Wheat,2015,358.8
Egypt,Wheat,2016,277.2
Egypt,Wheat,2017,212.0
Egypt,Wheat,2018,212.2
El Salvador,"Agave fibres, raw, n.e.c.",2015,1232.0
El Salvador,"Agave fibres, raw, n.e.c.",2016,1209.9
El Salvador,Avocados,2015,494.3
El Salvador,Avocados,2016,730.6
El Salvador,Avocados,2017,702.9
El Salvador,Avocados,2018,495.3
El Salvador,Bananas,2015,279.7
El Salvador,Bananas,2016,243.8
El Salvador,"Beans, dry",2015,1527.0
El Salvador,"Beans, dry",2016,1179.4
El Salvador,"Beans, dry",2017,1075.8
El Salvador,"Beans, dry",2018,971.3
El Salvador,Cabbages,2015,94.2
El Salvador,Cabbages,2016,139.9
El Salvador,Cabbages,2017,114.4
El Salvador,Cabbages,2018,89.3
El Salvador,"Cassava, fresh",2015,254.1
El Salvador,"Cassava, fresh",2016,300.7
El Salvador,"Cassava, fresh",2017,293.3
El Salvador,"Cassava, fresh",2018,291.6
El Salvador,"Chillies and peppers, green (Capsicum spp. and Pimenta spp.)",2015,776.6
El Salvador,"Chillies and peppers, green (Capsicum spp. and Pimenta spp.)",2016,818.8
El Salvador,"Chillies and peppers, green (Capsicum spp. and Pimenta spp.)",2017,762.3
El Salvador,"Chillies and peppers, green (Capsicum spp. and Pimenta spp.)",2018,469.3
El Salvador,Cocoa beans,2015,3256.0
El Salvador,Cocoa beans,2016,3212.0
El Salvador,Cocoa beans,2017,2970.0
El Salvador,Cocoa beans,2018,3280.0
El Salvador,"Coffee, green",2015,3806.0
El Salvador,Cucumbers and gherkins,2015,372.9
El Salvador,Cucumbers and gherkins,2016,369.8
El Salvador,Cucumbers and gherkins,2017,366.3
El Salvador,Cucumbers and gherkins,2018,318.8
El Salvador,Green corn (maize),2015,317.5
El Salvador,Green corn (maize),2016,295.2
El Salvador,Green corn (maize),2017,265.5
El Salvador,Green corn (maize),2018,255.2
El Salvador,"Groundnuts, excluding shelled",2015,1540.0
El Salvador,"Groundnuts, excluding shelled",2016,1320.0
El Salvador,"Hen eggs in shell, fresh",2015,1995.8
El Salvador,"Hen eggs in shell, fresh",2016,1526.1
El Salvador,"Hen eggs in shell, fresh",2018,1875.7
El Salvador,Lemons and limes,2015,353.8
El Salvador,Lemons and limes,2016,258.7
El Salvador,Lemons and limes,2017,363.7
El Salvador,Lemons and limes,2018,454.5
El Salvador,Maize (corn),2015,411.8
El Salvador,Maize (corn),2016,401.7
El Salvador,Maize (corn),2017,237.4
El Salvador,Maize (corn),2018,339.5
El Salvador,"Mangoes, guavas and mangosteens",2015,396.7
El Salvador,"Mangoes, guavas and mangosteens",2016,473.0
El Salvador,"Mangoes, guavas and mangosteens",2017,509.1
El Salvador,"Mangoes, guavas and mangosteens",2018,367.7
El Salvador,"Meat of cattle with the bone, fresh or chilled (biological)",2015,2046.0
El Salvador,"Meat of cattle with the bone, fresh or chilled (biological)",2016,2156.0
El Salvador,"Meat of cattle with the bone, fresh or chilled (biological)",2017,2244.0
El Salvador,"Meat of chickens, fresh or chilled",2016,2794.0
El Salvador,"Meat of chickens, fresh or chilled",2017,2860.0
El Salvador,"Meat of chickens, fresh or chilled",2018,2816.0
El Salvador,"Meat of pig with the bone, fresh or chilled (biological)",2015,2486.0
El Salvador,"Meat of pig with the bone, fresh or chilled (biological)",2016,2486.0
El Salvador,"Meat of pig with the bone, fresh or chilled (biological)",2017,2618.0
El Salvador,Natural honey,2015,3699.6
El Salvador,Natural honey,2016,3489.7
El Salvador,Natural honey,2018,3310.0
El Salvador,"Onions and shallots, dry (excluding dehydrated)",2015,499.6
El Salvador,Oranges,2015,239.8
El Salvador,Oranges,2016,182.6
El Salvador,Oranges,2017,214.1
El Salvador,Oranges,2018,244.6
El Salvador,Other bananas (excluding cavendish and cooking bananas),2017,255.0
El Salvador,Other bananas (excluding cavendish and cooking bananas),2018,272.0
El Salvador,Papayas,2015,398.9
El Salvador,Papayas,2016,744.9
El Salvador,Papayas,2017,479.4
El Salvador,Papayas,2018,497.5
El Salvador,Pineapples,2015,677.4
El Salvador,Pineapples,2016,1012.0
El Salvador,Pineapples,2017,1100.0
El Salvador,Pineapples,2018,499.9
El Salvador,Plantains,2015,333.0
El Salvador,Plantains,2016,344.0
El Salvador,Plantains,2017,334.0
El Salvador,Plantains,2018,305.0
El Salvador,Plantains and cooking bananas,2015,333.3
El Salvador,Potatoes,2015,356.8
El Salvador,Potatoes,2016,484.0
El Salvador,Potatoes,2017,418.0
El Salvador,"Pumpkins, squash and gourds",2015,371.3
El Salvador,"Pumpkins, squash and gourds",2016,339.2
El Salvador,"Pumpkins, squash and gourds",2017,374.0
El Salvador,"Pumpkins, squash and gourds",2018,445.9
El Salvador,Raw milk of cattle,2015,509.9
El Salvador,Raw milk of cattle,2016,452.4
El Salvador,Raw milk of cattle,2017,620.3
El Salvador,Raw milk of cattle,2018,552.4
El Salvador,Rice,2015,377.5
El Salvador,Rice,2016,363.0
El Salvador,Rice,2017,308.0
El Salvador,Rice,2018,371.7
El Salvador,Sesame seed,2015,946.0
El Salvador,Sesame seed,2016,880.0
El Salvador,Sesame seed,2017,924.0
El Salvador,Sesame seed,2018,1466.8
El Salvador,Sorghum,2015,316.1
El Salvador,Sorghum,2016,335.1
El Salvador,Sorghum,2017,308.0
El Salvador,Sorghum,2018,365.2
El Salvador,Sugar cane,2015,26.0
El Salvador,"Tangerines, mandarins, clementines",2015,302.5
El Salvador,"Tangerines, mandarins, clementines",2016,290.2
El Salvador,"Tangerines, mandarins, clementines",2017,249.5
El Salvador,"Tangerines, mandarins, clementines",2018,329.8
El Salvador,Tomatoes,2015,491.5
El Salvador,Watermelons,2015,280.9
El Salvador,Watermelons,2016,246.4
El Salvador,Watermelons,2017,267.5
El Salvador,Watermelons,2018,248.1
Estonia,Apples,2015,348.5
Estonia,Apples,2016,346.1
Estonia,Apples,2017,351.0
Estonia,Apples,2018,394.2
Estonia,Barley,2015,157.5
Estonia,Barley,2016,139.7
Estonia,Barley,2017,151.4
Estonia,Barley,2018,187.0
Estonia,Cabbages,2015,284.6
Estonia,Carrots and turnips,2015,251.6
Estonia,Cucumbers and gherkins,2015,850.6
Estonia,"Hen eggs in shell, fresh",2015,1185.5
Estonia,"Hen eggs in shell, fresh",2016,1120.3
Estonia,"Hen eggs in shell, fresh",2017,1149.3
Estonia,"Hen eggs in shell, fresh",2018,1131.3
Estonia,"Meat of cattle with the bone, fresh or chilled",2015,2190.7
Estonia,"Meat of cattle with the bone, fresh or chilled",2016,2163.9
Estonia,"Meat of cattle with the bone, fresh or chilled",2017,2444.5
Estonia,"Meat of cattle with the bone, fresh or chilled",2018,2651.1
Estonia,"Meat of cattle with the bone, fresh or chilled (biological)",2015,1613.2
Estonia,"Meat of cattle with the bone, fresh or chilled (biological)",2016,1635.0
Estonia,"Meat of cattle with the bone, fresh or chilled (biological)",2017,1606.3
Estonia,"Meat of cattle with the bone, fresh or chilled (biological)",2018,1466.9
Estonia,"Meat of chickens, fresh or chilled (biological)",2015,1275.4
Estonia,"Meat of chickens, fresh or chilled (biological)",2016,1284.6
Estonia,"Meat of chickens, fresh or chilled (biological)",2017,1182.7
Estonia,"Meat of chickens, fresh or chilled (biological)",2018,1212.0
Estonia,"Meat of pig with the bone, fresh or chilled",2015,1654.0
Estonia,"Meat of pig with the bone, fresh or chilled",2016,1668.6
Estonia,"Meat of pig with the bone, fresh or chilled",2017,1836.3
Estonia,"Meat of pig with the bone, fresh or chilled",2018,1806.9
Estonia,"Meat of pig with the bone, fresh or chilled (biological)",2015,1125.8
Estonia,"Meat of pig with the bone, fresh or chilled (biological)",2016,1220.7
Estonia,"Meat of pig with the bone, fresh or chilled (biological)",2017,1265.2
Estonia,"Meat of pig with the bone, fresh or chilled (biological)",2018,1343.1
Estonia,"Meat of sheep, fresh or chilled",2015,3299.3
Estonia,"Meat of sheep, fresh or chilled",2016,3252.9
Estonia,"Meat of sheep, fresh or chilled",2017,3144.1
Estonia,"Meat of sheep, fresh or chilled",2018,3157.6
Estonia,"Meat of sheep, fresh or chilled (biological)",2015,1378.1
Estonia,"Meat of sheep, fresh or chilled (biological)",2016,1809.4
Estonia,"Meat of sheep, fresh or chilled (biological)",2017,1357.6
Estonia,"Meat of sheep, fresh or chilled (biological)",2018,1312.5
Estonia,Natural honey,2015,7423.0
Estonia,Natural honey,2016,7402.0
Estonia,Natural honey,2017,7620.4
Estonia,Natural honey,2018,8408.9
Estonia,Oats,2015,145.7
Estonia,Oats,2016,112.7
Estonia,Oats,2017,118.5
Estonia,Oats,2018,208.7
Estonia,"Onions and shallots, dry (excluding dehydrated)",2015,616.6
Estonia,"Peas, green",2015,920.7
Estonia,Potatoes,2015,302.1
Estonia,Potatoes,2016,463.0
Estonia,Potatoes,2017,98.4
Estonia,Potatoes,2018,187.9
Estonia,Rape or colza seed,2015,418.5
Estonia,Rape or colza seed,2016,401.6
Estonia,Rape or colza seed,2017,412.4
Estonia,Rape or colza seed,2018,426.8
Estonia,Raw milk of cattle,2015,262.7
Estonia,Raw milk of cattle,2016,261.8
Estonia,Raw milk of cattle,2017,369.1
Estonia,Raw milk of cattle,2018,362.6
Estonia,Rye,2015,131.4
Estonia,Rye,2016,112.1
Estonia,Rye,2017,130.9
Estonia,Rye,2018,159.1
Estonia,"Shorn wool, greasy, including fleece-washed shorn wool",2015,1481.9
Estonia,"Shorn wool, greasy, including fleece-washed shorn wool",2016,1457.4
Estonia,"Shorn wool, greasy, including fleece-washed shorn wool",2017,482.0
Estonia,"Shorn wool, greasy, including fleece-washed shorn wool",2018,787.6
Estonia,Strawberries,2015,3783.7
Estonia,Tomatoes,2015,1402.0
Estonia,Tomatoes,2016,1460.8
Estonia,Tomatoes,2017,1376.0
Estonia,Tomatoes,2018,2030.7
Estonia,Wheat,2015,162.4
Estonia,Wheat,2016,151.5
Estonia,Wheat,2017,157.5
Estonia,Wheat,2018,194.2
Ethiopia,Avocados,2015,240.1
Ethiopia,Avocados,2016,235.1
Ethiopia,Avocados,2017,214.9
Ethiopia,Avocados,2018,190.3
Ethiopia,Bananas,2015,215.3
Ethiopia,Bananas,2016,229.2
Ethiopia,Bananas,2017,203.2
Ethiopia,Bananas,2018,180.1
Ethiopia,Barley,2015,352.8
Ethiopia,Barley,2016,347.4
Ethiopia,Barley,2017,328.1
Ethiopia,Barley,2018,303.3
Ethiopia,"Beans, dry",2015,451.0
Ethiopia,"Beans, dry",2016,652.0
Ethiopia,"Beans, dry",2017,568.2
Ethiopia,"Beans, dry",2018,507.8
Ethiopia,Cabbages,2015,187.6
Ethiopia,Cabbages,2016,170.7
Ethiopia,Cabbages,2017,181.8
Ethiopia,Cabbages,2018,164.4
Ethiopia,Carrots and turnips,2015,190.5
Ethiopia,Carrots and turnips,2016,229.2
Ethiopia,Carrots and turnips,2017,205.3
Ethiopia,Carrots and turnips,2018,184.8
Ethiopia,Castor oil seeds,2015,511.3
Ethiopia,Castor oil seeds,2016,434.4
Ethiopia,Castor oil seeds,2017,516.2
Ethiopia,Castor oil seeds,2018,444.8
Ethiopia,"Chick peas, dry",2015,420.9
Ethiopia,"Chick peas, dry",2016,681.0
Ethiopia,"Chick peas, dry",2017,770.1
Ethiopia,"Chick peas, dry",2018,671.2
Ethiopia,"Chillies and peppers, green (Capsicum spp. and Pimenta spp.)",2015,514.2
Ethiopia,"Chillies and peppers, green (Capsicum spp. and Pimenta spp.)",2016,592.2
Ethiopia,"Chillies and peppers, green (Capsicum spp. and Pimenta spp.)",2017,526.3
Ethiopia,"Chillies and peppers, green (Capsicum spp. and Pimenta spp.)",2018,482.0
Ethiopia,"Ginger, raw",2015,449.5
Ethiopia,"Ginger, raw",2016,625.4
Ethiopia,"Ginger, raw",2017,1225.2
Ethiopia,"Ginger, raw",2018,121.4
Ethiopia,Grapes,2015,325.6
Ethiopia,Grapes,2016,147.3
Ethiopia,Green garlic,2015,1447.7
Ethiopia,Green garlic,2016,1593.1
Ethiopia,Green garlic,2017,1308.6
Ethiopia,Green garlic,2018,983.6
Ethiopia,"Groundnuts, excluding shelled",2015,980.2
Ethiopia,"Groundnuts, excluding shelled",2016,934.6
Ethiopia,"Groundnuts, excluding shelled",2017,819.6
Ethiopia,"Groundnuts, excluding shelled",2018,752.8
Ethiopia,"Hen eggs in shell, fresh",2016,2372.4
Ethiopia,"Hen eggs in shell, fresh",2017,2284.3
Ethiopia,Hop cones,2016,1168.8
Ethiopia,Hop cones,2017,1186.6
Ethiopia,Hop cones,2018,1031.7
Ethiopia,"Horse meat, fresh or chilled (biological)",2016,708.2
Ethiopia,Lemons and limes,2015,285.8
Ethiopia,Lemons and limes,2016,293.6
Ethiopia,Lemons and limes,2017,306.3
Ethiopia,Lemons and limes,2018,306.2
Ethiopia,"Lentils, dry",2015,890.8
Ethiopia,"Lentils, dry",2016,1437.1
Ethiopia,"Lentils, dry",2017,1133.8
Ethiopia,"Lentils, dry",2018,912.5
Ethiopia,Lettuce and chicory,2015,345.0
Ethiopia,Lettuce and chicory,2016,549.4
Ethiopia,Lettuce and chicory,2017,379.2
Ethiopia,Lettuce and chicory,2018,308.1
Ethiopia,Linseed,2015,872.3
Ethiopia,Linseed,2016,992.6
Ethiopia,Linseed,2017,773.9
Ethiopia,Linseed,2018,781.3
Ethiopia,Maize (corn),2015,199.3
Ethiopia,Maize (corn),2016,186.8
Ethiopia,Maize (corn),2017,201.5
Ethiopia,Maize (corn),2018,205.6
Ethiopia,"Mangoes, guavas and mangosteens",2015,269.2
Ethiopia,"Mangoes, guavas and mangosteens",2016,260.5
Ethiopia,"Mangoes, guavas and mangosteens",2017,248.1
Ethiopia,"Mangoes, guavas and mangosteens",2018,245.4
Ethiopia,"Meat of asses, fresh or chilled (biological)",2016,420.6
Ethiopia,"Meat of asses, fresh or chilled (biological)",2017,391.1
Ethiopia,"Meat of camels, fresh or chilled (biological)",2016,1119.2
Ethiopia,"Meat of camels, fresh or chilled (biological)",2017,1400.4
Ethiopia,"Meat of cattle with the bone, fresh or chilled (biological)",2016,1834.2
Ethiopia,"Meat of cattle with the bone, fresh or chilled (biological)",2017,1638.7
Ethiopia,"Meat of chickens, fresh or chilled (biological)",2016,3789.0
Ethiopia,"Meat of chickens, fresh or chilled (biological)",2017,3872.1
Ethiopia,"Meat of goat, fresh or chilled (biological)",2016,1634.4
Ethiopia,"Meat of goat, fresh or chilled (biological)",2017,3146.3
Ethiopia,"Meat of mules, fresh or chilled (biological)",2016,1184.4
Ethiopia,"Meat of mules, fresh or chilled (biological)",2017,1278.8
Ethiopia,"Meat of sheep, fresh or chilled (biological)",2016,1515.3
Ethiopia,"Meat of sheep, fresh or chilled (biological)",2017,3215.2
Ethiopia,Millet,2015,283.8
Ethiopia,Millet,2016,291.3
Ethiopia,Millet,2017,284.1
Ethiopia,Millet,2018,277.4
Ethiopia,Natural honey,2016,2717.2
Ethiopia,Natural honey,2017,2689.6
Ethiopia,Natural honey,2018,2462.3
Ethiopia,"Nutmeg, mace, cardamoms, raw",2015,610.9
Ethiopia,"Nutmeg, mace, cardamoms, raw",2016,622.6
Ethiopia,"Nutmeg, mace, cardamoms, raw",2017,591.2
Ethiopia,"Nutmeg, mace, cardamoms, raw",2018,567.6
Ethiopia,Oats,2015,363.5
Ethiopia,Oats,2016,435.8
Ethiopia,Oats,2017,496.9
Ethiopia,Oats,2018,424.0
Ethiopia,"Onions and shallots, dry (excluding dehydrated)",2015,422.3
Ethiopia,"Onions and shallots, dry (excluding dehydrated)",2016,416.0
Ethiopia,"Onions and shallots, dry (excluding dehydrated)",2017,360.8
Ethiopia,"Onions and shallots, dry (excluding dehydrated)",2018,303.3
Ethiopia,Oranges,2015,265.8
Ethiopia,Oranges,2016,305.5
Ethiopia,Oranges,2017,320.5
Ethiopia,Oranges,2018,300.0
Ethiopia,Papayas,2015,239.1
Ethiopia,Papayas,2016,248.0
Ethiopia,Papayas,2017,240.9
Ethiopia,Papayas,2018,201.6
Ethiopia,"Peas, dry",2015,530.2
Ethiopia,"Peas, dry",2016,722.5
Ethiopia,"Peas, dry",2017,656.2
Ethiopia,"Peas, dry",2018,581.1
Ethiopia,"Peas, green",2015,530.2
Ethiopia,"Peas, green",2016,455.6
Ethiopia,"Peas, green",2017,456.7
Ethiopia,"Peas, green",2018,305.9
Ethiopia,Pineapples,2015,276.5
Ethiopia,Pineapples,2016,304.6
Ethiopia,Pineapples,2017,362.4
Ethiopia,Pineapples,2018,352.5
Ethiopia,Potatoes,2015,166.2
Ethiopia,Potatoes,2016,185.0
Ethiopia,Potatoes,2017,194.0
Ethiopia,Potatoes,2018,160.8
Ethiopia,"Pumpkins, squash and gourds",2015,125.4
Ethiopia,"Pumpkins, squash and gourds",2016,127.5
Ethiopia,"Pumpkins, squash and gourds",2017,129.9
Ethiopia,"Pumpkins, squash and gourds",2018,113.4
Ethiopia,Rape or colza seed,2015,583.2
Ethiopia,Rape or colza seed,2016,713.2
Ethiopia,Rape or colza seed,2017,540.5
Ethiopia,Rape or colza seed,2018,449.5
Ethiopia,Raw milk of cattle,2015,594.4
Ethiopia,Raw milk of cattle,2016,641.5
Ethiopia,Raw milk of cattle,2017,646.1
Ethiopia,Raw milk of cattle,2018,573.1
Ethiopia,Rice,2015,412.6
Ethiopia,Rice,2016,375.0
Ethiopia,Rice,2017,418.6
Ethiopia,Rice,2018,355.8
Ethiopia,Sesame seed,2015,1226.6
Ethiopia,Sesame seed,2016,774.0
Ethiopia,Sesame seed,2017,744.6
Ethiopia,Sesame seed,2018,739.4
Ethiopia,Sorghum,2015,261.0
Ethiopia,Sorghum,2016,262.8
Ethiopia,Sorghum,2017,260.6
Ethiopia,Sorghum,2018,278.5
Ethiopia,Soya beans,2015,417.0
Ethiopia,Soya beans,2016,386.1
Ethiopia,Soya beans,2017,421.9
Ethiopia,Soya beans,2018,375.1
Ethiopia,Spinach,2015,231.8
Ethiopia,Spinach,2016,289.0
Ethiopia,Spinach,2017,338.1
Ethiopia,Spinach,2018,274.5
Ethiopia,Sugar cane,2015,124.9
Ethiopia,Sugar cane,2016,125.6
Ethiopia,Sugar cane,2017,110.2
Ethiopia,Sugar cane,2018,99.9
Ethiopia,Sunflower seed,2015,474.3
Ethiopia,Sunflower seed,2016,585.3
Ethiopia,Sunflower seed,2017,429.5
Ethiopia,Sunflower seed,2018,388.6
Ethiopia,Sweet potatoes,2015,138.5
Ethiopia,Sweet potatoes,2016,135.7
Ethiopia,Sweet potatoes,2017,137.4
Ethiopia,Sweet potatoes,2018,124.3
Ethiopia,Tomatoes,2015,322.7
Ethiopia,Tomatoes,2016,302.8
Ethiopia,Tomatoes,2017,313.4
Ethiopia,Tomatoes,2018,275.6
Ethiopia,Vetches,2015,341.2
Ethiopia,Vetches,2016,576.6
Ethiopia,Vetches,2017,513.7
Ethiopia,Vetches,2018,431.3
Ethiopia,Wheat,2015,417.9
Ethiopia,Wheat,2016,394.4
Ethiopia,Wheat,2017,322.8
Ethiopia,Wheat,2018,305.9
Fiji,Bananas,2015,405.2
Fiji,Bananas,2016,1193.5
Fiji,Bananas,2017,822.5
Fiji,Bananas,2018,958.1
Fiji,Cabbages,2015,1906.9
Fiji,Cabbages,2016,2291.5
Fiji,Cabbages,2017,2902.9
Fiji,Cabbages,2018,1437.2
Fiji,"Cassava, fresh",2015,262.2
Fiji,"Cassava, fresh",2016,572.9
Fiji,"Cassava, fresh",2017,338.7
Fiji,"Cassava, fresh",2018,349.7
Fiji,"Chillies and peppers, green (Capsicum spp. and Pimenta spp.)",2015,2383.7
Fiji,"Chillies and peppers, green (Capsicum spp. and Pimenta spp.)",2016,2148.3
Fiji,"Chillies and peppers, green (Capsicum spp. and Pimenta spp.)",2017,1016.0
Fiji,"Chillies and peppers, green (Capsicum spp. and Pimenta spp.)",2018,2395.3
Fiji,Cocoa beans,2015,2026.1
Fiji,Cocoa beans,2016,1957.3
Fiji,Cocoa beans,2017,1790.1
Fiji,Cocoa beans,2018,2395.3
Fiji,"Coconuts, in shell",2015,429.1
Fiji,"Coconuts, in shell",2016,716.1
Fiji,"Coconuts, in shell",2017,967.6
Fiji,"Coconuts, in shell",2018,1101.9
Fiji,Cucumbers and gherkins,2015,1906.9
Fiji,Cucumbers and gherkins,2016,2864.4
Fiji,Cucumbers and gherkins,2017,1935.3
Fiji,Cucumbers and gherkins,2018,1197.7
Fiji,Eggplants (aubergines),2015,619.7
Fiji,Eggplants (aubergines),2016,1193.5
Fiji,Eggplants (aubergines),2017,725.7
Fiji,Eggplants (aubergines),2018,862.3
Fiji,"Ginger, raw",2015,500.6
Fiji,"Ginger, raw",2016,954.8
Fiji,"Ginger, raw",2017,725.7
Fiji,"Ginger, raw",2018,800.0
Fiji,"Hen eggs in shell, fresh",2015,3972.8
Fiji,"Hen eggs in shell, fresh",2016,3978.3
Fiji,"Hen eggs in shell, fresh",2017,4031.8
Fiji,"Hen eggs in shell, fresh",2018,2851.7
Fiji,Locust beans (carobs),2015,1906.9
Fiji,Locust beans (carobs),2016,2864.4
Fiji,Locust beans (carobs),2017,2419.1
Fiji,Maize (corn),2015,524.4
Fiji,Maize (corn),2016,716.1
Fiji,Maize (corn),2017,870.9
Fiji,Maize (corn),2018,766.5
Fiji,"Mangoes, guavas and mangosteens",2015,1906.9
Fiji,"Mangoes, guavas and mangosteens",2016,2864.4
Fiji,"Mangoes, guavas and mangosteens",2017,1935.3
Fiji,"Mangoes, guavas and mangosteens",2018,958.1
Fiji,"Meat of cattle with the bone, fresh or chilled",2015,1906.9
Fiji,"Meat of cattle with the bone, fresh or chilled",2016,2387.0
Fiji,"Meat of cattle with the bone, fresh or chilled",2017,2419.1
Fiji,"Meat of cattle with the bone, fresh or chilled",2018,2395.3
Fiji,"Meat of chickens, fresh or chilled",2015,2860.4
Fiji,"Meat of chickens, fresh or chilled",2016,3819.2
Fiji,"Meat of chickens, fresh or chilled",2017,3628.7
Fiji,"Meat of chickens, fresh or chilled",2018,5748.8
Fiji,"Meat of ducks, fresh or chilled (biological)",2015,2860.4
Fiji,"Meat of ducks, fresh or chilled (biological)",2016,3819.2
Fiji,"Meat of ducks, fresh or chilled (biological)",2017,3386.8
Fiji,"Meat of ducks, fresh or chilled (biological)",2018,4790.7
Fiji,"Meat of goat, fresh or chilled (biological)",2015,2860.4
Fiji,"Meat of goat, fresh or chilled (biological)",2016,3819.2
Fiji,"Meat of goat, fresh or chilled (biological)",2017,7257.3
Fiji,"Meat of goat, fresh or chilled (biological)",2018,7186.0
Fiji,"Meat of pig with the bone, fresh or chilled",2016,3341.8
Fiji,"Meat of pig with the bone, fresh or chilled",2017,5805.9
Fiji,"Meat of pig with the bone, fresh or chilled",2018,5748.8
Fiji,"Meat of sheep, fresh or chilled",2015,4767.3
Fiji,"Meat of sheep, fresh or chilled",2016,7161.0
Fiji,"Meat of sheep, fresh or chilled",2017,7257.3
Fiji,"Meat of sheep, fresh or chilled",2018,7186.0
Fiji,Natural honey,2015,3813.8
Fiji,Natural honey,2016,4774.0
Fiji,Natural honey,2017,4838.2
Fiji,Natural honey,2018,5748.8
Fiji,Okra,2015,2860.4
Fiji,Okra,2016,3819.2
Fiji,Okra,2017,3870.6
Fiji,Okra,2018,1437.2
Fiji,Oranges,2015,2860.4
Fiji,Oranges,2016,2864.4
Fiji,Oranges,2017,2902.9
Fiji,Oranges,2018,958.1
Fiji,Other pulses n.e.c.,2015,476.7
Fiji,Other pulses n.e.c.,2016,1360.6
Fiji,Other pulses n.e.c.,2017,1209.6
Fiji,Other pulses n.e.c.,2018,1317.4
Fiji,"Other vegetables, fresh n.e.c.",2015,524.4
Fiji,"Other vegetables, fresh n.e.c.",2016,3819.2
Fiji,"Other vegetables, fresh n.e.c.",2017,1935.3
Fiji,"Other vegetables, fresh n.e.c.",2018,2155.8
Fiji,Papayas,2015,619.7
Fiji,Papayas,2016,572.9
Fiji,Papayas,2017,629.0
Fiji,Papayas,2018,574.9
Fiji,Pineapples,2015,524.4
Fiji,Pineapples,2016,572.9
Fiji,Pineapples,2017,1016.0
Fiji,Pineapples,2018,895.9
Fiji,Potatoes,2015,524.4
Fiji,Potatoes,2016,501.3
Fiji,Potatoes,2017,677.4
Fiji,Potatoes,2018,598.8
Fiji,"Pumpkins, squash and gourds",2015,476.7
Fiji,"Pumpkins, squash and gourds",2016,1432.2
Fiji,"Pumpkins, squash and gourds",2017,677.4
Fiji,"Pumpkins, squash and gourds",2018,958.1
Fiji,Raw milk of cattle,2015,381.4
Fiji,Raw milk of cattle,2016,429.7
Fiji,Raw milk of cattle,2017,435.4
Fiji,Raw milk of cattle,2018,431.2
Fiji,Rice,2015,333.7
Fiji,Rice,2016,716.1
Fiji,Rice,2017,532.2
Fiji,Rice,2018,455.1
Fiji,Sweet potatoes,2015,309.9
Fiji,Sweet potatoes,2016,525.1
Fiji,Sweet potatoes,2017,677.4
Fiji,Sweet potatoes,2018,895.9
Fiji,Taro,2015,762.8
Fiji,Taro,2016,1432.2
Fiji,Taro,2017,967.6
Fiji,Taro,2018,1317.4
Fiji,Tomatoes,2015,858.1
Fiji,Tomatoes,2016,1432.2
Fiji,Tomatoes,2017,774.1
Fiji,Tomatoes,2018,1293.5
Fiji,Watermelons,2015,643.6
Fiji,Watermelons,2016,763.8
Fiji,Watermelons,2017,822.5
Fiji,Watermelons,2018,809.6
Fiji,Yams,2015,500.6
Fiji,Yams,2016,429.7
Fiji,Yams,2017,870.9
Fiji,Yams,2018,958.1
Finland,Apples,2015,1815.5
Finland,Apples,2016,1622.7
Finland,Apples,2017,1852.7
Finland,Apples,2018,1745.5
Finland,Barley,2015,150.8
Finland,Barley,2016,137.2
Finland,Barley,2017,145.7
Finland,Barley,2018,201.9
Finland,Carrots and turnips,2015,674.3
Finland,Carrots and turnips,2016,720.1
Finland,Carrots and turnips,2017,775.0
Finland,Carrots and turnips,2018,1042.8
Finland,Cucumbers and gherkins,2015,1470.6
Finland,Cucumbers and gherkins,2016,1609.5
Finland,Cucumbers and gherkins,2017,1522.8
Finland,Cucumbers and gherkins,2018,1946.2
Finland,Currants,2015,2608.5
Finland,Currants,2016,3140.4
Finland,Currants,2017,3775.4
Finland,Currants,2018,3835.7
Finland,"Hen eggs in shell, fresh",2015,1134.6
Finland,"Hen eggs in shell, fresh",2016,1101.7
Finland,"Hen eggs in shell, fresh",2017,1089.0
Finland,"Hen eggs in shell, fresh",2018,1214.0
Finland,"Meat of cattle with the bone, fresh or chilled",2015,3215.2
Finland,"Meat of cattle with the bone, fresh or chilled",2016,3147.0
Finland,"Meat of cattle with the bone, fresh or chilled",2017,3368.7
Finland,"Meat of cattle with the bone, fresh or chilled",2018,3683.4
Finland,"Meat of chickens, fresh or chilled",2015,1503.9
Finland,"Meat of chickens, fresh or chilled",2016,1452.4
Finland,"Meat of chickens, fresh or chilled",2017,1460.7
Finland,"Meat of chickens, fresh or chilled",2018,1555.3
Finland,"Meat of pig with the bone, fresh or chilled",2015,1615.8
Finland,"Meat of pig with the bone, fresh or chilled",2016,1544.2
Finland,"Meat of pig with the bone, fresh or chilled",2017,1668.5
Finland,"Meat of pig with the bone, fresh or chilled",2018,1799.8
Finland,"Meat of sheep, fresh or chilled",2015,3542.4
Finland,"Meat of sheep, fresh or chilled",2016,3422.4
Finland,"Meat of sheep, fresh or chilled",2017,3631.9
Finland,"Meat of sheep, fresh or chilled",2018,3710.6
Finland,Oats,2015,149.7
Finland,Oats,2016,143.8
Finland,Oats,2017,154.8
Finland,Oats,2018,210.2
Finland,"Onions and shallots, dry (excluding dehydrated)",2015,615.5
Finland,"Onions and shallots, dry (excluding dehydrated)",2016,702.4
Finland,"Onions and shallots, dry (excluding dehydrated)",2017,808.9
Finland,"Onions and shallots, dry (excluding dehydrated)",2018,966.0
Finland,Potatoes,2015,196.3
Finland,Potatoes,2016,221.2
Finland,Potatoes,2017,203.3
Finland,Potatoes,2018,219.7
Finland,Rape or colza seed,2015,397.0
Finland,Rape or colza seed,2016,410.4
Finland,Rape or colza seed,2017,440.6
Finland,Rape or colza seed,2018,420.4
Finland,Raw milk of cattle,2015,417.0
Finland,Raw milk of cattle,2016,410.4
Finland,Raw milk of cattle,2017,425.9
Finland,Raw milk of cattle,2018,447.6
Finland,Rye,2015,209.6
Finland,Rye,2016,186.9
Finland,Rye,2017,183.0
Finland,Rye,2018,209.0
Finland,Strawberries,2015,4789.0
Finland,Strawberries,2016,5468.8
Finland,Strawberries,2017,6466.3
Finland,Strawberries,2018,7155.4
Finland,Sugar beet,2015,34.4
Finland,Sugar beet,2016,37.6
Finland,Sugar beet,2018,35.1
Finland,Tomatoes,2015,1864.3
Finland,Tomatoes,2016,1872.7
Finland,Tomatoes,2017,1943.1
Finland,Tomatoes,2018,2190.7
Finland,Wheat,2015,187.4
Finland,Wheat,2016,167.0
Finland,Wheat,2017,179.6
Finland,Wheat,2018,236.2
France,Apples,2015,628.8
France,Apples,2016,664.1
France,Apples,2017,663.2
France,Apples,2018,763.6
France,Apricots,2015,1358.3
France,Apricots,2016,1737.9
France,Apricots,2017,1526.7
France,Apricots,2018,1723.1
France,Artichokes,2015,915.0
France,Artichokes,2016,1009.0
France,Artichokes,2017,971.6
France,Artichokes,2018,1176.3
France,Barley,2015,166.2
France,Barley,2016,138.5
France,Barley,2017,149.7
France,Barley,2018,195.2
France,Cabbages,2015,749.3
France,Cabbages,2016,719.0
France,Cabbages,2017,795.0
France,Cabbages,2018,772.0
France,Carrots and turnips,2015,232.0
France,Carrots and turnips,2016,231.3
France,Carrots and turnips,2017,223.1
France,Carrots and turnips,2018,311.9
France,Cauliflowers and broccoli,2015,255.3
France,Cauliflowers and broccoli,2016,276.4
France,Cauliflowers and broccoli,2017,238.6
France,Cauliflowers and broccoli,2018,339.8
France,Cherries,2015,2898.9
France,Cherries,2016,3424.5
France,Cherries,2017,3280.1
France,Cherries,2018,4060.7
France,"Chillies and peppers, green (Capsicum spp. and Pimenta spp.)",2015,1191.2
France,"Chillies and peppers, green (Capsicum spp. and Pimenta spp.)",2016,1497.8
France,"Chillies and peppers, green (Capsicum spp. and Pimenta spp.)",2017,858.2
France,"Chillies and peppers, green (Capsicum spp. and Pimenta spp.)",2018,1036.2
France,Cucumbers and gherkins,2015,815.9
France,Cucumbers and gherkins,2016,855.7
France,Cucumbers and gherkins,2017,795.9
France,Cucumbers and gherkins,2018,952.2
France,Grapes,2015,2091.7
France,Grapes,2016,2297.9
France,Grapes,2017,2451.3
France,Grapes,2018,2725.1
France,"Hazelnuts, in shell",2015,2292.9
France,"Hazelnuts, in shell",2016,2510.0
France,"Hazelnuts, in shell",2017,2122.9
France,"Hazelnuts, in shell",2018,1997.1
France,"Hen eggs in shell, fresh",2015,1257.0
France,"Hen eggs in shell, fresh",2016,1219.2
France,"Hen eggs in shell, fresh",2017,1694.7
France,"Hen eggs in shell, fresh",2018,1662.4
France,"Horse meat, fresh or chilled",2015,2574.6
France,"Horse meat, fresh or chilled",2016,2646.5
France,"Horse meat, fresh or chilled",2017,3229.3
France,"Horse meat, fresh or chilled",2018,3587.6
France,Lettuce and chicory,2015,914.1
France,Lettuce and chicory,2016,1007.8
France,Lettuce and chicory,2017,532.5
France,Lettuce and chicory,2018,648.5
France,Maize (corn),2015,173.8
France,Maize (corn),2016,175.9
France,Maize (corn),2017,161.3
France,Maize (corn),2018,186.7
France,"Meat of cattle with the bone, fresh or chilled",2015,4358.0
France,"Meat of cattle with the bone, fresh or chilled",2016,4159.7
France,"Meat of cattle with the bone, fresh or chilled",2017,4445.9
France,"Meat of cattle with the bone, fresh or chilled",2018,4551.8
France,"Meat of chickens, fresh or chilled",2015,1705.4
France,"Meat of chickens, fresh or chilled",2016,1684.4
France,"Meat of chickens, fresh or chilled",2017,1705.7
France,"Meat of chickens, fresh or chilled",2018,1778.0
France,"Meat of ducks, fresh or chilled",2015,3120.6
France,"Meat of ducks, fresh or chilled",2016,3144.6
France,"Meat of ducks, fresh or chilled",2017,3213.3
France,"Meat of ducks, fresh or chilled",2018,3380.7
France,"Meat of geese, fresh or chilled",2015,5291.5
France,"Meat of geese, fresh or chilled",2016,5756.4
France,"Meat of geese, fresh or chilled",2017,5475.7
France,"Meat of geese, fresh or chilled",2018,5925.4
France,"Meat of pig with the bone, fresh or chilled",2015,1430.8
France,"Meat of pig with the bone, fresh or chilled",2016,1467.5
France,"Meat of pig with the bone, fresh or chilled",2017,1596.4
France,"Meat of pig with the bone, fresh or chilled",2018,1469.7
France,"Meat of rabbits and hares, fresh or chilled",2015,3657.4
France,"Meat of rabbits and hares, fresh or chilled",2016,3509.8
France,"Meat of rabbits and hares, fresh or chilled",2017,3697.3
France,"Meat of rabbits and hares, fresh or chilled",2018,4074.2
France,"Meat of sheep, fresh or chilled",2015,6736.2
France,"Meat of sheep, fresh or chilled",2016,6582.2
France,"Meat of sheep, fresh or chilled",2017,6748.2
France,"Meat of sheep, fresh or chilled",2018,7170.2
France,"Meat of turkeys, fresh or chilled",2015,1767.1
France,"Meat of turkeys, fresh or chilled",2016,1751.3
France,"Meat of turkeys, fresh or chilled",2017,1759.3
France,"Meat of turkeys, fresh or chilled",2018,1819.8
France,Mushrooms and truffles,2015,1104.3
France,Mushrooms and truffles,2016,1150.5
France,Mushrooms and truffles,2017,1071.7
France,Mushrooms and truffles,2018,1193.7
France,Oats,2015,161.6
France,Oats,2016,171.8
France,Oats,2017,151.2
France,Oats,2018,145.7
France,Olives,2015,1649.2
France,Olives,2016,1714.3
France,Olives,2017,3003.6
France,Olives,2018,3600.9
France,"Onions and shallots, green",2015,254.3
France,"Onions and shallots, green",2016,226.7
France,"Onions and shallots, green",2017,227.4
France,"Onions and shallots, green",2018,354.8
France,"Other beans, green",2015,255.5
France,"Other beans, green",2016,249.8
France,"Other beans, green",2017,255.1
France,"Other beans, green",2018,263.0
France,Peaches and nectarines,2015,1134.7
France,Peaches and nectarines,2016,2364.5
France,Peaches and nectarines,2017,1134.8
France,Peaches and nectarines,2018,1633.0
France,Pears,2015,731.8
France,Pears,2016,862.9
France,Pears,2017,1140.1
France,Pears,2018,988.9
France,"Peas, green",2015,313.4
France,"Peas, green",2016,308.1
France,"Peas, green",2017,362.2
France,"Peas, green",2018,356.9
France,Potatoes,2015,330.3
France,Potatoes,2016,395.6
France,Potatoes,2017,273.3
France,Potatoes,2018,277.2
France,Rape or colza seed,2015,404.3
France,Rape or colza seed,2016,400.8
France,Rape or colza seed,2017,384.1
France,Rape or colza seed,2018,388.5
France,Raw milk of cattle,2015,371.3
France,Raw milk of cattle,2016,349.3
France,Raw milk of cattle,2017,399.1
France,Raw milk of cattle,2018,422.8
France,Raw milk of goats,2017,796.7
France,Raw milk of goats,2018,833.3
France,Rice,2015,372.6
France,Rice,2016,361.3
France,Rice,2017,334.6
France,Rice,2018,372.1
France,Rye,2015,169.6
France,Rye,2016,189.3
France,Rye,2017,200.9
France,Rye,2018,246.0
France,Sorghum,2017,179.8
France,Sorghum,2018,187.2
France,Soya beans,2015,385.3
France,Soya beans,2016,380.2
France,Soya beans,2017,391.9
France,Soya beans,2018,383.9
France,Strawberries,2015,4219.7
France,Strawberries,2016,4647.5
France,Strawberries,2017,4602.5
France,Strawberries,2018,5403.9
France,Sugar beet,2015,30.5
France,Sugar beet,2016,31.3
France,Sugar beet,2017,29.1
France,Sugar beet,2018,30.9
France,Sunflower seed,2015,433.1
France,Sunflower seed,2016,427.0
France,Sunflower seed,2017,400.2
France,Sunflower seed,2018,420.6
France,Tomatoes,2015,899.2
France,Tomatoes,2016,928.5
France,Tomatoes,2017,917.6
France,Tomatoes,2018,779.4
France,Triticale,2015,155.0
France,Triticale,2016,139.8
France,Triticale,2017,149.0
France,Triticale,2018,171.0
France,Unmanufactured tobacco,2015,3640.8
France,Unmanufactured tobacco,2016,3792.6
France,Unmanufactured tobacco,2017,3400.8
France,Unmanufactured tobacco,2018,3423.7
France,"Walnuts, in shell",2015,3210.4
France,"Walnuts, in shell",2016,3398.4
France,"Walnuts, in shell",2017,3420.8
France,"Walnuts, in shell",2018,3309.8
France,Wheat,2015,172.9
France,Wheat,2016,159.9
France,Wheat,2017,158.0
France,Wheat,2018,195.1
Gambia,Fonio,2017,1566.9
Gambia,Fonio,2018,1944.7
Gambia,Maize (corn),2017,496.4
Gambia,Maize (corn),2018,436.2
Gambia,Millet,2017,511.2
Gambia,Millet,2018,418.9
Gambia,Rice,2017,598.3
Gambia,Rice,2018,617.5
Gambia,Sorghum,2017,505.9
Gambia,Sorghum,2018,506.7
Georgia,Apples,2015,305.2
Georgia,Apples,2016,246.6
Georgia,Apples,2017,285.0
Georgia,Apples,2018,184.1
Georgia,Barley,2015,213.0
Georgia,Barley,2016,183.5
Georgia,Barley,2017,180.8
Georgia,Barley,2018,180.0
Georgia,"Beans, dry",2015,1277.3
Georgia,"Beans, dry",2016,1322.0
Georgia,"Beans, dry",2017,1442.6
Georgia,"Beans, dry",2018,1385.3
Georgia,Cabbages,2015,129.9
Georgia,Cabbages,2016,76.6
Georgia,Cabbages,2017,101.2
Georgia,Cabbages,2018,173.0
Georgia,Carrots and turnips,2015,337.9
Georgia,Carrots and turnips,2016,186.3
Georgia,Carrots and turnips,2017,223.0
Georgia,Carrots and turnips,2018,295.8
Georgia,Cherries,2015,581.3
Georgia,Cherries,2016,666.5
Georgia,Cherries,2017,755.9
Georgia,Cherries,2018,609.9
Georgia,Cucumbers and gherkins,2015,406.8
Georgia,Cucumbers and gherkins,2016,334.3
Georgia,Cucumbers and gherkins,2017,312.2
Georgia,Cucumbers and gherkins,2018,401.8
Georgia,Grapes,2015,343.4
Georgia,Grapes,2016,389.4
Georgia,Grapes,2017,435.2
Georgia,Grapes,2018,442.0
Georgia,"Hazelnuts, in shell",2015,2612.1
Georgia,"Hazelnuts, in shell",2016,1880.1
Georgia,"Hazelnuts, in shell",2017,1172.5
Georgia,"Hazelnuts, in shell",2018,1699.6
Georgia,"Hen eggs in shell, fresh",2015,1557.8
Georgia,"Hen eggs in shell, fresh",2016,1378.3
Georgia,"Hen eggs in shell, fresh",2017,1471.7
Georgia,"Hen eggs in shell, fresh",2018,1363.5
Georgia,Maize (corn),2015,239.0
Georgia,Maize (corn),2016,218.8
Georgia,Maize (corn),2017,215.1
Georgia,Maize (corn),2018,200.0
Georgia,"Meat of cattle with the bone, fresh or chilled",2015,4229.8
Georgia,"Meat of cattle with the bone, fresh or chilled",2016,4427.8
Georgia,"Meat of cattle with the bone, fresh or chilled",2017,4506.6
Georgia,"Meat of cattle with the bone, fresh or chilled",2018,4977.2
Georgia,"Meat of cattle with the bone, fresh or chilled (biological)",2015,1753.0
Georgia,"Meat of cattle with the bone, fresh or chilled (biological)",2016,1896.2
Georgia,"Meat of cattle with the bone, fresh or chilled (biological)",2017,2030.1
Georgia,"Meat of cattle with the bone, fresh or chilled (biological)",2018,2090.4
Georgia,"Meat of chickens, fresh or chilled",2015,1868.6
Georgia,"Meat of chickens, fresh or chilled",2016,1745.6
Georgia,"Meat of chickens, fresh or chilled",2017,1739.1
Georgia,"Meat of chickens, fresh or chilled",2018,1763.9
Georgia,"Meat of goat, fresh or chilled",2015,4219.8
Georgia,"Meat of goat, fresh or chilled",2016,4425.4
Georgia,"Meat of goat, fresh or chilled",2017,3691.4
Georgia,"Meat of goat, fresh or chilled",2018,4153.1
Georgia,"Meat of goat, fresh or chilled (biological)",2015,1748.8
Georgia,"Meat of goat, fresh or chilled (biological)",2016,1465.8
Georgia,"Meat of goat, fresh or chilled (biological)",2017,1616.5
Georgia,"Meat of goat, fresh or chilled (biological)",2018,1668.2
Georgia,"Meat of pig with the bone, fresh or chilled",2015,2987.7
Georgia,"Meat of pig with the bone, fresh or chilled",2016,2596.0
Georgia,"Meat of pig with the bone, fresh or chilled",2017,2969.3
Georgia,"Meat of pig with the bone, fresh or chilled",2018,3915.7
Georgia,"Meat of pig with the bone, fresh or chilled (biological)",2015,701.6
Georgia,"Meat of pig with the bone, fresh or chilled (biological)",2016,753.0
Georgia,"Meat of pig with the bone, fresh or chilled (biological)",2017,781.9
Georgia,"Meat of pig with the bone, fresh or chilled (biological)",2018,878.4
Georgia,"Meat of sheep, fresh or chilled",2015,5231.1
Georgia,"Meat of sheep, fresh or chilled",2016,4215.6
Georgia,"Meat of sheep, fresh or chilled",2017,4449.0
Georgia,"Meat of sheep, fresh or chilled",2018,4922.3
Georgia,"Meat of sheep, fresh or chilled (biological)",2015,1863.5
Georgia,"Meat of sheep, fresh or chilled (biological)",2016,1664.2
Georgia,"Meat of sheep, fresh or chilled (biological)",2017,1637.0
Georgia,"Meat of sheep, fresh or chilled (biological)",2018,1835.0
Georgia,Natural honey,2015,6261.5
Georgia,Natural honey,2016,5551.1
Georgia,Natural honey,2017,5648.4
Georgia,Natural honey,2018,5594.1
Georgia,"Onions and shallots, dry (excluding dehydrated)",2015,270.1
Georgia,"Onions and shallots, dry (excluding dehydrated)",2016,170.1
Georgia,"Onions and shallots, dry (excluding dehydrated)",2017,201.2
Georgia,"Onions and shallots, dry (excluding dehydrated)",2018,250.6
Georgia,Peaches and nectarines,2015,416.5
Georgia,Peaches and nectarines,2016,182.2
Georgia,Peaches and nectarines,2017,211.4
Georgia,Peaches and nectarines,2018,307.7
Georgia,Pears,2015,515.9
Georgia,Pears,2016,448.4
Georgia,Pears,2017,526.8
Georgia,Pears,2018,437.7
Georgia,Plums and sloes,2015,356.9
Georgia,Plums and sloes,2016,332.3
Georgia,Plums and sloes,2017,411.1
Georgia,Plums and sloes,2018,354.3
Georgia,Potatoes,2015,290.7
Georgia,Potatoes,2016,181.6
Georgia,Potatoes,2017,242.1
Georgia,Potatoes,2018,233.9
Georgia,Quinces,2015,483.7
Georgia,Quinces,2016,318.1
Georgia,Quinces,2017,369.5
Georgia,Quinces,2018,351.6
Georgia,Raw milk of cattle,2015,356.2
Georgia,Raw milk of cattle,2016,337.7
Georgia,Raw milk of cattle,2017,356.5
Georgia,Raw milk of cattle,2018,363.5
Georgia,Sunflower seed,2015,424.3
Georgia,Sunflower seed,2016,381.7
Georgia,Sunflower seed,2017,361.2
Georgia,Sunflower seed,2018,412.8
Georgia,Tomatoes,2015,366.6
Georgia,Tomatoes,2016,260.3
Georgia,Tomatoes,2017,368.4
Georgia,Tomatoes,2018,404.6
Georgia,"Walnuts, in shell",2015,2162.3
Georgia,"Walnuts, in shell",2016,1871.4
Georgia,"Walnuts, in shell",2017,1551.4
Georgia,"Walnuts, in shell",2018,1581.9
Georgia,Watermelons,2015,108.0
Georgia,Watermelons,2016,91.9
Georgia,Watermelons,2017,104.4
Georgia,Watermelons,2018,116.2
Georgia,Wheat,2015,194.8
Georgia,Wheat,2016,173.8
Georgia,Wheat,2017,173.9
Georgia,Wheat,2018,179.9
Germany,Apples,2015,448.1
Germany,Apples,2016,495.6
Germany,Apples,2017,649.2
Germany,Apples,2018,797.3
Germany,Apricots,2015,2732.7
Germany,Apricots,2016,2145.9
Germany,Apricots,2017,3220.7
Germany,Apricots,2018,2835.4
Germany,Asparagus,2015,5057.3
Germany,Asparagus,2016,5274.1
Germany,Asparagus,2017,5024.8
Germany,Asparagus,2018,5010.9
Germany,Barley,2015,160.8
Germany,Barley,2016,139.4
Germany,Barley,2017,153.6
Germany,Barley,2018,195.4
Germany,Blueberries,2015,5814.8
Germany,Blueberries,2016,6686.7
Germany,Blueberries,2017,6629.0
Germany,Blueberries,2018,6490.8
Germany,Cabbages,2015,235.1
Germany,Cabbages,2016,282.1
Germany,Cabbages,2017,236.1
Germany,Cabbages,2018,334.2
Germany,Carrots and turnips,2015,293.9
Germany,Carrots and turnips,2016,281.0
Germany,Carrots and turnips,2017,260.6
Germany,Carrots and turnips,2018,396.9
Germany,Cauliflowers and broccoli,2015,435.9
Germany,Cauliflowers and broccoli,2016,497.8
Germany,Cauliflowers and broccoli,2017,560.0
Germany,Cauliflowers and broccoli,2018,645.6
Germany,Cherries,2015,3074.3
Germany,Cherries,2016,3178.0
Germany,Cherries,2017,4198.1
Germany,Cherries,2018,3225.7
Germany,Cucumbers and gherkins,2015,651.0
Germany,Cucumbers and gherkins,2016,659.3
Germany,Cucumbers and gherkins,2017,579.5
Germany,Cucumbers and gherkins,2018,748.7
Germany,Currants,2015,2595.2
Germany,Currants,2016,2603.9
Germany,Currants,2017,2792.2
Germany,Currants,2018,2731.5
Germany,"Game meat, fresh, chilled or frozen",2015,5323.5
Germany,"Game meat, fresh, chilled or frozen",2016,5309.5
Germany,"Game meat, fresh, chilled or frozen",2017,5422.5
Germany,"Game meat, fresh, chilled or frozen",2018,5668.6
Germany,Gooseberries,2015,3300.6
Germany,Gooseberries,2016,3335.0
Germany,Gooseberries,2017,3980.3
Germany,Gooseberries,2018,3541.4
Germany,"Hen eggs in shell, fresh",2015,1405.4
Germany,"Hen eggs in shell, fresh",2016,1276.6
Germany,"Hen eggs in shell, fresh",2017,1837.1
Germany,"Hen eggs in shell, fresh",2018,1798.5
Germany,Hop cones,2015,5039.6
Germany,Hop cones,2016,5756.4
Germany,Hop cones,2017,6159.0
Germany,Hop cones,2018,6565.5
Germany,"Horse meat, fresh or chilled",2015,1120.2
Germany,"Horse meat, fresh or chilled",2016,1117.2
Germany,"Horse meat, fresh or chilled",2017,1141.0
Germany,"Horse meat, fresh or chilled",2018,1192.8
Germany,"Horse meat, fresh or chilled (biological)",2015,560.1
Germany,"Horse meat, fresh or chilled (biological)",2016,558.6
Germany,"Horse meat, fresh or chilled (biological)",2017,570.5
Germany,"Horse meat, fresh or chilled (biological)",2018,596.4
Germany,Leeks and other alliaceous vegetables,2015,646.6
Germany,Leeks and other alliaceous vegetables,2016,710.1
Germany,Leeks and other alliaceous vegetables,2017,706.7
Germany,Leeks and other alliaceous vegetables,2018,834.5
Germany,Lettuce and chicory,2015,1544.9
Germany,Lettuce and chicory,2016,1341.8
Germany,Lettuce and chicory,2017,1257.9
Germany,Lettuce and chicory,2018,1636.1
Germany,Lupins,2017,224.9
Germany,Lupins,2018,238.8
Germany,Maize (corn),2015,174.1
Germany,Maize (corn),2016,168.1
Germany,Maize (corn),2017,177.4
Germany,Maize (corn),2018,194.9
Germany,"Meat of cattle with the bone, fresh or chilled",2015,3656.6
Germany,"Meat of cattle with the bone, fresh or chilled",2016,3432.4
Germany,"Meat of cattle with the bone, fresh or chilled",2017,3633.4
Germany,"Meat of cattle with the bone, fresh or chilled",2018,4035.3
Germany,"Meat of cattle with the bone, fresh or chilled (biological)",2015,1938.6
Germany,"Meat of cattle with the bone, fresh or chilled (biological)",2016,1826.3
Germany,"Meat of cattle with the bone, fresh or chilled (biological)",2017,2007.4
Germany,"Meat of cattle with the bone, fresh or chilled (biological)",2018,2104.5
Germany,"Meat of chickens, fresh or chilled",2015,1510.5
Germany,"Meat of chickens, fresh or chilled",2016,1448.0
Germany,"Meat of chickens, fresh or chilled",2017,1459.5
Germany,"Meat of chickens, fresh or chilled",2018,1378.9
Germany,"Meat of chickens, fresh or chilled (biological)",2015,981.5
Germany,"Meat of chickens, fresh or chilled (biological)",2016,941.3
Germany,"Meat of chickens, fresh or chilled (biological)",2017,948.9
Germany,"Meat of chickens, fresh or chilled (biological)",2018,1020.3
Germany,"Meat of ducks, fresh or chilled",2015,4675.8
Germany,"Meat of ducks, fresh or chilled",2016,5167.9
Germany,"Meat of ducks, fresh or chilled",2017,6586.0
Germany,"Meat of ducks, fresh or chilled",2018,5987.4
Germany,"Meat of ducks, fresh or chilled (biological)",2015,3181.9
Germany,"Meat of ducks, fresh or chilled (biological)",2016,3514.2
Germany,"Meat of ducks, fresh or chilled (biological)",2017,4478.1
Germany,"Meat of ducks, fresh or chilled (biological)",2018,4370.7
Germany,"Meat of geese, fresh or chilled",2015,6953.8
Germany,"Meat of geese, fresh or chilled",2016,8052.8
Germany,"Meat of geese, fresh or chilled",2017,10099.3
Germany,"Meat of geese, fresh or chilled",2018,10168.0
Germany,"Meat of geese, fresh or chilled (biological)",2015,5157.2
Germany,"Meat of geese, fresh or chilled (biological)",2016,5975.4
Germany,"Meat of geese, fresh or chilled (biological)",2017,7372.3
Germany,"Meat of geese, fresh or chilled (biological)",2018,7422.3
Germany,"Meat of goat, fresh or chilled",2015,1498.3
Germany,"Meat of goat, fresh or chilled",2016,1888.2
Germany,"Meat of goat, fresh or chilled",2017,2053.8
Germany,"Meat of goat, fresh or chilled",2018,2078.1
Germany,"Meat of goat, fresh or chilled (biological)",2015,718.7
Germany,"Meat of goat, fresh or chilled (biological)",2016,907.0
Germany,"Meat of goat, fresh or chilled (biological)",2017,986.2
Germany,"Meat of goat, fresh or chilled (biological)",2018,987.3
Germany,"Meat of pig with the bone, fresh or chilled",2015,1536.1
Germany,"Meat of pig with the bone, fresh or chilled",2016,1648.2
Germany,"Meat of pig with the bone, fresh or chilled",2017,1843.6
Germany,"Meat of pig with the bone, fresh or chilled",2018,1686.4
Germany,"Meat of pig with the bone, fresh or chilled (biological)",2015,1183.4
Germany,"Meat of pig with the bone, fresh or chilled (biological)",2016,1268.8
Germany,"Meat of pig with the bone, fresh or chilled (biological)",2017,1420.0
Germany,"Meat of pig with the bone, fresh or chilled (biological)",2018,1299.0
Germany,"Meat of rabbits and hares, fresh or chilled",2015,1053.6
Germany,"Meat of rabbits and hares, fresh or chilled",2016,1050.8
Germany,"Meat of rabbits and hares, fresh or chilled (biological)",2015,1053.6
Germany,"Meat of rabbits and hares, fresh or chilled (biological)",2016,1050.8
Germany,"Meat of rabbits and hares, fresh or chilled (biological)",2017,1073.2
Germany,"Meat of rabbits and hares, fresh or chilled (biological)",2018,1121.9
Germany,"Meat of sheep, fresh or chilled",2015,5852.5
Germany,"Meat of sheep, fresh or chilled",2016,5995.3
Germany,"Meat of sheep, fresh or chilled",2017,5944.8
Germany,"Meat of sheep, fresh or chilled",2018,6185.8
Germany,"Meat of sheep, fresh or chilled (biological)",2015,2810.4
Germany,"Meat of sheep, fresh or chilled (biological)",2016,2878.2
Germany,"Meat of sheep, fresh or chilled (biological)",2017,2853.5
Germany,"Meat of sheep, fresh or chilled (biological)",2018,2968.9
Germany,"Meat of turkeys, fresh or chilled",2015,1867.7
Germany,"Meat of turkeys, fresh or chilled",2016,1758.8
Germany,"Meat of turkeys, fresh or chilled",2017,1632.4
Germany,"Meat of turkeys, fresh or chilled",2018,1778.5
Germany,"Meat of turkeys, fresh or chilled (biological)",2015,1539.4
Germany,"Meat of turkeys, fresh or chilled (biological)",2016,1460.1
Germany,"Meat of turkeys, fresh or chilled (biological)",2017,1354.5
Germany,"Meat of turkeys, fresh or chilled (biological)",2018,1472.7
Germany,Mushrooms and truffles,2015,2198.2
Germany,Mushrooms and truffles,2016,2189.1
Germany,Mushrooms and truffles,2017,2778.9
Germany,Mushrooms and truffles,2018,2899.2
Germany,Natural honey,2015,11935.8
Germany,Natural honey,2016,11904.4
Germany,Natural honey,2017,12200.6
Germany,Natural honey,2018,14030.9
Germany,Oats,2015,165.3
Germany,Oats,2016,157.1
Germany,Oats,2017,161.4
Germany,Oats,2018,182.8
Germany,"Onions and shallots, dry (excluding dehydrated)",2015,204.1
Germany,"Onions and shallots, dry (excluding dehydrated)",2016,232.3
Germany,"Onions and shallots, dry (excluding dehydrated)",2017,157.0
Germany,"Onions and shallots, dry (excluding dehydrated)",2018,274.9
Germany,"Onions and shallots, green",2015,1346.4
Germany,"Other beans, green",2015,1403.0
Germany,"Other beans, green",2016,1405.9
Germany,"Other beans, green",2017,2030.7
Germany,"Other beans, green",2018,2284.4
Germany,Other berries and fruits of the genus vaccinium n.e.c.,2015,5757.2
Germany,Other berries and fruits of the genus vaccinium n.e.c.,2016,6987.6
Germany,Other berries and fruits of the genus vaccinium n.e.c.,2017,6323.7
Germany,Other berries and fruits of the genus vaccinium n.e.c.,2018,5827.3
Germany,Other stone fruits,2015,798.5
Germany,Other stone fruits,2016,862.8
Germany,Other stone fruits,2017,1347.7
Germany,Other stone fruits,2018,875.3
Germany,Palm oil,2015,574.3
Germany,Palm oil,2016,636.6
Germany,Palm oil,2017,725.2
Germany,Palm oil,2018,598.7
Germany,Peaches and nectarines,2015,1694.7
Germany,Peaches and nectarines,2016,1806.3
Germany,Peaches and nectarines,2017,1758.9
Germany,Peaches and nectarines,2018,1619.8
Germany,Pears,2015,587.8
Germany,Pears,2016,627.2
Germany,Pears,2017,874.8
Germany,Pears,2018,751.8
Germany,"Peas, green",2015,1963.0
Germany,"Peas, green",2016,2538.6
Germany,"Peas, green",2017,2302.3
Germany,"Peas, green",2018,2709.2
Germany,Plums and sloes,2015,834.0
Germany,Plums and sloes,2016,884.9
Germany,Plums and sloes,2017,1432.5
Germany,Plums and sloes,2018,714.4
Germany,Potatoes,2015,142.0
Germany,Potatoes,2016,221.2
Germany,Potatoes,2017,184.1
Germany,Potatoes,2018,201.0
Germany,"Pumpkins, squash and gourds",2015,842.9
Germany,"Pumpkins, squash and gourds",2016,826.3
Germany,"Pumpkins, squash and gourds",2017,843.5
Germany,"Pumpkins, squash and gourds",2018,691.3
Germany,Rape or colza seed,2015,388.2
Germany,Rape or colza seed,2016,393.8
Germany,Rape or colza seed,2017,418.0
Germany,Rape or colza seed,2018,407.5
Germany,Raspberries,2015,6810.8
Germany,Raspberries,2016,6979.8
Germany,Raspberries,2017,8203.3
Germany,Raspberries,2018,8300.2
Germany,Raw milk of cattle,2015,328.3
Germany,Raw milk of cattle,2016,300.9
Germany,Raw milk of cattle,2017,396.5
Germany,Raw milk of cattle,2018,416.9
Germany,Raw milk of goats,2017,754.9
Germany,Raw milk of goats,2018,772.0
Germany,Rye,2015,135.3
Germany,Rye,2016,122.8
Germany,Rye,2017,157.6
Germany,Rye,2018,188.8
Germany,"Shorn wool, greasy, including fleece-washed shorn wool",2015,1017.0
Germany,"Shorn wool, greasy, including fleece-washed shorn wool",2016,1014.3
Germany,"Shorn wool, greasy, including fleece-washed shorn wool",2017,507.2
Germany,"Shorn wool, greasy, including fleece-washed shorn wool",2018,479.5
Germany,Sour cherries,2015,2051.8
Germany,Sour cherries,2016,2555.2
Germany,Sour cherries,2017,2122.6
Germany,Sour cherries,2018,2232.1
Germany,Soya beans,2017,367.1
Germany,Soya beans,2018,383.8
Germany,Spinach,2015,1638.1
Germany,Spinach,2016,1592.9
Germany,Spinach,2017,1854.4
Germany,Spinach,2018,2035.5
Germany,Strawberries,2015,2147.2
Germany,Strawberries,2016,2563.0
Germany,Strawberries,2017,3092.6
Germany,Strawberries,2018,2743.1
Germany,Sugar beet,2015,55.5
Germany,Sugar beet,2016,38.7
Germany,Sugar beet,2017,32.8
Germany,Sugar beet,2018,31.9
Germany,Sunflower seed,2015,353.8
Germany,Sunflower seed,2017,334.4
Germany,Sunflower seed,2018,371.5
Germany,Tomatoes,2015,1633.7
Germany,Tomatoes,2016,1674.7
Germany,Tomatoes,2017,1801.3
Germany,Tomatoes,2018,1936.4
Germany,Triticale,2015,159.7
Germany,Triticale,2016,141.6
Germany,Triticale,2017,159.3
Germany,Triticale,2018,188.7
Germany,Unmanufactured tobacco,2015,3174.1
Germany,Unmanufactured tobacco,2016,2766.5
Germany,Unmanufactured tobacco,2017,2912.3
Germany,Unmanufactured tobacco,2018,4120.6
Germany,"Walnuts, in shell",2015,3784.1
Germany,"Walnuts, in shell",2016,4982.1
Germany,"Walnuts, in shell",2017,5110.7
Germany,"Walnuts, in shell",2018,4569.6
Germany,Wheat,2015,179.7
Germany,Wheat,2016,154.9
Germany,Wheat,2017,170.6
Germany,Wheat,2018,198.9
Ghana,Bananas,2016,377.7
Ghana,Bananas,2017,315.7
Ghana,Bananas,2018,225.0
Ghana,"Beans, dry",2016,763.9
Ghana,"Beans, dry",2017,762.6
Ghana,"Beans, dry",2018,860.1
Ghana,"Cassava, fresh",2016,210.5
Ghana,"Cassava, fresh",2017,106.4
Ghana,"Cassava, fresh",2018,111.4
Ghana,Eggplants (aubergines),2016,835.3
Ghana,Eggplants (aubergines),2017,752.8
Ghana,Eggplants (aubergines),2018,697.8
Ghana,"Ginger, raw",2016,1470.5
Ghana,"Ginger, raw",2017,779.2
Ghana,"Ginger, raw",2018,923.1
Ghana,"Groundnuts, excluding shelled",2016,1135.3
Ghana,"Groundnuts, excluding shelled",2017,1058.4
Ghana,"Groundnuts, excluding shelled",2018,1091.1
Ghana,Maize (corn),2016,378.4
Ghana,Maize (corn),2017,254.9
Ghana,Maize (corn),2018,283.4
Ghana,"Mangoes, guavas and mangosteens",2016,334.4
Ghana,"Mangoes, guavas and mangosteens",2017,155.8
Ghana,"Mangoes, guavas and mangosteens",2018,153.3
Ghana,Millet,2016,492.2
Ghana,Millet,2017,311.7
Ghana,Millet,2018,383.1
Ghana,Oil palm fruit,2017,213.1
Ghana,Oil palm fruit,2018,270.8
Ghana,Okra,2017,751.0
Ghana,Okra,2018,746.1
Ghana,"Onions and shallots, dry (excluding dehydrated)",2016,935.3
Ghana,"Onions and shallots, dry (excluding dehydrated)",2017,648.9
Ghana,"Onions and shallots, dry (excluding dehydrated)",2018,796.4
Ghana,Oranges,2017,208.7
Ghana,Oranges,2018,242.9
Ghana,Palm oil,2016,1337.4
Ghana,Palm oil,2017,1398.2
Ghana,Palm oil,2018,1553.9
Ghana,Plantains,2016,675.0
Ghana,Plantains,2017,311.0
Ghana,Plantains,2018,395.0
Ghana,Rice,2017,202.3
Ghana,Rice,2018,322.4
Ghana,Sorghum,2016,385.4
Ghana,Sorghum,2017,227.5
Ghana,Sorghum,2018,314.8
Ghana,Sweet potatoes,2018,371.7
Ghana,Taro,2016,553.7
Ghana,Taro,2017,286.8
Ghana,Taro,2018,399.6
Ghana,Tomatoes,2016,1402.1
Ghana,Tomatoes,2017,855.7
Ghana,Tomatoes,2018,899.8
Ghana,Yams,2016,439.3
Ghana,Yams,2017,281.6
Ghana,Yams,2018,423.8
Greece,"Almonds, in shell",2015,4074.2
Greece,"Almonds, in shell",2016,3192.1
Greece,"Almonds, in shell",2017,3263.5
Greece,"Almonds, in shell",2018,3243.1
Greece,Apples,2015,669.1
Greece,Apples,2016,616.8
Greece,Apples,2017,658.6
Greece,Apples,2018,766.1
Greece,Apricots,2015,681.8
Greece,Apricots,2016,586.5
Greece,Apricots,2017,593.0
Greece,Apricots,2018,791.3
Greece,Artichokes,2015,1456.9
Greece,Artichokes,2016,1331.5
Greece,Artichokes,2017,1376.1
Greece,Artichokes,2018,1451.4
Greece,Asparagus,2015,2020.5
Greece,Asparagus,2016,3854.0
Greece,Asparagus,2017,2690.4
Greece,Asparagus,2018,2736.6
Greece,Avocados,2015,1763.4
Greece,Avocados,2016,1028.7
Greece,Avocados,2017,1299.1
Greece,Avocados,2018,1322.7
Greece,Bananas,2015,665.4
Greece,Bananas,2016,719.0
Greece,Bananas,2017,734.3
Greece,Bananas,2018,767.6
Greece,Barley,2015,185.5
Greece,Barley,2016,179.2
Greece,Barley,2017,178.9
Greece,Barley,2018,184.3
Greece,"Beans, dry",2015,3353.5
Greece,"Beans, dry",2016,3108.4
Greece,"Beans, dry",2017,3102.4
Greece,"Beans, dry",2018,3142.7
Greece,Cabbages,2015,489.2
Greece,Cabbages,2016,382.2
Greece,Cabbages,2017,395.1
Greece,Cabbages,2018,406.4
Greece,Cantaloupes and other melons,2015,479.6
Greece,Cantaloupes and other melons,2016,563.1
Greece,Cantaloupes and other melons,2017,490.3
Greece,Cantaloupes and other melons,2018,644.0
Greece,Carrots and turnips,2015,549.6
Greece,Carrots and turnips,2016,438.0
Greece,Carrots and turnips,2017,466.4
Greece,Carrots and turnips,2018,548.7
Greece,Cauliflowers and broccoli,2015,967.3
Greece,Cauliflowers and broccoli,2016,861.6
Greece,Cauliflowers and broccoli,2017,974.1
Greece,Cauliflowers and broccoli,2018,964.2
Greece,Cherries,2015,1624.1
Greece,Cherries,2016,2083.2
Greece,Cherries,2017,1761.8
Greece,Cherries,2018,1784.0
Greece,"Chestnuts, in shell",2015,2366.8
Greece,"Chestnuts, in shell",2016,2159.8
Greece,"Chestnuts, in shell",2017,2255.2
Greece,"Chestnuts, in shell",2018,2450.6
Greece,"Chick peas, dry",2015,2304.4
Greece,"Chick peas, dry",2016,2408.3
Greece,"Chick peas, dry",2017,2255.7
Greece,"Chick peas, dry",2018,2358.7
Greece,Chicory roots,2015,857.5
Greece,Chicory roots,2016,731.7
Greece,Chicory roots,2017,846.1
Greece,Chicory roots,2018,809.6
Greece,"Chillies and peppers, green (Capsicum spp. and Pimenta spp.)",2015,668.3
Greece,"Chillies and peppers, green (Capsicum spp. and Pimenta spp.)",2016,612.2
Greece,"Chillies and peppers, green (Capsicum spp. and Pimenta spp.)",2017,632.0
Greece,"Chillies and peppers, green (Capsicum spp. and Pimenta spp.)",2018,667.4
Greece,Cucumbers and gherkins,2015,642.9
Greece,Cucumbers and gherkins,2016,574.6
Greece,Cucumbers and gherkins,2017,626.7
Greece,Cucumbers and gherkins,2018,711.6
Greece,Currants,2015,939.2
Greece,Currants,2016,1221.4
Greece,Currants,2017,1684.3
Greece,Currants,2018,2177.9
Greece,Eggplants (aubergines),2015,798.7
Greece,Eggplants (aubergines),2016,700.5
Greece,Eggplants (aubergines),2017,722.7
Greece,Eggplants (aubergines),2018,763.1
Greece,Figs,2015,2018.6
Greece,Figs,2016,2228.6
Greece,Figs,2017,2279.4
Greece,Figs,2018,2449.7
Greece,Grapes,2015,787.1
Greece,Grapes,2016,778.9
Greece,Grapes,2017,795.2
Greece,Grapes,2018,774.2
Greece,Green garlic,2015,2575.6
Greece,Green garlic,2016,3368.8
Greece,Green garlic,2017,4059.8
Greece,Green garlic,2018,3659.7
Greece,"Groundnuts, excluding shelled",2015,1228.1
Greece,"Groundnuts, excluding shelled",2016,1196.8
Greece,"Groundnuts, excluding shelled",2017,1215.3
Greece,"Groundnuts, excluding shelled",2018,1244.8
Greece,"Hazelnuts, in shell",2015,3245.9
Greece,"Hazelnuts, in shell",2016,3843.5
Greece,"Hazelnuts, in shell",2017,3313.8
Greece,"Hazelnuts, in shell",2018,3093.9
Greece,"Hen eggs in shell, fresh",2015,3077.7
Greece,"Hen eggs in shell, fresh",2016,3050.0
Greece,"Hen eggs in shell, fresh",2017,3115.3
Greece,"Hen eggs in shell, fresh",2018,3308.2
Greece,Kiwi fruit,2015,350.4
Greece,Kiwi fruit,2016,240.3
Greece,Kiwi fruit,2017,248.4
Greece,Kiwi fruit,2018,262.0
Greece,Leeks and other alliaceous vegetables,2015,768.0
Greece,Leeks and other alliaceous vegetables,2016,651.1
Greece,Leeks and other alliaceous vegetables,2017,767.2
Greece,Leeks and other alliaceous vegetables,2018,805.9
Greece,Lemons and limes,2015,563.2
Greece,Lemons and limes,2016,625.6
Greece,Lemons and limes,2017,656.1
Greece,Lemons and limes,2018,611.6
Greece,"Lentils, dry",2015,1663.7
Greece,"Lentils, dry",2016,1642.2
Greece,"Lentils, dry",2017,1520.0
Greece,"Lentils, dry",2018,1807.0
Greece,Lettuce and chicory,2015,860.8
Greece,Lettuce and chicory,2016,669.3
Greece,Lettuce and chicory,2017,862.4
Greece,Lettuce and chicory,2018,789.6
Greece,Locust beans (carobs),2015,222.0
Greece,Locust beans (carobs),2016,245.1
Greece,Locust beans (carobs),2017,240.9
Greece,Locust beans (carobs),2018,271.1
Greece,Maize (corn),2015,233.2
Greece,Maize (corn),2016,238.0
Greece,Maize (corn),2017,232.1
Greece,Maize (corn),2018,251.6
Greece,"Meat of buffalo, fresh or chilled (biological)",2015,2367.0
Greece,"Meat of buffalo, fresh or chilled (biological)",2016,2497.3
Greece,"Meat of buffalo, fresh or chilled (biological)",2017,2533.5
Greece,"Meat of buffalo, fresh or chilled (biological)",2018,2592.3
Greece,"Meat of cattle with the bone, fresh or chilled",2015,4314.3
Greece,"Meat of cattle with the bone, fresh or chilled",2016,4314.0
Greece,"Meat of cattle with the bone, fresh or chilled",2017,4394.5
Greece,"Meat of cattle with the bone, fresh or chilled",2018,5066.3
Greece,"Meat of cattle with the bone, fresh or chilled (biological)",2015,4388.5
Greece,"Meat of cattle with the bone, fresh or chilled (biological)",2016,4314.1
Greece,"Meat of cattle with the bone, fresh or chilled (biological)",2017,4458.3
Greece,"Meat of cattle with the bone, fresh or chilled (biological)",2018,4705.1
Greece,"Meat of chickens, fresh or chilled",2015,1940.9
Greece,"Meat of chickens, fresh or chilled",2016,1670.3
Greece,"Meat of chickens, fresh or chilled",2017,2056.0
Greece,"Meat of chickens, fresh or chilled",2018,1865.9
Greece,"Meat of chickens, fresh or chilled (biological)",2015,1609.9
Greece,"Meat of chickens, fresh or chilled (biological)",2016,1567.5
Greece,"Meat of chickens, fresh or chilled (biological)",2017,1595.0
Greece,"Meat of chickens, fresh or chilled (biological)",2018,1678.2
Greece,"Meat of goat, fresh or chilled",2015,4835.5
Greece,"Meat of goat, fresh or chilled",2016,4656.9
Greece,"Meat of goat, fresh or chilled",2017,4767.3
Greece,"Meat of goat, fresh or chilled",2018,4865.5
Greece,"Meat of goat, fresh or chilled (biological)",2015,2741.3
Greece,"Meat of goat, fresh or chilled (biological)",2016,2779.4
Greece,"Meat of goat, fresh or chilled (biological)",2017,2814.0
Greece,"Meat of goat, fresh or chilled (biological)",2018,2891.8
Greece,"Meat of pig with the bone, fresh or chilled",2015,2317.9
Greece,"Meat of pig with the bone, fresh or chilled",2016,2389.3
Greece,"Meat of pig with the bone, fresh or chilled",2017,2688.6
Greece,"Meat of pig with the bone, fresh or chilled",2018,3070.5
Greece,"Meat of pig with the bone, fresh or chilled (biological)",2015,2234.1
Greece,"Meat of pig with the bone, fresh or chilled (biological)",2016,2221.5
Greece,"Meat of pig with the bone, fresh or chilled (biological)",2017,2382.5
Greece,"Meat of pig with the bone, fresh or chilled (biological)",2018,2376.2
Greece,"Meat of rabbits and hares, fresh or chilled",2015,5955.7
Greece,"Meat of rabbits and hares, fresh or chilled",2016,5851.5
Greece,"Meat of rabbits and hares, fresh or chilled",2017,6134.2
Greece,"Meat of rabbits and hares, fresh or chilled",2018,6022.9
Greece,"Meat of rabbits and hares, fresh or chilled (biological)",2015,5184.4
Greece,"Meat of rabbits and hares, fresh or chilled (biological)",2016,5148.8
Greece,"Meat of rabbits and hares, fresh or chilled (biological)",2017,5303.2
Greece,"Meat of rabbits and hares, fresh or chilled (biological)",2018,5605.0
Greece,"Meat of sheep, fresh or chilled",2015,4347.5
Greece,"Meat of sheep, fresh or chilled",2016,4291.9
Greece,"Meat of sheep, fresh or chilled",2017,4507.4
Greece,"Meat of sheep, fresh or chilled",2018,4712.0
Greece,"Meat of sheep, fresh or chilled (biological)",2015,2561.3
Greece,"Meat of sheep, fresh or chilled (biological)",2016,2580.3
Greece,"Meat of sheep, fresh or chilled (biological)",2017,2559.9
Greece,"Meat of sheep, fresh or chilled (biological)",2018,2613.3
Greece,"Meat of turkeys, fresh or chilled",2015,5212.6
Greece,"Meat of turkeys, fresh or chilled",2016,5066.2
Greece,"Meat of turkeys, fresh or chilled",2017,4518.7
Greece,"Meat of turkeys, fresh or chilled",2018,5149.0
Greece,Mushrooms and truffles,2015,3467.9
Greece,Mushrooms and truffles,2016,3452.1
Greece,Mushrooms and truffles,2017,3451.7
Greece,Mushrooms and truffles,2018,3731.0
Greece,Natural honey,2015,6449.9
Greece,Natural honey,2016,6463.8
Greece,Natural honey,2017,6603.3
Greece,Natural honey,2018,6992.9
Greece,Oats,2015,186.6
Greece,Oats,2016,187.5
Greece,Oats,2017,177.4
Greece,Oats,2018,201.1
Greece,Okra,2015,2167.0
Greece,Okra,2016,2688.2
Greece,Okra,2017,2558.8
Greece,Okra,2018,2638.2
Greece,Olives,2015,2291.0
Greece,Olives,2016,2347.7
Greece,Olives,2017,2579.3
Greece,Olives,2018,2576.6
Greece,"Onions and shallots, dry (excluding dehydrated)",2015,489.9
Greece,"Onions and shallots, dry (excluding dehydrated)",2016,442.8
Greece,"Onions and shallots, dry (excluding dehydrated)",2017,359.4
Greece,"Onions and shallots, dry (excluding dehydrated)",2018,480.2
Greece,"Onions and shallots, green",2015,1027.1
Greece,"Onions and shallots, green",2016,832.9
Greece,"Onions and shallots, green",2017,860.1
Greece,"Onions and shallots, green",2018,908.4
Greece,Oranges,2015,338.0
Greece,Oranges,2016,302.4
Greece,Oranges,2017,390.3
Greece,Oranges,2018,408.2
Greece,"Other beans, green",2015,1525.6
Greece,"Other beans, green",2016,1578.6
Greece,"Other beans, green",2017,1587.2
Greece,"Other beans, green",2018,1718.8
Greece,"Other nuts (excluding wild edible nuts and groundnuts), in shell, n.e.c.",2015,2474.1
Greece,"Other nuts (excluding wild edible nuts and groundnuts), in shell, n.e.c.",2016,2422.1
Greece,"Other nuts (excluding wild edible nuts and groundnuts), in shell, n.e.c.",2017,2569.5
Greece,"Other nuts (excluding wild edible nuts and groundnuts), in shell, n.e.c.",2018,2043.1
Greece,Peaches and nectarines,2015,408.8
Greece,Peaches and nectarines,2016,417.9
Greece,Peaches and nectarines,2017,343.6
Greece,Peaches and nectarines,2018,407.3
Greece,Pears,2015,1175.3
Greece,Pears,2016,1181.8
Greece,Pears,2017,1180.7
Greece,Pears,2018,1227.9
Greece,"Peas, green",2015,1034.1
Greece,"Peas, green",2016,1005.3
Greece,"Peas, green",2017,1191.9
Greece,"Peas, green",2018,1325.0
Greece,"Pistachios, in shell",2015,10748.8
Greece,"Pistachios, in shell",2016,11145.3
Greece,"Pistachios, in shell",2017,10843.4
Greece,"Pistachios, in shell",2018,10715.1
Greece,Plums and sloes,2015,698.7
Greece,Plums and sloes,2016,641.6
Greece,Plums and sloes,2017,542.2
Greece,Plums and sloes,2018,472.4
Greece,Pomelos and grapefruits,2015,332.7
Greece,Pomelos and grapefruits,2016,342.9
Greece,Pomelos and grapefruits,2017,361.5
Greece,Pomelos and grapefruits,2018,354.3
Greece,Potatoes,2015,536.1
Greece,Potatoes,2016,545.2
Greece,Potatoes,2017,513.1
Greece,Potatoes,2018,565.5
Greece,"Pumpkins, squash and gourds",2015,883.9
Greece,"Pumpkins, squash and gourds",2016,723.7
Greece,"Pumpkins, squash and gourds",2017,820.4
Greece,"Pumpkins, squash and gourds",2018,984.3
Greece,Quinces,2015,443.6
Greece,Quinces,2016,497.8
Greece,Quinces,2017,418.0
Greece,Quinces,2018,377.9
Greece,Raw milk of cattle,2015,464.0
Greece,Raw milk of cattle,2016,427.6
Greece,Raw milk of cattle,2017,437.8
Greece,Raw milk of cattle,2018,467.9
Greece,Raw milk of goats,2015,687.1
Greece,Raw milk of goats,2016,687.7
Greece,Raw milk of goats,2017,691.2
Greece,Raw milk of goats,2018,715.6
Greece,Raw milk of sheep,2015,1043.7
Greece,Raw milk of sheep,2016,1030.4
Greece,Raw milk of sheep,2017,1046.3
Greece,Raw milk of sheep,2018,1054.9
Greece,Rice,2015,254.3
Greece,Rice,2016,250.0
Greece,Rice,2017,248.3
Greece,Rice,2018,272.0
Greece,Rye,2015,136.9
Greece,Rye,2016,145.5
Greece,Rye,2017,143.6
Greece,Rye,2018,162.9
Greece,"Seed cotton, unginned",2015,475.1
Greece,"Seed cotton, unginned",2016,555.0
Greece,"Seed cotton, unginned",2017,579.1
Greece,"Seed cotton, unginned",2018,584.2
Greece,"Shorn wool, greasy, including fleece-washed shorn wool",2015,493.1
Greece,"Shorn wool, greasy, including fleece-washed shorn wool",2016,462.0
Greece,"Shorn wool, greasy, including fleece-washed shorn wool",2017,380.7
Greece,"Shorn wool, greasy, including fleece-washed shorn wool",2018,412.0
Greece,Sour cherries,2015,1330.9
Greece,Sour cherries,2016,1238.9
Greece,Sour cherries,2017,1344.3
Greece,Sour cherries,2018,1299.0
Greece,Spinach,2015,966.3
Greece,Spinach,2016,733.2
Greece,Spinach,2017,981.3
Greece,Spinach,2018,958.2
Greece,Strawberries,2015,1654.4
Greece,Strawberries,2016,1329.0
Greece,Strawberries,2017,1658.2
Greece,Strawberries,2018,1846.2
Greece,Sugar beet,2015,29.2
Greece,Sugar beet,2016,29.2
Greece,Sugar beet,2017,29.3
Greece,Sugar beet,2018,31.2
Greece,Sunflower seed,2015,388.2
Greece,Sunflower seed,2016,387.2
Greece,Sunflower seed,2017,395.4
Greece,Sunflower seed,2018,413.3
Greece,"Tangerines, mandarins, clementines",2015,463.5
Greece,"Tangerines, mandarins, clementines",2016,434.5
Greece,"Tangerines, mandarins, clementines",2017,526.5
Greece,"Tangerines, mandarins, clementines",2018,510.5
Greece,Tomatoes,2015,703.8
Greece,Tomatoes,2016,625.0
Greece,Tomatoes,2017,657.1
Greece,Tomatoes,2018,815.0
Greece,Unmanufactured tobacco,2015,3482.9
Greece,Unmanufactured tobacco,2016,4104.1
Greece,Unmanufactured tobacco,2017,4667.7
Greece,Unmanufactured tobacco,2018,5182.1
Greece,"Walnuts, in shell",2015,3820.2
Greece,"Walnuts, in shell",2016,3399.6
Greece,"Walnuts, in shell",2017,4083.8
Greece,"Walnuts, in shell",2018,3821.1
Greece,Watermelons,2015,188.0
Greece,Watermelons,2016,245.6
Greece,Watermelons,2017,203.0
Greece,Watermelons,2018,231.1
Greece,Wheat,2015,256.7
Greece,Wheat,2016,208.0
Greece,Wheat,2017,218.3
Greece,Wheat,2018,221.1
Grenada,Apples,2016,2132.1
Grenada,Apples,2017,2146.0
Grenada,Apples,2018,2104.1
Grenada,Avocados,2015,1633.1
Grenada,Avocados,2016,1167.6
Grenada,Avocados,2017,1835.5
Grenada,Avocados,2018,1148.4
Grenada,Bananas,2015,928.8
Grenada,Bananas,2016,925.7
Grenada,Bananas,2017,572.5
Grenada,Bananas,2018,868.6
Grenada,Bananas cavendish,2018,869.0
Grenada,"Beans, dry",2015,2129.4
Grenada,"Beans, dry",2016,2121.3
Grenada,"Beans, dry",2017,2202.0
Grenada,"Beans, dry",2018,2141.5
Grenada,Cabbages,2015,1803.2
Grenada,Cabbages,2016,1790.2
Grenada,Cabbages,2017,2029.9
Grenada,Cabbages,2018,1887.8
Grenada,Cantaloupes and other melons,2015,1428.9
Grenada,Cantaloupes and other melons,2016,1536.0
Grenada,Cantaloupes and other melons,2017,1491.4
Grenada,Cantaloupes and other melons,2018,1631.6
Grenada,Carrots and turnips,2015,2143.4
Grenada,Carrots and turnips,2016,2076.0
Grenada,Carrots and turnips,2017,2341.2
Grenada,Carrots and turnips,2018,2345.4
Grenada,"Cassava, fresh",2015,816.5
Grenada,"Cassava, fresh",2016,815.8
Grenada,"Cassava, fresh",2017,815.8
Grenada,"Cassava, fresh",2018,815.8
Grenada,Cauliflowers and broccoli,2015,2857.8
Grenada,Cauliflowers and broccoli,2016,2999.7
Grenada,Cauliflowers and broccoli,2017,3356.7
Grenada,Cauliflowers and broccoli,2018,3153.4
Grenada,Cocoa beans,2015,2143.4
Grenada,Cocoa beans,2016,2141.5
Grenada,Cocoa beans,2017,2141.5
Grenada,Cocoa beans,2018,2141.5
Grenada,"Coconuts, in shell",2015,1428.9
Grenada,"Coconuts, in shell",2016,1924.8
Grenada,"Coconuts, in shell",2017,2039.5
Grenada,"Coconuts, in shell",2018,1933.6
Grenada,Cooking bananas,2016,480.0
Grenada,Cooking bananas,2017,326.0
Grenada,Cucumbers and gherkins,2015,1122.7
Grenada,Cucumbers and gherkins,2016,885.5
Grenada,Cucumbers and gherkins,2017,996.8
Grenada,Cucumbers and gherkins,2018,1132.7
Grenada,"Edible roots and tubers with high starch or inulin content, n.e.c., fresh",2015,1747.4
Grenada,"Edible roots and tubers with high starch or inulin content, n.e.c., fresh",2016,1783.2
Grenada,"Edible roots and tubers with high starch or inulin content, n.e.c., fresh",2017,1832.5
Grenada,"Edible roots and tubers with high starch or inulin content, n.e.c., fresh",2018,1748.2
Grenada,"Ginger, raw",2015,3266.1
Grenada,"Ginger, raw",2016,2868.0
Grenada,"Ginger, raw",2017,2783.0
Grenada,"Ginger, raw",2018,2684.7
Grenada,"Hen eggs in shell, fresh",2015,5555.6
Grenada,"Hen eggs in shell, fresh",2016,7342.1
Grenada,"Hen eggs in shell, fresh",2017,8223.2
Grenada,"Hen eggs in shell, fresh",2018,8252.1
Grenada,Lemons and limes,2015,306.2
Grenada,Lemons and limes,2016,305.9
Grenada,Lemons and limes,2017,501.8
Grenada,Lemons and limes,2018,599.5
Grenada,Lettuce and chicory,2015,3266.1
Grenada,Lettuce and chicory,2016,2909.1
Grenada,Lettuce and chicory,2017,2950.9
Grenada,Lettuce and chicory,2018,2712.8
Grenada,Maize (corn),2015,1020.7
Grenada,Maize (corn),2016,900.8
Grenada,Maize (corn),2017,815.8
Grenada,Maize (corn),2018,979.0
Grenada,"Mangoes, guavas and mangosteens",2015,577.4
Grenada,"Mangoes, guavas and mangosteens",2016,525.9
Grenada,"Mangoes, guavas and mangosteens",2017,405.0
Grenada,"Mangoes, guavas and mangosteens",2018,385.5
Grenada,"Meat of cattle with the bone, fresh or chilled",2015,5715.7
Grenada,"Meat of cattle with the bone, fresh or chilled",2016,7070.2
Grenada,"Meat of cattle with the bone, fresh or chilled",2017,6526.4
Grenada,"Meat of cattle with the bone, fresh or chilled",2018,6526.4
Grenada,"Meat of chickens, fresh or chilled",2015,6311.7
Grenada,"Meat of chickens, fresh or chilled",2016,6322.4
Grenada,"Meat of chickens, fresh or chilled",2017,5710.6
Grenada,"Meat of chickens, fresh or chilled",2018,4592.9
Grenada,"Meat of goat, fresh or chilled",2015,6532.2
Grenada,"Meat of goat, fresh or chilled",2016,8402.7
Grenada,"Meat of goat, fresh or chilled",2017,8157.9
Grenada,"Meat of goat, fresh or chilled",2018,6297.9
Grenada,"Meat of pig with the bone, fresh or chilled",2015,6532.2
Grenada,"Meat of pig with the bone, fresh or chilled",2016,6526.4
Grenada,"Meat of pig with the bone, fresh or chilled",2017,6526.4
Grenada,"Meat of pig with the bone, fresh or chilled",2018,6526.4
Grenada,"Meat of sheep, fresh or chilled",2015,6532.2
Grenada,"Meat of sheep, fresh or chilled",2016,8402.7
Grenada,"Meat of sheep, fresh or chilled",2017,8157.9
Grenada,"Meat of sheep, fresh or chilled",2018,6297.9
Grenada,"Nutmeg, mace, cardamoms, raw",2015,3263.2
Grenada,"Nutmeg, mace, cardamoms, raw",2016,3263.2
Grenada,"Nutmeg, mace, cardamoms, raw",2017,3263.2
Grenada,"Nutmeg, mace, cardamoms, raw",2018,3263.2
Grenada,Oranges,2015,523.9
Grenada,Oranges,2016,573.3
Grenada,Oranges,2017,658.6
Grenada,Oranges,2018,679.8
Grenada,"Other citrus fruit, n.e.c.",2015,723.2
Grenada,"Other citrus fruit, n.e.c.",2016,665.4
Grenada,"Other citrus fruit, n.e.c.",2017,678.1
Grenada,"Other citrus fruit, n.e.c.",2018,692.2
Grenada,"Other stimulant, spice and aromatic crops, n.e.c.",2015,1773.4
Grenada,"Other stimulant, spice and aromatic crops, n.e.c.",2016,1667.9
Grenada,"Other stimulant, spice and aromatic crops, n.e.c.",2017,1671.4
Grenada,"Other stimulant, spice and aromatic crops, n.e.c.",2018,1784.5
Grenada,"Other tropical fruits, n.e.c.",2016,1198.8
Grenada,"Other tropical fruits, n.e.c.",2017,1136.1
Grenada,"Other tropical fruits, n.e.c.",2018,1184.7
Grenada,"Other vegetables, fresh n.e.c.",2015,2430.4
Grenada,"Other vegetables, fresh n.e.c.",2016,2267.7
Grenada,"Other vegetables, fresh n.e.c.",2017,2271.0
Grenada,"Other vegetables, fresh n.e.c.",2018,2282.9
Grenada,Papayas,2016,680.7
Grenada,Papayas,2017,611.8
Grenada,Papayas,2018,678.5
Grenada,"Pigeon peas, dry",2015,1837.2
Grenada,"Pigeon peas, dry",2016,1835.5
Grenada,"Pigeon peas, dry",2017,1835.5
Grenada,"Pigeon peas, dry",2018,1835.5
Grenada,Pineapples,2015,2041.3
Grenada,Pineapples,2016,2099.0
Grenada,Pineapples,2017,2243.4
Grenada,Pineapples,2018,2106.2
Grenada,Plantains,2016,721.0
Grenada,Plantains,2017,653.0
Grenada,Plantains,2018,1324.0
Grenada,Plantains and cooking bananas,2015,1020.7
Grenada,Plantains and cooking bananas,2016,1905.2
Grenada,Plantains and cooking bananas,2018,1324.1
Grenada,Plums and sloes,2015,571.6
Grenada,Plums and sloes,2016,571.1
Grenada,Plums and sloes,2017,571.1
Grenada,Plums and sloes,2018,571.1
Grenada,Pomelos and grapefruits,2015,816.5
Grenada,Pomelos and grapefruits,2016,620.3
Grenada,Pomelos and grapefruits,2017,288.1
Grenada,Pomelos and grapefruits,2018,481.6
Grenada,"Pumpkins, squash and gourds",2015,1265.6
Grenada,"Pumpkins, squash and gourds",2016,1209.7
Grenada,"Pumpkins, squash and gourds",2017,1319.9
Grenada,"Pumpkins, squash and gourds",2018,1152.9
Grenada,Sugar cane,2016,611.8
Grenada,Sugar cane,2017,611.8
Grenada,Sugar cane,2018,611.8
Grenada,Sweet potatoes,2015,2245.4
Grenada,Sweet potatoes,2016,1572.1
Grenada,Sweet potatoes,2017,1733.6
Grenada,Sweet potatoes,2018,2219.1
Grenada,Tomatoes,2015,1905.2
Grenada,Tomatoes,2016,1815.7
Grenada,Tomatoes,2017,2021.1
Grenada,Tomatoes,2018,1573.7
Grenada,Watermelons,2015,1633.1
Grenada,Watermelons,2016,1278.9
Grenada,Watermelons,2017,1436.1
Grenada,Watermelons,2018,1412.0
Grenada,Yams,2015,1545.6
Grenada,Yams,2016,1535.7
Grenada,Yams,2017,1681.4
Grenada,Yams,2018,1834.7
Guinea,Bananas,2016,95.1
Guinea,Bananas,2017,96.1
Guinea,Bananas,2018,103.8
Guinea,"Cashew nuts, in shell",2016,892.9
Guinea,"Cashew nuts, in shell",2017,605.2
Guinea,"Cashew nuts, in shell",2018,610.4
Guinea,"Cassava, fresh",2016,40.5
Guinea,"Cassava, fresh",2017,41.1
Guinea,"Cassava, fresh",2018,42.7
Guinea,Cocoa beans,2016,123.0
Guinea,Cocoa beans,2017,128.6
Guinea,Cocoa beans,2018,137.5
Guinea,"Coffee, green",2016,568.6
Guinea,"Coffee, green",2017,594.1
Guinea,"Coffee, green",2018,635.1
Guinea,Fonio,2016,109.5
Guinea,Fonio,2017,113.1
Guinea,Fonio,2018,119.5
Guinea,"Groundnuts, excluding shelled",2016,119.3
Guinea,"Groundnuts, excluding shelled",2017,123.5
Guinea,"Groundnuts, excluding shelled",2018,130.8
Guinea,"Hen eggs in shell, fresh",2017,2958.8
Guinea,"Hen eggs in shell, fresh",2018,2437.4
Guinea,Maize (corn),2016,114.6
Guinea,Maize (corn),2017,118.4
Guinea,Maize (corn),2018,125.1
Guinea,"Mangoes, guavas and mangosteens",2016,35.7
Guinea,"Mangoes, guavas and mangosteens",2017,35.7
Guinea,"Mangoes, guavas and mangosteens",2018,36.6
Guinea,"Meat of cattle with the bone, fresh or chilled",2017,3057.1
Guinea,"Meat of cattle with the bone, fresh or chilled",2018,3183.6
Guinea,"Meat of cattle with the bone, fresh or chilled (biological)",2016,633.8
Guinea,"Meat of cattle with the bone, fresh or chilled (biological)",2017,1463.9
Guinea,"Meat of cattle with the bone, fresh or chilled (biological)",2018,1470.7
Guinea,"Meat of chickens, fresh or chilled (biological)",2016,3150.1
Guinea,"Meat of chickens, fresh or chilled (biological)",2017,2913.5
Guinea,"Meat of chickens, fresh or chilled (biological)",2018,2753.7
Guinea,"Meat of goat, fresh or chilled (biological)",2016,2661.8
Guinea,"Meat of goat, fresh or chilled (biological)",2017,1538.3
Guinea,"Meat of goat, fresh or chilled (biological)",2018,1638.1
Guinea,"Meat of pig with the bone, fresh or chilled",2017,1942.1
Guinea,"Meat of pig with the bone, fresh or chilled",2018,1686.8
Guinea,"Meat of pig with the bone, fresh or chilled (biological)",2016,675.8
Guinea,"Meat of pig with the bone, fresh or chilled (biological)",2017,980.3
Guinea,"Meat of pig with the bone, fresh or chilled (biological)",2018,850.8
Guinea,"Meat of sheep, fresh or chilled (biological)",2016,2733.2
Guinea,"Meat of sheep, fresh or chilled (biological)",2017,2277.3
Guinea,"Meat of sheep, fresh or chilled (biological)",2018,2204.5
Guinea,Millet,2016,66.1
Guinea,Millet,2017,67.2
Guinea,Millet,2018,69.8
Guinea,Natural honey,2017,1570.5
Guinea,Natural honey,2018,1653.0
Guinea,Oranges,2016,43.9
Guinea,Oranges,2017,45.5
Guinea,Oranges,2018,48.1
Guinea,Palm kernels,2016,75.2
Guinea,Palm kernels,2017,74.9
Guinea,Palm kernels,2018,76.3
Guinea,Pineapples,2016,77.1
Guinea,Pineapples,2017,79.1
Guinea,Pineapples,2018,82.9
Guinea,Plantains,2016,95.0
Guinea,Plantains,2017,96.0
Guinea,Plantains,2018,104.0
Guinea,Potatoes,2016,195.3
Guinea,Potatoes,2017,135.7
Guinea,Potatoes,2018,213.1
Guinea,Raw milk of cattle,2017,1030.7
Guinea,Raw milk of cattle,2018,908.5
Guinea,Rice,2016,178.8
Guinea,Rice,2017,151.6
Guinea,Rice,2018,195.1
Guinea,"Seed cotton, unginned",2016,83.1
Guinea,"Seed cotton, unginned",2017,82.8
Guinea,"Seed cotton, unginned",2018,84.3
Guinea,Sorghum,2016,66.1
Guinea,Sorghum,2017,67.2
Guinea,Sorghum,2018,69.8
Guinea,Sweet potatoes,2016,43.6
Guinea,Sweet potatoes,2017,42.7
Guinea,Sweet potatoes,2018,45.1
Guinea,Taro,2016,43.6
Guinea,Taro,2017,42.7
Guinea,Taro,2018,45.1
Guinea,Yams,2016,31.1
Guinea,Yams,2017,102.5
Guinea,Yams,2018,109.6
Guyana,Avocados,2018,893.7
Guyana,Bananas,2015,610.2
Guyana,Bananas,2016,468.7
Guyana,Bananas,2017,1990.6
Guyana,Bananas,2018,2245.0
Guyana,Cabbages,2015,1449.7
Guyana,Cabbages,2016,1474.6
Guyana,Cabbages,2017,1569.6
Guyana,Cabbages,2018,1569.4
Guyana,"Cassava, fresh",2015,237.8
Guyana,"Cassava, fresh",2016,242.1
Guyana,"Cassava, fresh",2017,378.7
Guyana,"Cassava, fresh",2018,575.4
Guyana,Cherries,2015,1756.6
Guyana,Cherries,2016,1523.0
Guyana,Cherries,2017,1593.1
Guyana,Cherries,2018,1674.0
Guyana,"Chillies and peppers, green (Capsicum spp. and Pimenta spp.)",2015,2252.8
Guyana,"Chillies and peppers, green (Capsicum spp. and Pimenta spp.)",2016,1635.2
Guyana,"Chillies and peppers, green (Capsicum spp. and Pimenta spp.)",2017,4575.2
Guyana,"Chillies and peppers, green (Capsicum spp. and Pimenta spp.)",2018,5829.2
Guyana,"Coconuts, in shell",2015,262.6
Guyana,"Coconuts, in shell",2016,329.5
Guyana,"Coconuts, in shell",2017,404.8
Guyana,"Cow peas, dry",2018,2824.4
Guyana,Cucumbers and gherkins,2015,311.3
Guyana,Cucumbers and gherkins,2016,240.7
Guyana,Cucumbers and gherkins,2017,330.8
Guyana,Cucumbers and gherkins,2018,386.5
Guyana,Eggplants (aubergines),2015,818.4
Guyana,Eggplants (aubergines),2016,719.1
Guyana,Eggplants (aubergines),2017,792.2
Guyana,Eggplants (aubergines),2018,795.7
Guyana,"Ginger, raw",2015,1634.5
Guyana,"Ginger, raw",2016,2257.1
Guyana,"Ginger, raw",2017,2762.3
Guyana,"Ginger, raw",2018,2742.0
Guyana,"Hen eggs in shell, fresh",2015,2757.0
Guyana,"Hen eggs in shell, fresh",2016,2421.3
Guyana,"Hen eggs in shell, fresh",2017,2152.3
Guyana,"Hen eggs in shell, fresh",2018,2287.7
Guyana,Lemons and limes,2015,855.6
Guyana,Lemons and limes,2016,523.9
Guyana,Lemons and limes,2017,1312.9
Guyana,Lemons and limes,2018,3980.3
Guyana,"Mangoes, guavas and mangosteens",2018,1420.2
Guyana,"Meat of cattle with the bone, fresh or chilled (biological)",2015,1572.7
Guyana,"Meat of cattle with the bone, fresh or chilled (biological)",2016,2330.1
Guyana,"Meat of cattle with the bone, fresh or chilled (biological)",2017,2675.5
Guyana,"Meat of cattle with the bone, fresh or chilled (biological)",2018,3071.5
Guyana,"Meat of chickens, fresh or chilled (biological)",2015,1788.5
Guyana,"Meat of chickens, fresh or chilled (biological)",2016,2757.3
Guyana,"Meat of chickens, fresh or chilled (biological)",2017,2033.4
Guyana,"Meat of chickens, fresh or chilled (biological)",2018,2330.1
Guyana,"Meat of goat, fresh or chilled (biological)",2015,3185.3
Guyana,"Meat of goat, fresh or chilled (biological)",2016,2135.9
Guyana,"Meat of goat, fresh or chilled (biological)",2017,4280.9
Guyana,"Meat of goat, fresh or chilled (biological)",2018,3707.0
Guyana,"Meat of pig with the bone, fresh or chilled (biological)",2015,2361.0
Guyana,"Meat of pig with the bone, fresh or chilled (biological)",2016,2718.5
Guyana,"Meat of pig with the bone, fresh or chilled (biological)",2017,2675.5
Guyana,"Meat of pig with the bone, fresh or chilled (biological)",2018,3177.4
Guyana,"Meat of sheep, fresh or chilled (biological)",2015,3185.3
Guyana,"Meat of sheep, fresh or chilled (biological)",2016,1941.8
Guyana,"Meat of sheep, fresh or chilled (biological)",2017,4280.9
Guyana,"Meat of sheep, fresh or chilled (biological)",2018,3707.0
Guyana,Okra,2015,649.6
Guyana,Okra,2016,638.0
Guyana,Okra,2017,878.9
Guyana,Okra,2018,752.0
Guyana,"Onions and shallots, green",2018,1543.0
Guyana,Oranges,2015,654.5
Guyana,Oranges,2016,926.5
Guyana,Oranges,2017,815.4
Guyana,Oranges,2018,769.7
Guyana,"Other beans, green",2018,1558.4
Guyana,Papayas,2015,917.6
Guyana,Papayas,2016,777.3
Guyana,Papayas,2017,753.0
Guyana,Papayas,2018,728.2
Guyana,Pineapples,2015,633.0
Guyana,Pineapples,2016,588.5
Guyana,Pineapples,2017,498.6
Guyana,Pineapples,2018,455.0
Guyana,Plantains,2015,387.0
Guyana,Plantains,2016,484.0
Guyana,Plantains,2017,524.0
Guyana,Plantains,2018,456.0
Guyana,Plantains and cooking bananas,2015,381.3
Guyana,"Pumpkins, squash and gourds",2015,332.6
Guyana,"Pumpkins, squash and gourds",2016,240.2
Guyana,"Pumpkins, squash and gourds",2017,862.7
Guyana,"Pumpkins, squash and gourds",2018,1324.7
Guyana,Raw milk of cattle,2015,1232.2
Guyana,Raw milk of cattle,2016,774.8
Guyana,Raw milk of cattle,2017,1021.8
Guyana,Raw milk of cattle,2018,1059.1
Guyana,Sweet potatoes,2015,459.4
Guyana,Sweet potatoes,2016,437.0
Guyana,Sweet potatoes,2017,465.5
Guyana,Sweet potatoes,2018,371.9
Guyana,Taro,2015,437.8
Guyana,Taro,2016,353.5
Guyana,Taro,2017,332.3
Guyana,Taro,2018,421.3
Guyana,Tomatoes,2015,1199.2
Guyana,Tomatoes,2016,1510.9
Guyana,Tomatoes,2017,2072.8
Guyana,Tomatoes,2018,1569.4
Guyana,Watermelons,2015,478.7
Guyana,Watermelons,2016,444.1
Guyana,Watermelons,2017,493.8
Guyana,Watermelons,2018,414.6
Guyana,Yams,2015,1220.6
Guyana,Yams,2016,1031.1
Guyana,Yams,2017,1162.8
Guyana,Yams,2018,1408.9
Hungary,Apples,2015,144.6
Hungary,Apples,2016,96.1
Hungary,Apples,2017,220.9
Hungary,Apples,2018,97.6
Hungary,Apricots,2015,665.8
Hungary,Apricots,2016,576.1
Hungary,Apricots,2017,439.5
Hungary,Apricots,2018,794.5
Hungary,Asparagus,2015,1842.7
Hungary,Asparagus,2016,1935.2
Hungary,Asparagus,2017,1703.6
Hungary,Asparagus,2018,1608.0
Hungary,Barley,2015,150.0
Hungary,Barley,2016,130.5
Hungary,Barley,2017,131.7
Hungary,Barley,2018,159.9
Hungary,"Beans, dry",2015,950.9
Hungary,"Beans, dry",2016,786.6
Hungary,"Beans, dry",2017,780.1
Hungary,"Beans, dry",2018,736.3
Hungary,Blueberries,2015,5124.6
Hungary,Blueberries,2016,5940.2
Hungary,Blueberries,2017,7321.0
Hungary,Blueberries,2018,8242.1
Hungary,"Broad beans and horse beans, dry",2015,524.0
Hungary,Cabbages,2015,275.2
Hungary,Cabbages,2016,235.0
Hungary,Cabbages,2017,239.5
Hungary,Cabbages,2018,322.1
Hungary,Canary seed,2015,534.5
Hungary,Canary seed,2016,493.0
Hungary,Canary seed,2017,418.2
Hungary,Canary seed,2018,431.0
Hungary,Cantaloupes and other melons,2015,405.0
Hungary,Cantaloupes and other melons,2016,440.9
Hungary,Cantaloupes and other melons,2017,429.1
Hungary,Cantaloupes and other melons,2018,626.1
Hungary,Carrots and turnips,2015,208.5
Hungary,Carrots and turnips,2016,188.1
Hungary,Carrots and turnips,2017,149.0
Hungary,Carrots and turnips,2018,212.9
Hungary,Cauliflowers and broccoli,2015,481.8
Hungary,Cauliflowers and broccoli,2016,453.7
Hungary,Cauliflowers and broccoli,2017,432.3
Hungary,Cauliflowers and broccoli,2018,603.0
Hungary,Cherries,2015,1082.6
Hungary,Cherries,2016,968.9
Hungary,Cherries,2017,1079.1
Hungary,Cherries,2018,828.5
Hungary,"Chestnuts, in shell",2015,827.7
Hungary,"Chestnuts, in shell",2016,669.5
Hungary,"Chestnuts, in shell",2017,752.9
Hungary,"Chestnuts, in shell",2018,1212.4
Hungary,"Chick peas, dry",2015,743.3
Hungary,"Chillies and peppers, dry (Capsicum spp., Pimenta spp.), raw",2015,460.1
Hungary,"Chillies and peppers, dry (Capsicum spp., Pimenta spp.), raw",2016,296.1
Hungary,"Chillies and peppers, green (Capsicum spp. and Pimenta spp.)",2015,460.1
Hungary,"Chillies and peppers, green (Capsicum spp. and Pimenta spp.)",2016,476.7
Hungary,"Chillies and peppers, green (Capsicum spp. and Pimenta spp.)",2017,536.8
Hungary,"Chillies and peppers, green (Capsicum spp. and Pimenta spp.)",2018,605.6
Hungary,Cucumbers and gherkins,2015,451.9
Hungary,Cucumbers and gherkins,2016,455.4
Hungary,Cucumbers and gherkins,2017,509.5
Hungary,Cucumbers and gherkins,2018,646.6
Hungary,Currants,2015,352.7
Hungary,Currants,2016,426.2
Hungary,Currants,2017,561.6
Hungary,Currants,2018,582.6
Hungary,Eggplants (aubergines),2015,469.7
Hungary,Eggplants (aubergines),2016,529.5
Hungary,Eggplants (aubergines),2017,694.3
Hungary,Eggplants (aubergines),2018,843.5
Hungary,Gooseberries,2015,854.7
Hungary,Gooseberries,2016,685.8
Hungary,Gooseberries,2017,776.2
Hungary,Gooseberries,2018,586.0
Hungary,Grapes,2015,734.9
Hungary,Grapes,2016,1545.9
Hungary,Grapes,2017,1641.6
Hungary,Grapes,2018,580.6
Hungary,Green corn (maize),2015,137.7
Hungary,Green corn (maize),2016,133.0
Hungary,Green corn (maize),2017,148.1
Hungary,Green corn (maize),2018,134.8
Hungary,Green garlic,2015,1403.5
Hungary,Green garlic,2016,1941.3
Hungary,Green garlic,2017,1986.2
Hungary,Green garlic,2018,1652.4
Hungary,"Hen eggs in shell, fresh",2015,1233.8
Hungary,"Hen eggs in shell, fresh",2016,1129.7
Hungary,"Hen eggs in shell, fresh",2017,1501.5
Hungary,"Hen eggs in shell, fresh",2018,1630.9
Hungary,"Horse meat, fresh or chilled (biological)",2015,1807.5
Hungary,Leeks and other alliaceous vegetables,2015,921.0
Hungary,Leeks and other alliaceous vegetables,2016,843.9
Hungary,Leeks and other alliaceous vegetables,2017,933.1
Hungary,Leeks and other alliaceous vegetables,2018,1131.3
Hungary,"Lentils, dry",2015,1910.3
Hungary,Lettuce and chicory,2015,726.2
Hungary,Lettuce and chicory,2016,734.9
Hungary,Lettuce and chicory,2017,754.7
Hungary,Lettuce and chicory,2018,875.6
Hungary,Linseed,2015,1168.7
Hungary,Linseed,2016,539.5
Hungary,Linseed,2017,932.6
Hungary,Linseed,2018,774.6
Hungary,Maize (corn),2015,152.1
Hungary,Maize (corn),2016,148.0
Hungary,Maize (corn),2017,159.1
Hungary,Maize (corn),2018,170.6
Hungary,"Meat of cattle with the bone, fresh or chilled (biological)",2015,1490.4
Hungary,"Meat of cattle with the bone, fresh or chilled (biological)",2016,1431.0
Hungary,"Meat of cattle with the bone, fresh or chilled (biological)",2017,1493.8
Hungary,"Meat of cattle with the bone, fresh or chilled (biological)",2018,1532.0
Hungary,"Meat of chickens, fresh or chilled (biological)",2015,1091.8
Hungary,"Meat of chickens, fresh or chilled (biological)",2016,891.2
Hungary,"Meat of chickens, fresh or chilled (biological)",2017,904.3
Hungary,"Meat of chickens, fresh or chilled (biological)",2018,940.2
Hungary,"Meat of ducks, fresh or chilled (biological)",2015,1121.0
Hungary,"Meat of ducks, fresh or chilled (biological)",2016,1112.9
Hungary,"Meat of ducks, fresh or chilled (biological)",2017,1221.3
Hungary,"Meat of ducks, fresh or chilled (biological)",2018,1238.6
Hungary,"Meat of geese, fresh or chilled (biological)",2015,1912.6
Hungary,"Meat of geese, fresh or chilled (biological)",2016,1955.4
Hungary,"Meat of geese, fresh or chilled (biological)",2017,2158.1
Hungary,"Meat of geese, fresh or chilled (biological)",2018,2355.4
Hungary,"Meat of pig with the bone, fresh or chilled (biological)",2015,1238.9
Hungary,"Meat of pig with the bone, fresh or chilled (biological)",2016,1296.8
Hungary,"Meat of pig with the bone, fresh or chilled (biological)",2017,1474.0
Hungary,"Meat of pig with the bone, fresh or chilled (biological)",2018,1347.6
Hungary,"Meat of rabbits and hares, fresh or chilled (biological)",2015,1845.5
Hungary,"Meat of rabbits and hares, fresh or chilled (biological)",2016,1753.2
Hungary,"Meat of rabbits and hares, fresh or chilled (biological)",2017,1667.8
Hungary,"Meat of rabbits and hares, fresh or chilled (biological)",2018,1901.8
Hungary,"Meat of sheep, fresh or chilled (biological)",2015,2734.5
Hungary,"Meat of sheep, fresh or chilled (biological)",2016,2498.5
Hungary,"Meat of sheep, fresh or chilled (biological)",2017,2639.4
Hungary,"Meat of sheep, fresh or chilled (biological)",2018,2887.8
Hungary,"Meat of turkeys, fresh or chilled (biological)",2015,1405.7
Hungary,"Meat of turkeys, fresh or chilled (biological)",2016,1370.8
Hungary,"Meat of turkeys, fresh or chilled (biological)",2017,1369.8
Hungary,"Meat of turkeys, fresh or chilled (biological)",2018,1364.4
Hungary,Millet,2015,282.0
Hungary,Millet,2016,271.8
Hungary,Millet,2017,263.0
Hungary,Millet,2018,295.7
Hungary,Mushrooms and truffles,2015,1200.2
Hungary,Mushrooms and truffles,2016,1193.1
Hungary,Mushrooms and truffles,2017,1121.2
Hungary,Mushrooms and truffles,2018,1043.5
Hungary,Natural honey,2015,3319.5
Hungary,Natural honey,2016,2840.7
Hungary,Natural honey,2017,2997.6
Hungary,Natural honey,2018,3086.3
Hungary,Oats,2015,153.0
Hungary,Oats,2016,143.0
Hungary,Oats,2017,145.0
Hungary,Oats,2018,180.7
Hungary,"Onions and shallots, dry (excluding dehydrated)",2015,253.3
Hungary,"Onions and shallots, dry (excluding dehydrated)",2016,226.4
Hungary,"Onions and shallots, dry (excluding dehydrated)",2017,231.0
Hungary,"Onions and shallots, dry (excluding dehydrated)",2018,336.4
Hungary,"Other beans, green",2015,273.0
Hungary,"Other beans, green",2016,261.4
Hungary,"Other beans, green",2017,265.5
Hungary,"Other beans, green",2018,281.0
Hungary,Peaches and nectarines,2015,267.2
Hungary,Peaches and nectarines,2016,286.6
Hungary,Peaches and nectarines,2017,244.5
Hungary,Peaches and nectarines,2018,285.3
Hungary,Pears,2015,281.6
Hungary,Pears,2016,372.2
Hungary,Pears,2017,422.5
Hungary,Pears,2018,419.8
Hungary,"Peas, dry",2015,479.9
Hungary,"Peas, dry",2016,461.9
Hungary,"Peas, dry",2017,420.8
Hungary,"Peas, dry",2018,479.5
Hungary,"Peas, green",2015,306.8
Hungary,"Peas, green",2016,309.0
Hungary,"Peas, green",2017,312.7
Hungary,"Peas, green",2018,322.4
Hungary,Plums and sloes,2015,268.3
Hungary,Plums and sloes,2016,238.9
Hungary,Plums and sloes,2017,466.3
Hungary,Plums and sloes,2018,235.5
Hungary,Poppy seed,2015,2063.0
Hungary,Poppy seed,2016,1458.8
Hungary,Poppy seed,2017,1425.1
Hungary,Poppy seed,2018,4563.0
Hungary,Potatoes,2015,239.7
Hungary,Potatoes,2016,285.5
Hungary,Potatoes,2017,254.1
Hungary,Potatoes,2018,297.4
Hungary,"Pumpkins, squash and gourds",2015,218.4
Hungary,"Pumpkins, squash and gourds",2016,256.7
Hungary,"Pumpkins, squash and gourds",2017,227.8
Hungary,"Pumpkins, squash and gourds",2018,276.9
Hungary,Quinces,2015,544.3
Hungary,Quinces,2016,416.6
Hungary,Quinces,2017,475.6
Hungary,Quinces,2018,432.0
Hungary,Rape or colza seed,2015,404.7
Hungary,Rape or colza seed,2016,390.5
Hungary,Rape or colza seed,2017,407.6
Hungary,Rape or colza seed,2018,399.4
Hungary,Raspberries,2015,2034.0
Hungary,Raspberries,2016,2185.2
Hungary,Raspberries,2017,1980.3
Hungary,Raspberries,2018,2043.3
Hungary,Raw milk of cattle,2015,294.1
Hungary,Raw milk of cattle,2016,268.4
Hungary,Raw milk of cattle,2017,351.5
Hungary,Raw milk of cattle,2018,358.8
Hungary,Raw milk of sheep,2015,738.9
Hungary,Rice,2015,269.7
Hungary,Rye,2015,139.9
Hungary,Rye,2016,126.7
Hungary,Rye,2017,135.0
Hungary,Rye,2018,170.6
Hungary,"Shorn wool, greasy, including fleece-washed shorn wool",2015,1113.0
Hungary,"Shorn wool, greasy, including fleece-washed shorn wool",2016,1333.6
Hungary,"Shorn wool, greasy, including fleece-washed shorn wool",2017,804.6
Hungary,"Shorn wool, greasy, including fleece-washed shorn wool",2018,1211.7
Hungary,Sorghum,2015,140.2
Hungary,Sorghum,2016,139.7
Hungary,Sorghum,2017,143.0
Hungary,Sorghum,2018,161.4
Hungary,Sour cherries,2015,426.8
Hungary,Sour cherries,2016,456.7
Hungary,Sour cherries,2017,764.1
Hungary,Sour cherries,2018,343.1
Hungary,Soya beans,2015,365.6
Hungary,Soya beans,2016,374.0
Hungary,Soya beans,2017,405.9
Hungary,Soya beans,2018,399.0
Hungary,Spinach,2015,86.7
Hungary,Spinach,2016,81.9
Hungary,Spinach,2017,88.6
Hungary,Spinach,2018,94.9
Hungary,Strawberries,2015,2164.4
Hungary,Strawberries,2016,2297.7
Hungary,Strawberries,2017,2747.1
Hungary,Strawberries,2018,2397.8
Hungary,Sugar beet,2015,29.3
Hungary,Sugar beet,2016,33.2
Hungary,Sugar beet,2017,30.8
Hungary,Sugar beet,2018,30.2
Hungary,Sunflower seed,2015,403.3
Hungary,Sunflower seed,2016,375.9
Hungary,Sunflower seed,2017,364.4
Hungary,Sunflower seed,2018,359.8
Hungary,Tomatoes,2015,310.6
Hungary,Tomatoes,2016,326.0
Hungary,Tomatoes,2017,231.9
Hungary,Tomatoes,2018,230.2
Hungary,Triticale,2015,145.0
Hungary,Triticale,2016,122.4
Hungary,Triticale,2017,136.7
Hungary,Triticale,2018,155.3
Hungary,Unmanufactured tobacco,2015,1522.4
Hungary,Unmanufactured tobacco,2016,1288.6
Hungary,Unmanufactured tobacco,2017,1269.6
Hungary,Unmanufactured tobacco,2018,1299.2
Hungary,"Walnuts, in shell",2015,1492.2
Hungary,"Walnuts, in shell",2016,2281.4
Hungary,"Walnuts, in shell",2017,2152.1
Hungary,"Walnuts, in shell",2018,2588.9
Hungary,Watermelons,2015,137.0
Hungary,Watermelons,2016,110.7
Hungary,Watermelons,2017,128.9
Hungary,Watermelons,2018,151.8
Hungary,Wheat,2015,174.2
Hungary,Wheat,2016,141.9
Hungary,Wheat,2017,159.1
Hungary,Wheat,2018,181.2
Iceland,Barley,2015,280.5
Iceland,Barley,2016,249.6
Iceland,Barley,2017,281.7
Iceland,Cabbages,2015,877.8
Iceland,Cabbages,2016,1278.0
Iceland,Cabbages,2017,1523.7
Iceland,Cabbages,2018,1590.9
Iceland,Carrots and turnips,2015,2696.4
Iceland,Carrots and turnips,2016,3013.8
Iceland,Carrots and turnips,2017,3417.9
Iceland,Carrots and turnips,2018,3995.4
Iceland,Cauliflowers and broccoli,2015,2441.7
Iceland,Cauliflowers and broccoli,2016,2724.1
Iceland,Cauliflowers and broccoli,2017,3022.4
Iceland,Cauliflowers and broccoli,2018,3131.1
Iceland,Cucumbers and gherkins,2015,1887.5
Iceland,Cucumbers and gherkins,2016,2265.5
Iceland,Cucumbers and gherkins,2017,2633.4
Iceland,Cucumbers and gherkins,2018,2629.7
Iceland,"Hen eggs in shell, fresh",2015,3404.0
Iceland,"Hen eggs in shell, fresh",2016,3828.4
Iceland,"Hen eggs in shell, fresh",2017,3746.0
Iceland,"Hen eggs in shell, fresh",2018,3878.1
Iceland,"Horse meat, fresh or chilled",2015,1372.0
Iceland,"Horse meat, fresh or chilled",2016,1498.1
Iceland,"Horse meat, fresh or chilled",2017,1694.0
Iceland,"Horse meat, fresh or chilled",2018,956.1
Iceland,"Meat of cattle with the bone, fresh or chilled",2015,4022.2
Iceland,"Meat of cattle with the bone, fresh or chilled",2016,5648.8
Iceland,"Meat of cattle with the bone, fresh or chilled",2017,6459.9
Iceland,"Meat of cattle with the bone, fresh or chilled",2018,5964.9
Iceland,"Meat of chickens, fresh or chilled",2015,4001.3
Iceland,"Meat of chickens, fresh or chilled",2016,3949.7
Iceland,"Meat of chickens, fresh or chilled",2017,4442.8
Iceland,"Meat of chickens, fresh or chilled",2018,3342.6
Iceland,"Meat of pig with the bone, fresh or chilled",2015,3300.5
Iceland,"Meat of pig with the bone, fresh or chilled",2016,3604.0
Iceland,"Meat of pig with the bone, fresh or chilled",2017,4213.7
Iceland,"Meat of pig with the bone, fresh or chilled",2018,2867.3
Iceland,"Meat of sheep, fresh or chilled",2015,4250.4
Iceland,"Meat of sheep, fresh or chilled",2016,4453.2
Iceland,"Meat of sheep, fresh or chilled",2017,3265.3
Iceland,"Meat of sheep, fresh or chilled",2018,3214.6
Iceland,Mushrooms and truffles,2015,4762.8
Iceland,Mushrooms and truffles,2016,5378.6
Iceland,Mushrooms and truffles,2017,6062.1
Iceland,Mushrooms and truffles,2018,6306.5
Iceland,Potatoes,2015,808.8
Iceland,Potatoes,2016,903.1
Iceland,Potatoes,2017,950.8
Iceland,Potatoes,2018,1001.8
Iceland,Raw milk of cattle,2015,568.7
Iceland,Raw milk of cattle,2016,621.0
Iceland,Raw milk of cattle,2017,754.6
Iceland,Raw milk of cattle,2018,770.7
Iceland,"Shorn wool, greasy, including fleece-washed shorn wool",2015,4645.1
Iceland,"Shorn wool, greasy, including fleece-washed shorn wool",2016,5231.3
Iceland,"Shorn wool, greasy, including fleece-washed shorn wool",2017,5915.4
Iceland,"Shorn wool, greasy, including fleece-washed shorn wool",2018,6010.7
Iceland,Tomatoes,2015,4012.3
Iceland,Tomatoes,2016,4521.1
Iceland,Tomatoes,2017,5105.3
Iceland,Tomatoes,2018,5652.8
Indonesia,Areca nuts,2015,434.3
Indonesia,Avocados,2015,546.2
Indonesia,Avocados,2016,581.9
Indonesia,Avocados,2017,533.4
Indonesia,Avocados,2018,557.2
Indonesia,Cabbages,2015,356.9
Indonesia,Cabbages,2016,376.6
Indonesia,Cabbages,2017,456.1
Indonesia,Cabbages,2018,426.4
Indonesia,Cantaloupes and other melons,2015,440.5
Indonesia,Cantaloupes and other melons,2016,457.4
Indonesia,Cantaloupes and other melons,2017,451.0
Indonesia,Cantaloupes and other melons,2018,463.0
Indonesia,Carrots and turnips,2015,566.5
Indonesia,Carrots and turnips,2016,627.2
Indonesia,Carrots and turnips,2017,646.0
Indonesia,Carrots and turnips,2018,665.1
Indonesia,"Cashew nuts, in shell",2015,759.3
Indonesia,"Cashew nuts, in shell",2016,890.7
Indonesia,"Cashew nuts, in shell",2017,1185.9
Indonesia,"Cashew nuts, in shell",2018,1300.0
Indonesia,"Cassava, fresh",2015,190.6
Indonesia,"Cassava, fresh",2016,198.3
Indonesia,"Cassava, fresh",2017,202.1
Indonesia,"Cassava, fresh",2018,202.7
Indonesia,"Chillies and peppers, green (Capsicum spp. and Pimenta spp.)",2015,2162.7
Indonesia,"Chillies and peppers, green (Capsicum spp. and Pimenta spp.)",2016,2181.2
Indonesia,"Chillies and peppers, green (Capsicum spp. and Pimenta spp.)",2017,2661.6
Indonesia,"Chillies and peppers, green (Capsicum spp. and Pimenta spp.)",2018,2062.7
Indonesia,Cocoa beans,2015,1742.8
Indonesia,Cocoa beans,2016,1868.8
Indonesia,Cocoa beans,2017,1604.9
Indonesia,Cocoa beans,2018,1507.3
Indonesia,"Coffee, green",2015,1429.1
Indonesia,"Coffee, green",2016,1488.8
Indonesia,"Coffee, green",2017,1853.6
Indonesia,"Coffee, green",2018,1783.6
Indonesia,Cucumbers and gherkins,2015,340.4
Indonesia,Cucumbers and gherkins,2016,350.9
Indonesia,Cucumbers and gherkins,2017,303.9
Indonesia,Cucumbers and gherkins,2018,299.9
Indonesia,Eggplants (aubergines),2015,349.6
Indonesia,Eggplants (aubergines),2016,356.7
Indonesia,Eggplants (aubergines),2017,358.1
Indonesia,Eggplants (aubergines),2018,342.9
Indonesia,Green garlic,2016,1683.5
Indonesia,Green garlic,2017,2292.0
Indonesia,Green garlic,2018,1824.8
Indonesia,"Groundnuts, excluding shelled",2015,1006.7
Indonesia,"Groundnuts, excluding shelled",2016,1094.4
Indonesia,"Groundnuts, excluding shelled",2017,1160.8
Indonesia,"Groundnuts, excluding shelled",2018,1105.6
Indonesia,"Hen eggs in shell, fresh",2016,1718.9
Indonesia,"Hen eggs in shell, fresh",2017,1668.4
Indonesia,"Hen eggs in shell, fresh",2018,1706.6
Indonesia,Maize (corn),2015,282.2
Indonesia,Maize (corn),2016,307.7
Indonesia,Maize (corn),2017,319.4
Indonesia,Maize (corn),2018,318.3
Indonesia,"Mangoes, guavas and mangosteens",2015,532.7
Indonesia,"Mangoes, guavas and mangosteens",2016,572.9
Indonesia,"Mangoes, guavas and mangosteens",2017,720.9
Indonesia,"Mangoes, guavas and mangosteens",2018,696.5
Indonesia,"Meat of buffalo, fresh or chilled (biological)",2015,3563.4
Indonesia,"Meat of buffalo, fresh or chilled (biological)",2016,3889.0
Indonesia,"Meat of buffalo, fresh or chilled (biological)",2017,3867.9
Indonesia,"Meat of buffalo, fresh or chilled (biological)",2018,4167.3
Indonesia,"Meat of cattle with the bone, fresh or chilled (biological)",2015,3184.4
Indonesia,"Meat of cattle with the bone, fresh or chilled (biological)",2016,3530.9
Indonesia,"Meat of cattle with the bone, fresh or chilled (biological)",2017,3511.7
Indonesia,"Meat of cattle with the bone, fresh or chilled (biological)",2018,3806.5
Indonesia,"Meat of chickens, fresh or chilled (biological)",2015,2821.6
Indonesia,"Meat of chickens, fresh or chilled (biological)",2016,3200.1
Indonesia,"Meat of chickens, fresh or chilled (biological)",2017,2121.8
Indonesia,"Meat of chickens, fresh or chilled (biological)",2018,1985.6
Indonesia,"Meat of ducks, fresh or chilled (biological)",2015,2694.0
Indonesia,"Meat of ducks, fresh or chilled (biological)",2016,4412.3
Indonesia,"Meat of ducks, fresh or chilled (biological)",2017,2925.6
Indonesia,"Meat of ducks, fresh or chilled (biological)",2018,3109.6
Indonesia,"Meat of goat, fresh or chilled (biological)",2015,4093.9
Indonesia,"Meat of goat, fresh or chilled (biological)",2016,5803.4
Indonesia,"Meat of goat, fresh or chilled (biological)",2017,5771.9
Indonesia,"Meat of goat, fresh or chilled (biological)",2018,6334.0
Indonesia,"Meat of pig with the bone, fresh or chilled (biological)",2015,2159.4
Indonesia,"Meat of pig with the bone, fresh or chilled (biological)",2016,2311.1
Indonesia,"Meat of pig with the bone, fresh or chilled (biological)",2017,2298.6
Indonesia,"Meat of pig with the bone, fresh or chilled (biological)",2018,2296.1
Indonesia,Natural rubber in primary forms,2015,503.8
Indonesia,Natural rubber in primary forms,2016,479.1
Indonesia,Natural rubber in primary forms,2017,549.7
Indonesia,Natural rubber in primary forms,2018,484.2
Indonesia,"Nutmeg, mace, cardamoms, raw",2015,3774.7
Indonesia,"Nutmeg, mace, cardamoms, raw",2016,3865.9
Indonesia,"Nutmeg, mace, cardamoms, raw",2017,3567.6
Indonesia,"Nutmeg, mace, cardamoms, raw",2018,2966.8
Indonesia,Oil palm fruit,2015,101.3
Indonesia,Oil palm fruit,2016,111.0
Indonesia,Oil palm fruit,2017,92.2
Indonesia,Oil palm fruit,2018,76.5
Indonesia,"Onions and shallots, dry (excluding dehydrated)",2016,1403.5
Indonesia,"Onions and shallots, dry (excluding dehydrated)",2017,788.2
Indonesia,"Onions and shallots, dry (excluding dehydrated)",2018,1522.3
Indonesia,Oranges,2015,544.7
Indonesia,Oranges,2016,568.0
Indonesia,Oranges,2017,617.6
Indonesia,Oranges,2018,656.7
Indonesia,"Other beans, green",2015,1025.6
Indonesia,"Other beans, green",2016,816.2
Indonesia,"Other beans, green",2017,1121.2
Indonesia,"Other beans, green",2018,1142.6
Indonesia,Papayas,2015,271.8
Indonesia,Papayas,2016,283.0
Indonesia,Papayas,2017,306.9
Indonesia,Papayas,2018,296.0
Indonesia,"Pepper (Piper spp.), raw",2015,6651.4
Indonesia,"Pepper (Piper spp.), raw",2016,6736.4
Indonesia,"Pepper (Piper spp.), raw",2017,7793.4
Indonesia,"Pepper (Piper spp.), raw",2018,5887.1
Indonesia,Potatoes,2015,660.6
Indonesia,Potatoes,2016,761.0
Indonesia,Potatoes,2017,829.3
Indonesia,Potatoes,2018,766.1
Indonesia,Rice,2015,688.7
Indonesia,Rice,2016,703.2
Indonesia,Rice,2017,384.8
Indonesia,Rice,2018,364.9
Indonesia,Soya beans,2015,621.9
Indonesia,Soya beans,2016,622.5
Indonesia,Soya beans,2017,579.9
Indonesia,Soya beans,2018,579.3
Indonesia,Spinach,2015,389.4
Indonesia,Spinach,2016,401.8
Indonesia,Spinach,2017,427.2
Indonesia,Spinach,2018,426.4
Indonesia,Sweet potatoes,2015,282.3
Indonesia,Sweet potatoes,2016,296.1
Indonesia,Sweet potatoes,2017,316.3
Indonesia,Sweet potatoes,2018,313.3
Indonesia,Tomatoes,2015,590.8
Indonesia,Tomatoes,2016,644.9
Indonesia,Tomatoes,2017,476.7
Indonesia,Tomatoes,2018,499.0
Indonesia,Watermelons,2015,350.7
Indonesia,Watermelons,2016,361.7
Indonesia,Watermelons,2017,338.9
Indonesia,Watermelons,2018,351.3
Iran (Islamic Republic of),"Almonds, in shell",2015,4357.8
Iran (Islamic Republic of),"Almonds, in shell",2016,4757.6
Iran (Islamic Republic of),"Almonds, in shell",2017,4358.8
Iran (Islamic Republic of),"Almonds, in shell",2018,4517.2
Iran (Islamic Republic of),Apples,2015,441.5
Iran (Islamic Republic of),Apples,2016,493.9
Iran (Islamic Republic of),Apples,2017,422.5
Iran (Islamic Republic of),Apples,2018,459.9
Iran (Islamic Republic of),Apricots,2015,1236.1
Iran (Islamic Republic of),Apricots,2016,983.7
Iran (Islamic Republic of),Apricots,2017,864.9
Iran (Islamic Republic of),Apricots,2018,648.1
Iran (Islamic Republic of),Bananas,2015,599.6
Iran (Islamic Republic of),Bananas,2016,603.7
Iran (Islamic Republic of),Bananas,2017,605.4
Iran (Islamic Republic of),Bananas,2018,443.4
Iran (Islamic Republic of),Barley,2015,304.1
Iran (Islamic Republic of),Barley,2016,276.3
Iran (Islamic Republic of),Barley,2017,295.4
Iran (Islamic Republic of),Barley,2018,172.8
Iran (Islamic Republic of),"Beans, dry",2015,1299.7
Iran (Islamic Republic of),"Beans, dry",2016,1575.7
Iran (Islamic Republic of),"Beans, dry",2017,1560.5
Iran (Islamic Republic of),"Beans, dry",2018,1007.2
Iran (Islamic Republic of),"Broad beans and horse beans, green",2015,305.1
Iran (Islamic Republic of),"Broad beans and horse beans, green",2016,316.3
Iran (Islamic Republic of),"Broad beans and horse beans, green",2017,246.9
Iran (Islamic Republic of),"Broad beans and horse beans, green",2018,164.0
Iran (Islamic Republic of),Cantaloupes and other melons,2015,282.0
Iran (Islamic Republic of),Cantaloupes and other melons,2016,243.9
Iran (Islamic Republic of),Cantaloupes and other melons,2017,171.2
Iran (Islamic Republic of),Cantaloupes and other melons,2018,219.2
Iran (Islamic Republic of),Carrots and turnips,2015,155.3
Iran (Islamic Republic of),Carrots and turnips,2016,147.6
Iran (Islamic Republic of),Carrots and turnips,2017,125.8
Iran (Islamic Republic of),Carrots and turnips,2018,214.5
Iran (Islamic Republic of),Cherries,2015,1623.8
Iran (Islamic Republic of),Cherries,2016,1301.2
Iran (Islamic Republic of),Cherries,2017,1429.2
Iran (Islamic Republic of),Cherries,2018,1277.8
Iran (Islamic Republic of),"Chick peas, dry",2015,865.5
Iran (Islamic Republic of),"Chick peas, dry",2016,1330.3
Iran (Islamic Republic of),"Chick peas, dry",2017,1582.3
Iran (Islamic Republic of),"Chick peas, dry",2018,786.6
Iran (Islamic Republic of),"Cotton lint, ginned",2016,973.0
Iran (Islamic Republic of),"Cotton lint, ginned",2017,902.1
Iran (Islamic Republic of),"Cotton lint, ginned",2018,833.4
Iran (Islamic Republic of),Cucumbers and gherkins,2015,392.3
Iran (Islamic Republic of),Cucumbers and gherkins,2016,325.3
Iran (Islamic Republic of),Cucumbers and gherkins,2017,316.4
Iran (Islamic Republic of),Cucumbers and gherkins,2018,303.4
Iran (Islamic Republic of),Dates,2015,550.1
Iran (Islamic Republic of),Dates,2016,785.1
Iran (Islamic Republic of),Dates,2017,813.6
Iran (Islamic Republic of),Dates,2018,538.5
Iran (Islamic Republic of),Eggplants (aubergines),2015,311.9
Iran (Islamic Republic of),Eggplants (aubergines),2016,233.0
Iran (Islamic Republic of),Eggplants (aubergines),2017,198.4
Iran (Islamic Republic of),Eggplants (aubergines),2018,198.9
Iran (Islamic Republic of),Figs,2015,883.8
Iran (Islamic Republic of),Figs,2016,713.8
Iran (Islamic Republic of),Figs,2017,662.1
Iran (Islamic Republic of),Figs,2018,781.6
Iran (Islamic Republic of),Grapes,2015,429.4
Iran (Islamic Republic of),Grapes,2016,327.2
Iran (Islamic Republic of),Grapes,2017,419.8
Iran (Islamic Republic of),Grapes,2018,416.9
Iran (Islamic Republic of),Green garlic,2015,553.7
Iran (Islamic Republic of),Green garlic,2016,1038.1
Iran (Islamic Republic of),Green garlic,2017,1573.3
Iran (Islamic Republic of),Green garlic,2018,281.8
Iran (Islamic Republic of),"Hazelnuts, in shell",2015,3178.6
Iran (Islamic Republic of),"Hazelnuts, in shell",2016,5846.4
Iran (Islamic Republic of),"Hazelnuts, in shell",2017,4818.3
Iran (Islamic Republic of),"Hazelnuts, in shell",2018,6068.6
Iran (Islamic Republic of),Kiwi fruit,2015,485.3
Iran (Islamic Republic of),Kiwi fruit,2016,395.4
Iran (Islamic Republic of),Kiwi fruit,2017,452.7
Iran (Islamic Republic of),Kiwi fruit,2018,529.4
Iran (Islamic Republic of),Leeks and other alliaceous vegetables,2015,252.6
Iran (Islamic Republic of),Leeks and other alliaceous vegetables,2016,233.1
Iran (Islamic Republic of),Leeks and other alliaceous vegetables,2017,289.7
Iran (Islamic Republic of),Leeks and other alliaceous vegetables,2018,221.3
Iran (Islamic Republic of),Lemons and limes,2015,1636.3
Iran (Islamic Republic of),Lemons and limes,2016,1652.7
Iran (Islamic Republic of),Lemons and limes,2017,2495.8
Iran (Islamic Republic of),Lemons and limes,2018,1255.9
Iran (Islamic Republic of),"Lentils, dry",2015,1263.2
Iran (Islamic Republic of),"Lentils, dry",2016,1481.4
Iran (Islamic Republic of),"Lentils, dry",2017,1498.4
Iran (Islamic Republic of),"Lentils, dry",2018,723.0
Iran (Islamic Republic of),Lettuce and chicory,2015,195.1
Iran (Islamic Republic of),Lettuce and chicory,2016,178.7
Iran (Islamic Republic of),Lettuce and chicory,2017,148.6
Iran (Islamic Republic of),Lettuce and chicory,2018,211.6
Iran (Islamic Republic of),Maize (corn),2015,323.4
Iran (Islamic Republic of),Maize (corn),2016,377.7
Iran (Islamic Republic of),Maize (corn),2017,365.5
Iran (Islamic Republic of),Maize (corn),2018,210.6
Iran (Islamic Republic of),"Mangoes, guavas and mangosteens",2015,1292.1
Iran (Islamic Republic of),"Mangoes, guavas and mangosteens",2016,852.7
Iran (Islamic Republic of),"Mangoes, guavas and mangosteens",2017,1670.4
Iran (Islamic Republic of),"Mangoes, guavas and mangosteens",2018,620.3
Iran (Islamic Republic of),"Meat of cattle with the bone, fresh or chilled (biological)",2015,3925.6
Iran (Islamic Republic of),"Meat of cattle with the bone, fresh or chilled (biological)",2016,3797.5
Iran (Islamic Republic of),"Meat of cattle with the bone, fresh or chilled (biological)",2017,4078.1
Iran (Islamic Republic of),"Meat of cattle with the bone, fresh or chilled (biological)",2018,3477.0
Iran (Islamic Republic of),"Meat of goat, fresh or chilled (biological)",2015,3665.0
Iran (Islamic Republic of),"Meat of goat, fresh or chilled (biological)",2016,3803.7
Iran (Islamic Republic of),"Meat of goat, fresh or chilled (biological)",2017,4471.8
Iran (Islamic Republic of),"Meat of goat, fresh or chilled (biological)",2018,4034.9
Iran (Islamic Republic of),"Meat of sheep, fresh or chilled (biological)",2015,3794.7
Iran (Islamic Republic of),"Meat of sheep, fresh or chilled (biological)",2016,4012.6
Iran (Islamic Republic of),"Meat of sheep, fresh or chilled (biological)",2017,4775.2
Iran (Islamic Republic of),"Meat of sheep, fresh or chilled (biological)",2018,3441.9
Iran (Islamic Republic of),Millet,2015,648.0
Iran (Islamic Republic of),Millet,2016,468.9
Iran (Islamic Republic of),Millet,2017,396.2
Iran (Islamic Republic of),Millet,2018,472.5
Iran (Islamic Republic of),Natural honey,2015,8442.0
Iran (Islamic Republic of),Natural honey,2016,6680.0
Iran (Islamic Republic of),Natural honey,2017,4511.1
Iran (Islamic Republic of),Natural honey,2018,4025.6
Iran (Islamic Republic of),Olives,2015,1465.4
Iran (Islamic Republic of),Olives,2016,1325.0
Iran (Islamic Republic of),Olives,2017,1560.3
Iran (Islamic Republic of),Olives,2018,921.8
Iran (Islamic Republic of),"Onions and shallots, dry (excluding dehydrated)",2015,246.7
Iran (Islamic Republic of),"Onions and shallots, dry (excluding dehydrated)",2016,156.1
Iran (Islamic Republic of),"Onions and shallots, dry (excluding dehydrated)",2017,296.6
Iran (Islamic Republic of),"Onions and shallots, dry (excluding dehydrated)",2018,166.4
Iran (Islamic Republic of),Oranges,2015,499.6
Iran (Islamic Republic of),Oranges,2016,245.2
Iran (Islamic Republic of),Oranges,2017,269.8
Iran (Islamic Republic of),Oranges,2018,211.7
Iran (Islamic Republic of),"Other citrus fruit, n.e.c.",2015,532.8
Iran (Islamic Republic of),"Other citrus fruit, n.e.c.",2016,717.9
Iran (Islamic Republic of),"Other citrus fruit, n.e.c.",2017,763.0
Iran (Islamic Republic of),"Other citrus fruit, n.e.c.",2018,468.0
Iran (Islamic Republic of),Other pulses n.e.c.,2015,1610.4
Iran (Islamic Republic of),Other pulses n.e.c.,2016,1832.3
Iran (Islamic Republic of),Other pulses n.e.c.,2017,2364.9
Iran (Islamic Republic of),Other pulses n.e.c.,2018,1325.2
Iran (Islamic Republic of),Peaches and nectarines,2015,910.0
Iran (Islamic Republic of),Peaches and nectarines,2016,695.2
Iran (Islamic Republic of),Peaches and nectarines,2017,606.5
Iran (Islamic Republic of),Peaches and nectarines,2018,464.9
Iran (Islamic Republic of),Pears,2015,1447.9
Iran (Islamic Republic of),Pears,2016,1554.5
Iran (Islamic Republic of),Pears,2017,1109.4
Iran (Islamic Republic of),Pears,2018,826.0
Iran (Islamic Republic of),Persimmons,2015,714.1
Iran (Islamic Republic of),Persimmons,2016,494.1
Iran (Islamic Republic of),Persimmons,2017,595.2
Iran (Islamic Republic of),Persimmons,2018,434.4
Iran (Islamic Republic of),"Pistachios, in shell",2015,10079.1
Iran (Islamic Republic of),"Pistachios, in shell",2016,7943.1
Iran (Islamic Republic of),"Pistachios, in shell",2017,7444.5
Iran (Islamic Republic of),"Pistachios, in shell",2018,11675.0
Iran (Islamic Republic of),Plums and sloes,2015,714.3
Iran (Islamic Republic of),Plums and sloes,2016,619.8
Iran (Islamic Republic of),Plums and sloes,2017,466.1
Iran (Islamic Republic of),Plums and sloes,2018,485.9
Iran (Islamic Republic of),Pomelos and grapefruits,2015,348.6
Iran (Islamic Republic of),Pomelos and grapefruits,2016,327.5
Iran (Islamic Republic of),Pomelos and grapefruits,2017,410.8
Iran (Islamic Republic of),Pomelos and grapefruits,2018,256.3
Iran (Islamic Republic of),Potatoes,2015,185.2
Iran (Islamic Republic of),Potatoes,2016,136.4
Iran (Islamic Republic of),Potatoes,2017,203.6
Iran (Islamic Republic of),Potatoes,2018,182.5
Iran (Islamic Republic of),Quinces,2015,930.4
Iran (Islamic Republic of),Quinces,2016,792.6
Iran (Islamic Republic of),Quinces,2017,774.4
Iran (Islamic Republic of),Quinces,2018,473.6
Iran (Islamic Republic of),Rape or colza seed,2015,747.7
Iran (Islamic Republic of),Raw milk of buffalo,2015,913.4
Iran (Islamic Republic of),Raw milk of buffalo,2016,921.8
Iran (Islamic Republic of),Raw milk of buffalo,2017,873.7
Iran (Islamic Republic of),Raw milk of buffalo,2018,496.9
Iran (Islamic Republic of),Raw milk of cattle,2015,388.6
Iran (Islamic Republic of),Raw milk of cattle,2016,366.1
Iran (Islamic Republic of),Raw milk of cattle,2017,355.2
Iran (Islamic Republic of),Raw milk of cattle,2018,232.0
Iran (Islamic Republic of),Raw milk of goats,2015,934.8
Iran (Islamic Republic of),Raw milk of goats,2016,1057.7
Iran (Islamic Republic of),Raw milk of goats,2017,1060.1
Iran (Islamic Republic of),Raw milk of goats,2018,550.3
Iran (Islamic Republic of),Raw milk of sheep,2015,1010.6
Iran (Islamic Republic of),Raw milk of sheep,2016,1174.2
Iran (Islamic Republic of),Raw milk of sheep,2017,1280.9
Iran (Islamic Republic of),Raw milk of sheep,2018,664.9
Iran (Islamic Republic of),Rice,2015,910.6
Iran (Islamic Republic of),Rice,2016,1158.9
Iran (Islamic Republic of),Rice,2017,1195.8
Iran (Islamic Republic of),Rice,2018,710.7
Iran (Islamic Republic of),"Seed cotton, unginned",2015,841.9
Iran (Islamic Republic of),"Seed cotton, unginned",2016,973.0
Iran (Islamic Republic of),"Seed cotton, unginned",2017,902.1
Iran (Islamic Republic of),Sesame seed,2015,2010.0
Iran (Islamic Republic of),Sesame seed,2016,1746.0
Iran (Islamic Republic of),Sesame seed,2017,1797.8
Iran (Islamic Republic of),Sesame seed,2018,2195.4
Iran (Islamic Republic of),"Shorn wool, greasy, including fleece-washed shorn wool",2015,491.8
Iran (Islamic Republic of),"Shorn wool, greasy, including fleece-washed shorn wool",2016,562.0
Iran (Islamic Republic of),"Shorn wool, greasy, including fleece-washed shorn wool",2017,624.7
Iran (Islamic Republic of),"Shorn wool, greasy, including fleece-washed shorn wool",2018,321.8
Iran (Islamic Republic of),Silk-worm cocoons suitable for reeling,2015,6843.1
Iran (Islamic Republic of),Silk-worm cocoons suitable for reeling,2016,7039.2
Iran (Islamic Republic of),Silk-worm cocoons suitable for reeling,2017,7044.8
Iran (Islamic Republic of),Sour cherries,2015,1130.8
Iran (Islamic Republic of),Sour cherries,2016,991.7
Iran (Islamic Republic of),Sour cherries,2017,945.8
Iran (Islamic Republic of),Sour cherries,2018,591.4
Iran (Islamic Republic of),Soya beans,2015,645.0
Iran (Islamic Republic of),Soya beans,2016,712.1
Iran (Islamic Republic of),Soya beans,2017,694.3
Iran (Islamic Republic of),Soya beans,2018,358.8
Iran (Islamic Republic of),Spinach,2015,201.1
Iran (Islamic Republic of),Spinach,2016,236.9
Iran (Islamic Republic of),Spinach,2017,205.5
Iran (Islamic Republic of),Spinach,2018,190.5
Iran (Islamic Republic of),Strawberries,2015,2210.4
Iran (Islamic Republic of),Strawberries,2016,1223.1
Iran (Islamic Republic of),Strawberries,2017,1924.6
Iran (Islamic Republic of),Strawberries,2018,1009.6
Iran (Islamic Republic of),String beans,2015,454.9
Iran (Islamic Republic of),String beans,2016,490.0
Iran (Islamic Republic of),String beans,2017,521.8
Iran (Islamic Republic of),String beans,2018,365.9
Iran (Islamic Republic of),Sugar beet,2015,89.9
Iran (Islamic Republic of),Sugar beet,2016,95.6
Iran (Islamic Republic of),Sugar beet,2017,102.7
Iran (Islamic Republic of),Sugar beet,2018,47.5
Iran (Islamic Republic of),Sugar cane,2015,39.8
Iran (Islamic Republic of),Sugar cane,2016,40.4
Iran (Islamic Republic of),Sugar cane,2017,42.2
Iran (Islamic Republic of),Sugar cane,2018,31.8
Iran (Islamic Republic of),Sunflower seed,2015,1493.7
Iran (Islamic Republic of),Sunflower seed,2016,1359.7
Iran (Islamic Republic of),Sunflower seed,2017,1247.8
Iran (Islamic Republic of),Sunflower seed,2018,1523.2
Iran (Islamic Republic of),"Tangerines, mandarins, clementines",2015,382.6
Iran (Islamic Republic of),"Tangerines, mandarins, clementines",2016,297.0
Iran (Islamic Republic of),"Tangerines, mandarins, clementines",2017,317.4
Iran (Islamic Republic of),"Tangerines, mandarins, clementines",2018,300.2
Iran (Islamic Republic of),Tea leaves,2015,602.7
Iran (Islamic Republic of),Tea leaves,2016,511.5
Iran (Islamic Republic of),Tea leaves,2017,551.8
Iran (Islamic Republic of),Tea leaves,2018,291.5
Iran (Islamic Republic of),Tomatoes,2015,187.3
Iran (Islamic Republic of),Tomatoes,2016,124.4
Iran (Islamic Republic of),Tomatoes,2017,178.7
Iran (Islamic Republic of),Tomatoes,2018,244.6
Iran (Islamic Republic of),Unmanufactured tobacco,2015,3717.9
Iran (Islamic Republic of),Unmanufactured tobacco,2016,3620.9
Iran (Islamic Republic of),Unmanufactured tobacco,2017,3011.4
Iran (Islamic Republic of),Unmanufactured tobacco,2018,2005.6
Iran (Islamic Republic of),"Walnuts, in shell",2015,6338.4
Iran (Islamic Republic of),"Walnuts, in shell",2016,6699.8
Iran (Islamic Republic of),"Walnuts, in shell",2017,6001.6
Iran (Islamic Republic of),"Walnuts, in shell",2018,4724.6
Iran (Islamic Republic of),Watermelons,2015,125.5
Iran (Islamic Republic of),Watermelons,2016,147.7
Iran (Islamic Republic of),Watermelons,2017,93.7
Iran (Islamic Republic of),Watermelons,2018,129.9
Iran (Islamic Republic of),Wheat,2015,397.6
Iran (Islamic Republic of),Wheat,2016,401.8
Iran (Islamic Republic of),Wheat,2017,388.2
Iran (Islamic Republic of),Wheat,2018,191.3
Iraq,Apples,2015,736.7
Iraq,Apples,2016,660.7
Iraq,Apples,2017,691.7
Iraq,Apples,2018,706.8
Iraq,Apricots,2015,1040.0
Iraq,Apricots,2016,1033.0
Iraq,Apricots,2017,1050.7
Iraq,Apricots,2018,1068.7
Iraq,Barley,2015,361.5
Iraq,Barley,2016,312.2
Iraq,Barley,2017,301.5
Iraq,Barley,2018,312.0
Iraq,"Broad beans and horse beans, dry",2015,1094.8
Iraq,"Broad beans and horse beans, dry",2016,1100.7
Iraq,"Broad beans and horse beans, dry",2017,999.2
Iraq,"Broad beans and horse beans, dry",2018,992.6
Iraq,"Broad beans and horse beans, green",2015,438.6
Iraq,"Broad beans and horse beans, green",2016,553.3
Iraq,"Broad beans and horse beans, green",2017,545.6
Iraq,"Broad beans and horse beans, green",2018,520.0
Iraq,Cabbages,2015,424.0
Iraq,Cabbages,2016,372.3
Iraq,Cabbages,2017,356.4
Iraq,Cabbages,2018,323.8
Iraq,Cantaloupes and other melons,2015,436.9
Iraq,Cantaloupes and other melons,2016,389.2
Iraq,Cantaloupes and other melons,2017,397.0
Iraq,Cantaloupes and other melons,2018,399.1
Iraq,Carrots and turnips,2015,412.1
Iraq,Carrots and turnips,2016,358.7
Iraq,Carrots and turnips,2017,380.9
Iraq,Carrots and turnips,2018,703.4
Iraq,Cauliflowers and broccoli,2015,514.0
Iraq,Cauliflowers and broccoli,2016,435.7
Iraq,Cauliflowers and broccoli,2017,415.5
Iraq,Cauliflowers and broccoli,2018,391.5
Iraq,"Chick peas, dry",2015,1285.0
Iraq,"Chick peas, dry",2016,1366.3
Iraq,"Chick peas, dry",2017,1424.0
Iraq,"Chillies and peppers, green (Capsicum spp. and Pimenta spp.)",2015,1610.5
Iraq,"Chillies and peppers, green (Capsicum spp. and Pimenta spp.)",2016,1488.2
Iraq,"Chillies and peppers, green (Capsicum spp. and Pimenta spp.)",2017,1427.4
Iraq,"Chillies and peppers, green (Capsicum spp. and Pimenta spp.)",2018,999.4
Iraq,Cucumbers and gherkins,2015,965.4
Iraq,Cucumbers and gherkins,2016,884.1
Iraq,Cucumbers and gherkins,2017,897.0
Iraq,Cucumbers and gherkins,2018,438.0
Iraq,Dates,2015,398.3
Iraq,Dates,2016,384.9
Iraq,Dates,2017,363.2
Iraq,Dates,2018,722.9
Iraq,Eggplants (aubergines),2015,531.1
Iraq,Eggplants (aubergines),2016,444.2
Iraq,Eggplants (aubergines),2017,429.9
Iraq,Eggplants (aubergines),2018,437.1
Iraq,Figs,2015,1113.6
Iraq,Figs,2016,1198.8
Iraq,Figs,2017,1145.3
Iraq,Figs,2018,1207.4
Iraq,Grapes,2015,685.3
Iraq,Grapes,2016,797.0
Iraq,Grapes,2017,850.5
Iraq,Grapes,2018,850.6
Iraq,Green garlic,2015,693.9
Iraq,Green garlic,2016,878.2
Iraq,Green garlic,2017,763.5
Iraq,Green garlic,2018,749.1
Iraq,"Hen eggs in shell, fresh",2015,2741.3
Iraq,"Hen eggs in shell, fresh",2016,2656.5
Iraq,"Hen eggs in shell, fresh",2017,2837.8
Iraq,"Hen eggs in shell, fresh",2018,2891.6
Iraq,Lemons and limes,2015,1105.1
Iraq,Lemons and limes,2016,1434.0
Iraq,Lemons and limes,2017,2046.5
Iraq,Lemons and limes,2018,1569.2
Iraq,"Lentils, dry",2015,1107.7
Iraq,"Lentils, dry",2016,1105.8
Iraq,"Lentils, dry",2017,972.1
Iraq,"Lentils, dry",2018,957.9
Iraq,Lettuce and chicory,2015,464.3
Iraq,Lettuce and chicory,2016,422.2
Iraq,Lettuce and chicory,2017,392.7
Iraq,Lettuce and chicory,2018,392.3
Iraq,Maize (corn),2015,599.7
Iraq,Maize (corn),2016,509.3
Iraq,Maize (corn),2017,495.8
Iraq,Maize (corn),2018,470.9
Iraq,"Meat of buffalo, fresh or chilled (biological)",2015,4501.9
Iraq,"Meat of buffalo, fresh or chilled (biological)",2016,4897.4
Iraq,"Meat of buffalo, fresh or chilled (biological)",2017,4973.0
Iraq,"Meat of buffalo, fresh or chilled (biological)",2018,4704.7
Iraq,"Meat of camels, fresh or chilled (biological)",2015,3627.6
Iraq,"Meat of camels, fresh or chilled (biological)",2016,4423.2
Iraq,"Meat of camels, fresh or chilled (biological)",2017,4282.1
Iraq,"Meat of camels, fresh or chilled (biological)",2018,4121.2
Iraq,"Meat of cattle with the bone, fresh or chilled (biological)",2015,4160.1
Iraq,"Meat of cattle with the bone, fresh or chilled (biological)",2016,4726.5
Iraq,"Meat of cattle with the bone, fresh or chilled (biological)",2017,4656.2
Iraq,"Meat of cattle with the bone, fresh or chilled (biological)",2018,4708.3
Iraq,"Meat of chickens, fresh or chilled (biological)",2015,2408.1
Iraq,"Meat of chickens, fresh or chilled (biological)",2016,2261.0
Iraq,"Meat of chickens, fresh or chilled (biological)",2017,2186.4
Iraq,"Meat of chickens, fresh or chilled (biological)",2018,3842.8
Iraq,"Meat of goat, fresh or chilled (biological)",2015,4560.9
Iraq,"Meat of goat, fresh or chilled (biological)",2016,5016.6
Iraq,"Meat of goat, fresh or chilled (biological)",2017,5133.5
Iraq,"Meat of goat, fresh or chilled (biological)",2018,5245.7
Iraq,"Meat of sheep, fresh or chilled (biological)",2015,5950.2
Iraq,"Meat of sheep, fresh or chilled (biological)",2016,5854.3
Iraq,"Meat of sheep, fresh or chilled (biological)",2017,5666.2
Iraq,"Meat of sheep, fresh or chilled (biological)",2018,5602.2
Iraq,Millet,2015,576.5
Iraq,Millet,2016,524.5
Iraq,Millet,2017,459.5
Iraq,Millet,2018,478.5
Iraq,Oats,2016,732.7
Iraq,Oats,2017,700.2
Iraq,Oats,2018,646.8
Iraq,Okra,2015,1927.5
Iraq,Okra,2016,1769.9
Iraq,Okra,2017,1703.5
Iraq,Okra,2018,1742.5
Iraq,Olives,2015,732.4
Iraq,Olives,2016,801.2
Iraq,Olives,2017,760.1
Iraq,Olives,2018,718.7
Iraq,"Onions and shallots, dry (excluding dehydrated)",2015,428.3
Iraq,"Onions and shallots, dry (excluding dehydrated)",2016,357.0
Iraq,"Onions and shallots, dry (excluding dehydrated)",2017,337.8
Iraq,"Onions and shallots, dry (excluding dehydrated)",2018,314.5
Iraq,"Onions and shallots, green",2015,385.5
Iraq,"Onions and shallots, green",2016,385.8
Iraq,"Onions and shallots, green",2017,362.3
Iraq,"Onions and shallots, green",2018,341.6
Iraq,Oranges,2015,651.1
Iraq,Oranges,2016,597.3
Iraq,Oranges,2017,592.9
Iraq,Oranges,2018,620.6
Iraq,"Other beans, green",2015,1045.1
Iraq,"Other beans, green",2016,1099.8
Iraq,"Other beans, green",2017,1159.6
Iraq,"Other beans, green",2018,996.8
Iraq,Peaches and nectarines,2015,1028.0
Iraq,Peaches and nectarines,2017,864.0
Iraq,Peaches and nectarines,2018,874.2
Iraq,Pears,2015,625.4
Iraq,Pears,2016,600.7
Iraq,Pears,2017,601.4
Iraq,Pears,2018,612.1
Iraq,Plums and sloes,2015,762.4
Iraq,Plums and sloes,2016,715.7
Iraq,Plums and sloes,2017,771.1
Iraq,Plums and sloes,2018,777.8
Iraq,Potatoes,2015,578.2
Iraq,Potatoes,2016,493.2
Iraq,Potatoes,2017,460.3
Iraq,Potatoes,2018,480.2
Iraq,"Pumpkins, squash and gourds",2015,890.9
Iraq,"Pumpkins, squash and gourds",2016,937.4
Iraq,"Pumpkins, squash and gourds",2017,963.7
Iraq,"Pumpkins, squash and gourds",2018,405.0
Iraq,Raw milk of cattle,2015,792.4
Iraq,Raw milk of cattle,2016,895.1
Iraq,Raw milk of cattle,2017,912.2
Iraq,Raw milk of cattle,2018,964.7
Iraq,Rice,2015,567.1
Iraq,Rice,2016,537.2
Iraq,Rice,2017,560.0
Iraq,Rice,2018,574.9
Iraq,Sorghum,2015,646.8
Iraq,Sorghum,2016,644.7
Iraq,Sorghum,2017,613.2
Iraq,Sorghum,2018,590.2
Iraq,Spinach,2015,568.8
Iraq,Spinach,2016,544.0
Iraq,Spinach,2017,528.7
Iraq,Spinach,2018,525.9
Iraq,String beans,2015,1028.0
Iraq,String beans,2016,1029.6
Iraq,String beans,2017,973.8
Iraq,String beans,2018,1198.1
Iraq,"Tangerines, mandarins, clementines",2015,750.4
Iraq,"Tangerines, mandarins, clementines",2016,670.1
Iraq,"Tangerines, mandarins, clementines",2017,712.0
Iraq,"Tangerines, mandarins, clementines",2018,733.0
Iraq,Tomatoes,2015,475.4
Iraq,Tomatoes,2016,368.0
Iraq,Tomatoes,2017,390.2
Iraq,Tomatoes,2018,396.5
Iraq,Watermelons,2015,340.1
Iraq,Watermelons,2016,324.9
Iraq,Watermelons,2017,344.6
Iraq,Watermelons,2018,350.9
Iraq,Wheat,2015,460.0
Iraq,Wheat,2016,403.6
Iraq,Wheat,2017,349.7
Iraq,Wheat,2018,366.1
Ireland,Cabbages,2015,415.9
Ireland,Cabbages,2016,414.8
Ireland,Cabbages,2017,442.5
Ireland,Cabbages,2018,570.8
Ireland,Carrots and turnips,2015,499.1
Ireland,Carrots and turnips,2016,442.5
Ireland,Carrots and turnips,2017,451.9
Ireland,Carrots and turnips,2018,448.8
Ireland,Cauliflowers and broccoli,2015,665.4
Ireland,Cauliflowers and broccoli,2016,663.7
Ireland,Cauliflowers and broccoli,2017,677.8
Ireland,Cauliflowers and broccoli,2018,821.9
Ireland,Lettuce and chicory,2015,869.1
Ireland,Lettuce and chicory,2016,872.3
Ireland,Lettuce and chicory,2017,954.7
Ireland,Lettuce and chicory,2018,915.0
Ireland,"Meat of cattle with the bone, fresh or chilled (biological)",2015,2479.0
Ireland,"Meat of cattle with the bone, fresh or chilled (biological)",2016,2288.4
Ireland,"Meat of cattle with the bone, fresh or chilled (biological)",2017,2342.6
Ireland,"Meat of cattle with the bone, fresh or chilled (biological)",2018,2335.2
Ireland,Mushrooms and truffles,2015,1985.2
Ireland,Mushrooms and truffles,2016,2057.4
Ireland,Mushrooms and truffles,2017,2044.7
Ireland,Mushrooms and truffles,2018,2137.5
Ireland,Oats,2016,141.9
Ireland,Oats,2017,151.5
Ireland,Oats,2018,241.4
Ireland,"Onions and shallots, dry (excluding dehydrated)",2018,330.7
Ireland,Raw milk of cattle,2015,305.3
Ireland,Raw milk of cattle,2016,278.0
Ireland,Raw milk of cattle,2017,378.8
Ireland,Raw milk of cattle,2018,400.3
Ireland,Tomatoes,2015,1552.7
Ireland,Tomatoes,2016,1548.6
Ireland,Tomatoes,2017,1581.6
Ireland,Tomatoes,2018,1653.3
Ireland,Wheat,2016,154.6
Ireland,Wheat,2017,168.2
Ireland,Wheat,2018,240.3
Israel,"Almonds, in shell",2015,6974.3
Israel,"Almonds, in shell",2016,7551.0
Israel,"Almonds, in shell",2017,8507.9
Israel,"Almonds, in shell",2018,10483.6
Israel,Apples,2015,1314.2
Israel,Apples,2016,1340.5
Israel,Apples,2017,1437.4
Israel,Apples,2018,1765.5
Israel,Apricots,2015,3088.5
Israel,Apricots,2016,3654.3
Israel,Apricots,2017,2445.0
Israel,Apricots,2018,4767.8
Israel,Artichokes,2015,1384.8
Israel,Artichokes,2016,1076.4
Israel,Artichokes,2017,1627.4
Israel,Artichokes,2018,1476.7
Israel,Asparagus,2015,3370.7
Israel,Asparagus,2016,3450.1
Israel,Asparagus,2017,5109.8
Israel,Asparagus,2018,4607.1
Israel,Avocados,2015,2016.1
Israel,Avocados,2016,2394.0
Israel,Avocados,2017,2105.7
Israel,Avocados,2018,2700.7
Israel,Bananas,2015,1217.7
Israel,Bananas,2016,1043.7
Israel,Bananas,2017,1307.1
Israel,Bananas,2018,943.9
Israel,Barley,2015,231.6
Israel,Barley,2016,195.3
Israel,Barley,2017,208.4
Israel,Barley,2018,323.6
Israel,"Broad beans and horse beans, dry",2015,1153.1
Israel,"Broad beans and horse beans, dry",2016,1088.9
Israel,"Broad beans and horse beans, dry",2017,1144.2
Israel,"Broad beans and horse beans, dry",2018,939.5
Israel,Cabbages,2015,657.7
Israel,Cabbages,2016,457.7
Israel,Cabbages,2017,543.2
Israel,Cabbages,2018,513.3
Israel,Cantaloupes and other melons,2015,740.5
Israel,Cantaloupes and other melons,2016,830.9
Israel,Cantaloupes and other melons,2017,777.7
Israel,Cantaloupes and other melons,2018,990.1
Israel,Carrots and turnips,2015,628.1
Israel,Carrots and turnips,2016,453.4
Israel,Carrots and turnips,2017,506.6
Israel,Carrots and turnips,2018,629.4
Israel,Cauliflowers and broccoli,2015,993.7
Israel,Cauliflowers and broccoli,2016,735.0
Israel,Cauliflowers and broccoli,2017,896.9
Israel,Cauliflowers and broccoli,2018,1119.0
Israel,Cherries,2015,4650.0
Israel,Cherries,2016,5692.3
Israel,Cherries,2017,5789.5
Israel,Cherries,2018,10600.0
Israel,"Chick peas, dry",2015,771.8
Israel,"Chick peas, dry",2016,1041.5
Israel,"Chick peas, dry",2017,1139.0
Israel,"Chick peas, dry",2018,1141.9
Israel,"Chillies and peppers, green (Capsicum spp. and Pimenta spp.)",2015,1114.7
Israel,"Chillies and peppers, green (Capsicum spp. and Pimenta spp.)",2016,989.2
Israel,"Chillies and peppers, green (Capsicum spp. and Pimenta spp.)",2017,1183.8
Israel,"Chillies and peppers, green (Capsicum spp. and Pimenta spp.)",2018,1051.9
Israel,"Cotton lint, ginned",2015,2974.9
Israel,"Cotton lint, ginned",2016,2972.3
Israel,"Cotton lint, ginned",2017,3302.7
Israel,"Cotton lint, ginned",2018,3055.5
Israel,Cotton seed,2015,241.8
Israel,Cotton seed,2016,259.1
Israel,Cotton seed,2017,276.6
Israel,Cotton seed,2018,341.2
Israel,Cucumbers and gherkins,2015,869.1
Israel,Cucumbers and gherkins,2016,802.5
Israel,Cucumbers and gherkins,2017,812.9
Israel,Cucumbers and gherkins,2018,922.4
Israel,Dates,2015,3312.9
Israel,Dates,2016,3779.4
Israel,Dates,2017,4225.9
Israel,Dates,2018,5302.8
Israel,Eggplants (aubergines),2015,895.5
Israel,Eggplants (aubergines),2016,725.1
Israel,Eggplants (aubergines),2017,728.4
Israel,Eggplants (aubergines),2018,856.7
Israel,Figs,2015,2493.0
Israel,Figs,2016,2773.6
Israel,Figs,2017,3338.7
Israel,Figs,2018,3518.1
Israel,Grapes,2015,2275.8
Israel,Grapes,2016,2951.7
Israel,Grapes,2017,2518.8
Israel,Grapes,2018,3850.7
Israel,Green garlic,2015,2543.7
Israel,Green garlic,2016,3317.3
Israel,Green garlic,2017,2814.2
Israel,Green garlic,2018,2656.1
Israel,"Groundnuts, excluding shelled",2015,1608.0
Israel,"Groundnuts, excluding shelled",2016,1562.3
Israel,"Groundnuts, excluding shelled",2017,1666.9
Israel,"Groundnuts, excluding shelled",2018,1671.0
Israel,"Hen eggs in shell, fresh",2015,1081.0
Israel,"Hen eggs in shell, fresh",2016,1056.1
Israel,"Hen eggs in shell, fresh",2017,1129.9
Israel,"Hen eggs in shell, fresh",2018,1172.5
Israel,Kiwi fruit,2015,2509.3
Israel,Kiwi fruit,2016,2487.8
Israel,Kiwi fruit,2017,3386.8
Israel,Kiwi fruit,2018,2966.1
Israel,Lemons and limes,2015,731.7
Israel,Lemons and limes,2016,1258.9
Israel,Lemons and limes,2017,828.7
Israel,Lemons and limes,2018,888.4
Israel,"Lentils, dry",2015,746.1
Israel,"Lentils, dry",2016,768.1
Israel,"Lentils, dry",2017,819.5
Israel,"Lentils, dry",2018,821.6
Israel,Lettuce and chicory,2015,1577.2
Israel,Lettuce and chicory,2016,1564.1
Israel,Lettuce and chicory,2017,1761.3
Israel,Lettuce and chicory,2018,1923.7
Israel,Locust beans (carobs),2015,141.5
Israel,Maize (corn),2015,1107.3
Israel,Maize (corn),2016,1046.2
Israel,Maize (corn),2017,1101.0
Israel,Maize (corn),2018,1116.0
Israel,"Mangoes, guavas and mangosteens",2015,2352.1
Israel,"Mangoes, guavas and mangosteens",2016,2447.8
Israel,"Mangoes, guavas and mangosteens",2017,2060.3
Israel,"Mangoes, guavas and mangosteens",2018,3434.3
Israel,"Meat of cattle with the bone, fresh or chilled (biological)",2015,3903.3
Israel,"Meat of cattle with the bone, fresh or chilled (biological)",2016,3352.4
Israel,"Meat of cattle with the bone, fresh or chilled (biological)",2017,2876.2
Israel,"Meat of cattle with the bone, fresh or chilled (biological)",2018,3078.4
Israel,"Meat of chickens, fresh or chilled (biological)",2015,1612.2
Israel,"Meat of chickens, fresh or chilled (biological)",2016,1634.4
Israel,"Meat of chickens, fresh or chilled (biological)",2017,1760.4
Israel,"Meat of chickens, fresh or chilled (biological)",2018,1830.9
Israel,"Meat of goat, fresh or chilled (biological)",2015,3875.5
Israel,"Meat of goat, fresh or chilled (biological)",2016,3923.1
Israel,"Meat of goat, fresh or chilled (biological)",2017,4172.2
Israel,"Meat of goat, fresh or chilled (biological)",2018,5603.3
Israel,"Meat of pig with the bone, fresh or chilled (biological)",2015,4291.7
Israel,"Meat of pig with the bone, fresh or chilled (biological)",2016,4171.8
Israel,"Meat of pig with the bone, fresh or chilled (biological)",2017,4583.5
Israel,"Meat of pig with the bone, fresh or chilled (biological)",2018,5114.0
Israel,"Meat of sheep, fresh or chilled (biological)",2015,6580.7
Israel,"Meat of sheep, fresh or chilled (biological)",2016,7166.4
Israel,"Meat of sheep, fresh or chilled (biological)",2017,7062.5
Israel,"Meat of sheep, fresh or chilled (biological)",2018,6794.5
Israel,"Meat of turkeys, fresh or chilled (biological)",2015,1792.5
Israel,"Meat of turkeys, fresh or chilled (biological)",2016,1732.6
Israel,"Meat of turkeys, fresh or chilled (biological)",2017,1854.7
Israel,"Meat of turkeys, fresh or chilled (biological)",2018,1874.6
Israel,Mushrooms and truffles,2015,6311.1
Israel,Mushrooms and truffles,2016,6387.1
Israel,Mushrooms and truffles,2017,5834.1
Israel,Mushrooms and truffles,2018,6957.1
Israel,Natural honey,2015,4631.0
Israel,Natural honey,2016,4686.8
Israel,Natural honey,2017,5000.6
Israel,Natural honey,2018,5013.1
Israel,Olives,2015,1157.8
Israel,Olives,2016,1093.6
Israel,Olives,2017,1305.7
Israel,Olives,2018,1253.3
Israel,"Onions and shallots, dry (excluding dehydrated)",2015,529.6
Israel,"Onions and shallots, dry (excluding dehydrated)",2016,540.2
Israel,"Onions and shallots, dry (excluding dehydrated)",2017,495.7
Israel,"Onions and shallots, dry (excluding dehydrated)",2018,638.9
Israel,"Onions and shallots, green",2015,1084.8
Israel,"Onions and shallots, green",2016,1223.8
Israel,"Onions and shallots, green",2017,1439.1
Israel,"Onions and shallots, green",2018,1464.7
Israel,Oranges,2015,783.9
Israel,Oranges,2016,720.7
Israel,Oranges,2017,695.4
Israel,Oranges,2018,545.3
Israel,"Other beans, green",2015,2168.3
Israel,"Other beans, green",2016,2070.1
Israel,"Other beans, green",2017,2222.7
Israel,"Other beans, green",2018,2186.0
Israel,"Other citrus fruit, n.e.c.",2015,1091.4
Israel,"Other citrus fruit, n.e.c.",2016,1078.5
Israel,"Other citrus fruit, n.e.c.",2017,690.4
Israel,"Other citrus fruit, n.e.c.",2018,869.8
Israel,"Other nuts (excluding wild edible nuts and groundnuts), in shell, n.e.c.",2015,6182.4
Israel,"Other nuts (excluding wild edible nuts and groundnuts), in shell, n.e.c.",2016,7732.4
Israel,"Other nuts (excluding wild edible nuts and groundnuts), in shell, n.e.c.",2017,8254.4
Israel,"Other nuts (excluding wild edible nuts and groundnuts), in shell, n.e.c.",2018,7067.0
Israel,Papayas,2015,2685.7
Israel,Papayas,2016,2551.5
Israel,Papayas,2017,1966.5
Israel,Papayas,2018,1901.9
Israel,Peaches and nectarines,2015,1587.4
Israel,Peaches and nectarines,2016,1738.3
Israel,Peaches and nectarines,2017,1828.3
Israel,Peaches and nectarines,2018,2288.2
Israel,Pears,2015,1635.1
Israel,Pears,2016,1618.7
Israel,Pears,2017,1884.7
Israel,Pears,2018,2288.2
Israel,"Peas, dry",2015,447.4
Israel,"Peas, dry",2016,425.2
Israel,"Peas, dry",2017,455.4
Israel,"Peas, dry",2018,479.3
Israel,"Peas, green",2015,1793.7
Israel,"Peas, green",2016,1953.4
Israel,"Peas, green",2017,3572.5
Israel,"Peas, green",2018,2958.0
Israel,Persimmons,2015,1665.8
Israel,Persimmons,2016,1962.1
Israel,Persimmons,2017,1697.1
Israel,Persimmons,2018,2122.2
Israel,Pineapples,2015,4943.8
Israel,Pineapples,2016,5015.1
Israel,Pineapples,2017,5714.6
Israel,Pineapples,2018,5320.6
Israel,Plums and sloes,2015,1683.2
Israel,Plums and sloes,2016,2420.2
Israel,Plums and sloes,2017,1944.4
Israel,Plums and sloes,2018,2669.2
Israel,Pomelos and grapefruits,2015,749.2
Israel,Pomelos and grapefruits,2016,768.4
Israel,Pomelos and grapefruits,2017,724.3
Israel,Pomelos and grapefruits,2018,901.8
Israel,Potatoes,2015,596.1
Israel,Potatoes,2016,532.0
Israel,Potatoes,2017,666.7
Israel,Potatoes,2018,636.4
Israel,"Pumpkins, squash and gourds",2015,846.9
Israel,"Pumpkins, squash and gourds",2016,708.6
Israel,"Pumpkins, squash and gourds",2017,805.2
Israel,"Pumpkins, squash and gourds",2018,709.1
Israel,Quinces,2015,2582.8
Israel,Quinces,2016,2670.7
Israel,Quinces,2017,2661.5
Israel,Quinces,2018,3452.9
Israel,Raw milk of cattle,2015,531.1
Israel,Raw milk of cattle,2016,488.0
Israel,Raw milk of cattle,2017,546.8
Israel,Raw milk of cattle,2018,559.0
Israel,Raw milk of goats,2015,1008.5
Israel,Raw milk of goats,2016,936.2
Israel,Raw milk of goats,2017,1054.5
Israel,Raw milk of goats,2018,1043.8
Israel,Raw milk of sheep,2015,978.5
Israel,Raw milk of sheep,2016,977.2
Israel,Raw milk of sheep,2017,991.6
Israel,Raw milk of sheep,2018,1028.8
Israel,Safflower seed,2015,1608.0
Israel,Safflower seed,2016,1562.3
Israel,Safflower seed,2017,1528.0
Israel,Safflower seed,2018,1531.8
Israel,Sorghum,2015,185.2
Israel,Spinach,2015,3472.8
Israel,Spinach,2016,3482.3
Israel,Spinach,2017,2480.7
Israel,Spinach,2018,2913.2
Israel,Strawberries,2015,2950.0
Israel,Strawberries,2016,3981.1
Israel,Strawberries,2017,3162.2
Israel,Strawberries,2018,2765.0
Israel,Sunflower seed,2015,5012.4
Israel,Sunflower seed,2016,4210.6
Israel,Sunflower seed,2017,3492.1
Israel,Sunflower seed,2018,3202.8
Israel,Sweet potatoes,2015,1191.0
Israel,Sweet potatoes,2016,1104.5
Israel,Sweet potatoes,2017,1177.9
Israel,Sweet potatoes,2018,1179.2
Israel,"Tangerines, mandarins, clementines",2015,785.7
Israel,"Tangerines, mandarins, clementines",2016,848.1
Israel,"Tangerines, mandarins, clementines",2017,940.4
Israel,"Tangerines, mandarins, clementines",2018,861.1
Israel,Tomatoes,2015,1084.6
Israel,Tomatoes,2016,942.6
Israel,Tomatoes,2017,1058.5
Israel,Tomatoes,2018,1025.0
Israel,Watermelons,2015,465.9
Israel,Watermelons,2016,569.6
Israel,Watermelons,2017,484.2
Israel,Watermelons,2018,843.6
Israel,Wheat,2015,209.9
Israel,Wheat,2016,215.1
Israel,Wheat,2017,233.4
Israel,Wheat,2018,283.8
Italy,"Almonds, in shell",2015,1753.3
Italy,"Almonds, in shell",2016,1762.9
Italy,"Almonds, in shell",2017,1647.3
Italy,"Almonds, in shell",2018,1539.9
Italy,Apples,2015,490.0
Italy,Apples,2016,597.3
Italy,Apples,2017,609.9
Italy,Apples,2018,791.2
Italy,"Beans, dry",2015,2035.5
Italy,"Beans, dry",2016,2380.9
Italy,"Beans, dry",2017,2527.0
Italy,"Beans, dry",2018,2408.4
Italy,"Hazelnuts, in shell",2015,5003.9
Italy,"Hazelnuts, in shell",2016,3555.6
Italy,"Hazelnuts, in shell",2017,3162.4
Italy,"Hazelnuts, in shell",2018,4057.7
Italy,"Hen eggs in shell, fresh",2015,1396.3
Italy,"Hen eggs in shell, fresh",2016,1201.2
Italy,"Hen eggs in shell, fresh",2017,1439.7
Italy,"Hen eggs in shell, fresh",2018,1613.8
Italy,Lemons and limes,2015,510.9
Italy,Lemons and limes,2016,559.0
Italy,Lemons and limes,2017,578.6
Italy,Lemons and limes,2018,759.3
Italy,Maize (corn),2015,180.3
Italy,Maize (corn),2016,203.6
Italy,Maize (corn),2017,214.0
Italy,Maize (corn),2018,224.1
Italy,"Meat of cattle with the bone, fresh or chilled (biological)",2015,2854.4
Italy,"Meat of cattle with the bone, fresh or chilled (biological)",2016,2836.3
Italy,"Meat of cattle with the bone, fresh or chilled (biological)",2017,2925.9
Italy,"Meat of cattle with the bone, fresh or chilled (biological)",2018,3440.6
Italy,"Meat of chickens, fresh or chilled (biological)",2015,1588.7
Italy,"Meat of chickens, fresh or chilled (biological)",2016,1496.5
Italy,"Meat of chickens, fresh or chilled (biological)",2017,1619.0
Italy,"Meat of chickens, fresh or chilled (biological)",2018,1660.7
Italy,"Meat of pig with the bone, fresh or chilled (biological)",2015,2247.5
Italy,"Meat of pig with the bone, fresh or chilled (biological)",2016,2425.7
Italy,"Meat of pig with the bone, fresh or chilled (biological)",2017,2955.9
Italy,"Meat of pig with the bone, fresh or chilled (biological)",2018,3020.7
Italy,Oats,2015,248.7
Italy,Oats,2016,209.9
Italy,Oats,2017,199.3
Italy,Oats,2018,272.4
Italy,Oranges,2015,552.4
Italy,Oranges,2016,542.7
Italy,Oranges,2017,607.6
Italy,Oranges,2018,728.0
Italy,Potatoes,2015,403.0
Italy,Potatoes,2016,454.8
Italy,Potatoes,2017,457.4
Italy,Potatoes,2018,405.2
Italy,Raw milk of cattle,2015,424.0
Italy,Raw milk of cattle,2016,410.7
Italy,Raw milk of cattle,2017,452.3
Italy,Raw milk of cattle,2018,469.4
Italy,Rice,2015,626.2
Italy,Rice,2016,505.2
Italy,Rice,2017,390.6
Italy,Rice,2018,403.9
Italy,Tomatoes,2015,899.6
Italy,Tomatoes,2016,880.1
Italy,Tomatoes,2017,895.2
Italy,Tomatoes,2018,1003.9
Italy,"Walnuts, in shell",2015,3719.3
Italy,"Walnuts, in shell",2016,3611.3
Italy,"Walnuts, in shell",2017,3301.2
Italy,"Walnuts, in shell",2018,3774.4
Italy,Wheat,2015,215.9
Italy,Wheat,2016,197.1
Italy,Wheat,2017,212.1
Italy,Wheat,2018,245.6
Jamaica,Bananas,2015,684.4
Jamaica,Bananas,2016,703.5
Jamaica,Bananas,2017,687.7
Jamaica,Bananas,2018,682.9
Jamaica,"Beans, dry",2015,2236.8
Jamaica,"Beans, dry",2016,2464.8
Jamaica,"Beans, dry",2017,2373.6
Jamaica,"Beans, dry",2018,2490.9
Jamaica,"Broad beans and horse beans, dry",2015,2201.7
Jamaica,"Broad beans and horse beans, dry",2016,2148.6
Jamaica,"Broad beans and horse beans, dry",2017,2170.0
Jamaica,"Broad beans and horse beans, dry",2018,2282.4
Jamaica,Cabbages,2015,96.0
Jamaica,Cabbages,2016,851.0
Jamaica,Cabbages,2017,823.7
Jamaica,Cabbages,2018,870.4
Jamaica,Cantaloupes and other melons,2015,1087.3
Jamaica,Cantaloupes and other melons,2016,1038.2
Jamaica,Cantaloupes and other melons,2017,1458.2
Jamaica,Cantaloupes and other melons,2018,1329.4
Jamaica,Carrots and turnips,2015,1128.7
Jamaica,Carrots and turnips,2016,1025.8
Jamaica,Carrots and turnips,2017,1466.5
Jamaica,Carrots and turnips,2018,1213.5
Jamaica,"Cassava, fresh",2015,389.5
Jamaica,"Cassava, fresh",2016,335.5
Jamaica,"Cassava, fresh",2017,351.3
Jamaica,"Cassava, fresh",2018,425.0
Jamaica,Cauliflowers and broccoli,2015,1962.8
Jamaica,Cauliflowers and broccoli,2016,1736.8
Jamaica,Cauliflowers and broccoli,2017,2594.6
Jamaica,Cauliflowers and broccoli,2018,2048.5
Jamaica,"Chillies and peppers, dry (Capsicum spp., Pimenta spp.), raw",2015,3583.3
Jamaica,"Chillies and peppers, dry (Capsicum spp., Pimenta spp.), raw",2016,3524.7
Jamaica,"Chillies and peppers, dry (Capsicum spp., Pimenta spp.), raw",2017,3445.6
Jamaica,"Chillies and peppers, dry (Capsicum spp., Pimenta spp.), raw",2018,3421.4
Jamaica,"Chillies and peppers, green (Capsicum spp. and Pimenta spp.)",2015,2151.7
Jamaica,"Chillies and peppers, green (Capsicum spp. and Pimenta spp.)",2016,2097.2
Jamaica,"Chillies and peppers, green (Capsicum spp. and Pimenta spp.)",2017,2688.6
Jamaica,"Chillies and peppers, green (Capsicum spp. and Pimenta spp.)",2018,2432.8
Jamaica,Cocoa beans,2015,1710.9
Jamaica,Cocoa beans,2016,2078.4
Jamaica,Cocoa beans,2017,2031.8
Jamaica,Cocoa beans,2018,2017.5
Jamaica,"Coffee, green",2015,2572.2
Jamaica,"Coffee, green",2016,2695.1
Jamaica,"Coffee, green",2017,2551.0
Jamaica,"Coffee, green",2018,1646.2
Jamaica,"Cow peas, dry",2015,2807.7
Jamaica,"Cow peas, dry",2016,2639.4
Jamaica,"Cow peas, dry",2017,2672.4
Jamaica,"Cow peas, dry",2018,2908.0
Jamaica,Cucumbers and gherkins,2015,787.7
Jamaica,Cucumbers and gherkins,2016,702.3
Jamaica,Cucumbers and gherkins,2017,707.6
Jamaica,Cucumbers and gherkins,2018,691.3
Jamaica,"Edible roots and tubers with high starch or inulin content, n.e.c., fresh",2015,1220.7
Jamaica,"Edible roots and tubers with high starch or inulin content, n.e.c., fresh",2016,1274.5
Jamaica,"Edible roots and tubers with high starch or inulin content, n.e.c., fresh",2017,1272.1
Jamaica,"Edible roots and tubers with high starch or inulin content, n.e.c., fresh",2018,1328.8
Jamaica,Eggplants (aubergines),2015,826.0
Jamaica,Eggplants (aubergines),2016,1089.1
Jamaica,Eggplants (aubergines),2017,1021.8
Jamaica,Eggplants (aubergines),2018,1034.7
Jamaica,"Ginger, raw",2015,1397.5
Jamaica,"Ginger, raw",2016,1835.2
Jamaica,"Ginger, raw",2017,2885.9
Jamaica,"Ginger, raw",2018,3377.7
Jamaica,Green corn (maize),2015,3102.7
Jamaica,Green corn (maize),2016,3343.5
Jamaica,Green corn (maize),2017,3688.0
Jamaica,Green corn (maize),2018,3741.6
Jamaica,"Groundnuts, excluding shelled",2015,2534.0
Jamaica,"Groundnuts, excluding shelled",2016,2232.9
Jamaica,"Groundnuts, excluding shelled",2017,1837.2
Jamaica,"Groundnuts, excluding shelled",2018,3275.8
Jamaica,Lettuce and chicory,2015,1846.4
Jamaica,Lettuce and chicory,2016,1542.7
Jamaica,Lettuce and chicory,2017,1990.2
Jamaica,Lettuce and chicory,2018,1844.4
Jamaica,Maize (corn),2015,3315.8
Jamaica,Maize (corn),2016,3317.1
Jamaica,Maize (corn),2017,3688.0
Jamaica,Maize (corn),2018,3741.6
Jamaica,Okra,2015,1391.0
Jamaica,Okra,2016,1490.6
Jamaica,Okra,2017,1501.4
Jamaica,Okra,2018,1584.7
Jamaica,"Onions and shallots, dry (excluding dehydrated)",2015,1275.0
Jamaica,"Onions and shallots, dry (excluding dehydrated)",2016,1452.3
Jamaica,"Onions and shallots, dry (excluding dehydrated)",2017,1193.6
Jamaica,"Onions and shallots, dry (excluding dehydrated)",2018,1418.1
Jamaica,"Onions and shallots, green",2015,1277.2
Jamaica,"Onions and shallots, green",2016,788.8
Jamaica,"Onions and shallots, green",2017,1735.1
Jamaica,"Onions and shallots, green",2018,885.8
Jamaica,Oranges,2015,2586.9
Jamaica,Oranges,2016,2417.4
Jamaica,Oranges,2017,2275.6
Jamaica,Oranges,2018,2441.2
Jamaica,"Other vegetables, fresh n.e.c.",2015,549.3
Jamaica,"Other vegetables, fresh n.e.c.",2016,809.4
Jamaica,"Other vegetables, fresh n.e.c.",2017,957.9
Jamaica,"Other vegetables, fresh n.e.c.",2018,994.7
Jamaica,Papayas,2015,1151.9
Jamaica,Papayas,2016,987.7
Jamaica,Papayas,2017,1039.9
Jamaica,Papayas,2018,1141.7
Jamaica,"Peas, dry",2015,2572.3
Jamaica,"Peas, dry",2016,2805.3
Jamaica,"Peas, dry",2017,2691.7
Jamaica,"Peas, dry",2018,2840.7
Jamaica,"Pigeon peas, dry",2015,2265.9
Jamaica,"Pigeon peas, dry",2016,2323.1
Jamaica,"Pigeon peas, dry",2017,2227.7
Jamaica,"Pigeon peas, dry",2018,2430.3
Jamaica,Pineapples,2015,1042.1
Jamaica,Pineapples,2016,1066.6
Jamaica,Pineapples,2017,1143.2
Jamaica,Pineapples,2018,1312.7
Jamaica,Plantains,2016,752.0
Jamaica,Plantains,2017,758.0
Jamaica,Plantains,2018,749.0
Jamaica,Plantains and cooking bananas,2015,855.2
Jamaica,Plantains and cooking bananas,2016,746.5
Jamaica,Potatoes,2015,1230.4
Jamaica,Potatoes,2016,1079.2
Jamaica,Potatoes,2017,1017.6
Jamaica,Potatoes,2018,1321.8
Jamaica,"Pumpkins, squash and gourds",2015,751.7
Jamaica,"Pumpkins, squash and gourds",2016,624.2
Jamaica,"Pumpkins, squash and gourds",2017,836.8
Jamaica,"Pumpkins, squash and gourds",2018,805.0
Jamaica,Rice,2015,1204.4
Jamaica,Rice,2016,1018.3
Jamaica,Spinach,2016,582.6
Jamaica,Spinach,2017,608.2
Jamaica,Spinach,2018,614.7
Jamaica,String beans,2015,1270.9
Jamaica,String beans,2016,1276.0
Jamaica,String beans,2017,1411.7
Jamaica,String beans,2018,1299.4
Jamaica,Sugar cane,2015,37.0
Jamaica,Sugar cane,2016,25.4
Jamaica,Sugar cane,2017,33.3
Jamaica,Sugar cane,2018,27.3
Jamaica,Sweet potatoes,2015,1071.3
Jamaica,Sweet potatoes,2016,954.7
Jamaica,Sweet potatoes,2017,1145.5
Jamaica,Sweet potatoes,2018,1077.8
Jamaica,Tomatoes,2015,1577.4
Jamaica,Tomatoes,2016,1030.3
Jamaica,Tomatoes,2017,1284.8
Jamaica,Tomatoes,2018,1014.7
Jamaica,Watermelons,2015,799.2
Jamaica,Watermelons,2016,777.0
Jamaica,Watermelons,2017,773.6
Jamaica,Watermelons,2018,869.8
Jamaica,Yams,2015,1207.3
Jamaica,Yams,2016,1138.0
Jamaica,Yams,2017,1278.9
Jamaica,Yams,2018,1566.4
Japan,Apples,2015,1991.8
Japan,Apples,2016,2598.5
Japan,Apples,2017,2242.2
Japan,Apples,2018,2680.6
Japan,Apricots,2015,1679.6
Japan,Apricots,2016,2644.5
Japan,Apricots,2017,3492.1
Japan,Apricots,2018,2655.2
Japan,Asparagus,2015,7840.1
Japan,Asparagus,2016,9140.3
Japan,Asparagus,2017,10110.0
Japan,Asparagus,2018,9662.8
Japan,Barley,2015,1178.2
Japan,Barley,2016,1243.5
Japan,Barley,2017,1192.9
Japan,Barley,2018,1276.2
Japan,Buckwheat,2015,2713.4
Japan,Buckwheat,2016,2974.1
Japan,Buckwheat,2017,2938.1
Japan,Buckwheat,2018,3356.8
Japan,Cabbages,2015,685.7
Japan,Cabbages,2016,729.8
Japan,Cabbages,2017,663.3
Japan,Cabbages,2018,797.8
Japan,Cantaloupes and other melons,2015,3139.4
Japan,Cantaloupes and other melons,2016,3668.4
Japan,Cantaloupes and other melons,2017,3411.0
Japan,Cantaloupes and other melons,2018,3578.1
Japan,Carrots and turnips,2015,779.9
Japan,Carrots and turnips,2016,1308.0
Japan,Carrots and turnips,2017,819.3
Japan,Carrots and turnips,2018,1198.1
Japan,Cherries,2015,18592.4
Japan,Cherries,2016,17331.1
Japan,Cherries,2017,15753.4
Japan,Cherries,2018,12669.4
Japan,"Chestnuts, in shell",2015,4059.7
Japan,"Chestnuts, in shell",2016,5505.9
Japan,"Chestnuts, in shell",2017,5595.3
Japan,"Chestnuts, in shell",2018,4527.1
Japan,"Chillies and peppers, green (Capsicum spp. and Pimenta spp.)",2015,3408.7
Japan,"Chillies and peppers, green (Capsicum spp. and Pimenta spp.)",2016,3806.3
Japan,"Chillies and peppers, green (Capsicum spp. and Pimenta spp.)",2017,3279.1
Japan,"Chillies and peppers, green (Capsicum spp. and Pimenta spp.)",2018,3646.0
Japan,Cucumbers and gherkins,2015,2321.5
Japan,Cucumbers and gherkins,2016,2693.2
Japan,Cucumbers and gherkins,2017,2234.2
Japan,Cucumbers and gherkins,2018,2570.1
Japan,Eggplants (aubergines),2015,2785.8
Japan,Eggplants (aubergines),2016,3071.9
Japan,Eggplants (aubergines),2017,2890.4
Japan,Eggplants (aubergines),2018,3126.2
Japan,"Ginger, raw",2015,4817.3
Japan,"Ginger, raw",2016,5520.6
Japan,"Ginger, raw",2017,5282.3
Japan,"Ginger, raw",2018,5478.0
Japan,Grapes,2015,5194.4
Japan,Grapes,2016,5993.0
Japan,Grapes,2017,6563.9
Japan,Grapes,2018,6656.2
Japan,Green corn (maize),2015,1733.3
Japan,Green corn (maize),2016,2113.2
Japan,Green corn (maize),2017,1829.4
Japan,Green corn (maize),2018,1979.7
Japan,Green garlic,2015,13763.6
Japan,Green garlic,2016,14743.6
Japan,Green garlic,2017,14826.2
Japan,Green garlic,2018,14589.3
Japan,"Groundnuts, excluding shelled",2015,7808.5
Japan,"Groundnuts, excluding shelled",2016,7111.4
Japan,"Groundnuts, excluding shelled",2017,6365.6
Japan,"Groundnuts, excluding shelled",2018,6846.4
Japan,"Hen eggs in shell, fresh",2015,1872.0
Japan,"Hen eggs in shell, fresh",2016,1934.9
Japan,"Hen eggs in shell, fresh",2017,1900.8
Japan,"Hen eggs in shell, fresh",2018,1752.3
Japan,Kiwi fruit,2015,3100.3
Japan,Kiwi fruit,2016,4312.5
Japan,Kiwi fruit,2017,4120.9
Japan,Kiwi fruit,2018,3813.6
Japan,Leeks and other alliaceous vegetables,2015,2488.4
Japan,Leeks and other alliaceous vegetables,2016,3132.6
Japan,Leeks and other alliaceous vegetables,2017,2943.8
Japan,Leeks and other alliaceous vegetables,2018,3387.0
Japan,Lettuce and chicory,2015,1357.4
Japan,Lettuce and chicory,2016,1615.9
Japan,Lettuce and chicory,2017,1238.3
Japan,Lettuce and chicory,2018,1223.5
Japan,"Mangoes, guavas and mangosteens",2015,21422.0
Japan,"Mangoes, guavas and mangosteens",2016,26187.4
Japan,"Mangoes, guavas and mangosteens",2017,23193.3
Japan,"Mangoes, guavas and mangosteens",2018,24492.1
Japan,"Meat of cattle with the bone, fresh or chilled (biological)",2015,13267.9
Japan,"Meat of cattle with the bone, fresh or chilled (biological)",2016,16122.4
Japan,"Meat of cattle with the bone, fresh or chilled (biological)",2017,15173.9
Japan,"Meat of cattle with the bone, fresh or chilled (biological)",2018,15531.2
Japan,"Meat of chickens, fresh or chilled (biological)",2015,1896.8
Japan,"Meat of chickens, fresh or chilled (biological)",2016,2067.2
Japan,"Meat of chickens, fresh or chilled (biological)",2017,2036.3
Japan,"Meat of chickens, fresh or chilled (biological)",2018,2039.4
Japan,"Meat of pig with the bone, fresh or chilled (biological)",2015,3124.5
Japan,"Meat of pig with the bone, fresh or chilled (biological)",2016,3287.9
Japan,"Meat of pig with the bone, fresh or chilled (biological)",2017,3479.7
Japan,"Meat of pig with the bone, fresh or chilled (biological)",2018,3120.7
Japan,"Onions and shallots, green",2015,705.5
Japan,"Onions and shallots, green",2016,812.6
Japan,"Onions and shallots, green",2017,734.6
Japan,"Onions and shallots, green",2018,888.4
Japan,Oranges,2015,966.6
Japan,Oranges,2016,1105.8
Japan,Oranges,2017,1105.5
Japan,Oranges,2018,1142.0
Japan,"Other beans, green",2015,5415.4
Japan,"Other beans, green",2016,5751.3
Japan,"Other beans, green",2017,5610.4
Japan,"Other beans, green",2018,6159.0
Japan,Peaches and nectarines,2015,3532.6
Japan,Peaches and nectarines,2016,3934.1
Japan,Peaches and nectarines,2017,3979.8
Japan,Peaches and nectarines,2018,4564.3
Japan,Pears,2015,2867.6
Japan,Pears,2016,2979.1
Japan,Pears,2017,3005.4
Japan,Pears,2018,3202.2
Japan,"Peas, green",2015,10021.1
Japan,"Peas, green",2016,14513.8
Japan,"Peas, green",2017,11500.8
Japan,"Peas, green",2018,11102.7
Japan,Persimmons,2015,1687.8
Japan,Persimmons,2016,2398.1
Japan,Persimmons,2017,2024.7
Japan,Persimmons,2018,2092.9
Japan,Pineapples,2015,1164.9
Japan,Pineapples,2016,1348.4
Japan,Pineapples,2017,1332.8
Japan,Pineapples,2018,1368.4
Japan,Plums and sloes,2015,3620.3
Japan,Plums and sloes,2016,3944.3
Japan,Plums and sloes,2017,4701.3
Japan,Plums and sloes,2018,4696.2
Japan,Potatoes,2015,944.3
Japan,Potatoes,2016,1314.4
Japan,Potatoes,2017,1009.2
Japan,Potatoes,2018,775.2
Japan,"Pumpkins, squash and gourds",2015,1381.3
Japan,"Pumpkins, squash and gourds",2016,1591.1
Japan,"Pumpkins, squash and gourds",2017,1366.7
Japan,"Pumpkins, squash and gourds",2018,1948.9
Japan,Raw milk of cattle,2015,822.0
Japan,Raw milk of cattle,2016,928.4
Japan,Raw milk of cattle,2017,912.9
Japan,Raw milk of cattle,2018,933.7
Japan,Rice,2015,1495.3
Japan,Rice,2016,1884.3
Japan,Rice,2017,2014.9
Japan,Rice,2018,2184.0
Japan,Soya beans,2015,1284.5
Japan,Soya beans,2016,1331.3
Japan,Soya beans,2017,1125.9
Japan,Soya beans,2018,1042.5
Japan,Spinach,2015,3616.0
Japan,Spinach,2016,4729.2
Japan,Spinach,2017,4405.1
Japan,Spinach,2018,4465.5
Japan,Strawberries,2015,8872.8
Japan,Strawberries,2016,10662.5
Japan,Strawberries,2017,10208.1
Japan,Strawberries,2018,10188.1
Japan,String beans,2015,6366.3
Japan,String beans,2016,7909.5
Japan,String beans,2017,7491.6
Japan,String beans,2018,7762.0
Japan,Sugar beet,2015,93.9
Japan,Sugar beet,2016,104.9
Japan,Sugar beet,2017,103.2
Japan,Sugar beet,2018,99.7
Japan,Sugar cane,2015,173.9
Japan,Sugar cane,2016,199.0
Japan,Sugar cane,2017,197.8
Japan,Sugar cane,2018,191.3
Japan,Sweet potatoes,2015,1932.4
Japan,Sweet potatoes,2016,2103.1
Japan,Sweet potatoes,2017,1807.1
Japan,Sweet potatoes,2018,1934.4
Japan,"Tangerines, mandarins, clementines",2015,1778.7
Japan,"Tangerines, mandarins, clementines",2016,2397.2
Japan,"Tangerines, mandarins, clementines",2017,2384.0
Japan,"Tangerines, mandarins, clementines",2018,2659.8
Japan,Taro,2015,2708.1
Japan,Taro,2016,3105.9
Japan,Taro,2017,2815.5
Japan,Taro,2018,2931.4
Japan,Tea leaves,2015,12119.6
Japan,Tea leaves,2016,13907.2
Japan,Tea leaves,2017,16529.1
Japan,Tea leaves,2018,14453.5
Japan,Tomatoes,2015,2402.0
Japan,Tomatoes,2016,2821.9
Japan,Tomatoes,2017,2489.6
Japan,Tomatoes,2018,2562.9
Japan,Unmanufactured tobacco,2015,18464.4
Japan,Unmanufactured tobacco,2016,20166.8
Japan,Unmanufactured tobacco,2017,19506.8
Japan,Unmanufactured tobacco,2018,20339.9
Japan,Watermelons,2015,1299.5
Japan,Watermelons,2016,1500.1
Japan,Watermelons,2017,1617.2
Japan,Watermelons,2018,1650.9
Japan,Wheat,2015,279.1
Japan,Wheat,2016,241.7
Japan,Wheat,2017,286.3
Japan,Wheat,2018,379.3
Japan,Yams,2015,2086.8
Japan,Yams,2016,2755.7
Japan,Yams,2017,2977.7
Japan,Yams,2018,2269.5
Jordan,Apples,2015,958.5
Jordan,Apples,2016,657.6
Jordan,Apples,2017,708.3
Jordan,Apples,2018,946.8
Jordan,Apricots,2015,1088.3
Jordan,Apricots,2016,1399.3
Jordan,Apricots,2017,1081.0
Jordan,Apricots,2018,1055.4
Jordan,Artichokes,2016,2849.3
Jordan,Artichokes,2017,1890.0
Jordan,Bananas,2015,736.9
Jordan,Bananas,2016,687.9
Jordan,Bananas,2017,667.2
Jordan,Bananas,2018,686.9
Jordan,Barley,2016,411.3
Jordan,Barley,2017,515.8
Jordan,Barley,2018,481.1
Jordan,"Broad beans and horse beans, green",2015,834.6
Jordan,"Broad beans and horse beans, green",2016,1791.5
Jordan,"Broad beans and horse beans, green",2017,1328.2
Jordan,"Broad beans and horse beans, green",2018,948.6
Jordan,Cabbages,2015,223.4
Jordan,Cabbages,2016,110.4
Jordan,Cabbages,2017,98.5
Jordan,Cabbages,2018,136.6
Jordan,Cantaloupes and other melons,2015,260.1
Jordan,Cantaloupes and other melons,2016,551.0
Jordan,Cantaloupes and other melons,2017,241.7
Jordan,Cantaloupes and other melons,2018,277.0
Jordan,Carrots and turnips,2015,541.8
Jordan,Carrots and turnips,2016,388.9
Jordan,Carrots and turnips,2017,398.6
Jordan,Carrots and turnips,2018,323.5
Jordan,Cauliflowers and broccoli,2015,361.5
Jordan,Cauliflowers and broccoli,2016,316.9
Jordan,Cauliflowers and broccoli,2017,286.8
Jordan,Cauliflowers and broccoli,2018,299.0
Jordan,Cherries,2016,1068.2
Jordan,Cherries,2017,1061.8
Jordan,Cherries,2018,1065.0
Jordan,"Chick peas, dry",2015,596.5
Jordan,"Chick peas, dry",2016,468.3
Jordan,"Chick peas, dry",2017,610.8
Jordan,"Chick peas, dry",2018,404.2
Jordan,"Chillies and peppers, green (Capsicum spp. and Pimenta spp.)",2015,585.4
Jordan,"Chillies and peppers, green (Capsicum spp. and Pimenta spp.)",2016,427.5
Jordan,"Chillies and peppers, green (Capsicum spp. and Pimenta spp.)",2017,562.8
Jordan,"Chillies and peppers, green (Capsicum spp. and Pimenta spp.)",2018,531.8
Jordan,Cucumbers and gherkins,2015,356.1
Jordan,Cucumbers and gherkins,2016,1126.1
Jordan,Cucumbers and gherkins,2017,1043.1
Jordan,Cucumbers and gherkins,2018,1064.9
Jordan,Dates,2015,583.8
Jordan,Dates,2016,2776.8
Jordan,Dates,2017,1415.8
Jordan,Dates,2018,752.4
Jordan,Eggplants (aubergines),2015,339.9
Jordan,Eggplants (aubergines),2016,257.5
Jordan,Eggplants (aubergines),2017,324.4
Jordan,Eggplants (aubergines),2018,261.1
Jordan,Figs,2016,1782.4
Jordan,Figs,2017,2488.0
Jordan,Figs,2018,1653.5
Jordan,Grapes,2015,930.7
Jordan,Grapes,2016,1268.7
Jordan,Grapes,2017,1060.0
Jordan,Grapes,2018,1037.7
Jordan,Green garlic,2015,1277.0
Jordan,Green garlic,2016,1019.4
Jordan,Green garlic,2017,899.9
Jordan,Green garlic,2018,591.8
Jordan,Lemons and limes,2015,728.5
Jordan,Lemons and limes,2016,915.6
Jordan,Lemons and limes,2017,773.4
Jordan,Lemons and limes,2018,696.3
Jordan,Lettuce and chicory,2015,310.8
Jordan,Lettuce and chicory,2016,536.8
Jordan,Lettuce and chicory,2017,504.1
Jordan,Lettuce and chicory,2018,417.5
Jordan,Maize (corn),2015,326.6
Jordan,Maize (corn),2016,403.0
Jordan,Maize (corn),2017,368.0
Jordan,Maize (corn),2018,253.1
Jordan,Mushrooms and truffles,2016,4328.7
Jordan,Mushrooms and truffles,2017,3874.8
Jordan,Mushrooms and truffles,2018,4271.1
Jordan,Okra,2015,1877.6
Jordan,Okra,2016,3525.9
Jordan,Okra,2017,3428.3
Jordan,Okra,2018,2632.8
Jordan,Olives,2015,1074.9
Jordan,Olives,2016,1350.8
Jordan,Olives,2017,1329.7
Jordan,Olives,2018,1418.5
Jordan,"Onions and shallots, dry (excluding dehydrated)",2015,340.6
Jordan,"Onions and shallots, dry (excluding dehydrated)",2016,374.8
Jordan,"Onions and shallots, dry (excluding dehydrated)",2017,306.2
Jordan,"Onions and shallots, dry (excluding dehydrated)",2018,469.6
Jordan,"Onions and shallots, green",2015,597.6
Jordan,"Onions and shallots, green",2016,820.3
Jordan,"Onions and shallots, green",2017,725.2
Jordan,"Onions and shallots, green",2018,869.9
Jordan,Oranges,2015,501.1
Jordan,Oranges,2016,597.2
Jordan,Oranges,2017,615.4
Jordan,Oranges,2018,616.3
Jordan,Peaches and nectarines,2015,673.4
Jordan,Peaches and nectarines,2016,1063.4
Jordan,Peaches and nectarines,2017,1064.2
Jordan,Peaches and nectarines,2018,1063.8
Jordan,Pears,2016,1118.9
Jordan,Pears,2017,1144.9
Jordan,Pears,2018,1250.1
Jordan,"Peas, green",2015,678.2
Jordan,"Peas, green",2016,1727.5
Jordan,"Peas, green",2017,1342.0
Jordan,"Peas, green",2018,990.4
Jordan,"Peppermint, spearmint",2015,291.0
Jordan,"Peppermint, spearmint",2016,436.6
Jordan,Pomelos and grapefruits,2015,380.1
Jordan,Pomelos and grapefruits,2016,734.9
Jordan,Pomelos and grapefruits,2017,715.6
Jordan,Pomelos and grapefruits,2018,725.2
Jordan,Potatoes,2015,392.8
Jordan,Potatoes,2016,427.7
Jordan,Potatoes,2017,538.7
Jordan,Potatoes,2018,434.1
Jordan,"Pumpkins, squash and gourds",2015,420.4
Jordan,"Pumpkins, squash and gourds",2016,484.1
Jordan,"Pumpkins, squash and gourds",2017,492.8
Jordan,"Pumpkins, squash and gourds",2018,504.9
Jordan,Quinces,2016,719.0
Jordan,Quinces,2017,855.2
Jordan,Quinces,2018,894.1
Jordan,Spinach,2016,598.3
Jordan,Spinach,2017,390.0
Jordan,Spinach,2018,458.5
Jordan,Strawberries,2015,1746.6
Jordan,Strawberries,2016,1876.9
Jordan,Strawberries,2017,2243.5
Jordan,Strawberries,2018,2360.3
Jordan,String beans,2015,1072.0
Jordan,String beans,2016,1209.0
Jordan,String beans,2017,1225.4
Jordan,String beans,2018,1084.9
Jordan,Sunflower seed,2016,1394.6
Jordan,Sunflower seed,2017,1641.3
Jordan,Sunflower seed,2018,2122.3
Jordan,"Tangerines, mandarins, clementines",2015,323.9
Jordan,"Tangerines, mandarins, clementines",2016,430.6
Jordan,Tomatoes,2015,312.3
Jordan,Tomatoes,2016,223.5
Jordan,Tomatoes,2017,224.2
Jordan,Tomatoes,2018,167.0
Jordan,"Walnuts, in shell",2016,4243.0
Jordan,"Walnuts, in shell",2017,4767.9
Jordan,Watermelons,2015,219.7
Jordan,Watermelons,2016,287.9
Jordan,Watermelons,2017,301.4
Jordan,Watermelons,2018,258.6
Jordan,Wheat,2016,550.1
Jordan,Wheat,2017,608.2
Jordan,Wheat,2018,553.9
Kazakhstan,Apples,2015,569.2
Kazakhstan,Apples,2016,366.4
Kazakhstan,Apples,2017,397.1
Kazakhstan,Apples,2018,420.8
Kazakhstan,Apricots,2015,641.5
Kazakhstan,Apricots,2016,375.9
Kazakhstan,Apricots,2018,545.5
Kazakhstan,Barley,2015,109.5
Kazakhstan,Barley,2016,76.6
Kazakhstan,Barley,2017,101.8
Kazakhstan,Barley,2018,100.8
Kazakhstan,Buckwheat,2015,199.9
Kazakhstan,Buckwheat,2016,222.1
Kazakhstan,Buckwheat,2017,222.2
Kazakhstan,Buckwheat,2018,198.8
Kazakhstan,Cabbages,2015,230.3
Kazakhstan,Cabbages,2016,133.2
Kazakhstan,Cabbages,2017,119.0
Kazakhstan,Cabbages,2018,142.6
Kazakhstan,Cantaloupes and other melons,2016,114.7
Kazakhstan,Cantaloupes and other melons,2017,82.1
Kazakhstan,Cantaloupes and other melons,2018,93.1
Kazakhstan,Carrots and turnips,2015,253.4
Kazakhstan,Carrots and turnips,2016,145.5
Kazakhstan,Carrots and turnips,2017,140.3
Kazakhstan,Carrots and turnips,2018,167.3
Kazakhstan,"Chillies and peppers, green (Capsicum spp. and Pimenta spp.)",2017,133.2
Kazakhstan,"Chillies and peppers, green (Capsicum spp. and Pimenta spp.)",2018,151.4
Kazakhstan,"Cotton lint, ginned",2017,453.7
Kazakhstan,"Cotton lint, ginned",2018,503.8
Kazakhstan,Cucumbers and gherkins,2015,834.9
Kazakhstan,Cucumbers and gherkins,2016,574.7
Kazakhstan,Cucumbers and gherkins,2017,520.3
Kazakhstan,Cucumbers and gherkins,2018,490.3
Kazakhstan,Eggplants (aubergines),2017,119.2
Kazakhstan,Eggplants (aubergines),2018,135.8
Kazakhstan,Grapes,2015,510.5
Kazakhstan,Grapes,2016,328.7
Kazakhstan,Grapes,2017,451.4
Kazakhstan,Grapes,2018,480.1
Kazakhstan,Green garlic,2018,764.1
Kazakhstan,"Hen eggs in shell, fresh",2015,1085.4
Kazakhstan,"Hen eggs in shell, fresh",2016,957.4
Kazakhstan,"Hen eggs in shell, fresh",2017,1011.5
Kazakhstan,"Hen eggs in shell, fresh",2018,906.1
Kazakhstan,"Horse meat, fresh or chilled (biological)",2015,2558.5
Kazakhstan,"Horse meat, fresh or chilled (biological)",2016,1624.0
Kazakhstan,"Horse meat, fresh or chilled (biological)",2017,1885.7
Kazakhstan,"Horse meat, fresh or chilled (biological)",2018,2020.7
Kazakhstan,Linseed,2015,269.9
Kazakhstan,Linseed,2016,208.8
Kazakhstan,Linseed,2017,253.8
Kazakhstan,Linseed,2018,241.7
Kazakhstan,Maize (corn),2015,155.6
Kazakhstan,Maize (corn),2016,114.2
Kazakhstan,Maize (corn),2017,114.9
Kazakhstan,Maize (corn),2018,113.7
Kazakhstan,"Meat of camels, fresh or chilled (biological)",2015,2638.3
Kazakhstan,"Meat of camels, fresh or chilled (biological)",2016,1553.2
Kazakhstan,"Meat of camels, fresh or chilled (biological)",2017,1694.2
Kazakhstan,"Meat of camels, fresh or chilled (biological)",2018,1759.0
Kazakhstan,"Meat of cattle with the bone, fresh or chilled (biological)",2015,1961.0
Kazakhstan,"Meat of cattle with the bone, fresh or chilled (biological)",2016,1368.5
Kazakhstan,"Meat of cattle with the bone, fresh or chilled (biological)",2017,1664.0
Kazakhstan,"Meat of cattle with the bone, fresh or chilled (biological)",2018,1668.3
Kazakhstan,"Meat of chickens, fresh or chilled",2016,1039.4
Kazakhstan,"Meat of chickens, fresh or chilled",2017,1197.7
Kazakhstan,"Meat of chickens, fresh or chilled",2018,1259.1
Kazakhstan,"Meat of chickens, fresh or chilled (biological)",2015,1335.7
Kazakhstan,"Meat of pig with the bone, fresh or chilled (biological)",2015,1848.7
Kazakhstan,"Meat of pig with the bone, fresh or chilled (biological)",2016,1361.1
Kazakhstan,"Meat of pig with the bone, fresh or chilled (biological)",2017,1675.1
Kazakhstan,"Meat of pig with the bone, fresh or chilled (biological)",2018,1547.0
Kazakhstan,"Meat of sheep, fresh or chilled (biological)",2015,2218.9
Kazakhstan,"Meat of sheep, fresh or chilled (biological)",2016,1399.0
Kazakhstan,"Meat of sheep, fresh or chilled (biological)",2017,1476.7
Kazakhstan,"Meat of sheep, fresh or chilled (biological)",2018,1558.5
Kazakhstan,Millet,2015,132.1
Kazakhstan,Millet,2016,93.4
Kazakhstan,Millet,2017,110.3
Kazakhstan,Millet,2018,139.9
Kazakhstan,Natural honey,2015,4525.7
Kazakhstan,Natural honey,2016,3084.9
Kazakhstan,Natural honey,2017,3256.7
Kazakhstan,Natural honey,2018,3197.2
Kazakhstan,Oats,2015,81.1
Kazakhstan,Oats,2016,58.7
Kazakhstan,Oats,2017,76.9
Kazakhstan,Oats,2018,75.2
Kazakhstan,"Onions and shallots, dry (excluding dehydrated)",2015,205.5
Kazakhstan,"Onions and shallots, dry (excluding dehydrated)",2016,107.8
Kazakhstan,"Onions and shallots, dry (excluding dehydrated)",2017,109.5
Kazakhstan,"Onions and shallots, dry (excluding dehydrated)",2018,129.8
Kazakhstan,Other berries and fruits of the genus vaccinium n.e.c.,2016,1568.1
Kazakhstan,Other berries and fruits of the genus vaccinium n.e.c.,2017,996.4
Kazakhstan,Other berries and fruits of the genus vaccinium n.e.c.,2018,843.0
Kazakhstan,Peaches and nectarines,2016,1022.9
Kazakhstan,Pears,2016,403.8
Kazakhstan,Pears,2017,438.7
Kazakhstan,Pears,2018,727.6
Kazakhstan,"Peas, dry",2015,175.1
Kazakhstan,"Peas, dry",2016,153.8
Kazakhstan,"Peas, dry",2017,163.3
Kazakhstan,"Peas, dry",2018,118.4
Kazakhstan,Plums and sloes,2016,500.7
Kazakhstan,Plums and sloes,2017,257.4
Kazakhstan,Plums and sloes,2018,337.1
Kazakhstan,Potatoes,2015,232.8
Kazakhstan,Potatoes,2016,136.0
Kazakhstan,Potatoes,2017,158.0
Kazakhstan,Potatoes,2018,180.3
Kazakhstan,Rape or colza seed,2015,227.2
Kazakhstan,Rape or colza seed,2016,209.1
Kazakhstan,Rape or colza seed,2017,309.6
Kazakhstan,Rape or colza seed,2018,319.9
Kazakhstan,Raspberries,2016,1568.1
Kazakhstan,Raspberries,2017,996.4
Kazakhstan,Raspberries,2018,1363.4
Kazakhstan,Raw milk of camel,2015,2118.0
Kazakhstan,Raw milk of camel,2016,1317.7
Kazakhstan,Raw milk of camel,2017,1269.0
Kazakhstan,Raw milk of camel,2018,1220.4
Kazakhstan,Raw milk of cattle,2015,350.3
Kazakhstan,Raw milk of cattle,2016,246.7
Kazakhstan,Raw milk of cattle,2017,290.6
Kazakhstan,Raw milk of cattle,2018,322.6
Kazakhstan,Rice,2015,263.5
Kazakhstan,Rice,2016,178.0
Kazakhstan,Rice,2017,167.4
Kazakhstan,Rice,2018,168.9
Kazakhstan,Rye,2015,132.9
Kazakhstan,Rye,2016,91.2
Kazakhstan,Rye,2017,86.9
Kazakhstan,Rye,2018,88.6
Kazakhstan,Safflower seed,2015,187.6
Kazakhstan,Safflower seed,2016,132.1
Kazakhstan,Safflower seed,2017,140.6
Kazakhstan,Safflower seed,2018,144.6
Kazakhstan,"Seed cotton, unginned",2015,410.6
Kazakhstan,"Seed cotton, unginned",2016,371.5
Kazakhstan,"Seed cotton, unginned",2017,453.7
Kazakhstan,"Seed cotton, unginned",2018,503.8
Kazakhstan,"Shorn wool, greasy, including fleece-washed shorn wool",2015,779.3
Kazakhstan,"Shorn wool, greasy, including fleece-washed shorn wool",2016,593.3
Kazakhstan,"Shorn wool, greasy, including fleece-washed shorn wool",2017,944.3
Kazakhstan,"Shorn wool, greasy, including fleece-washed shorn wool",2018,1396.8
Kazakhstan,Soya beans,2015,307.4
Kazakhstan,Soya beans,2016,220.1
Kazakhstan,Soya beans,2017,298.0
Kazakhstan,Soya beans,2018,283.3
Kazakhstan,Strawberries,2015,1273.0
Kazakhstan,Strawberries,2016,683.5
Kazakhstan,Strawberries,2017,705.7
Kazakhstan,Strawberries,2018,869.4
Kazakhstan,Sugar beet,2015,41.0
Kazakhstan,Sugar beet,2016,34.6
Kazakhstan,Sugar beet,2017,44.8
Kazakhstan,Sugar beet,2018,33.5
Kazakhstan,Sunflower seed,2015,277.0
Kazakhstan,Sunflower seed,2016,247.8
Kazakhstan,Sunflower seed,2017,251.8
Kazakhstan,Sunflower seed,2018,241.8
Kazakhstan,Tomatoes,2015,904.3
Kazakhstan,Tomatoes,2016,638.2
Kazakhstan,Tomatoes,2017,475.0
Kazakhstan,Tomatoes,2018,332.1
Kazakhstan,Unmanufactured tobacco,2015,1804.0
Kazakhstan,Unmanufactured tobacco,2016,1238.0
Kazakhstan,Watermelons,2015,152.0
Kazakhstan,Watermelons,2016,82.7
Kazakhstan,Watermelons,2017,67.2
Kazakhstan,Watermelons,2018,66.4
Kazakhstan,Wheat,2015,150.3
Kazakhstan,Wheat,2016,105.1
Kazakhstan,Wheat,2017,117.4
Kazakhstan,Wheat,2018,116.3
Kenya,Avocados,2015,240.1
Kenya,Avocados,2016,158.8
Kenya,Bananas,2015,380.5
Kenya,Bananas,2016,390.0
Kenya,Barley,2015,379.3
Kenya,"Beans, dry",2015,787.5
Kenya,"Beans, dry",2016,744.3
Kenya,Beeswax,2015,2709.4
Kenya,Beeswax,2016,3164.5
Kenya,Cabbages,2015,310.8
Kenya,Cabbages,2016,282.9
Kenya,Carrots and turnips,2015,176.6
Kenya,Carrots and turnips,2016,171.5
Kenya,"Cashew nuts, in shell",2015,394.9
Kenya,"Cashew nuts, in shell",2016,344.5
Kenya,"Cassava, fresh",2015,235.6
Kenya,Cauliflowers and broccoli,2015,317.4
Kenya,Cauliflowers and broccoli,2016,320.1
Kenya,"Chillies and peppers, green (Capsicum spp. and Pimenta spp.)",2015,626.7
Kenya,"Coconuts, in shell",2015,166.4
Kenya,"Coconuts, in shell",2016,150.7
Kenya,"Coffee, green",2015,3817.5
Kenya,"Coffee, green",2016,4021.1
Kenya,Cucumbers and gherkins,2015,182.9
Kenya,Cucumbers and gherkins,2016,250.6
Kenya,"Groundnuts, excluding shelled",2015,737.8
Kenya,"Groundnuts, excluding shelled",2016,914.0
Kenya,"Hen eggs in shell, fresh",2015,2281.6
Kenya,"Hen eggs in shell, fresh",2016,1989.8
Kenya,Lemons and limes,2015,294.7
Kenya,Lemons and limes,2016,232.8
Kenya,Lettuce and chicory,2015,341.9
Kenya,Lettuce and chicory,2016,183.6
Kenya,Maize (corn),2015,292.3
Kenya,Maize (corn),2016,292.5
Kenya,"Mangoes, guavas and mangosteens",2015,109.6
Kenya,"Mangoes, guavas and mangosteens",2016,125.9
Kenya,"Meat of camels, fresh or chilled",2015,3351.0
Kenya,"Meat of camels, fresh or chilled",2016,3602.1
Kenya,"Meat of cattle with the bone, fresh or chilled",2015,3107.7
Kenya,"Meat of cattle with the bone, fresh or chilled",2016,3537.2
Kenya,"Meat of cattle with the bone, fresh or chilled (biological)",2015,905.4
Kenya,"Meat of chickens, fresh or chilled",2015,4461.3
Kenya,"Meat of chickens, fresh or chilled",2016,4181.8
Kenya,"Meat of goat, fresh or chilled",2015,4196.4
Kenya,"Meat of goat, fresh or chilled",2016,4050.8
Kenya,"Meat of goat, fresh or chilled (biological)",2015,905.4
Kenya,"Meat of pig with the bone, fresh or chilled",2015,2166.1
Kenya,"Meat of pig with the bone, fresh or chilled",2016,2233.0
Kenya,"Meat of rabbits and hares, fresh or chilled",2015,3768.6
Kenya,"Meat of rabbits and hares, fresh or chilled",2016,3968.9
Kenya,"Meat of sheep, fresh or chilled",2015,4115.0
Kenya,"Meat of sheep, fresh or chilled",2016,4083.3
Kenya,"Meat of sheep, fresh or chilled (biological)",2015,763.9
Kenya,Millet,2015,878.8
Kenya,Millet,2016,830.8
Kenya,Natural honey,2015,5347.4
Kenya,Natural honey,2016,6442.2
Kenya,"Onions and shallots, dry (excluding dehydrated)",2015,418.5
Kenya,"Onions and shallots, dry (excluding dehydrated)",2016,441.1
Kenya,Oranges,2015,294.6
Kenya,Oranges,2016,250.4
Kenya,Papayas,2015,302.3
Kenya,Pears,2015,245.3
Kenya,Pears,2016,213.8
Kenya,"Peas, green",2015,684.5
Kenya,Pineapples,2015,141.5
Kenya,Pineapples,2016,145.1
Kenya,Plums and sloes,2015,242.2
Kenya,Plums and sloes,2016,151.1
Kenya,Potatoes,2015,349.2
Kenya,Potatoes,2016,386.5
Kenya,"Pyrethrum, dried flowers",2015,1802.6
Kenya,"Pyrethrum, dried flowers",2016,1766.2
Kenya,Raw milk of camel,2015,713.0
Kenya,Raw milk of cattle,2015,550.0
Kenya,Raw milk of goats,2015,550.0
Kenya,Rice,2015,587.4
Kenya,Rice,2016,550.6
Kenya,"Seed cotton, unginned",2015,427.8
Kenya,"Seed cotton, unginned",2016,413.8
Kenya,"Shorn wool, greasy, including fleece-washed shorn wool",2015,933.7
Kenya,"Shorn wool, greasy, including fleece-washed shorn wool",2016,793.1
Kenya,"Sisal, raw",2015,1723.9
Kenya,"Sisal, raw",2016,1917.5
Kenya,Sorghum,2015,555.7
Kenya,Sorghum,2016,526.8
Kenya,Spinach,2015,149.2
Kenya,Spinach,2016,153.3
Kenya,Sugar cane,2015,31.8
Kenya,Sugar cane,2016,32.9
Kenya,Sweet potatoes,2015,334.5
Kenya,Tea leaves,2015,3020.6
Kenya,Tea leaves,2016,2436.6
Kenya,Tomatoes,2015,627.1
Kenya,Tomatoes,2016,605.0
Kenya,Unmanufactured tobacco,2015,1703.1
Kenya,Watermelons,2015,215.1
Kenya,Watermelons,2016,226.9
Kenya,Wheat,2015,362.8
Kenya,Wheat,2016,366.3
Kuwait,Barley,2015,698.0
Kuwait,Barley,2016,529.6
Kuwait,Barley,2017,527.4
Kuwait,Barley,2018,529.9
Kuwait,"Broad beans and horse beans, green",2015,831.0
Kuwait,"Broad beans and horse beans, green",2016,860.5
Kuwait,"Broad beans and horse beans, green",2017,593.4
Kuwait,"Broad beans and horse beans, green",2018,596.1
Kuwait,Cabbages,2015,565.1
Kuwait,Cabbages,2016,496.5
Kuwait,Cabbages,2017,494.5
Kuwait,Cabbages,2018,496.8
Kuwait,Cantaloupes and other melons,2015,664.8
Kuwait,Cantaloupes and other melons,2016,662.0
Kuwait,Cantaloupes and other melons,2017,659.3
Kuwait,Cantaloupes and other melons,2018,662.3
Kuwait,Carrots and turnips,2015,831.0
Kuwait,Carrots and turnips,2016,827.4
Kuwait,Carrots and turnips,2017,824.1
Kuwait,Carrots and turnips,2018,457.0
Kuwait,Cauliflowers and broccoli,2015,398.9
Kuwait,Cauliflowers and broccoli,2016,662.0
Kuwait,Cauliflowers and broccoli,2017,659.3
Kuwait,Cauliflowers and broccoli,2018,662.3
Kuwait,"Chillies and peppers, green (Capsicum spp. and Pimenta spp.)",2015,332.4
Kuwait,"Chillies and peppers, green (Capsicum spp. and Pimenta spp.)",2016,463.4
Kuwait,"Chillies and peppers, green (Capsicum spp. and Pimenta spp.)",2017,461.5
Kuwait,"Chillies and peppers, green (Capsicum spp. and Pimenta spp.)",2018,463.6
Kuwait,Cucumbers and gherkins,2015,166.2
Kuwait,Cucumbers and gherkins,2016,496.5
Kuwait,Cucumbers and gherkins,2017,626.3
Kuwait,Cucumbers and gherkins,2018,629.2
Kuwait,Dates,2015,831.0
Kuwait,Dates,2016,827.4
Kuwait,Dates,2017,824.1
Kuwait,Dates,2018,827.9
Kuwait,Eggplants (aubergines),2015,133.0
Kuwait,Eggplants (aubergines),2016,165.5
Kuwait,Eggplants (aubergines),2017,164.8
Kuwait,Eggplants (aubergines),2018,165.6
Kuwait,Figs,2016,1836.9
Kuwait,Figs,2017,860.4
Kuwait,Figs,2018,864.4
Kuwait,Grapes,2015,1495.8
Kuwait,Grapes,2016,1489.4
Kuwait,Grapes,2017,1483.4
Kuwait,Grapes,2018,907.4
Kuwait,Green garlic,2015,831.0
Kuwait,Green garlic,2016,992.9
Kuwait,Green garlic,2017,989.0
Kuwait,Green garlic,2018,993.5
Kuwait,Lemons and limes,2015,997.2
Kuwait,Lemons and limes,2016,1323.9
Kuwait,Lemons and limes,2017,1483.4
Kuwait,Lemons and limes,2018,1490.3
Kuwait,Lettuce and chicory,2015,365.6
Kuwait,Lettuce and chicory,2016,496.5
Kuwait,Lettuce and chicory,2017,494.5
Kuwait,Lettuce and chicory,2018,496.8
Kuwait,Maize (corn),2015,664.8
Kuwait,Maize (corn),2016,992.9
Kuwait,Maize (corn),2017,774.7
Kuwait,Maize (corn),2018,778.3
Kuwait,Okra,2015,531.8
Kuwait,Okra,2016,662.0
Kuwait,Okra,2017,659.3
Kuwait,Okra,2018,662.3
Kuwait,Olives,2015,1994.3
Kuwait,Olives,2016,1985.9
Kuwait,Olives,2017,1648.3
Kuwait,Olives,2018,1655.9
Kuwait,"Onions and shallots, dry (excluding dehydrated)",2015,598.3
Kuwait,"Onions and shallots, dry (excluding dehydrated)",2016,628.9
Kuwait,"Onions and shallots, dry (excluding dehydrated)",2017,626.3
Kuwait,"Onions and shallots, dry (excluding dehydrated)",2018,629.2
Kuwait,Oranges,2015,831.0
Kuwait,Oranges,2016,1323.9
Kuwait,Oranges,2017,1318.6
Kuwait,Oranges,2018,1324.7
Kuwait,"Other beans, green",2015,664.8
Kuwait,"Other beans, green",2016,595.8
Kuwait,"Other beans, green",2017,857.1
Kuwait,"Other beans, green",2018,861.1
Kuwait,Potatoes,2015,432.1
Kuwait,Potatoes,2016,430.3
Kuwait,Potatoes,2017,428.5
Kuwait,Potatoes,2018,430.5
Kuwait,"Pumpkins, squash and gourds",2015,565.1
Kuwait,"Pumpkins, squash and gourds",2016,529.6
Kuwait,"Pumpkins, squash and gourds",2017,527.4
Kuwait,"Pumpkins, squash and gourds",2018,529.9
Kuwait,Raw milk of cattle,2015,531.8
Kuwait,Raw milk of cattle,2016,529.6
Kuwait,Raw milk of cattle,2017,527.4
Kuwait,Raw milk of cattle,2018,529.9
Kuwait,Raw milk of goats,2015,831.0
Kuwait,Raw milk of goats,2016,827.4
Kuwait,Raw milk of goats,2017,824.1
Kuwait,Raw milk of goats,2018,827.9
Kuwait,Safflower seed,2015,598.3
Kuwait,Safflower seed,2016,463.4
Kuwait,Safflower seed,2017,461.5
Kuwait,Safflower seed,2018,463.6
Kuwait,"Shorn wool, greasy, including fleece-washed shorn wool",2015,831.0
Kuwait,"Shorn wool, greasy, including fleece-washed shorn wool",2016,827.4
Kuwait,"Shorn wool, greasy, including fleece-washed shorn wool",2017,824.1
Kuwait,"Shorn wool, greasy, including fleece-washed shorn wool",2018,827.9
Kuwait,Spinach,2015,598.3
Kuwait,Spinach,2016,628.9
Kuwait,Spinach,2017,626.3
Kuwait,Spinach,2018,629.2
Kuwait,Strawberries,2015,897.5
Kuwait,Strawberries,2016,893.6
Kuwait,Strawberries,2017,890.1
Kuwait,Strawberries,2018,2295.0
Kuwait,Tomatoes,2015,365.6
Kuwait,Tomatoes,2016,496.5
Kuwait,Tomatoes,2017,494.5
Kuwait,Tomatoes,2018,496.8
Kuwait,Watermelons,2015,664.8
Kuwait,Watermelons,2016,827.4
Kuwait,Watermelons,2017,824.1
Kuwait,Watermelons,2018,827.9
Kuwait,Wheat,2015,831.0
Kuwait,Wheat,2016,628.9
Kuwait,Wheat,2017,824.1
Kuwait,Wheat,2018,827.9
Kyrgyzstan,Barley,2015,180.9
Kyrgyzstan,Barley,2016,118.8
Kyrgyzstan,Barley,2017,148.5
Kyrgyzstan,Barley,2018,152.1
Kyrgyzstan,"Beans, dry",2015,1044.7
Kyrgyzstan,"Beans, dry",2016,500.5
Kyrgyzstan,"Beans, dry",2017,935.8
Kyrgyzstan,Buckwheat,2015,397.2
Kyrgyzstan,Buckwheat,2016,335.8
Kyrgyzstan,Cabbages,2015,231.4
Kyrgyzstan,Cabbages,2016,147.9
Kyrgyzstan,Cabbages,2017,304.9
Kyrgyzstan,Cabbages,2018,186.7
Kyrgyzstan,Carrots and turnips,2015,258.0
Kyrgyzstan,Carrots and turnips,2016,197.1
Kyrgyzstan,Carrots and turnips,2017,249.2
Kyrgyzstan,Carrots and turnips,2018,261.5
Kyrgyzstan,"Cotton lint, ginned",2015,550.1
Kyrgyzstan,"Cotton lint, ginned",2017,617.6
Kyrgyzstan,"Cotton lint, ginned",2018,672.7
Kyrgyzstan,Cucumbers and gherkins,2015,356.9
Kyrgyzstan,Cucumbers and gherkins,2016,356.0
Kyrgyzstan,Cucumbers and gherkins,2017,662.7
Kyrgyzstan,Cucumbers and gherkins,2018,603.0
Kyrgyzstan,Grapes,2015,1110.9
Kyrgyzstan,Grapes,2016,700.0
Kyrgyzstan,Grapes,2017,769.0
Kyrgyzstan,Grapes,2018,594.6
Kyrgyzstan,Green garlic,2015,1626.8
Kyrgyzstan,Green garlic,2016,2271.8
Kyrgyzstan,Green garlic,2017,2176.2
Kyrgyzstan,Green garlic,2018,1141.2
Kyrgyzstan,"Hen eggs in shell, fresh",2015,2233.0
Kyrgyzstan,"Hen eggs in shell, fresh",2016,1745.3
Kyrgyzstan,"Hen eggs in shell, fresh",2017,1781.4
Kyrgyzstan,"Hen eggs in shell, fresh",2018,1694.2
Kyrgyzstan,"Horse meat, fresh or chilled (biological)",2015,2324.4
Kyrgyzstan,"Horse meat, fresh or chilled (biological)",2016,2069.4
Kyrgyzstan,"Horse meat, fresh or chilled (biological)",2017,2020.1
Kyrgyzstan,"Horse meat, fresh or chilled (biological)",2018,2148.5
Kyrgyzstan,Maize (corn),2015,270.6
Kyrgyzstan,Maize (corn),2016,175.6
Kyrgyzstan,Maize (corn),2017,186.8
Kyrgyzstan,Maize (corn),2018,219.3
Kyrgyzstan,"Meat of cattle with the bone, fresh or chilled (biological)",2015,2439.5
Kyrgyzstan,"Meat of cattle with the bone, fresh or chilled (biological)",2016,2210.7
Kyrgyzstan,"Meat of cattle with the bone, fresh or chilled (biological)",2017,2159.1
Kyrgyzstan,"Meat of cattle with the bone, fresh or chilled (biological)",2018,2236.5
Kyrgyzstan,"Meat of chickens, fresh or chilled (biological)",2015,1807.2
Kyrgyzstan,"Meat of chickens, fresh or chilled (biological)",2016,1917.1
Kyrgyzstan,"Meat of chickens, fresh or chilled (biological)",2017,2007.7
Kyrgyzstan,"Meat of chickens, fresh or chilled (biological)",2018,1869.4
Kyrgyzstan,"Meat of pig with the bone, fresh or chilled (biological)",2015,2282.2
Kyrgyzstan,"Meat of pig with the bone, fresh or chilled (biological)",2016,2151.2
Kyrgyzstan,"Meat of pig with the bone, fresh or chilled (biological)",2017,1911.9
Kyrgyzstan,"Meat of pig with the bone, fresh or chilled (biological)",2018,1835.9
Kyrgyzstan,"Meat of sheep, fresh or chilled (biological)",2015,2415.4
Kyrgyzstan,"Meat of sheep, fresh or chilled (biological)",2016,2085.4
Kyrgyzstan,"Meat of sheep, fresh or chilled (biological)",2017,2071.1
Kyrgyzstan,"Meat of sheep, fresh or chilled (biological)",2018,2153.1
Kyrgyzstan,Millet,2015,258.4
Kyrgyzstan,Millet,2016,268.3
Kyrgyzstan,Natural honey,2015,2985.8
Kyrgyzstan,Natural honey,2016,2813.2
Kyrgyzstan,Natural honey,2017,2732.6
Kyrgyzstan,Natural honey,2018,2907.3
Kyrgyzstan,Oats,2015,212.7
Kyrgyzstan,Oats,2016,150.8
Kyrgyzstan,Oats,2017,154.9
Kyrgyzstan,Oats,2018,163.6
Kyrgyzstan,"Onions and shallots, dry (excluding dehydrated)",2015,282.0
Kyrgyzstan,"Onions and shallots, dry (excluding dehydrated)",2016,156.8
Kyrgyzstan,"Onions and shallots, dry (excluding dehydrated)",2017,266.6
Kyrgyzstan,"Onions and shallots, dry (excluding dehydrated)",2018,203.3
Kyrgyzstan,"Other fruits, n.e.c.",2015,574.6
Kyrgyzstan,"Other fruits, n.e.c.",2016,510.6
Kyrgyzstan,"Other fruits, n.e.c.",2017,561.5
Kyrgyzstan,"Other fruits, n.e.c.",2018,660.5
Kyrgyzstan,Other pulses n.e.c.,2015,474.0
Kyrgyzstan,Other pulses n.e.c.,2016,566.8
Kyrgyzstan,Other pulses n.e.c.,2017,935.8
Kyrgyzstan,Other pulses n.e.c.,2018,647.6
Kyrgyzstan,"Peas, dry",2015,684.2
Kyrgyzstan,"Peas, dry",2016,197.1
Kyrgyzstan,Potatoes,2015,242.6
Kyrgyzstan,Potatoes,2016,161.0
Kyrgyzstan,Potatoes,2017,329.0
Kyrgyzstan,Potatoes,2018,252.8
Kyrgyzstan,Raw milk of cattle,2015,303.2
Kyrgyzstan,Raw milk of cattle,2016,279.2
Kyrgyzstan,Raw milk of cattle,2017,306.1
Kyrgyzstan,Raw milk of cattle,2018,299.9
Kyrgyzstan,Rice,2015,1197.1
Kyrgyzstan,Rice,2016,1026.2
Kyrgyzstan,Rice,2017,958.7
Kyrgyzstan,Rice,2018,970.0
Kyrgyzstan,Rye,2015,217.2
Kyrgyzstan,"Shorn wool, greasy, including fleece-washed shorn wool",2015,346.4
Kyrgyzstan,"Shorn wool, greasy, including fleece-washed shorn wool",2016,312.7
Kyrgyzstan,"Shorn wool, greasy, including fleece-washed shorn wool",2017,317.5
Kyrgyzstan,"Shorn wool, greasy, including fleece-washed shorn wool",2018,415.7
Kyrgyzstan,Silk-worm cocoons suitable for reeling,2017,726.0
Kyrgyzstan,Sorghum,2015,157.3
Kyrgyzstan,Sorghum,2016,120.1
Kyrgyzstan,Sugar beet,2015,45.0
Kyrgyzstan,Sugar beet,2016,45.8
Kyrgyzstan,Sugar beet,2017,45.3
Kyrgyzstan,Sugar beet,2018,46.5
Kyrgyzstan,Tomatoes,2015,449.6
Kyrgyzstan,Tomatoes,2016,447.2
Kyrgyzstan,Tomatoes,2017,688.8
Kyrgyzstan,Tomatoes,2018,693.0
Kyrgyzstan,Triticale,2015,148.2
Kyrgyzstan,Triticale,2016,136.9
Kyrgyzstan,Unmanufactured tobacco,2015,288.2
Kyrgyzstan,Unmanufactured tobacco,2016,282.4
Kyrgyzstan,Unmanufactured tobacco,2017,500.0
Kyrgyzstan,Unmanufactured tobacco,2018,721.5
Kyrgyzstan,Wheat,2015,234.4
Kyrgyzstan,Wheat,2016,168.7
Kyrgyzstan,Wheat,2017,179.0
Kyrgyzstan,Wheat,2018,182.4
Latvia,Apples,2015,369.3
Latvia,Apples,2016,403.7
Latvia,Apples,2017,559.2
Latvia,Apples,2018,705.0
Latvia,Barley,2015,147.5
Latvia,Barley,2016,135.0
Latvia,Barley,2017,143.5
Latvia,Barley,2018,191.3
Latvia,"Beans, dry",2015,168.6
Latvia,"Beans, dry",2016,190.3
Latvia,"Beans, dry",2017,190.9
Latvia,"Broad beans and horse beans, dry",2017,187.5
Latvia,"Broad beans and horse beans, dry",2018,248.0
Latvia,Buckwheat,2015,462.5
Latvia,Buckwheat,2016,382.7
Latvia,Buckwheat,2017,259.8
Latvia,Buckwheat,2018,198.4
Latvia,Cabbages,2015,184.1
Latvia,Cabbages,2016,192.5
Latvia,Cabbages,2017,178.5
Latvia,Cabbages,2018,242.1
Latvia,Carrots and turnips,2015,183.0
Latvia,Carrots and turnips,2016,240.0
Latvia,Carrots and turnips,2017,218.0
Latvia,Carrots and turnips,2018,297.6
Latvia,Cauliflowers and broccoli,2015,573.4
Latvia,Cauliflowers and broccoli,2016,626.1
Latvia,Cauliflowers and broccoli,2017,1006.5
Latvia,Cauliflowers and broccoli,2018,1140.8
Latvia,Cherries,2015,1864.3
Latvia,Cherries,2016,2308.5
Latvia,Cherries,2017,1999.5
Latvia,Cherries,2018,2676.0
Latvia,Cucumbers and gherkins,2015,1309.8
Latvia,Cucumbers and gherkins,2016,1570.7
Latvia,Cucumbers and gherkins,2017,1652.7
Latvia,Cucumbers and gherkins,2018,1882.4
Latvia,Currants,2015,1047.0
Latvia,Currants,2016,836.3
Latvia,Currants,2017,1185.0
Latvia,Currants,2018,1250.4
Latvia,"Flax, processed but not spun",2015,261.7
Latvia,"Flax, processed but not spun",2016,190.3
Latvia,"Flax, processed but not spun",2017,135.6
Latvia,"Flax, processed but not spun",2018,118.1
Latvia,Gooseberries,2015,1014.8
Latvia,Gooseberries,2016,1165.9
Latvia,Gooseberries,2017,1073.2
Latvia,Green garlic,2015,3878.4
Latvia,Green garlic,2016,3079.5
Latvia,Green garlic,2017,4275.8
Latvia,Green garlic,2018,4340.0
Latvia,"Hen eggs in shell, fresh",2016,1151.5
Latvia,"Hen eggs in shell, fresh",2017,1349.0
Latvia,"Hen eggs in shell, fresh",2018,1412.4
Latvia,"Horse meat, fresh or chilled",2015,563.4
Latvia,"Horse meat, fresh or chilled",2016,488.9
Latvia,"Horse meat, fresh or chilled",2017,491.4
Latvia,"Horse meat, fresh or chilled",2018,638.9
Latvia,"Horse meat, fresh or chilled (biological)",2015,281.7
Latvia,"Horse meat, fresh or chilled (biological)",2016,244.5
Latvia,"Horse meat, fresh or chilled (biological)",2017,246.3
Latvia,"Horse meat, fresh or chilled (biological)",2018,447.6
Latvia,Leeks and other alliaceous vegetables,2015,521.3
Latvia,Leeks and other alliaceous vegetables,2016,550.9
Latvia,Leeks and other alliaceous vegetables,2017,558.1
Latvia,Leeks and other alliaceous vegetables,2018,951.8
Latvia,Lettuce and chicory,2015,3627.8
Latvia,Lettuce and chicory,2016,3861.6
Latvia,Lettuce and chicory,2017,4145.9
Latvia,Lettuce and chicory,2018,4689.6
Latvia,Linseed,2015,636.6
Latvia,Linseed,2016,574.1
Latvia,Linseed,2017,1030.3
Latvia,Linseed,2018,563.3
Latvia,"Meat of cattle with the bone, fresh or chilled",2015,1822.2
Latvia,"Meat of cattle with the bone, fresh or chilled",2016,1768.7
Latvia,"Meat of cattle with the bone, fresh or chilled",2017,2013.1
Latvia,"Meat of cattle with the bone, fresh or chilled",2018,2291.1
Latvia,"Meat of cattle with the bone, fresh or chilled (biological)",2015,983.7
Latvia,"Meat of cattle with the bone, fresh or chilled (biological)",2016,954.6
Latvia,"Meat of cattle with the bone, fresh or chilled (biological)",2017,1086.8
Latvia,"Meat of cattle with the bone, fresh or chilled (biological)",2018,1237.6
Latvia,"Meat of chickens, fresh or chilled",2015,1863.2
Latvia,"Meat of chickens, fresh or chilled",2016,1879.4
Latvia,"Meat of chickens, fresh or chilled",2017,1876.4
Latvia,"Meat of chickens, fresh or chilled",2018,2067.9
Latvia,"Meat of chickens, fresh or chilled (biological)",2015,1304.3
Latvia,"Meat of chickens, fresh or chilled (biological)",2016,1315.2
Latvia,"Meat of chickens, fresh or chilled (biological)",2017,1312.7
Latvia,"Meat of chickens, fresh or chilled (biological)",2018,1447.9
Latvia,"Meat of goat, fresh or chilled",2015,2959.0
Latvia,"Meat of goat, fresh or chilled",2016,2564.1
Latvia,"Meat of goat, fresh or chilled",2017,2501.1
Latvia,"Meat of goat, fresh or chilled",2018,2953.6
Latvia,"Meat of goat, fresh or chilled (biological)",2015,1479.5
Latvia,"Meat of goat, fresh or chilled (biological)",2016,1282.0
Latvia,"Meat of goat, fresh or chilled (biological)",2017,1250.6
Latvia,"Meat of goat, fresh or chilled (biological)",2018,1476.2
Latvia,"Meat of pig with the bone, fresh or chilled",2015,1455.1
Latvia,"Meat of pig with the bone, fresh or chilled",2016,1555.2
Latvia,"Meat of pig with the bone, fresh or chilled",2017,1699.0
Latvia,"Meat of pig with the bone, fresh or chilled",2018,1603.7
Latvia,"Meat of pig with the bone, fresh or chilled (biological)",2015,1134.6
Latvia,"Meat of pig with the bone, fresh or chilled (biological)",2016,1213.4
Latvia,"Meat of pig with the bone, fresh or chilled (biological)",2017,1325.1
Latvia,"Meat of pig with the bone, fresh or chilled (biological)",2018,1250.6
Latvia,"Meat of rabbits and hares, fresh or chilled",2015,6915.0
Latvia,"Meat of rabbits and hares, fresh or chilled",2016,5082.8
Latvia,"Meat of rabbits and hares, fresh or chilled",2017,5771.5
Latvia,"Meat of rabbits and hares, fresh or chilled",2018,5917.8
Latvia,"Meat of rabbits and hares, fresh or chilled (biological)",2015,4835.5
Latvia,"Meat of rabbits and hares, fresh or chilled (biological)",2016,3556.3
Latvia,"Meat of rabbits and hares, fresh or chilled (biological)",2017,4037.5
Latvia,"Meat of rabbits and hares, fresh or chilled (biological)",2018,4141.6
Latvia,"Meat of sheep, fresh or chilled",2015,3681.0
Latvia,"Meat of sheep, fresh or chilled",2016,3714.5
Latvia,"Meat of sheep, fresh or chilled",2017,3840.9
Latvia,"Meat of sheep, fresh or chilled",2018,4064.8
Latvia,"Meat of sheep, fresh or chilled (biological)",2015,1841.1
Latvia,"Meat of sheep, fresh or chilled (biological)",2016,1857.2
Latvia,"Meat of sheep, fresh or chilled (biological)",2017,1920.5
Latvia,"Meat of sheep, fresh or chilled (biological)",2018,2032.4
Latvia,Mixed grain,2015,120.9
Latvia,Mixed grain,2016,116.1
Latvia,Mixed grain,2017,109.6
Latvia,Mixed grain,2018,153.5
Latvia,Mushrooms and truffles,2015,1129.0
Latvia,Mushrooms and truffles,2016,1161.5
Latvia,Mushrooms and truffles,2018,2508.3
Latvia,Natural honey,2015,5258.1
Latvia,Natural honey,2016,5006.4
Latvia,Natural honey,2017,5055.3
Latvia,Natural honey,2018,5582.4
Latvia,Oats,2015,127.5
Latvia,Oats,2016,136.1
Latvia,Oats,2017,155.9
Latvia,Oats,2018,178.3
Latvia,"Onions and shallots, dry (excluding dehydrated)",2015,259.5
Latvia,"Onions and shallots, dry (excluding dehydrated)",2016,217.9
Latvia,"Onions and shallots, dry (excluding dehydrated)",2017,211.3
Latvia,"Onions and shallots, dry (excluding dehydrated)",2018,309.4
Latvia,"Onions and shallots, green",2015,3084.3
Latvia,"Onions and shallots, green",2016,2026.5
Latvia,"Onions and shallots, green",2017,2123.8
Latvia,"Onions and shallots, green",2018,2999.6
Latvia,"Other fruits, n.e.c.",2015,5546.4
Latvia,"Other fruits, n.e.c.",2016,4272.0
Latvia,"Other fruits, n.e.c.",2017,2328.3
Latvia,"Other fruits, n.e.c.",2018,2739.6
Latvia,"Other vegetables, fresh n.e.c.",2015,428.1
Latvia,"Other vegetables, fresh n.e.c.",2016,245.6
Latvia,"Other vegetables, fresh n.e.c.",2017,1120.6
Latvia,"Other vegetables, fresh n.e.c.",2018,975.5
Latvia,Pears,2015,906.1
Latvia,Pears,2016,799.7
Latvia,Pears,2017,848.4
Latvia,Pears,2018,1009.7
Latvia,"Peas, dry",2015,227.4
Latvia,"Peas, dry",2016,241.1
Latvia,"Peas, dry",2017,244.0
Latvia,"Peas, dry",2018,205.5
Latvia,"Peas, green",2015,2474.3
Latvia,"Peas, green",2016,2259.9
Latvia,"Peas, green",2017,2340.7
Latvia,"Peas, green",2018,3620.8
Latvia,Plums and sloes,2015,1174.5
Latvia,Plums and sloes,2016,1257.7
Latvia,Plums and sloes,2017,1528.5
Latvia,Plums and sloes,2018,1738.4
Latvia,Potatoes,2015,151.9
Latvia,Potatoes,2016,157.1
Latvia,Potatoes,2017,148.0
Latvia,Potatoes,2018,170.1
Latvia,"Pumpkins, squash and gourds",2015,509.1
Latvia,"Pumpkins, squash and gourds",2016,694.7
Latvia,"Pumpkins, squash and gourds",2017,802.1
Latvia,"Pumpkins, squash and gourds",2018,844.4
Latvia,Quinces,2015,414.8
Latvia,Quinces,2016,1199.1
Latvia,Quinces,2017,903.7
Latvia,Rape or colza seed,2015,371.5
Latvia,Rape or colza seed,2016,387.2
Latvia,Rape or colza seed,2017,401.0
Latvia,Rape or colza seed,2018,408.6
Latvia,Raspberries,2015,2519.8
Latvia,Raspberries,2016,2791.9
Latvia,Raspberries,2017,3094.2
Latvia,Raspberries,2018,2924.0
Latvia,Raw milk of cattle,2015,239.6
Latvia,Raw milk of cattle,2016,237.8
Latvia,Raw milk of cattle,2017,345.7
Latvia,Raw milk of cattle,2018,334.2
Latvia,Raw milk of goats,2015,953.8
Latvia,Raw milk of goats,2016,858.4
Latvia,Raw milk of goats,2017,598.7
Latvia,Raw milk of goats,2018,793.6
Latvia,Rye,2015,129.8
Latvia,Rye,2016,119.5
Latvia,Rye,2017,132.2
Latvia,Rye,2018,167.7
Latvia,"Shorn wool, greasy, including fleece-washed shorn wool",2015,931.6
Latvia,"Shorn wool, greasy, including fleece-washed shorn wool",2016,943.5
Latvia,"Shorn wool, greasy, including fleece-washed shorn wool",2017,926.3
Latvia,"Shorn wool, greasy, including fleece-washed shorn wool",2018,1059.3
Latvia,Strawberries,2015,1954.2
Latvia,Strawberries,2016,2243.3
Latvia,Strawberries,2017,2516.9
Latvia,Strawberries,2018,2983.1
Latvia,Tomatoes,2015,1419.6
Latvia,Tomatoes,2016,1433.6
Latvia,Tomatoes,2017,1423.4
Latvia,Tomatoes,2018,1536.4
Latvia,Triticale,2015,135.3
Latvia,Triticale,2016,118.4
Latvia,Triticale,2017,125.4
Latvia,Triticale,2018,166.5
Latvia,Wheat,2015,164.1
Latvia,Wheat,2016,149.3
Latvia,Wheat,2017,167.2
Latvia,Wheat,2018,203.1
Lebanon,Apples,2015,1062.7
Lebanon,Apples,2016,1135.0
Lebanon,Apples,2017,985.7
Lebanon,Apples,2018,1116.4
Lebanon,Apricots,2015,1079.9
Lebanon,Apricots,2016,1495.2
Lebanon,Apricots,2017,1592.7
Lebanon,Apricots,2018,1850.1
Lebanon,Artichokes,2016,2624.2
Lebanon,Artichokes,2017,3425.5
Lebanon,Artichokes,2018,2433.2
Lebanon,Avocados,2015,2069.1
Lebanon,Avocados,2016,3300.2
Lebanon,Avocados,2017,2534.0
Lebanon,Avocados,2018,2662.7
Lebanon,Bananas,2015,540.0
Lebanon,Bananas,2016,654.7
Lebanon,Bananas,2017,678.6
Lebanon,Bananas,2018,711.8
Lebanon,Barley,2015,215.6
Lebanon,Barley,2016,311.8
Lebanon,Barley,2017,252.7
Lebanon,"Beans, dry",2016,2626.9
Lebanon,"Beans, dry",2017,2537.3
Lebanon,"Beans, dry",2018,2626.9
Lebanon,"Broad beans and horse beans, dry",2016,1353.2
Lebanon,"Broad beans and horse beans, dry",2017,1323.4
Lebanon,"Broad beans and horse beans, dry",2018,1353.2
Lebanon,"Broad beans and horse beans, green",2015,553.0
Lebanon,"Broad beans and horse beans, green",2016,1170.8
Lebanon,"Broad beans and horse beans, green",2017,1083.3
Lebanon,"Broad beans and horse beans, green",2018,863.7
Lebanon,Cabbages,2015,327.4
Lebanon,Cabbages,2016,410.6
Lebanon,Cabbages,2017,368.8
Lebanon,Cabbages,2018,335.7
Lebanon,Cantaloupes and other melons,2015,614.1
Lebanon,Cantaloupes and other melons,2016,774.1
Lebanon,Cantaloupes and other melons,2017,742.3
Lebanon,Cantaloupes and other melons,2018,756.2
Lebanon,Carrots and turnips,2015,510.8
Lebanon,Carrots and turnips,2016,721.1
Lebanon,Carrots and turnips,2017,674.6
Lebanon,Carrots and turnips,2018,632.8
Lebanon,Cauliflowers and broccoli,2015,451.1
Lebanon,Cauliflowers and broccoli,2016,693.9
Lebanon,Cauliflowers and broccoli,2017,588.4
Lebanon,Cauliflowers and broccoli,2018,585.1
Lebanon,Cherries,2015,1887.2
Lebanon,Cherries,2016,2282.6
Lebanon,Cherries,2017,2704.5
Lebanon,Cherries,2018,2518.1
Lebanon,"Chick peas, dry",2016,3641.8
Lebanon,"Chick peas, dry",2017,3482.6
Lebanon,"Chick peas, dry",2018,3641.8
Lebanon,"Chillies and peppers, green (Capsicum spp. and Pimenta spp.)",2015,756.2
Lebanon,"Chillies and peppers, green (Capsicum spp. and Pimenta spp.)",2016,1044.1
Lebanon,"Chillies and peppers, green (Capsicum spp. and Pimenta spp.)",2017,963.8
Lebanon,"Chillies and peppers, green (Capsicum spp. and Pimenta spp.)",2018,942.0
Lebanon,Cucumbers and gherkins,2015,558.3
Lebanon,Cucumbers and gherkins,2016,913.4
Lebanon,Cucumbers and gherkins,2017,815.9
Lebanon,Cucumbers and gherkins,2018,738.3
Lebanon,Eggplants (aubergines),2015,602.9
Lebanon,Eggplants (aubergines),2016,740.3
Lebanon,Eggplants (aubergines),2017,734.3
Lebanon,Eggplants (aubergines),2018,648.8
Lebanon,Figs,2015,1768.8
Lebanon,Figs,2016,1897.8
Lebanon,Figs,2017,1860.7
Lebanon,Figs,2018,2013.9
Lebanon,Grapes,2015,1414.9
Lebanon,Grapes,2016,1773.8
Lebanon,Grapes,2017,1638.5
Lebanon,Grapes,2018,1785.1
Lebanon,Green garlic,2015,1207.3
Lebanon,Green garlic,2016,2727.0
Lebanon,Green garlic,2017,2662.7
Lebanon,Green garlic,2018,1854.7
Lebanon,"Hen eggs in shell, fresh",2015,1724.7
Lebanon,"Hen eggs in shell, fresh",2016,2079.6
Lebanon,"Hen eggs in shell, fresh",2017,1758.5
Lebanon,"Hen eggs in shell, fresh",2018,2291.9
Lebanon,Lemons and limes,2015,509.5
Lebanon,Lemons and limes,2016,902.2
Lebanon,Lemons and limes,2017,703.8
Lebanon,Lemons and limes,2018,797.3
Lebanon,"Lentils, dry",2016,2149.3
Lebanon,"Lentils, dry",2017,2487.6
Lebanon,"Lentils, dry",2018,2149.3
Lebanon,Lettuce and chicory,2015,389.4
Lebanon,Lettuce and chicory,2016,625.5
Lebanon,Lettuce and chicory,2017,666.7
Lebanon,Lettuce and chicory,2018,654.7
Lebanon,Maize (corn),2015,199.0
Lebanon,Maize (corn),2016,262.7
Lebanon,Maize (corn),2017,242.8
Lebanon,"Meat of cattle with the bone, fresh or chilled",2015,5041.5
Lebanon,"Meat of cattle with the bone, fresh or chilled",2016,6301.8
Lebanon,"Meat of cattle with the bone, fresh or chilled",2017,7517.7
Lebanon,"Meat of cattle with the bone, fresh or chilled",2018,6467.7
Lebanon,"Meat of cattle with the bone, fresh or chilled (biological)",2015,2653.4
Lebanon,"Meat of cattle with the bone, fresh or chilled (biological)",2016,3316.7
Lebanon,"Meat of cattle with the bone, fresh or chilled (biological)",2018,3730.7
Lebanon,"Meat of chickens, fresh or chilled",2015,2487.6
Lebanon,"Meat of chickens, fresh or chilled",2016,3087.9
Lebanon,"Meat of chickens, fresh or chilled",2017,2674.0
Lebanon,"Meat of chickens, fresh or chilled",2018,1658.4
Lebanon,"Meat of chickens, fresh or chilled (biological)",2015,1373.1
Lebanon,"Meat of chickens, fresh or chilled (biological)",2016,1998.7
Lebanon,"Meat of chickens, fresh or chilled (biological)",2017,1985.4
Lebanon,"Meat of chickens, fresh or chilled (biological)",2018,1936.3
Lebanon,"Meat of sheep, fresh or chilled",2015,6014.2
Lebanon,"Meat of sheep, fresh or chilled",2016,7515.8
Lebanon,"Meat of sheep, fresh or chilled",2017,7076.0
Lebanon,"Meat of sheep, fresh or chilled",2018,5970.1
Lebanon,"Meat of sheep, fresh or chilled (biological)",2015,3980.1
Lebanon,"Meat of sheep, fresh or chilled (biological)",2016,4643.4
Lebanon,"Meat of sheep, fresh or chilled (biological)",2018,4436.5
Lebanon,Natural honey,2016,23345.3
Lebanon,Okra,2015,1993.8
Lebanon,Okra,2016,2551.9
Lebanon,Okra,2017,2351.6
Lebanon,Okra,2018,2161.2
Lebanon,Olives,2015,928.7
Lebanon,Olives,2016,1677.6
Lebanon,Olives,2017,1405.0
Lebanon,Olives,2018,1653.7
Lebanon,"Onions and shallots, dry (excluding dehydrated)",2015,357.5
Lebanon,"Onions and shallots, dry (excluding dehydrated)",2016,501.5
Lebanon,"Onions and shallots, dry (excluding dehydrated)",2017,469.0
Lebanon,"Onions and shallots, dry (excluding dehydrated)",2018,457.0
Lebanon,Oranges,2015,718.4
Lebanon,Oranges,2016,816.6
Lebanon,Oranges,2017,772.1
Lebanon,Oranges,2018,730.3
Lebanon,"Other beans, green",2015,1462.0
Lebanon,"Other beans, green",2016,1926.4
Lebanon,"Other beans, green",2017,1732.0
Lebanon,"Other beans, green",2018,1602.0
Lebanon,Peaches and nectarines,2015,1011.6
Lebanon,Peaches and nectarines,2016,1401.0
Lebanon,Peaches and nectarines,2017,1124.4
Lebanon,Peaches and nectarines,2018,1303.5
Lebanon,Pears,2015,1915.2
Lebanon,Pears,2016,1965.5
Lebanon,Pears,2017,1718.7
Lebanon,Pears,2018,1660.4
Lebanon,"Peas, green",2015,842.5
Lebanon,"Peas, green",2016,1812.9
Lebanon,"Peas, green",2017,1728.7
Lebanon,"Peas, green",2018,1451.4
Lebanon,Plums and sloes,2015,1297.5
Lebanon,Plums and sloes,2016,1682.3
Lebanon,Plums and sloes,2017,1428.2
Lebanon,Plums and sloes,2018,1395.7
Lebanon,Pomelos and grapefruits,2015,510.8
Lebanon,Pomelos and grapefruits,2016,547.3
Lebanon,Pomelos and grapefruits,2017,587.7
Lebanon,Pomelos and grapefruits,2018,604.3
Lebanon,Potatoes,2015,416.6
Lebanon,Potatoes,2016,467.0
Lebanon,Potatoes,2017,468.3
Lebanon,Potatoes,2018,506.1
Lebanon,"Pumpkins, squash and gourds",2015,732.9
Lebanon,"Pumpkins, squash and gourds",2016,386.1
Lebanon,"Pumpkins, squash and gourds",2017,386.7
Lebanon,"Pumpkins, squash and gourds",2018,331.7
Lebanon,Quinces,2016,1424.2
Lebanon,Quinces,2017,1225.2
Lebanon,Quinces,2018,1248.4
Lebanon,Raw milk of cattle,2015,530.7
Lebanon,Raw milk of cattle,2016,995.0
Lebanon,Raw milk of cattle,2017,688.6
Lebanon,Raw milk of cattle,2018,663.3
Lebanon,Spinach,2015,686.2
Lebanon,Spinach,2016,916.1
Lebanon,Spinach,2017,922.7
Lebanon,Spinach,2018,831.8
Lebanon,Strawberries,2015,2695.2
Lebanon,Strawberries,2016,2653.4
Lebanon,Strawberries,2017,2086.2
Lebanon,Strawberries,2018,1927.7
Lebanon,Sugar beet,2015,417.2
Lebanon,Sugar beet,2016,651.4
Lebanon,Sugar beet,2017,614.9
Lebanon,Sugar beet,2018,535.3
Lebanon,"Tangerines, mandarins, clementines",2015,825.2
Lebanon,"Tangerines, mandarins, clementines",2016,1270.3
Lebanon,"Tangerines, mandarins, clementines",2017,1288.9
Lebanon,"Tangerines, mandarins, clementines",2018,1292.2
Lebanon,Tomatoes,2015,505.5
Lebanon,Tomatoes,2016,890.2
Lebanon,Tomatoes,2017,782.1
Lebanon,Tomatoes,2018,767.5
Lebanon,Unmanufactured tobacco,2015,7827.5
Lebanon,Unmanufactured tobacco,2016,7462.7
Lebanon,Watermelons,2015,466.5
Lebanon,Watermelons,2016,469.7
Lebanon,Watermelons,2017,520.7
Lebanon,Watermelons,2018,422.6
Lebanon,Wheat,2015,232.2
Lebanon,Wheat,2016,391.4
Lebanon,Wheat,2017,391.4
Lebanon,Wheat,2018,391.4
Lithuania,Apples,2015,444.4
Lithuania,Apples,2016,405.8
Lithuania,Apples,2017,442.7
Lithuania,Apples,2018,546.4
Lithuania,Barley,2015,159.2
Lithuania,Barley,2016,141.9
Lithuania,Barley,2017,155.9
Lithuania,Barley,2018,201.5
Lithuania,"Beans, dry",2015,207.2
Lithuania,"Beans, dry",2016,202.2
Lithuania,"Beans, dry",2017,192.6
Lithuania,"Beans, dry",2018,249.5
Lithuania,Buckwheat,2015,459.7
Lithuania,Buckwheat,2016,430.7
Lithuania,Buckwheat,2017,304.0
Lithuania,Buckwheat,2018,223.0
Lithuania,Cabbages,2015,214.2
Lithuania,Cabbages,2016,197.8
Lithuania,Cabbages,2017,193.9
Lithuania,Cabbages,2018,285.0
Lithuania,Carrots and turnips,2015,270.9
Lithuania,Carrots and turnips,2016,252.4
Lithuania,Carrots and turnips,2017,214.2
Lithuania,Carrots and turnips,2018,342.8
Lithuania,Cauliflowers and broccoli,2015,520.6
Lithuania,Cauliflowers and broccoli,2016,572.9
Lithuania,Cauliflowers and broccoli,2017,506.1
Lithuania,Cauliflowers and broccoli,2018,598.9
Lithuania,Cherries,2015,2528.3
Lithuania,Cherries,2016,3723.4
Lithuania,Cherries,2017,4630.6
Lithuania,Cherries,2018,4606.1
Lithuania,Cucumbers and gherkins,2015,977.3
Lithuania,Cucumbers and gherkins,2016,1028.4
Lithuania,Cucumbers and gherkins,2017,996.0
Lithuania,Cucumbers and gherkins,2018,1225.1
Lithuania,Currants,2015,1492.6
Lithuania,Currants,2016,1972.6
Lithuania,Currants,2017,3495.7
Lithuania,Currants,2018,1717.2
Lithuania,Green garlic,2015,1978.9
Lithuania,Green garlic,2016,3309.2
Lithuania,Green garlic,2017,2879.8
Lithuania,Green garlic,2018,4480.2
Lithuania,"Hen eggs in shell, fresh",2015,1159.1
Lithuania,"Hen eggs in shell, fresh",2016,1084.7
Lithuania,"Hen eggs in shell, fresh",2017,1126.3
Lithuania,"Hen eggs in shell, fresh",2018,1091.4
Lithuania,Leeks and other alliaceous vegetables,2015,838.5
Lithuania,Leeks and other alliaceous vegetables,2016,823.1
Lithuania,Leeks and other alliaceous vegetables,2017,687.9
Lithuania,Leeks and other alliaceous vegetables,2018,851.1
Lithuania,Lettuce and chicory,2015,1387.4
Lithuania,Lettuce and chicory,2016,1520.0
Lithuania,Lettuce and chicory,2017,1922.4
Lithuania,Lettuce and chicory,2018,2016.4
Lithuania,Linseed,2015,676.0
Lithuania,Linseed,2016,584.3
Lithuania,Linseed,2017,293.2
Lithuania,Linseed,2018,492.5
Lithuania,Lupins,2015,365.0
Lithuania,Lupins,2016,232.3
Lithuania,Lupins,2017,169.5
Lithuania,Lupins,2018,200.8
Lithuania,Maize (corn),2015,159.2
Lithuania,Maize (corn),2016,136.3
Lithuania,Maize (corn),2017,159.8
Lithuania,Maize (corn),2018,182.5
Lithuania,"Meat of cattle with the bone, fresh or chilled (biological)",2015,1121.9
Lithuania,"Meat of cattle with the bone, fresh or chilled (biological)",2016,1073.9
Lithuania,"Meat of cattle with the bone, fresh or chilled (biological)",2017,1276.4
Lithuania,"Meat of cattle with the bone, fresh or chilled (biological)",2018,1410.3
Lithuania,"Meat of chickens, fresh or chilled (biological)",2015,1012.2
Lithuania,"Meat of chickens, fresh or chilled (biological)",2016,924.7
Lithuania,"Meat of chickens, fresh or chilled (biological)",2017,920.9
Lithuania,"Meat of chickens, fresh or chilled (biological)",2018,987.6
Lithuania,"Meat of pig with the bone, fresh or chilled (biological)",2015,1123.7
Lithuania,"Meat of pig with the bone, fresh or chilled (biological)",2016,1181.6
Lithuania,"Meat of pig with the bone, fresh or chilled (biological)",2017,1315.9
Lithuania,"Meat of pig with the bone, fresh or chilled (biological)",2018,1223.0
Lithuania,"Meat of rabbits and hares, fresh or chilled (biological)",2015,2081.9
Lithuania,"Meat of rabbits and hares, fresh or chilled (biological)",2016,2082.4
Lithuania,"Meat of rabbits and hares, fresh or chilled (biological)",2017,2190.2
Lithuania,"Meat of rabbits and hares, fresh or chilled (biological)",2018,2565.3
Lithuania,"Meat of sheep, fresh or chilled (biological)",2015,1563.3
Lithuania,"Meat of sheep, fresh or chilled (biological)",2016,1591.9
Lithuania,"Meat of sheep, fresh or chilled (biological)",2017,1493.4
Lithuania,"Meat of sheep, fresh or chilled (biological)",2018,1672.8
Lithuania,"Meat of turkeys, fresh or chilled (biological)",2015,1572.8
Lithuania,"Meat of turkeys, fresh or chilled (biological)",2016,1515.1
Lithuania,"Meat of turkeys, fresh or chilled (biological)",2017,1463.1
Lithuania,"Meat of turkeys, fresh or chilled (biological)",2018,1527.8
Lithuania,Mixed grain,2015,144.3
Lithuania,Mixed grain,2016,119.1
Lithuania,Mixed grain,2017,140.2
Lithuania,Mixed grain,2018,200.8
Lithuania,Mushrooms and truffles,2015,1610.9
Lithuania,Mushrooms and truffles,2016,1646.6
Lithuania,Mushrooms and truffles,2017,1725.9
Lithuania,Mushrooms and truffles,2018,1870.4
Lithuania,Natural honey,2015,2483.4
Lithuania,Natural honey,2016,2705.5
Lithuania,Natural honey,2017,3287.5
Lithuania,Natural honey,2018,3659.0
Lithuania,Oats,2015,134.3
Lithuania,Oats,2016,135.1
Lithuania,Oats,2017,130.5
Lithuania,Oats,2018,169.7
Lithuania,"Onions and shallots, dry (excluding dehydrated)",2015,200.2
Lithuania,"Onions and shallots, dry (excluding dehydrated)",2016,211.7
Lithuania,"Onions and shallots, dry (excluding dehydrated)",2017,171.4
Lithuania,"Onions and shallots, dry (excluding dehydrated)",2018,264.7
Lithuania,Pears,2015,735.6
Lithuania,Pears,2016,767.2
Lithuania,Pears,2017,622.5
Lithuania,Pears,2018,709.4
Lithuania,"Peas, dry",2015,227.0
Lithuania,"Peas, dry",2016,261.9
Lithuania,"Peas, dry",2017,220.1
Lithuania,"Peas, dry",2018,198.0
Lithuania,Plums and sloes,2015,877.2
Lithuania,Plums and sloes,2016,941.7
Lithuania,Plums and sloes,2018,767.6
Lithuania,Potatoes,2015,150.1
Lithuania,Potatoes,2016,182.7
Lithuania,Potatoes,2017,199.2
Lithuania,Potatoes,2018,229.0
Lithuania,Rape or colza seed,2015,378.4
Lithuania,Rape or colza seed,2016,403.4
Lithuania,Rape or colza seed,2017,403.5
Lithuania,Rape or colza seed,2018,418.9
Lithuania,Raspberries,2015,4866.3
Lithuania,Raspberries,2016,2905.2
Lithuania,Raspberries,2017,3360.5
Lithuania,Raspberries,2018,13425.9
Lithuania,Raw milk of cattle,2015,238.2
Lithuania,Raw milk of cattle,2016,235.5
Lithuania,Raw milk of cattle,2017,335.0
Lithuania,Raw milk of cattle,2018,332.8
Lithuania,Rye,2015,126.4
Lithuania,Rye,2016,121.3
Lithuania,Rye,2017,140.0
Lithuania,Rye,2018,166.8
Lithuania,Spinach,2015,5685.9
Lithuania,Spinach,2016,4342.6
Lithuania,Spinach,2017,4066.4
Lithuania,Spinach,2018,4950.1
Lithuania,Strawberries,2015,2962.1
Lithuania,Strawberries,2016,4126.1
Lithuania,Strawberries,2017,4302.8
Lithuania,Strawberries,2018,5105.1
Lithuania,Sugar beet,2015,33.7
Lithuania,Sugar beet,2016,33.2
Lithuania,Sugar beet,2017,30.5
Lithuania,Sugar beet,2018,39.2
Lithuania,Tomatoes,2015,941.2
Lithuania,Tomatoes,2016,854.1
Lithuania,Tomatoes,2017,948.1
Lithuania,Tomatoes,2018,991.9
Lithuania,Triticale,2015,137.9
Lithuania,Triticale,2016,123.8
Lithuania,Triticale,2017,139.2
Lithuania,Triticale,2018,177.1
Lithuania,Wheat,2015,179.9
Lithuania,Wheat,2016,160.4
Lithuania,Wheat,2017,175.0
Lithuania,Wheat,2018,202.8
Luxembourg,Apples,2015,1525.0
Luxembourg,Apples,2016,1526.5
Luxembourg,Apples,2017,1609.8
Luxembourg,Apples,2018,1653.3
Luxembourg,Barley,2015,157.6
Luxembourg,Barley,2016,125.0
Luxembourg,Barley,2017,141.4
Luxembourg,Barley,2018,179.3
Luxembourg,Cabbages,2015,610.0
Luxembourg,Cabbages,2016,608.4
Luxembourg,Cabbages,2017,621.3
Luxembourg,Cabbages,2018,708.6
Luxembourg,Carrots and turnips,2015,1109.1
Luxembourg,Carrots and turnips,2016,1438.0
Luxembourg,Carrots and turnips,2017,1525.1
Luxembourg,Carrots and turnips,2018,1653.3
Luxembourg,Cherries,2015,6987.1
Luxembourg,Cherries,2016,7134.7
Luxembourg,Cherries,2017,7286.4
Luxembourg,Cherries,2018,7558.1
Luxembourg,Grapes,2015,1314.4
Luxembourg,"Hen eggs in shell, fresh",2015,2826.1
Luxembourg,"Hen eggs in shell, fresh",2016,2821.9
Luxembourg,"Hen eggs in shell, fresh",2017,2832.0
Luxembourg,"Hen eggs in shell, fresh",2018,3076.0
Luxembourg,Lettuce and chicory,2015,1885.4
Luxembourg,Lettuce and chicory,2016,1969.0
Luxembourg,Lettuce and chicory,2017,2010.8
Luxembourg,Lettuce and chicory,2018,2125.7
Luxembourg,Maize (corn),2015,171.4
Luxembourg,Maize (corn),2016,196.3
Luxembourg,Maize (corn),2017,180.7
Luxembourg,Maize (corn),2018,183.0
Luxembourg,"Meat of cattle with the bone, fresh or chilled",2015,4136.8
Luxembourg,"Meat of cattle with the bone, fresh or chilled",2016,4114.9
Luxembourg,"Meat of cattle with the bone, fresh or chilled",2017,4247.6
Luxembourg,"Meat of cattle with the bone, fresh or chilled",2018,4416.8
Luxembourg,"Meat of cattle with the bone, fresh or chilled (biological)",2015,2484.3
Luxembourg,"Meat of cattle with the bone, fresh or chilled (biological)",2016,2484.4
Luxembourg,"Meat of cattle with the bone, fresh or chilled (biological)",2017,2555.3
Luxembourg,"Meat of cattle with the bone, fresh or chilled (biological)",2018,2704.4
Luxembourg,"Meat of chickens, fresh or chilled",2015,5379.0
Luxembourg,"Meat of chickens, fresh or chilled",2016,5055.1
Luxembourg,"Meat of chickens, fresh or chilled",2017,5366.0
Luxembourg,"Meat of chickens, fresh or chilled",2018,5500.3
Luxembourg,"Meat of chickens, fresh or chilled (biological)",2015,4034.8
Luxembourg,"Meat of chickens, fresh or chilled (biological)",2016,3791.9
Luxembourg,"Meat of chickens, fresh or chilled (biological)",2017,4025.1
Luxembourg,"Meat of chickens, fresh or chilled (biological)",2018,3977.5
Luxembourg,"Meat of goat, fresh or chilled",2015,4436.3
Luxembourg,"Meat of goat, fresh or chilled",2016,4424.6
Luxembourg,"Meat of goat, fresh or chilled",2017,4518.7
Luxembourg,"Meat of goat, fresh or chilled",2018,4668.4
Luxembourg,"Meat of goat, fresh or chilled (biological)",2015,2218.1
Luxembourg,"Meat of goat, fresh or chilled (biological)",2016,2212.3
Luxembourg,"Meat of goat, fresh or chilled (biological)",2017,2259.4
Luxembourg,"Meat of goat, fresh or chilled (biological)",2018,2334.7
Luxembourg,"Meat of pig with the bone, fresh or chilled",2015,1586.0
Luxembourg,"Meat of pig with the bone, fresh or chilled",2016,1703.5
Luxembourg,"Meat of pig with the bone, fresh or chilled",2017,1897.9
Luxembourg,"Meat of pig with the bone, fresh or chilled",2018,1736.0
Luxembourg,"Meat of pig with the bone, fresh or chilled (biological)",2015,1268.8
Luxembourg,"Meat of pig with the bone, fresh or chilled (biological)",2016,1362.8
Luxembourg,"Meat of pig with the bone, fresh or chilled (biological)",2017,3098.0
Luxembourg,"Meat of pig with the bone, fresh or chilled (biological)",2018,1388.8
Luxembourg,"Meat of sheep, fresh or chilled",2015,6402.6
Luxembourg,"Meat of sheep, fresh or chilled",2016,6510.8
Luxembourg,"Meat of sheep, fresh or chilled",2017,6656.1
Luxembourg,"Meat of sheep, fresh or chilled",2018,7185.8
Luxembourg,"Meat of sheep, fresh or chilled (biological)",2015,3201.9
Luxembourg,"Meat of sheep, fresh or chilled (biological)",2016,3255.4
Luxembourg,"Meat of sheep, fresh or chilled (biological)",2017,3328.0
Luxembourg,"Meat of sheep, fresh or chilled (biological)",2018,3593.6
Luxembourg,Mixed grain,2015,132.3
Luxembourg,Mixed grain,2016,144.9
Luxembourg,Mixed grain,2017,142.1
Luxembourg,Mixed grain,2018,166.9
Luxembourg,Natural honey,2015,13308.8
Luxembourg,Natural honey,2016,13273.8
Luxembourg,Natural honey,2017,13556.2
Luxembourg,Natural honey,2018,14171.5
Luxembourg,Oats,2015,130.1
Luxembourg,Oats,2016,145.8
Luxembourg,Oats,2017,142.1
Luxembourg,Oats,2018,166.9
Luxembourg,Other pulses n.e.c.,2015,187.4
Luxembourg,Other pulses n.e.c.,2016,177.9
Luxembourg,Other pulses n.e.c.,2017,201.1
Luxembourg,Other pulses n.e.c.,2018,177.1
Luxembourg,Pears,2015,1719.1
Luxembourg,Pears,2016,1769.8
Luxembourg,Pears,2017,1920.5
Luxembourg,Pears,2018,1948.6
Luxembourg,"Peas, dry",2015,187.4
Luxembourg,"Peas, dry",2016,177.9
Luxembourg,"Peas, dry",2017,196.5
Luxembourg,"Peas, dry",2018,175.4
Luxembourg,Plums and sloes,2015,1220.0
Luxembourg,Plums and sloes,2016,1382.7
Luxembourg,Plums and sloes,2017,1468.6
Luxembourg,Plums and sloes,2018,1476.2
Luxembourg,Potatoes,2015,346.0
Luxembourg,Potatoes,2016,332.2
Luxembourg,Potatoes,2017,274.3
Luxembourg,Potatoes,2018,398.0
Luxembourg,Rape or colza seed,2015,379.0
Luxembourg,Rape or colza seed,2016,372.7
Luxembourg,Rape or colza seed,2017,382.4
Luxembourg,Rape or colza seed,2018,399.2
Luxembourg,Raw milk of cattle,2015,329.9
Luxembourg,Raw milk of cattle,2016,308.4
Luxembourg,Raw milk of cattle,2017,399.4
Luxembourg,Raw milk of cattle,2018,396.3
Luxembourg,Rye,2015,144.4
Luxembourg,Rye,2016,126.5
Luxembourg,Rye,2017,143.7
Luxembourg,Rye,2018,184.8
Luxembourg,Strawberries,2015,4491.7
Luxembourg,Strawberries,2016,5309.5
Luxembourg,Strawberries,2017,5422.5
Luxembourg,Strawberries,2018,5609.5
Luxembourg,Tomatoes,2015,2650.7
Luxembourg,Tomatoes,2016,2643.7
Luxembourg,Tomatoes,2017,2699.9
Luxembourg,Tomatoes,2018,3542.9
Luxembourg,Triticale,2015,152.8
Luxembourg,Triticale,2016,126.9
Luxembourg,Triticale,2017,146.6
Luxembourg,Triticale,2018,176.7
Luxembourg,Wheat,2015,173.0
Luxembourg,Wheat,2016,158.7
Luxembourg,Wheat,2017,169.5
Luxembourg,Wheat,2018,211.7
Malawi,Avocados,2015,343.0
Malawi,Avocados,2016,280.4
Malawi,Avocados,2017,370.2
Malawi,Bananas,2015,493.4
Malawi,Bananas,2016,495.0
Malawi,Bananas,2017,538.1
Malawi,"Beans, dry",2015,1117.1
Malawi,"Beans, dry",2016,1004.7
Malawi,"Beans, dry",2017,982.6
Malawi,Cabbages,2015,373.3
Malawi,Cabbages,2016,339.7
Malawi,Cabbages,2017,329.0
Malawi,"Cassava, fresh",2015,380.7
Malawi,"Cassava, fresh",2016,326.6
Malawi,"Cassava, fresh",2017,339.2
Malawi,"Cow peas, dry",2015,712.6
Malawi,"Cow peas, dry",2016,687.0
Malawi,"Cow peas, dry",2017,618.4
Malawi,Cucumbers and gherkins,2015,334.7
Malawi,Cucumbers and gherkins,2016,300.2
Malawi,Cucumbers and gherkins,2017,309.8
Malawi,Eggplants (aubergines),2015,344.1
Malawi,Eggplants (aubergines),2016,377.8
Malawi,Eggplants (aubergines),2017,333.4
Malawi,"Groundnuts, excluding shelled",2015,694.9
Malawi,"Groundnuts, excluding shelled",2016,559.9
Malawi,"Groundnuts, excluding shelled",2017,973.7
Malawi,"Hen eggs in shell, fresh",2015,3379.9
Malawi,"Hen eggs in shell, fresh",2016,2609.9
Malawi,Maize (corn),2015,240.3
Malawi,Maize (corn),2016,302.4
Malawi,Maize (corn),2017,177.2
Malawi,"Mangoes, guavas and mangosteens",2015,299.6
Malawi,"Mangoes, guavas and mangosteens",2016,237.5
Malawi,"Mangoes, guavas and mangosteens",2017,254.5
Malawi,"Meat of cattle with the bone, fresh or chilled",2015,3009.4
Malawi,"Meat of cattle with the bone, fresh or chilled",2016,2328.3
Malawi,"Meat of cattle with the bone, fresh or chilled",2017,3190.5
Malawi,"Meat of cattle with the bone, fresh or chilled (biological)",2015,1268.3
Malawi,"Meat of cattle with the bone, fresh or chilled (biological)",2016,1051.0
Malawi,"Meat of goat, fresh or chilled",2015,2571.5
Malawi,"Meat of goat, fresh or chilled",2016,2200.4
Malawi,"Meat of goat, fresh or chilled",2017,2562.9
Malawi,"Meat of goat, fresh or chilled (biological)",2015,1619.6
Malawi,"Meat of goat, fresh or chilled (biological)",2016,1263.6
Malawi,"Meat of pig with the bone, fresh or chilled",2015,2856.8
Malawi,"Meat of pig with the bone, fresh or chilled",2016,2007.4
Malawi,"Meat of pig with the bone, fresh or chilled",2017,2294.8
Malawi,"Meat of pig with the bone, fresh or chilled (biological)",2015,1079.2
Malawi,"Meat of pig with the bone, fresh or chilled (biological)",2016,761.4
Malawi,"Meat of sheep, fresh or chilled (biological)",2015,1217.5
Malawi,"Meat of sheep, fresh or chilled (biological)",2016,880.9
Malawi,Millet,2015,752.1
Malawi,Millet,2016,612.4
Malawi,Millet,2017,904.3
Malawi,Okra,2016,333.7
Malawi,Okra,2017,367.5
Malawi,"Onions and shallots, dry (excluding dehydrated)",2015,681.1
Malawi,"Onions and shallots, dry (excluding dehydrated)",2016,637.2
Malawi,"Onions and shallots, dry (excluding dehydrated)",2017,681.6
Malawi,"Peas, dry",2015,801.2
Malawi,"Peas, dry",2016,536.7
Malawi,"Peas, dry",2017,628.0
Malawi,"Peas, green",2015,908.3
Malawi,"Peas, green",2016,686.4
Malawi,"Peas, green",2017,628.0
Malawi,"Pepper (Piper spp.), raw",2015,680.6
Malawi,"Pigeon peas, dry",2015,757.9
Malawi,"Pigeon peas, dry",2016,797.4
Malawi,"Pigeon peas, dry",2017,592.4
Malawi,Pineapples,2015,467.5
Malawi,Pineapples,2016,374.1
Malawi,Pineapples,2017,301.8
Malawi,Potatoes,2015,321.2
Malawi,Potatoes,2016,433.5
Malawi,Potatoes,2017,504.6
Malawi,Rice,2015,876.6
Malawi,Rice,2016,934.7
Malawi,Rice,2017,904.3
Malawi,Sorghum,2015,633.5
Malawi,Sorghum,2016,555.6
Malawi,Sorghum,2017,533.6
Malawi,Soya beans,2015,639.5
Malawi,Soya beans,2016,598.7
Malawi,Soya beans,2017,539.6
Malawi,Sweet potatoes,2015,321.2
Malawi,Sweet potatoes,2016,312.1
Malawi,Sweet potatoes,2017,313.8
Malawi,Tomatoes,2015,504.2
Malawi,Tomatoes,2016,546.9
Malawi,Tomatoes,2017,495.9
Malaysia,Bananas,2015,460.9
Malaysia,Bananas,2016,433.9
Malaysia,Bananas,2017,377.9
Malaysia,Bananas,2018,359.3
Malaysia,Bananas cavendish,2015,474.0
Malaysia,Bananas cavendish,2016,542.0
Malaysia,Bananas cavendish,2017,512.0
Malaysia,Bananas cavendish,2018,632.0
Malaysia,Cabbages,2015,358.5
Malaysia,Cabbages,2016,361.6
Malaysia,Cabbages,2017,381.4
Malaysia,Cabbages,2018,359.3
Malaysia,"Cassava, fresh",2015,268.9
Malaysia,"Cassava, fresh",2016,313.4
Malaysia,"Cassava, fresh",2017,305.8
Malaysia,"Cassava, fresh",2018,223.0
Malaysia,Cauliflowers and broccoli,2015,947.4
Malaysia,Cauliflowers and broccoli,2016,1048.6
Malaysia,"Chillies and peppers, green (Capsicum spp. and Pimenta spp.)",2015,1331.5
Malaysia,"Chillies and peppers, green (Capsicum spp. and Pimenta spp.)",2016,1518.7
Malaysia,"Chillies and peppers, green (Capsicum spp. and Pimenta spp.)",2017,1397.5
Malaysia,"Chillies and peppers, green (Capsicum spp. and Pimenta spp.)",2018,1462.2
Malaysia,Cocoa beans,2015,2055.8
Malaysia,Cocoa beans,2016,2017.7
Malaysia,Cocoa beans,2017,1436.6
Malaysia,Cocoa beans,2018,1525.6
Malaysia,"Coconuts, in shell",2015,243.2
Malaysia,"Coconuts, in shell",2016,241.1
Malaysia,"Coconuts, in shell",2017,281.4
Malaysia,"Coconuts, in shell",2018,297.4
Malaysia,Cucumbers and gherkins,2015,320.1
Malaysia,Cucumbers and gherkins,2016,325.4
Malaysia,Cucumbers and gherkins,2017,295.3
Malaysia,Cucumbers and gherkins,2018,309.8
Malaysia,Eggplants (aubergines),2015,716.9
Malaysia,Eggplants (aubergines),2016,578.6
Malaysia,Eggplants (aubergines),2017,579.0
Malaysia,Eggplants (aubergines),2018,706.3
Malaysia,"Hen eggs in shell, fresh",2015,1493.6
Malaysia,"Hen eggs in shell, fresh",2016,1325.8
Malaysia,"Hen eggs in shell, fresh",2017,1240.1
Malaysia,"Hen eggs in shell, fresh",2018,1404.4
Malaysia,Lemons and limes,2015,780.9
Malaysia,Lemons and limes,2016,771.4
Malaysia,Lemons and limes,2017,672.0
Malaysia,Lemons and limes,2018,718.7
Malaysia,Maize (corn),2015,166.4
Malaysia,"Mangoes, guavas and mangosteens",2015,1024.2
Malaysia,"Mangoes, guavas and mangosteens",2016,1265.6
Malaysia,"Mangoes, guavas and mangosteens",2017,959.2
Malaysia,"Mangoes, guavas and mangosteens",2018,1486.9
Malaysia,"Meat of buffalo, fresh or chilled",2015,3088.0
Malaysia,"Meat of buffalo, fresh or chilled",2016,3350.8
Malaysia,"Meat of buffalo, fresh or chilled",2017,4127.5
Malaysia,"Meat of buffalo, fresh or chilled",2018,6939.1
Malaysia,"Meat of buffalo, fresh or chilled (biological)",2015,2560.5
Malaysia,"Meat of buffalo, fresh or chilled (biological)",2016,2651.7
Malaysia,"Meat of buffalo, fresh or chilled (biological)",2017,2557.9
Malaysia,"Meat of buffalo, fresh or chilled (biological)",2018,3469.5
Malaysia,"Meat of cattle with the bone, fresh or chilled",2015,6145.2
Malaysia,"Meat of cattle with the bone, fresh or chilled",2016,5966.3
Malaysia,"Meat of cattle with the bone, fresh or chilled",2017,6511.0
Malaysia,"Meat of cattle with the bone, fresh or chilled",2018,7781.7
Malaysia,"Meat of cattle with the bone, fresh or chilled (biological)",2015,3072.6
Malaysia,"Meat of cattle with the bone, fresh or chilled (biological)",2016,3013.3
Malaysia,"Meat of cattle with the bone, fresh or chilled (biological)",2017,2906.7
Malaysia,"Meat of cattle with the bone, fresh or chilled (biological)",2018,3717.4
Malaysia,"Meat of chickens, fresh or chilled",2015,2022.8
Malaysia,"Meat of chickens, fresh or chilled",2016,2049.0
Malaysia,"Meat of chickens, fresh or chilled",2017,2011.4
Malaysia,"Meat of chickens, fresh or chilled",2018,2218.0
Malaysia,"Meat of chickens, fresh or chilled (biological)",2015,1254.6
Malaysia,"Meat of chickens, fresh or chilled (biological)",2016,1265.6
Malaysia,"Meat of chickens, fresh or chilled (biological)",2017,1255.7
Malaysia,"Meat of chickens, fresh or chilled (biological)",2018,1313.5
Malaysia,"Meat of ducks, fresh or chilled",2015,2560.5
Malaysia,"Meat of ducks, fresh or chilled",2016,2410.6
Malaysia,"Meat of ducks, fresh or chilled",2017,2790.4
Malaysia,"Meat of ducks, fresh or chilled",2018,2750.8
Malaysia,"Meat of ducks, fresh or chilled (biological)",2015,2176.4
Malaysia,"Meat of ducks, fresh or chilled (biological)",2016,2049.0
Malaysia,"Meat of ducks, fresh or chilled (biological)",2017,2092.8
Malaysia,"Meat of ducks, fresh or chilled (biological)",2018,1982.6
Malaysia,"Meat of goat, fresh or chilled",2015,7681.5
Malaysia,"Meat of goat, fresh or chilled",2016,7931.0
Malaysia,"Meat of goat, fresh or chilled",2017,8150.3
Malaysia,"Meat of goat, fresh or chilled",2018,8785.3
Malaysia,"Meat of goat, fresh or chilled (biological)",2015,5889.1
Malaysia,"Meat of goat, fresh or chilled (biological)",2016,6026.6
Malaysia,"Meat of goat, fresh or chilled (biological)",2017,5813.4
Malaysia,"Meat of goat, fresh or chilled (biological)",2018,6691.2
Malaysia,"Meat of pig with the bone, fresh or chilled (biological)",2015,2168.7
Malaysia,"Meat of pig with the bone, fresh or chilled (biological)",2016,2082.8
Malaysia,"Meat of pig with the bone, fresh or chilled (biological)",2017,1832.4
Malaysia,"Meat of pig with the bone, fresh or chilled (biological)",2018,1623.2
Malaysia,"Meat of sheep, fresh or chilled",2015,5069.8
Malaysia,"Meat of sheep, fresh or chilled",2016,4929.7
Malaysia,"Meat of sheep, fresh or chilled",2017,5208.8
Malaysia,"Meat of sheep, fresh or chilled",2018,5811.5
Malaysia,"Meat of sheep, fresh or chilled (biological)",2015,5121.0
Malaysia,"Meat of sheep, fresh or chilled (biological)",2016,5303.4
Malaysia,"Meat of sheep, fresh or chilled (biological)",2017,5115.8
Malaysia,"Meat of sheep, fresh or chilled (biological)",2018,5947.8
Malaysia,Natural rubber in primary forms,2015,1336.3
Malaysia,Natural rubber in primary forms,2016,1370.3
Malaysia,Natural rubber in primary forms,2017,1636.4
Malaysia,Natural rubber in primary forms,2018,1347.1
Malaysia,Oil palm fruit,2015,117.5
Malaysia,Oil palm fruit,2016,143.2
Malaysia,Oil palm fruit,2017,140.9
Malaysia,Oil palm fruit,2018,116.0
Malaysia,Okra,2015,857.8
Malaysia,Okra,2016,771.4
Malaysia,Okra,2017,829.0
Malaysia,Okra,2018,817.8
Malaysia,Other bananas (excluding cavendish and cooking bananas),2015,499.0
Malaysia,Other bananas (excluding cavendish and cooking bananas),2016,494.0
Malaysia,Other bananas (excluding cavendish and cooking bananas),2017,509.0
Malaysia,Other bananas (excluding cavendish and cooking bananas),2018,533.0
Malaysia,Palm kernels,2015,391.1
Malaysia,Palm kernels,2016,629.4
Malaysia,Palm kernels,2017,589.7
Malaysia,Palm kernels,2018,452.9
Malaysia,Palm oil,2015,551.4
Malaysia,Palm oil,2016,639.5
Malaysia,Palm oil,2017,647.1
Malaysia,Palm oil,2018,553.3
Malaysia,Papayas,2015,345.7
Malaysia,Papayas,2016,337.5
Malaysia,Papayas,2017,317.4
Malaysia,Papayas,2018,359.3
Malaysia,"Pepper (Piper spp.), raw",2015,7177.3
Malaysia,"Pepper (Piper spp.), raw",2016,6364.1
Malaysia,"Pepper (Piper spp.), raw",2017,3784.5
Malaysia,"Pepper (Piper spp.), raw",2018,2550.6
Malaysia,Pineapples,2015,307.3
Malaysia,Pineapples,2016,313.4
Malaysia,Pineapples,2017,337.2
Malaysia,Pineapples,2018,347.0
Malaysia,Pomelos and grapefruits,2015,601.7
Malaysia,Pomelos and grapefruits,2016,554.4
Malaysia,Pomelos and grapefruits,2017,512.7
Malaysia,Pomelos and grapefruits,2018,532.8
Malaysia,"Pumpkins, squash and gourds",2015,345.7
Malaysia,"Pumpkins, squash and gourds",2016,313.4
Malaysia,"Pumpkins, squash and gourds",2017,306.9
Malaysia,"Pumpkins, squash and gourds",2018,334.6
Malaysia,Raw milk of cattle,2015,512.1
Malaysia,Raw milk of cattle,2016,530.3
Malaysia,Raw milk of cattle,2017,581.3
Malaysia,Raw milk of cattle,2018,619.6
Malaysia,Rice,2015,307.3
Malaysia,Rice,2016,289.3
Malaysia,Rice,2017,279.0
Malaysia,Rice,2018,297.4
Malaysia,Spinach,2015,422.5
Malaysia,Spinach,2016,421.9
Malaysia,Spinach,2017,387.2
Malaysia,Spinach,2018,446.1
Malaysia,Sugar cane,2015,217.6
Malaysia,Sugar cane,2016,204.9
Malaysia,Sugar cane,2017,218.6
Malaysia,Sweet potatoes,2015,371.3
Malaysia,Sweet potatoes,2016,301.3
Malaysia,Sweet potatoes,2017,391.8
Malaysia,Sweet potatoes,2018,396.5
Malaysia,Tomatoes,2015,601.7
Malaysia,Tomatoes,2016,482.1
Malaysia,Tomatoes,2017,538.3
Malaysia,Tomatoes,2018,631.9
Malaysia,Watermelons,2015,268.9
Malaysia,Watermelons,2016,277.2
Malaysia,Watermelons,2017,300.0
Malaysia,Watermelons,2018,297.4
Malaysia,Yams,2015,512.1
Malaysia,Yams,2016,518.3
Malaysia,Yams,2017,509.3
Malaysia,Yams,2018,594.8
Maldives,Bananas,2015,2622.8
Maldives,Bananas,2016,1171.2
Maldives,Bananas,2017,1234.8
Maldives,Bananas,2018,1299.5
Maldives,Bananas cavendish,2017,1235.0
Maldives,Bananas cavendish,2018,1299.0
Maldives,Cabbages,2015,5580.6
Maldives,Cabbages,2016,2017.1
Maldives,Cabbages,2017,2092.7
Maldives,Cabbages,2018,2079.2
Maldives,Cantaloupes and other melons,2015,2453.8
Maldives,Cantaloupes and other melons,2016,1301.4
Maldives,Cantaloupes and other melons,2017,1858.7
Maldives,Cantaloupes and other melons,2018,1897.2
Maldives,"Cassava, fresh",2016,1431.5
Maldives,"Cassava, fresh",2017,649.9
Maldives,"Chillies and peppers, green (Capsicum spp. and Pimenta spp.)",2015,13790.1
Maldives,"Chillies and peppers, green (Capsicum spp. and Pimenta spp.)",2016,10736.3
Maldives,"Chillies and peppers, green (Capsicum spp. and Pimenta spp.)",2017,9553.5
Maldives,"Chillies and peppers, green (Capsicum spp. and Pimenta spp.)",2018,11110.5
Maldives,"Coconuts, in shell",2015,1422.3
Maldives,"Coconuts, in shell",2016,279.8
Maldives,"Coconuts, in shell",2017,318.5
Maldives,"Coconuts, in shell",2018,779.7
Maldives,Cucumbers and gherkins,2015,1707.7
Maldives,Cucumbers and gherkins,2016,1301.4
Maldives,Cucumbers and gherkins,2017,1312.8
Maldives,Cucumbers and gherkins,2018,1552.9
Maldives,Eggplants (aubergines),2015,1697.6
Maldives,Eggplants (aubergines),2016,1496.6
Maldives,Eggplants (aubergines),2017,1364.8
Maldives,Eggplants (aubergines),2018,1559.4
Maldives,Lettuce and chicory,2015,1464.2
Maldives,Lettuce and chicory,2016,1952.1
Maldives,"Mangoes, guavas and mangosteens",2015,5710.0
Maldives,"Mangoes, guavas and mangosteens",2016,4331.6
Maldives,"Mangoes, guavas and mangosteens",2017,3295.0
Maldives,"Mangoes, guavas and mangosteens",2018,4028.4
Maldives,Papayas,2015,1530.0
Maldives,Papayas,2016,979.4
Maldives,Papayas,2017,662.9
Maldives,Papayas,2018,779.7
Maldives,"Pumpkins, squash and gourds",2015,1835.1
Maldives,"Pumpkins, squash and gourds",2016,1106.2
Maldives,"Pumpkins, squash and gourds",2017,1065.8
Maldives,"Pumpkins, squash and gourds",2018,838.2
Maldives,Sweet potatoes,2015,2115.0
Maldives,Sweet potatoes,2016,2212.3
Maldives,Sweet potatoes,2017,1234.8
Maldives,Sweet potatoes,2018,1468.4
Maldives,Taro,2015,2262.7
Maldives,Taro,2016,1431.5
Maldives,Taro,2017,1676.7
Maldives,Taro,2018,1812.8
Maldives,Tomatoes,2015,2277.7
Maldives,Watermelons,2015,1372.7
Maldives,Watermelons,2016,845.9
Maldives,Watermelons,2017,838.4
Maldives,Watermelons,2018,1007.1
Mali,Bananas,2015,775.8
Mali,Bananas,2017,752.2
Mali,Bananas,2018,786.4
Mali,Bananas cavendish,2016,211.0
Mali,Bananas cavendish,2017,213.0
Mali,Bananas cavendish,2018,221.0
Mali,"Cassava, fresh",2015,414.1
Mali,"Cassava, fresh",2016,256.5
Mali,"Cassava, fresh",2017,352.5
Mali,"Cassava, fresh",2018,378.0
Mali,"Chillies and peppers, dry (Capsicum spp., Pimenta spp.), raw",2017,1704.4
Mali,"Chillies and peppers, dry (Capsicum spp., Pimenta spp.), raw",2018,2291.5
Mali,"Chillies and peppers, green (Capsicum spp. and Pimenta spp.)",2016,201.6
Mali,"Chillies and peppers, green (Capsicum spp. and Pimenta spp.)",2017,197.6
Mali,"Chillies and peppers, green (Capsicum spp. and Pimenta spp.)",2018,177.2
Mali,"Cow peas, dry",2016,533.2
Mali,"Cow peas, dry",2017,561.4
Mali,"Cow peas, dry",2018,590.5
Mali,Cucumbers and gherkins,2015,420.9
Mali,Cucumbers and gherkins,2016,696.9
Mali,Cucumbers and gherkins,2017,406.6
Mali,Cucumbers and gherkins,2018,435.5
Mali,Dates,2015,1514.4
Mali,Dates,2017,1407.7
Mali,Dates,2018,1502.2
Mali,Fonio,2015,884.0
Mali,Fonio,2016,723.9
Mali,Fonio,2017,780.2
Mali,Fonio,2018,864.2
Mali,"Groundnuts, excluding shelled",2016,610.9
Mali,"Groundnuts, excluding shelled",2017,606.2
Mali,"Groundnuts, excluding shelled",2018,547.3
Mali,Karite nuts (sheanuts),2015,209.6
Mali,Karite nuts (sheanuts),2016,489.4
Mali,Karite nuts (sheanuts),2017,213.3
Mali,Karite nuts (sheanuts),2018,178.1
Mali,Lemons and limes,2015,682.8
Mali,Lemons and limes,2016,509.6
Mali,Lemons and limes,2017,655.6
Mali,Lemons and limes,2018,746.6
Mali,Lettuce and chicory,2015,748.7
Mali,Lettuce and chicory,2016,621.0
Mali,Lettuce and chicory,2017,606.9
Mali,Lettuce and chicory,2018,602.0
Mali,Maize (corn),2015,170.7
Mali,Maize (corn),2016,175.5
Mali,Maize (corn),2017,189.8
Mali,Maize (corn),2018,242.4
Mali,"Mangoes, guavas and mangosteens",2015,245.1
Mali,"Mangoes, guavas and mangosteens",2017,338.1
Mali,"Mangoes, guavas and mangosteens",2018,367.7
Mali,Millet,2015,218.0
Mali,Millet,2016,216.0
Mali,Millet,2017,296.8
Mali,Millet,2018,322.6
Mali,Okra,2015,855.2
Mali,Okra,2016,599.0
Mali,Okra,2017,667.6
Mali,Okra,2018,760.7
Mali,"Onions and shallots, dry (excluding dehydrated)",2015,3380.3
Mali,"Onions and shallots, dry (excluding dehydrated)",2016,577.1
Mali,"Onions and shallots, dry (excluding dehydrated)",2017,585.5
Mali,"Onions and shallots, dry (excluding dehydrated)",2018,610.3
Mali,"Onions and shallots, green",2015,743.7
Mali,"Onions and shallots, green",2016,556.9
Mali,"Onions and shallots, green",2017,755.6
Mali,"Onions and shallots, green",2018,757.1
Mali,Oranges,2015,855.2
Mali,Oranges,2016,528.2
Mali,Oranges,2017,598.1
Mali,Oranges,2018,651.8
Mali,Other bananas (excluding cavendish and cooking bananas),2016,266.0
Mali,Other bananas (excluding cavendish and cooking bananas),2017,254.0
Mali,Other bananas (excluding cavendish and cooking bananas),2018,261.0
Mali,"Other beans, green",2016,149.4
Mali,"Other beans, green",2017,134.1
Mali,"Other beans, green",2018,162.6
Mali,Papayas,2015,701.4
Mali,Papayas,2016,445.5
Mali,Papayas,2017,546.9
Mali,Papayas,2018,592.1
Mali,Pineapples,2016,188.0
Mali,Pineapples,2017,197.9
Mali,Pineapples,2018,210.8
Mali,Potatoes,2015,748.7
Mali,Potatoes,2016,784.7
Mali,Potatoes,2017,656.6
Mali,Potatoes,2018,648.7
Mali,Rice,2015,260.3
Mali,Rice,2016,291.9
Mali,Rice,2017,276.5
Mali,Rice,2018,298.6
Mali,"Seed cotton, unginned",2017,430.5
Mali,"Seed cotton, unginned",2018,459.1
Mali,Sesame seed,2015,1139.2
Mali,Sesame seed,2017,923.7
Mali,Sesame seed,2018,1054.2
Mali,Sorghum,2015,201.1
Mali,Sorghum,2016,187.3
Mali,Sorghum,2017,254.4
Mali,Sorghum,2018,308.9
Mali,Sweet potatoes,2015,267.0
Mali,Sweet potatoes,2016,276.7
Mali,Sweet potatoes,2017,290.7
Mali,Sweet potatoes,2018,308.4
Mali,Tomatoes,2015,714.9
Mali,Tomatoes,2016,624.4
Mali,Tomatoes,2017,675.0
Mali,Tomatoes,2018,694.8
Mali,Watermelons,2015,305.9
Mali,Watermelons,2016,372.9
Mali,Watermelons,2017,277.5
Mali,Watermelons,2018,387.8
Mali,Yams,2015,569.6
Mali,Yams,2016,545.1
Mali,Yams,2017,716.9
Mali,Yams,2018,762.3
Malta,Apples,2015,497.2
Malta,Apples,2016,508.7
Malta,Apples,2017,481.0
Malta,Apples,2018,519.7
Malta,Apricots,2015,1575.8
Malta,Apricots,2016,1503.5
Malta,Apricots,2017,1194.6
Malta,Apricots,2018,1441.7
Malta,Artichokes,2017,541.5
Malta,Artichokes,2018,482.5
Malta,"Broad beans and horse beans, green",2015,742.4
Malta,"Broad beans and horse beans, green",2016,1548.3
Malta,"Broad beans and horse beans, green",2017,614.5
Malta,"Broad beans and horse beans, green",2018,849.2
Malta,Cabbages,2015,236.0
Malta,Cabbages,2016,130.2
Malta,Cabbages,2017,170.2
Malta,Cabbages,2018,207.4
Malta,Cantaloupes and other melons,2015,354.7
Malta,Cantaloupes and other melons,2016,624.1
Malta,Cantaloupes and other melons,2017,417.0
Malta,Cantaloupes and other melons,2018,380.9
Malta,Carrots and turnips,2017,472.7
Malta,Carrots and turnips,2018,504.9
Malta,Cauliflowers and broccoli,2015,341.9
Malta,Cauliflowers and broccoli,2016,221.7
Malta,Cauliflowers and broccoli,2017,264.3
Malta,Cauliflowers and broccoli,2018,319.5
Malta,Cucumbers and gherkins,2017,1129.8
Malta,Cucumbers and gherkins,2018,1392.6
Malta,Eggplants (aubergines),2017,682.9
Malta,Eggplants (aubergines),2018,706.6
Malta,Figs,2015,2302.1
Malta,Figs,2016,3191.2
Malta,Figs,2017,3578.8
Malta,Figs,2018,3829.0
Malta,Grapes,2015,941.5
Malta,Grapes,2016,1194.9
Malta,Grapes,2017,1181.4
Malta,Grapes,2018,1111.5
Malta,Green garlic,2015,856.5
Malta,Green garlic,2016,1012.5
Malta,Green garlic,2017,832.9
Malta,Green garlic,2018,686.5
Malta,"Hen eggs in shell, fresh",2015,1699.4
Malta,"Hen eggs in shell, fresh",2016,1760.6
Malta,"Hen eggs in shell, fresh",2017,1881.6
Malta,"Hen eggs in shell, fresh",2018,1945.3
Malta,Leeks and other alliaceous vegetables,2017,248.8
Malta,Leeks and other alliaceous vegetables,2018,264.6
Malta,Lemons and limes,2015,852.9
Malta,Lemons and limes,2016,791.9
Malta,Lemons and limes,2017,908.9
Malta,Lemons and limes,2018,1222.3
Malta,Lettuce and chicory,2017,284.6
Malta,Lettuce and chicory,2018,299.0
Malta,"Meat of cattle with the bone, fresh or chilled",2015,3153.9
Malta,"Meat of cattle with the bone, fresh or chilled",2016,3000.8
Malta,"Meat of cattle with the bone, fresh or chilled",2017,3103.2
Malta,"Meat of cattle with the bone, fresh or chilled",2018,3457.1
Malta,"Meat of chickens, fresh or chilled",2015,1335.7
Malta,"Meat of chickens, fresh or chilled",2016,1326.9
Malta,"Meat of chickens, fresh or chilled",2017,1341.7
Malta,"Meat of chickens, fresh or chilled",2018,1414.8
Malta,"Meat of pig with the bone, fresh or chilled",2015,2531.5
Malta,"Meat of pig with the bone, fresh or chilled",2016,2432.8
Malta,"Meat of pig with the bone, fresh or chilled",2017,2464.3
Malta,"Meat of pig with the bone, fresh or chilled",2018,2577.0
Malta,"Meat of rabbits and hares, fresh or chilled",2015,6366.0
Malta,"Meat of rabbits and hares, fresh or chilled",2016,6402.4
Malta,"Meat of rabbits and hares, fresh or chilled",2017,6504.7
Malta,"Meat of rabbits and hares, fresh or chilled",2018,7151.1
Malta,Mushrooms and truffles,2017,3660.6
Malta,Mushrooms and truffles,2018,3993.9
Malta,Olives,2015,740.7
Malta,Olives,2016,614.6
Malta,Olives,2017,755.4
Malta,Olives,2018,704.4
Malta,"Onions and shallots, dry (excluding dehydrated)",2015,720.0
Malta,"Onions and shallots, dry (excluding dehydrated)",2016,883.9
Malta,"Onions and shallots, dry (excluding dehydrated)",2017,625.0
Malta,"Onions and shallots, dry (excluding dehydrated)",2018,413.8
Malta,Oranges,2015,604.1
Malta,Oranges,2016,681.4
Malta,Oranges,2017,764.4
Malta,Oranges,2018,926.7
Malta,Other berries and fruits of the genus vaccinium n.e.c.,2015,4901.6
Malta,Other berries and fruits of the genus vaccinium n.e.c.,2016,4946.6
Malta,Other berries and fruits of the genus vaccinium n.e.c.,2017,6912.9
Malta,Other berries and fruits of the genus vaccinium n.e.c.,2018,8127.8
Malta,"Other fruits, n.e.c.",2015,1364.1
Malta,"Other fruits, n.e.c.",2016,1744.0
Malta,"Other fruits, n.e.c.",2017,1677.3
Malta,"Other fruits, n.e.c.",2018,1618.1
Malta,Other stone fruits,2015,1131.9
Malta,Other stone fruits,2016,1226.4
Malta,Other stone fruits,2017,1175.7
Malta,Other stone fruits,2018,1953.1
Malta,"Other vegetables, fresh n.e.c.",2015,632.1
Malta,"Other vegetables, fresh n.e.c.",2016,614.6
Malta,"Other vegetables, fresh n.e.c.",2017,713.8
Malta,"Other vegetables, fresh n.e.c.",2018,758.3
Malta,Peaches and nectarines,2015,825.7
Malta,Peaches and nectarines,2016,1229.0
Malta,Peaches and nectarines,2017,800.2
Malta,Peaches and nectarines,2018,1256.6
Malta,Pears,2015,792.0
Malta,Pears,2016,994.6
Malta,Pears,2017,947.8
Malta,Pears,2018,953.5
Malta,"Peas, green",2017,1458.8
Malta,"Peas, green",2018,2114.8
Malta,Pomelos and grapefruits,2015,852.5
Malta,Pomelos and grapefruits,2016,1058.3
Malta,Pomelos and grapefruits,2017,1000.6
Malta,Pomelos and grapefruits,2018,1304.4
Malta,Potatoes,2015,362.8
Malta,Potatoes,2016,435.1
Malta,Potatoes,2017,339.8
Malta,Potatoes,2018,373.4
Malta,"Pumpkins, squash and gourds",2015,520.0
Malta,"Pumpkins, squash and gourds",2016,534.3
Malta,"Pumpkins, squash and gourds",2017,538.7
Malta,"Pumpkins, squash and gourds",2018,482.1
Malta,Spinach,2017,696.5
Malta,Spinach,2018,658.9
Malta,Strawberries,2015,2841.4
Malta,Strawberries,2016,2818.4
Malta,Strawberries,2017,2446.8
Malta,Strawberries,2018,1888.8
Malta,"Tangerines, mandarins, clementines",2015,1046.8
Malta,"Tangerines, mandarins, clementines",2016,1227.7
Malta,"Tangerines, mandarins, clementines",2017,1330.3
Malta,"Tangerines, mandarins, clementines",2018,1505.4
Malta,Tomatoes,2015,1068.5
Malta,Tomatoes,2016,865.2
Malta,Tomatoes,2017,1108.8
Malta,Tomatoes,2018,880.2
Mauritius,Bananas,2015,237.0
Mauritius,Bananas,2016,256.0
Mauritius,Bananas,2017,261.0
Mauritius,Bananas,2018,300.5
Mauritius,Cabbages,2015,401.1
Mauritius,Cabbages,2016,315.9
Mauritius,Cabbages,2017,504.7
Mauritius,Cabbages,2018,629.8
Mauritius,Carrots and turnips,2015,660.7
Mauritius,Carrots and turnips,2016,411.4
Mauritius,Carrots and turnips,2017,652.5
Mauritius,Carrots and turnips,2018,753.7
Mauritius,"Cassava, fresh",2015,292.9
Mauritius,"Cassava, fresh",2016,292.6
Mauritius,"Cassava, fresh",2017,489.9
Mauritius,"Cassava, fresh",2018,626.4
Mauritius,Cauliflowers and broccoli,2015,546.6
Mauritius,Cauliflowers and broccoli,2016,584.4
Mauritius,Cauliflowers and broccoli,2017,1028.0
Mauritius,Cauliflowers and broccoli,2018,945.9
Mauritius,"Chillies and peppers, green (Capsicum spp. and Pimenta spp.)",2015,2153.0
Mauritius,"Chillies and peppers, green (Capsicum spp. and Pimenta spp.)",2016,2639.7
Mauritius,"Chillies and peppers, green (Capsicum spp. and Pimenta spp.)",2017,2387.5
Mauritius,"Chillies and peppers, green (Capsicum spp. and Pimenta spp.)",2018,3805.2
Mauritius,"Coconuts, in shell",2015,456.4
Mauritius,"Coconuts, in shell",2016,450.2
Mauritius,"Coconuts, in shell",2017,560.7
Mauritius,"Coconuts, in shell",2018,707.2
Mauritius,Cucumbers and gherkins,2015,406.7
Mauritius,Cucumbers and gherkins,2016,509.6
Mauritius,Cucumbers and gherkins,2017,649.6
Mauritius,Cucumbers and gherkins,2018,1049.3
Mauritius,Eggplants (aubergines),2015,547.7
Mauritius,Eggplants (aubergines),2016,448.0
Mauritius,Eggplants (aubergines),2017,676.6
Mauritius,Eggplants (aubergines),2018,760.0
Mauritius,"Ginger, raw",2015,1583.1
Mauritius,"Ginger, raw",2016,1362.1
Mauritius,"Ginger, raw",2017,779.7
Mauritius,"Ginger, raw",2018,1626.5
Mauritius,Green garlic,2015,2424.6
Mauritius,Green garlic,2016,2391.5
Mauritius,Green garlic,2017,2392.6
Mauritius,Green garlic,2018,2740.6
Mauritius,"Groundnuts, excluding shelled",2015,1126.7
Mauritius,"Groundnuts, excluding shelled",2016,1186.1
Mauritius,"Groundnuts, excluding shelled",2017,1731.7
Mauritius,"Groundnuts, excluding shelled",2018,2444.7
Mauritius,"Hen eggs in shell, fresh",2015,2384.3
Mauritius,"Hen eggs in shell, fresh",2016,2124.8
Mauritius,"Hen eggs in shell, fresh",2017,2320.6
Mauritius,"Hen eggs in shell, fresh",2018,2563.8
Mauritius,Lettuce and chicory,2015,1301.2
Mauritius,Lettuce and chicory,2016,1330.3
Mauritius,Lettuce and chicory,2017,2015.1
Mauritius,Lettuce and chicory,2018,2278.1
Mauritius,"Meat of cattle with the bone, fresh or chilled",2015,5982.0
Mauritius,"Meat of cattle with the bone, fresh or chilled",2016,6388.6
Mauritius,"Meat of cattle with the bone, fresh or chilled",2017,7315.5
Mauritius,"Meat of cattle with the bone, fresh or chilled",2018,7536.6
Mauritius,"Meat of chickens, fresh or chilled",2015,1918.3
Mauritius,"Meat of chickens, fresh or chilled",2016,1916.5
Mauritius,"Meat of chickens, fresh or chilled",2017,1911.8
Mauritius,"Meat of chickens, fresh or chilled",2018,2024.7
Mauritius,"Meat of goat, fresh or chilled",2015,6045.3
Mauritius,"Meat of goat, fresh or chilled",2016,6204.3
Mauritius,"Meat of goat, fresh or chilled",2017,7017.8
Mauritius,"Meat of goat, fresh or chilled",2018,7578.1
Mauritius,"Meat of pig with the bone, fresh or chilled",2015,1747.6
Mauritius,"Meat of pig with the bone, fresh or chilled",2016,1236.3
Mauritius,"Meat of pig with the bone, fresh or chilled",2017,1484.0
Mauritius,"Meat of pig with the bone, fresh or chilled",2018,2052.9
Mauritius,Okra,2015,1212.6
Mauritius,Okra,2016,1209.1
Mauritius,Okra,2017,1901.2
Mauritius,Okra,2018,2350.5
Mauritius,"Onions and shallots, dry (excluding dehydrated)",2015,613.3
Mauritius,"Onions and shallots, dry (excluding dehydrated)",2016,604.9
Mauritius,"Onions and shallots, dry (excluding dehydrated)",2017,630.8
Mauritius,"Onions and shallots, dry (excluding dehydrated)",2018,706.2
Mauritius,"Other beans, green",2015,963.0
Mauritius,"Other beans, green",2016,906.9
Mauritius,"Other beans, green",2017,1238.6
Mauritius,"Other beans, green",2018,1279.8
Mauritius,Pineapples,2015,595.5
Mauritius,Pineapples,2016,540.5
Mauritius,Pineapples,2017,697.5
Mauritius,Pineapples,2018,921.0
Mauritius,Potatoes,2015,620.4
Mauritius,Potatoes,2016,619.0
Mauritius,Potatoes,2017,647.5
Mauritius,Potatoes,2018,722.0
Mauritius,"Pumpkins, squash and gourds",2015,658.1
Mauritius,"Pumpkins, squash and gourds",2016,620.4
Mauritius,"Pumpkins, squash and gourds",2017,1016.5
Mauritius,"Pumpkins, squash and gourds",2018,1172.8
Mauritius,Raw milk of cattle,2015,613.3
Mauritius,Raw milk of cattle,2016,604.9
Mauritius,Raw milk of cattle,2017,623.5
Mauritius,Raw milk of cattle,2018,725.7
Mauritius,Sugar cane,2015,36.6
Mauritius,Sugar cane,2016,40.4
Mauritius,Sugar cane,2017,40.0
Mauritius,Sugar cane,2018,30.1
Mauritius,Sweet potatoes,2015,369.6
Mauritius,Sweet potatoes,2016,442.6
Mauritius,Sweet potatoes,2017,808.6
Mauritius,Sweet potatoes,2018,824.2
Mauritius,Taro,2015,1498.6
Mauritius,Taro,2016,1441.9
Mauritius,Taro,2017,1812.2
Mauritius,Taro,2018,2125.1
Mauritius,Tea leaves,2015,394.8
Mauritius,Tea leaves,2016,408.8
Mauritius,Tea leaves,2017,470.7
Mauritius,Tea leaves,2018,524.5
Mauritius,Tomatoes,2015,1029.1
Mauritius,Tomatoes,2016,893.6
Mauritius,Tomatoes,2017,989.3
Mauritius,Tomatoes,2018,1197.3
Mexico,"Anise, badian, coriander, cumin, caraway, fennel and juniper berries, raw",2015,1628.7
Mexico,"Anise, badian, coriander, cumin, caraway, fennel and juniper berries, raw",2016,1147.7
Mexico,"Anise, badian, coriander, cumin, caraway, fennel and juniper berries, raw",2017,1170.5
Mexico,"Anise, badian, coriander, cumin, caraway, fennel and juniper berries, raw",2018,1281.2
Mexico,Apples,2015,363.5
Mexico,Apples,2016,348.2
Mexico,Apples,2017,461.0
Mexico,Apples,2018,613.0
Mexico,Apricots,2015,405.1
Mexico,Apricots,2016,340.7
Mexico,Apricots,2017,323.9
Mexico,Apricots,2018,346.9
Mexico,Artichokes,2015,449.6
Mexico,Artichokes,2016,467.6
Mexico,Artichokes,2017,542.0
Mexico,Artichokes,2018,610.4
Mexico,Asparagus,2015,2065.8
Mexico,Asparagus,2016,1969.2
Mexico,Asparagus,2017,2154.6
Mexico,Asparagus,2018,1898.2
Mexico,Avocados,2015,865.3
Mexico,Avocados,2016,858.3
Mexico,Avocados,2017,1033.5
Mexico,Avocados,2018,996.8
Mexico,Bananas,2015,178.0
Mexico,Barley,2015,235.8
Mexico,Barley,2016,225.1
Mexico,Barley,2017,222.8
Mexico,Barley,2018,228.9
Mexico,"Beans, dry",2015,616.5
Mexico,"Beans, dry",2016,653.1
Mexico,"Beans, dry",2017,730.8
Mexico,"Beans, dry",2018,582.3
Mexico,Beeswax,2015,3920.2
Mexico,Beeswax,2016,3421.2
Mexico,Beeswax,2017,3792.3
Mexico,Beeswax,2018,3835.6
Mexico,Blueberries,2015,3544.1
Mexico,Blueberries,2016,3047.2
Mexico,Blueberries,2017,3095.6
Mexico,Blueberries,2018,2720.0
Mexico,"Broad beans and horse beans, dry",2015,735.9
Mexico,"Broad beans and horse beans, dry",2016,654.9
Mexico,"Broad beans and horse beans, dry",2017,660.6
Mexico,"Broad beans and horse beans, dry",2018,641.5
Mexico,"Broad beans and horse beans, green",2015,325.9
Mexico,"Broad beans and horse beans, green",2016,282.1
Mexico,"Broad beans and horse beans, green",2017,277.0
Mexico,"Broad beans and horse beans, green",2018,291.2
Mexico,Cabbages,2015,142.9
Mexico,Cabbages,2016,125.0
Mexico,Cabbages,2017,129.7
Mexico,Cabbages,2018,163.3
Mexico,Canary seed,2015,377.2
Mexico,Canary seed,2016,619.9
Mexico,Canary seed,2017,277.9
Mexico,Canary seed,2018,605.3
Mexico,Cantaloupes and other melons,2015,260.7
Mexico,Cantaloupes and other melons,2016,266.5
Mexico,Cantaloupes and other melons,2017,257.3
Mexico,Cantaloupes and other melons,2018,253.5
Mexico,Carrots and turnips,2015,156.4
Mexico,Carrots and turnips,2016,154.8
Mexico,Carrots and turnips,2017,166.7
Mexico,Carrots and turnips,2018,163.7
Mexico,"Cashew nuts, in shell",2015,285.5
Mexico,"Cashew nuts, in shell",2016,263.5
Mexico,"Cashew nuts, in shell",2017,243.8
Mexico,"Cashew nuts, in shell",2018,251.5
Mexico,"Cassava, fresh",2015,227.4
Mexico,"Cassava, fresh",2016,193.8
Mexico,"Cassava, fresh",2017,195.6
Mexico,"Cassava, fresh",2018,198.0
Mexico,Cauliflowers and broccoli,2015,244.9
Mexico,Cauliflowers and broccoli,2016,218.6
Mexico,Cauliflowers and broccoli,2017,229.0
Mexico,Cauliflowers and broccoli,2018,303.8
Mexico,Cherries,2015,5504.1
Mexico,Cherries,2016,3717.7
Mexico,Cherries,2017,3607.2
Mexico,Cherries,2018,3574.3
Mexico,"Chestnuts, in shell",2015,1607.7
Mexico,"Chestnuts, in shell",2016,1235.9
Mexico,"Chestnuts, in shell",2017,1490.2
Mexico,"Chestnuts, in shell",2018,1429.3
Mexico,"Chick peas, dry",2015,677.6
Mexico,"Chick peas, dry",2016,618.5
Mexico,"Chick peas, dry",2017,949.1
Mexico,"Chick peas, dry",2018,830.6
Mexico,"Chillies and peppers, green (Capsicum spp. and Pimenta spp.)",2015,564.4
Mexico,"Chillies and peppers, green (Capsicum spp. and Pimenta spp.)",2016,465.5
Mexico,"Chillies and peppers, green (Capsicum spp. and Pimenta spp.)",2017,466.8
Mexico,"Chillies and peppers, green (Capsicum spp. and Pimenta spp.)",2018,548.1
Mexico,Cocoa beans,2015,2331.4
Mexico,Cocoa beans,2016,2095.5
Mexico,Cocoa beans,2017,2080.2
Mexico,Cocoa beans,2018,1969.4
Mexico,"Coconuts, in shell",2015,127.9
Mexico,"Coconuts, in shell",2016,111.8
Mexico,"Coconuts, in shell",2017,121.0
Mexico,"Coconuts, in shell",2018,134.4
Mexico,"Coffee, green",2015,328.4
Mexico,"Coffee, green",2016,294.1
Mexico,"Coffee, green",2017,310.3
Mexico,"Coffee, green",2018,301.9
Mexico,Cooking bananas,2015,161.0
Mexico,Cooking bananas,2016,142.0
Mexico,Cooking bananas,2017,149.0
Mexico,Cooking bananas,2018,157.0
Mexico,Cucumbers and gherkins,2015,308.6
Mexico,Cucumbers and gherkins,2016,291.1
Mexico,Cucumbers and gherkins,2017,304.1
Mexico,Cucumbers and gherkins,2018,306.8
Mexico,Dates,2015,2771.6
Mexico,Dates,2016,2639.0
Mexico,Dates,2017,2622.1
Mexico,Dates,2018,2607.3
Mexico,Eggplants (aubergines),2015,391.6
Mexico,Eggplants (aubergines),2016,363.7
Mexico,Eggplants (aubergines),2017,396.1
Mexico,Eggplants (aubergines),2018,401.0
Mexico,Figs,2015,586.6
Mexico,Figs,2016,497.3
Mexico,Figs,2017,525.7
Mexico,Figs,2018,1143.1
Mexico,"Ginger, raw",2015,809.1
Mexico,"Ginger, raw",2016,833.2
Mexico,"Ginger, raw",2017,1027.0
Mexico,"Ginger, raw",2018,1046.2
Mexico,Grapes,2015,906.1
Mexico,Grapes,2016,870.0
Mexico,Grapes,2017,924.8
Mexico,Grapes,2018,1073.8
Mexico,Green corn (maize),2015,153.1
Mexico,Green corn (maize),2016,116.3
Mexico,Green corn (maize),2017,120.9
Mexico,Green corn (maize),2018,114.4
Mexico,Green garlic,2015,756.0
Mexico,Green garlic,2016,835.5
Mexico,Green garlic,2017,891.7
Mexico,Green garlic,2018,871.2
Mexico,"Groundnuts, excluding shelled",2015,664.0
Mexico,"Groundnuts, excluding shelled",2016,594.1
Mexico,"Groundnuts, excluding shelled",2017,652.8
Mexico,"Groundnuts, excluding shelled",2018,645.3
Mexico,"Hen eggs in shell, fresh",2015,1166.4
Mexico,"Hen eggs in shell, fresh",2016,960.6
Mexico,"Hen eggs in shell, fresh",2017,1004.2
Mexico,"Hen eggs in shell, fresh",2018,1034.1
Mexico,Leeks and other alliaceous vegetables,2015,543.5
Mexico,Leeks and other alliaceous vegetables,2016,333.1
Mexico,Leeks and other alliaceous vegetables,2017,398.6
Mexico,Leeks and other alliaceous vegetables,2018,413.0
Mexico,Lemons and limes,2015,242.3
Mexico,Lemons and limes,2016,228.8
Mexico,Lemons and limes,2017,265.4
Mexico,Lemons and limes,2018,284.6
Mexico,"Lentils, dry",2015,368.3
Mexico,"Lentils, dry",2016,470.4
Mexico,"Lentils, dry",2017,592.8
Mexico,"Lentils, dry",2018,540.8
Mexico,Lettuce and chicory,2015,196.3
Mexico,Lettuce and chicory,2016,180.2
Mexico,Lettuce and chicory,2017,202.6
Mexico,Lettuce and chicory,2018,207.3
Mexico,Linseed,2015,652.0
Mexico,Linseed,2016,401.8
Mexico,Linseed,2017,528.4
Mexico,Linseed,2018,530.0
Mexico,Locust beans (carobs),2018,448.5
Mexico,Maize (corn),2015,216.0
Mexico,Maize (corn),2016,189.2
Mexico,Maize (corn),2017,190.7
Mexico,Maize (corn),2018,200.6
Mexico,"Mangoes, guavas and mangosteens",2015,193.3
Mexico,"Mangoes, guavas and mangosteens",2016,170.8
Mexico,"Mangoes, guavas and mangosteens",2017,200.6
Mexico,"Mangoes, guavas and mangosteens",2018,242.4
Mexico,"Meat of cattle with the bone, fresh or chilled",2015,3950.0
Mexico,"Meat of cattle with the bone, fresh or chilled",2016,3389.5
Mexico,"Meat of cattle with the bone, fresh or chilled",2017,3492.7
Mexico,"Meat of cattle with the bone, fresh or chilled",2018,3527.1
Mexico,"Meat of cattle with the bone, fresh or chilled (biological)",2015,2070.1
Mexico,"Meat of cattle with the bone, fresh or chilled (biological)",2016,1771.1
Mexico,"Meat of cattle with the bone, fresh or chilled (biological)",2017,1803.6
Mexico,"Meat of cattle with the bone, fresh or chilled (biological)",2018,1819.8
Mexico,"Meat of chickens, fresh or chilled",2015,1847.1
Mexico,"Meat of chickens, fresh or chilled",2016,1598.7
Mexico,"Meat of chickens, fresh or chilled",2017,1634.0
Mexico,"Meat of chickens, fresh or chilled",2018,1668.0
Mexico,"Meat of chickens, fresh or chilled (biological)",2015,1292.5
Mexico,"Meat of chickens, fresh or chilled (biological)",2016,1130.9
Mexico,"Meat of chickens, fresh or chilled (biological)",2017,1159.1
Mexico,"Meat of chickens, fresh or chilled (biological)",2018,1179.9
Mexico,"Meat of goat, fresh or chilled",2015,3466.0
Mexico,"Meat of goat, fresh or chilled",2016,3114.7
Mexico,"Meat of goat, fresh or chilled",2017,3305.4
Mexico,"Meat of goat, fresh or chilled",2018,3424.9
Mexico,"Meat of goat, fresh or chilled (biological)",2015,1725.5
Mexico,"Meat of goat, fresh or chilled (biological)",2016,1536.8
Mexico,"Meat of goat, fresh or chilled (biological)",2017,1621.3
Mexico,"Meat of goat, fresh or chilled (biological)",2018,1660.0
Mexico,"Meat of pig with the bone, fresh or chilled",2015,2580.2
Mexico,"Meat of pig with the bone, fresh or chilled",2016,2215.0
Mexico,"Meat of pig with the bone, fresh or chilled",2017,2279.0
Mexico,"Meat of pig with the bone, fresh or chilled",2018,2320.6
Mexico,"Meat of pig with the bone, fresh or chilled (biological)",2015,1574.0
Mexico,"Meat of pig with the bone, fresh or chilled (biological)",2016,1361.3
Mexico,"Meat of pig with the bone, fresh or chilled (biological)",2017,1404.0
Mexico,"Meat of pig with the bone, fresh or chilled (biological)",2018,1437.0
Mexico,"Meat of sheep, fresh or chilled",2015,3891.2
Mexico,"Meat of sheep, fresh or chilled",2016,3436.2
Mexico,"Meat of sheep, fresh or chilled",2017,3651.3
Mexico,"Meat of sheep, fresh or chilled",2018,3783.2
Mexico,"Meat of sheep, fresh or chilled (biological)",2015,1944.8
Mexico,"Meat of sheep, fresh or chilled (biological)",2016,1710.1
Mexico,"Meat of sheep, fresh or chilled (biological)",2017,1836.5
Mexico,"Meat of sheep, fresh or chilled (biological)",2018,1871.8
Mexico,"Meat of turkeys, fresh or chilled",2015,3397.6
Mexico,"Meat of turkeys, fresh or chilled",2016,2980.2
Mexico,"Meat of turkeys, fresh or chilled",2017,3045.1
Mexico,"Meat of turkeys, fresh or chilled",2018,3038.7
Mexico,"Meat of turkeys, fresh or chilled (biological)",2015,2280.6
Mexico,"Meat of turkeys, fresh or chilled (biological)",2016,1957.3
Mexico,"Meat of turkeys, fresh or chilled (biological)",2017,2011.1
Mexico,"Meat of turkeys, fresh or chilled (biological)",2018,2014.1
Mexico,Millet,2015,25.6
Mexico,Mustard seed,2016,2143.2
Mexico,Natural honey,2015,2447.4
Mexico,Natural honey,2016,2205.5
Mexico,Natural honey,2017,2266.4
Mexico,Natural honey,2018,2227.7
Mexico,Natural rubber in primary forms,2015,786.0
Mexico,Natural rubber in primary forms,2016,589.2
Mexico,Natural rubber in primary forms,2017,728.0
Mexico,Natural rubber in primary forms,2018,606.8
Mexico,Oats,2015,256.2
Mexico,Oats,2016,224.8
Mexico,Oats,2017,211.9
Mexico,Oats,2018,268.2
Mexico,Oil palm fruit,2015,84.3
Mexico,Oil palm fruit,2016,76.9
Mexico,Oil palm fruit,2017,80.0
Mexico,Oil palm fruit,2018,79.6
Mexico,Okra,2015,338.5
Mexico,Okra,2016,234.9
Mexico,Okra,2017,236.8
Mexico,Okra,2018,241.7
Mexico,Olives,2015,465.3
Mexico,Olives,2016,522.8
Mexico,Olives,2017,574.2
Mexico,Olives,2018,555.9
Mexico,"Onions and shallots, green",2015,265.6
Mexico,"Onions and shallots, green",2016,258.0
Mexico,"Onions and shallots, green",2017,264.7
Mexico,"Onions and shallots, green",2018,262.9
Mexico,Oranges,2015,95.5
Mexico,Oranges,2016,91.9
Mexico,Oranges,2017,98.4
Mexico,Oranges,2018,111.7
Mexico,Other bananas (excluding cavendish and cooking bananas),2015,175.0
Mexico,Other bananas (excluding cavendish and cooking bananas),2016,155.0
Mexico,Other bananas (excluding cavendish and cooking bananas),2017,168.0
Mexico,Other bananas (excluding cavendish and cooking bananas),2018,180.0
Mexico,"Other beans, green",2015,398.5
Mexico,"Other beans, green",2016,335.1
Mexico,"Other beans, green",2017,369.5
Mexico,"Other beans, green",2018,391.5
Mexico,"Other citrus fruit, n.e.c.",2015,173.8
Mexico,"Other fruits, n.e.c.",2015,306.9
Mexico,"Other vegetables, fresh n.e.c.",2015,255.8
Mexico,Papayas,2015,285.1
Mexico,Papayas,2016,265.0
Mexico,Papayas,2017,271.8
Mexico,Papayas,2018,309.1
Mexico,Peaches and nectarines,2015,494.2
Mexico,Peaches and nectarines,2016,422.7
Mexico,Peaches and nectarines,2017,432.5
Mexico,Peaches and nectarines,2018,453.7
Mexico,Pears,2015,259.4
Mexico,Pears,2016,241.0
Mexico,Pears,2017,242.1
Mexico,Pears,2018,218.7
Mexico,"Peas, dry",2015,467.8
Mexico,"Peas, dry",2016,390.9
Mexico,"Peas, dry",2017,422.6
Mexico,"Peas, dry",2018,439.3
Mexico,"Peas, green",2015,397.9
Mexico,"Peas, green",2016,412.1
Mexico,"Peas, green",2017,429.4
Mexico,"Peas, green",2018,444.1
Mexico,"Pepper (Piper spp.), raw",2015,1268.3
Mexico,"Pepper (Piper spp.), raw",2016,839.0
Mexico,"Pepper (Piper spp.), raw",2017,772.4
Mexico,"Pepper (Piper spp.), raw",2018,640.1
Mexico,Persimmons,2015,975.8
Mexico,Persimmons,2016,877.8
Mexico,Persimmons,2017,928.8
Mexico,Persimmons,2018,904.7
Mexico,Pineapples,2015,217.7
Mexico,Pineapples,2016,200.5
Mexico,Pineapples,2017,221.7
Mexico,Pineapples,2018,221.3
Mexico,"Pistachios, in shell",2015,5535.2
Mexico,"Pistachios, in shell",2016,6844.6
Mexico,"Pistachios, in shell",2017,9090.9
Mexico,"Pistachios, in shell",2018,4867.2
Mexico,Plantains and cooking bananas,2015,165.2
Mexico,Plums and sloes,2015,316.7
Mexico,Plums and sloes,2016,245.6
Mexico,Plums and sloes,2017,278.4
Mexico,Plums and sloes,2018,293.2
Mexico,Pomelos and grapefruits,2015,110.8
Mexico,Pomelos and grapefruits,2016,117.5
Mexico,Pomelos and grapefruits,2017,137.7
Mexico,Pomelos and grapefruits,2018,148.6
Mexico,Potatoes,2015,426.3
Mexico,Potatoes,2016,322.7
Mexico,Potatoes,2017,347.2
Mexico,Potatoes,2018,408.3
Mexico,"Pumpkins, squash and gourds",2015,333.2
Mexico,"Pumpkins, squash and gourds",2016,335.1
Mexico,"Pumpkins, squash and gourds",2017,404.7
Mexico,"Pumpkins, squash and gourds",2018,450.4
Mexico,Quinces,2015,482.6
Mexico,Quinces,2016,323.0
Mexico,Quinces,2017,511.2
Mexico,Quinces,2018,417.8
Mexico,Rape or colza seed,2015,356.1
Mexico,Rape or colza seed,2016,305.6
Mexico,Rape or colza seed,2017,365.1
Mexico,Rape or colza seed,2018,355.8
Mexico,Raspberries,2015,2376.0
Mexico,Raspberries,2016,1860.1
Mexico,Raspberries,2017,1976.8
Mexico,Raspberries,2018,2046.9
Mexico,Raw milk of cattle,2015,370.8
Mexico,Raw milk of cattle,2016,312.7
Mexico,Raw milk of cattle,2017,317.3
Mexico,Raw milk of cattle,2018,318.9
Mexico,Raw milk of goats,2015,311.8
Mexico,Raw milk of goats,2016,265.3
Mexico,Raw milk of goats,2017,270.4
Mexico,Raw milk of goats,2018,286.6
Mexico,Rice,2015,226.7
Mexico,Rice,2016,205.8
Mexico,Rice,2017,217.7
Mexico,Rice,2018,232.9
Mexico,Rye,2015,227.2
Mexico,Rye,2016,193.5
Mexico,Rye,2017,181.8
Mexico,Rye,2018,187.1
Mexico,Safflower seed,2015,336.6
Mexico,Safflower seed,2016,326.9
Mexico,Safflower seed,2017,295.9
Mexico,Safflower seed,2018,346.7
Mexico,"Seed cotton, unginned",2015,648.9
Mexico,"Seed cotton, unginned",2016,706.1
Mexico,"Seed cotton, unginned",2017,647.5
Mexico,"Seed cotton, unginned",2018,646.0
Mexico,Sesame seed,2015,1013.9
Mexico,Sesame seed,2016,830.1
Mexico,Sesame seed,2017,850.2
Mexico,Sesame seed,2018,948.7
Mexico,"Shorn wool, greasy, including fleece-washed shorn wool",2015,288.4
Mexico,"Shorn wool, greasy, including fleece-washed shorn wool",2016,273.3
Mexico,"Shorn wool, greasy, including fleece-washed shorn wool",2017,269.4
Mexico,"Shorn wool, greasy, including fleece-washed shorn wool",2018,258.1
Mexico,Sorghum,2015,188.1
Mexico,Sorghum,2016,165.5
Mexico,Sorghum,2017,166.6
Mexico,Sorghum,2018,183.3
Mexico,Soya beans,2015,366.0
Mexico,Soya beans,2016,365.5
Mexico,Soya beans,2017,370.6
Mexico,Soya beans,2018,353.1
Mexico,Spinach,2015,349.2
Mexico,Spinach,2016,255.0
Mexico,Spinach,2017,259.8
Mexico,Spinach,2018,256.6
Mexico,Strawberries,2015,928.7
Mexico,Strawberries,2016,895.7
Mexico,Strawberries,2017,1014.5
Mexico,Strawberries,2018,1065.4
Mexico,Sugar cane,2015,30.4
Mexico,Sugar cane,2016,29.4
Mexico,Sugar cane,2017,35.6
Mexico,Sugar cane,2018,40.7
Mexico,Sunflower seed,2015,364.3
Mexico,Sunflower seed,2016,308.3
Mexico,Sunflower seed,2017,289.4
Mexico,Sunflower seed,2018,347.8
Mexico,Sweet potatoes,2015,236.0
Mexico,Sweet potatoes,2016,234.0
Mexico,Sweet potatoes,2017,227.8
Mexico,Sweet potatoes,2018,247.4
Mexico,"Tangerines, mandarins, clementines",2015,98.9
Mexico,"Tangerines, mandarins, clementines",2016,118.0
Mexico,"Tangerines, mandarins, clementines",2017,125.9
Mexico,"Tangerines, mandarins, clementines",2018,140.9
Mexico,Tea leaves,2015,95.4
Mexico,Tea leaves,2016,80.1
Mexico,Tea leaves,2017,72.3
Mexico,Tea leaves,2018,68.7
Mexico,Tomatoes,2015,420.3
Mexico,Tomatoes,2016,381.9
Mexico,Tomatoes,2017,388.1
Mexico,Tomatoes,2018,428.1
Mexico,Triticale,2015,221.9
Mexico,Triticale,2016,183.9
Mexico,Triticale,2017,182.7
Mexico,Triticale,2018,188.7
Mexico,Unmanufactured tobacco,2015,2008.2
Mexico,Unmanufactured tobacco,2016,1735.8
Mexico,Unmanufactured tobacco,2017,1717.1
Mexico,Unmanufactured tobacco,2018,2041.8
Mexico,"Vanilla, raw",2015,5592.3
Mexico,"Vanilla, raw",2016,5262.5
Mexico,"Vanilla, raw",2017,5476.0
Mexico,"Vanilla, raw",2018,5501.5
Mexico,Vetches,2015,52.5
Mexico,Vetches,2016,41.2
Mexico,Vetches,2017,44.8
Mexico,Vetches,2018,43.4
Mexico,"Walnuts, in shell",2015,4432.3
Mexico,"Walnuts, in shell",2016,3697.3
Mexico,"Walnuts, in shell",2017,4094.5
Mexico,"Walnuts, in shell",2018,4106.8
Mexico,Watermelons,2015,186.0
Mexico,Watermelons,2016,170.9
Mexico,Watermelons,2017,183.1
Mexico,Watermelons,2018,199.3
Mexico,Wheat,2015,240.9
Mexico,Wheat,2016,196.1
Mexico,Wheat,2017,200.4
Mexico,Wheat,2018,212.2
Mexico,Yautia,2015,253.0
Mexico,Yautia,2016,225.7
Mexico,Yautia,2017,242.8
Mexico,Yautia,2018,307.0
Mongolia,Barley,2015,364.0
Mongolia,Barley,2016,226.8
Mongolia,Barley,2017,231.2
Mongolia,Barley,2018,292.6
Mongolia,Cabbages,2015,688.7
Mongolia,Cabbages,2016,619.7
Mongolia,Cabbages,2017,612.6
Mongolia,Cabbages,2018,364.0
Mongolia,Carrots and turnips,2015,670.5
Mongolia,Carrots and turnips,2016,675.4
Mongolia,Carrots and turnips,2017,500.5
Mongolia,Carrots and turnips,2018,405.8
Mongolia,Cucumbers and gherkins,2015,1929.1
Mongolia,Cucumbers and gherkins,2016,1694.3
Mongolia,Cucumbers and gherkins,2017,1623.4
Mongolia,Cucumbers and gherkins,2018,771.3
Mongolia,Green garlic,2015,3039.1
Mongolia,Green garlic,2016,4181.2
Mongolia,Green garlic,2017,3941.1
Mongolia,Green garlic,2018,2632.2
Mongolia,"Hen eggs in shell, fresh",2015,1593.8
Mongolia,"Hen eggs in shell, fresh",2016,1349.3
Mongolia,"Horse meat, fresh or chilled (biological)",2015,909.3
Mongolia,"Horse meat, fresh or chilled (biological)",2016,771.7
Mongolia,"Horse meat, fresh or chilled (biological)",2017,638.7
Mongolia,"Horse meat, fresh or chilled (biological)",2018,830.1
Mongolia,"Meat of camels, fresh or chilled (biological)",2015,885.3
Mongolia,"Meat of camels, fresh or chilled (biological)",2016,675.0
Mongolia,"Meat of camels, fresh or chilled (biological)",2017,648.5
Mongolia,"Meat of camels, fresh or chilled (biological)",2018,762.7
Mongolia,"Meat of cattle with the bone, fresh or chilled (biological)",2015,1347.1
Mongolia,"Meat of cattle with the bone, fresh or chilled (biological)",2016,1018.0
Mongolia,"Meat of cattle with the bone, fresh or chilled (biological)",2017,880.6
Mongolia,"Meat of cattle with the bone, fresh or chilled (biological)",2018,955.3
Mongolia,"Meat of goat, fresh or chilled (biological)",2015,625.0
Mongolia,"Meat of goat, fresh or chilled (biological)",2016,506.5
Mongolia,"Meat of goat, fresh or chilled (biological)",2017,433.0
Mongolia,"Meat of goat, fresh or chilled (biological)",2018,497.9
Mongolia,"Meat of pig with the bone, fresh or chilled (biological)",2015,1601.6
Mongolia,"Meat of pig with the bone, fresh or chilled (biological)",2016,1816.7
Mongolia,"Meat of pig with the bone, fresh or chilled (biological)",2017,1782.7
Mongolia,"Meat of pig with the bone, fresh or chilled (biological)",2018,1866.5
Mongolia,"Meat of sheep, fresh or chilled (biological)",2015,919.3
Mongolia,"Meat of sheep, fresh or chilled (biological)",2016,766.1
Mongolia,"Meat of sheep, fresh or chilled (biological)",2017,665.0
Mongolia,"Meat of sheep, fresh or chilled (biological)",2018,729.3
Mongolia,Natural honey,2015,13824.5
Mongolia,Natural honey,2016,10859.5
Mongolia,Natural honey,2017,9294.8
Mongolia,Natural honey,2018,9346.9
Mongolia,Oats,2015,256.5
Mongolia,Oats,2016,235.2
Mongolia,Oats,2017,215.1
Mongolia,Oats,2018,233.6
Mongolia,"Onions and shallots, dry (excluding dehydrated)",2015,971.9
Mongolia,"Onions and shallots, dry (excluding dehydrated)",2016,925.1
Mongolia,"Onions and shallots, dry (excluding dehydrated)",2017,819.2
Mongolia,"Onions and shallots, dry (excluding dehydrated)",2018,691.9
Mongolia,Potatoes,2015,621.2
Mongolia,Potatoes,2016,407.5
Mongolia,Potatoes,2017,364.0
Mongolia,Potatoes,2018,166.6
Mongolia,Raw milk of camel,2015,816.9
Mongolia,Raw milk of camel,2016,830.9
Mongolia,Raw milk of camel,2017,760.4
Mongolia,Raw milk of camel,2018,1071.5
Mongolia,Raw milk of cattle,2015,451.2
Mongolia,Raw milk of cattle,2016,420.9
Mongolia,Raw milk of cattle,2017,379.8
Mongolia,Raw milk of cattle,2018,451.2
Mongolia,Raw milk of goats,2015,554.2
Mongolia,Raw milk of goats,2016,581.8
Mongolia,Raw milk of goats,2017,494.3
Mongolia,Raw milk of goats,2018,646.8
Mongolia,Raw milk of sheep,2015,531.6
Mongolia,Raw milk of sheep,2016,573.8
Mongolia,Raw milk of sheep,2017,467.5
Mongolia,Raw milk of sheep,2018,613.5
Mongolia,"Shorn wool, greasy, including fleece-washed shorn wool",2015,240.8
Mongolia,"Shorn wool, greasy, including fleece-washed shorn wool",2016,238.4
Mongolia,"Shorn wool, greasy, including fleece-washed shorn wool",2017,504.6
Mongolia,Wheat,2015,281.0
Mongolia,Wheat,2016,197.9
Mongolia,Wheat,2017,222.0
Mongolia,Wheat,2018,249.0
Morocco,Apples,2015,747.6
Morocco,Apples,2016,832.0
Morocco,Apples,2017,467.4
Morocco,Apples,2018,402.7
Morocco,Apricots,2015,738.4
Morocco,Apricots,2016,1037.0
Morocco,Apricots,2017,373.7
Morocco,Apricots,2018,414.9
Morocco,Artichokes,2015,453.7
Morocco,Artichokes,2016,398.7
Morocco,Artichokes,2017,278.6
Morocco,Artichokes,2018,321.3
Morocco,Avocados,2015,2347.3
Morocco,Avocados,2016,2589.9
Morocco,Avocados,2017,1398.2
Morocco,Avocados,2018,1447.1
Morocco,Bananas,2015,684.1
Morocco,Bananas,2016,736.2
Morocco,Bananas,2017,435.9
Morocco,Bananas,2018,554.5
Morocco,Barley,2015,209.9
Morocco,Barley,2016,283.5
Morocco,Barley,2017,226.0
Morocco,Barley,2018,201.9
Morocco,"Beans, dry",2015,1210.5
Morocco,"Beans, dry",2016,1199.1
Morocco,"Beans, dry",2017,1323.8
Morocco,"Beans, dry",2018,1113.9
Morocco,"Broad beans and horse beans, dry",2015,460.9
Morocco,"Broad beans and horse beans, dry",2016,472.1
Morocco,"Broad beans and horse beans, dry",2017,514.9
Morocco,"Broad beans and horse beans, dry",2018,464.0
Morocco,"Broad beans and horse beans, green",2015,361.5
Morocco,"Broad beans and horse beans, green",2016,376.2
Morocco,"Broad beans and horse beans, green",2017,206.6
Morocco,"Broad beans and horse beans, green",2018,258.3
Morocco,Cabbages,2015,276.5
Morocco,Cabbages,2016,240.6
Morocco,Cabbages,2017,153.6
Morocco,Cabbages,2018,175.6
Morocco,Cantaloupes and other melons,2015,546.9
Morocco,Cantaloupes and other melons,2016,518.0
Morocco,Cantaloupes and other melons,2017,175.7
Morocco,Cantaloupes and other melons,2018,234.7
Morocco,Carrots and turnips,2015,284.7
Morocco,Carrots and turnips,2016,252.9
Morocco,Carrots and turnips,2017,131.4
Morocco,Carrots and turnips,2018,167.3
Morocco,Cauliflowers and broccoli,2015,301.1
Morocco,Cauliflowers and broccoli,2016,317.1
Morocco,Cauliflowers and broccoli,2017,168.4
Morocco,Cauliflowers and broccoli,2018,225.9
Morocco,Cherries,2015,1496.3
Morocco,Cherries,2016,2193.2
Morocco,Cherries,2017,748.2
Morocco,Cherries,2018,722.6
Morocco,"Chick peas, dry",2015,940.2
Morocco,"Chick peas, dry",2016,1039.0
Morocco,"Chick peas, dry",2017,1296.8
Morocco,"Chick peas, dry",2018,1269.5
Morocco,"Chillies and peppers, green (Capsicum spp. and Pimenta spp.)",2015,353.3
Morocco,"Chillies and peppers, green (Capsicum spp. and Pimenta spp.)",2016,390.5
Morocco,"Chillies and peppers, green (Capsicum spp. and Pimenta spp.)",2017,213.9
Morocco,"Chillies and peppers, green (Capsicum spp. and Pimenta spp.)",2018,295.0
Morocco,Cucumbers and gherkins,2015,314.4
Morocco,Cucumbers and gherkins,2016,342.6
Morocco,Cucumbers and gherkins,2017,159.6
Morocco,Cucumbers and gherkins,2018,213.1
Morocco,Eggplants (aubergines),2015,312.4
Morocco,Eggplants (aubergines),2016,308.9
Morocco,Eggplants (aubergines),2017,159.6
Morocco,Eggplants (aubergines),2018,207.4
Morocco,Figs,2015,985.2
Morocco,Figs,2016,1231.7
Morocco,Figs,2017,551.1
Morocco,Figs,2018,609.5
Morocco,Grapes,2015,445.5
Morocco,Grapes,2016,427.2
Morocco,Grapes,2017,483.9
Morocco,Grapes,2018,447.5
Morocco,"Groundnuts, excluding shelled",2015,1014.9
Morocco,"Groundnuts, excluding shelled",2016,1043.1
Morocco,"Groundnuts, excluding shelled",2017,863.6
Morocco,"Groundnuts, excluding shelled",2018,1022.8
Morocco,Lemons and limes,2015,646.2
Morocco,Lemons and limes,2016,615.9
Morocco,Lemons and limes,2017,361.1
Morocco,Lemons and limes,2018,340.8
Morocco,"Lentils, dry",2015,803.9
Morocco,"Lentils, dry",2016,1012.5
Morocco,"Lentils, dry",2017,849.6
Morocco,"Lentils, dry",2018,951.8
Morocco,Maize (corn),2015,242.7
Morocco,Maize (corn),2016,258.0
Morocco,Maize (corn),2017,300.2
Morocco,Maize (corn),2018,296.5
Morocco,Oats,2015,261.2
Morocco,Oats,2016,330.4
Morocco,Oats,2017,330.2
Morocco,Oats,2018,318.1
Morocco,Olives,2015,500.8
Morocco,Olives,2016,600.6
Morocco,Olives,2017,547.9
Morocco,Olives,2018,571.9
Morocco,"Onions and shallots, dry (excluding dehydrated)",2015,245.8
Morocco,"Onions and shallots, dry (excluding dehydrated)",2016,463.9
Morocco,"Onions and shallots, dry (excluding dehydrated)",2017,350.8
Morocco,"Onions and shallots, dry (excluding dehydrated)",2018,145.9
Morocco,"Onions and shallots, green",2015,164.9
Morocco,"Onions and shallots, green",2016,244.7
Morocco,"Onions and shallots, green",2017,172.3
Morocco,"Onions and shallots, green",2018,169.9
Morocco,Oranges,2015,327.7
Morocco,Oranges,2016,394.6
Morocco,Oranges,2017,228.1
Morocco,Oranges,2018,255.3
Morocco,"Other tropical fruits, n.e.c.",2015,1723.6
Morocco,Peaches and nectarines,2015,954.5
Morocco,Peaches and nectarines,2016,1124.7
Morocco,Peaches and nectarines,2017,433.3
Morocco,Peaches and nectarines,2018,465.2
Morocco,Pears,2015,1316.0
Morocco,Pears,2016,1581.4
Morocco,Pears,2017,721.0
Morocco,Pears,2018,746.2
Morocco,"Peas, dry",2015,778.3
Morocco,"Peas, dry",2016,752.5
Morocco,"Peas, dry",2017,552.6
Morocco,"Peas, dry",2018,584.3
Morocco,"Peas, green",2015,608.3
Morocco,"Peas, green",2016,936.0
Morocco,"Peas, green",2017,440.7
Morocco,"Peas, green",2018,384.8
Morocco,Pineapples,2015,1723.6
Morocco,Pineapples,2016,1706.9
Morocco,Pineapples,2017,1637.4
Morocco,Pineapples,2018,1511.8
Morocco,Plums and sloes,2015,763.0
Morocco,Plums and sloes,2016,1009.4
Morocco,Plums and sloes,2017,369.1
Morocco,Plums and sloes,2018,447.5
Morocco,Potatoes,2015,201.8
Morocco,Potatoes,2016,203.9
Morocco,Potatoes,2017,189.8
Morocco,Potatoes,2018,229.1
Morocco,"Pumpkins, squash and gourds",2015,467.0
Morocco,"Pumpkins, squash and gourds",2016,483.3
Morocco,"Pumpkins, squash and gourds",2017,198.5
Morocco,"Pumpkins, squash and gourds",2018,255.9
Morocco,Quinces,2015,491.6
Morocco,Quinces,2016,451.7
Morocco,Quinces,2017,288.9
Morocco,Quinces,2018,264.8
Morocco,Sorghum,2015,358.4
Morocco,Sorghum,2016,489.4
Morocco,Sorghum,2017,421.0
Morocco,Sorghum,2018,376.2
Morocco,Strawberries,2015,956.5
Morocco,Strawberries,2016,839.2
Morocco,Strawberries,2017,665.5
Morocco,Strawberries,2018,708.5
Morocco,String beans,2015,714.8
Morocco,String beans,2016,777.0
Morocco,String beans,2017,474.6
Morocco,String beans,2018,436.7
Morocco,Sunflower seed,2015,462.9
Morocco,Sunflower seed,2016,557.7
Morocco,Sunflower seed,2017,563.4
Morocco,Sunflower seed,2018,511.9
Morocco,"Tangerines, mandarins, clementines",2015,303.1
Morocco,"Tangerines, mandarins, clementines",2016,366.0
Morocco,"Tangerines, mandarins, clementines",2017,163.9
Morocco,"Tangerines, mandarins, clementines",2018,151.4
Morocco,Tomatoes,2015,172.1
Morocco,Tomatoes,2016,198.8
Morocco,Tomatoes,2017,209.5
Morocco,Tomatoes,2018,216.9
Morocco,Watermelons,2015,295.0
Morocco,Watermelons,2016,394.6
Morocco,Watermelons,2017,136.8
Morocco,Watermelons,2018,146.9
Morocco,Wheat,2015,242.7
Morocco,Wheat,2016,272.2
Morocco,Wheat,2017,266.3
Morocco,Wheat,2018,253.9
Mozambique,"Beans, dry",2015,1273.3
Mozambique,"Beans, dry",2016,1253.7
Mozambique,"Beans, dry",2017,1215.2
Mozambique,"Cassava, fresh",2015,207.4
Mozambique,"Cassava, fresh",2016,245.9
Mozambique,"Cassava, fresh",2017,267.4
Mozambique,"Coconuts, in shell",2015,328.0
Mozambique,"Coconuts, in shell",2016,240.7
Mozambique,"Coconuts, in shell",2017,336.2
Mozambique,"Hen eggs in shell, fresh",2015,3632.0
Mozambique,"Hen eggs in shell, fresh",2016,2847.7
Mozambique,Maize (corn),2015,299.5
Mozambique,Maize (corn),2016,383.1
Mozambique,Maize (corn),2017,261.6
Mozambique,"Meat of cattle with the bone, fresh or chilled",2015,4160.3
Mozambique,"Meat of cattle with the bone, fresh or chilled",2016,2733.6
Mozambique,"Meat of cattle with the bone, fresh or chilled",2017,3444.1
Mozambique,"Meat of cattle with the bone, fresh or chilled (biological)",2015,1661.5
Mozambique,"Meat of cattle with the bone, fresh or chilled (biological)",2016,1100.0
Mozambique,"Meat of cattle with the bone, fresh or chilled (biological)",2017,1824.3
Mozambique,"Meat of cattle with the bone, fresh or chilled (biological)",2018,1989.2
Mozambique,"Meat of chickens, fresh or chilled",2015,3769.2
Mozambique,"Meat of chickens, fresh or chilled",2016,2885.8
Mozambique,"Meat of chickens, fresh or chilled (biological)",2015,3312.9
Mozambique,"Meat of chickens, fresh or chilled (biological)",2016,2391.0
Mozambique,"Meat of chickens, fresh or chilled (biological)",2017,2280.4
Mozambique,"Meat of chickens, fresh or chilled (biological)",2018,2353.9
Mozambique,"Meat of goat, fresh or chilled",2015,3614.3
Mozambique,"Meat of goat, fresh or chilled",2016,2555.7
Mozambique,"Meat of goat, fresh or chilled",2017,3003.8
Mozambique,"Meat of goat, fresh or chilled (biological)",2015,2136.5
Mozambique,"Meat of goat, fresh or chilled (biological)",2016,1420.6
Mozambique,"Meat of goat, fresh or chilled (biological)",2017,1446.9
Mozambique,"Meat of goat, fresh or chilled (biological)",2018,1657.7
Mozambique,"Meat of pig with the bone, fresh or chilled",2015,3489.0
Mozambique,"Meat of pig with the bone, fresh or chilled",2016,2453.8
Mozambique,"Meat of pig with the bone, fresh or chilled",2017,2787.1
Mozambique,"Meat of pig with the bone, fresh or chilled (biological)",2015,1701.6
Mozambique,"Meat of pig with the bone, fresh or chilled (biological)",2016,965.7
Mozambique,"Meat of pig with the bone, fresh or chilled (biological)",2017,1179.5
Mozambique,"Meat of pig with the bone, fresh or chilled (biological)",2018,1359.3
Mozambique,"Meat of sheep, fresh or chilled (biological)",2015,2882.0
Mozambique,"Meat of sheep, fresh or chilled (biological)",2016,2195.6
Mozambique,"Meat of sheep, fresh or chilled (biological)",2017,1730.0
Mozambique,"Meat of sheep, fresh or chilled (biological)",2018,1823.4
Mozambique,"Onions and shallots, dry (excluding dehydrated)",2015,875.1
Mozambique,"Onions and shallots, dry (excluding dehydrated)",2016,895.8
Mozambique,"Onions and shallots, dry (excluding dehydrated)",2017,755.9
Mozambique,Potatoes,2015,688.3
Mozambique,Potatoes,2016,623.6
Mozambique,Potatoes,2017,648.9
Mozambique,Rice,2015,729.2
Mozambique,Rice,2016,699.5
Mozambique,Rice,2017,753.8
Mozambique,Sweet potatoes,2015,390.7
Mozambique,Sweet potatoes,2016,335.4
Mozambique,Sweet potatoes,2017,363.2
Mozambique,Tomatoes,2015,997.9
Mozambique,Tomatoes,2016,884.9
Mozambique,Tomatoes,2017,1009.6
Mozambique,Wheat,2015,766.2
Mozambique,Wheat,2016,668.9
Mozambique,Wheat,2017,714.1
Namibia,Maize (corn),2016,360.6
Namibia,Maize (corn),2017,365.1
Namibia,Maize (corn),2018,364.8
Namibia,"Meat of cattle with the bone, fresh or chilled",2016,2004.2
Namibia,"Meat of cattle with the bone, fresh or chilled",2017,2651.6
Namibia,"Meat of cattle with the bone, fresh or chilled",2018,3083.7
Namibia,"Meat of cattle with the bone, fresh or chilled (biological)",2016,1136.7
Namibia,"Meat of cattle with the bone, fresh or chilled (biological)",2017,1892.1
Namibia,"Meat of cattle with the bone, fresh or chilled (biological)",2018,2333.4
Namibia,"Meat of goat, fresh or chilled (biological)",2016,1146.3
Namibia,"Meat of goat, fresh or chilled (biological)",2017,1718.8
Namibia,"Meat of goat, fresh or chilled (biological)",2018,1665.4
Namibia,"Meat of pig with the bone, fresh or chilled",2016,2230.6
Namibia,"Meat of pig with the bone, fresh or chilled",2017,2820.6
Namibia,"Meat of pig with the bone, fresh or chilled",2018,2600.9
Namibia,"Meat of sheep, fresh or chilled",2016,2442.8
Namibia,"Meat of sheep, fresh or chilled",2017,3076.7
Namibia,"Meat of sheep, fresh or chilled",2018,3317.2
Namibia,"Meat of sheep, fresh or chilled (biological)",2016,1421.6
Namibia,"Meat of sheep, fresh or chilled (biological)",2017,1959.8
Namibia,"Meat of sheep, fresh or chilled (biological)",2018,2040.2
Namibia,Millet,2016,236.3
Namibia,Millet,2017,329.5
Namibia,Millet,2018,394.7
Namibia,Wheat,2016,329.7
Namibia,Wheat,2017,389.0
Namibia,Wheat,2018,344.9
Nepal,"Almonds, in shell",2015,2982.9
Nepal,"Almonds, in shell",2016,2769.6
Nepal,"Almonds, in shell",2017,2788.7
Nepal,Apples,2015,675.0
Nepal,Apples,2016,649.6
Nepal,Apples,2017,727.6
Nepal,Apples,2018,926.4
Nepal,Apricots,2015,492.4
Nepal,Apricots,2016,474.0
Nepal,Apricots,2017,530.8
Nepal,Areca nuts,2015,556.6
Nepal,Areca nuts,2016,516.7
Nepal,Areca nuts,2017,520.3
Nepal,Bananas,2015,270.0
Nepal,Bananas,2016,259.9
Nepal,Bananas,2017,291.1
Nepal,Bananas,2018,427.0
Nepal,Barley,2015,272.0
Nepal,Barley,2016,267.3
Nepal,Barley,2017,277.9
Nepal,Barley,2018,303.6
Nepal,Buckwheat,2015,432.8
Nepal,Buckwheat,2016,425.3
Nepal,Buckwheat,2017,442.1
Nepal,"Chick peas, dry",2015,770.1
Nepal,"Chick peas, dry",2016,867.5
Nepal,"Chick peas, dry",2017,921.9
Nepal,"Coconuts, in shell",2015,900.1
Nepal,"Coconuts, in shell",2016,835.7
Nepal,"Coconuts, in shell",2017,841.5
Nepal,"Coffee, green",2015,1489.4
Nepal,"Coffee, green",2016,1475.5
Nepal,"Coffee, green",2017,1567.6
Nepal,"Cotton lint, ginned",2015,800.7
Nepal,"Cotton lint, ginned",2016,793.2
Nepal,"Cotton lint, ginned",2017,843.0
Nepal,"Edible roots and tubers with high starch or inulin content, n.e.c., fresh",2015,368.6
Nepal,"Edible roots and tubers with high starch or inulin content, n.e.c., fresh",2016,333.1
Nepal,"Edible roots and tubers with high starch or inulin content, n.e.c., fresh",2017,346.3
Nepal,"Eggs from other birds in shell, fresh, n.e.c.",2015,3103.2
Nepal,"Eggs from other birds in shell, fresh, n.e.c.",2016,3324.5
Nepal,"Eggs from other birds in shell, fresh, n.e.c.",2017,3682.4
Nepal,"Ginger, raw",2015,437.8
Nepal,"Ginger, raw",2016,406.5
Nepal,"Ginger, raw",2017,409.3
Nepal,"Ginger, raw",2018,386.9
Nepal,Green garlic,2015,739.1
Nepal,Green garlic,2016,686.2
Nepal,Green garlic,2017,691.0
Nepal,Green garlic,2018,903.2
Nepal,"Hen eggs in shell, fresh",2015,2075.3
Nepal,"Hen eggs in shell, fresh",2016,2223.4
Nepal,"Hen eggs in shell, fresh",2017,2462.7
Nepal,"Hen eggs in shell, fresh",2018,2504.8
Nepal,"Jute, raw or retted",2015,413.3
Nepal,"Jute, raw or retted",2016,409.4
Nepal,"Jute, raw or retted",2017,435.1
Nepal,"Jute, raw or retted",2018,493.9
Nepal,Lemons and limes,2015,284.5
Nepal,Lemons and limes,2016,273.9
Nepal,Lemons and limes,2017,306.7
Nepal,Lemons and limes,2018,648.1
Nepal,"Lentils, dry",2015,770.1
Nepal,"Lentils, dry",2016,867.5
Nepal,"Lentils, dry",2017,921.9
Nepal,"Lentils, dry",2018,758.3
Nepal,Linseed,2015,767.8
Nepal,Linseed,2016,758.2
Nepal,Linseed,2017,805.7
Nepal,Maize (corn),2015,273.4
Nepal,Maize (corn),2016,268.6
Nepal,Maize (corn),2017,275.6
Nepal,Maize (corn),2018,246.3
Nepal,"Mangoes, guavas and mangosteens",2015,307.7
Nepal,"Mangoes, guavas and mangosteens",2016,296.2
Nepal,"Mangoes, guavas and mangosteens",2017,331.7
Nepal,"Mangoes, guavas and mangosteens",2018,492.9
Nepal,"Meat of buffalo, fresh or chilled",2015,2717.7
Nepal,"Meat of buffalo, fresh or chilled",2016,2752.3
Nepal,"Meat of buffalo, fresh or chilled",2017,2997.6
Nepal,"Meat of buffalo, fresh or chilled",2018,2113.0
Nepal,"Meat of chickens, fresh or chilled",2015,2470.7
Nepal,"Meat of chickens, fresh or chilled",2016,2502.1
Nepal,"Meat of chickens, fresh or chilled",2017,2572.3
Nepal,"Meat of chickens, fresh or chilled",2018,2133.4
Nepal,"Meat of ducks, fresh or chilled",2015,3460.9
Nepal,"Meat of ducks, fresh or chilled",2016,3428.7
Nepal,"Meat of ducks, fresh or chilled",2017,3525.0
Nepal,"Meat of goat, fresh or chilled",2015,5938.4
Nepal,"Meat of goat, fresh or chilled",2016,6013.8
Nepal,"Meat of goat, fresh or chilled",2017,6549.9
Nepal,"Meat of goat, fresh or chilled",2018,4532.0
Nepal,"Meat of pig with the bone, fresh or chilled",2015,2487.5
Nepal,"Meat of pig with the bone, fresh or chilled",2016,2519.1
Nepal,"Meat of pig with the bone, fresh or chilled",2017,2751.4
Nepal,"Meat of pig with the bone, fresh or chilled",2018,2115.8
Nepal,"Meat of sheep, fresh or chilled",2015,4131.2
Nepal,"Meat of sheep, fresh or chilled",2016,4183.7
Nepal,"Meat of sheep, fresh or chilled",2017,4556.5
Nepal,Millet,2015,306.4
Nepal,Millet,2016,301.1
Nepal,Millet,2017,313.0
Nepal,Millet,2018,312.5
Nepal,Mustard seed,2015,1024.6
Nepal,Mustard seed,2016,1011.9
Nepal,Mustard seed,2017,1075.3
Nepal,Mustard seed,2018,852.1
Nepal,Natural honey,2015,4272.7
Nepal,Natural honey,2016,4327.0
Nepal,Natural honey,2017,4597.1
Nepal,"Nutmeg, mace, cardamoms, raw",2015,6252.6
Nepal,"Nutmeg, mace, cardamoms, raw",2016,5805.4
Nepal,"Nutmeg, mace, cardamoms, raw",2017,5845.7
Nepal,"Onions and shallots, dry (excluding dehydrated)",2015,330.0
Nepal,"Onions and shallots, dry (excluding dehydrated)",2016,306.4
Nepal,"Onions and shallots, dry (excluding dehydrated)",2017,308.6
Nepal,"Onions and shallots, dry (excluding dehydrated)",2018,496.1
Nepal,Oranges,2015,454.2
Nepal,Oranges,2016,527.3
Nepal,Oranges,2017,590.5
Nepal,Oranges,2018,590.0
Nepal,"Other citrus fruit, n.e.c.",2015,304.5
Nepal,"Other citrus fruit, n.e.c.",2016,293.1
Nepal,"Other citrus fruit, n.e.c.",2017,328.3
Nepal,"Other oil seeds, n.e.c.",2015,862.7
Nepal,"Other oil seeds, n.e.c.",2016,851.9
Nepal,"Other oil seeds, n.e.c.",2017,905.3
Nepal,Other pulses n.e.c.,2015,790.1
Nepal,Other pulses n.e.c.,2016,890.0
Nepal,Other pulses n.e.c.,2017,945.8
Nepal,"Other vegetables, fresh n.e.c.",2015,373.9
Nepal,"Other vegetables, fresh n.e.c.",2016,358.3
Nepal,"Other vegetables, fresh n.e.c.",2017,399.6
Nepal,Papayas,2015,311.0
Nepal,Papayas,2016,299.4
Nepal,Papayas,2017,335.3
Nepal,Papayas,2018,340.2
Nepal,Peaches and nectarines,2015,256.0
Nepal,Peaches and nectarines,2016,246.4
Nepal,Peaches and nectarines,2017,276.0
Nepal,Pears,2015,237.7
Nepal,Pears,2016,228.8
Nepal,Pears,2017,256.3
Nepal,Pears,2018,213.8
Nepal,Persimmons,2015,258.8
Nepal,Persimmons,2016,249.1
Nepal,Persimmons,2017,279.0
Nepal,"Pigeon peas, dry",2015,760.1
Nepal,"Pigeon peas, dry",2016,856.2
Nepal,"Pigeon peas, dry",2017,909.9
Nepal,Pineapples,2015,452.5
Nepal,Pineapples,2016,435.6
Nepal,Pineapples,2017,487.8
Nepal,Plums and sloes,2015,247.0
Nepal,Plums and sloes,2016,237.8
Nepal,Plums and sloes,2017,266.3
Nepal,Potatoes,2015,287.0
Nepal,Potatoes,2016,282.0
Nepal,Potatoes,2017,293.2
Nepal,Potatoes,2018,245.9
Nepal,Raw milk of buffalo,2015,479.1
Nepal,Raw milk of buffalo,2016,498.7
Nepal,Raw milk of buffalo,2017,544.7
Nepal,Raw milk of buffalo,2018,560.3
Nepal,Raw milk of cattle,2015,449.4
Nepal,Raw milk of cattle,2016,467.9
Nepal,Raw milk of cattle,2017,544.7
Nepal,Raw milk of cattle,2018,510.5
Nepal,Rice,2015,265.2
Nepal,Rice,2016,260.6
Nepal,Rice,2017,258.3
Nepal,Rice,2018,249.7
Nepal,"Shorn wool, greasy, including fleece-washed shorn wool",2015,1583.8
Nepal,"Shorn wool, greasy, including fleece-washed shorn wool",2016,1569.0
Nepal,"Shorn wool, greasy, including fleece-washed shorn wool",2017,1713.7
Nepal,Soya beans,2015,919.9
Nepal,Soya beans,2016,911.3
Nepal,Soya beans,2017,968.4
Nepal,Soya beans,2018,1184.2
Nepal,Sugar cane,2015,46.2
Nepal,Sugar cane,2016,49.4
Nepal,Sugar cane,2017,50.8
Nepal,Sugar cane,2018,49.3
Nepal,Tea leaves,2015,451.0
Nepal,Tea leaves,2016,446.8
Nepal,Tea leaves,2017,474.7
Nepal,Tea leaves,2018,407.0
Nepal,Unmanufactured tobacco,2015,1364.0
Nepal,Unmanufactured tobacco,2016,1351.3
Nepal,Unmanufactured tobacco,2017,1436.0
Nepal,Unmanufactured tobacco,2018,1147.7
Nepal,"Walnuts, in shell",2015,1249.7
Nepal,"Walnuts, in shell",2016,1160.4
Nepal,"Walnuts, in shell",2017,1168.4
Nepal,Wheat,2015,272.2
Nepal,Wheat,2016,267.5
Nepal,Wheat,2017,278.1
Nepal,Wheat,2018,275.7
Netherlands (Kingdom of the),Apples,2015,532.3
Netherlands (Kingdom of the),Apples,2016,538.4
Netherlands (Kingdom of the),Apples,2017,778.3
Netherlands (Kingdom of the),Apples,2018,1009.4
Netherlands (Kingdom of the),Asparagus,2015,3536.3
Netherlands (Kingdom of the),Asparagus,2016,3403.1
Netherlands (Kingdom of the),Asparagus,2017,3398.5
Netherlands (Kingdom of the),Asparagus,2018,3560.0
Netherlands (Kingdom of the),Barley,2015,176.6
Netherlands (Kingdom of the),Barley,2016,167.1
Netherlands (Kingdom of the),Barley,2017,176.7
Netherlands (Kingdom of the),Barley,2018,219.0
Netherlands (Kingdom of the),"Beans, dry",2015,774.5
Netherlands (Kingdom of the),"Beans, dry",2016,742.0
Netherlands (Kingdom of the),"Beans, dry",2017,824.7
Netherlands (Kingdom of the),"Beans, dry",2018,1005.0
Netherlands (Kingdom of the),Cabbages,2015,351.2
Netherlands (Kingdom of the),Cabbages,2016,196.9
Netherlands (Kingdom of the),Cabbages,2017,195.3
Netherlands (Kingdom of the),Cabbages,2018,221.1
Netherlands (Kingdom of the),Carrots and turnips,2015,208.8
Netherlands (Kingdom of the),Carrots and turnips,2016,160.0
Netherlands (Kingdom of the),Carrots and turnips,2017,84.0
Netherlands (Kingdom of the),Carrots and turnips,2018,259.1
Netherlands (Kingdom of the),Cauliflowers and broccoli,2015,780.6
Netherlands (Kingdom of the),Cauliflowers and broccoli,2016,1160.7
Netherlands (Kingdom of the),Cauliflowers and broccoli,2017,744.5
Netherlands (Kingdom of the),Cauliflowers and broccoli,2018,954.4
Netherlands (Kingdom of the),"Chillies and peppers, green (Capsicum spp. and Pimenta spp.)",2015,1242.2
Netherlands (Kingdom of the),"Chillies and peppers, green (Capsicum spp. and Pimenta spp.)",2016,1295.2
Netherlands (Kingdom of the),"Chillies and peppers, green (Capsicum spp. and Pimenta spp.)",2017,1217.4
Netherlands (Kingdom of the),"Chillies and peppers, green (Capsicum spp. and Pimenta spp.)",2018,1252.4
Netherlands (Kingdom of the),Cucumbers and gherkins,2015,689.1
Netherlands (Kingdom of the),Cucumbers and gherkins,2016,669.9
Netherlands (Kingdom of the),Cucumbers and gherkins,2017,529.3
Netherlands (Kingdom of the),Cucumbers and gherkins,2018,793.2
Netherlands (Kingdom of the),Eggplants (aubergines),2015,972.1
Netherlands (Kingdom of the),Eggplants (aubergines),2016,906.8
Netherlands (Kingdom of the),Eggplants (aubergines),2017,1091.1
Netherlands (Kingdom of the),Eggplants (aubergines),2018,948.8
Netherlands (Kingdom of the),"Hen eggs in shell, fresh",2015,1167.0
Netherlands (Kingdom of the),"Hen eggs in shell, fresh",2016,1026.2
Netherlands (Kingdom of the),"Hen eggs in shell, fresh",2017,1390.8
Netherlands (Kingdom of the),"Hen eggs in shell, fresh",2018,1359.9
Netherlands (Kingdom of the),"Horse meat, fresh or chilled (biological)",2015,695.5
Netherlands (Kingdom of the),"Horse meat, fresh or chilled (biological)",2016,663.7
Netherlands (Kingdom of the),"Horse meat, fresh or chilled (biological)",2017,675.5
Netherlands (Kingdom of the),"Horse meat, fresh or chilled (biological)",2018,708.6
Netherlands (Kingdom of the),Leeks and other alliaceous vegetables,2015,523.9
Netherlands (Kingdom of the),Leeks and other alliaceous vegetables,2016,663.2
Netherlands (Kingdom of the),Leeks and other alliaceous vegetables,2017,574.1
Netherlands (Kingdom of the),Leeks and other alliaceous vegetables,2018,724.0
Netherlands (Kingdom of the),Lettuce and chicory,2015,1684.4
Netherlands (Kingdom of the),Lettuce and chicory,2016,1724.3
Netherlands (Kingdom of the),Lettuce and chicory,2017,1692.9
Netherlands (Kingdom of the),Lettuce and chicory,2018,2303.4
Netherlands (Kingdom of the),"Meat of cattle with the bone, fresh or chilled (biological)",2015,1457.3
Netherlands (Kingdom of the),"Meat of cattle with the bone, fresh or chilled (biological)",2016,1319.1
Netherlands (Kingdom of the),"Meat of cattle with the bone, fresh or chilled (biological)",2017,1469.4
Netherlands (Kingdom of the),"Meat of cattle with the bone, fresh or chilled (biological)",2018,1585.6
Netherlands (Kingdom of the),"Meat of chickens, fresh or chilled (biological)",2015,967.7
Netherlands (Kingdom of the),"Meat of chickens, fresh or chilled (biological)",2016,930.1
Netherlands (Kingdom of the),"Meat of chickens, fresh or chilled (biological)",2017,929.6
Netherlands (Kingdom of the),"Meat of chickens, fresh or chilled (biological)",2018,1013.2
Netherlands (Kingdom of the),"Meat of pig with the bone, fresh or chilled (biological)",2015,1095.0
Netherlands (Kingdom of the),"Meat of pig with the bone, fresh or chilled (biological)",2016,1183.5
Netherlands (Kingdom of the),"Meat of pig with the bone, fresh or chilled (biological)",2017,1332.7
Netherlands (Kingdom of the),"Meat of pig with the bone, fresh or chilled (biological)",2018,1221.3
Netherlands (Kingdom of the),"Meat of rabbits and hares, fresh or chilled (biological)",2015,1876.2
Netherlands (Kingdom of the),"Meat of rabbits and hares, fresh or chilled (biological)",2016,1793.8
Netherlands (Kingdom of the),"Meat of rabbits and hares, fresh or chilled (biological)",2017,1905.9
Netherlands (Kingdom of the),"Meat of rabbits and hares, fresh or chilled (biological)",2018,1968.3
Netherlands (Kingdom of the),"Meat of sheep, fresh or chilled (biological)",2015,2702.7
Netherlands (Kingdom of the),"Meat of sheep, fresh or chilled (biological)",2016,2715.6
Netherlands (Kingdom of the),"Meat of sheep, fresh or chilled (biological)",2017,2701.3
Netherlands (Kingdom of the),"Meat of sheep, fresh or chilled (biological)",2018,2976.1
Netherlands (Kingdom of the),"Meat of turkeys, fresh or chilled (biological)",2015,1523.1
Netherlands (Kingdom of the),"Meat of turkeys, fresh or chilled (biological)",2016,1464.5
Netherlands (Kingdom of the),Mushrooms and truffles,2015,1513.5
Netherlands (Kingdom of the),Mushrooms and truffles,2016,1531.5
Netherlands (Kingdom of the),Mushrooms and truffles,2017,1538.4
Netherlands (Kingdom of the),Mushrooms and truffles,2018,1589.6
Netherlands (Kingdom of the),"Onions and shallots, dry (excluding dehydrated)",2015,153.1
Netherlands (Kingdom of the),"Onions and shallots, dry (excluding dehydrated)",2016,159.7
Netherlands (Kingdom of the),"Onions and shallots, dry (excluding dehydrated)",2017,71.2
Netherlands (Kingdom of the),"Onions and shallots, dry (excluding dehydrated)",2018,298.2
Netherlands (Kingdom of the),Pears,2015,614.9
Netherlands (Kingdom of the),Pears,2016,563.6
Netherlands (Kingdom of the),Pears,2017,773.0
Netherlands (Kingdom of the),Pears,2018,769.6
Netherlands (Kingdom of the),Poppy seed,2015,1608.1
Netherlands (Kingdom of the),Poppy seed,2016,1490.9
Netherlands (Kingdom of the),Poppy seed,2017,1435.8
Netherlands (Kingdom of the),Poppy seed,2018,2864.4
Netherlands (Kingdom of the),Potatoes,2015,127.6
Netherlands (Kingdom of the),Potatoes,2016,189.5
Netherlands (Kingdom of the),Potatoes,2017,178.9
Netherlands (Kingdom of the),Potatoes,2018,183.4
Netherlands (Kingdom of the),Rape or colza seed,2015,360.1
Netherlands (Kingdom of the),Rape or colza seed,2016,368.7
Netherlands (Kingdom of the),Rape or colza seed,2017,371.8
Netherlands (Kingdom of the),Rape or colza seed,2018,446.4
Netherlands (Kingdom of the),Raw milk of cattle,2015,349.0
Netherlands (Kingdom of the),Raw milk of cattle,2016,324.9
Netherlands (Kingdom of the),Raw milk of cattle,2017,401.1
Netherlands (Kingdom of the),Raw milk of cattle,2018,392.4
Netherlands (Kingdom of the),Raw milk of goats,2015,773.1
Netherlands (Kingdom of the),Raw milk of goats,2016,740.3
Netherlands (Kingdom of the),Raw milk of goats,2017,703.2
Netherlands (Kingdom of the),Raw milk of goats,2018,682.5
Netherlands (Kingdom of the),Strawberries,2015,3779.0
Netherlands (Kingdom of the),Strawberries,2016,4212.2
Netherlands (Kingdom of the),Strawberries,2017,4495.5
Netherlands (Kingdom of the),Strawberries,2018,4861.6
Netherlands (Kingdom of the),Sugar beet,2015,40.4
Netherlands (Kingdom of the),Sugar beet,2016,38.3
Netherlands (Kingdom of the),Sugar beet,2017,37.1
Netherlands (Kingdom of the),Sugar beet,2018,31.0
Netherlands (Kingdom of the),Tomatoes,2015,804.7
Netherlands (Kingdom of the),Tomatoes,2016,669.6
Netherlands (Kingdom of the),Tomatoes,2017,827.0
Netherlands (Kingdom of the),Tomatoes,2018,740.0
Netherlands (Kingdom of the),Triticale,2015,159.0
Netherlands (Kingdom of the),Triticale,2016,150.6
Netherlands (Kingdom of the),Triticale,2017,158.7
Netherlands (Kingdom of the),Triticale,2018,210.1
Netherlands (Kingdom of the),Wheat,2015,176.3
Netherlands (Kingdom of the),Wheat,2016,161.8
Netherlands (Kingdom of the),Wheat,2017,174.0
Netherlands (Kingdom of the),Wheat,2018,213.8
New Caledonia,Bananas cavendish,2015,2458.0
New Caledonia,Bananas cavendish,2016,2605.0
New Caledonia,Bananas cavendish,2017,2779.0
New Caledonia,Bananas cavendish,2018,3488.0
New Caledonia,"Cassava, fresh",2015,2669.8
New Caledonia,"Cassava, fresh",2016,2704.1
New Caledonia,"Cassava, fresh",2017,2862.9
New Caledonia,"Cassava, fresh",2018,3411.4
New Caledonia,"Coconuts, in shell",2015,726.9
New Caledonia,"Coconuts, in shell",2016,870.1
New Caledonia,"Coconuts, in shell",2017,971.0
New Caledonia,"Coconuts, in shell",2018,1001.3
New Caledonia,"Coffee, green",2015,8938.6
New Caledonia,"Coffee, green",2016,10273.8
New Caledonia,"Coffee, green",2017,7337.3
New Caledonia,Cooking bananas,2015,3086.0
New Caledonia,Cooking bananas,2016,3149.0
New Caledonia,Cooking bananas,2017,3447.0
New Caledonia,Cooking bananas,2018,4748.0
New Caledonia,Eggplants (aubergines),2015,2306.4
New Caledonia,Eggplants (aubergines),2016,2265.0
New Caledonia,Eggplants (aubergines),2017,2169.8
New Caledonia,Eggplants (aubergines),2018,2868.4
New Caledonia,"Hen eggs in shell, fresh",2015,3786.6
New Caledonia,"Hen eggs in shell, fresh",2016,4476.5
New Caledonia,"Hen eggs in shell, fresh",2017,4688.4
New Caledonia,"Hen eggs in shell, fresh",2018,4857.1
New Caledonia,Lemons and limes,2015,3196.0
New Caledonia,Lemons and limes,2016,3439.3
New Caledonia,Lemons and limes,2017,3751.0
New Caledonia,Lemons and limes,2018,3651.9
New Caledonia,Maize (corn),2016,509.9
New Caledonia,Maize (corn),2017,520.6
New Caledonia,Maize (corn),2018,544.3
New Caledonia,"Mangoes, guavas and mangosteens",2015,3929.4
New Caledonia,"Mangoes, guavas and mangosteens",2016,1450.3
New Caledonia,"Mangoes, guavas and mangosteens",2017,3136.6
New Caledonia,"Mangoes, guavas and mangosteens",2018,2521.5
New Caledonia,"Meat of cattle with the bone, fresh or chilled (biological)",2015,5417.8
New Caledonia,"Meat of cattle with the bone, fresh or chilled (biological)",2016,5436.9
New Caledonia,"Meat of cattle with the bone, fresh or chilled (biological)",2017,5645.8
New Caledonia,"Meat of cattle with the bone, fresh or chilled (biological)",2018,5994.8
New Caledonia,"Meat of chickens, fresh or chilled (biological)",2015,6929.2
New Caledonia,"Meat of chickens, fresh or chilled (biological)",2016,6986.6
New Caledonia,"Meat of chickens, fresh or chilled (biological)",2017,6719.9
New Caledonia,"Meat of chickens, fresh or chilled (biological)",2018,7353.0
New Caledonia,"Meat of goat, fresh or chilled (biological)",2015,4847.6
New Caledonia,"Meat of goat, fresh or chilled (biological)",2016,4781.7
New Caledonia,"Meat of goat, fresh or chilled (biological)",2017,5565.0
New Caledonia,"Meat of goat, fresh or chilled (biological)",2018,4625.3
New Caledonia,"Meat of pig with the bone, fresh or chilled (biological)",2015,5153.1
New Caledonia,"Meat of pig with the bone, fresh or chilled (biological)",2016,5135.7
New Caledonia,"Meat of pig with the bone, fresh or chilled (biological)",2017,5175.1
New Caledonia,"Meat of pig with the bone, fresh or chilled (biological)",2018,5491.9
New Caledonia,"Meat of sheep, fresh or chilled (biological)",2015,6656.8
New Caledonia,"Meat of sheep, fresh or chilled (biological)",2016,6314.4
New Caledonia,"Meat of sheep, fresh or chilled (biological)",2017,6151.6
New Caledonia,"Meat of sheep, fresh or chilled (biological)",2018,7158.4
New Caledonia,Natural honey,2015,12122.0
New Caledonia,Natural honey,2016,12409.5
New Caledonia,Natural honey,2017,13284.1
New Caledonia,Natural honey,2018,16726.5
New Caledonia,Oranges,2015,2059.4
New Caledonia,Oranges,2016,2330.6
New Caledonia,Oranges,2017,2447.5
New Caledonia,Oranges,2018,2795.7
New Caledonia,"Other fruits, n.e.c.",2015,4099.4
New Caledonia,"Other fruits, n.e.c.",2016,4386.8
New Caledonia,"Other fruits, n.e.c.",2017,4427.4
New Caledonia,"Other fruits, n.e.c.",2018,4034.6
New Caledonia,Other pulses n.e.c.,2015,6271.2
New Caledonia,Other pulses n.e.c.,2016,6500.3
New Caledonia,Other pulses n.e.c.,2017,7120.9
New Caledonia,Other pulses n.e.c.,2018,7444.1
New Caledonia,"Other vegetables, fresh n.e.c.",2015,2525.4
New Caledonia,"Other vegetables, fresh n.e.c.",2016,2762.0
New Caledonia,"Other vegetables, fresh n.e.c.",2017,2909.2
New Caledonia,"Other vegetables, fresh n.e.c.",2018,3118.5
New Caledonia,Potatoes,2015,862.4
New Caledonia,Potatoes,2016,889.0
New Caledonia,Potatoes,2017,916.9
New Caledonia,Potatoes,2018,948.9
New Caledonia,Raw milk of cattle,2015,1143.2
New Caledonia,Raw milk of cattle,2016,1112.3
New Caledonia,Raw milk of cattle,2017,1136.0
New Caledonia,Raw milk of cattle,2018,1187.6
New Caledonia,Rice,2018,791.1
New Caledonia,Sorghum,2018,542.9
New Caledonia,Sweet potatoes,2015,3347.2
New Caledonia,Sweet potatoes,2016,3238.5
New Caledonia,Sweet potatoes,2017,3778.9
New Caledonia,Sweet potatoes,2018,3891.9
New Caledonia,Taro,2015,4816.2
New Caledonia,Taro,2016,4652.9
New Caledonia,Taro,2017,4787.1
New Caledonia,Taro,2018,4966.3
New Caledonia,Watermelons,2015,1512.5
New Caledonia,Watermelons,2016,1503.2
New Caledonia,Watermelons,2017,1656.6
New Caledonia,Watermelons,2018,1560.0
New Caledonia,Wheat,2018,449.8
New Caledonia,Yams,2015,6115.6
New Caledonia,Yams,2016,5465.2
New Caledonia,Yams,2017,5761.0
New Caledonia,Yams,2018,6108.9
New Zealand,Apples,2015,498.6
New Zealand,Apples,2016,577.8
New Zealand,Apples,2017,564.9
New Zealand,Apples,2018,505.1
New Zealand,Barley,2015,242.7
New Zealand,Barley,2016,197.0
New Zealand,Barley,2017,212.4
New Zealand,Barley,2018,268.5
New Zealand,"Game meat, fresh, chilled or frozen",2015,2260.2
New Zealand,"Game meat, fresh, chilled or frozen",2016,2578.4
New Zealand,"Game meat, fresh, chilled or frozen",2017,2864.1
New Zealand,"Game meat, fresh, chilled or frozen",2018,3488.0
New Zealand,Kiwi fruit,2015,1307.6
New Zealand,Kiwi fruit,2016,1159.0
New Zealand,Kiwi fruit,2017,1154.6
New Zealand,Kiwi fruit,2018,1577.6
New Zealand,Maize (corn),2015,304.7
New Zealand,Maize (corn),2016,243.6
New Zealand,Maize (corn),2017,254.4
New Zealand,Maize (corn),2018,213.5
New Zealand,"Meat of cattle with the bone, fresh or chilled (biological)",2015,1623.5
New Zealand,"Meat of cattle with the bone, fresh or chilled (biological)",2016,1654.7
New Zealand,"Meat of cattle with the bone, fresh or chilled (biological)",2017,1747.2
New Zealand,"Meat of cattle with the bone, fresh or chilled (biological)",2018,1702.8
New Zealand,"Meat of chickens, fresh or chilled (biological)",2015,1340.3
New Zealand,"Meat of chickens, fresh or chilled (biological)",2016,1333.1
New Zealand,"Meat of chickens, fresh or chilled (biological)",2017,1315.2
New Zealand,"Meat of chickens, fresh or chilled (biological)",2018,1264.8
New Zealand,"Meat of pig with the bone, fresh or chilled (biological)",2015,2106.7
New Zealand,"Meat of pig with the bone, fresh or chilled (biological)",2016,2025.0
New Zealand,"Meat of pig with the bone, fresh or chilled (biological)",2017,1782.7
New Zealand,"Meat of pig with the bone, fresh or chilled (biological)",2018,1766.7
New Zealand,"Meat of sheep, fresh or chilled (biological)",2015,1506.3
New Zealand,"Meat of sheep, fresh or chilled (biological)",2016,1455.6
New Zealand,"Meat of sheep, fresh or chilled (biological)",2017,1686.1
New Zealand,"Meat of sheep, fresh or chilled (biological)",2018,2097.9
New Zealand,Oats,2015,292.9
New Zealand,Oats,2016,278.4
New Zealand,Oats,2017,284.2
New Zealand,Oats,2018,221.4
New Zealand,Raw milk of cattle,2015,266.4
New Zealand,Raw milk of cattle,2016,244.3
New Zealand,Raw milk of cattle,2017,374.4
New Zealand,Raw milk of cattle,2018,397.9
New Zealand,"Shorn wool, greasy, including fleece-washed shorn wool",2015,3090.0
New Zealand,"Shorn wool, greasy, including fleece-washed shorn wool",2016,3416.6
New Zealand,"Shorn wool, greasy, including fleece-washed shorn wool",2017,2685.8
New Zealand,"Shorn wool, greasy, including fleece-washed shorn wool",2018,2622.7
New Zealand,Wheat,2015,246.2
New Zealand,Wheat,2016,211.6
New Zealand,Wheat,2017,213.2
New Zealand,Wheat,2018,256.7
Nicaragua,"Beans, dry",2018,803.7
Nicaragua,"Cassava, fresh",2018,225.0
Nicaragua,Cocoa beans,2018,1457.8
Nicaragua,"Coffee, green",2018,1868.4
Nicaragua,"Groundnuts, excluding shelled",2018,431.1
Nicaragua,"Hen eggs in shell, fresh",2018,1893.9
Nicaragua,Maize (corn),2018,344.5
Nicaragua,"Meat of cattle with the bone, fresh or chilled (biological)",2018,2796.0
Nicaragua,"Meat of chickens, fresh or chilled (biological)",2018,1316.0
Nicaragua,"Meat of pig with the bone, fresh or chilled (biological)",2018,1587.4
Nicaragua,"Onions and shallots, dry (excluding dehydrated)",2018,278.3
Nicaragua,Potatoes,2018,548.4
Nicaragua,Raw milk of cattle,2018,353.0
Nicaragua,Sorghum,2018,322.4
Nicaragua,Sugar cane,2018,24.4
Nicaragua,Tomatoes,2018,431.7
Nicaragua,Unmanufactured tobacco,2018,4674.6
Nicaragua,Yautia,2018,214.9
North Macedonia,Apples,2015,213.4
North Macedonia,Apples,2016,309.4
North Macedonia,Apples,2017,373.6
North Macedonia,Apples,2018,373.9
North Macedonia,Apricots,2015,534.0
North Macedonia,Apricots,2016,1070.1
North Macedonia,Apricots,2017,526.5
North Macedonia,Apricots,2018,618.0
North Macedonia,Barley,2015,196.8
North Macedonia,Barley,2016,161.8
North Macedonia,Barley,2017,168.6
North Macedonia,Barley,2018,173.1
North Macedonia,"Beans, dry",2018,1677.2
North Macedonia,Cabbages,2015,326.9
North Macedonia,Cabbages,2016,209.2
North Macedonia,Cabbages,2017,247.8
North Macedonia,Cabbages,2018,286.6
North Macedonia,Carrots and turnips,2015,270.1
North Macedonia,Carrots and turnips,2016,263.0
North Macedonia,Carrots and turnips,2017,253.3
North Macedonia,Carrots and turnips,2018,368.4
North Macedonia,Cherries,2015,945.4
North Macedonia,Cherries,2016,717.7
North Macedonia,Cherries,2017,689.2
North Macedonia,Cherries,2018,1635.9
North Macedonia,"Chillies and peppers, green (Capsicum spp. and Pimenta spp.)",2015,377.5
North Macedonia,"Chillies and peppers, green (Capsicum spp. and Pimenta spp.)",2016,380.6
North Macedonia,"Chillies and peppers, green (Capsicum spp. and Pimenta spp.)",2017,388.4
North Macedonia,"Chillies and peppers, green (Capsicum spp. and Pimenta spp.)",2018,469.3
North Macedonia,Cucumbers and gherkins,2015,570.2
North Macedonia,Cucumbers and gherkins,2016,508.5
North Macedonia,Cucumbers and gherkins,2017,556.2
North Macedonia,Cucumbers and gherkins,2018,602.6
North Macedonia,Grapes,2015,253.6
North Macedonia,Grapes,2016,247.5
North Macedonia,Grapes,2017,272.3
North Macedonia,Grapes,2018,306.6
North Macedonia,Maize (corn),2015,159.9
North Macedonia,Maize (corn),2016,167.3
North Macedonia,Maize (corn),2017,171.0
North Macedonia,Maize (corn),2018,163.5
North Macedonia,"Meat of cattle with the bone, fresh or chilled (biological)",2015,2013.6
North Macedonia,"Meat of cattle with the bone, fresh or chilled (biological)",2016,1782.4
North Macedonia,"Meat of cattle with the bone, fresh or chilled (biological)",2017,1651.4
North Macedonia,"Meat of cattle with the bone, fresh or chilled (biological)",2018,1674.6
North Macedonia,"Meat of chickens, fresh or chilled (biological)",2015,546.8
North Macedonia,"Meat of chickens, fresh or chilled (biological)",2016,548.7
North Macedonia,"Meat of chickens, fresh or chilled (biological)",2017,720.1
North Macedonia,"Meat of chickens, fresh or chilled (biological)",2018,713.0
North Macedonia,"Meat of pig with the bone, fresh or chilled (biological)",2015,2050.6
North Macedonia,"Meat of pig with the bone, fresh or chilled (biological)",2016,2602.3
North Macedonia,"Meat of pig with the bone, fresh or chilled (biological)",2017,1912.2
North Macedonia,"Meat of pig with the bone, fresh or chilled (biological)",2018,1950.6
North Macedonia,"Meat of sheep, fresh or chilled (biological)",2015,2723.9
North Macedonia,"Meat of sheep, fresh or chilled (biological)",2016,1894.7
North Macedonia,"Meat of sheep, fresh or chilled (biological)",2017,2173.4
North Macedonia,"Meat of sheep, fresh or chilled (biological)",2018,2715.6
North Macedonia,Natural honey,2015,4075.9
North Macedonia,Natural honey,2016,4264.8
North Macedonia,Natural honey,2017,4220.2
North Macedonia,Natural honey,2018,4675.3
North Macedonia,Oats,2015,220.3
North Macedonia,Oats,2016,259.3
North Macedonia,Oats,2017,242.9
North Macedonia,Oats,2018,256.9
North Macedonia,"Onions and shallots, dry (excluding dehydrated)",2015,204.0
North Macedonia,"Onions and shallots, dry (excluding dehydrated)",2016,147.6
North Macedonia,"Onions and shallots, dry (excluding dehydrated)",2017,117.1
North Macedonia,"Onions and shallots, dry (excluding dehydrated)",2018,205.5
North Macedonia,"Other beans, green",2018,586.2
North Macedonia,Peaches and nectarines,2015,448.1
North Macedonia,Peaches and nectarines,2016,508.0
North Macedonia,Peaches and nectarines,2017,423.3
North Macedonia,Peaches and nectarines,2018,557.5
North Macedonia,Pears,2015,540.2
North Macedonia,Pears,2016,541.4
North Macedonia,Pears,2017,743.2
North Macedonia,Pears,2018,674.7
North Macedonia,"Peas, green",2018,472.5
North Macedonia,Plums and sloes,2015,269.7
North Macedonia,Plums and sloes,2016,266.7
North Macedonia,Plums and sloes,2017,378.8
North Macedonia,Plums and sloes,2018,264.8
North Macedonia,Potatoes,2015,279.2
North Macedonia,Potatoes,2016,259.0
North Macedonia,Potatoes,2017,339.8
North Macedonia,Potatoes,2018,274.9
North Macedonia,Rape or colza seed,2015,356.6
North Macedonia,Rape or colza seed,2016,569.8
North Macedonia,Rape or colza seed,2017,378.6
North Macedonia,Rape or colza seed,2018,398.5
North Macedonia,Raw milk of cattle,2015,346.8
North Macedonia,Raw milk of cattle,2016,320.8
North Macedonia,Raw milk of cattle,2017,325.2
North Macedonia,Raw milk of cattle,2018,376.1
North Macedonia,Raw milk of goats,2015,335.0
North Macedonia,Raw milk of goats,2016,330.4
North Macedonia,Raw milk of goats,2017,330.7
North Macedonia,Raw milk of goats,2018,350.3
North Macedonia,Raw milk of sheep,2015,579.9
North Macedonia,Raw milk of sheep,2016,622.0
North Macedonia,Raw milk of sheep,2017,617.8
North Macedonia,Raw milk of sheep,2018,656.5
North Macedonia,Rice,2015,417.6
North Macedonia,Rice,2016,298.4
North Macedonia,Rice,2017,317.6
North Macedonia,Rice,2018,330.7
North Macedonia,Rye,2015,215.2
North Macedonia,Rye,2016,168.9
North Macedonia,Rye,2017,148.9
North Macedonia,Rye,2018,200.0
North Macedonia,"Shorn wool, greasy, including fleece-washed shorn wool",2015,690.3
North Macedonia,"Shorn wool, greasy, including fleece-washed shorn wool",2016,711.8
North Macedonia,"Shorn wool, greasy, including fleece-washed shorn wool",2017,454.7
North Macedonia,"Shorn wool, greasy, including fleece-washed shorn wool",2018,586.3
North Macedonia,Sour cherries,2015,512.2
North Macedonia,Sour cherries,2016,310.8
North Macedonia,Sour cherries,2017,774.9
North Macedonia,Sour cherries,2018,425.5
North Macedonia,Soya beans,2015,316.9
North Macedonia,Strawberries,2015,811.1
North Macedonia,Strawberries,2016,920.1
North Macedonia,Strawberries,2017,1597.9
North Macedonia,Strawberries,2018,1387.4
North Macedonia,Sunflower seed,2015,378.4
North Macedonia,Sunflower seed,2016,349.8
North Macedonia,Sunflower seed,2017,353.0
North Macedonia,Sunflower seed,2018,329.3
North Macedonia,Tomatoes,2015,634.5
North Macedonia,Tomatoes,2016,705.9
North Macedonia,Tomatoes,2017,671.0
North Macedonia,Tomatoes,2018,689.4
North Macedonia,Unmanufactured tobacco,2015,2916.3
North Macedonia,Unmanufactured tobacco,2016,3347.3
North Macedonia,Unmanufactured tobacco,2017,3791.0
North Macedonia,Unmanufactured tobacco,2018,4122.0
North Macedonia,"Walnuts, in shell",2016,1198.2
North Macedonia,"Walnuts, in shell",2018,1824.4
North Macedonia,Watermelons,2015,105.9
North Macedonia,Watermelons,2016,133.4
North Macedonia,Watermelons,2017,77.2
North Macedonia,Watermelons,2018,133.2
North Macedonia,Wheat,2015,191.0
North Macedonia,Wheat,2016,164.7
North Macedonia,Wheat,2017,172.9
North Macedonia,Wheat,2018,195.6
Norway,Apples,2015,1226.4
Norway,Apples,2016,1273.8
Norway,Apples,2017,1230.7
Norway,Apples,2018,1270.2
Norway,Barley,2015,321.9
Norway,Barley,2016,317.4
Norway,Barley,2017,326.2
Norway,Barley,2018,347.5
Norway,Cabbages,2015,1040.4
Norway,Cabbages,2016,1081.0
Norway,Cabbages,2017,1175.1
Norway,Cabbages,2018,1406.7
Norway,Carrots and turnips,2015,993.3
Norway,Carrots and turnips,2016,934.5
Norway,Carrots and turnips,2017,993.8
Norway,Carrots and turnips,2018,1073.5
Norway,Cauliflowers and broccoli,2015,1206.6
Norway,Cauliflowers and broccoli,2016,1286.9
Norway,Cauliflowers and broccoli,2017,1358.9
Norway,Cauliflowers and broccoli,2018,1608.4
Norway,Cherries,2015,8179.4
Norway,Cherries,2016,8176.2
Norway,Cherries,2017,8288.5
Norway,Cherries,2018,8329.5
Norway,Cucumbers and gherkins,2015,2212.3
Norway,Cucumbers and gherkins,2016,2181.0
Norway,Cucumbers and gherkins,2017,2202.7
Norway,Cucumbers and gherkins,2018,2517.1
Norway,Currants,2015,1112.3
Norway,Currants,2016,1186.9
Norway,Currants,2017,1170.3
Norway,Currants,2018,2062.1
Norway,"Hen eggs in shell, fresh",2015,1871.2
Norway,"Hen eggs in shell, fresh",2016,1808.3
Norway,"Hen eggs in shell, fresh",2017,1912.6
Norway,"Hen eggs in shell, fresh",2018,1937.9
Norway,"Horse meat, fresh or chilled",2015,638.6
Norway,"Horse meat, fresh or chilled",2016,559.5
Norway,"Horse meat, fresh or chilled",2017,519.8
Norway,"Horse meat, fresh or chilled",2018,686.1
Norway,Leeks and other alliaceous vegetables,2015,1813.0
Norway,Leeks and other alliaceous vegetables,2016,1815.5
Norway,Leeks and other alliaceous vegetables,2017,1935.5
Norway,Leeks and other alliaceous vegetables,2018,2086.7
Norway,Lettuce and chicory,2015,4146.7
Norway,Lettuce and chicory,2016,4044.0
Norway,Lettuce and chicory,2017,3076.8
Norway,Lettuce and chicory,2018,2962.2
Norway,"Meat of cattle with the bone, fresh or chilled",2015,6232.5
Norway,"Meat of cattle with the bone, fresh or chilled",2016,6138.1
Norway,"Meat of cattle with the bone, fresh or chilled",2017,6338.5
Norway,"Meat of cattle with the bone, fresh or chilled",2018,6311.7
Norway,"Meat of chickens, fresh or chilled",2015,2440.4
Norway,"Meat of chickens, fresh or chilled",2016,2361.9
Norway,"Meat of chickens, fresh or chilled",2017,2317.5
Norway,"Meat of chickens, fresh or chilled",2018,2455.6
Norway,"Meat of ducks, fresh or chilled",2015,4092.2
Norway,"Meat of ducks, fresh or chilled",2016,3928.6
Norway,"Meat of ducks, fresh or chilled",2017,3989.5
Norway,"Meat of ducks, fresh or chilled",2018,4057.8
Norway,"Meat of goat, fresh or chilled",2015,856.9
Norway,"Meat of goat, fresh or chilled",2016,638.1
Norway,"Meat of goat, fresh or chilled",2017,546.4
Norway,"Meat of goat, fresh or chilled",2018,638.2
Norway,"Meat of pig with the bone, fresh or chilled",2015,3441.1
Norway,"Meat of pig with the bone, fresh or chilled",2016,3284.5
Norway,"Meat of pig with the bone, fresh or chilled",2017,3157.8
Norway,"Meat of pig with the bone, fresh or chilled",2018,3114.7
Norway,"Meat of rabbits and hares, fresh or chilled",2015,13020.6
Norway,"Meat of rabbits and hares, fresh or chilled",2016,13095.2
Norway,"Meat of rabbits and hares, fresh or chilled",2017,13902.9
Norway,"Meat of rabbits and hares, fresh or chilled",2018,15370.4
Norway,"Meat of sheep, fresh or chilled",2015,6112.2
Norway,"Meat of sheep, fresh or chilled",2016,5303.6
Norway,"Meat of sheep, fresh or chilled",2017,4529.9
Norway,"Meat of sheep, fresh or chilled",2018,4671.4
Norway,"Meat of turkeys, fresh or chilled",2015,3098.9
Norway,"Meat of turkeys, fresh or chilled",2016,3048.8
Norway,"Meat of turkeys, fresh or chilled",2017,3183.2
Norway,"Meat of turkeys, fresh or chilled",2018,3050.7
Norway,Natural honey,2015,14286.7
Norway,Natural honey,2016,16656.0
Norway,Natural honey,2017,17590.2
Norway,Natural honey,2018,17980.9
Norway,Oats,2015,289.3
Norway,Oats,2016,289.3
Norway,Oats,2017,294.6
Norway,Oats,2018,313.3
Norway,"Onions and shallots, green",2015,837.0
Norway,"Onions and shallots, green",2016,798.8
Norway,"Onions and shallots, green",2017,825.7
Norway,"Onions and shallots, green",2018,975.1
Norway,"Other beans, green",2015,530.7
Norway,"Other beans, green",2016,527.4
Norway,"Other beans, green",2017,680.6
Norway,"Other beans, green",2018,727.9
Norway,Other berries and fruits of the genus vaccinium n.e.c.,2016,6209.5
Norway,Other berries and fruits of the genus vaccinium n.e.c.,2017,1975.4
Norway,Other berries and fruits of the genus vaccinium n.e.c.,2018,2009.2
Norway,"Other meat of mammals, fresh or chilled",2015,9955.2
Norway,"Other meat of mammals, fresh or chilled",2016,8357.1
Norway,"Other meat of mammals, fresh or chilled",2017,9122.7
Norway,"Other meat of mammals, fresh or chilled",2018,9607.1
Norway,"Other vegetables, fresh n.e.c.",2015,623.7
Norway,"Other vegetables, fresh n.e.c.",2016,789.3
Norway,"Other vegetables, fresh n.e.c.",2017,805.2
Norway,"Other vegetables, fresh n.e.c.",2018,1029.2
Norway,Pears,2015,1915.9
Norway,Pears,2016,1846.4
Norway,Pears,2017,1911.3
Norway,Pears,2018,2054.7
Norway,"Peas, dry",2015,420.3
Norway,"Peas, dry",2016,418.3
Norway,"Peas, dry",2017,417.6
Norway,"Peas, dry",2018,448.8
Norway,"Peas, green",2015,360.9
Norway,"Peas, green",2016,359.5
Norway,"Peas, green",2017,371.1
Norway,"Peas, green",2018,388.6
Norway,Plums and sloes,2015,3903.7
Norway,Plums and sloes,2016,3777.4
Norway,Plums and sloes,2017,2507.4
Norway,Plums and sloes,2018,2546.6
Norway,Potatoes,2015,349.9
Norway,Potatoes,2016,347.5
Norway,Potatoes,2017,377.3
Norway,Potatoes,2018,387.5
Norway,Rape or colza seed,2015,635.0
Norway,Rape or colza seed,2016,616.1
Norway,Rape or colza seed,2017,605.2
Norway,Rape or colza seed,2018,635.2
Norway,Raspberries,2015,7305.2
Norway,Raspberries,2016,6576.2
Norway,Raspberries,2017,7001.0
Norway,Raspberries,2018,6994.2
Norway,Raw milk of cattle,2015,668.4
Norway,Raw milk of cattle,2016,652.3
Norway,Raw milk of cattle,2017,655.2
Norway,Raw milk of cattle,2018,681.6
Norway,Raw milk of goats,2015,668.0
Norway,Raw milk of goats,2016,652.6
Norway,Raw milk of goats,2017,654.9
Norway,Raw milk of goats,2018,682.1
Norway,Rye,2015,319.8
Norway,Rye,2016,317.5
Norway,Rye,2017,322.9
Norway,Rye,2018,327.7
Norway,"Shorn wool, greasy, including fleece-washed shorn wool",2015,3950.8
Norway,"Shorn wool, greasy, including fleece-washed shorn wool",2016,4047.6
Norway,"Shorn wool, greasy, including fleece-washed shorn wool",2017,3965.3
Norway,"Shorn wool, greasy, including fleece-washed shorn wool",2018,4041.8
Norway,Sour cherries,2015,4830.0
Norway,Sour cherries,2016,4771.4
Norway,Sour cherries,2017,4830.9
Norway,Sour cherries,2018,4918.5
Norway,Strawberries,2015,4827.5
Norway,Strawberries,2016,5469.0
Norway,Strawberries,2017,5904.5
Norway,Strawberries,2018,5896.1
Norway,Tomatoes,2015,2672.3
Norway,Tomatoes,2016,2794.0
Norway,Tomatoes,2017,2531.5
Norway,Tomatoes,2018,3550.0
Norway,Triticale,2015,356.8
Norway,Triticale,2016,327.9
Norway,Triticale,2017,318.7
Norway,Wheat,2015,347.5
Norway,Wheat,2016,364.0
Norway,Wheat,2017,358.3
Norway,Wheat,2018,395.6
Oman,Bananas,2015,501.4
Oman,Bananas,2016,709.5
Oman,Bananas,2017,709.5
Oman,Bananas,2018,709.5
Oman,Barley,2015,148.4
Oman,Barley,2016,213.0
Oman,Barley,2017,213.0
Oman,Barley,2018,213.0
Oman,Cabbages,2015,206.1
Oman,Cabbages,2016,305.8
Oman,Cabbages,2017,305.8
Oman,Cabbages,2018,305.8
Oman,Cantaloupes and other melons,2015,512.1
Oman,Cantaloupes and other melons,2016,410.0
Oman,Cantaloupes and other melons,2017,410.0
Oman,Cantaloupes and other melons,2018,410.0
Oman,Carrots and turnips,2015,412.1
Oman,Carrots and turnips,2016,395.3
Oman,Carrots and turnips,2017,395.3
Oman,Carrots and turnips,2018,395.3
Oman,Cauliflowers and broccoli,2015,381.7
Oman,Cauliflowers and broccoli,2016,623.9
Oman,Cauliflowers and broccoli,2017,623.9
Oman,Cauliflowers and broccoli,2018,623.9
Oman,"Chillies and peppers, green (Capsicum spp. and Pimenta spp.)",2015,557.9
Oman,"Chillies and peppers, green (Capsicum spp. and Pimenta spp.)",2016,652.4
Oman,"Chillies and peppers, green (Capsicum spp. and Pimenta spp.)",2017,652.4
Oman,"Chillies and peppers, green (Capsicum spp. and Pimenta spp.)",2018,652.4
Oman,Cucumbers and gherkins,2015,350.2
Oman,Cucumbers and gherkins,2016,450.5
Oman,Cucumbers and gherkins,2017,450.5
Oman,Cucumbers and gherkins,2018,450.5
Oman,Eggplants (aubergines),2015,284.2
Oman,Eggplants (aubergines),2016,405.8
Oman,Eggplants (aubergines),2017,405.8
Oman,Eggplants (aubergines),2018,405.8
Oman,Green garlic,2015,4968.6
Oman,Green garlic,2016,3029.4
Oman,Green garlic,2017,3029.4
Oman,Green garlic,2018,3029.4
Oman,Lemons and limes,2015,1805.5
Oman,Lemons and limes,2016,1342.7
Oman,Lemons and limes,2017,1342.7
Oman,Lemons and limes,2018,1342.7
Oman,Maize (corn),2015,231.4
Oman,Maize (corn),2016,557.9
Oman,Maize (corn),2017,557.9
Oman,Maize (corn),2018,557.9
Oman,"Mangoes, guavas and mangosteens",2015,1732.4
Oman,"Mangoes, guavas and mangosteens",2016,1709.5
Oman,"Mangoes, guavas and mangosteens",2017,1709.5
Oman,"Mangoes, guavas and mangosteens",2018,1709.5
Oman,Oats,2015,789.4
Oman,Oats,2016,234.9
Oman,Oats,2017,234.9
Oman,Oats,2018,234.9
Oman,Okra,2015,682.1
Oman,Okra,2016,997.1
Oman,Okra,2017,997.1
Oman,Okra,2018,997.1
Oman,"Onions and shallots, dry (excluding dehydrated)",2015,627.0
Oman,"Onions and shallots, dry (excluding dehydrated)",2016,520.4
Oman,"Onions and shallots, dry (excluding dehydrated)",2017,520.4
Oman,"Onions and shallots, dry (excluding dehydrated)",2018,520.4
Oman,Papayas,2015,989.8
Oman,Papayas,2016,517.1
Oman,Papayas,2017,517.1
Oman,Papayas,2018,517.1
Oman,Potatoes,2015,358.4
Oman,Potatoes,2016,361.2
Oman,Potatoes,2017,361.2
Oman,Potatoes,2018,361.2
Oman,"Pumpkins, squash and gourds",2015,290.4
Oman,"Pumpkins, squash and gourds",2016,299.7
Oman,"Pumpkins, squash and gourds",2017,299.7
Oman,"Pumpkins, squash and gourds",2018,299.7
Oman,Sorghum,2015,130.0
Oman,Sorghum,2017,130.0
Oman,Sorghum,2018,130.0
Oman,Sugar cane,2016,96.2
Oman,Sugar cane,2017,96.2
Oman,Sugar cane,2018,96.2
Oman,Tomatoes,2015,259.3
Oman,Tomatoes,2016,328.8
Oman,Tomatoes,2017,328.8
Oman,Tomatoes,2018,328.8
Oman,Watermelons,2015,290.9
Oman,Watermelons,2016,298.8
Oman,Watermelons,2017,298.8
Oman,Watermelons,2018,298.8
Oman,Wheat,2015,1130.2
Oman,Wheat,2016,929.8
Oman,Wheat,2017,929.8
Oman,Wheat,2018,929.8
Pakistan,Rice,2015,340.3
Pakistan,Rice,2016,192.8
Pakistan,"Seed cotton, unginned",2015,582.9
Pakistan,"Seed cotton, unginned",2016,668.1
Pakistan,Sugar cane,2015,40.1
Pakistan,Sugar cane,2016,39.4
Pakistan,Wheat,2015,287.3
Pakistan,Wheat,2016,286.3
Palestine,"Almonds, in shell",2015,11856.3
Palestine,"Almonds, in shell",2016,9911.1
Palestine,"Almonds, in shell",2017,11559.0
Palestine,"Almonds, in shell",2018,11495.3
Palestine,"Anise, badian, coriander, cumin, caraway, fennel and juniper berries, raw",2015,5488.6
Palestine,"Anise, badian, coriander, cumin, caraway, fennel and juniper berries, raw",2016,5402.0
Palestine,"Anise, badian, coriander, cumin, caraway, fennel and juniper berries, raw",2017,5785.4
Palestine,"Anise, badian, coriander, cumin, caraway, fennel and juniper berries, raw",2018,5504.9
Palestine,Apples,2015,1157.3
Palestine,Apples,2016,1104.9
Palestine,Apples,2017,1187.7
Palestine,Apples,2018,1311.1
Palestine,Apricots,2015,1733.8
Palestine,Apricots,2016,2173.6
Palestine,Apricots,2017,2694.8
Palestine,Apricots,2018,2476.8
Palestine,Avocados,2015,1835.6
Palestine,Avocados,2016,2062.6
Palestine,Avocados,2017,2049.6
Palestine,Avocados,2018,2355.6
Palestine,Bananas,2015,973.6
Palestine,Bananas,2016,925.3
Palestine,Bananas,2017,1203.5
Palestine,Bananas,2018,913.2
Palestine,Barley,2015,643.8
Palestine,Barley,2016,685.4
Palestine,Barley,2017,718.0
Palestine,Barley,2018,671.0
Palestine,"Broad beans and horse beans, dry",2015,1691.6
Palestine,"Broad beans and horse beans, dry",2016,1732.0
Palestine,"Broad beans and horse beans, dry",2017,1839.9
Palestine,"Broad beans and horse beans, dry",2018,1873.2
Palestine,"Broad beans and horse beans, green",2015,1516.7
Palestine,"Broad beans and horse beans, green",2016,1914.4
Palestine,"Broad beans and horse beans, green",2017,1662.5
Palestine,"Broad beans and horse beans, green",2018,1650.6
Palestine,Cabbages,2015,630.4
Palestine,Cabbages,2016,528.1
Palestine,Cabbages,2017,587.4
Palestine,Cabbages,2018,623.5
Palestine,Cantaloupes and other melons,2015,567.1
Palestine,Cantaloupes and other melons,2016,538.4
Palestine,Cantaloupes and other melons,2017,616.5
Palestine,Cantaloupes and other melons,2018,613.6
Palestine,Carrots and turnips,2015,481.2
Palestine,Carrots and turnips,2016,516.0
Palestine,Carrots and turnips,2017,698.3
Palestine,Carrots and turnips,2018,730.3
Palestine,Cauliflowers and broccoli,2015,872.9
Palestine,Cauliflowers and broccoli,2016,750.4
Palestine,Cauliflowers and broccoli,2017,615.9
Palestine,Cauliflowers and broccoli,2018,723.9
Palestine,Cherries,2015,2040.4
Palestine,Cherries,2016,2354.9
Palestine,Cherries,2017,2513.4
Palestine,Cherries,2018,3678.4
Palestine,"Chick peas, dry",2015,1964.6
Palestine,"Chick peas, dry",2016,1990.0
Palestine,"Chick peas, dry",2017,2091.1
Palestine,"Chick peas, dry",2018,1871.9
Palestine,"Chillies and peppers, green (Capsicum spp. and Pimenta spp.)",2015,1039.4
Palestine,"Chillies and peppers, green (Capsicum spp. and Pimenta spp.)",2016,830.6
Palestine,"Chillies and peppers, green (Capsicum spp. and Pimenta spp.)",2017,1063.9
Palestine,"Chillies and peppers, green (Capsicum spp. and Pimenta spp.)",2018,925.0
Palestine,Cucumbers and gherkins,2015,747.7
Palestine,Cucumbers and gherkins,2016,695.8
Palestine,Cucumbers and gherkins,2017,740.3
Palestine,Cucumbers and gherkins,2018,715.5
Palestine,Eggplants (aubergines),2015,700.5
Palestine,Eggplants (aubergines),2016,576.5
Palestine,Eggplants (aubergines),2017,639.4
Palestine,Eggplants (aubergines),2018,642.1
Palestine,Figs,2015,1326.1
Palestine,Figs,2016,1890.1
Palestine,Figs,2017,2271.5
Palestine,Figs,2018,2020.4
Palestine,Grapes,2015,1299.6
Palestine,Grapes,2016,1284.3
Palestine,Grapes,2017,1365.4
Palestine,Grapes,2018,1550.4
Palestine,Green corn (maize),2015,838.4
Palestine,Green corn (maize),2016,769.7
Palestine,Green corn (maize),2017,858.7
Palestine,Green corn (maize),2018,797.5
Palestine,Green garlic,2015,2961.8
Palestine,Green garlic,2016,3547.6
Palestine,Green garlic,2017,4185.7
Palestine,Green garlic,2018,3242.3
Palestine,"Groundnuts, excluding shelled",2015,3387.5
Palestine,"Groundnuts, excluding shelled",2016,3645.3
Palestine,"Groundnuts, excluding shelled",2017,3931.0
Palestine,"Groundnuts, excluding shelled",2018,3908.4
Palestine,"Hen eggs in shell, fresh",2015,1723.1
Palestine,"Hen eggs in shell, fresh",2016,1366.9
Palestine,"Hen eggs in shell, fresh",2017,1561.0
Palestine,"Hen eggs in shell, fresh",2018,1742.7
Palestine,Lemons and limes,2015,841.7
Palestine,Lemons and limes,2016,731.7
Palestine,Lemons and limes,2017,757.8
Palestine,Lemons and limes,2018,740.7
Palestine,"Lentils, dry",2015,2129.0
Palestine,"Lentils, dry",2016,2205.8
Palestine,"Lentils, dry",2017,2404.3
Palestine,"Lentils, dry",2018,2273.3
Palestine,Lettuce and chicory,2015,738.6
Palestine,Lettuce and chicory,2016,580.2
Palestine,Lettuce and chicory,2017,677.1
Palestine,Lettuce and chicory,2018,688.1
Palestine,Maize (corn),2015,1046.3
Palestine,Maize (corn),2016,1106.6
Palestine,Maize (corn),2017,1106.6
Palestine,Maize (corn),2018,1139.6
Palestine,"Mangoes, guavas and mangosteens",2015,1569.0
Palestine,"Mangoes, guavas and mangosteens",2016,1412.9
Palestine,"Mangoes, guavas and mangosteens",2017,1179.3
Palestine,"Mangoes, guavas and mangosteens",2018,1225.7
Palestine,"Meat of cattle with the bone, fresh or chilled",2015,13737.6
Palestine,"Meat of cattle with the bone, fresh or chilled",2016,13208.2
Palestine,"Meat of cattle with the bone, fresh or chilled",2017,12122.0
Palestine,"Meat of cattle with the bone, fresh or chilled",2018,13050.0
Palestine,"Meat of cattle with the bone, fresh or chilled (biological)",2015,5515.6
Palestine,"Meat of cattle with the bone, fresh or chilled (biological)",2016,4777.1
Palestine,"Meat of cattle with the bone, fresh or chilled (biological)",2017,4488.2
Palestine,"Meat of cattle with the bone, fresh or chilled (biological)",2018,4902.1
Palestine,"Meat of chickens, fresh or chilled",2015,3732.4
Palestine,"Meat of chickens, fresh or chilled",2016,3426.2
Palestine,"Meat of chickens, fresh or chilled",2017,3589.5
Palestine,"Meat of chickens, fresh or chilled",2018,3466.5
Palestine,"Meat of chickens, fresh or chilled (biological)",2015,2779.7
Palestine,"Meat of chickens, fresh or chilled (biological)",2016,2355.6
Palestine,"Meat of chickens, fresh or chilled (biological)",2017,2498.5
Palestine,"Meat of chickens, fresh or chilled (biological)",2018,2498.9
Palestine,"Meat of goat, fresh or chilled (biological)",2015,7874.4
Palestine,"Meat of goat, fresh or chilled (biological)",2016,8604.6
Palestine,"Meat of goat, fresh or chilled (biological)",2017,8273.2
Palestine,"Meat of goat, fresh or chilled (biological)",2018,8760.6
Palestine,"Meat of sheep, fresh or chilled",2015,17507.4
Palestine,"Meat of sheep, fresh or chilled",2016,19242.0
Palestine,"Meat of sheep, fresh or chilled",2017,19608.4
Palestine,"Meat of sheep, fresh or chilled",2018,19795.4
Palestine,"Meat of sheep, fresh or chilled (biological)",2015,8107.8
Palestine,"Meat of sheep, fresh or chilled (biological)",2016,8878.1
Palestine,"Meat of sheep, fresh or chilled (biological)",2017,8619.0
Palestine,"Meat of sheep, fresh or chilled (biological)",2018,8960.0
Palestine,Natural honey,2015,16529.0
Palestine,Natural honey,2016,17100.7
Palestine,Natural honey,2017,18763.8
Palestine,Natural honey,2018,19680.1
Palestine,Okra,2015,3370.1
Palestine,Okra,2016,3687.2
Palestine,Okra,2017,4478.9
Palestine,Okra,2018,3837.4
Palestine,Olives,2015,1620.7
Palestine,Olives,2016,1761.7
Palestine,Olives,2017,2147.7
Palestine,Olives,2018,2015.4
Palestine,"Onions and shallots, dry (excluding dehydrated)",2015,485.2
Palestine,"Onions and shallots, dry (excluding dehydrated)",2016,556.7
Palestine,"Onions and shallots, dry (excluding dehydrated)",2017,499.0
Palestine,"Onions and shallots, dry (excluding dehydrated)",2018,660.4
Palestine,"Onions and shallots, green",2015,1328.4
Palestine,"Onions and shallots, green",2016,1360.1
Palestine,"Onions and shallots, green",2017,1455.0
Palestine,"Onions and shallots, green",2018,1726.4
Palestine,Oranges,2015,486.5
Palestine,Oranges,2016,645.8
Palestine,Oranges,2017,722.7
Palestine,Oranges,2018,713.2
Palestine,"Other beans, green",2015,2002.7
Palestine,"Other beans, green",2016,1996.9
Palestine,"Other beans, green",2017,2102.3
Palestine,"Other beans, green",2018,1840.5
Palestine,Peaches and nectarines,2015,1293.2
Palestine,Peaches and nectarines,2016,1039.1
Palestine,Peaches and nectarines,2017,1076.4
Palestine,Peaches and nectarines,2018,1270.2
Palestine,Pears,2015,1327.7
Palestine,Pears,2016,1144.6
Palestine,Pears,2017,1357.4
Palestine,Pears,2018,1308.7
Palestine,"Peas, dry",2015,766.3
Palestine,"Peas, dry",2016,800.7
Palestine,"Peas, dry",2017,812.6
Palestine,"Peas, dry",2018,740.4
Palestine,"Peas, green",2015,1287.6
Palestine,"Peas, green",2016,1654.9
Palestine,"Peas, green",2017,1810.6
Palestine,"Peas, green",2018,1385.6
Palestine,"Pepper (Piper spp.), raw",2015,10720.0
Palestine,"Pepper (Piper spp.), raw",2016,11460.3
Palestine,"Pepper (Piper spp.), raw",2017,9394.7
Palestine,"Pepper (Piper spp.), raw",2018,6850.0
Palestine,Plums and sloes,2015,1049.4
Palestine,Plums and sloes,2016,957.4
Palestine,Plums and sloes,2017,1026.2
Palestine,Plums and sloes,2018,1264.5
Palestine,Pomelos and grapefruits,2015,562.3
Palestine,Pomelos and grapefruits,2016,571.6
Palestine,Pomelos and grapefruits,2017,747.4
Palestine,Pomelos and grapefruits,2018,714.3
Palestine,Potatoes,2015,480.7
Palestine,Potatoes,2016,530.0
Palestine,Potatoes,2017,539.7
Palestine,Potatoes,2018,546.3
Palestine,"Pumpkins, squash and gourds",2015,1014.1
Palestine,"Pumpkins, squash and gourds",2016,1093.0
Palestine,"Pumpkins, squash and gourds",2017,1195.4
Palestine,"Pumpkins, squash and gourds",2018,1223.7
Palestine,Quinces,2015,1441.8
Palestine,Quinces,2016,1289.7
Palestine,Quinces,2017,1344.6
Palestine,Quinces,2018,1408.8
Palestine,Raw milk of cattle,2015,753.3
Palestine,Raw milk of cattle,2016,797.4
Palestine,Raw milk of cattle,2017,902.3
Palestine,Raw milk of cattle,2018,882.2
Palestine,Raw milk of goats,2015,1173.8
Palestine,Raw milk of goats,2016,1164.4
Palestine,Raw milk of goats,2017,1286.0
Palestine,Raw milk of goats,2018,1253.2
Palestine,Raw milk of sheep,2015,1228.1
Palestine,Raw milk of sheep,2016,1178.9
Palestine,Raw milk of sheep,2017,1277.5
Palestine,Raw milk of sheep,2018,1244.6
Palestine,Sesame seed,2015,6698.2
Palestine,Sesame seed,2016,4929.7
Palestine,Sesame seed,2017,4665.4
Palestine,Sesame seed,2018,4058.4
Palestine,Sorghum,2015,1084.9
Palestine,Sorghum,2016,1121.8
Palestine,Sorghum,2017,1301.1
Palestine,Sorghum,2018,1039.8
Palestine,Spinach,2015,1058.1
Palestine,Spinach,2016,818.6
Palestine,Spinach,2017,831.0
Palestine,Spinach,2018,974.9
Palestine,Strawberries,2015,1974.0
Palestine,Strawberries,2016,1416.1
Palestine,Strawberries,2017,1580.5
Palestine,Strawberries,2018,1965.0
Palestine,Sunflower seed,2015,1558.9
Palestine,Sunflower seed,2016,1258.1
Palestine,Sunflower seed,2017,1585.0
Palestine,Sunflower seed,2018,1447.9
Palestine,Tomatoes,2015,805.5
Palestine,Tomatoes,2016,683.1
Palestine,Tomatoes,2017,783.9
Palestine,Tomatoes,2018,768.7
Palestine,Vetches,2015,1432.9
Palestine,Vetches,2016,1540.4
Palestine,Vetches,2017,1625.7
Palestine,Vetches,2018,1655.7
Palestine,"Walnuts, in shell",2015,10234.0
Palestine,"Walnuts, in shell",2016,9996.2
Palestine,"Walnuts, in shell",2017,10872.3
Palestine,"Walnuts, in shell",2018,10040.8
Palestine,Watermelons,2015,391.3
Palestine,Watermelons,2016,452.6
Palestine,Watermelons,2017,482.8
Palestine,Watermelons,2018,588.0
Palestine,Wheat,2015,591.6
Palestine,Wheat,2016,579.7
Palestine,Wheat,2017,600.6
Palestine,Wheat,2018,649.2
Panama,Bananas,2015,136.9
Panama,Bananas,2016,93.1
Panama,Bananas,2017,116.7
Panama,Bananas,2018,355.3
Panama,"Beans, dry",2015,1605.4
Panama,"Beans, dry",2016,1183.6
Panama,"Beans, dry",2017,1531.8
Panama,"Beans, dry",2018,1382.7
Panama,Cabbages,2015,1080.3
Panama,Cabbages,2016,1014.1
Panama,Cabbages,2017,881.0
Panama,Cabbages,2018,792.0
Panama,Carrots and turnips,2015,1256.6
Panama,Carrots and turnips,2016,948.0
Panama,Carrots and turnips,2017,771.6
Panama,Carrots and turnips,2018,748.0
Panama,"Cassava, fresh",2015,535.5
Panama,"Cassava, fresh",2016,531.1
Panama,"Cassava, fresh",2017,394.8
Panama,"Cassava, fresh",2018,315.7
Panama,"Chillies and peppers, green (Capsicum spp. and Pimenta spp.)",2015,1477.1
Panama,"Chillies and peppers, green (Capsicum spp. and Pimenta spp.)",2016,1587.3
Panama,"Chillies and peppers, green (Capsicum spp. and Pimenta spp.)",2017,1058.2
Panama,"Chillies and peppers, green (Capsicum spp. and Pimenta spp.)",2018,1254.0
Panama,"Coconuts, in shell",2015,470.6
Panama,"Coconuts, in shell",2016,768.5
Panama,"Coconuts, in shell",2017,486.8
Panama,"Coconuts, in shell",2018,99.1
Panama,"Coffee, green",2015,2880.9
Panama,"Coffee, green",2016,4658.7
Panama,"Coffee, green",2017,4106.0
Panama,"Coffee, green",2018,4180.0
Panama,Cucumbers and gherkins,2015,683.4
Panama,Cucumbers and gherkins,2016,705.5
Panama,Cucumbers and gherkins,2017,507.1
Panama,Cucumbers and gherkins,2018,550.0
Panama,"Hen eggs in shell, fresh",2015,3407.7
Panama,"Hen eggs in shell, fresh",2016,3720.2
Panama,"Hen eggs in shell, fresh",2017,3080.4
Panama,"Hen eggs in shell, fresh",2018,2704.5
Panama,Lettuce and chicory,2015,1653.4
Panama,Lettuce and chicory,2016,1653.4
Panama,Lettuce and chicory,2017,881.8
Panama,Lettuce and chicory,2018,902.0
Panama,Maize (corn),2015,603.6
Panama,Maize (corn),2016,560.6
Panama,Maize (corn),2017,441.8
Panama,Maize (corn),2018,392.0
Panama,"Meat of chickens, fresh or chilled (biological)",2015,5665.8
Panama,"Meat of chickens, fresh or chilled (biological)",2016,5555.6
Panama,"Meat of chickens, fresh or chilled (biological)",2017,5048.5
Panama,"Meat of chickens, fresh or chilled (biological)",2018,5016.0
Panama,"Meat of ducks, fresh or chilled (biological)",2015,3858.0
Panama,"Meat of ducks, fresh or chilled (biological)",2016,4828.0
Panama,"Meat of ducks, fresh or chilled (biological)",2017,4409.2
Panama,"Meat of ducks, fresh or chilled (biological)",2018,4400.0
Panama,"Onions and shallots, dry (excluding dehydrated)",2015,948.0
Panama,"Onions and shallots, dry (excluding dehydrated)",2016,1080.3
Panama,"Onions and shallots, dry (excluding dehydrated)",2017,837.7
Panama,"Onions and shallots, dry (excluding dehydrated)",2018,814.0
Panama,Oranges,2015,313.9
Panama,Oranges,2016,355.0
Panama,Oranges,2017,162.8
Panama,Oranges,2018,145.6
Panama,Papayas,2015,564.4
Panama,Papayas,2016,579.8
Panama,Papayas,2017,626.1
Panama,Papayas,2018,433.4
Panama,Pineapples,2015,582.0
Panama,Pineapples,2016,652.6
Panama,Pineapples,2017,573.2
Panama,Pineapples,2018,400.4
Panama,Plantains and cooking bananas,2015,496.1
Panama,Plantains and cooking bananas,2016,534.7
Panama,Plantains and cooking bananas,2017,445.4
Panama,Plantains and cooking bananas,2018,336.2
Panama,Potatoes,2015,1212.5
Panama,Potatoes,2016,992.1
Panama,Potatoes,2017,893.7
Panama,Potatoes,2018,761.2
Panama,Raw milk of cattle,2015,990.8
Panama,Raw milk of cattle,2016,641.3
Panama,Raw milk of cattle,2017,513.0
Panama,Raw milk of cattle,2018,530.5
Panama,Rice,2015,548.5
Panama,Rice,2016,558.6
Panama,Rice,2017,541.5
Panama,Rice,2018,524.9
Panama,Tomatoes,2015,1499.1
Panama,Tomatoes,2016,1300.7
Panama,Tomatoes,2017,1410.9
Panama,Tomatoes,2018,1100.0
Panama,Yams,2015,1390.4
Panama,Yams,2016,1118.8
Panama,Yams,2017,1288.6
Panama,Yams,2018,1049.8
Panama,Yautia,2015,1182.1
Panama,Yautia,2016,1317.7
Panama,Yautia,2017,1153.0
Paraguay,Avocados,2016,447.8
Paraguay,Avocados,2017,173.8
Paraguay,Avocados,2018,282.3
Paraguay,Bananas,2016,367.1
Paraguay,Bananas,2017,439.6
Paraguay,Bananas,2018,443.0
Paraguay,Cantaloupes and other melons,2016,234.3
Paraguay,Cantaloupes and other melons,2017,218.1
Paraguay,Cantaloupes and other melons,2018,247.3
Paraguay,Carrots and turnips,2016,476.0
Paraguay,Carrots and turnips,2017,472.2
Paraguay,Carrots and turnips,2018,399.5
Paraguay,"Cassava, fresh",2015,38.4
Paraguay,"Cassava, fresh",2016,47.1
Paraguay,"Cassava, fresh",2017,89.0
Paraguay,"Cassava, fresh",2018,99.8
Paraguay,Castor oil seeds,2015,221.9
Paraguay,Castor oil seeds,2016,191.0
Paraguay,Castor oil seeds,2017,261.6
Paraguay,Castor oil seeds,2018,176.7
Paraguay,"Cotton lint, ginned",2016,1199.2
Paraguay,"Cotton lint, ginned",2017,1744.1
Paraguay,"Cotton lint, ginned",2018,1657.3
Paraguay,Grapes,2017,935.1
Paraguay,Grapes,2018,1112.3
Paraguay,Lemons and limes,2016,731.5
Paraguay,Lemons and limes,2017,762.8
Paraguay,Lemons and limes,2018,944.6
Paraguay,Maize (corn),2015,160.6
Paraguay,Maize (corn),2016,121.5
Paraguay,Maize (corn),2017,103.9
Paraguay,Maize (corn),2018,131.7
Paraguay,Maté leaves,2015,345.8
Paraguay,Maté leaves,2016,317.4
Paraguay,Maté leaves,2017,284.8
Paraguay,Maté leaves,2018,314.0
Paraguay,Natural honey,2015,4117.0
Paraguay,Natural honey,2016,5290.5
Paraguay,Natural honey,2017,6228.9
Paraguay,Natural honey,2018,6978.2
Paraguay,"Onions and shallots, green",2016,360.8
Paraguay,"Onions and shallots, green",2017,396.0
Paraguay,"Onions and shallots, green",2018,405.6
Paraguay,Oranges,2016,356.2
Paraguay,Oranges,2017,385.3
Paraguay,Oranges,2018,451.4
Paraguay,Papayas,2016,351.5
Paraguay,Papayas,2017,369.8
Paraguay,Papayas,2018,333.7
Paraguay,Peaches and nectarines,2016,1069.5
Paraguay,Peaches and nectarines,2017,926.7
Paraguay,Peaches and nectarines,2018,814.3
Paraguay,Pineapples,2016,312.9
Paraguay,Pineapples,2017,290.8
Paraguay,Pineapples,2018,302.2
Paraguay,Pomelos and grapefruits,2016,161.8
Paraguay,Pomelos and grapefruits,2017,159.5
Paraguay,Pomelos and grapefruits,2018,169.7
Paraguay,Potatoes,2016,477.7
Paraguay,Potatoes,2017,535.0
Paraguay,Potatoes,2018,504.2
Paraguay,Rape or colza seed,2015,304.9
Paraguay,Rape or colza seed,2016,263.8
Paraguay,Rape or colza seed,2017,315.7
Paraguay,Rape or colza seed,2018,299.5
Paraguay,Rice,2015,176.8
Paraguay,Rice,2016,194.0
Paraguay,Rice,2017,213.6
Paraguay,Rice,2018,200.6
Paraguay,"Seed cotton, unginned",2015,373.1
Paraguay,"Seed cotton, unginned",2016,388.0
Paraguay,"Seed cotton, unginned",2017,480.5
Paraguay,"Seed cotton, unginned",2018,459.3
Paraguay,Sesame seed,2015,960.6
Paraguay,Sesame seed,2016,705.4
Paraguay,Sesame seed,2017,978.8
Paraguay,Sesame seed,2018,1209.5
Paraguay,Sorghum,2017,84.4
Paraguay,Sorghum,2018,110.4
Paraguay,Soya beans,2015,322.4
Paraguay,Soya beans,2016,329.4
Paraguay,Soya beans,2017,306.5
Paraguay,Soya beans,2018,300.1
Paraguay,Strawberries,2016,2627.1
Paraguay,Strawberries,2017,2892.9
Paraguay,Strawberries,2018,3065.7
Paraguay,Sugar cane,2015,23.1
Paraguay,Sugar cane,2016,21.2
Paraguay,Sugar cane,2017,24.9
Paraguay,Sugar cane,2018,31.4
Paraguay,Sweet potatoes,2016,255.1
Paraguay,Sweet potatoes,2017,262.6
Paraguay,Sweet potatoes,2018,244.3
Paraguay,"Tangerines, mandarins, clementines",2016,51.7
Paraguay,"Tangerines, mandarins, clementines",2017,55.8
Paraguay,"Tangerines, mandarins, clementines",2018,49.8
Paraguay,Tomatoes,2016,750.5
Paraguay,Tomatoes,2017,865.6
Paraguay,Tomatoes,2018,826.0
Paraguay,Tung nuts,2015,105.7
Paraguay,Tung nuts,2016,114.6
Paraguay,Tung nuts,2017,158.0
Paraguay,Tung nuts,2018,173.9
Paraguay,Wheat,2015,131.6
Paraguay,Wheat,2016,119.6
Paraguay,Wheat,2017,188.3
Paraguay,Wheat,2018,170.1
Peru,"Anise, badian, coriander, cumin, caraway, fennel and juniper berries, raw",2015,3250.2
Peru,"Anise, badian, coriander, cumin, caraway, fennel and juniper berries, raw",2016,2413.0
Peru,"Anise, badian, coriander, cumin, caraway, fennel and juniper berries, raw",2017,2931.5
Peru,"Anise, badian, coriander, cumin, caraway, fennel and juniper berries, raw",2018,3305.9
Peru,Apples,2015,240.9
Peru,Apples,2016,248.9
Peru,Apples,2017,266.8
Peru,Apples,2018,253.3
Peru,Apricots,2015,2155.5
Peru,Apricots,2016,2325.3
Peru,Apricots,2017,2830.8
Peru,Apricots,2018,2621.6
Peru,Artichokes,2015,520.7
Peru,Artichokes,2016,670.5
Peru,Artichokes,2017,723.8
Peru,Artichokes,2018,804.7
Peru,Asparagus,2015,1182.0
Peru,Asparagus,2016,1242.9
Peru,Asparagus,2017,1257.5
Peru,Asparagus,2018,1014.8
Peru,Avocados,2015,706.2
Peru,Avocados,2016,775.7
Peru,Avocados,2017,1018.3
Peru,Avocados,2018,1027.7
Peru,Barley,2015,383.7
Peru,Barley,2016,367.4
Peru,Barley,2017,398.7
Peru,Barley,2018,394.6
Peru,"Beans, dry",2015,1050.7
Peru,"Beans, dry",2016,1053.0
Peru,"Beans, dry",2017,1104.1
Peru,"Beans, dry",2018,1053.4
Peru,"Broad beans and horse beans, dry",2015,602.9
Peru,"Broad beans and horse beans, dry",2016,609.5
Peru,"Broad beans and horse beans, dry",2017,705.4
Peru,"Broad beans and horse beans, dry",2018,679.2
Peru,"Broad beans and horse beans, green",2015,295.5
Peru,"Broad beans and horse beans, green",2016,315.3
Peru,"Broad beans and horse beans, green",2017,312.8
Peru,"Broad beans and horse beans, green",2018,323.6
Peru,Cabbages,2015,232.7
Peru,Cabbages,2016,229.0
Peru,Cabbages,2017,242.3
Peru,Cabbages,2018,213.4
Peru,Cantaloupes and other melons,2015,223.9
Peru,Cantaloupes and other melons,2016,234.7
Peru,Cantaloupes and other melons,2017,291.4
Peru,Cantaloupes and other melons,2018,230.4
Peru,Carrots and turnips,2015,213.9
Peru,Carrots and turnips,2016,230.8
Peru,Carrots and turnips,2017,243.8
Peru,Carrots and turnips,2018,241.0
Peru,"Cashew nuts, in shell",2015,185.9
Peru,"Cashew nuts, in shell",2016,186.4
Peru,"Cashew nuts, in shell",2017,196.3
Peru,"Cashew nuts, in shell",2018,189.7
Peru,"Cassava, fresh",2015,186.8
Peru,"Cassava, fresh",2016,183.4
Peru,"Cassava, fresh",2017,193.2
Peru,"Cassava, fresh",2018,199.7
Peru,Cauliflowers and broccoli,2015,294.4
Peru,Cauliflowers and broccoli,2016,315.8
Peru,Cauliflowers and broccoli,2017,371.2
Peru,Cauliflowers and broccoli,2018,312.1
Peru,Cherries,2015,661.3
Peru,Cherries,2016,664.9
Peru,Cherries,2017,846.4
Peru,Cherries,2018,940.1
Peru,"Chestnuts, in shell",2018,189.7
Peru,"Chick peas, dry",2015,1256.7
Peru,"Chick peas, dry",2016,1289.2
Peru,"Chick peas, dry",2017,1499.8
Peru,"Chick peas, dry",2018,1391.0
Peru,"Chillies and peppers, green (Capsicum spp. and Pimenta spp.)",2015,755.7
Peru,"Chillies and peppers, green (Capsicum spp. and Pimenta spp.)",2016,673.5
Peru,"Chillies and peppers, green (Capsicum spp. and Pimenta spp.)",2017,702.6
Peru,"Chillies and peppers, green (Capsicum spp. and Pimenta spp.)",2018,810.5
Peru,Cocoa beans,2015,2308.1
Peru,Cocoa beans,2016,2352.5
Peru,Cocoa beans,2017,1680.7
Peru,Cocoa beans,2018,1842.9
Peru,"Coconuts, in shell",2015,117.1
Peru,"Coconuts, in shell",2016,121.5
Peru,"Coconuts, in shell",2017,138.0
Peru,"Coconuts, in shell",2018,143.3
Peru,"Coffee, green",2015,2007.3
Peru,"Coffee, green",2016,1662.2
Peru,"Coffee, green",2017,1812.6
Peru,"Coffee, green",2018,1678.8
Peru,"Cow peas, dry",2015,657.9
Peru,"Cow peas, dry",2016,556.4
Peru,"Cow peas, dry",2017,499.9
Peru,"Cow peas, dry",2018,565.5
Peru,Cucumbers and gherkins,2015,212.1
Peru,Cucumbers and gherkins,2016,214.2
Peru,Cucumbers and gherkins,2017,253.1
Peru,Cucumbers and gherkins,2018,253.1
Peru,Dates,2015,379.0
Peru,Dates,2016,445.0
Peru,Dates,2017,553.7
Peru,Dates,2018,632.5
Peru,Eggplants (aubergines),2015,382.2
Peru,Eggplants (aubergines),2016,365.3
Peru,Eggplants (aubergines),2017,394.9
Peru,Eggplants (aubergines),2018,524.4
Peru,Figs,2015,541.4
Peru,Figs,2016,650.7
Peru,Figs,2017,699.3
Peru,Figs,2018,692.4
Peru,Grapes,2015,750.8
Peru,Grapes,2016,712.6
Peru,Grapes,2017,708.5
Peru,Grapes,2018,745.4
Peru,Green corn (maize),2015,326.6
Peru,Green corn (maize),2016,321.2
Peru,Green corn (maize),2017,346.6
Peru,Green corn (maize),2018,329.1
Peru,Green garlic,2015,848.5
Peru,Green garlic,2016,1151.7
Peru,Green garlic,2017,929.3
Peru,Green garlic,2018,508.0
Peru,"Groundnuts, excluding shelled",2015,1160.6
Peru,"Groundnuts, excluding shelled",2016,1088.0
Peru,"Groundnuts, excluding shelled",2017,960.1
Peru,"Groundnuts, excluding shelled",2018,952.3
Peru,"Hen eggs in shell, fresh",2015,1463.6
Peru,"Hen eggs in shell, fresh",2016,1398.1
Peru,"Hen eggs in shell, fresh",2017,1457.8
Peru,"Hen eggs in shell, fresh",2018,1420.4
Peru,Leeks and other alliaceous vegetables,2015,222.6
Peru,Leeks and other alliaceous vegetables,2016,247.4
Peru,Leeks and other alliaceous vegetables,2017,267.8
Peru,Leeks and other alliaceous vegetables,2018,251.8
Peru,Lemons and limes,2015,288.6
Peru,Lemons and limes,2016,249.2
Peru,Lemons and limes,2017,172.3
Peru,Lemons and limes,2018,268.5
Peru,"Lentils, dry",2015,938.3
Peru,"Lentils, dry",2016,1118.8
Peru,"Lentils, dry",2017,1285.1
Peru,"Lentils, dry",2018,1083.6
Peru,Lettuce and chicory,2015,230.8
Peru,Lettuce and chicory,2016,247.1
Peru,Lettuce and chicory,2017,239.2
Peru,Lettuce and chicory,2018,221.5
Peru,Linseed,2015,1439.2
Peru,Linseed,2016,1644.1
Peru,Linseed,2017,1730.5
Peru,Linseed,2018,1174.2
Peru,Lupins,2015,1190.2
Peru,Lupins,2016,1072.9
Peru,Lupins,2017,1055.1
Peru,Lupins,2018,1035.7
Peru,Maize (corn),2015,478.1
Peru,Maize (corn),2016,493.3
Peru,Maize (corn),2017,526.0
Peru,Maize (corn),2018,542.2
Peru,"Mangoes, guavas and mangosteens",2015,239.3
Peru,"Mangoes, guavas and mangosteens",2016,171.8
Peru,"Mangoes, guavas and mangosteens",2017,189.5
Peru,"Mangoes, guavas and mangosteens",2018,189.0
Peru,"Meat of cattle with the bone, fresh or chilled (biological)",2015,1700.2
Peru,"Meat of cattle with the bone, fresh or chilled (biological)",2016,1615.1
Peru,"Meat of cattle with the bone, fresh or chilled (biological)",2017,1696.7
Peru,"Meat of cattle with the bone, fresh or chilled (biological)",2018,1714.7
Peru,"Meat of chickens, fresh or chilled (biological)",2015,1514.5
Peru,"Meat of chickens, fresh or chilled (biological)",2016,1434.7
Peru,"Meat of chickens, fresh or chilled (biological)",2017,1483.3
Peru,"Meat of chickens, fresh or chilled (biological)",2018,1479.2
Peru,"Meat of goat, fresh or chilled (biological)",2015,1344.0
Peru,"Meat of goat, fresh or chilled (biological)",2016,1381.7
Peru,"Meat of goat, fresh or chilled (biological)",2017,1453.7
Peru,"Meat of goat, fresh or chilled (biological)",2018,1456.2
Peru,"Meat of pig with the bone, fresh or chilled (biological)",2015,2015.3
Peru,"Meat of pig with the bone, fresh or chilled (biological)",2016,2006.7
Peru,"Meat of pig with the bone, fresh or chilled (biological)",2017,2135.8
Peru,"Meat of pig with the bone, fresh or chilled (biological)",2018,2140.9
Peru,"Meat of sheep, fresh or chilled (biological)",2015,1795.8
Peru,"Meat of sheep, fresh or chilled (biological)",2016,1747.2
Peru,"Meat of sheep, fresh or chilled (biological)",2017,1716.7
Peru,"Meat of sheep, fresh or chilled (biological)",2018,1690.4
Peru,Oats,2015,470.7
Peru,Oats,2016,483.0
Peru,Oats,2017,450.9
Peru,Oats,2018,468.6
Peru,Oil palm fruit,2015,112.4
Peru,Oil palm fruit,2016,110.2
Peru,Oil palm fruit,2017,113.5
Peru,Oil palm fruit,2018,111.1
Peru,Olives,2015,1103.2
Peru,Olives,2016,957.6
Peru,Olives,2017,1024.4
Peru,Olives,2018,417.4
Peru,"Onions and shallots, dry (excluding dehydrated)",2015,297.4
Peru,"Onions and shallots, dry (excluding dehydrated)",2016,302.5
Peru,"Onions and shallots, dry (excluding dehydrated)",2017,260.7
Peru,"Onions and shallots, dry (excluding dehydrated)",2018,220.9
Peru,Oranges,2015,187.5
Peru,Oranges,2016,187.6
Peru,Oranges,2017,181.0
Peru,Oranges,2018,176.4
Peru,"Other beans, green",2015,410.4
Peru,"Other beans, green",2016,431.4
Peru,"Other beans, green",2017,457.0
Peru,"Other beans, green",2018,461.0
Peru,Papayas,2015,226.4
Peru,Papayas,2016,226.4
Peru,Papayas,2017,227.0
Peru,Papayas,2018,255.3
Peru,Peaches and nectarines,2015,618.9
Peru,Peaches and nectarines,2016,646.8
Peru,Peaches and nectarines,2017,674.7
Peru,Peaches and nectarines,2018,599.1
Peru,Pears,2015,585.0
Peru,Pears,2016,552.6
Peru,Pears,2017,595.0
Peru,Pears,2018,600.2
Peru,"Peas, dry",2015,727.6
Peru,"Peas, dry",2016,697.5
Peru,"Peas, dry",2017,797.4
Peru,"Peas, dry",2018,781.5
Peru,"Peas, green",2015,490.5
Peru,"Peas, green",2016,477.0
Peru,"Peas, green",2017,503.0
Peru,"Peas, green",2018,522.5
Peru,"Pepper (Piper spp.), raw",2015,5094.5
Peru,"Pepper (Piper spp.), raw",2016,7063.3
Peru,"Pepper (Piper spp.), raw",2017,3291.0
Peru,"Pepper (Piper spp.), raw",2018,2247.0
Peru,Pineapples,2015,212.9
Peru,Pineapples,2016,209.5
Peru,Pineapples,2017,223.9
Peru,Pineapples,2018,215.6
Peru,Plantains,2015,164.0
Peru,Plantains,2016,173.0
Peru,Plantains,2017,190.0
Peru,Plantains,2018,182.0
Peru,Plums and sloes,2015,473.7
Peru,Plums and sloes,2016,537.9
Peru,Plums and sloes,2017,589.8
Peru,Plums and sloes,2018,535.1
Peru,Pomelos and grapefruits,2015,167.7
Peru,Pomelos and grapefruits,2016,172.7
Peru,Pomelos and grapefruits,2017,178.3
Peru,Pomelos and grapefruits,2018,161.1
Peru,Potatoes,2015,280.1
Peru,Potatoes,2016,311.1
Peru,Potatoes,2017,251.5
Peru,Potatoes,2018,250.9
Peru,"Pumpkins, squash and gourds",2015,197.2
Peru,"Pumpkins, squash and gourds",2016,190.8
Peru,"Pumpkins, squash and gourds",2017,238.3
Peru,"Pumpkins, squash and gourds",2018,214.4
Peru,Quinces,2015,467.0
Peru,Quinces,2016,502.8
Peru,Quinces,2017,549.0
Peru,Quinces,2018,476.9
Peru,Quinoa,2015,1540.6
Peru,Quinoa,2016,1181.0
Peru,Quinoa,2017,1128.7
Peru,Quinoa,2018,1170.7
Peru,Raw milk of cattle,2015,369.8
Peru,Raw milk of cattle,2016,366.0
Peru,Raw milk of cattle,2017,382.6
Peru,Raw milk of cattle,2018,383.8
Peru,Rice,2015,343.9
Peru,Rice,2016,341.3
Peru,Rice,2017,346.6
Peru,Rice,2018,303.5
Peru,Rye,2015,396.6
Peru,Rye,2016,365.9
Peru,Rye,2017,376.0
Peru,Rye,2018,377.1
Peru,"Seed cotton, unginned",2015,877.4
Peru,"Seed cotton, unginned",2016,853.3
Peru,"Seed cotton, unginned",2017,1045.9
Peru,"Seed cotton, unginned",2018,990.8
Peru,Sesame seed,2015,1198.3
Peru,Sesame seed,2016,1209.8
Peru,Sesame seed,2017,1248.6
Peru,Sesame seed,2018,1205.3
Peru,Sorghum,2015,182.1
Peru,Sorghum,2016,177.2
Peru,Sorghum,2017,162.6
Peru,Sorghum,2018,178.8
Peru,Soya beans,2015,763.7
Peru,Soya beans,2016,745.5
Peru,Soya beans,2017,619.5
Peru,Soya beans,2018,644.9
Peru,Spinach,2015,293.6
Peru,Spinach,2016,299.8
Peru,Spinach,2017,343.5
Peru,Spinach,2018,329.7
Peru,Strawberries,2015,499.6
Peru,Strawberries,2016,578.4
Peru,Strawberries,2017,705.4
Peru,Strawberries,2018,524.7
Peru,Sweet potatoes,2015,176.2
Peru,Sweet potatoes,2016,191.1
Peru,Sweet potatoes,2017,205.5
Peru,Sweet potatoes,2018,187.7
Peru,"Tangerines, mandarins, clementines",2015,352.3
Peru,"Tangerines, mandarins, clementines",2016,319.4
Peru,"Tangerines, mandarins, clementines",2017,325.1
Peru,"Tangerines, mandarins, clementines",2018,289.1
Peru,Tea leaves,2015,234.6
Peru,Tea leaves,2016,200.6
Peru,Tea leaves,2017,205.5
Peru,Tea leaves,2018,195.6
Peru,Tomatoes,2015,266.3
Peru,Tomatoes,2016,269.0
Peru,Tomatoes,2017,325.1
Peru,Tomatoes,2018,347.9
Peru,Unmanufactured tobacco,2015,299.0
Peru,Unmanufactured tobacco,2016,300.7
Peru,Unmanufactured tobacco,2017,334.6
Peru,Unmanufactured tobacco,2018,334.3
Peru,"Walnuts, in shell",2015,403.2
Peru,"Walnuts, in shell",2016,462.8
Peru,"Walnuts, in shell",2017,429.4
Peru,"Walnuts, in shell",2018,492.9
Peru,Watermelons,2015,203.2
Peru,Watermelons,2016,180.7
Peru,Watermelons,2017,187.1
Peru,Watermelons,2018,177.9
Peru,Wheat,2015,472.6
Peru,Wheat,2016,464.3
Peru,Wheat,2017,496.9
Peru,Wheat,2018,487.4
Peru,Yautia,2015,415.8
Peru,Yautia,2016,280.6
Peru,Yautia,2017,388.0
Peru,Yautia,2018,296.0
Philippines,"Abaca, manila hemp, raw",2015,1035.3
Philippines,"Abaca, manila hemp, raw",2016,1238.1
Philippines,"Abaca, manila hemp, raw",2017,1269.9
Philippines,"Abaca, manila hemp, raw",2018,1171.3
Philippines,Asparagus,2015,1975.4
Philippines,Asparagus,2016,1351.8
Philippines,Asparagus,2017,1434.2
Philippines,Asparagus,2018,1402.0
Philippines,Avocados,2015,364.4
Philippines,Avocados,2016,422.4
Philippines,Avocados,2017,395.4
Philippines,Avocados,2018,449.3
Philippines,Bananas,2015,269.7
Philippines,Bananas,2016,289.4
Philippines,"Beans, dry",2015,1249.5
Philippines,"Beans, dry",2016,1135.5
Philippines,"Beans, dry",2017,1120.8
Philippines,"Beans, dry",2018,1135.4
Philippines,Cabbages,2015,442.7
Philippines,Cabbages,2016,409.1
Philippines,Cabbages,2017,365.1
Philippines,Cabbages,2018,527.9
Philippines,Carrots and turnips,2015,568.2
Philippines,Carrots and turnips,2016,534.4
Philippines,Carrots and turnips,2017,625.0
Philippines,Carrots and turnips,2018,700.7
Philippines,"Cashew nuts, in shell",2015,651.4
Philippines,"Cashew nuts, in shell",2016,652.1
Philippines,"Cashew nuts, in shell",2017,898.3
Philippines,"Cashew nuts, in shell",2018,1245.3
Philippines,"Cassava, fresh",2015,119.7
Philippines,"Cassava, fresh",2016,132.4
Philippines,"Cassava, fresh",2017,154.3
Philippines,"Cassava, fresh",2018,139.8
Philippines,Cauliflowers and broccoli,2015,741.4
Philippines,Cauliflowers and broccoli,2016,711.5
Philippines,Cauliflowers and broccoli,2017,550.4
Philippines,Cauliflowers and broccoli,2018,1189.9
Philippines,"Chillies and peppers, dry (Capsicum spp., Pimenta spp.), raw",2015,1357.9
Philippines,"Chillies and peppers, dry (Capsicum spp., Pimenta spp.), raw",2016,1539.6
Philippines,"Chillies and peppers, dry (Capsicum spp., Pimenta spp.), raw",2017,1317.8
Philippines,"Chillies and peppers, dry (Capsicum spp., Pimenta spp.), raw",2018,2899.1
Philippines,"Chillies and peppers, green (Capsicum spp. and Pimenta spp.)",2015,672.3
Philippines,"Chillies and peppers, green (Capsicum spp. and Pimenta spp.)",2016,746.4
Philippines,"Chillies and peppers, green (Capsicum spp. and Pimenta spp.)",2017,758.5
Philippines,"Chillies and peppers, green (Capsicum spp. and Pimenta spp.)",2018,904.6
Philippines,Cocoa beans,2015,2017.5
Philippines,Cocoa beans,2016,2169.0
Philippines,Cocoa beans,2017,1658.0
Philippines,Cocoa beans,2018,1804.5
Philippines,"Coconuts, in shell",2015,142.4
Philippines,"Coconuts, in shell",2016,165.1
Philippines,"Coconuts, in shell",2017,171.0
Philippines,"Coconuts, in shell",2018,156.9
Philippines,"Coffee, green",2015,1796.0
Philippines,"Coffee, green",2016,1732.3
Philippines,"Coffee, green",2017,1910.4
Philippines,"Coffee, green",2018,1763.1
Philippines,"Cow peas, dry",2015,549.4
Philippines,"Cow peas, dry",2016,520.5
Philippines,"Cow peas, dry",2017,447.2
Philippines,"Cow peas, dry",2018,480.2
Philippines,Cucumbers and gherkins,2015,331.6
Philippines,Cucumbers and gherkins,2016,350.6
Philippines,Cucumbers and gherkins,2017,352.0
Philippines,Cucumbers and gherkins,2018,356.4
Philippines,Eggplants (aubergines),2015,390.0
Philippines,Eggplants (aubergines),2016,408.3
Philippines,Eggplants (aubergines),2017,437.7
Philippines,Eggplants (aubergines),2018,570.8
Philippines,"Eggs from other birds in shell, fresh, n.e.c.",2015,1964.1
Philippines,"Eggs from other birds in shell, fresh, n.e.c.",2016,1953.5
Philippines,"Eggs from other birds in shell, fresh, n.e.c.",2017,2168.7
Philippines,"Eggs from other birds in shell, fresh, n.e.c.",2018,1854.3
Philippines,"Ginger, raw",2015,1507.6
Philippines,"Ginger, raw",2016,823.9
Philippines,"Ginger, raw",2017,471.4
Philippines,"Ginger, raw",2018,522.6
Philippines,Green corn (maize),2015,417.0
Philippines,Green corn (maize),2016,670.0
Philippines,Green corn (maize),2017,597.3
Philippines,Green corn (maize),2018,547.7
Philippines,Green garlic,2015,1790.6
Philippines,Green garlic,2016,1656.3
Philippines,Green garlic,2017,2104.0
Philippines,Green garlic,2018,1981.5
Philippines,"Groundnuts, excluding shelled",2015,893.4
Philippines,"Groundnuts, excluding shelled",2016,823.3
Philippines,"Groundnuts, excluding shelled",2017,777.1
Philippines,"Groundnuts, excluding shelled",2018,771.7
Philippines,"Hen eggs in shell, fresh",2015,2313.5
Philippines,"Hen eggs in shell, fresh",2016,2303.7
Philippines,"Hen eggs in shell, fresh",2017,2256.1
Philippines,"Hen eggs in shell, fresh",2018,2350.8
Philippines,Leeks and other alliaceous vegetables,2015,768.8
Philippines,Leeks and other alliaceous vegetables,2016,808.1
Philippines,Leeks and other alliaceous vegetables,2017,641.6
Philippines,Leeks and other alliaceous vegetables,2018,776.5
Philippines,Lettuce and chicory,2015,829.6
Philippines,Lettuce and chicory,2016,789.2
Philippines,Lettuce and chicory,2017,926.9
Philippines,Lettuce and chicory,2018,1158.3
Philippines,Maize (corn),2015,282.8
Philippines,Maize (corn),2016,282.6
Philippines,Maize (corn),2017,242.1
Philippines,Maize (corn),2018,272.4
Philippines,"Mangoes, guavas and mangosteens",2015,432.0
Philippines,"Mangoes, guavas and mangosteens",2016,514.1
Philippines,"Mangoes, guavas and mangosteens",2017,574.9
Philippines,"Mangoes, guavas and mangosteens",2018,570.3
Philippines,"Meat of buffalo, fresh or chilled (biological)",2015,1714.5
Philippines,"Meat of buffalo, fresh or chilled (biological)",2016,1643.2
Philippines,"Meat of buffalo, fresh or chilled (biological)",2017,1722.9
Philippines,"Meat of buffalo, fresh or chilled (biological)",2018,1923.8
Philippines,"Meat of cattle with the bone, fresh or chilled (biological)",2015,2025.3
Philippines,"Meat of cattle with the bone, fresh or chilled (biological)",2016,2011.9
Philippines,"Meat of cattle with the bone, fresh or chilled (biological)",2017,1977.2
Philippines,"Meat of cattle with the bone, fresh or chilled (biological)",2018,2239.2
Philippines,"Meat of chickens, fresh or chilled (biological)",2015,2059.1
Philippines,"Meat of chickens, fresh or chilled (biological)",2016,2034.2
Philippines,"Meat of chickens, fresh or chilled (biological)",2017,1828.8
Philippines,"Meat of chickens, fresh or chilled (biological)",2018,1968.2
Philippines,"Meat of ducks, fresh or chilled (biological)",2015,2174.7
Philippines,"Meat of ducks, fresh or chilled (biological)",2016,2139.1
Philippines,"Meat of ducks, fresh or chilled (biological)",2017,2242.1
Philippines,"Meat of ducks, fresh or chilled (biological)",2018,2566.0
Philippines,"Meat of goat, fresh or chilled (biological)",2015,2533.6
Philippines,"Meat of goat, fresh or chilled (biological)",2016,2479.1
Philippines,"Meat of goat, fresh or chilled (biological)",2017,2482.6
Philippines,"Meat of goat, fresh or chilled (biological)",2018,2610.1
Philippines,"Meat of pig with the bone, fresh or chilled (biological)",2015,2143.4
Philippines,"Meat of pig with the bone, fresh or chilled (biological)",2016,1992.7
Philippines,"Meat of pig with the bone, fresh or chilled (biological)",2017,2117.5
Philippines,"Meat of pig with the bone, fresh or chilled (biological)",2018,2200.9
Philippines,Natural rubber in primary forms,2015,446.3
Philippines,Natural rubber in primary forms,2016,470.2
Philippines,Natural rubber in primary forms,2017,578.9
Philippines,Natural rubber in primary forms,2018,461.6
Philippines,Oil palm fruit,2015,77.4
Philippines,Oil palm fruit,2016,79.2
Philippines,Oil palm fruit,2017,77.8
Philippines,Oil palm fruit,2018,69.9
Philippines,Okra,2015,448.4
Philippines,Okra,2016,412.7
Philippines,Okra,2017,419.4
Philippines,Okra,2018,517.6
Philippines,"Onions and shallots, dry (excluding dehydrated)",2015,690.6
Philippines,"Onions and shallots, dry (excluding dehydrated)",2016,1111.5
Philippines,"Onions and shallots, dry (excluding dehydrated)",2017,797.0
Philippines,"Onions and shallots, dry (excluding dehydrated)",2018,961.6
Philippines,"Onions and shallots, green",2015,445.2
Philippines,"Onions and shallots, green",2016,529.1
Philippines,"Onions and shallots, green",2017,700.3
Philippines,"Onions and shallots, green",2018,871.6
Philippines,Other bananas (excluding cavendish and cooking bananas),2015,270.0
Philippines,Other bananas (excluding cavendish and cooking bananas),2016,289.0
Philippines,Other bananas (excluding cavendish and cooking bananas),2017,269.0
Philippines,Other bananas (excluding cavendish and cooking bananas),2018,312.0
Philippines,"Other citrus fruit, n.e.c.",2015,404.6
Philippines,"Other citrus fruit, n.e.c.",2016,419.9
Philippines,"Other citrus fruit, n.e.c.",2017,383.9
Philippines,"Other citrus fruit, n.e.c.",2018,539.3
Philippines,"Other nuts (excluding wild edible nuts and groundnuts), in shell, n.e.c.",2015,7000.1
Philippines,"Other nuts (excluding wild edible nuts and groundnuts), in shell, n.e.c.",2016,7544.1
Philippines,"Other nuts (excluding wild edible nuts and groundnuts), in shell, n.e.c.",2017,7483.2
Philippines,Papayas,2015,165.2
Philippines,Papayas,2016,145.7
Philippines,Papayas,2017,147.3
Philippines,Papayas,2018,233.7
Philippines,"Peas, green",2015,1775.6
Philippines,"Peas, green",2016,2156.6
Philippines,"Peas, green",2017,2307.4
Philippines,"Peas, green",2018,1778.2
Philippines,"Pepper (Piper spp.), raw",2015,8631.5
Philippines,"Pepper (Piper spp.), raw",2016,8681.4
Philippines,"Pepper (Piper spp.), raw",2017,8516.2
Philippines,"Pepper (Piper spp.), raw",2018,7399.5
Philippines,Pineapples,2015,201.1
Philippines,Pineapples,2016,192.5
Philippines,Pineapples,2017,212.7
Philippines,Pineapples,2018,262.1
Philippines,Pomelos and grapefruits,2015,560.8
Philippines,Pomelos and grapefruits,2016,660.9
Philippines,Pomelos and grapefruits,2017,530.3
Philippines,Pomelos and grapefruits,2018,420.8
Philippines,Potatoes,2015,466.7
Philippines,Potatoes,2016,784.1
Philippines,Potatoes,2017,594.6
Philippines,Potatoes,2018,719.3
Philippines,"Pumpkins, squash and gourds",2015,227.2
Philippines,"Pumpkins, squash and gourds",2016,223.4
Philippines,"Pumpkins, squash and gourds",2017,230.9
Philippines,"Pumpkins, squash and gourds",2018,310.7
Philippines,Rice,2015,380.8
Philippines,Rice,2016,367.0
Philippines,Rice,2017,361.3
Philippines,Rice,2018,380.9
Philippines,Soya beans,2015,520.4
Philippines,Soya beans,2016,490.2
Philippines,Soya beans,2017,391.4
Philippines,Soya beans,2018,386.6
Philippines,String beans,2015,542.0
Philippines,String beans,2016,571.2
Philippines,String beans,2017,521.4
Philippines,String beans,2018,573.9
Philippines,Sweet potatoes,2015,318.7
Philippines,Sweet potatoes,2016,315.6
Philippines,Sweet potatoes,2017,315.1
Philippines,Sweet potatoes,2018,370.7
Philippines,"Tangerines, mandarins, clementines",2015,286.2
Philippines,"Tangerines, mandarins, clementines",2016,280.5
Philippines,"Tangerines, mandarins, clementines",2017,275.8
Philippines,"Tangerines, mandarins, clementines",2018,290.2
Philippines,Taro,2015,318.9
Philippines,Taro,2016,398.2
Philippines,Taro,2017,265.9
Philippines,Taro,2018,327.9
Philippines,Tomatoes,2015,335.7
Philippines,Tomatoes,2016,347.0
Philippines,Tomatoes,2017,354.3
Philippines,Tomatoes,2018,487.5
Philippines,Unmanufactured tobacco,2015,2257.6
Philippines,Unmanufactured tobacco,2016,2259.7
Philippines,Unmanufactured tobacco,2017,2738.6
Philippines,Unmanufactured tobacco,2018,2982.6
Philippines,Watermelons,2015,259.2
Philippines,Watermelons,2016,266.4
Philippines,Watermelons,2017,248.8
Philippines,Watermelons,2018,288.4
Philippines,Yams,2015,670.4
Philippines,Yams,2016,537.3
Philippines,Yams,2017,542.0
Philippines,Yams,2018,550.9
Philippines,Yautia,2015,383.3
Philippines,Yautia,2016,424.1
Philippines,Yautia,2017,366.8
Philippines,Yautia,2018,386.1
Poland,Apples,2015,206.4
Poland,Apples,2016,148.6
Poland,Apples,2017,274.7
Poland,Apples,2018,171.4
Poland,Barley,2015,162.4
Poland,Barley,2016,148.1
Poland,Barley,2017,162.5
Poland,Barley,2018,188.3
Poland,"Beans, dry",2015,1015.8
Poland,"Beans, dry",2016,887.4
Poland,"Beans, dry",2017,893.3
Poland,"Beans, dry",2018,1075.9
Poland,Buckwheat,2015,436.7
Poland,Buckwheat,2016,403.0
Poland,Buckwheat,2017,350.3
Poland,Buckwheat,2018,290.4
Poland,Cabbages,2015,225.2
Poland,Cabbages,2016,208.2
Poland,Cabbages,2017,164.6
Poland,Cabbages,2018,197.4
Poland,Carrots and turnips,2015,153.6
Poland,Carrots and turnips,2016,98.4
Poland,Carrots and turnips,2017,94.7
Poland,Carrots and turnips,2018,149.8
Poland,Cauliflowers and broccoli,2015,307.7
Poland,Cauliflowers and broccoli,2016,314.0
Poland,Cauliflowers and broccoli,2017,355.1
Poland,Cauliflowers and broccoli,2018,339.5
Poland,Cherries,2015,1451.9
Poland,Cherries,2016,1106.1
Poland,Cherries,2017,2657.6
Poland,Cherries,2018,1216.6
Poland,Chicory roots,2015,64.7
Poland,Chicory roots,2016,62.1
Poland,Chicory roots,2017,60.3
Poland,Chicory roots,2018,59.8
Poland,Cucumbers and gherkins,2015,478.3
Poland,Cucumbers and gherkins,2016,357.4
Poland,Cucumbers and gherkins,2017,472.3
Poland,Cucumbers and gherkins,2018,533.5
Poland,Currants,2015,214.9
Poland,Currants,2016,320.1
Poland,Currants,2017,500.4
Poland,Currants,2018,262.5
Poland,Gooseberries,2015,554.2
Poland,Gooseberries,2016,327.9
Poland,Gooseberries,2017,652.8
Poland,Gooseberries,2018,218.2
Poland,"Hen eggs in shell, fresh",2015,1102.0
Poland,"Hen eggs in shell, fresh",2016,932.3
Poland,"Hen eggs in shell, fresh",2017,1288.1
Poland,"Hen eggs in shell, fresh",2018,1099.2
Poland,Hop cones,2015,3855.4
Poland,Hop cones,2016,4696.7
Poland,Hop cones,2017,5280.3
Poland,Hop cones,2018,5456.1
Poland,"Horse meat, fresh or chilled (biological)",2015,1952.8
Poland,"Horse meat, fresh or chilled (biological)",2016,2016.8
Poland,"Horse meat, fresh or chilled (biological)",2017,2367.3
Poland,"Horse meat, fresh or chilled (biological)",2018,2491.3
Poland,Linseed,2015,579.7
Poland,Linseed,2016,502.4
Poland,Linseed,2017,466.0
Poland,Linseed,2018,471.8
Poland,Lupins,2015,214.4
Poland,Lupins,2016,210.5
Poland,Lupins,2017,200.0
Poland,Lupins,2018,237.8
Poland,Maize (corn),2015,150.4
Poland,Maize (corn),2016,134.9
Poland,Maize (corn),2017,144.2
Poland,Maize (corn),2018,171.4
Poland,"Meat of cattle with the bone, fresh or chilled (biological)",2015,1596.8
Poland,"Meat of cattle with the bone, fresh or chilled (biological)",2016,1500.2
Poland,"Meat of cattle with the bone, fresh or chilled (biological)",2017,1679.9
Poland,"Meat of cattle with the bone, fresh or chilled (biological)",2018,1820.7
Poland,"Meat of chickens, fresh or chilled (biological)",2015,927.7
Poland,"Meat of chickens, fresh or chilled (biological)",2016,846.1
Poland,"Meat of chickens, fresh or chilled (biological)",2017,890.6
Poland,"Meat of chickens, fresh or chilled (biological)",2018,963.5
Poland,"Meat of ducks, fresh or chilled (biological)",2015,1216.9
Poland,"Meat of ducks, fresh or chilled (biological)",2016,1149.2
Poland,"Meat of ducks, fresh or chilled (biological)",2017,1220.3
Poland,"Meat of ducks, fresh or chilled (biological)",2018,1292.5
Poland,"Meat of geese, fresh or chilled (biological)",2015,1988.9
Poland,"Meat of geese, fresh or chilled (biological)",2016,1946.1
Poland,"Meat of geese, fresh or chilled (biological)",2017,2308.1
Poland,"Meat of geese, fresh or chilled (biological)",2018,2147.7
Poland,"Meat of pig with the bone, fresh or chilled (biological)",2015,1139.4
Poland,"Meat of pig with the bone, fresh or chilled (biological)",2016,1186.2
Poland,"Meat of pig with the bone, fresh or chilled (biological)",2017,1335.9
Poland,"Meat of pig with the bone, fresh or chilled (biological)",2018,1239.3
Poland,"Meat of rabbits and hares, fresh or chilled (biological)",2015,2023.1
Poland,"Meat of rabbits and hares, fresh or chilled (biological)",2016,1854.0
Poland,"Meat of rabbits and hares, fresh or chilled (biological)",2017,1955.6
Poland,"Meat of rabbits and hares, fresh or chilled (biological)",2018,2154.1
Poland,"Meat of sheep, fresh or chilled (biological)",2015,1979.0
Poland,"Meat of sheep, fresh or chilled (biological)",2016,1859.3
Poland,"Meat of sheep, fresh or chilled (biological)",2017,1774.9
Poland,"Meat of sheep, fresh or chilled (biological)",2018,1818.8
Poland,"Meat of turkeys, fresh or chilled (biological)",2015,1578.5
Poland,"Meat of turkeys, fresh or chilled (biological)",2016,1324.4
Poland,"Meat of turkeys, fresh or chilled (biological)",2017,1361.9
Poland,"Meat of turkeys, fresh or chilled (biological)",2018,1383.0
Poland,Millet,2015,292.6
Poland,Millet,2016,216.1
Poland,Millet,2017,224.1
Poland,Millet,2018,314.3
Poland,Mushrooms and truffles,2015,1140.5
Poland,Mushrooms and truffles,2016,1112.2
Poland,Mushrooms and truffles,2017,1185.1
Poland,Mushrooms and truffles,2018,1174.5
Poland,Natural honey,2015,3501.8
Poland,Natural honey,2016,3150.1
Poland,Natural honey,2017,3236.0
Poland,Natural honey,2018,3674.2
Poland,Oats,2015,130.3
Poland,Oats,2016,131.4
Poland,Oats,2017,138.1
Poland,Oats,2018,161.1
Poland,"Onions and shallots, dry (excluding dehydrated)",2015,247.5
Poland,"Onions and shallots, dry (excluding dehydrated)",2016,216.6
Poland,"Onions and shallots, dry (excluding dehydrated)",2017,170.4
Poland,"Onions and shallots, dry (excluding dehydrated)",2018,296.8
Poland,Peaches and nectarines,2015,725.8
Poland,Peaches and nectarines,2016,524.0
Poland,Peaches and nectarines,2017,522.3
Poland,Peaches and nectarines,2018,649.3
Poland,Pears,2015,560.8
Poland,Pears,2016,494.1
Poland,Pears,2017,689.8
Poland,Pears,2018,540.5
Poland,"Peas, dry",2015,280.1
Poland,"Peas, dry",2016,274.2
Poland,"Peas, dry",2017,221.5
Poland,"Peas, dry",2018,237.3
Poland,Plums and sloes,2015,396.6
Poland,Plums and sloes,2016,295.7
Poland,Plums and sloes,2017,633.4
Poland,Plums and sloes,2018,232.9
Poland,Potatoes,2015,105.8
Poland,Potatoes,2016,97.4
Poland,Potatoes,2017,98.2
Poland,Potatoes,2018,117.9
Poland,Rape or colza seed,2015,399.3
Poland,Rape or colza seed,2016,410.1
Poland,Rape or colza seed,2017,417.0
Poland,Rape or colza seed,2018,430.0
Poland,Raspberries,2015,2102.4
Poland,Raspberries,2016,1351.1
Poland,Raspberries,2017,1187.5
Poland,Raspberries,2018,785.2
Poland,Raw milk of cattle,2015,300.8
Poland,Raw milk of cattle,2016,281.0
Poland,Raw milk of cattle,2017,368.1
Poland,Raw milk of cattle,2018,372.7
Poland,Raw milk of sheep,2015,606.2
Poland,Rye,2015,136.6
Poland,Rye,2016,131.4
Poland,Rye,2017,145.0
Poland,Rye,2018,165.3
Poland,"Shorn wool, greasy, including fleece-washed shorn wool",2015,679.1
Poland,"Shorn wool, greasy, including fleece-washed shorn wool",2016,814.1
Poland,"Shorn wool, greasy, including fleece-washed shorn wool",2017,852.0
Poland,"Shorn wool, greasy, including fleece-washed shorn wool",2018,874.9
Poland,Sour cherries,2015,449.1
Poland,Sour cherries,2016,342.9
Poland,Sour cherries,2017,1058.1
Poland,Sour cherries,2018,297.4
Poland,Strawberries,2015,665.9
Poland,Strawberries,2016,767.2
Poland,Strawberries,2017,1262.9
Poland,Strawberries,2018,1080.1
Poland,Sugar beet,2015,31.8
Poland,Sugar beet,2016,29.7
Poland,Sugar beet,2017,25.4
Poland,Sugar beet,2018,29.1
Poland,Tomatoes,2015,478.8
Poland,Tomatoes,2016,361.2
Poland,Tomatoes,2017,432.1
Poland,Tomatoes,2018,484.0
Poland,Triticale,2015,149.6
Poland,Triticale,2016,145.6
Poland,Triticale,2017,155.3
Poland,Triticale,2018,183.0
Poland,Unmanufactured tobacco,2015,2105.3
Poland,Unmanufactured tobacco,2016,2296.6
Poland,Unmanufactured tobacco,2017,2196.4
Poland,Unmanufactured tobacco,2018,2649.2
Poland,Wheat,2015,177.5
Poland,Wheat,2016,157.5
Poland,Wheat,2017,176.0
Poland,Wheat,2018,201.0
Portugal,"Almonds, in shell",2015,1126.4
Portugal,"Almonds, in shell",2016,995.3
Portugal,"Almonds, in shell",2017,911.1
Portugal,"Almonds, in shell",2018,847.3
Portugal,Apples,2015,633.5
Portugal,Apples,2016,706.3
Portugal,Apples,2017,789.4
Portugal,Apples,2018,816.6
Portugal,Apricots,2015,1414.1
Portugal,Apricots,2016,2066.3
Portugal,Apricots,2017,1635.2
Portugal,Apricots,2018,1898.4
Portugal,Avocados,2015,1633.4
Portugal,Avocados,2016,1540.1
Portugal,Avocados,2017,2175.9
Portugal,Avocados,2018,2659.7
Portugal,Bananas,2015,369.2
Portugal,Bananas,2016,418.1
Portugal,Bananas,2017,453.3
Portugal,Bananas,2018,455.8
Portugal,Barley,2015,217.5
Portugal,Barley,2016,210.1
Portugal,Barley,2017,200.9
Portugal,Barley,2018,226.9
Portugal,Blueberries,2015,6605.9
Portugal,Blueberries,2016,5235.3
Portugal,Blueberries,2017,4895.2
Portugal,Blueberries,2018,6667.4
Portugal,Cabbages,2015,415.3
Portugal,Cabbages,2016,431.0
Portugal,Cabbages,2017,419.0
Portugal,Cabbages,2018,434.9
Portugal,Cantaloupes and other melons,2015,1172.7
Portugal,Cantaloupes and other melons,2016,1439.0
Portugal,Cantaloupes and other melons,2017,1077.7
Portugal,Cantaloupes and other melons,2018,1672.3
Portugal,Carrots and turnips,2015,307.5
Portugal,Carrots and turnips,2016,242.4
Portugal,Carrots and turnips,2017,214.6
Portugal,Carrots and turnips,2018,357.4
Portugal,Cauliflowers and broccoli,2015,510.2
Portugal,Cauliflowers and broccoli,2016,648.8
Portugal,Cauliflowers and broccoli,2017,508.1
Portugal,Cauliflowers and broccoli,2018,584.7
Portugal,Cherries,2015,1953.4
Portugal,Cherries,2016,3227.1
Portugal,Cherries,2017,1422.4
Portugal,Cherries,2018,2215.8
Portugal,"Chestnuts, in shell",2015,1634.7
Portugal,"Chestnuts, in shell",2016,2050.4
Portugal,"Chestnuts, in shell",2017,2359.3
Portugal,"Chestnuts, in shell",2018,3287.2
Portugal,Cucumbers and gherkins,2015,582.0
Portugal,Cucumbers and gherkins,2016,623.9
Portugal,Cucumbers and gherkins,2017,698.6
Portugal,Cucumbers and gherkins,2018,772.0
Portugal,Eggplants (aubergines),2015,899.0
Portugal,Eggplants (aubergines),2016,878.3
Portugal,Eggplants (aubergines),2017,1013.9
Portugal,Eggplants (aubergines),2018,1063.0
Portugal,Figs,2015,1813.3
Portugal,Figs,2016,2661.6
Portugal,Figs,2017,2486.8
Portugal,Figs,2018,4018.0
Portugal,Grapes,2015,595.6
Portugal,Grapes,2016,665.8
Portugal,Grapes,2017,663.0
Portugal,Grapes,2018,819.7
Portugal,Green garlic,2015,2023.4
Portugal,Green garlic,2016,2581.6
Portugal,Green garlic,2017,2441.6
Portugal,Green garlic,2018,2285.0
Portugal,"Hazelnuts, in shell",2015,2024.0
Portugal,"Hazelnuts, in shell",2016,1935.8
Portugal,"Hazelnuts, in shell",2017,2089.9
Portugal,"Hazelnuts, in shell",2018,2598.1
Portugal,"Hen eggs in shell, fresh",2015,1379.2
Portugal,"Hen eggs in shell, fresh",2016,1163.2
Portugal,"Hen eggs in shell, fresh",2017,1497.7
Portugal,"Hen eggs in shell, fresh",2018,1546.7
Portugal,Hop cones,2015,4769.0
Portugal,Hop cones,2016,4756.5
Portugal,Hop cones,2017,4518.7
Portugal,Hop cones,2018,4960.0
Portugal,Kiwi fruit,2015,1426.9
Portugal,Kiwi fruit,2016,1103.6
Portugal,Kiwi fruit,2017,1335.7
Portugal,Kiwi fruit,2018,1655.1
Portugal,Leeks and other alliaceous vegetables,2015,530.4
Portugal,Leeks and other alliaceous vegetables,2016,594.8
Portugal,Leeks and other alliaceous vegetables,2017,586.8
Portugal,Leeks and other alliaceous vegetables,2018,667.7
Portugal,Lemons and limes,2015,615.3
Portugal,Lemons and limes,2016,801.8
Portugal,Lemons and limes,2017,956.6
Portugal,Lemons and limes,2018,960.9
Portugal,Lettuce and chicory,2015,502.1
Portugal,Lettuce and chicory,2016,642.9
Portugal,Lettuce and chicory,2017,479.2
Portugal,Lettuce and chicory,2018,716.6
Portugal,Locust beans (carobs),2015,361.8
Portugal,Locust beans (carobs),2016,386.2
Portugal,Locust beans (carobs),2017,432.4
Portugal,Locust beans (carobs),2018,722.3
Portugal,Maize (corn),2015,190.9
Portugal,Maize (corn),2016,185.2
Portugal,Maize (corn),2017,188.1
Portugal,Maize (corn),2018,204.5
Portugal,"Meat of cattle with the bone, fresh or chilled (biological)",2015,2362.5
Portugal,"Meat of cattle with the bone, fresh or chilled (biological)",2016,2329.7
Portugal,"Meat of cattle with the bone, fresh or chilled (biological)",2017,2431.2
Portugal,"Meat of cattle with the bone, fresh or chilled (biological)",2018,2672.3
Portugal,"Meat of chickens, fresh or chilled (biological)",2015,1051.5
Portugal,"Meat of chickens, fresh or chilled (biological)",2016,945.0
Portugal,"Meat of chickens, fresh or chilled (biological)",2017,969.3
Portugal,"Meat of chickens, fresh or chilled (biological)",2018,998.7
Portugal,"Meat of ducks, fresh or chilled (biological)",2015,1909.7
Portugal,"Meat of ducks, fresh or chilled (biological)",2016,1841.6
Portugal,"Meat of ducks, fresh or chilled (biological)",2017,1917.2
Portugal,"Meat of ducks, fresh or chilled (biological)",2018,2016.2
Portugal,"Meat of goat, fresh or chilled (biological)",2015,721.9
Portugal,"Meat of goat, fresh or chilled (biological)",2016,681.2
Portugal,"Meat of goat, fresh or chilled (biological)",2017,800.3
Portugal,"Meat of goat, fresh or chilled (biological)",2018,4843.3
Portugal,"Meat of pig with the bone, fresh or chilled",2015,1648.4
Portugal,"Meat of pig with the bone, fresh or chilled",2016,1603.3
Portugal,"Meat of pig with the bone, fresh or chilled",2017,1858.3
Portugal,"Meat of pig with the bone, fresh or chilled",2018,1834.7
Portugal,"Meat of rabbits and hares, fresh or chilled (biological)",2015,1727.3
Portugal,"Meat of rabbits and hares, fresh or chilled (biological)",2016,1727.1
Portugal,"Meat of rabbits and hares, fresh or chilled (biological)",2017,1946.3
Portugal,"Meat of rabbits and hares, fresh or chilled (biological)",2018,2126.0
Portugal,"Meat of sheep, fresh or chilled (biological)",2015,2642.0
Portugal,"Meat of sheep, fresh or chilled (biological)",2016,2661.6
Portugal,"Meat of sheep, fresh or chilled (biological)",2017,2745.1
Portugal,"Meat of sheep, fresh or chilled (biological)",2018,3281.3
Portugal,"Meat of turkeys, fresh or chilled",2015,1252.2
Portugal,"Meat of turkeys, fresh or chilled (biological)",2015,1668.9
Portugal,"Meat of turkeys, fresh or chilled (biological)",2016,1540.1
Portugal,"Meat of turkeys, fresh or chilled (biological)",2017,1527.4
Portugal,"Meat of turkeys, fresh or chilled (biological)",2018,1594.3
Portugal,Mushrooms and truffles,2015,3059.7
Portugal,Mushrooms and truffles,2016,3051.7
Portugal,Mushrooms and truffles,2017,2982.4
Portugal,Mushrooms and truffles,2018,3117.1
Portugal,Natural honey,2015,4454.3
Portugal,Natural honey,2016,4156.1
Portugal,Natural honey,2017,4606.0
Portugal,Natural honey,2018,4222.3
Portugal,Oats,2015,200.6
Portugal,Oats,2016,182.5
Portugal,Oats,2017,169.5
Portugal,Oats,2018,184.8
Portugal,Olives,2015,402.1
Portugal,Olives,2016,456.6
Portugal,Olives,2017,580.7
Portugal,Olives,2018,405.4
Portugal,"Onions and shallots, dry (excluding dehydrated)",2015,348.4
Portugal,"Onions and shallots, green",2015,355.6
Portugal,"Onions and shallots, green",2016,406.2
Portugal,"Onions and shallots, green",2017,340.9
Portugal,"Onions and shallots, green",2018,488.9
Portugal,Oranges,2015,445.7
Portugal,Oranges,2016,573.3
Portugal,Oranges,2017,566.0
Portugal,Oranges,2018,641.5
Portugal,"Other beans, green",2015,1610.1
Portugal,"Other beans, green",2016,1781.0
Portugal,"Other beans, green",2017,1562.6
Portugal,"Other beans, green",2018,1641.5
Portugal,Peaches and nectarines,2015,1085.1
Portugal,Peaches and nectarines,2016,1073.5
Portugal,Peaches and nectarines,2017,1040.9
Portugal,Peaches and nectarines,2018,1471.2
Portugal,Pears,2015,713.1
Portugal,Pears,2016,1057.1
Portugal,Pears,2017,967.5
Portugal,Pears,2018,999.4
Portugal,"Peas, green",2015,2897.8
Portugal,"Peas, green",2016,2645.4
Portugal,"Peas, green",2017,3115.9
Portugal,"Peas, green",2018,3286.8
Portugal,Pineapples,2015,1530.6
Portugal,Pineapples,2016,2191.7
Portugal,Pineapples,2017,2467.2
Portugal,Pineapples,2018,2678.1
Portugal,Plums and sloes,2015,929.5
Portugal,Plums and sloes,2016,896.2
Portugal,Plums and sloes,2017,602.9
Portugal,Plums and sloes,2018,1103.4
Portugal,Pomelos and grapefruits,2015,708.4
Portugal,Pomelos and grapefruits,2016,682.6
Portugal,Pomelos and grapefruits,2017,586.6
Portugal,Pomelos and grapefruits,2018,613.3
Portugal,Potatoes,2015,225.7
Portugal,Potatoes,2016,373.0
Portugal,Potatoes,2017,279.1
Portugal,Potatoes,2018,335.4
Portugal,"Pumpkins, squash and gourds",2015,227.4
Portugal,"Pumpkins, squash and gourds",2016,236.2
Portugal,"Pumpkins, squash and gourds",2017,231.9
Portugal,"Pumpkins, squash and gourds",2018,293.1
Portugal,Quinces,2015,1010.2
Portugal,Quinces,2016,807.2
Portugal,Quinces,2017,1037.8
Portugal,Quinces,2018,1181.0
Portugal,Raspberries,2015,9414.3
Portugal,Raspberries,2016,9065.9
Portugal,Raspberries,2017,8701.5
Portugal,Raspberries,2018,8867.6
Portugal,Raw milk of cattle,2015,324.1
Portugal,Raw milk of cattle,2016,301.0
Portugal,Raw milk of cattle,2017,327.9
Portugal,Raw milk of cattle,2018,355.8
Portugal,Raw milk of goats,2015,785.9
Portugal,Raw milk of goats,2016,777.3
Portugal,Raw milk of goats,2017,804.0
Portugal,Raw milk of goats,2018,825.1
Portugal,Raw milk of sheep,2015,1215.2
Portugal,Raw milk of sheep,2016,1181.6
Portugal,Raw milk of sheep,2017,1199.7
Portugal,Raw milk of sheep,2018,1254.6
Portugal,Rice,2015,334.2
Portugal,Rice,2016,303.1
Portugal,Rice,2017,312.4
Portugal,Rice,2018,368.7
Portugal,Rye,2015,218.4
Portugal,Rye,2016,221.2
Portugal,Rye,2017,214.6
Portugal,Rye,2018,222.5
Portugal,"Shorn wool, greasy, including fleece-washed shorn wool",2015,1481.7
Portugal,"Shorn wool, greasy, including fleece-washed shorn wool",2016,1483.6
Portugal,"Shorn wool, greasy, including fleece-washed shorn wool",2017,1294.8
Portugal,"Shorn wool, greasy, including fleece-washed shorn wool",2018,1537.8
Portugal,Spinach,2015,649.8
Portugal,Spinach,2016,986.5
Portugal,Spinach,2017,577.0
Portugal,Spinach,2018,537.9
Portugal,Strawberries,2015,2365.4
Portugal,Strawberries,2016,2481.9
Portugal,Strawberries,2017,2929.2
Portugal,Strawberries,2018,2759.8
Portugal,Sugar cane,2015,299.4
Portugal,Sugar cane,2016,298.7
Portugal,Sugar cane,2017,305.0
Portugal,Sugar cane,2018,318.9
Portugal,Sunflower seed,2015,415.9
Portugal,Sunflower seed,2016,419.0
Portugal,Sunflower seed,2017,434.9
Portugal,Sunflower seed,2018,413.3
Portugal,Sweet potatoes,2015,897.0
Portugal,Sweet potatoes,2016,978.7
Portugal,Sweet potatoes,2017,938.9
Portugal,Sweet potatoes,2018,1197.7
Portugal,"Tangerines, mandarins, clementines",2015,682.7
Portugal,"Tangerines, mandarins, clementines",2016,889.5
Portugal,"Tangerines, mandarins, clementines",2017,928.3
Portugal,"Tangerines, mandarins, clementines",2018,1003.3
Portugal,Tomatoes,2015,685.7
Portugal,Tomatoes,2016,654.4
Portugal,Tomatoes,2017,683.7
Portugal,Tomatoes,2018,757.2
Portugal,Triticale,2015,197.9
Portugal,Triticale,2016,184.7
Portugal,Triticale,2017,192.0
Portugal,Triticale,2018,200.8
Portugal,"Walnuts, in shell",2015,3620.4
Portugal,"Walnuts, in shell",2016,4090.8
Portugal,"Walnuts, in shell",2017,3247.8
Portugal,"Walnuts, in shell",2018,3779.1
Portugal,Watermelons,2015,189.8
Portugal,Watermelons,2016,380.4
Portugal,Watermelons,2017,318.7
Portugal,Watermelons,2018,417.8
Portugal,Wheat,2015,223.8
Portugal,Wheat,2016,199.1
Portugal,Wheat,2017,209.9
Portugal,Wheat,2018,223.7
Portugal,Yams,2015,1512.7
Portugal,Yams,2016,1634.7
Portugal,Yams,2017,1570.0
Portugal,Yams,2018,1443.6
Puerto Rico,Avocados,2015,3886.9
Puerto Rico,Bananas,2015,370.9
Puerto Rico,"Beans, dry",2015,2932.8
Puerto Rico,Cabbages,2015,513.5
Puerto Rico,Cantaloupes and other melons,2015,980.0
Puerto Rico,"Cassava, fresh",2015,874.7
Puerto Rico,"Chillies and peppers, green (Capsicum spp. and Pimenta spp.)",2015,1869.8
Puerto Rico,"Coconuts, in shell",2015,655.2
Puerto Rico,"Coffee, green",2015,5522.6
Puerto Rico,Cucumbers and gherkins,2015,673.1
Puerto Rico,"Edible roots and tubers with high starch or inulin content, n.e.c., fresh",2015,1131.3
Puerto Rico,Eggplants (aubergines),2015,959.5
Puerto Rico,"Ginger, raw",2015,1198.2
Puerto Rico,"Hen eggs in shell, fresh",2015,2687.2
Puerto Rico,Lemons and limes,2015,2862.4
Puerto Rico,Lettuce and chicory,2015,2943.3
Puerto Rico,Maize (corn),2015,1510.0
Puerto Rico,"Mangoes, guavas and mangosteens",2015,1241.0
Puerto Rico,Natural honey,2015,6773.5
Puerto Rico,Okra,2015,1952.3
Puerto Rico,"Onions and shallots, green",2015,654.1
Puerto Rico,Oranges,2015,489.6
Puerto Rico,"Other beans, green",2015,2344.8
Puerto Rico,Papayas,2015,769.6
Puerto Rico,"Pigeon peas, dry",2015,2508.0
Puerto Rico,Pineapples,2015,1062.8
Puerto Rico,Plantains and cooking bananas,2015,891.8
Puerto Rico,Pomelos and grapefruits,2015,150.0
Puerto Rico,"Pumpkins, squash and gourds",2015,442.9
Puerto Rico,Raw milk of cattle,2015,837.8
Puerto Rico,Rice,2015,1499.6
Puerto Rico,Sweet potatoes,2015,959.3
Puerto Rico,Tomatoes,2015,1066.7
Puerto Rico,Watermelons,2015,464.3
Puerto Rico,Yams,2015,1609.3
Puerto Rico,Yautia,2015,2088.3
Qatar,Barley,2017,247.3
Qatar,Barley,2018,247.3
Qatar,Cabbages,2017,467.0
Qatar,Cabbages,2018,522.0
Qatar,Cantaloupes and other melons,2018,522.0
Qatar,Carrots and turnips,2017,302.2
Qatar,Carrots and turnips,2018,302.2
Qatar,Cauliflowers and broccoli,2017,741.8
Qatar,Cauliflowers and broccoli,2018,1016.5
Qatar,"Chillies and peppers, green (Capsicum spp. and Pimenta spp.)",2017,961.5
Qatar,"Chillies and peppers, green (Capsicum spp. and Pimenta spp.)",2018,1016.5
Qatar,Cucumbers and gherkins,2017,659.3
Qatar,Cucumbers and gherkins,2018,412.1
Qatar,Dates,2017,961.5
Qatar,Dates,2018,934.1
Qatar,Eggplants (aubergines),2017,769.2
Qatar,Eggplants (aubergines),2018,741.8
Qatar,"Hen eggs in shell, fresh",2017,2527.5
Qatar,"Hen eggs in shell, fresh",2018,2060.4
Qatar,Lettuce and chicory,2017,549.5
Qatar,Lettuce and chicory,2018,686.8
Qatar,Maize (corn),2017,247.3
Qatar,Maize (corn),2018,274.7
Qatar,"Meat of cattle with the bone, fresh or chilled",2017,5384.6
Qatar,"Meat of cattle with the bone, fresh or chilled",2018,5384.6
Qatar,"Meat of chickens, fresh or chilled",2017,6044.0
Qatar,"Meat of chickens, fresh or chilled",2018,5494.5
Qatar,"Meat of sheep, fresh or chilled",2017,10989.0
Qatar,"Meat of sheep, fresh or chilled",2018,11538.5
Qatar,Okra,2017,1703.3
Qatar,Okra,2018,1565.9
Qatar,"Onions and shallots, dry (excluding dehydrated)",2017,824.2
Qatar,"Onions and shallots, dry (excluding dehydrated)",2018,769.2
Qatar,"Other beans, green",2018,2087.9
Qatar,"Other citrus fruit, n.e.c.",2017,1181.3
Qatar,"Other citrus fruit, n.e.c.",2018,1126.4
Qatar,"Other fruits, n.e.c.",2017,1181.3
Qatar,"Other fruits, n.e.c.",2018,989.0
Qatar,"Other vegetables, fresh n.e.c.",2017,824.2
Qatar,"Other vegetables, fresh n.e.c.",2018,824.2
Qatar,Potatoes,2017,769.2
Qatar,Potatoes,2018,741.8
Qatar,"Pumpkins, squash and gourds",2017,494.5
Qatar,"Pumpkins, squash and gourds",2018,549.5
Qatar,Raw milk of cattle,2017,1016.5
Qatar,Raw milk of cattle,2018,769.2
Qatar,Spinach,2017,879.1
Qatar,Spinach,2018,961.5
Qatar,Tomatoes,2017,824.2
Qatar,Tomatoes,2018,769.2
Qatar,Watermelons,2017,494.5
Qatar,Watermelons,2018,467.0
Qatar,Wheat,2017,384.6
Qatar,Wheat,2018,274.7
Republic of Korea,Rice,2015,1747.6
Republic of Korea,Rice,2016,1505.0
Republic of Korea,Rice,2017,1492.0
Republic of Korea,Rice,2018,2009.5
Republic of Moldova,Apples,2015,149.5
Republic of Moldova,Apples,2016,136.1
Republic of Moldova,Apples,2017,199.4
Republic of Moldova,Apples,2018,138.7
Republic of Moldova,Apricots,2015,255.4
Republic of Moldova,Apricots,2016,260.0
Republic of Moldova,Apricots,2017,305.7
Republic of Moldova,Apricots,2018,354.1
Republic of Moldova,Barley,2015,128.1
Republic of Moldova,Barley,2016,106.8
Republic of Moldova,Barley,2017,116.2
Republic of Moldova,Barley,2018,148.9
Republic of Moldova,"Beans, dry",2015,898.4
Republic of Moldova,"Beans, dry",2016,440.7
Republic of Moldova,"Beans, dry",2017,778.1
Republic of Moldova,"Beans, dry",2018,723.6
Republic of Moldova,Buckwheat,2015,616.3
Republic of Moldova,Buckwheat,2016,418.1
Republic of Moldova,Buckwheat,2018,565.4
Republic of Moldova,Cabbages,2015,171.0
Republic of Moldova,Cabbages,2016,130.6
Republic of Moldova,Cabbages,2017,102.9
Republic of Moldova,Cabbages,2018,203.8
Republic of Moldova,Cantaloupes and other melons,2015,211.7
Republic of Moldova,Cantaloupes and other melons,2016,126.8
Republic of Moldova,Cantaloupes and other melons,2017,133.4
Republic of Moldova,Cantaloupes and other melons,2018,212.5
Republic of Moldova,Carrots and turnips,2015,146.5
Republic of Moldova,Carrots and turnips,2016,177.7
Republic of Moldova,Carrots and turnips,2017,136.8
Republic of Moldova,Carrots and turnips,2018,218.9
Republic of Moldova,Cherries,2015,381.3
Republic of Moldova,Cherries,2016,386.7
Republic of Moldova,Cherries,2017,463.8
Republic of Moldova,Cherries,2018,537.0
Republic of Moldova,"Chillies and peppers, green (Capsicum spp. and Pimenta spp.)",2016,245.8
Republic of Moldova,"Chillies and peppers, green (Capsicum spp. and Pimenta spp.)",2017,266.2
Republic of Moldova,"Chillies and peppers, green (Capsicum spp. and Pimenta spp.)",2018,333.6
Republic of Moldova,Cucumbers and gherkins,2015,195.1
Republic of Moldova,Cucumbers and gherkins,2016,234.6
Republic of Moldova,Cucumbers and gherkins,2017,219.6
Republic of Moldova,Cucumbers and gherkins,2018,274.7
Republic of Moldova,Eggplants (aubergines),2015,219.6
Republic of Moldova,Eggplants (aubergines),2016,183.7
Republic of Moldova,Eggplants (aubergines),2017,178.7
Republic of Moldova,Eggplants (aubergines),2018,235.0
Republic of Moldova,Grapes,2015,213.4
Republic of Moldova,Grapes,2016,232.7
Republic of Moldova,Grapes,2017,256.2
Republic of Moldova,Grapes,2018,233.8
Republic of Moldova,Green garlic,2015,702.7
Republic of Moldova,Green garlic,2016,1392.1
Republic of Moldova,Green garlic,2017,1141.8
Republic of Moldova,Green garlic,2018,762.3
Republic of Moldova,"Hen eggs in shell, fresh",2015,1021.2
Republic of Moldova,"Hen eggs in shell, fresh",2016,980.1
Republic of Moldova,"Hen eggs in shell, fresh",2017,1073.3
Republic of Moldova,"Hen eggs in shell, fresh",2018,1010.7
Republic of Moldova,"Lentils, dry",2015,1261.3
Republic of Moldova,Maize (corn),2015,142.1
Republic of Moldova,Maize (corn),2016,129.7
Republic of Moldova,Maize (corn),2017,130.4
Republic of Moldova,Maize (corn),2018,135.6
Republic of Moldova,"Meat of cattle with the bone, fresh or chilled (biological)",2015,1265.5
Republic of Moldova,"Meat of cattle with the bone, fresh or chilled (biological)",2016,1241.4
Republic of Moldova,"Meat of cattle with the bone, fresh or chilled (biological)",2017,1295.0
Republic of Moldova,"Meat of cattle with the bone, fresh or chilled (biological)",2018,1758.4
Republic of Moldova,"Meat of chickens, fresh or chilled (biological)",2015,1253.3
Republic of Moldova,"Meat of chickens, fresh or chilled (biological)",2016,1269.8
Republic of Moldova,"Meat of chickens, fresh or chilled (biological)",2017,1187.2
Republic of Moldova,"Meat of chickens, fresh or chilled (biological)",2018,1159.9
Republic of Moldova,"Meat of pig with the bone, fresh or chilled (biological)",2015,1269.9
Republic of Moldova,"Meat of pig with the bone, fresh or chilled (biological)",2016,1223.1
Republic of Moldova,"Meat of pig with the bone, fresh or chilled (biological)",2017,1436.9
Republic of Moldova,"Meat of pig with the bone, fresh or chilled (biological)",2018,1504.4
Republic of Moldova,"Meat of sheep, fresh or chilled (biological)",2015,1533.6
Republic of Moldova,"Meat of sheep, fresh or chilled (biological)",2016,997.5
Republic of Moldova,"Meat of sheep, fresh or chilled (biological)",2017,1028.8
Republic of Moldova,"Meat of sheep, fresh or chilled (biological)",2018,999.1
Republic of Moldova,Millet,2015,284.8
Republic of Moldova,Millet,2016,396.5
Republic of Moldova,Millet,2017,419.7
Republic of Moldova,Millet,2018,180.7
Republic of Moldova,Mushrooms and truffles,2016,1433.0
Republic of Moldova,Mushrooms and truffles,2017,1683.2
Republic of Moldova,Mushrooms and truffles,2018,1407.7
Republic of Moldova,Natural honey,2015,2616.9
Republic of Moldova,Natural honey,2016,2145.4
Republic of Moldova,Natural honey,2017,2208.5
Republic of Moldova,Natural honey,2018,2915.1
Republic of Moldova,Oats,2015,124.8
Republic of Moldova,Oats,2016,129.3
Republic of Moldova,Oats,2017,140.0
Republic of Moldova,Oats,2018,153.1
Republic of Moldova,"Onions and shallots, dry (excluding dehydrated)",2015,154.3
Republic of Moldova,"Onions and shallots, dry (excluding dehydrated)",2016,169.5
Republic of Moldova,"Onions and shallots, dry (excluding dehydrated)",2017,114.1
Republic of Moldova,"Onions and shallots, dry (excluding dehydrated)",2018,194.3
Republic of Moldova,Other berries and fruits of the genus vaccinium n.e.c.,2016,1005.0
Republic of Moldova,Other berries and fruits of the genus vaccinium n.e.c.,2017,918.9
Republic of Moldova,Other berries and fruits of the genus vaccinium n.e.c.,2018,1440.8
Republic of Moldova,"Other fruits, n.e.c.",2015,150.6
Republic of Moldova,"Other fruits, n.e.c.",2016,144.3
Republic of Moldova,"Other fruits, n.e.c.",2017,210.1
Republic of Moldova,"Other fruits, n.e.c.",2018,153.1
Republic of Moldova,"Other oil seeds, n.e.c.",2015,177.2
Republic of Moldova,Other pulses n.e.c.,2015,82.3
Republic of Moldova,Other pulses n.e.c.,2016,252.0
Republic of Moldova,Other pulses n.e.c.,2017,221.8
Republic of Moldova,Other pulses n.e.c.,2018,126.4
Republic of Moldova,"Other vegetables, fresh n.e.c.",2015,313.1
Republic of Moldova,"Other vegetables, fresh n.e.c.",2016,183.8
Republic of Moldova,"Other vegetables, fresh n.e.c.",2017,150.1
Republic of Moldova,"Other vegetables, fresh n.e.c.",2018,218.2
Republic of Moldova,Peaches and nectarines,2015,183.1
Republic of Moldova,Peaches and nectarines,2016,204.6
Republic of Moldova,Peaches and nectarines,2017,214.6
Republic of Moldova,Peaches and nectarines,2018,221.0
Republic of Moldova,Pears,2015,293.6
Republic of Moldova,Pears,2016,202.0
Republic of Moldova,Pears,2017,311.1
Republic of Moldova,Pears,2018,300.2
Republic of Moldova,"Peas, dry",2015,223.2
Republic of Moldova,"Peas, dry",2016,237.7
Republic of Moldova,"Peas, dry",2017,191.5
Republic of Moldova,"Peas, dry",2018,185.9
Republic of Moldova,"Peas, green",2016,224.4
Republic of Moldova,"Peas, green",2017,258.2
Republic of Moldova,"Peas, green",2018,258.8
Republic of Moldova,Plums and sloes,2015,138.5
Republic of Moldova,Plums and sloes,2016,122.8
Republic of Moldova,Plums and sloes,2017,206.7
Republic of Moldova,Plums and sloes,2018,139.1
Republic of Moldova,Potatoes,2015,107.2
Republic of Moldova,Potatoes,2016,121.0
Republic of Moldova,Potatoes,2017,135.5
Republic of Moldova,Potatoes,2018,152.8
Republic of Moldova,"Pumpkins, squash and gourds",2015,103.4
Republic of Moldova,"Pumpkins, squash and gourds",2016,255.2
Republic of Moldova,"Pumpkins, squash and gourds",2017,91.5
Republic of Moldova,"Pumpkins, squash and gourds",2018,193.8
Republic of Moldova,Quinces,2015,313.5
Republic of Moldova,Quinces,2016,291.9
Republic of Moldova,Quinces,2017,413.6
Republic of Moldova,Quinces,2018,191.1
Republic of Moldova,Rape or colza seed,2015,361.1
Republic of Moldova,Rape or colza seed,2016,330.6
Republic of Moldova,Rape or colza seed,2017,339.0
Republic of Moldova,Rape or colza seed,2018,342.8
Republic of Moldova,Raspberries,2016,677.6
Republic of Moldova,Raspberries,2017,818.2
Republic of Moldova,Raspberries,2018,465.7
Republic of Moldova,Raw milk of cattle,2015,282.3
Republic of Moldova,Raw milk of cattle,2016,291.2
Republic of Moldova,Raw milk of cattle,2017,313.8
Republic of Moldova,Raw milk of cattle,2018,347.8
Republic of Moldova,Raw milk of sheep,2015,440.9
Republic of Moldova,Raw milk of sheep,2016,526.1
Republic of Moldova,Raw milk of sheep,2017,691.3
Republic of Moldova,Raw milk of sheep,2018,546.1
Republic of Moldova,Rye,2015,124.9
Republic of Moldova,Rye,2016,119.4
Republic of Moldova,Rye,2017,122.3
Republic of Moldova,Rye,2018,182.1
Republic of Moldova,"Shorn wool, greasy, including fleece-washed shorn wool",2015,538.5
Republic of Moldova,"Shorn wool, greasy, including fleece-washed shorn wool",2016,533.2
Republic of Moldova,"Shorn wool, greasy, including fleece-washed shorn wool",2017,423.1
Republic of Moldova,"Shorn wool, greasy, including fleece-washed shorn wool",2018,466.1
Republic of Moldova,Sorghum,2015,103.9
Republic of Moldova,Sorghum,2016,106.3
Republic of Moldova,Sorghum,2017,137.5
Republic of Moldova,Sorghum,2018,134.1
Republic of Moldova,Sour cherries,2015,380.2
Republic of Moldova,Soya beans,2015,318.5
Republic of Moldova,Soya beans,2016,308.7
Republic of Moldova,Soya beans,2017,318.6
Republic of Moldova,Soya beans,2018,333.8
Republic of Moldova,Strawberries,2016,695.9
Republic of Moldova,Strawberries,2017,845.3
Republic of Moldova,Strawberries,2018,678.8
Republic of Moldova,Sugar beet,2015,35.0
Republic of Moldova,Sugar beet,2016,36.4
Republic of Moldova,Sugar beet,2017,42.2
Republic of Moldova,Sugar beet,2018,36.0
Republic of Moldova,Sunflower seed,2015,347.1
Republic of Moldova,Sunflower seed,2016,316.1
Republic of Moldova,Sunflower seed,2017,297.6
Republic of Moldova,Sunflower seed,2018,300.6
Republic of Moldova,Tomatoes,2015,151.8
Republic of Moldova,Tomatoes,2016,120.1
Republic of Moldova,Tomatoes,2017,103.7
Republic of Moldova,Tomatoes,2018,161.5
Republic of Moldova,Unmanufactured tobacco,2015,1069.7
Republic of Moldova,Unmanufactured tobacco,2016,1180.1
Republic of Moldova,Unmanufactured tobacco,2017,1200.6
Republic of Moldova,Unmanufactured tobacco,2018,1367.7
Republic of Moldova,Vetches,2015,256.0
Republic of Moldova,Vetches,2016,556.5
Republic of Moldova,Vetches,2017,421.4
Republic of Moldova,Vetches,2018,480.5
Republic of Moldova,"Walnuts, in shell",2016,1323.2
Republic of Moldova,"Walnuts, in shell",2017,1354.4
Republic of Moldova,"Walnuts, in shell",2018,969.0
Republic of Moldova,Watermelons,2015,76.6
Republic of Moldova,Watermelons,2016,66.9
Republic of Moldova,Watermelons,2017,65.7
Republic of Moldova,Watermelons,2018,74.3
Republic of Moldova,Wheat,2015,129.1
Republic of Moldova,Wheat,2016,109.1
Republic of Moldova,Wheat,2017,122.9
Republic of Moldova,Wheat,2018,149.2
Romania,Apples,2015,666.6
Romania,Apples,2016,657.8
Romania,Apples,2017,683.5
Romania,Apples,2018,682.5
Romania,Apricots,2015,1200.8
Romania,Apricots,2016,1189.9
Romania,Apricots,2017,987.0
Romania,Apricots,2018,1293.9
Romania,Barley,2015,214.7
Romania,Barley,2016,197.1
Romania,Barley,2017,190.0
Romania,Barley,2018,208.0
Romania,"Beans, dry",2015,2276.8
Romania,"Beans, dry",2016,2103.9
Romania,"Beans, dry",2017,2127.1
Romania,"Beans, dry",2018,2176.8
Romania,Cabbages,2015,441.9
Romania,Cabbages,2016,342.4
Romania,Cabbages,2017,335.6
Romania,Cabbages,2018,492.2
Romania,Cantaloupes and other melons,2015,536.7
Romania,Cantaloupes and other melons,2016,450.8
Romania,Cantaloupes and other melons,2017,463.9
Romania,Cantaloupes and other melons,2018,629.2
Romania,Carrots and turnips,2015,659.1
Romania,Carrots and turnips,2016,581.4
Romania,Carrots and turnips,2017,537.9
Romania,Carrots and turnips,2018,776.3
Romania,Cauliflowers and broccoli,2015,986.1
Romania,Cauliflowers and broccoli,2016,958.3
Romania,Cauliflowers and broccoli,2017,1006.8
Romania,Cauliflowers and broccoli,2018,1233.0
Romania,Cherries,2015,1562.8
Romania,Cherries,2016,1788.5
Romania,Cherries,2017,1826.0
Romania,Cherries,2018,1616.1
Romania,"Chillies and peppers, green (Capsicum spp. and Pimenta spp.)",2015,691.5
Romania,"Chillies and peppers, green (Capsicum spp. and Pimenta spp.)",2016,662.7
Romania,"Chillies and peppers, green (Capsicum spp. and Pimenta spp.)",2017,776.6
Romania,"Chillies and peppers, green (Capsicum spp. and Pimenta spp.)",2018,949.1
Romania,Cucumbers and gherkins,2015,511.8
Romania,Cucumbers and gherkins,2016,618.4
Romania,Cucumbers and gherkins,2017,587.3
Romania,Cucumbers and gherkins,2018,657.1
Romania,Eggplants (aubergines),2015,496.8
Romania,Eggplants (aubergines),2016,487.8
Romania,Eggplants (aubergines),2017,700.8
Romania,Eggplants (aubergines),2018,621.6
Romania,Grapes,2015,722.7
Romania,Grapes,2016,714.4
Romania,Grapes,2017,768.7
Romania,Grapes,2018,652.0
Romania,Green garlic,2015,2573.9
Romania,Green garlic,2016,3323.3
Romania,Green garlic,2017,3842.1
Romania,Green garlic,2018,3701.5
Romania,"Hen eggs in shell, fresh",2015,2596.3
Romania,"Hen eggs in shell, fresh",2016,2512.8
Romania,"Hen eggs in shell, fresh",2017,2714.4
Romania,"Hen eggs in shell, fresh",2018,3044.4
Romania,Leeks and other alliaceous vegetables,2015,1033.5
Romania,Leeks and other alliaceous vegetables,2016,943.5
Romania,Leeks and other alliaceous vegetables,2017,999.4
Romania,Leeks and other alliaceous vegetables,2018,1103.6
Romania,Lettuce and chicory,2015,1804.9
Romania,Lettuce and chicory,2016,1643.2
Romania,Lettuce and chicory,2017,1552.1
Romania,Lettuce and chicory,2018,1433.4
Romania,Maize (corn),2015,189.7
Romania,Maize (corn),2016,182.3
Romania,Maize (corn),2017,167.8
Romania,Maize (corn),2018,180.1
Romania,"Meat of cattle with the bone, fresh or chilled",2015,2949.6
Romania,"Meat of cattle with the bone, fresh or chilled",2016,2775.2
Romania,"Meat of cattle with the bone, fresh or chilled",2017,2782.2
Romania,"Meat of cattle with the bone, fresh or chilled",2018,3263.9
Romania,"Meat of cattle with the bone, fresh or chilled (biological)",2015,1510.4
Romania,"Meat of cattle with the bone, fresh or chilled (biological)",2016,1460.9
Romania,"Meat of cattle with the bone, fresh or chilled (biological)",2017,1564.5
Romania,"Meat of cattle with the bone, fresh or chilled (biological)",2018,1803.8
Romania,"Meat of chickens, fresh or chilled",2015,1834.9
Romania,"Meat of chickens, fresh or chilled",2016,1813.2
Romania,"Meat of chickens, fresh or chilled",2017,1806.3
Romania,"Meat of chickens, fresh or chilled",2018,1862.2
Romania,"Meat of chickens, fresh or chilled (biological)",2015,1001.1
Romania,"Meat of chickens, fresh or chilled (biological)",2016,1022.4
Romania,"Meat of chickens, fresh or chilled (biological)",2017,1066.0
Romania,"Meat of chickens, fresh or chilled (biological)",2018,964.1
Romania,"Meat of goat, fresh or chilled (biological)",2018,733.2
Romania,"Meat of pig with the bone, fresh or chilled",2015,2057.1
Romania,"Meat of pig with the bone, fresh or chilled",2016,2037.4
Romania,"Meat of pig with the bone, fresh or chilled",2017,2245.5
Romania,"Meat of pig with the bone, fresh or chilled",2018,2268.1
Romania,"Meat of pig with the bone, fresh or chilled (biological)",2015,1305.7
Romania,"Meat of pig with the bone, fresh or chilled (biological)",2016,1315.5
Romania,"Meat of pig with the bone, fresh or chilled (biological)",2017,1527.5
Romania,"Meat of pig with the bone, fresh or chilled (biological)",2018,1395.4
Romania,"Meat of sheep, fresh or chilled",2015,4816.9
Romania,"Meat of sheep, fresh or chilled",2016,4539.1
Romania,"Meat of sheep, fresh or chilled",2017,4278.8
Romania,"Meat of sheep, fresh or chilled",2018,5038.5
Romania,"Meat of sheep, fresh or chilled (biological)",2015,2019.6
Romania,"Meat of sheep, fresh or chilled (biological)",2016,1818.1
Romania,"Meat of sheep, fresh or chilled (biological)",2017,1727.3
Romania,"Meat of sheep, fresh or chilled (biological)",2018,1862.2
Romania,Mushrooms and truffles,2015,2176.9
Romania,Mushrooms and truffles,2016,2202.4
Romania,Mushrooms and truffles,2017,2359.0
Romania,Mushrooms and truffles,2018,2417.8
Romania,Natural honey,2015,5959.1
Romania,Natural honey,2016,5954.4
Romania,Natural honey,2017,5719.9
Romania,Natural honey,2018,6096.5
Romania,Oats,2015,227.2
Romania,Oats,2016,219.3
Romania,Oats,2017,219.6
Romania,Oats,2018,220.7
Romania,"Onions and shallots, dry (excluding dehydrated)",2015,561.7
Romania,"Onions and shallots, dry (excluding dehydrated)",2016,524.7
Romania,"Onions and shallots, dry (excluding dehydrated)",2017,491.1
Romania,"Onions and shallots, dry (excluding dehydrated)",2018,667.2
Romania,"Other beans, green",2015,1128.4
Romania,"Other beans, green",2016,1199.7
Romania,"Other beans, green",2017,1184.5
Romania,"Other beans, green",2018,1306.6
Romania,Peaches and nectarines,2015,931.2
Romania,Peaches and nectarines,2016,835.1
Romania,Peaches and nectarines,2017,880.9
Romania,Peaches and nectarines,2018,1009.7
Romania,Pears,2015,1130.9
Romania,Pears,2016,1180.0
Romania,Pears,2017,1285.6
Romania,Pears,2018,1245.7
Romania,"Peas, dry",2015,1632.7
Romania,"Peas, dry",2016,1561.9
Romania,"Peas, dry",2017,1584.2
Romania,"Peas, dry",2018,1560.3
Romania,"Peas, green",2015,1240.7
Romania,"Peas, green",2016,1135.7
Romania,"Peas, green",2017,1253.5
Romania,"Peas, green",2018,1862.2
Romania,Plums and sloes,2015,591.7
Romania,Plums and sloes,2016,529.7
Romania,Plums and sloes,2017,723.0
Romania,Plums and sloes,2018,575.9
Romania,Potatoes,2015,299.6
Romania,Potatoes,2016,340.0
Romania,Potatoes,2017,328.2
Romania,Potatoes,2018,352.6
Romania,"Pumpkins, squash and gourds",2015,461.8
Romania,"Pumpkins, squash and gourds",2016,500.1
Romania,"Pumpkins, squash and gourds",2017,520.7
Romania,"Pumpkins, squash and gourds",2018,712.9
Romania,Rape or colza seed,2015,409.4
Romania,Rape or colza seed,2016,386.8
Romania,Rape or colza seed,2017,389.9
Romania,Rape or colza seed,2018,365.3
Romania,Raw milk of cattle,2015,511.8
Romania,Raw milk of cattle,2016,502.6
Romania,Raw milk of cattle,2017,525.6
Romania,Raw milk of cattle,2018,479.5
Romania,Raw milk of sheep,2015,586.7
Romania,Raw milk of sheep,2016,578.9
Romania,Raw milk of sheep,2017,587.3
Romania,Raw milk of sheep,2018,601.3
Romania,Sour cherries,2015,1245.7
Romania,Sour cherries,2016,1325.4
Romania,Sour cherries,2017,1485.5
Romania,Sour cherries,2018,1331.9
Romania,Soya beans,2015,332.0
Romania,Soya beans,2016,342.4
Romania,Soya beans,2017,330.7
Romania,Soya beans,2018,342.5
Romania,Spinach,2015,1487.9
Romania,Spinach,2016,1246.6
Romania,Spinach,2017,1396.7
Romania,Spinach,2018,1649.1
Romania,Strawberries,2015,1313.1
Romania,Strawberries,2016,1118.5
Romania,Strawberries,2017,1384.3
Romania,Strawberries,2018,1537.4
Romania,String beans,2015,1128.4
Romania,String beans,2016,1199.7
Romania,String beans,2017,1184.5
Romania,String beans,2018,1306.6
Romania,Sugar beet,2015,39.9
Romania,Sugar beet,2016,32.0
Romania,Sugar beet,2017,32.1
Romania,Sugar beet,2018,33.0
Romania,Sunflower seed,2015,374.5
Romania,Sunflower seed,2016,372.0
Romania,Sunflower seed,2017,338.1
Romania,Sunflower seed,2018,334.9
Romania,Tomatoes,2015,711.5
Romania,Tomatoes,2016,751.4
Romania,Tomatoes,2017,804.4
Romania,Tomatoes,2018,862.6
Romania,"Walnuts, in shell",2015,2296.7
Romania,"Walnuts, in shell",2016,1729.4
Romania,"Walnuts, in shell",2017,2141.9
Romania,"Walnuts, in shell",2018,2270.6
Romania,Watermelons,2015,272.1
Romania,Watermelons,2016,239.0
Romania,Watermelons,2017,222.1
Romania,Watermelons,2018,345.0
Romania,Wheat,2015,184.7
Romania,Wheat,2016,155.2
Romania,Wheat,2017,160.4
Romania,Wheat,2018,172.5
Russian Federation,Barley,2015,120.5
Russian Federation,Barley,2016,115.4
Russian Federation,Barley,2017,116.2
Russian Federation,Barley,2018,129.5
Russian Federation,Buckwheat,2015,330.5
Russian Federation,Buckwheat,2016,385.8
Russian Federation,Buckwheat,2017,268.5
Russian Federation,Buckwheat,2018,120.0
Russian Federation,Cabbages,2015,249.1
Russian Federation,Cabbages,2016,182.2
Russian Federation,Cabbages,2017,165.0
Russian Federation,Cabbages,2018,188.7
Russian Federation,Carrots and turnips,2015,237.5
Russian Federation,Carrots and turnips,2016,184.1
Russian Federation,Carrots and turnips,2017,189.1
Russian Federation,Carrots and turnips,2018,195.6
Russian Federation,Cucumbers and gherkins,2015,1114.2
Russian Federation,Cucumbers and gherkins,2016,1122.8
Russian Federation,Cucumbers and gherkins,2017,1302.4
Russian Federation,Cucumbers and gherkins,2018,1140.6
Russian Federation,"Flax, processed but not spun",2015,461.4
Russian Federation,"Flax, processed but not spun",2016,337.9
Russian Federation,"Flax, processed but not spun",2017,312.2
Russian Federation,"Flax, processed but not spun",2018,440.6
Russian Federation,Grapes,2015,361.4
Russian Federation,Grapes,2016,368.8
Russian Federation,Grapes,2017,513.3
Russian Federation,Grapes,2018,476.5
Russian Federation,"Hen eggs in shell, fresh",2015,1222.3
Russian Federation,"Hen eggs in shell, fresh",2016,1114.2
Russian Federation,"Hen eggs in shell, fresh",2017,1091.1
Russian Federation,"Hen eggs in shell, fresh",2018,1110.7
Russian Federation,"Horse meat, fresh or chilled (biological)",2015,1735.7
Russian Federation,"Horse meat, fresh or chilled (biological)",2016,1589.9
Russian Federation,"Horse meat, fresh or chilled (biological)",2017,1899.5
Russian Federation,"Horse meat, fresh or chilled (biological)",2018,1790.6
Russian Federation,Maize (corn),2015,128.9
Russian Federation,Maize (corn),2016,124.5
Russian Federation,Maize (corn),2017,120.5
Russian Federation,Maize (corn),2018,126.2
Russian Federation,"Meat of cattle with the bone, fresh or chilled",2015,3992.8
Russian Federation,"Meat of cattle with the bone, fresh or chilled",2016,3751.7
Russian Federation,"Meat of cattle with the bone, fresh or chilled",2017,3961.6
Russian Federation,"Meat of cattle with the bone, fresh or chilled",2018,3639.0
Russian Federation,"Meat of cattle with the bone, fresh or chilled (biological)",2015,1531.5
Russian Federation,"Meat of cattle with the bone, fresh or chilled (biological)",2016,1440.0
Russian Federation,"Meat of cattle with the bone, fresh or chilled (biological)",2017,1672.2
Russian Federation,"Meat of cattle with the bone, fresh or chilled (biological)",2018,1588.1
Russian Federation,"Meat of chickens, fresh or chilled",2015,1535.1
Russian Federation,"Meat of chickens, fresh or chilled",2016,1408.3
Russian Federation,"Meat of chickens, fresh or chilled",2017,1603.6
Russian Federation,"Meat of chickens, fresh or chilled",2018,1557.2
Russian Federation,"Meat of chickens, fresh or chilled (biological)",2015,1169.6
Russian Federation,"Meat of chickens, fresh or chilled (biological)",2016,1078.9
Russian Federation,"Meat of chickens, fresh or chilled (biological)",2017,1166.5
Russian Federation,"Meat of chickens, fresh or chilled (biological)",2018,1130.5
Russian Federation,"Meat of goat, fresh or chilled (biological)",2015,1307.6
Russian Federation,"Meat of goat, fresh or chilled (biological)",2016,1279.8
Russian Federation,"Meat of goat, fresh or chilled (biological)",2017,1532.3
Russian Federation,"Meat of goat, fresh or chilled (biological)",2018,1432.4
Russian Federation,"Meat of pig with the bone, fresh or chilled",2015,2757.8
Russian Federation,"Meat of pig with the bone, fresh or chilled",2016,2238.4
Russian Federation,"Meat of pig with the bone, fresh or chilled",2017,2572.3
Russian Federation,"Meat of pig with the bone, fresh or chilled",2018,2465.2
Russian Federation,"Meat of pig with the bone, fresh or chilled (biological)",2015,1690.7
Russian Federation,"Meat of pig with the bone, fresh or chilled (biological)",2016,1401.5
Russian Federation,"Meat of pig with the bone, fresh or chilled (biological)",2017,1654.1
Russian Federation,"Meat of pig with the bone, fresh or chilled (biological)",2018,1589.1
Russian Federation,"Meat of sheep, fresh or chilled",2015,3198.9
Russian Federation,"Meat of sheep, fresh or chilled",2016,2776.7
Russian Federation,"Meat of sheep, fresh or chilled",2017,3211.6
Russian Federation,"Meat of sheep, fresh or chilled",2018,4174.2
Russian Federation,"Meat of sheep, fresh or chilled (biological)",2015,1307.6
Russian Federation,"Meat of sheep, fresh or chilled (biological)",2016,1279.8
Russian Federation,"Meat of sheep, fresh or chilled (biological)",2017,1532.3
Russian Federation,"Meat of sheep, fresh or chilled (biological)",2018,1432.4
Russian Federation,Millet,2015,120.9
Russian Federation,Millet,2016,96.0
Russian Federation,Millet,2017,87.4
Russian Federation,Millet,2018,188.0
Russian Federation,Natural honey,2015,3750.6
Russian Federation,Natural honey,2016,3531.9
Russian Federation,Natural honey,2017,3899.1
Russian Federation,Natural honey,2018,3916.2
Russian Federation,Oats,2015,90.1
Russian Federation,Oats,2016,95.4
Russian Federation,Oats,2017,111.8
Russian Federation,Oats,2018,95.3
Russian Federation,"Onions and shallots, dry (excluding dehydrated)",2015,229.4
Russian Federation,"Onions and shallots, dry (excluding dehydrated)",2016,144.7
Russian Federation,"Onions and shallots, dry (excluding dehydrated)",2017,167.0
Russian Federation,"Onions and shallots, dry (excluding dehydrated)",2018,166.8
Russian Federation,Other berries and fruits of the genus vaccinium n.e.c.,2015,1927.1
Russian Federation,Other berries and fruits of the genus vaccinium n.e.c.,2016,1839.6
Russian Federation,Other berries and fruits of the genus vaccinium n.e.c.,2017,2144.6
Russian Federation,Other berries and fruits of the genus vaccinium n.e.c.,2018,1919.0
Russian Federation,Other pome fruits,2015,513.8
Russian Federation,Other pome fruits,2016,541.1
Russian Federation,Other pome fruits,2017,549.7
Russian Federation,Other pome fruits,2018,605.9
Russian Federation,Other pulses n.e.c.,2015,214.5
Russian Federation,Other pulses n.e.c.,2016,249.1
Russian Federation,Other pulses n.e.c.,2017,210.4
Russian Federation,Other pulses n.e.c.,2018,152.3
Russian Federation,Other stone fruits,2015,937.8
Russian Federation,Other stone fruits,2016,868.8
Russian Federation,Other stone fruits,2017,1015.2
Russian Federation,Other stone fruits,2018,653.8
Russian Federation,"Other vegetables, fresh n.e.c.",2015,218.0
Russian Federation,"Other vegetables, fresh n.e.c.",2016,159.2
Russian Federation,"Other vegetables, fresh n.e.c.",2017,158.5
Russian Federation,"Other vegetables, fresh n.e.c.",2018,168.8
Russian Federation,"Peas, dry",2015,199.3
Russian Federation,"Peas, dry",2016,212.5
Russian Federation,"Peas, dry",2017,181.1
Russian Federation,"Peas, dry",2018,145.3
Russian Federation,Potatoes,2015,216.6
Russian Federation,Potatoes,2016,152.8
Russian Federation,Potatoes,2017,198.9
Russian Federation,Potatoes,2018,200.2
Russian Federation,Rape or colza seed,2015,315.3
Russian Federation,Rape or colza seed,2016,336.8
Russian Federation,Rape or colza seed,2017,344.7
Russian Federation,Rape or colza seed,2018,331.6
Russian Federation,Raw milk of cattle,2015,338.8
Russian Federation,Raw milk of cattle,2016,325.3
Russian Federation,Raw milk of cattle,2017,419.7
Russian Federation,Raw milk of cattle,2018,364.7
Russian Federation,Rice,2015,322.5
Russian Federation,Rice,2016,240.7
Russian Federation,Rice,2017,263.8
Russian Federation,Rice,2018,261.8
Russian Federation,Rye,2015,86.1
Russian Federation,Rye,2016,91.7
Russian Federation,Rye,2017,96.4
Russian Federation,Rye,2018,88.7
Russian Federation,"Shorn wool, greasy, including fleece-washed shorn wool",2015,1144.7
Russian Federation,"Shorn wool, greasy, including fleece-washed shorn wool",2016,982.9
Russian Federation,"Shorn wool, greasy, including fleece-washed shorn wool",2017,1665.0
Russian Federation,"Shorn wool, greasy, including fleece-washed shorn wool",2018,1754.5
Russian Federation,Soya beans,2015,312.3
Russian Federation,Soya beans,2016,349.9
Russian Federation,Soya beans,2017,362.3
Russian Federation,Soya beans,2018,360.6
Russian Federation,Sugar beet,2015,50.4
Russian Federation,Sugar beet,2016,43.5
Russian Federation,Sugar beet,2017,38.3
Russian Federation,Sugar beet,2018,42.2
Russian Federation,Sunflower seed,2015,332.9
Russian Federation,Sunflower seed,2016,326.4
Russian Federation,Sunflower seed,2017,291.9
Russian Federation,Sunflower seed,2018,283.7
Russian Federation,Tea leaves,2017,72627.4
Russian Federation,Tea leaves,2018,67614.7
Russian Federation,Tomatoes,2015,1036.6
Russian Federation,Tomatoes,2016,929.1
Russian Federation,Tomatoes,2017,1216.4
Russian Federation,Tomatoes,2018,1136.6
Russian Federation,Watermelons,2015,95.9
Russian Federation,Watermelons,2016,78.4
Russian Federation,Watermelons,2017,109.4
Russian Federation,Watermelons,2018,133.7
Russian Federation,Wheat,2015,143.9
Russian Federation,Wheat,2016,131.8
Russian Federation,Wheat,2017,125.2
Russian Federation,Wheat,2018,136.2
Rwanda,Avocados,2015,341.5
Rwanda,Avocados,2016,272.9
Rwanda,Avocados,2017,295.9
Rwanda,Avocados,2018,287.4
Rwanda,Bananas,2015,710.3
Rwanda,"Beans, dry",2015,546.2
Rwanda,"Beans, dry",2016,560.0
Rwanda,"Beans, dry",2017,548.9
Rwanda,"Beans, dry",2018,450.2
Rwanda,Cabbages,2015,182.2
Rwanda,Cabbages,2016,204.3
Rwanda,Cabbages,2017,170.2
Rwanda,Cabbages,2018,175.1
Rwanda,Carrots and turnips,2015,446.7
Rwanda,Carrots and turnips,2016,450.2
Rwanda,Carrots and turnips,2017,423.6
Rwanda,Carrots and turnips,2018,414.7
Rwanda,"Cassava, fresh",2015,307.9
Rwanda,"Cassava, fresh",2016,269.2
Rwanda,"Cassava, fresh",2017,336.6
Rwanda,"Cassava, fresh",2018,279.1
Rwanda,"Chillies and peppers, green (Capsicum spp. and Pimenta spp.)",2015,695.5
Rwanda,"Chillies and peppers, green (Capsicum spp. and Pimenta spp.)",2016,699.6
Rwanda,"Chillies and peppers, green (Capsicum spp. and Pimenta spp.)",2017,634.6
Rwanda,"Chillies and peppers, green (Capsicum spp. and Pimenta spp.)",2018,671.7
Rwanda,"Coffee, green",2015,277.4
Rwanda,Cooking bananas,2016,252.0
Rwanda,Cooking bananas,2017,297.0
Rwanda,Cooking bananas,2018,238.0
Rwanda,Eggplants (aubergines),2015,377.6
Rwanda,Eggplants (aubergines),2016,384.1
Rwanda,Eggplants (aubergines),2017,342.4
Rwanda,Eggplants (aubergines),2018,362.0
Rwanda,"Groundnuts, excluding shelled",2015,1401.3
Rwanda,"Groundnuts, excluding shelled",2016,1289.4
Rwanda,"Groundnuts, excluding shelled",2017,1276.8
Rwanda,"Groundnuts, excluding shelled",2018,1151.5
Rwanda,"Hen eggs in shell, fresh",2015,2771.1
Rwanda,"Hen eggs in shell, fresh",2016,2634.4
Rwanda,"Hen eggs in shell, fresh",2017,2630.6
Rwanda,"Hen eggs in shell, fresh",2018,2557.4
Rwanda,Lemons and limes,2015,775.9
Rwanda,Lemons and limes,2016,805.4
Rwanda,Lemons and limes,2017,756.4
Rwanda,Lemons and limes,2018,634.8
Rwanda,Maize (corn),2015,323.1
Rwanda,Maize (corn),2016,364.4
Rwanda,Maize (corn),2017,418.3
Rwanda,Maize (corn),2018,264.6
Rwanda,"Mangoes, guavas and mangosteens",2015,905.5
Rwanda,"Mangoes, guavas and mangosteens",2016,752.9
Rwanda,"Mangoes, guavas and mangosteens",2017,634.6
Rwanda,"Mangoes, guavas and mangosteens",2018,688.7
Rwanda,"Meat of cattle with the bone, fresh or chilled",2015,2481.3
Rwanda,"Meat of cattle with the bone, fresh or chilled",2016,2710.2
Rwanda,"Meat of cattle with the bone, fresh or chilled",2017,2593.9
Rwanda,"Meat of cattle with the bone, fresh or chilled",2018,2587.0
Rwanda,"Meat of cattle with the bone, fresh or chilled (biological)",2015,1023.8
Rwanda,"Meat of chickens, fresh or chilled",2015,5733.3
Rwanda,"Meat of chickens, fresh or chilled",2016,5243.1
Rwanda,"Meat of chickens, fresh or chilled",2018,2514.4
Rwanda,"Meat of chickens, fresh or chilled (biological)",2016,3458.3
Rwanda,"Meat of chickens, fresh or chilled (biological)",2017,3342.8
Rwanda,"Meat of chickens, fresh or chilled (biological)",2018,3346.6
Rwanda,"Meat of ducks, fresh or chilled (biological)",2016,2588.2
Rwanda,"Meat of ducks, fresh or chilled (biological)",2017,1286.5
Rwanda,"Meat of ducks, fresh or chilled (biological)",2018,1334.1
Rwanda,"Meat of goat, fresh or chilled",2015,3698.1
Rwanda,"Meat of goat, fresh or chilled",2016,3561.1
Rwanda,"Meat of goat, fresh or chilled",2017,1610.9
Rwanda,"Meat of goat, fresh or chilled",2018,1576.2
Rwanda,"Meat of goat, fresh or chilled (biological)",2015,1586.4
Rwanda,"Meat of pig with the bone, fresh or chilled",2015,2244.0
Rwanda,"Meat of pig with the bone, fresh or chilled",2016,2794.5
Rwanda,"Meat of pig with the bone, fresh or chilled",2017,2770.9
Rwanda,"Meat of pig with the bone, fresh or chilled",2018,3308.5
Rwanda,"Meat of pig with the bone, fresh or chilled (biological)",2015,1166.7
Rwanda,"Meat of sheep, fresh or chilled",2015,2550.6
Rwanda,"Meat of sheep, fresh or chilled (biological)",2015,1139.2
Rwanda,Natural honey,2015,4206.9
Rwanda,Natural honey,2016,4585.6
Rwanda,Natural honey,2017,4231.4
Rwanda,Natural honey,2018,4343.3
Rwanda,"Onions and shallots, dry (excluding dehydrated)",2015,737.0
Rwanda,"Onions and shallots, dry (excluding dehydrated)",2016,735.6
Rwanda,"Onions and shallots, dry (excluding dehydrated)",2017,708.7
Rwanda,"Onions and shallots, dry (excluding dehydrated)",2018,774.4
Rwanda,Oranges,2015,848.8
Rwanda,Oranges,2016,700.9
Rwanda,Oranges,2017,644.1
Rwanda,Oranges,2018,571.8
Rwanda,"Other beans, green",2016,855.6
Rwanda,"Other beans, green",2017,733.7
Rwanda,"Other beans, green",2018,765.1
Rwanda,Papayas,2015,646.3
Rwanda,Papayas,2016,463.3
Rwanda,Papayas,2017,483.1
Rwanda,Papayas,2018,410.3
Rwanda,"Peas, dry",2016,1494.9
Rwanda,"Peas, dry",2017,1231.4
Rwanda,"Peas, dry",2018,926.3
Rwanda,Pineapples,2015,378.0
Rwanda,Pineapples,2016,281.7
Rwanda,Pineapples,2017,283.8
Rwanda,Pineapples,2018,280.6
Rwanda,Plantains and cooking bananas,2015,230.0
Rwanda,Potatoes,2015,261.0
Rwanda,Potatoes,2016,316.9
Rwanda,Potatoes,2017,270.5
Rwanda,Potatoes,2018,259.1
Rwanda,"Pumpkins, squash and gourds",2015,444.0
Rwanda,"Pumpkins, squash and gourds",2016,309.5
Rwanda,"Pumpkins, squash and gourds",2017,301.9
Rwanda,"Pumpkins, squash and gourds",2018,253.7
Rwanda,Raw milk of cattle,2015,455.4
Rwanda,Raw milk of cattle,2016,642.7
Rwanda,Raw milk of cattle,2017,636.1
Rwanda,Raw milk of cattle,2018,643.0
Rwanda,Rice,2015,891.6
Rwanda,Rice,2016,851.0
Rwanda,Rice,2017,877.0
Rwanda,Rice,2018,867.7
Rwanda,Sorghum,2015,485.3
Rwanda,Sorghum,2016,392.7
Rwanda,Sorghum,2017,534.2
Rwanda,Sorghum,2018,418.5
Rwanda,Soya beans,2015,661.0
Rwanda,Soya beans,2016,547.6
Rwanda,Soya beans,2017,575.8
Rwanda,Soya beans,2018,527.0
Rwanda,Sugar cane,2016,115.2
Rwanda,Sugar cane,2017,339.0
Rwanda,Sugar cane,2018,316.1
Rwanda,Sweet potatoes,2015,200.5
Rwanda,Sweet potatoes,2016,225.3
Rwanda,Sweet potatoes,2017,266.4
Rwanda,Sweet potatoes,2018,188.6
Rwanda,Taro,2015,307.3
Rwanda,Taro,2016,457.9
Rwanda,Taro,2017,546.2
Rwanda,Taro,2018,441.5
Rwanda,Tea leaves,2015,179.4
Rwanda,Tomatoes,2015,554.5
Rwanda,Tomatoes,2016,491.0
Rwanda,Tomatoes,2017,505.3
Rwanda,Tomatoes,2018,538.3
Rwanda,Wheat,2015,640.7
Rwanda,Wheat,2016,637.3
Rwanda,Wheat,2017,631.7
Rwanda,Wheat,2018,504.4
Rwanda,Yams,2016,357.8
Rwanda,Yams,2017,318.3
Rwanda,Yams,2018,205.1
Saint Kitts and Nevis,Cabbages,2015,1428.9
Saint Kitts and Nevis,Cabbages,2016,1621.5
Saint Kitts and Nevis,Cabbages,2017,2041.3
Saint Kitts and Nevis,Cabbages,2018,2041.3
Saint Kitts and Nevis,Carrots and turnips,2015,1837.2
Saint Kitts and Nevis,Carrots and turnips,2016,2363.0
Saint Kitts and Nevis,Carrots and turnips,2017,2449.6
Saint Kitts and Nevis,Carrots and turnips,2018,2857.9
Saint Kitts and Nevis,"Chillies and peppers, green (Capsicum spp. and Pimenta spp.)",2015,2449.6
Saint Kitts and Nevis,"Coconuts, in shell",2015,2041.3
Saint Kitts and Nevis,Cucumbers and gherkins,2015,1428.9
Saint Kitts and Nevis,Cucumbers and gherkins,2016,2444.4
Saint Kitts and Nevis,Cucumbers and gherkins,2017,1633.1
Saint Kitts and Nevis,Cucumbers and gherkins,2018,1633.1
Saint Kitts and Nevis,"Edible roots and tubers with high starch or inulin content, n.e.c., fresh",2015,2449.6
Saint Kitts and Nevis,"Edible roots and tubers with high starch or inulin content, n.e.c., fresh",2017,4082.7
Saint Kitts and Nevis,"Edible roots and tubers with high starch or inulin content, n.e.c., fresh",2018,4082.7
Saint Kitts and Nevis,"Hen eggs in shell, fresh",2015,7348.8
Saint Kitts and Nevis,"Hen eggs in shell, fresh",2016,7256.2
Saint Kitts and Nevis,"Hen eggs in shell, fresh",2017,5144.0
Saint Kitts and Nevis,"Hen eggs in shell, fresh",2018,5487.0
Saint Kitts and Nevis,Maize (corn),2017,2041.3
Saint Kitts and Nevis,Maize (corn),2018,2041.3
Saint Kitts and Nevis,"Meat of cattle with the bone, fresh or chilled (biological)",2015,7348.8
Saint Kitts and Nevis,"Meat of cattle with the bone, fresh or chilled (biological)",2016,4899.2
Saint Kitts and Nevis,"Meat of cattle with the bone, fresh or chilled (biological)",2017,2449.6
Saint Kitts and Nevis,"Meat of cattle with the bone, fresh or chilled (biological)",2018,2449.6
Saint Kitts and Nevis,"Meat of chickens, fresh or chilled (biological)",2015,4082.7
Saint Kitts and Nevis,"Meat of goat, fresh or chilled (biological)",2015,7348.8
Saint Kitts and Nevis,"Meat of goat, fresh or chilled (biological)",2016,5688.1
Saint Kitts and Nevis,"Meat of goat, fresh or chilled (biological)",2017,3674.4
Saint Kitts and Nevis,"Meat of goat, fresh or chilled (biological)",2018,3674.4
Saint Kitts and Nevis,"Meat of pig with the bone, fresh or chilled (biological)",2015,4899.2
Saint Kitts and Nevis,"Meat of pig with the bone, fresh or chilled (biological)",2016,4837.4
Saint Kitts and Nevis,"Meat of pig with the bone, fresh or chilled (biological)",2017,4899.2
Saint Kitts and Nevis,"Meat of pig with the bone, fresh or chilled (biological)",2018,4899.2
Saint Kitts and Nevis,"Meat of sheep, fresh or chilled (biological)",2015,7348.8
Saint Kitts and Nevis,"Meat of sheep, fresh or chilled (biological)",2016,5688.1
Saint Kitts and Nevis,"Meat of sheep, fresh or chilled (biological)",2017,3674.4
Saint Kitts and Nevis,"Meat of sheep, fresh or chilled (biological)",2018,3674.4
Saint Kitts and Nevis,"Onions and shallots, dry (excluding dehydrated)",2015,1224.8
Saint Kitts and Nevis,"Onions and shallots, dry (excluding dehydrated)",2016,2028.9
Saint Kitts and Nevis,"Onions and shallots, dry (excluding dehydrated)",2017,816.5
Saint Kitts and Nevis,"Onions and shallots, dry (excluding dehydrated)",2018,1020.7
Saint Kitts and Nevis,Pineapples,2015,4082.7
Saint Kitts and Nevis,Pineapples,2016,6233.3
Saint Kitts and Nevis,Pineapples,2017,6233.3
Saint Kitts and Nevis,Pineapples,2018,6233.3
Saint Kitts and Nevis,Sweet potatoes,2015,2449.6
Saint Kitts and Nevis,Sweet potatoes,2016,3381.5
Saint Kitts and Nevis,Sweet potatoes,2017,3266.1
Saint Kitts and Nevis,Sweet potatoes,2018,3266.1
Saint Kitts and Nevis,Tomatoes,2015,2245.5
Saint Kitts and Nevis,Tomatoes,2016,3666.7
Saint Kitts and Nevis,Tomatoes,2017,2857.9
Saint Kitts and Nevis,Tomatoes,2018,2857.9
Saint Kitts and Nevis,Watermelons,2015,1224.8
Saint Kitts and Nevis,Watermelons,2016,2240.7
Saint Kitts and Nevis,Watermelons,2017,1428.9
Saint Kitts and Nevis,Watermelons,2018,1428.9
Saint Kitts and Nevis,Yams,2015,2449.6
Saint Lucia,Avocados,2017,1837.0
Saint Lucia,Avocados,2018,1970.4
Saint Lucia,Bananas cavendish,2017,469.0
Saint Lucia,Bananas cavendish,2018,768.0
Saint Lucia,Cabbages,2017,1637.0
Saint Lucia,Cabbages,2018,1637.0
Saint Lucia,Cantaloupes and other melons,2017,1896.3
Saint Lucia,Cantaloupes and other melons,2018,1911.1
Saint Lucia,Carrots and turnips,2017,1985.2
Saint Lucia,Carrots and turnips,2018,1900.0
Saint Lucia,"Cassava, fresh",2017,529.6
Saint Lucia,"Cassava, fresh",2018,713.0
Saint Lucia,"Cinnamon and cinnamon-tree flowers, raw",2017,8155.6
Saint Lucia,"Cinnamon and cinnamon-tree flowers, raw",2018,9170.4
Saint Lucia,Cocoa beans,2017,8148.1
Saint Lucia,Cocoa beans,2018,4888.9
Saint Lucia,"Coconuts, in shell",2017,1611.1
Saint Lucia,"Coconuts, in shell",2018,1544.4
Saint Lucia,"Coffee, green",2017,6340.7
Saint Lucia,"Coffee, green",2018,6340.7
Saint Lucia,Cooking bananas,2017,626.0
Saint Lucia,Cooking bananas,2018,648.0
Saint Lucia,Cucumbers and gherkins,2017,1355.6
Saint Lucia,Cucumbers and gherkins,2018,1385.2
Saint Lucia,Eggplants (aubergines),2017,1674.1
Saint Lucia,Eggplants (aubergines),2018,1748.1
Saint Lucia,"Ginger, raw",2017,3066.7
Saint Lucia,"Ginger, raw",2018,3022.2
Saint Lucia,"Hen eggs in shell, fresh",2017,3779.3
Saint Lucia,"Hen eggs in shell, fresh",2018,3779.3
Saint Lucia,Lemons and limes,2017,2151.9
Saint Lucia,Lemons and limes,2018,2264.8
Saint Lucia,Lettuce and chicory,2017,3181.5
Saint Lucia,Lettuce and chicory,2018,3092.6
Saint Lucia,Maize (corn),2017,2196.3
Saint Lucia,Maize (corn),2018,1974.1
Saint Lucia,"Mangoes, guavas and mangosteens",2017,1266.7
Saint Lucia,"Mangoes, guavas and mangosteens",2018,1350.0
Saint Lucia,"Meat of cattle with the bone, fresh or chilled",2017,6518.5
Saint Lucia,"Meat of cattle with the bone, fresh or chilled",2018,6518.5
Saint Lucia,"Meat of cattle with the bone, fresh or chilled (biological)",2017,4074.1
Saint Lucia,"Meat of cattle with the bone, fresh or chilled (biological)",2018,4074.1
Saint Lucia,"Meat of chickens, fresh or chilled",2017,4318.5
Saint Lucia,"Meat of chickens, fresh or chilled",2018,4318.5
Saint Lucia,"Meat of chickens, fresh or chilled (biological)",2017,1874.1
Saint Lucia,"Meat of chickens, fresh or chilled (biological)",2018,1874.1
Saint Lucia,"Meat of goat, fresh or chilled",2017,11407.4
Saint Lucia,"Meat of goat, fresh or chilled",2018,12222.2
Saint Lucia,"Meat of goat, fresh or chilled (biological)",2017,8148.1
Saint Lucia,"Meat of goat, fresh or chilled (biological)",2018,8148.1
Saint Lucia,"Meat of pig with the bone, fresh or chilled",2017,4481.5
Saint Lucia,"Meat of pig with the bone, fresh or chilled",2018,4807.4
Saint Lucia,"Meat of pig with the bone, fresh or chilled (biological)",2017,4074.1
Saint Lucia,"Meat of pig with the bone, fresh or chilled (biological)",2018,4074.1
Saint Lucia,"Meat of sheep, fresh or chilled",2017,10592.6
Saint Lucia,"Meat of sheep, fresh or chilled",2018,11407.4
Saint Lucia,"Meat of sheep, fresh or chilled (biological)",2017,8148.1
Saint Lucia,"Meat of sheep, fresh or chilled (biological)",2018,8148.1
Saint Lucia,"Nutmeg, mace, cardamoms, raw",2017,6966.7
Saint Lucia,"Nutmeg, mace, cardamoms, raw",2018,6144.4
Saint Lucia,Oranges,2017,1518.5
Saint Lucia,Oranges,2018,1322.2
Saint Lucia,"Other stimulant, spice and aromatic crops, n.e.c.",2017,6363.0
Saint Lucia,"Other stimulant, spice and aromatic crops, n.e.c.",2018,7092.6
Saint Lucia,"Other tropical fruits, n.e.c.",2017,1600.0
Saint Lucia,"Other tropical fruits, n.e.c.",2018,1655.6
Saint Lucia,"Other vegetables, fresh n.e.c.",2017,2755.6
Saint Lucia,"Other vegetables, fresh n.e.c.",2018,2744.4
Saint Lucia,Pineapples,2017,2522.2
Saint Lucia,Pineapples,2018,2422.2
Saint Lucia,Plantains,2017,1148.0
Saint Lucia,Plantains,2018,1195.0
Saint Lucia,Pomelos and grapefruits,2017,1211.1
Saint Lucia,Pomelos and grapefruits,2018,776.9
Saint Lucia,"Pumpkins, squash and gourds",2017,2233.3
Saint Lucia,"Pumpkins, squash and gourds",2018,2478.7
Saint Lucia,Sweet potatoes,2017,1911.1
Saint Lucia,Sweet potatoes,2018,1851.9
Saint Lucia,"Tangerines, mandarins, clementines",2017,1270.4
Saint Lucia,"Tangerines, mandarins, clementines",2018,1244.4
Saint Lucia,Taro,2017,1637.0
Saint Lucia,Taro,2018,1555.6
Saint Lucia,Tomatoes,2017,3277.8
Saint Lucia,Tomatoes,2018,2977.8
Saint Lucia,Watermelons,2017,1722.2
Saint Lucia,Watermelons,2018,1763.0
Saint Lucia,Yams,2017,2329.6
Saint Lucia,Yams,2018,2300.0
Saint Lucia,Yautia,2017,2722.2
Saint Lucia,Yautia,2018,2670.4
Saint Vincent and the Grenadines,Avocados,2015,912.6
Saint Vincent and the Grenadines,Avocados,2016,1124.4
Saint Vincent and the Grenadines,Avocados,2017,1081.5
Saint Vincent and the Grenadines,Avocados,2018,971.7
Saint Vincent and the Grenadines,Bananas,2015,700.7
Saint Vincent and the Grenadines,Bananas,2016,673.2
Saint Vincent and the Grenadines,Bananas,2017,625.9
Saint Vincent and the Grenadines,Bananas cavendish,2016,673.0
Saint Vincent and the Grenadines,Bananas cavendish,2017,626.0
Saint Vincent and the Grenadines,Bananas cavendish,2018,548.0
Saint Vincent and the Grenadines,Carrots and turnips,2015,2281.5
Saint Vincent and the Grenadines,Carrots and turnips,2016,2255.0
Saint Vincent and the Grenadines,Carrots and turnips,2017,2403.7
Saint Vincent and the Grenadines,Carrots and turnips,2018,2366.4
Saint Vincent and the Grenadines,"Cassava, fresh",2015,2053.3
Saint Vincent and the Grenadines,"Cassava, fresh",2016,2430.2
Saint Vincent and the Grenadines,"Cassava, fresh",2017,2740.7
Saint Vincent and the Grenadines,"Cassava, fresh",2018,2879.2
Saint Vincent and the Grenadines,"Chillies and peppers, green (Capsicum spp. and Pimenta spp.)",2015,1613.3
Saint Vincent and the Grenadines,"Chillies and peppers, green (Capsicum spp. and Pimenta spp.)",2016,2387.4
Saint Vincent and the Grenadines,"Chillies and peppers, green (Capsicum spp. and Pimenta spp.)",2017,1737.0
Saint Vincent and the Grenadines,Cocoa beans,2015,1629.6
Saint Vincent and the Grenadines,Cocoa beans,2016,1629.6
Saint Vincent and the Grenadines,Cocoa beans,2017,1629.6
Saint Vincent and the Grenadines,Cocoa beans,2018,1629.6
Saint Vincent and the Grenadines,"Coconuts, in shell",2015,774.1
Saint Vincent and the Grenadines,"Coconuts, in shell",2016,543.1
Saint Vincent and the Grenadines,"Coconuts, in shell",2017,814.8
Saint Vincent and the Grenadines,"Coconuts, in shell",2018,794.1
Saint Vincent and the Grenadines,"Edible roots and tubers with high starch or inulin content, n.e.c., fresh",2015,1184.1
Saint Vincent and the Grenadines,"Edible roots and tubers with high starch or inulin content, n.e.c., fresh",2016,1146.9
Saint Vincent and the Grenadines,"Edible roots and tubers with high starch or inulin content, n.e.c., fresh",2018,1093.5
Saint Vincent and the Grenadines,"Ginger, raw",2015,2411.9
Saint Vincent and the Grenadines,"Ginger, raw",2016,2344.6
Saint Vincent and the Grenadines,"Ginger, raw",2018,1995.4
Saint Vincent and the Grenadines,"Groundnuts, excluding shelled",2015,6453.3
Saint Vincent and the Grenadines,"Groundnuts, excluding shelled",2016,6428.9
Saint Vincent and the Grenadines,"Groundnuts, excluding shelled",2018,6804.3
Saint Vincent and the Grenadines,"Hen eggs in shell, fresh",2015,2851.9
Saint Vincent and the Grenadines,"Hen eggs in shell, fresh",2016,2851.9
Saint Vincent and the Grenadines,Lemons and limes,2015,1478.9
Saint Vincent and the Grenadines,Lemons and limes,2016,1416.7
Saint Vincent and the Grenadines,Lemons and limes,2018,1712.8
Saint Vincent and the Grenadines,Maize (corn),2015,1466.7
Saint Vincent and the Grenadines,Maize (corn),2016,1263.0
Saint Vincent and the Grenadines,Maize (corn),2017,1196.3
Saint Vincent and the Grenadines,Maize (corn),2018,1714.7
Saint Vincent and the Grenadines,"Mangoes, guavas and mangosteens",2015,977.8
Saint Vincent and the Grenadines,"Mangoes, guavas and mangosteens",2016,1535.9
Saint Vincent and the Grenadines,"Mangoes, guavas and mangosteens",2017,748.1
Saint Vincent and the Grenadines,"Mangoes, guavas and mangosteens",2018,816.5
Saint Vincent and the Grenadines,"Meat of cattle with the bone, fresh or chilled (biological)",2015,4082.6
Saint Vincent and the Grenadines,"Meat of cattle with the bone, fresh or chilled (biological)",2016,4082.6
Saint Vincent and the Grenadines,"Meat of cattle with the bone, fresh or chilled (biological)",2017,4082.6
Saint Vincent and the Grenadines,"Meat of cattle with the bone, fresh or chilled (biological)",2018,4082.6
Saint Vincent and the Grenadines,"Meat of chickens, fresh or chilled (biological)",2015,3347.8
Saint Vincent and the Grenadines,"Meat of chickens, fresh or chilled (biological)",2016,3347.8
Saint Vincent and the Grenadines,"Meat of goat, fresh or chilled (biological)",2015,7348.7
Saint Vincent and the Grenadines,"Meat of goat, fresh or chilled (biological)",2016,7348.7
Saint Vincent and the Grenadines,"Meat of goat, fresh or chilled (biological)",2017,7348.7
Saint Vincent and the Grenadines,"Meat of goat, fresh or chilled (biological)",2018,7348.7
Saint Vincent and the Grenadines,"Meat of pig with the bone, fresh or chilled (biological)",2015,4899.2
Saint Vincent and the Grenadines,"Meat of pig with the bone, fresh or chilled (biological)",2016,4899.2
Saint Vincent and the Grenadines,"Meat of pig with the bone, fresh or chilled (biological)",2017,4899.2
Saint Vincent and the Grenadines,"Meat of pig with the bone, fresh or chilled (biological)",2018,4899.2
Saint Vincent and the Grenadines,"Meat of sheep, fresh or chilled (biological)",2015,7348.7
Saint Vincent and the Grenadines,"Meat of sheep, fresh or chilled (biological)",2016,7348.7
Saint Vincent and the Grenadines,"Meat of sheep, fresh or chilled (biological)",2017,7348.7
Saint Vincent and the Grenadines,"Meat of sheep, fresh or chilled (biological)",2018,7348.7
Saint Vincent and the Grenadines,"Nutmeg, mace, cardamoms, raw",2015,3587.4
Saint Vincent and the Grenadines,"Nutmeg, mace, cardamoms, raw",2016,5942.0
Saint Vincent and the Grenadines,"Nutmeg, mace, cardamoms, raw",2018,5153.7
Saint Vincent and the Grenadines,Oranges,2015,1833.3
Saint Vincent and the Grenadines,Oranges,2016,1833.3
Saint Vincent and the Grenadines,Oranges,2018,559.0
Saint Vincent and the Grenadines,"Other stimulant, spice and aromatic crops, n.e.c.",2015,9688.1
Saint Vincent and the Grenadines,"Other stimulant, spice and aromatic crops, n.e.c.",2016,9743.1
Saint Vincent and the Grenadines,Papayas,2015,977.8
Saint Vincent and the Grenadines,Papayas,2016,1010.4
Saint Vincent and the Grenadines,Papayas,2017,1222.2
Saint Vincent and the Grenadines,Papayas,2018,981.0
Saint Vincent and the Grenadines,"Pigeon peas, dry",2015,4774.8
Saint Vincent and the Grenadines,"Pigeon peas, dry",2016,5229.1
Saint Vincent and the Grenadines,"Pigeon peas, dry",2018,4887.8
Saint Vincent and the Grenadines,Plantains,2016,595.0
Saint Vincent and the Grenadines,Plantains,2017,737.0
Saint Vincent and the Grenadines,Plantains,2018,662.0
Saint Vincent and the Grenadines,Plantains and cooking bananas,2015,529.6
Saint Vincent and the Grenadines,Plantains and cooking bananas,2016,594.8
Saint Vincent and the Grenadines,Plantains and cooking bananas,2017,737.0
Saint Vincent and the Grenadines,Pomelos and grapefruits,2015,505.2
Saint Vincent and the Grenadines,Pomelos and grapefruits,2016,446.1
Saint Vincent and the Grenadines,Pomelos and grapefruits,2017,440.7
Saint Vincent and the Grenadines,Pomelos and grapefruits,2018,492.0
Saint Vincent and the Grenadines,"Pumpkins, squash and gourds",2015,1645.9
Saint Vincent and the Grenadines,"Pumpkins, squash and gourds",2016,1625.6
Saint Vincent and the Grenadines,"Pumpkins, squash and gourds",2018,1562.1
Saint Vincent and the Grenadines,Sweet potatoes,2015,1075.6
Saint Vincent and the Grenadines,Sweet potatoes,2016,1004.3
Saint Vincent and the Grenadines,Sweet potatoes,2017,1011.1
Saint Vincent and the Grenadines,Sweet potatoes,2018,991.4
Saint Vincent and the Grenadines,"Tangerines, mandarins, clementines",2015,1923.0
Saint Vincent and the Grenadines,"Tangerines, mandarins, clementines",2016,1666.3
Saint Vincent and the Grenadines,Yams,2015,1631.7
Saint Vincent and the Grenadines,Yams,2016,1393.3
Saint Vincent and the Grenadines,Yams,2017,1944.4
Saint Vincent and the Grenadines,Yams,2018,2112.3
Samoa,Avocados,2015,3963.8
Samoa,Avocados,2016,1939.0
Samoa,Avocados,2017,2070.3
Samoa,Avocados,2018,2297.2
Samoa,Bananas,2015,800.5
Samoa,Bananas,2016,1201.5
Samoa,Bananas,2017,380.1
Samoa,Bananas,2018,481.9
Samoa,"Coconuts, in shell",2015,224.0
Samoa,"Coconuts, in shell",2016,213.3
Samoa,"Coconuts, in shell",2017,223.1
Samoa,"Coconuts, in shell",2018,270.6
Samoa,"Hen eggs in shell, fresh",2016,2549.8
Samoa,Lemons and limes,2015,421.7
Samoa,Lemons and limes,2016,273.8
Samoa,Lemons and limes,2017,1468.9
Samoa,Lemons and limes,2018,1623.8
Samoa,"Mangoes, guavas and mangosteens",2015,3292.4
Samoa,"Mangoes, guavas and mangosteens",2016,1000.6
Samoa,"Mangoes, guavas and mangosteens",2017,2295.4
Samoa,"Mangoes, guavas and mangosteens",2018,2074.9
Samoa,"Other citrus fruit, n.e.c.",2015,1020.9
Samoa,"Other citrus fruit, n.e.c.",2016,783.6
Samoa,"Other citrus fruit, n.e.c.",2017,1743.7
Samoa,"Other citrus fruit, n.e.c.",2018,4332.7
Samoa,Papayas,2015,1510.2
Samoa,Papayas,2016,959.3
Samoa,Papayas,2017,543.8
Samoa,Papayas,2018,729.9
Samoa,Pineapples,2015,3501.3
Samoa,Pineapples,2016,2538.3
Samoa,Pineapples,2017,1967.2
Samoa,Pineapples,2018,1842.0
Samoa,Taro,2015,816.1
Samoa,Taro,2016,1048.8
Samoa,Taro,2017,661.3
Samoa,Taro,2018,975.9
Samoa,Yams,2015,1460.4
Samoa,Yams,2016,1400.6
Samoa,Yams,2017,1157.9
Samoa,Yams,2018,1638.1
Saudi Arabia,Cabbages,2015,892.9
Saudi Arabia,Cabbages,2018,778.7
Saudi Arabia,Cantaloupes and other melons,2015,805.3
Saudi Arabia,Cantaloupes and other melons,2016,776.0
Saudi Arabia,Cantaloupes and other melons,2017,797.3
Saudi Arabia,Cantaloupes and other melons,2018,842.7
Saudi Arabia,Carrots and turnips,2015,698.7
Saudi Arabia,Carrots and turnips,2016,704.0
Saudi Arabia,Carrots and turnips,2017,712.0
Saudi Arabia,Carrots and turnips,2018,997.3
Saudi Arabia,"Coffee, green",2015,9545.8
Saudi Arabia,Cucumbers and gherkins,2015,901.3
Saudi Arabia,Cucumbers and gherkins,2016,906.7
Saudi Arabia,Cucumbers and gherkins,2017,909.3
Saudi Arabia,Cucumbers and gherkins,2018,869.3
Saudi Arabia,Dates,2015,2639.5
Saudi Arabia,Dates,2016,2634.7
Saudi Arabia,Dates,2017,2637.3
Saudi Arabia,Dates,2018,2640.0
Saudi Arabia,Eggplants (aubergines),2015,778.7
Saudi Arabia,Eggplants (aubergines),2016,789.3
Saudi Arabia,Eggplants (aubergines),2017,792.0
Saudi Arabia,Eggplants (aubergines),2018,752.0
Saudi Arabia,Grapes,2015,1685.3
Saudi Arabia,Grapes,2016,1658.7
Saudi Arabia,Grapes,2017,1709.3
Saudi Arabia,Grapes,2018,1893.3
Saudi Arabia,"Hen eggs in shell, fresh",2015,2310.3
Saudi Arabia,Lemons and limes,2015,1016.0
Saudi Arabia,Lemons and limes,2016,1013.3
Saudi Arabia,Lemons and limes,2017,1013.3
Saudi Arabia,Lemons and limes,2018,1149.3
Saudi Arabia,Maize (corn),2018,592.0
Saudi Arabia,"Mangoes, guavas and mangosteens",2018,3818.7
Saudi Arabia,"Meat of camels, fresh or chilled",2015,11048.7
Saudi Arabia,"Meat of chickens, fresh or chilled",2015,3394.8
Saudi Arabia,"Meat of sheep, fresh or chilled",2015,13901.1
Saudi Arabia,Okra,2015,2610.7
Saudi Arabia,Okra,2016,2664.0
Saudi Arabia,Okra,2017,2800.0
Saudi Arabia,Okra,2018,2216.0
Saudi Arabia,"Onions and shallots, dry (excluding dehydrated)",2015,472.0
Saudi Arabia,"Onions and shallots, dry (excluding dehydrated)",2016,530.7
Saudi Arabia,"Onions and shallots, dry (excluding dehydrated)",2017,594.7
Saudi Arabia,"Onions and shallots, dry (excluding dehydrated)",2018,496.0
Saudi Arabia,Oranges,2015,845.3
Saudi Arabia,Oranges,2016,850.7
Saudi Arabia,Oranges,2017,856.0
Saudi Arabia,Oranges,2018,765.3
Saudi Arabia,"Other citrus fruit, n.e.c.",2018,1066.7
Saudi Arabia,"Other fruits, n.e.c.",2018,1893.3
Saudi Arabia,Other pulses n.e.c.,2018,530.7
Saudi Arabia,"Other vegetables, fresh n.e.c.",2018,256.0
Saudi Arabia,Peaches and nectarines,2018,2752.0
Saudi Arabia,Pears,2018,1877.3
Saudi Arabia,Potatoes,2015,514.7
Saudi Arabia,Potatoes,2016,562.7
Saudi Arabia,Potatoes,2017,634.7
Saudi Arabia,Potatoes,2018,528.0
Saudi Arabia,"Pumpkins, squash and gourds",2015,952.0
Saudi Arabia,"Pumpkins, squash and gourds",2016,1013.3
Saudi Arabia,"Pumpkins, squash and gourds",2017,1066.7
Saudi Arabia,"Pumpkins, squash and gourds",2018,1016.0
Saudi Arabia,Raw milk of cattle,2015,1066.7
Saudi Arabia,"Tangerines, mandarins, clementines",2018,2450.7
Saudi Arabia,Tomatoes,2015,992.0
Saudi Arabia,Tomatoes,2016,1072.0
Saudi Arabia,Tomatoes,2017,1165.3
Saudi Arabia,Tomatoes,2018,864.0
Saudi Arabia,Watermelons,2015,797.3
Saudi Arabia,Watermelons,2016,749.3
Saudi Arabia,Watermelons,2017,802.7
Saudi Arabia,Watermelons,2018,850.7
Saudi Arabia,Wheat,2015,436.7
Saudi Arabia,Wheat,2016,436.8
Saudi Arabia,Wheat,2017,436.8
Senegal,Bananas,2017,797.2
Senegal,Bananas,2018,833.3
Senegal,Cabbages,2017,604.1
Senegal,Cabbages,2018,776.6
Senegal,"Cashew nuts, in shell",2017,793.3
Senegal,"Cashew nuts, in shell",2018,829.3
Senegal,"Cassava, fresh",2017,270.9
Senegal,"Cassava, fresh",2018,278.3
Senegal,Fonio,2017,411.3
Senegal,Fonio,2018,429.9
Senegal,"Groundnuts, excluding shelled",2017,361.7
Senegal,"Groundnuts, excluding shelled",2018,378.1
Senegal,"Horse meat, fresh or chilled (biological)",2015,931.7
Senegal,"Horse meat, fresh or chilled (biological)",2017,949.4
Senegal,"Horse meat, fresh or chilled (biological)",2018,992.5
Senegal,Maize (corn),2017,279.9
Senegal,Maize (corn),2018,288.9
Senegal,"Mangoes, guavas and mangosteens",2017,629.1
Senegal,"Mangoes, guavas and mangosteens",2018,630.1
Senegal,"Meat of asses, fresh or chilled (biological)",2015,94.1
Senegal,"Meat of asses, fresh or chilled (biological)",2017,534.7
Senegal,"Meat of asses, fresh or chilled (biological)",2018,560.0
Senegal,"Meat of camels, fresh or chilled (biological)",2015,801.3
Senegal,"Meat of camels, fresh or chilled (biological)",2017,816.5
Senegal,"Meat of camels, fresh or chilled (biological)",2018,853.6
Senegal,"Meat of cattle with the bone, fresh or chilled (biological)",2015,1590.8
Senegal,"Meat of cattle with the bone, fresh or chilled (biological)",2017,997.6
Senegal,"Meat of cattle with the bone, fresh or chilled (biological)",2018,947.5
Senegal,"Meat of chickens, fresh or chilled (biological)",2017,2773.7
Senegal,"Meat of chickens, fresh or chilled (biological)",2018,2875.0
Senegal,"Meat of goat, fresh or chilled (biological)",2015,2618.7
Senegal,"Meat of goat, fresh or chilled (biological)",2017,1627.2
Senegal,"Meat of goat, fresh or chilled (biological)",2018,1704.0
Senegal,"Meat of pig with the bone, fresh or chilled (biological)",2017,3819.6
Senegal,"Meat of pig with the bone, fresh or chilled (biological)",2018,4000.0
Senegal,"Meat of sheep, fresh or chilled (biological)",2015,3505.5
Senegal,"Meat of sheep, fresh or chilled (biological)",2017,3330.6
Senegal,"Meat of sheep, fresh or chilled (biological)",2018,3340.9
Senegal,Millet,2017,321.1
Senegal,Millet,2018,334.5
Senegal,"Onions and shallots, dry (excluding dehydrated)",2017,461.8
Senegal,"Onions and shallots, dry (excluding dehydrated)",2018,547.1
Senegal,Oranges,2017,845.8
Senegal,Oranges,2018,884.2
Senegal,Potatoes,2017,527.0
Senegal,Potatoes,2018,567.9
Senegal,Raw milk of cattle,2017,637.2
Senegal,Raw milk of cattle,2018,666.1
Senegal,Raw milk of goats,2017,637.2
Senegal,Raw milk of goats,2018,666.1
Senegal,Raw milk of sheep,2017,637.2
Senegal,Raw milk of sheep,2018,666.1
Senegal,Rice,2017,223.9
Senegal,Rice,2018,234.0
Senegal,Sorghum,2017,321.1
Senegal,Sorghum,2018,334.5
Senegal,Sugar cane,2017,17.2
Senegal,Sugar cane,2018,18.0
Senegal,Sweet potatoes,2017,372.9
Senegal,Sweet potatoes,2018,388.9
Senegal,Tomatoes,2017,211.7
Senegal,Tomatoes,2018,387.8
Serbia,Apples,2015,394.5
Serbia,Apples,2016,414.2
Serbia,Apples,2017,510.0
Serbia,Apples,2018,445.0
Serbia,Apricots,2015,861.5
Serbia,Apricots,2016,805.9
Serbia,Apricots,2017,624.4
Serbia,Apricots,2018,892.0
Serbia,Barley,2015,155.8
Serbia,Barley,2016,146.9
Serbia,Barley,2017,149.0
Serbia,Barley,2018,160.9
Serbia,"Beans, dry",2015,1920.7
Serbia,"Beans, dry",2016,1307.3
Serbia,"Beans, dry",2017,1609.6
Serbia,"Beans, dry",2018,2027.7
Serbia,Cabbages,2015,203.3
Serbia,Cabbages,2016,153.8
Serbia,Cabbages,2017,195.5
Serbia,Cabbages,2018,218.8
Serbia,Carrots and turnips,2015,340.2
Serbia,Carrots and turnips,2016,236.1
Serbia,Carrots and turnips,2017,288.4
Serbia,Carrots and turnips,2018,364.7
Serbia,Cherries,2015,1591.3
Serbia,Cherries,2016,1736.1
Serbia,Cherries,2017,1565.3
Serbia,Cherries,2018,1541.9
Serbia,Cucumbers and gherkins,2015,253.2
Serbia,Cucumbers and gherkins,2016,328.9
Serbia,Cucumbers and gherkins,2017,257.1
Serbia,Cucumbers and gherkins,2018,372.7
Serbia,Grapes,2015,648.6
Serbia,Grapes,2016,566.7
Serbia,Grapes,2017,697.7
Serbia,Grapes,2018,535.7
Serbia,Green garlic,2016,2559.8
Serbia,Green garlic,2017,2790.5
Serbia,Green garlic,2018,1936.3
Serbia,"Hen eggs in shell, fresh",2015,1431.8
Serbia,"Hen eggs in shell, fresh",2016,1382.1
Serbia,"Hen eggs in shell, fresh",2017,1586.9
Serbia,"Hen eggs in shell, fresh",2018,1537.3
Serbia,Maize (corn),2015,139.5
Serbia,Maize (corn),2016,136.1
Serbia,Maize (corn),2017,150.2
Serbia,Maize (corn),2018,145.4
Serbia,"Meat of cattle with the bone, fresh or chilled (biological)",2015,2026.3
Serbia,"Meat of cattle with the bone, fresh or chilled (biological)",2016,1970.7
Serbia,"Meat of cattle with the bone, fresh or chilled (biological)",2017,2015.4
Serbia,"Meat of cattle with the bone, fresh or chilled (biological)",2018,2361.4
Serbia,"Meat of chickens, fresh or chilled (biological)",2015,1037.7
Serbia,"Meat of chickens, fresh or chilled (biological)",2016,1006.3
Serbia,"Meat of chickens, fresh or chilled (biological)",2017,1037.1
Serbia,"Meat of chickens, fresh or chilled (biological)",2018,1045.3
Serbia,"Meat of pig with the bone, fresh or chilled (biological)",2015,1366.0
Serbia,"Meat of pig with the bone, fresh or chilled (biological)",2016,1264.0
Serbia,"Meat of pig with the bone, fresh or chilled (biological)",2017,1535.6
Serbia,"Meat of pig with the bone, fresh or chilled (biological)",2018,1442.2
Serbia,"Meat of sheep, fresh or chilled (biological)",2015,2393.2
Serbia,"Meat of sheep, fresh or chilled (biological)",2016,2328.4
Serbia,"Meat of sheep, fresh or chilled (biological)",2017,2325.0
Serbia,"Meat of sheep, fresh or chilled (biological)",2018,2487.0
Serbia,Natural honey,2015,3506.9
Serbia,Natural honey,2016,2928.9
Serbia,Natural honey,2017,2796.9
Serbia,Natural honey,2018,3233.6
Serbia,Oats,2015,197.4
Serbia,Oats,2016,167.2
Serbia,Oats,2017,165.8
Serbia,Oats,2018,190.3
Serbia,"Onions and shallots, dry (excluding dehydrated)",2015,202.6
Serbia,"Onions and shallots, dry (excluding dehydrated)",2016,221.2
Serbia,"Onions and shallots, dry (excluding dehydrated)",2017,179.2
Serbia,"Onions and shallots, dry (excluding dehydrated)",2018,317.8
Serbia,Peaches and nectarines,2015,566.1
Serbia,Peaches and nectarines,2016,673.9
Serbia,Peaches and nectarines,2017,634.9
Serbia,Peaches and nectarines,2018,678.3
Serbia,Pears,2015,637.7
Serbia,Pears,2016,682.3
Serbia,Pears,2017,700.5
Serbia,Pears,2018,696.0
Serbia,Plums and sloes,2015,510.1
Serbia,Plums and sloes,2016,418.0
Serbia,Plums and sloes,2017,565.8
Serbia,Plums and sloes,2018,574.4
Serbia,Potatoes,2015,220.1
Serbia,Potatoes,2016,181.9
Serbia,Potatoes,2017,211.4
Serbia,Potatoes,2018,319.6
Serbia,Rape or colza seed,2015,358.0
Serbia,Rape or colza seed,2016,349.7
Serbia,Rape or colza seed,2017,353.4
Serbia,Rape or colza seed,2018,347.9
Serbia,Raw milk of cattle,2015,290.8
Serbia,Raw milk of cattle,2016,273.5
Serbia,Raw milk of cattle,2017,282.6
Serbia,Raw milk of cattle,2018,316.8
Serbia,Raw milk of goats,2016,589.3
Serbia,Raw milk of goats,2017,500.1
Serbia,Raw milk of goats,2018,459.6
Serbia,Raw milk of sheep,2016,662.3
Serbia,Raw milk of sheep,2017,715.3
Serbia,Raw milk of sheep,2018,840.5
Serbia,Rye,2015,198.8
Serbia,Rye,2016,165.4
Serbia,Rye,2017,161.6
Serbia,Rye,2018,181.7
Serbia,"Shorn wool, greasy, including fleece-washed shorn wool",2015,1021.1
Serbia,"Shorn wool, greasy, including fleece-washed shorn wool",2016,1105.7
Serbia,"Shorn wool, greasy, including fleece-washed shorn wool",2017,1054.1
Serbia,"Shorn wool, greasy, including fleece-washed shorn wool",2018,1148.2
Serbia,Sour cherries,2015,1308.6
Serbia,Sour cherries,2016,975.6
Serbia,Sour cherries,2017,892.9
Serbia,Sour cherries,2018,1268.2
Serbia,Soya beans,2015,352.1
Serbia,Soya beans,2016,338.3
Serbia,Soya beans,2017,417.8
Serbia,Soya beans,2018,353.3
Serbia,Strawberries,2015,799.3
Serbia,Strawberries,2016,1534.3
Serbia,Strawberries,2017,1380.1
Serbia,Strawberries,2018,1259.4
Serbia,Sugar beet,2015,29.8
Serbia,Sugar beet,2016,36.6
Serbia,Sugar beet,2017,39.3
Serbia,Sugar beet,2018,35.5
Serbia,Sunflower seed,2015,337.0
Serbia,Sunflower seed,2016,275.7
Serbia,Sunflower seed,2017,308.3
Serbia,Sunflower seed,2018,269.0
Serbia,Tomatoes,2015,369.6
Serbia,Tomatoes,2016,458.2
Serbia,Tomatoes,2017,443.1
Serbia,Tomatoes,2018,488.4
Serbia,Unmanufactured tobacco,2015,2037.6
Serbia,Unmanufactured tobacco,2016,2214.5
Serbia,Unmanufactured tobacco,2017,1903.8
Serbia,Unmanufactured tobacco,2018,2143.2
Serbia,"Walnuts, in shell",2015,2118.2
Serbia,"Walnuts, in shell",2016,1941.6
Serbia,"Walnuts, in shell",2017,2472.2
Serbia,"Walnuts, in shell",2018,2337.3
Serbia,Watermelons,2016,131.4
Serbia,Watermelons,2017,110.8
Serbia,Watermelons,2018,151.3
Serbia,Wheat,2015,161.5
Serbia,Wheat,2016,135.3
Serbia,Wheat,2017,155.6
Serbia,Wheat,2018,162.8
Sierra Leone,"Broad beans and horse beans, dry",2015,2835.4
Sierra Leone,"Cassava, fresh",2015,545.1
Sierra Leone,"Cassava, fresh",2016,211.1
Sierra Leone,"Coconuts, in shell",2015,801.5
Sierra Leone,"Coconuts, in shell",2016,401.3
Sierra Leone,"Groundnuts, excluding shelled",2016,779.8
Sierra Leone,"Groundnuts, excluding shelled",2017,1209.9
Sierra Leone,"Groundnuts, excluding shelled",2018,1288.9
Sierra Leone,"Hen eggs in shell, fresh",2015,4129.5
Sierra Leone,Kola nuts,2015,3770.5
Sierra Leone,Maize (corn),2015,1108.9
Sierra Leone,Maize (corn),2016,905.7
Sierra Leone,Maize (corn),2017,124.8
Sierra Leone,Maize (corn),2018,117.6
Sierra Leone,"Mangoes, guavas and mangosteens",2015,1361.9
Sierra Leone,"Mangoes, guavas and mangosteens",2016,1118.5
Sierra Leone,"Meat of chickens, fresh or chilled (biological)",2015,4601.6
Sierra Leone,"Other citrus fruit, n.e.c.",2015,633.2
Sierra Leone,"Other vegetables, fresh n.e.c.",2015,1474.5
Sierra Leone,"Other vegetables, fresh n.e.c.",2016,1249.0
Sierra Leone,Palm oil,2015,860.1
Sierra Leone,Palm oil,2016,769.4
Sierra Leone,Plantains and cooking bananas,2015,1094.7
Sierra Leone,Plantains and cooking bananas,2016,913.1
Sierra Leone,Rice,2015,629.8
Sierra Leone,Rice,2016,724.2
Sierra Leone,Rice,2017,609.4
Sierra Leone,Rice,2018,568.9
Sierra Leone,Sesame seed,2015,2603.7
Sierra Leone,Sweet potatoes,2015,758.4
Sierra Leone,Sweet potatoes,2016,1408.1
Sierra Leone,Sweet potatoes,2017,182.1
Sierra Leone,Sweet potatoes,2018,192.0
Sierra Leone,Tomatoes,2015,1401.0
Sierra Leone,Tomatoes,2016,901.7
Sierra Leone,Unmanufactured tobacco,2015,12994.6
Singapore,"Eggs from other birds in shell, fresh, n.e.c.",2017,7241.5
Singapore,"Eggs from other birds in shell, fresh, n.e.c.",2018,3326.7
Singapore,"Hen eggs in shell, fresh",2015,1629.9
Singapore,"Hen eggs in shell, fresh",2016,1487.5
Singapore,"Hen eggs in shell, fresh",2017,1458.4
Singapore,"Hen eggs in shell, fresh",2018,1671.4
Singapore,Lettuce and chicory,2015,2233.7
Singapore,Lettuce and chicory,2016,2423.8
Singapore,Lettuce and chicory,2017,2259.4
Singapore,Lettuce and chicory,2018,2147.7
Singapore,Mushrooms and truffles,2015,7802.6
Singapore,Mushrooms and truffles,2016,7238.3
Singapore,Mushrooms and truffles,2017,8689.8
Singapore,Mushrooms and truffles,2018,8896.5
Singapore,"Other vegetables, fresh n.e.c.",2015,927.0
Singapore,"Other vegetables, fresh n.e.c.",2016,1052.0
Singapore,"Other vegetables, fresh n.e.c.",2017,1063.9
Singapore,"Other vegetables, fresh n.e.c.",2018,1143.3
Singapore,Raw milk of cattle,2017,3343.5
Singapore,Raw milk of cattle,2018,3782.1
Singapore,Tomatoes,2015,2300.0
Singapore,Tomatoes,2016,2170.4
Singapore,Tomatoes,2017,2342.6
Singapore,Tomatoes,2018,2461.2
Slovakia,Apples,2015,369.6
Slovakia,Apples,2016,384.1
Slovakia,Apples,2017,471.6
Slovakia,Apples,2018,453.3
Slovakia,Apricots,2015,1375.0
Slovakia,Apricots,2016,1308.2
Slovakia,Apricots,2017,1355.6
Slovakia,Apricots,2018,1133.1
Slovakia,Barley,2015,178.0
Slovakia,Barley,2016,165.2
Slovakia,Barley,2017,186.7
Slovakia,Barley,2018,206.1
Slovakia,Cabbages,2015,264.1
Slovakia,Cabbages,2016,218.6
Slovakia,Cabbages,2017,226.6
Slovakia,Cabbages,2018,275.7
Slovakia,Carrots and turnips,2015,323.0
Slovakia,Carrots and turnips,2016,302.7
Slovakia,Carrots and turnips,2017,288.2
Slovakia,Carrots and turnips,2018,348.4
Slovakia,Cauliflowers and broccoli,2015,662.4
Slovakia,Cauliflowers and broccoli,2016,574.7
Slovakia,Cauliflowers and broccoli,2017,651.6
Slovakia,Cauliflowers and broccoli,2018,725.1
Slovakia,Cherries,2015,1315.7
Slovakia,Cherries,2016,1547.7
Slovakia,Cherries,2017,1607.6
Slovakia,Cherries,2018,1910.7
Slovakia,"Chillies and peppers, dry (Capsicum spp., Pimenta spp.), raw",2015,2129.3
Slovakia,"Chillies and peppers, dry (Capsicum spp., Pimenta spp.), raw",2016,529.2
Slovakia,"Chillies and peppers, dry (Capsicum spp., Pimenta spp.), raw",2017,552.1
Slovakia,"Chillies and peppers, dry (Capsicum spp., Pimenta spp.), raw",2018,622.6
Slovakia,"Chillies and peppers, green (Capsicum spp. and Pimenta spp.)",2015,631.7
Slovakia,"Chillies and peppers, green (Capsicum spp. and Pimenta spp.)",2016,610.1
Slovakia,"Chillies and peppers, green (Capsicum spp. and Pimenta spp.)",2017,640.0
Slovakia,"Chillies and peppers, green (Capsicum spp. and Pimenta spp.)",2018,692.2
Slovakia,Cucumbers and gherkins,2015,720.0
Slovakia,Cucumbers and gherkins,2016,591.1
Slovakia,Cucumbers and gherkins,2017,599.9
Slovakia,Cucumbers and gherkins,2018,709.2
Slovakia,Currants,2015,1030.5
Slovakia,Currants,2016,1033.6
Slovakia,Currants,2017,1048.6
Slovakia,Currants,2018,1115.6
Slovakia,Grapes,2015,810.6
Slovakia,Grapes,2016,838.7
Slovakia,Grapes,2017,975.4
Slovakia,Grapes,2018,985.9
Slovakia,"Lentils, dry",2015,705.4
Slovakia,"Lentils, dry",2016,725.7
Slovakia,"Lentils, dry",2017,774.0
Slovakia,"Lentils, dry",2018,868.3
Slovakia,Lettuce and chicory,2015,1312.9
Slovakia,Lettuce and chicory,2016,1254.5
Slovakia,Lettuce and chicory,2017,1187.3
Slovakia,Lettuce and chicory,2018,1333.5
Slovakia,Linseed,2015,417.8
Slovakia,Linseed,2016,402.1
Slovakia,Linseed,2017,386.3
Slovakia,Linseed,2018,383.9
Slovakia,Maize (corn),2015,154.8
Slovakia,Maize (corn),2016,141.9
Slovakia,Maize (corn),2017,152.5
Slovakia,Maize (corn),2018,169.9
Slovakia,"Meat of cattle with the bone, fresh or chilled",2015,3342.7
Slovakia,"Meat of cattle with the bone, fresh or chilled",2016,3353.2
Slovakia,"Meat of cattle with the bone, fresh or chilled",2017,3435.4
Slovakia,"Meat of cattle with the bone, fresh or chilled",2018,3643.1
Slovakia,"Meat of chickens, fresh or chilled (biological)",2015,967.1
Slovakia,"Meat of chickens, fresh or chilled (biological)",2016,931.7
Slovakia,"Meat of chickens, fresh or chilled (biological)",2017,934.7
Slovakia,"Meat of chickens, fresh or chilled (biological)",2018,996.5
Slovakia,"Meat of pig with the bone, fresh or chilled",2015,1534.4
Slovakia,"Meat of pig with the bone, fresh or chilled",2016,1480.5
Slovakia,"Meat of pig with the bone, fresh or chilled",2017,1657.4
Slovakia,"Meat of pig with the bone, fresh or chilled",2018,1707.0
Slovakia,"Meat of sheep, fresh or chilled",2015,2061.6
Slovakia,"Meat of sheep, fresh or chilled",2016,1990.9
Slovakia,"Meat of sheep, fresh or chilled",2017,1891.5
Slovakia,"Meat of sheep, fresh or chilled",2018,1939.7
Slovakia,"Meat of sheep, fresh or chilled (biological)",2015,717.7
Slovakia,"Meat of sheep, fresh or chilled (biological)",2016,705.3
Slovakia,"Meat of sheep, fresh or chilled (biological)",2017,688.0
Slovakia,"Meat of sheep, fresh or chilled (biological)",2018,726.1
Slovakia,"Meat of turkeys, fresh or chilled (biological)",2015,1660.3
Slovakia,"Meat of turkeys, fresh or chilled (biological)",2016,1653.3
Slovakia,"Meat of turkeys, fresh or chilled (biological)",2017,1589.5
Slovakia,"Meat of turkeys, fresh or chilled (biological)",2018,1622.3
Slovakia,Mustard seed,2015,573.7
Slovakia,Mustard seed,2016,587.0
Slovakia,Mustard seed,2017,576.7
Slovakia,Mustard seed,2018,647.6
Slovakia,Oats,2015,264.1
Slovakia,Oats,2016,219.1
Slovakia,Oats,2017,241.6
Slovakia,Oats,2018,262.0
Slovakia,"Onions and shallots, dry (excluding dehydrated)",2015,286.4
Slovakia,"Onions and shallots, dry (excluding dehydrated)",2016,343.3
Slovakia,"Onions and shallots, dry (excluding dehydrated)",2017,299.3
Slovakia,"Onions and shallots, dry (excluding dehydrated)",2018,347.2
Slovakia,"Other vegetables, fresh n.e.c.",2015,790.0
Slovakia,"Other vegetables, fresh n.e.c.",2016,691.1
Slovakia,"Other vegetables, fresh n.e.c.",2017,741.1
Slovakia,"Other vegetables, fresh n.e.c.",2018,870.8
Slovakia,Peaches and nectarines,2015,537.6
Slovakia,Peaches and nectarines,2016,687.4
Slovakia,Peaches and nectarines,2017,709.4
Slovakia,Peaches and nectarines,2018,761.8
Slovakia,Pears,2015,560.3
Slovakia,Pears,2016,556.3
Slovakia,Pears,2017,621.0
Slovakia,Pears,2018,665.2
Slovakia,"Peas, dry",2015,294.7
Slovakia,"Peas, dry",2016,273.1
Slovakia,"Peas, dry",2017,283.1
Slovakia,"Peas, dry",2018,284.8
Slovakia,Plums and sloes,2015,423.0
Slovakia,Plums and sloes,2016,440.0
Slovakia,Plums and sloes,2017,530.5
Slovakia,Plums and sloes,2018,567.4
Slovakia,Poppy seed,2015,2014.8
Slovakia,Poppy seed,2016,1811.8
Slovakia,Poppy seed,2017,1727.8
Slovakia,Poppy seed,2018,2620.1
Slovakia,Potatoes,2015,274.1
Slovakia,Potatoes,2016,284.6
Slovakia,Potatoes,2017,261.9
Slovakia,Potatoes,2018,293.9
Slovakia,Rape or colza seed,2015,398.7
Slovakia,Rape or colza seed,2016,394.6
Slovakia,Rape or colza seed,2017,423.8
Slovakia,Rape or colza seed,2018,405.5
Slovakia,Raw milk of cattle,2015,299.5
Slovakia,Raw milk of cattle,2016,263.0
Slovakia,Raw milk of cattle,2017,306.7
Slovakia,Raw milk of cattle,2018,346.3
Slovakia,Raw milk of sheep,2015,1131.9
Slovakia,Raw milk of sheep,2016,1117.2
Slovakia,Raw milk of sheep,2017,1105.3
Slovakia,Raw milk of sheep,2018,1179.7
Slovakia,Rye,2015,133.8
Slovakia,Rye,2016,118.2
Slovakia,Rye,2017,134.2
Slovakia,Rye,2018,147.3
Slovakia,"Shorn wool, greasy, including fleece-washed shorn wool",2015,621.2
Slovakia,"Shorn wool, greasy, including fleece-washed shorn wool",2016,606.1
Slovakia,"Shorn wool, greasy, including fleece-washed shorn wool",2017,510.2
Slovakia,"Shorn wool, greasy, including fleece-washed shorn wool",2018,437.5
Slovakia,Sour cherries,2015,751.5
Slovakia,Sour cherries,2016,719.6
Slovakia,Sour cherries,2017,755.0
Slovakia,Sour cherries,2018,770.3
Slovakia,Soya beans,2015,360.3
Slovakia,Soya beans,2016,360.3
Slovakia,Soya beans,2017,385.9
Slovakia,Soya beans,2018,398.5
Slovakia,Strawberries,2015,1785.2
Slovakia,Strawberries,2016,2175.9
Slovakia,Strawberries,2017,2143.6
Slovakia,Strawberries,2018,2292.1
Slovakia,Sugar beet,2015,36.2
Slovakia,Sugar beet,2016,30.6
Slovakia,Sugar beet,2017,28.3
Slovakia,Sugar beet,2018,30.4
Slovakia,Sunflower seed,2015,380.9
Slovakia,Sunflower seed,2016,358.4
Slovakia,Sunflower seed,2017,352.1
Slovakia,Sunflower seed,2018,334.6
Slovakia,Tomatoes,2015,708.8
Slovakia,Tomatoes,2016,760.8
Slovakia,Tomatoes,2017,805.5
Slovakia,Tomatoes,2018,859.8
Slovakia,Watermelons,2015,253.7
Slovakia,Watermelons,2016,260.3
Slovakia,Watermelons,2017,280.9
Slovakia,Watermelons,2018,292.9
Slovakia,Wheat,2015,169.4
Slovakia,Wheat,2016,139.6
Slovakia,Wheat,2017,163.3
Slovakia,Wheat,2018,183.9
Slovenia,Apples,2015,511.4
Slovenia,Apples,2016,547.4
Slovenia,Apples,2017,710.0
Slovenia,Apples,2018,462.2
Slovenia,Apricots,2015,1572.3
Slovenia,Apricots,2017,1630.4
Slovenia,Asparagus,2015,5913.0
Slovenia,Asparagus,2016,5819.7
Slovenia,Asparagus,2017,6221.0
Slovenia,Asparagus,2018,6505.9
Slovenia,Barley,2015,148.4
Slovenia,Barley,2016,147.1
Slovenia,Barley,2017,145.5
Slovenia,Barley,2018,168.2
Slovenia,"Beans, dry",2015,3771.0
Slovenia,"Beans, dry",2016,4023.3
Slovenia,"Beans, dry",2018,4033.6
Slovenia,Buckwheat,2015,760.6
Slovenia,Buckwheat,2016,642.1
Slovenia,Buckwheat,2018,529.8
Slovenia,Cabbages,2015,282.0
Slovenia,Cabbages,2016,261.2
Slovenia,Cabbages,2017,278.1
Slovenia,Cabbages,2018,348.7
Slovenia,Carrots and turnips,2015,522.5
Slovenia,Carrots and turnips,2016,490.7
Slovenia,Cauliflowers and broccoli,2015,927.6
Slovenia,Cauliflowers and broccoli,2016,1053.1
Slovenia,Cauliflowers and broccoli,2018,1189.0
Slovenia,Cherries,2015,2802.2
Slovenia,Cherries,2016,3301.2
Slovenia,Cherries,2017,3023.0
Slovenia,Cherries,2018,3435.6
Slovenia,Cucumbers and gherkins,2015,500.6
Slovenia,Cucumbers and gherkins,2016,497.9
Slovenia,Cucumbers and gherkins,2017,471.1
Slovenia,Cucumbers and gherkins,2018,591.7
Slovenia,Grapes,2015,556.2
Slovenia,Grapes,2016,613.5
Slovenia,Grapes,2017,672.6
Slovenia,Grapes,2018,667.7
Slovenia,Green garlic,2015,3747.8
Slovenia,Green garlic,2016,4627.4
Slovenia,Green garlic,2017,5355.1
Slovenia,"Hen eggs in shell, fresh",2015,680.9
Slovenia,"Hen eggs in shell, fresh",2016,672.0
Slovenia,"Hen eggs in shell, fresh",2017,681.1
Slovenia,"Hen eggs in shell, fresh",2018,720.3
Slovenia,Hop cones,2015,6236.3
Slovenia,Hop cones,2016,7310.1
Slovenia,Hop cones,2017,7008.7
Slovenia,Hop cones,2018,8090.4
Slovenia,"Horse meat, fresh or chilled",2015,4010.8
Slovenia,"Horse meat, fresh or chilled (biological)",2015,2005.4
Slovenia,"Horse meat, fresh or chilled (biological)",2016,2061.5
Slovenia,Kiwi fruit,2015,729.1
Slovenia,Kiwi fruit,2016,807.8
Slovenia,Kiwi fruit,2017,1453.2
Slovenia,Leeks and other alliaceous vegetables,2015,935.2
Slovenia,Leeks and other alliaceous vegetables,2016,1009.7
Slovenia,Leeks and other alliaceous vegetables,2017,1049.1
Slovenia,Leeks and other alliaceous vegetables,2018,1184.9
Slovenia,Lettuce and chicory,2015,912.0
Slovenia,Lettuce and chicory,2016,816.2
Slovenia,Lettuce and chicory,2017,858.9
Slovenia,Lettuce and chicory,2018,1089.3
Slovenia,Maize (corn),2015,146.2
Slovenia,Maize (corn),2016,144.5
Slovenia,Maize (corn),2017,159.6
Slovenia,Maize (corn),2018,173.5
Slovenia,"Meat of cattle with the bone, fresh or chilled",2015,3609.5
Slovenia,"Meat of cattle with the bone, fresh or chilled (biological)",2015,1985.2
Slovenia,"Meat of cattle with the bone, fresh or chilled (biological)",2016,1931.7
Slovenia,"Meat of cattle with the bone, fresh or chilled (biological)",2017,2035.5
Slovenia,"Meat of cattle with the bone, fresh or chilled (biological)",2018,2169.2
Slovenia,"Meat of chickens, fresh or chilled",2015,1591.8
Slovenia,"Meat of chickens, fresh or chilled (biological)",2015,1193.9
Slovenia,"Meat of chickens, fresh or chilled (biological)",2016,1169.2
Slovenia,"Meat of chickens, fresh or chilled (biological)",2017,1123.5
Slovenia,"Meat of chickens, fresh or chilled (biological)",2018,1177.1
Slovenia,"Meat of goat, fresh or chilled (biological)",2016,3060.9
Slovenia,"Meat of goat, fresh or chilled (biological)",2017,3277.0
Slovenia,"Meat of pig with the bone, fresh or chilled",2015,1829.1
Slovenia,"Meat of pig with the bone, fresh or chilled (biological)",2015,1371.8
Slovenia,"Meat of pig with the bone, fresh or chilled (biological)",2016,1343.0
Slovenia,"Meat of pig with the bone, fresh or chilled (biological)",2017,1493.2
Slovenia,"Meat of pig with the bone, fresh or chilled (biological)",2018,1491.4
Slovenia,"Meat of sheep, fresh or chilled",2015,3796.1
Slovenia,"Meat of sheep, fresh or chilled (biological)",2015,2847.1
Slovenia,"Meat of sheep, fresh or chilled (biological)",2016,2851.3
Slovenia,"Meat of sheep, fresh or chilled (biological)",2017,2915.5
Slovenia,"Meat of sheep, fresh or chilled (biological)",2018,3047.2
Slovenia,Millet,2018,398.8
Slovenia,Natural honey,2015,5363.3
Slovenia,Natural honey,2016,5149.9
Slovenia,Natural honey,2017,5395.0
Slovenia,Oats,2015,189.3
Slovenia,Oats,2016,280.7
Slovenia,Oats,2017,150.7
Slovenia,Oats,2018,195.4
Slovenia,"Onions and shallots, dry (excluding dehydrated)",2015,357.2
Slovenia,"Onions and shallots, dry (excluding dehydrated)",2016,452.7
Slovenia,"Onions and shallots, dry (excluding dehydrated)",2017,481.8
Slovenia,"Onions and shallots, dry (excluding dehydrated)",2018,609.1
Slovenia,"Other beans, green",2015,2267.4
Slovenia,"Other beans, green",2016,2086.4
Slovenia,"Other beans, green",2017,2954.1
Slovenia,"Other beans, green",2018,2909.0
Slovenia,Peaches and nectarines,2015,821.2
Slovenia,Peaches and nectarines,2016,825.6
Slovenia,Peaches and nectarines,2017,1008.1
Slovenia,Peaches and nectarines,2018,1049.4
Slovenia,Pears,2015,807.3
Slovenia,Pears,2016,903.7
Slovenia,Pears,2017,1012.1
Slovenia,Pears,2018,916.5
Slovenia,Persimmons,2015,1024.4
Slovenia,Persimmons,2016,1220.6
Slovenia,Plums and sloes,2015,1086.3
Slovenia,Plums and sloes,2016,1034.5
Slovenia,Plums and sloes,2017,907.1
Slovenia,Plums and sloes,2018,1009.6
Slovenia,Potatoes,2015,206.7
Slovenia,Potatoes,2016,257.5
Slovenia,Potatoes,2017,261.6
Slovenia,Potatoes,2018,274.8
Slovenia,Rape or colza seed,2015,403.3
Slovenia,Rape or colza seed,2016,361.3
Slovenia,Rape or colza seed,2017,361.6
Slovenia,Rape or colza seed,2018,361.3
Slovenia,Raw milk of cattle,2015,313.3
Slovenia,Raw milk of cattle,2016,276.5
Slovenia,Raw milk of cattle,2017,339.5
Slovenia,Raw milk of cattle,2018,344.0
Slovenia,Rye,2015,166.1
Slovenia,Rye,2016,158.0
Slovenia,Soya beans,2015,325.2
Slovenia,Soya beans,2016,348.4
Slovenia,Soya beans,2017,360.8
Slovenia,Soya beans,2018,367.4
Slovenia,Strawberries,2015,3758.3
Slovenia,Strawberries,2016,3011.7
Slovenia,Strawberries,2017,4385.2
Slovenia,Strawberries,2018,4146.4
Slovenia,Tomatoes,2015,1444.2
Slovenia,Triticale,2015,154.7
Slovenia,Triticale,2016,145.6
Slovenia,Triticale,2017,145.3
Slovenia,Triticale,2018,164.4
Slovenia,"Walnuts, in shell",2016,6264.6
Slovenia,Wheat,2015,186.7
Slovenia,Wheat,2016,148.0
Slovenia,Wheat,2017,174.0
Slovenia,Wheat,2018,188.2
South Africa,Apples,2015,465.5
South Africa,Apples,2016,444.6
South Africa,Apples,2017,492.1
South Africa,Apples,2018,545.8
South Africa,Apricots,2015,989.0
South Africa,Apricots,2016,934.4
South Africa,Apricots,2017,1072.1
South Africa,Apricots,2018,1087.7
South Africa,Asparagus,2015,4521.5
South Africa,Asparagus,2016,4204.7
South Africa,Asparagus,2017,4364.7
South Africa,Asparagus,2018,3773.1
South Africa,Avocados,2015,645.3
South Africa,Avocados,2016,664.1
South Africa,Avocados,2017,996.3
South Africa,Avocados,2018,762.5
South Africa,Bananas,2015,393.0
South Africa,Bananas,2016,471.0
South Africa,Bananas,2017,507.5
South Africa,Bananas,2018,454.4
South Africa,Barley,2015,242.8
South Africa,Barley,2016,227.9
South Africa,Barley,2017,211.8
South Africa,Barley,2018,256.7
South Africa,"Beans, dry",2015,849.1
South Africa,"Beans, dry",2016,896.1
South Africa,"Beans, dry",2017,1029.4
South Africa,"Beans, dry",2018,992.2
South Africa,Cabbages,2015,130.1
South Africa,Cabbages,2016,133.1
South Africa,Cabbages,2017,157.3
South Africa,Cabbages,2018,144.4
South Africa,Cantaloupes and other melons,2015,632.7
South Africa,Cantaloupes and other melons,2016,571.3
South Africa,Cantaloupes and other melons,2017,624.5
South Africa,Cantaloupes and other melons,2018,627.0
South Africa,Carrots and turnips,2015,197.2
South Africa,Carrots and turnips,2016,215.0
South Africa,Carrots and turnips,2017,234.4
South Africa,Carrots and turnips,2018,253.6
South Africa,Cauliflowers and broccoli,2015,446.2
South Africa,Cauliflowers and broccoli,2016,463.6
South Africa,Cauliflowers and broccoli,2017,484.2
South Africa,Cauliflowers and broccoli,2018,703.8
South Africa,Cherries,2015,4026.3
South Africa,Cherries,2016,4038.2
South Africa,Cherries,2017,4966.5
South Africa,Cherries,2018,4709.1
South Africa,Chicory roots,2015,116.0
South Africa,Chicory roots,2016,103.3
South Africa,"Chillies and peppers, green (Capsicum spp. and Pimenta spp.)",2015,1323.7
South Africa,"Chillies and peppers, green (Capsicum spp. and Pimenta spp.)",2016,727.4
South Africa,"Chillies and peppers, green (Capsicum spp. and Pimenta spp.)",2017,759.9
South Africa,"Chillies and peppers, green (Capsicum spp. and Pimenta spp.)",2018,794.7
South Africa,"Cotton lint, ginned",2015,1582.9
South Africa,"Cotton lint, ginned",2016,1651.7
South Africa,"Cotton lint, ginned",2017,1853.3
South Africa,Cucumbers and gherkins,2015,539.3
South Africa,Cucumbers and gherkins,2016,467.2
South Africa,Cucumbers and gherkins,2017,552.0
South Africa,Cucumbers and gherkins,2018,707.0
South Africa,Figs,2015,1546.8
South Africa,Figs,2016,1479.8
South Africa,Figs,2017,2091.1
South Africa,Figs,2018,1104.2
South Africa,Gooseberries,2015,3010.0
South Africa,Gooseberries,2016,2868.5
South Africa,Gooseberries,2017,3281.7
South Africa,Gooseberries,2018,2954.6
South Africa,Grapes,2015,895.8
South Africa,Grapes,2016,654.3
South Africa,Grapes,2017,1008.0
South Africa,Grapes,2018,1116.5
South Africa,Green corn (maize),2015,863.2
South Africa,Green corn (maize),2016,963.8
South Africa,Green corn (maize),2017,944.6
South Africa,Green corn (maize),2018,1072.4
South Africa,Green garlic,2015,1921.9
South Africa,Green garlic,2016,3273.3
South Africa,Green garlic,2017,3693.3
South Africa,Green garlic,2018,1730.0
South Africa,"Groundnuts, excluding shelled",2015,594.3
South Africa,"Groundnuts, excluding shelled",2016,525.0
South Africa,"Groundnuts, excluding shelled",2017,586.0
South Africa,"Groundnuts, excluding shelled",2018,590.2
South Africa,"Hen eggs in shell, fresh",2015,1348.2
South Africa,"Hen eggs in shell, fresh",2016,1206.8
South Africa,"Hen eggs in shell, fresh",2017,1503.2
South Africa,"Hen eggs in shell, fresh",2018,1666.9
South Africa,Leeks and other alliaceous vegetables,2015,486.8
South Africa,Leeks and other alliaceous vegetables,2016,551.7
South Africa,Leeks and other alliaceous vegetables,2017,404.4
South Africa,Leeks and other alliaceous vegetables,2018,855.5
South Africa,Lemons and limes,2015,584.1
South Africa,Lemons and limes,2016,562.3
South Africa,Lemons and limes,2017,560.5
South Africa,Lemons and limes,2018,505.9
South Africa,Lettuce and chicory,2015,376.1
South Africa,Lettuce and chicory,2016,373.0
South Africa,Lettuce and chicory,2017,410.8
South Africa,Lettuce and chicory,2018,470.4
South Africa,Maize (corn),2015,183.3
South Africa,Maize (corn),2016,219.0
South Africa,Maize (corn),2017,127.3
South Africa,Maize (corn),2018,171.4
South Africa,"Mangoes, guavas and mangosteens",2015,676.4
South Africa,"Mangoes, guavas and mangosteens",2016,689.4
South Africa,"Mangoes, guavas and mangosteens",2017,681.4
South Africa,"Mangoes, guavas and mangosteens",2018,539.1
South Africa,"Meat of cattle with the bone, fresh or chilled",2015,2614.1
South Africa,"Meat of cattle with the bone, fresh or chilled",2016,2489.2
South Africa,"Meat of cattle with the bone, fresh or chilled",2017,3339.6
South Africa,"Meat of cattle with the bone, fresh or chilled",2018,3428.5
South Africa,"Meat of cattle with the bone, fresh or chilled (biological)",2015,1468.2
South Africa,"Meat of cattle with the bone, fresh or chilled (biological)",2016,1535.1
South Africa,"Meat of cattle with the bone, fresh or chilled (biological)",2017,2059.6
South Africa,"Meat of cattle with the bone, fresh or chilled (biological)",2018,2114.4
South Africa,"Meat of chickens, fresh or chilled",2015,1713.4
South Africa,"Meat of chickens, fresh or chilled",2016,1505.6
South Africa,"Meat of chickens, fresh or chilled",2017,2015.1
South Africa,"Meat of chickens, fresh or chilled",2018,2081.7
South Africa,"Meat of goat, fresh or chilled",2015,3639.3
South Africa,"Meat of pig with the bone, fresh or chilled",2015,1762.2
South Africa,"Meat of pig with the bone, fresh or chilled",2016,1599.1
South Africa,"Meat of pig with the bone, fresh or chilled",2017,1988.6
South Africa,"Meat of pig with the bone, fresh or chilled",2018,1752.0
South Africa,"Meat of pig with the bone, fresh or chilled (biological)",2015,1360.7
South Africa,"Meat of pig with the bone, fresh or chilled (biological)",2016,1291.6
South Africa,"Meat of pig with the bone, fresh or chilled (biological)",2017,1606.1
South Africa,"Meat of pig with the bone, fresh or chilled (biological)",2018,1415.1
South Africa,"Meat of sheep, fresh or chilled",2015,4047.5
South Africa,"Meat of sheep, fresh or chilled",2016,3858.8
South Africa,"Meat of sheep, fresh or chilled",2017,5249.7
South Africa,"Meat of sheep, fresh or chilled",2018,5380.2
South Africa,"Meat of sheep, fresh or chilled (biological)",2015,2376.1
South Africa,"Meat of sheep, fresh or chilled (biological)",2016,2489.9
South Africa,"Meat of sheep, fresh or chilled (biological)",2017,3387.4
South Africa,"Meat of sheep, fresh or chilled (biological)",2018,3471.6
South Africa,Mushrooms and truffles,2015,1306.3
South Africa,Mushrooms and truffles,2016,1387.1
South Africa,Mushrooms and truffles,2017,1344.0
South Africa,Mushrooms and truffles,2018,1745.1
South Africa,Oats,2015,325.5
South Africa,Oats,2016,186.2
South Africa,Oats,2017,241.5
South Africa,Oats,2018,256.6
South Africa,"Onions and shallots, dry (excluding dehydrated)",2015,185.8
South Africa,"Onions and shallots, dry (excluding dehydrated)",2016,260.8
South Africa,"Onions and shallots, dry (excluding dehydrated)",2017,228.7
South Africa,"Onions and shallots, dry (excluding dehydrated)",2018,268.0
South Africa,Oranges,2015,199.5
South Africa,Oranges,2016,247.2
South Africa,Oranges,2017,270.3
South Africa,Oranges,2018,253.8
South Africa,"Other beans, green",2015,473.2
South Africa,"Other beans, green",2016,440.4
South Africa,"Other beans, green",2017,478.6
South Africa,"Other beans, green",2018,489.7
South Africa,Other berries and fruits of the genus vaccinium n.e.c.,2015,3787.4
South Africa,Other berries and fruits of the genus vaccinium n.e.c.,2016,3594.7
South Africa,Other berries and fruits of the genus vaccinium n.e.c.,2017,3359.1
South Africa,Other berries and fruits of the genus vaccinium n.e.c.,2018,6439.2
South Africa,Papayas,2015,600.0
South Africa,Papayas,2016,558.4
South Africa,Papayas,2017,658.3
South Africa,Papayas,2018,696.7
South Africa,Peaches and nectarines,2015,481.5
South Africa,Peaches and nectarines,2016,941.3
South Africa,Peaches and nectarines,2017,978.3
South Africa,Peaches and nectarines,2018,1055.1
South Africa,Pears,2015,472.6
South Africa,Pears,2016,445.4
South Africa,Pears,2017,483.1
South Africa,Pears,2018,507.7
South Africa,"Peas, green",2015,364.6
South Africa,"Peas, green",2016,413.9
South Africa,"Peas, green",2017,432.4
South Africa,"Peas, green",2018,509.4
South Africa,Pineapples,2015,446.2
South Africa,Pineapples,2016,584.5
South Africa,Pineapples,2017,514.3
South Africa,Pineapples,2018,425.0
South Africa,Plums and sloes,2015,553.8
South Africa,Plums and sloes,2016,528.4
South Africa,Plums and sloes,2017,564.1
South Africa,Plums and sloes,2018,583.0
South Africa,Pomelos and grapefruits,2015,308.6
South Africa,Pomelos and grapefruits,2016,353.5
South Africa,Pomelos and grapefruits,2017,185.5
South Africa,Pomelos and grapefruits,2018,396.2
South Africa,Potatoes,2015,199.1
South Africa,Potatoes,2016,254.1
South Africa,Potatoes,2017,217.6
South Africa,Potatoes,2018,237.5
South Africa,"Pumpkins, squash and gourds",2015,304.5
South Africa,"Pumpkins, squash and gourds",2016,368.5
South Africa,"Pumpkins, squash and gourds",2017,391.0
South Africa,"Pumpkins, squash and gourds",2018,354.4
South Africa,Quinces,2015,639.0
South Africa,Quinces,2016,524.9
South Africa,Quinces,2017,626.1
South Africa,Quinces,2018,462.1
South Africa,Raw milk of cattle,2015,317.4
South Africa,Raw milk of cattle,2016,296.9
South Africa,Raw milk of cattle,2017,356.5
South Africa,Raw milk of cattle,2018,342.0
South Africa,"Seed cotton, unginned",2015,599.6
South Africa,"Seed cotton, unginned",2016,559.5
South Africa,"Seed cotton, unginned",2017,675.6
South Africa,"Shorn wool, greasy, including fleece-washed shorn wool",2015,8892.8
South Africa,"Shorn wool, greasy, including fleece-washed shorn wool",2016,9768.9
South Africa,"Shorn wool, greasy, including fleece-washed shorn wool",2017,12142.2
South Africa,"Shorn wool, greasy, including fleece-washed shorn wool",2018,14932.4
South Africa,Sorghum,2015,186.6
South Africa,Sorghum,2016,233.5
South Africa,Sorghum,2017,197.8
South Africa,Sorghum,2018,220.4
South Africa,Soya beans,2015,370.9
South Africa,Soya beans,2016,421.3
South Africa,Soya beans,2017,363.3
South Africa,Soya beans,2018,335.2
South Africa,Spinach,2015,324.5
South Africa,Spinach,2016,289.7
South Africa,Spinach,2017,348.7
South Africa,Spinach,2018,352.2
South Africa,Strawberries,2015,2057.1
South Africa,Strawberries,2016,2033.8
South Africa,Strawberries,2017,2213.3
South Africa,Strawberries,2018,2504.0
South Africa,Sugar cane,2015,35.8
South Africa,Sugar cane,2016,38.3
South Africa,Sugar cane,2017,39.1
South Africa,Sugar cane,2018,34.1
South Africa,Sunflower seed,2015,356.8
South Africa,Sunflower seed,2016,412.2
South Africa,Sunflower seed,2017,328.9
South Africa,Sunflower seed,2018,336.9
South Africa,Sweet potatoes,2015,328.8
South Africa,Sweet potatoes,2016,292.7
South Africa,Sweet potatoes,2017,261.6
South Africa,Sweet potatoes,2018,233.4
South Africa,"Tangerines, mandarins, clementines",2015,496.9
South Africa,"Tangerines, mandarins, clementines",2016,491.8
South Africa,"Tangerines, mandarins, clementines",2017,502.0
South Africa,"Tangerines, mandarins, clementines",2018,538.3
South Africa,Tea leaves,2015,1496.2
South Africa,Tea leaves,2016,1300.5
South Africa,Tea leaves,2017,1528.4
South Africa,Tea leaves,2018,1956.1
South Africa,Tomatoes,2015,320.9
South Africa,Tomatoes,2016,264.1
South Africa,Tomatoes,2017,290.1
South Africa,Tomatoes,2018,355.3
South Africa,Unmanufactured tobacco,2015,3230.7
South Africa,Unmanufactured tobacco,2016,2892.7
South Africa,Unmanufactured tobacco,2017,3674.9
South Africa,Watermelons,2015,88.9
South Africa,Watermelons,2016,172.6
South Africa,Watermelons,2017,184.1
South Africa,Watermelons,2018,227.9
South Africa,Wheat,2015,295.6
South Africa,Wheat,2016,251.9
South Africa,Wheat,2017,276.7
South Africa,Wheat,2018,283.0
Spain,"Almonds, in shell",2015,2057.1
Spain,"Almonds, in shell",2016,1911.7
Spain,"Almonds, in shell",2017,1651.9
Spain,"Almonds, in shell",2018,1350.8
Spain,"Anise, badian, coriander, cumin, caraway, fennel and juniper berries, raw",2015,2825.3
Spain,"Anise, badian, coriander, cumin, caraway, fennel and juniper berries, raw",2016,2062.5
Spain,"Anise, badian, coriander, cumin, caraway, fennel and juniper berries, raw",2017,1870.8
Spain,"Anise, badian, coriander, cumin, caraway, fennel and juniper berries, raw",2018,2429.2
Spain,Apples,2015,418.5
Spain,Apples,2016,475.9
Spain,Apples,2017,495.0
Spain,Apples,2018,638.5
Spain,Apricots,2015,888.1
Spain,Apricots,2016,956.6
Spain,Apricots,2017,838.8
Spain,Apricots,2018,778.8
Spain,Artichokes,2015,722.1
Spain,Artichokes,2016,730.4
Spain,Artichokes,2017,753.6
Spain,Artichokes,2018,814.5
Spain,Asparagus,2015,2365.8
Spain,Asparagus,2016,2338.6
Spain,Asparagus,2017,2122.9
Spain,Asparagus,2018,2662.9
Spain,Avocados,2015,1751.2
Spain,Avocados,2016,2341.4
Spain,Avocados,2017,2424.5
Spain,Avocados,2018,2277.0
Spain,Bananas,2015,478.8
Spain,Bananas,2016,409.4
Spain,Bananas,2017,526.3
Spain,Bananas,2018,694.6
Spain,Bananas cavendish,2015,479.0
Spain,Bananas cavendish,2016,409.0
Spain,Barley,2015,193.0
Spain,Barley,2016,167.4
Spain,Barley,2017,186.5
Spain,Barley,2018,203.8
Spain,"Beans, dry",2015,1955.8
Spain,"Beans, dry",2016,1847.3
Spain,"Beans, dry",2017,2054.1
Spain,"Beans, dry",2018,2043.5
Spain,Beeswax,2015,5178.4
Spain,Beeswax,2016,6685.0
Spain,Beeswax,2017,7074.5
Spain,Beeswax,2018,7511.6
Spain,Blueberries,2016,4801.7
Spain,Blueberries,2017,5264.3
Spain,Blueberries,2018,5023.2
Spain,"Broad beans and horse beans, dry",2015,249.2
Spain,"Broad beans and horse beans, dry",2016,230.0
Spain,"Broad beans and horse beans, dry",2017,240.8
Spain,"Broad beans and horse beans, dry",2018,262.3
Spain,"Broad beans and horse beans, green",2015,806.5
Spain,"Broad beans and horse beans, green",2016,934.3
Spain,"Broad beans and horse beans, green",2017,887.5
Spain,"Broad beans and horse beans, green",2018,1238.7
Spain,Cabbages,2015,491.2
Spain,Cabbages,2016,521.4
Spain,Cabbages,2017,497.1
Spain,Cabbages,2018,412.5
Spain,Canary seed,2015,809.6
Spain,Canary seed,2016,564.1
Spain,Canary seed,2017,637.4
Spain,Canary seed,2018,587.8
Spain,Cantaloupes and other melons,2015,471.1
Spain,Cantaloupes and other melons,2016,375.1
Spain,Cantaloupes and other melons,2017,373.0
Spain,Cantaloupes and other melons,2018,391.3
Spain,Carrots and turnips,2015,359.3
Spain,Carrots and turnips,2016,327.9
Spain,Carrots and turnips,2017,319.2
Spain,Carrots and turnips,2018,381.0
Spain,Cauliflowers and broccoli,2015,420.0
Spain,Cauliflowers and broccoli,2016,537.6
Spain,Cauliflowers and broccoli,2017,557.4
Spain,Cauliflowers and broccoli,2018,552.8
Spain,Cherries,2015,1618.2
Spain,Cherries,2016,2009.1
Spain,Cherries,2017,1648.3
Spain,Cherries,2018,1417.7
Spain,"Chestnuts, in shell",2015,1591.3
Spain,"Chestnuts, in shell",2016,1641.8
Spain,"Chestnuts, in shell",2017,1663.4
Spain,"Chestnuts, in shell",2018,1823.9
Spain,"Chick peas, dry",2015,653.4
Spain,"Chick peas, dry",2016,680.4
Spain,"Chick peas, dry",2017,1042.4
Spain,"Chick peas, dry",2018,1383.5
Spain,Chicory roots,2015,645.9
Spain,Chicory roots,2016,836.8
Spain,Chicory roots,2017,899.5
Spain,Chicory roots,2018,620.0
Spain,"Chillies and peppers, dry (Capsicum spp., Pimenta spp.), raw",2015,3327.2
Spain,"Chillies and peppers, dry (Capsicum spp., Pimenta spp.), raw",2016,3313.9
Spain,"Chillies and peppers, dry (Capsicum spp., Pimenta spp.), raw",2017,3412.1
Spain,"Chillies and peppers, dry (Capsicum spp., Pimenta spp.), raw",2018,3629.5
Spain,"Chillies and peppers, green (Capsicum spp. and Pimenta spp.)",2015,1014.6
Spain,"Chillies and peppers, green (Capsicum spp. and Pimenta spp.)",2016,919.5
Spain,"Chillies and peppers, green (Capsicum spp. and Pimenta spp.)",2017,889.7
Spain,"Chillies and peppers, green (Capsicum spp. and Pimenta spp.)",2018,954.1
Spain,"Coffee, green",2018,4723.8
Spain,Cucumbers and gherkins,2015,645.3
Spain,Cucumbers and gherkins,2016,572.5
Spain,Cucumbers and gherkins,2017,633.2
Spain,Cucumbers and gherkins,2018,645.2
Spain,Currants,2016,7331.7
Spain,Currants,2017,7990.6
Spain,Currants,2018,6759.9
Spain,Dates,2015,2218.1
Spain,Dates,2016,3661.4
Spain,Dates,2017,3547.2
Spain,Dates,2018,3920.8
Spain,Eggplants (aubergines),2015,783.2
Spain,Eggplants (aubergines),2016,584.2
Spain,Eggplants (aubergines),2017,774.3
Spain,Eggplants (aubergines),2018,634.2
Spain,Figs,2015,1309.6
Spain,Figs,2016,1520.5
Spain,Figs,2017,1406.6
Spain,Figs,2018,1050.5
Spain,Grapes,2015,778.2
Spain,Grapes,2016,756.3
Spain,Grapes,2017,937.5
Spain,Grapes,2018,861.5
Spain,Green garlic,2015,1504.9
Spain,Green garlic,2016,2226.7
Spain,Green garlic,2017,1682.3
Spain,Green garlic,2018,1730.6
Spain,"Groundnuts, excluding shelled",2015,865.1
Spain,"Groundnuts, excluding shelled",2016,774.3
Spain,"Groundnuts, excluding shelled",2017,790.8
Spain,"Groundnuts, excluding shelled",2018,824.8
Spain,"Hazelnuts, in shell",2015,3147.0
Spain,"Hazelnuts, in shell",2016,2744.1
Spain,"Hazelnuts, in shell",2017,2023.4
Spain,"Hazelnuts, in shell",2018,1952.2
Spain,"Hen eggs in shell, fresh",2015,1493.2
Spain,"Hen eggs in shell, fresh",2016,1281.5
Spain,"Hen eggs in shell, fresh",2017,1643.5
Spain,"Hen eggs in shell, fresh",2018,1741.2
Spain,Hop cones,2015,4436.3
Spain,Hop cones,2016,4426.8
Spain,Hop cones,2017,4970.6
Spain,Hop cones,2018,5699.3
Spain,"Horse meat, fresh or chilled",2015,1383.3
Spain,"Horse meat, fresh or chilled",2016,1465.3
Spain,"Horse meat, fresh or chilled",2017,1644.2
Spain,"Horse meat, fresh or chilled",2018,2101.4
Spain,Kiwi fruit,2015,874.9
Spain,Kiwi fruit,2016,896.7
Spain,Kiwi fruit,2017,915.2
Spain,Kiwi fruit,2018,1052.1
Spain,Leeks and other alliaceous vegetables,2015,507.6
Spain,Leeks and other alliaceous vegetables,2016,535.0
Spain,Leeks and other alliaceous vegetables,2017,565.5
Spain,Leeks and other alliaceous vegetables,2018,675.5
Spain,Lemons and limes,2015,588.8
Spain,Lemons and limes,2016,725.9
Spain,Lemons and limes,2017,508.9
Spain,Lemons and limes,2018,595.8
Spain,"Lentils, dry",2015,660.4
Spain,"Lentils, dry",2016,725.0
Spain,"Lentils, dry",2017,772.8
Spain,"Lentils, dry",2018,717.4
Spain,Lettuce and chicory,2015,278.6
Spain,Lettuce and chicory,2016,354.2
Spain,Lettuce and chicory,2017,445.4
Spain,Lettuce and chicory,2018,266.3
Spain,Locust beans (carobs),2015,279.5
Spain,Locust beans (carobs),2016,266.5
Spain,Locust beans (carobs),2017,287.8
Spain,Locust beans (carobs),2018,365.7
Spain,Lupins,2015,380.0
Spain,Lupins,2016,340.6
Spain,Lupins,2017,367.4
Spain,Lupins,2018,365.9
Spain,Maize (corn),2015,191.8
Spain,Maize (corn),2016,186.7
Spain,Maize (corn),2017,194.1
Spain,Maize (corn),2018,208.3
Spain,"Mangoes, guavas and mangosteens",2015,1949.3
Spain,"Mangoes, guavas and mangosteens",2016,1974.6
Spain,"Mangoes, guavas and mangosteens",2017,1651.9
Spain,"Mangoes, guavas and mangosteens",2018,1496.2
Spain,"Meat of asses, fresh or chilled",2015,815.5
Spain,"Meat of asses, fresh or chilled",2016,840.2
Spain,"Meat of asses, fresh or chilled",2017,899.3
Spain,"Meat of asses, fresh or chilled",2018,1155.2
Spain,"Meat of cattle with the bone, fresh or chilled",2015,2561.9
Spain,"Meat of cattle with the bone, fresh or chilled",2016,2650.8
Spain,"Meat of cattle with the bone, fresh or chilled",2017,2808.2
Spain,"Meat of cattle with the bone, fresh or chilled",2018,2776.2
Spain,"Meat of chickens, fresh or chilled",2015,1227.7
Spain,"Meat of chickens, fresh or chilled",2016,1142.0
Spain,"Meat of chickens, fresh or chilled",2017,1309.1
Spain,"Meat of chickens, fresh or chilled",2018,1367.9
Spain,"Meat of chickens, fresh or chilled (biological)",2015,1227.7
Spain,"Meat of chickens, fresh or chilled (biological)",2016,1142.0
Spain,"Meat of chickens, fresh or chilled (biological)",2017,1309.1
Spain,"Meat of chickens, fresh or chilled (biological)",2018,1367.9
Spain,"Meat of ducks, fresh or chilled (biological)",2015,3049.9
Spain,"Meat of ducks, fresh or chilled (biological)",2016,3041.9
Spain,"Meat of ducks, fresh or chilled (biological)",2017,3332.6
Spain,"Meat of ducks, fresh or chilled (biological)",2018,3604.0
Spain,"Meat of goat, fresh or chilled",2015,4701.6
Spain,"Meat of goat, fresh or chilled",2016,4624.9
Spain,"Meat of goat, fresh or chilled",2017,4410.3
Spain,"Meat of goat, fresh or chilled",2018,4864.8
Spain,"Meat of goat, fresh or chilled (biological)",2015,1002.9
Spain,"Meat of goat, fresh or chilled (biological)",2016,1245.0
Spain,"Meat of goat, fresh or chilled (biological)",2017,1189.0
Spain,"Meat of goat, fresh or chilled (biological)",2018,797.6
Spain,"Meat of mules, fresh or chilled",2015,771.9
Spain,"Meat of mules, fresh or chilled",2016,802.4
Spain,"Meat of mules, fresh or chilled",2017,845.6
Spain,"Meat of mules, fresh or chilled",2018,1198.4
Spain,"Meat of pig with the bone, fresh or chilled",2015,1263.1
Spain,"Meat of pig with the bone, fresh or chilled",2016,1260.5
Spain,"Meat of pig with the bone, fresh or chilled",2017,1423.3
Spain,"Meat of pig with the bone, fresh or chilled",2018,1351.5
Spain,"Meat of rabbits and hares, fresh or chilled",2015,1795.6
Spain,"Meat of rabbits and hares, fresh or chilled",2016,1796.3
Spain,"Meat of rabbits and hares, fresh or chilled",2017,1969.0
Spain,"Meat of rabbits and hares, fresh or chilled",2018,2174.3
Spain,"Meat of rabbits and hares, fresh or chilled (biological)",2015,1795.6
Spain,"Meat of rabbits and hares, fresh or chilled (biological)",2016,1796.3
Spain,"Meat of rabbits and hares, fresh or chilled (biological)",2017,1969.0
Spain,"Meat of rabbits and hares, fresh or chilled (biological)",2018,2174.3
Spain,"Meat of sheep, fresh or chilled",2015,3177.6
Spain,"Meat of sheep, fresh or chilled",2016,3049.7
Spain,"Meat of sheep, fresh or chilled",2017,3307.9
Spain,"Meat of sheep, fresh or chilled",2018,3439.3
Spain,"Meat of sheep, fresh or chilled (biological)",2015,650.2
Spain,"Meat of sheep, fresh or chilled (biological)",2016,584.0
Spain,"Meat of sheep, fresh or chilled (biological)",2017,631.6
Spain,"Meat of sheep, fresh or chilled (biological)",2018,677.0
Spain,"Meat of turkeys, fresh or chilled (biological)",2015,1541.6
Spain,"Meat of turkeys, fresh or chilled (biological)",2016,1537.6
Spain,"Meat of turkeys, fresh or chilled (biological)",2017,1316.6
Spain,"Meat of turkeys, fresh or chilled (biological)",2018,1349.8
Spain,Millet,2015,390.4
Spain,Millet,2016,315.0
Spain,Millet,2017,330.1
Spain,Millet,2018,352.2
Spain,Mushrooms and truffles,2015,1239.7
Spain,Mushrooms and truffles,2016,1235.1
Spain,Mushrooms and truffles,2017,1471.7
Spain,Mushrooms and truffles,2018,1736.4
Spain,Natural honey,2015,3976.2
Spain,Natural honey,2016,4071.5
Spain,Natural honey,2017,4998.5
Spain,Natural honey,2018,4344.6
Spain,Oats,2015,202.0
Spain,Oats,2016,174.4
Spain,Oats,2017,168.5
Spain,Oats,2018,171.4
Spain,Olives,2015,795.0
Spain,Olives,2016,749.3
Spain,Olives,2017,793.8
Spain,Olives,2018,871.8
Spain,"Onions and shallots, dry (excluding dehydrated)",2015,283.4
Spain,"Onions and shallots, dry (excluding dehydrated)",2016,214.6
Spain,"Onions and shallots, dry (excluding dehydrated)",2017,222.3
Spain,"Onions and shallots, dry (excluding dehydrated)",2018,272.1
Spain,"Onions and shallots, green",2015,639.2
Spain,"Onions and shallots, green",2016,922.8
Spain,"Onions and shallots, green",2017,994.6
Spain,"Onions and shallots, green",2018,816.1
Spain,Oranges,2015,205.8
Spain,Oranges,2016,292.8
Spain,Oranges,2017,284.6
Spain,Oranges,2018,274.0
Spain,"Other beans, green",2015,1678.2
Spain,"Other beans, green",2016,1508.3
Spain,"Other beans, green",2017,1708.5
Spain,"Other beans, green",2018,1922.4
Spain,Papayas,2015,783.8
Spain,Papayas,2016,791.8
Spain,Papayas,2017,974.9
Spain,Papayas,2018,1165.4
Spain,Peaches and nectarines,2015,622.2
Spain,Peaches and nectarines,2016,661.8
Spain,Peaches and nectarines,2017,568.1
Spain,Peaches and nectarines,2018,868.4
Spain,Pears,2015,607.5
Spain,Pears,2016,613.1
Spain,Pears,2017,631.6
Spain,Pears,2018,660.9
Spain,"Peas, dry",2015,253.9
Spain,"Peas, dry",2016,228.6
Spain,"Peas, dry",2017,240.3
Spain,"Peas, dry",2018,238.9
Spain,"Peas, green",2015,581.5
Spain,"Peas, green",2016,549.2
Spain,"Peas, green",2017,524.8
Spain,"Peas, green",2018,506.6
Spain,"Peppermint, spearmint",2015,1996.3
Spain,"Peppermint, spearmint",2016,1935.8
Spain,"Peppermint, spearmint",2017,1976.9
Spain,"Peppermint, spearmint",2018,819.8
Spain,Persimmons,2015,662.1
Spain,Persimmons,2016,509.6
Spain,Persimmons,2017,474.6
Spain,Persimmons,2018,589.3
Spain,Pineapples,2015,2007.4
Spain,Pineapples,2016,2364.7
Spain,Pineapples,2017,2338.2
Spain,Pineapples,2018,2496.5
Spain,Plums and sloes,2015,677.9
Spain,Plums and sloes,2016,604.6
Spain,Plums and sloes,2017,550.8
Spain,Plums and sloes,2018,728.9
Spain,Pomelos and grapefruits,2015,230.9
Spain,Pomelos and grapefruits,2016,241.3
Spain,Pomelos and grapefruits,2017,282.3
Spain,Pomelos and grapefruits,2018,275.3
Spain,Poppy seed,2015,987.1
Spain,Poppy seed,2016,973.4
Spain,Poppy seed,2017,1021.2
Spain,Poppy seed,2018,1145.1
Spain,Potatoes,2015,253.0
Spain,Potatoes,2016,354.1
Spain,Potatoes,2017,202.7
Spain,Potatoes,2018,389.6
Spain,"Pumpkins, squash and gourds",2015,820.4
Spain,"Pumpkins, squash and gourds",2016,508.4
Spain,"Pumpkins, squash and gourds",2017,697.0
Spain,"Pumpkins, squash and gourds",2018,695.2
Spain,Quinces,2015,359.8
Spain,Quinces,2016,330.8
Spain,Quinces,2017,362.0
Spain,Quinces,2018,432.6
Spain,Rape or colza seed,2015,354.3
Spain,Rape or colza seed,2016,332.9
Spain,Rape or colza seed,2017,353.8
Spain,Rape or colza seed,2018,375.4
Spain,Raspberries,2015,5139.9
Spain,Raspberries,2016,6201.1
Spain,Raspberries,2017,7308.7
Spain,Raspberries,2018,7197.2
Spain,Raw milk of cattle,2015,337.8
Spain,Raw milk of cattle,2016,331.7
Spain,Raw milk of cattle,2017,360.1
Spain,Raw milk of cattle,2018,366.2
Spain,Raw milk of goats,2015,738.0
Spain,Raw milk of goats,2016,666.9
Spain,Raw milk of goats,2017,672.0
Spain,Raw milk of goats,2018,696.1
Spain,Raw milk of sheep,2015,1041.3
Spain,Raw milk of sheep,2016,1018.3
Spain,Raw milk of sheep,2017,911.2
Spain,Raw milk of sheep,2018,923.1
Spain,Rice,2015,307.0
Spain,Rice,2016,332.7
Spain,Rice,2017,327.7
Spain,Rice,2018,344.7
Spain,Rye,2015,181.7
Spain,Rye,2016,148.9
Spain,Rye,2017,176.9
Spain,Rye,2018,192.7
Spain,Safflower seed,2015,332.3
Spain,Safflower seed,2016,365.8
Spain,Safflower seed,2017,356.9
Spain,Safflower seed,2018,458.9
Spain,"Seed cotton, unginned",2015,556.4
Spain,"Seed cotton, unginned",2016,529.4
Spain,"Seed cotton, unginned",2017,565.4
Spain,"Seed cotton, unginned",2018,560.1
Spain,"Shorn wool, greasy, including fleece-washed shorn wool",2015,805.3
Spain,"Shorn wool, greasy, including fleece-washed shorn wool",2016,836.3
Spain,"Shorn wool, greasy, including fleece-washed shorn wool",2017,817.2
Spain,"Shorn wool, greasy, including fleece-washed shorn wool",2018,1056.6
Spain,Sorghum,2015,186.8
Spain,Sorghum,2016,176.9
Spain,Sorghum,2017,181.8
Spain,Sorghum,2018,204.1
Spain,Sour cherries,2015,1618.2
Spain,Sour cherries,2016,2009.1
Spain,Sour cherries,2017,1648.3
Spain,Soya beans,2015,528.3
Spain,Soya beans,2016,507.8
Spain,Soya beans,2017,514.1
Spain,Soya beans,2018,566.3
Spain,Spinach,2015,670.5
Spain,Spinach,2016,795.9
Spain,Spinach,2017,901.3
Spain,Spinach,2018,947.8
Spain,Strawberries,2015,1272.3
Spain,Strawberries,2016,1147.3
Spain,Strawberries,2017,1271.1
Spain,Strawberries,2018,1686.6
Spain,Sugar beet,2015,42.3
Spain,Sugar beet,2016,42.7
Spain,Sugar beet,2017,46.0
Spain,Sugar beet,2018,41.6
Spain,Sugar cane,2015,38.8
Spain,Sugar cane,2016,38.7
Spain,Sugar cane,2017,39.5
Spain,Sugar cane,2018,80.1
Spain,Sunflower seed,2015,404.1
Spain,Sunflower seed,2016,385.2
Spain,Sunflower seed,2017,372.0
Spain,Sunflower seed,2018,361.7
Spain,Sweet potatoes,2015,555.2
Spain,Sweet potatoes,2016,582.3
Spain,Sweet potatoes,2017,586.2
Spain,Sweet potatoes,2018,586.1
Spain,"Tangerines, mandarins, clementines",2015,309.1
Spain,"Tangerines, mandarins, clementines",2016,261.5
Spain,"Tangerines, mandarins, clementines",2017,315.4
Spain,"Tangerines, mandarins, clementines",2018,309.2
Spain,Tomatoes,2015,361.1
Spain,Tomatoes,2016,311.0
Spain,Tomatoes,2017,439.2
Spain,Tomatoes,2018,372.6
Spain,Triticale,2015,195.6
Spain,Triticale,2016,176.4
Spain,Triticale,2017,188.2
Spain,Triticale,2018,203.1
Spain,Unmanufactured tobacco,2015,2375.0
Spain,Unmanufactured tobacco,2016,2458.1
Spain,Unmanufactured tobacco,2017,2429.7
Spain,Unmanufactured tobacco,2018,2753.2
Spain,Vetches,2015,430.3
Spain,Vetches,2016,325.5
Spain,Vetches,2017,384.9
Spain,Vetches,2018,266.9
Spain,"Walnuts, in shell",2015,3551.8
Spain,"Walnuts, in shell",2016,3824.4
Spain,"Walnuts, in shell",2017,3581.4
Spain,"Walnuts, in shell",2018,4223.9
Spain,Watermelons,2015,303.3
Spain,Watermelons,2016,282.0
Spain,Watermelons,2017,280.4
Spain,Watermelons,2018,610.4
Spain,Wheat,2015,224.5
Spain,Wheat,2016,187.8
Spain,Wheat,2017,209.1
Spain,Wheat,2018,217.4
Sri Lanka,Areca nuts,2015,1071.1
Sri Lanka,Areca nuts,2016,899.1
Sri Lanka,Areca nuts,2017,778.6
Sri Lanka,Areca nuts,2018,789.5
Sri Lanka,Cabbages,2015,431.1
Sri Lanka,Cabbages,2016,436.0
Sri Lanka,Cabbages,2017,386.1
Sri Lanka,Cabbages,2018,360.5
Sri Lanka,Carrots and turnips,2015,758.2
Sri Lanka,Carrots and turnips,2016,692.4
Sri Lanka,Carrots and turnips,2017,639.4
Sri Lanka,Carrots and turnips,2018,781.8
Sri Lanka,"Cashew nuts, in shell",2015,2907.0
Sri Lanka,"Cashew nuts, in shell",2016,1954.4
Sri Lanka,"Cashew nuts, in shell",2017,2375.7
Sri Lanka,"Cashew nuts, in shell",2018,2126.4
Sri Lanka,"Cassava, fresh",2015,272.4
Sri Lanka,"Cassava, fresh",2016,283.6
Sri Lanka,"Cassava, fresh",2017,326.1
Sri Lanka,"Cassava, fresh",2018,256.2
Sri Lanka,"Chillies and peppers, green (Capsicum spp. and Pimenta spp.)",2015,1910.6
Sri Lanka,"Chillies and peppers, green (Capsicum spp. and Pimenta spp.)",2016,1601.3
Sri Lanka,"Chillies and peppers, green (Capsicum spp. and Pimenta spp.)",2017,1631.0
Sri Lanka,"Chillies and peppers, green (Capsicum spp. and Pimenta spp.)",2018,1044.9
Sri Lanka,"Cinnamon and cinnamon-tree flowers, raw",2015,8051.3
Sri Lanka,"Cinnamon and cinnamon-tree flowers, raw",2016,9354.7
Sri Lanka,"Cinnamon and cinnamon-tree flowers, raw",2017,10749.8
Sri Lanka,"Cinnamon and cinnamon-tree flowers, raw",2018,11876.5
Sri Lanka,"Cloves (whole stems), raw",2015,7910.8
Sri Lanka,"Cloves (whole stems), raw",2016,7562.6
Sri Lanka,"Cloves (whole stems), raw",2017,6729.1
Sri Lanka,"Cloves (whole stems), raw",2018,6849.2
Sri Lanka,Cocoa beans,2015,1879.4
Sri Lanka,Cocoa beans,2016,2041.0
Sri Lanka,Cocoa beans,2017,2220.5
Sri Lanka,Cocoa beans,2018,2169.8
Sri Lanka,"Coconuts, in shell",2015,392.6
Sri Lanka,"Coconuts, in shell",2016,306.1
Sri Lanka,"Coconuts, in shell",2017,468.9
Sri Lanka,"Coconuts, in shell",2018,298.2
Sri Lanka,"Coffee, green",2015,1815.1
Sri Lanka,"Coffee, green",2016,2437.9
Sri Lanka,"Coffee, green",2017,3000.3
Sri Lanka,"Coffee, green",2018,3154.2
Sri Lanka,Cooking bananas,2015,353.0
Sri Lanka,Cooking bananas,2016,323.0
Sri Lanka,Cooking bananas,2017,348.0
Sri Lanka,"Cow peas, dry",2015,1258.3
Sri Lanka,"Cow peas, dry",2016,1201.8
Sri Lanka,"Cow peas, dry",2017,1244.0
Sri Lanka,"Cow peas, dry",2018,1073.0
Sri Lanka,Cucumbers and gherkins,2015,239.2
Sri Lanka,Cucumbers and gherkins,2016,258.7
Sri Lanka,Cucumbers and gherkins,2017,243.6
Sri Lanka,Cucumbers and gherkins,2018,204.6
Sri Lanka,Eggplants (aubergines),2015,422.0
Sri Lanka,Eggplants (aubergines),2017,418.6
Sri Lanka,Eggplants (aubergines),2018,410.7
Sri Lanka,"Ginger, raw",2015,1296.0
Sri Lanka,"Ginger, raw",2016,1024.9
Sri Lanka,"Ginger, raw",2017,2364.4
Sri Lanka,"Ginger, raw",2018,2134.4
Sri Lanka,"Groundnuts, excluding shelled",2015,1116.2
Sri Lanka,"Groundnuts, excluding shelled",2016,1130.5
Sri Lanka,"Groundnuts, excluding shelled",2017,1011.9
Sri Lanka,"Groundnuts, excluding shelled",2018,1034.1
Sri Lanka,"Hen eggs in shell, fresh",2015,1521.7
Sri Lanka,"Hen eggs in shell, fresh",2016,1568.8
Sri Lanka,"Hen eggs in shell, fresh",2017,1309.6
Sri Lanka,"Hen eggs in shell, fresh",2018,1343.7
Sri Lanka,Leeks and other alliaceous vegetables,2015,715.1
Sri Lanka,Leeks and other alliaceous vegetables,2016,520.8
Sri Lanka,Leeks and other alliaceous vegetables,2017,471.5
Sri Lanka,Leeks and other alliaceous vegetables,2018,678.9
Sri Lanka,Lemons and limes,2015,888.5
Sri Lanka,Lemons and limes,2016,1392.1
Sri Lanka,Lemons and limes,2017,597.3
Sri Lanka,Lemons and limes,2018,640.9
Sri Lanka,Maize (corn),2015,266.3
Sri Lanka,Maize (corn),2016,281.3
Sri Lanka,Maize (corn),2018,275.3
Sri Lanka,"Mangoes, guavas and mangosteens",2015,473.9
Sri Lanka,"Mangoes, guavas and mangosteens",2016,403.8
Sri Lanka,"Mangoes, guavas and mangosteens",2017,311.3
Sri Lanka,"Mangoes, guavas and mangosteens",2018,281.0
Sri Lanka,"Meat of buffalo, fresh or chilled",2015,2641.9
Sri Lanka,"Meat of buffalo, fresh or chilled",2016,2841.8
Sri Lanka,"Meat of buffalo, fresh or chilled",2017,2966.4
Sri Lanka,"Meat of buffalo, fresh or chilled",2018,4247.6
Sri Lanka,"Meat of chickens, fresh or chilled",2015,2622.3
Sri Lanka,"Meat of chickens, fresh or chilled",2016,2473.3
Sri Lanka,"Meat of chickens, fresh or chilled",2017,2639.9
Sri Lanka,"Meat of chickens, fresh or chilled",2018,2551.1
Sri Lanka,"Meat of chickens, fresh or chilled (biological)",2017,2560.0
Sri Lanka,"Meat of chickens, fresh or chilled (biological)",2018,2553.6
Sri Lanka,"Meat of goat, fresh or chilled",2017,8529.6
Sri Lanka,"Meat of goat, fresh or chilled",2018,8460.5
Sri Lanka,"Meat of goat, fresh or chilled (biological)",2015,1111.9
Sri Lanka,"Meat of goat, fresh or chilled (biological)",2016,1196.7
Sri Lanka,"Meat of goat, fresh or chilled (biological)",2017,1337.0
Sri Lanka,"Meat of goat, fresh or chilled (biological)",2018,1311.0
Sri Lanka,"Meat of pig with the bone, fresh or chilled",2017,3138.6
Sri Lanka,"Meat of pig with the bone, fresh or chilled",2018,2795.7
Sri Lanka,"Meat of pig with the bone, fresh or chilled (biological)",2015,746.1
Sri Lanka,"Meat of pig with the bone, fresh or chilled (biological)",2016,907.7
Sri Lanka,"Meat of pig with the bone, fresh or chilled (biological)",2017,762.4
Sri Lanka,"Meat of pig with the bone, fresh or chilled (biological)",2018,815.4
Sri Lanka,Mustard seed,2015,1324.9
Sri Lanka,Mustard seed,2016,1305.1
Sri Lanka,Mustard seed,2017,1274.8
Sri Lanka,Mustard seed,2018,1462.7
Sri Lanka,Natural rubber in primary forms,2017,1650.1
Sri Lanka,Natural rubber in primary forms,2018,1417.0
Sri Lanka,"Nutmeg, mace, cardamoms, raw",2015,9888.2
Sri Lanka,"Nutmeg, mace, cardamoms, raw",2016,10177.9
Sri Lanka,"Nutmeg, mace, cardamoms, raw",2017,13037.4
Sri Lanka,"Nutmeg, mace, cardamoms, raw",2018,15602.5
Sri Lanka,"Onions and shallots, dry (excluding dehydrated)",2015,614.4
Sri Lanka,"Onions and shallots, dry (excluding dehydrated)",2016,638.0
Sri Lanka,"Onions and shallots, dry (excluding dehydrated)",2017,1105.0
Sri Lanka,"Onions and shallots, dry (excluding dehydrated)",2018,667.0
Sri Lanka,Oranges,2015,603.4
Sri Lanka,Oranges,2016,564.8
Sri Lanka,Oranges,2017,432.2
Sri Lanka,Oranges,2018,473.6
Sri Lanka,"Other beans, green",2015,890.3
Sri Lanka,"Other beans, green",2016,767.9
Sri Lanka,"Other beans, green",2017,690.7
Sri Lanka,"Other beans, green",2018,766.1
Sri Lanka,"Pepper (Piper spp.), raw",2015,8260.9
Sri Lanka,"Pepper (Piper spp.), raw",2016,8733.5
Sri Lanka,"Pepper (Piper spp.), raw",2017,5932.4
Sri Lanka,"Pepper (Piper spp.), raw",2018,3739.9
Sri Lanka,Pineapples,2015,453.9
Sri Lanka,Pineapples,2016,513.3
Sri Lanka,Pineapples,2017,612.4
Sri Lanka,Pineapples,2018,286.2
Sri Lanka,Plantains,2015,267.0
Sri Lanka,Plantains,2016,292.0
Sri Lanka,Plantains,2017,377.0
Sri Lanka,Plantains and cooking bananas,2015,267.0
Sri Lanka,Potatoes,2015,642.1
Sri Lanka,Potatoes,2016,614.7
Sri Lanka,Potatoes,2017,633.7
Sri Lanka,Potatoes,2018,608.5
Sri Lanka,"Pumpkins, squash and gourds",2015,300.1
Sri Lanka,"Pumpkins, squash and gourds",2016,320.3
Sri Lanka,"Pumpkins, squash and gourds",2017,354.0
Sri Lanka,"Pumpkins, squash and gourds",2018,247.7
Sri Lanka,Raw milk of buffalo,2015,489.6
Sri Lanka,Raw milk of buffalo,2016,501.4
Sri Lanka,Raw milk of buffalo,2017,508.2
Sri Lanka,Raw milk of buffalo,2018,487.5
Sri Lanka,Raw milk of cattle,2015,433.3
Sri Lanka,Raw milk of cattle,2016,439.6
Sri Lanka,Raw milk of cattle,2017,441.4
Sri Lanka,Raw milk of cattle,2018,423.2
Sri Lanka,Rice,2015,290.8
Sri Lanka,Rice,2016,264.5
Sri Lanka,Rice,2017,320.8
Sri Lanka,Rice,2018,296.1
Sri Lanka,Sesame seed,2015,1124.7
Sri Lanka,Sesame seed,2016,957.1
Sri Lanka,Sesame seed,2017,1125.6
Sri Lanka,Sesame seed,2018,1304.4
Sri Lanka,Soya beans,2015,974.7
Sri Lanka,Soya beans,2016,1201.8
Sri Lanka,Soya beans,2017,552.8
Sri Lanka,Soya beans,2018,510.9
Sri Lanka,Sugar cane,2015,32.3
Sri Lanka,Sugar cane,2016,31.6
Sri Lanka,Sugar cane,2018,33.0
Sri Lanka,Sweet potatoes,2015,335.7
Sri Lanka,Sweet potatoes,2016,331.6
Sri Lanka,Sweet potatoes,2017,334.0
Sri Lanka,Sweet potatoes,2018,306.2
Sri Lanka,Tea leaves,2016,441.2
Sri Lanka,Tea leaves,2017,598.4
Sri Lanka,Tea leaves,2018,554.0
Sri Lanka,Tomatoes,2015,569.9
Sri Lanka,Tomatoes,2016,448.9
Sri Lanka,Tomatoes,2017,539.7
Sri Lanka,Tomatoes,2018,436.6
Suriname,Avocados,2015,1826.6
Suriname,Avocados,2016,1557.3
Suriname,Avocados,2017,1135.2
Suriname,Avocados,2018,984.9
Suriname,Bananas,2015,334.5
Suriname,Bananas,2016,401.4
Suriname,Bananas,2017,407.3
Suriname,Bananas,2018,690.1
Suriname,Cabbages,2015,1072.7
Suriname,Cabbages,2016,989.0
Suriname,Cabbages,2017,847.4
Suriname,Cabbages,2018,738.4
Suriname,"Cassava, fresh",2015,518.0
Suriname,"Cassava, fresh",2016,430.3
Suriname,"Cassava, fresh",2017,467.4
Suriname,"Cassava, fresh",2018,765.2
Suriname,"Chillies and peppers, green (Capsicum spp. and Pimenta spp.)",2015,3528.3
Suriname,"Chillies and peppers, green (Capsicum spp. and Pimenta spp.)",2016,903.9
Suriname,"Chillies and peppers, green (Capsicum spp. and Pimenta spp.)",2017,1447.7
Suriname,"Chillies and peppers, green (Capsicum spp. and Pimenta spp.)",2018,1183.2
Suriname,"Coconuts, in shell",2015,769.8
Suriname,"Coconuts, in shell",2016,632.6
Suriname,"Coconuts, in shell",2017,643.7
Suriname,"Coconuts, in shell",2018,664.7
Suriname,Cucumbers and gherkins,2015,436.1
Suriname,Cucumbers and gherkins,2016,342.0
Suriname,Cucumbers and gherkins,2017,317.2
Suriname,Cucumbers and gherkins,2018,385.9
Suriname,"Edible roots and tubers with high starch or inulin content, n.e.c., fresh",2015,1577.0
Suriname,"Edible roots and tubers with high starch or inulin content, n.e.c., fresh",2016,735.0
Suriname,"Edible roots and tubers with high starch or inulin content, n.e.c., fresh",2017,697.4
Suriname,"Edible roots and tubers with high starch or inulin content, n.e.c., fresh",2018,1222.1
Suriname,Eggplants (aubergines),2015,1015.6
Suriname,Eggplants (aubergines),2016,600.5
Suriname,Eggplants (aubergines),2017,741.9
Suriname,Eggplants (aubergines),2018,779.9
Suriname,"Groundnuts, excluding shelled",2015,3102.4
Suriname,"Groundnuts, excluding shelled",2016,1900.9
Suriname,"Groundnuts, excluding shelled",2017,1933.8
Suriname,"Groundnuts, excluding shelled",2018,2296.8
Suriname,"Hen eggs in shell, fresh",2015,3158.0
Suriname,"Hen eggs in shell, fresh",2016,2003.7
Suriname,"Hen eggs in shell, fresh",2017,1709.5
Suriname,"Hen eggs in shell, fresh",2018,2010.0
Suriname,Lemons and limes,2015,5875.9
Suriname,Lemons and limes,2016,3151.6
Suriname,Lemons and limes,2017,2267.7
Suriname,Lemons and limes,2018,2551.4
Suriname,Maize (corn),2015,2552.2
Suriname,Maize (corn),2016,1255.5
Suriname,Maize (corn),2017,1039.0
Suriname,Maize (corn),2018,995.6
Suriname,"Mangoes, guavas and mangosteens",2015,614.6
Suriname,"Mangoes, guavas and mangosteens",2016,314.7
Suriname,"Mangoes, guavas and mangosteens",2017,635.7
Suriname,"Mangoes, guavas and mangosteens",2018,751.8
Suriname,"Meat of cattle with the bone, fresh or chilled",2015,6439.0
Suriname,"Meat of cattle with the bone, fresh or chilled",2016,3532.1
Suriname,"Meat of cattle with the bone, fresh or chilled",2017,5008.2
Suriname,"Meat of cattle with the bone, fresh or chilled",2018,5862.6
Suriname,"Meat of cattle with the bone, fresh or chilled (biological)",2015,4946.3
Suriname,"Meat of cattle with the bone, fresh or chilled (biological)",2016,2713.3
Suriname,"Meat of cattle with the bone, fresh or chilled (biological)",2017,4327.1
Suriname,"Meat of cattle with the bone, fresh or chilled (biological)",2018,5065.3
Suriname,"Meat of chickens, fresh or chilled",2015,3772.7
Suriname,"Meat of chickens, fresh or chilled",2016,2830.5
Suriname,"Meat of chickens, fresh or chilled",2017,3135.8
Suriname,"Meat of chickens, fresh or chilled",2018,3819.1
Suriname,"Meat of chickens, fresh or chilled (biological)",2015,2648.8
Suriname,"Meat of chickens, fresh or chilled (biological)",2016,2165.8
Suriname,"Meat of chickens, fresh or chilled (biological)",2017,2270.4
Suriname,"Meat of chickens, fresh or chilled (biological)",2018,2345.1
Suriname,"Meat of ducks, fresh or chilled",2015,13067.1
Suriname,"Meat of ducks, fresh or chilled",2016,7653.4
Suriname,"Meat of ducks, fresh or chilled",2017,10904.3
Suriname,"Meat of ducks, fresh or chilled",2018,6069.0
Suriname,"Meat of ducks, fresh or chilled (biological)",2015,9333.7
Suriname,"Meat of ducks, fresh or chilled (biological)",2016,5466.7
Suriname,"Meat of ducks, fresh or chilled (biological)",2017,7788.8
Suriname,"Meat of ducks, fresh or chilled (biological)",2018,4335.0
Suriname,"Meat of goat, fresh or chilled",2015,10975.6
Suriname,"Meat of goat, fresh or chilled",2016,6020.6
Suriname,"Meat of goat, fresh or chilled",2017,5342.1
Suriname,"Meat of goat, fresh or chilled",2018,7035.2
Suriname,"Meat of goat, fresh or chilled (biological)",2015,6585.4
Suriname,"Meat of goat, fresh or chilled (biological)",2016,3612.4
Suriname,"Meat of goat, fresh or chilled (biological)",2017,3205.3
Suriname,"Meat of goat, fresh or chilled (biological)",2018,4221.1
Suriname,"Meat of pig with the bone, fresh or chilled",2015,2780.5
Suriname,"Meat of pig with the bone, fresh or chilled",2016,1525.2
Suriname,"Meat of pig with the bone, fresh or chilled",2017,1335.5
Suriname,"Meat of pig with the bone, fresh or chilled",2018,2110.5
Suriname,"Meat of pig with the bone, fresh or chilled (biological)",2015,2363.4
Suriname,"Meat of pig with the bone, fresh or chilled (biological)",2016,1296.4
Suriname,"Meat of pig with the bone, fresh or chilled (biological)",2017,1135.2
Suriname,"Meat of pig with the bone, fresh or chilled (biological)",2018,1794.0
Suriname,"Meat of sheep, fresh or chilled",2015,10975.6
Suriname,"Meat of sheep, fresh or chilled",2016,6020.6
Suriname,"Meat of sheep, fresh or chilled",2017,5342.1
Suriname,"Meat of sheep, fresh or chilled",2018,7035.2
Suriname,"Meat of sheep, fresh or chilled (biological)",2015,6585.4
Suriname,"Meat of sheep, fresh or chilled (biological)",2016,3612.4
Suriname,"Meat of sheep, fresh or chilled (biological)",2017,3205.3
Suriname,"Meat of sheep, fresh or chilled (biological)",2018,4221.1
Suriname,Okra,2015,1634.6
Suriname,Okra,2016,756.2
Suriname,Okra,2017,802.7
Suriname,Okra,2018,958.1
Suriname,Oranges,2015,1070.6
Suriname,Oranges,2016,1005.0
Suriname,Oranges,2017,1259.4
Suriname,Oranges,2018,1369.5
Suriname,"Other beans, green",2015,3399.5
Suriname,"Other beans, green",2016,2724.5
Suriname,"Other beans, green",2017,2975.6
Suriname,"Other beans, green",2018,2507.2
Suriname,"Other citrus fruit, n.e.c.",2015,3026.3
Suriname,"Other citrus fruit, n.e.c.",2016,1164.0
Suriname,"Other citrus fruit, n.e.c.",2017,1065.1
Suriname,"Other citrus fruit, n.e.c.",2018,1054.6
Suriname,Other pulses n.e.c.,2015,3399.2
Suriname,Other pulses n.e.c.,2016,2724.5
Suriname,Other pulses n.e.c.,2017,2975.6
Suriname,Other pulses n.e.c.,2018,2507.2
Suriname,"Other vegetables, fresh n.e.c.",2015,1422.7
Suriname,"Other vegetables, fresh n.e.c.",2016,849.3
Suriname,"Other vegetables, fresh n.e.c.",2017,785.3
Suriname,"Other vegetables, fresh n.e.c.",2018,833.5
Suriname,Papayas,2015,1246.8
Suriname,Papayas,2016,1054.8
Suriname,Papayas,2017,714.5
Suriname,Papayas,2018,718.3
Suriname,Pineapples,2015,1097.3
Suriname,Pineapples,2016,1083.7
Suriname,Pineapples,2017,936.2
Suriname,Pineapples,2018,1136.3
Suriname,Plantains and cooking bananas,2015,630.7
Suriname,Plantains and cooking bananas,2016,716.0
Suriname,Plantains and cooking bananas,2017,528.9
Suriname,Plantains and cooking bananas,2018,556.1
Suriname,Pomelos and grapefruits,2015,728.2
Suriname,Pomelos and grapefruits,2016,844.5
Suriname,Pomelos and grapefruits,2017,908.2
Suriname,Pomelos and grapefruits,2018,1111.6
Suriname,"Pumpkins, squash and gourds",2015,541.5
Suriname,"Pumpkins, squash and gourds",2016,269.7
Suriname,"Pumpkins, squash and gourds",2017,424.7
Suriname,"Pumpkins, squash and gourds",2018,498.5
Suriname,Raw milk of cattle,2015,731.7
Suriname,Raw milk of cattle,2016,420.6
Suriname,Raw milk of cattle,2017,467.4
Suriname,Raw milk of cattle,2018,469.0
Suriname,Rice,2015,158.0
Suriname,Rice,2016,131.7
Suriname,Rice,2017,164.3
Suriname,Rice,2018,151.4
Suriname,Soya beans,2015,3315.5
Suriname,Soya beans,2016,2809.6
Suriname,Soya beans,2017,2143.5
Suriname,Soya beans,2018,1721.9
Suriname,String beans,2015,1631.7
Suriname,String beans,2016,948.8
Suriname,String beans,2017,1023.0
Suriname,String beans,2018,934.0
Suriname,Sweet potatoes,2015,777.1
Suriname,Sweet potatoes,2016,486.5
Suriname,Sweet potatoes,2017,603.0
Suriname,Sweet potatoes,2018,802.0
Suriname,"Tangerines, mandarins, clementines",2015,1434.1
Suriname,"Tangerines, mandarins, clementines",2016,710.4
Suriname,"Tangerines, mandarins, clementines",2017,1352.9
Suriname,"Tangerines, mandarins, clementines",2018,1732.7
Suriname,Tomatoes,2015,2005.5
Suriname,Tomatoes,2016,1319.7
Suriname,Tomatoes,2017,1042.4
Suriname,Tomatoes,2018,1038.5
Suriname,Watermelons,2015,1361.0
Suriname,Watermelons,2016,700.0
Suriname,Watermelons,2017,462.8
Suriname,Watermelons,2018,443.6
Sweden,Apples,2015,745.1
Sweden,Apples,2016,676.4
Sweden,Apples,2017,959.9
Sweden,Apples,2018,1009.7
Sweden,Barley,2015,146.7
Sweden,Barley,2016,137.6
Sweden,Barley,2017,158.5
Sweden,Barley,2018,224.7
Sweden,Cabbages,2015,510.3
Sweden,Cabbages,2016,501.3
Sweden,Cabbages,2017,437.1
Sweden,Cabbages,2018,644.0
Sweden,Carrots and turnips,2015,424.2
Sweden,Carrots and turnips,2016,396.6
Sweden,Carrots and turnips,2017,390.3
Sweden,Carrots and turnips,2018,530.9
Sweden,Cauliflowers and broccoli,2015,848.0
Sweden,Cauliflowers and broccoli,2016,1023.5
Sweden,Cauliflowers and broccoli,2017,936.5
Sweden,Cauliflowers and broccoli,2018,1113.8
Sweden,Cucumbers and gherkins,2015,1145.6
Sweden,Cucumbers and gherkins,2016,1259.4
Sweden,Cucumbers and gherkins,2017,1260.6
Sweden,Cucumbers and gherkins,2018,1351.6
Sweden,"Hen eggs in shell, fresh",2015,1578.0
Sweden,"Hen eggs in shell, fresh",2016,1526.5
Sweden,"Hen eggs in shell, fresh",2017,1536.0
Sweden,"Hen eggs in shell, fresh",2018,1496.2
Sweden,Oats,2015,129.7
Sweden,Oats,2016,128.4
Sweden,Oats,2017,113.7
Sweden,Oats,2018,207.8
Sweden,"Onions and shallots, dry (excluding dehydrated)",2015,320.0
Sweden,"Onions and shallots, dry (excluding dehydrated)",2016,251.8
Sweden,"Onions and shallots, dry (excluding dehydrated)",2017,228.3
Sweden,"Onions and shallots, dry (excluding dehydrated)",2018,329.8
Sweden,Potatoes,2015,301.8
Sweden,Potatoes,2016,328.8
Sweden,Potatoes,2017,290.8
Sweden,Potatoes,2018,366.1
Sweden,Rape or colza seed,2015,373.9
Sweden,Rape or colza seed,2016,389.4
Sweden,Rape or colza seed,2017,377.1
Sweden,Rape or colza seed,2018,413.7
Sweden,Raw milk of cattle,2015,371.4
Sweden,Raw milk of cattle,2016,360.5
Sweden,Raw milk of cattle,2017,448.7
Sweden,Raw milk of cattle,2018,461.2
Sweden,Rye,2015,134.4
Sweden,Rye,2016,137.6
Sweden,Rye,2017,143.6
Sweden,Rye,2018,207.9
Sweden,Strawberries,2015,3288.5
Sweden,Strawberries,2016,2892.6
Sweden,Strawberries,2017,3621.4
Sweden,Strawberries,2018,2572.8
Sweden,Sugar beet,2015,29.3
Sweden,Sugar beet,2016,29.7
Sweden,Sugar beet,2017,29.8
Sweden,Sugar beet,2018,34.5
Sweden,Tomatoes,2015,1604.1
Sweden,Tomatoes,2016,1512.8
Sweden,Tomatoes,2017,1420.3
Sweden,Tomatoes,2018,1315.3
Sweden,Triticale,2015,138.5
Sweden,Triticale,2016,131.6
Sweden,Triticale,2017,137.3
Sweden,Triticale,2018,204.5
Sweden,Wheat,2015,167.4
Sweden,Wheat,2016,150.1
Sweden,Wheat,2017,151.1
Sweden,Wheat,2018,213.3
Switzerland,Apples,2015,1046.4
Switzerland,Apples,2016,988.4
Switzerland,Apples,2017,1211.5
Switzerland,Apples,2018,977.6
Switzerland,Apricots,2015,2664.2
Switzerland,Apricots,2016,2694.4
Switzerland,Apricots,2017,2853.7
Switzerland,Apricots,2018,2454.3
Switzerland,Artichokes,2015,4754.9
Switzerland,Artichokes,2016,5406.0
Switzerland,Artichokes,2017,4265.3
Switzerland,Artichokes,2018,6084.6
Switzerland,Asparagus,2015,9851.6
Switzerland,Asparagus,2016,10133.0
Switzerland,Asparagus,2017,9731.0
Switzerland,Asparagus,2018,9828.4
Switzerland,Barley,2015,314.8
Switzerland,Barley,2016,317.6
Switzerland,Barley,2017,313.8
Switzerland,Barley,2018,315.0
Switzerland,"Broad beans and horse beans, dry",2018,529.7
Switzerland,"Broad beans and horse beans, green",2015,5871.9
Switzerland,"Broad beans and horse beans, green",2016,5775.4
Switzerland,"Broad beans and horse beans, green",2017,5912.5
Switzerland,"Broad beans and horse beans, green",2018,5666.3
Switzerland,Buckwheat,2018,1477.7
Switzerland,Cabbages,2015,1478.6
Switzerland,Cabbages,2016,1485.7
Switzerland,Cabbages,2017,1363.9
Switzerland,Cabbages,2018,1500.2
Switzerland,Cantaloupes and other melons,2015,3301.2
Switzerland,Cantaloupes and other melons,2016,3097.2
Switzerland,Cantaloupes and other melons,2017,3341.1
Switzerland,Cantaloupes and other melons,2018,3540.3
Switzerland,Carrots and turnips,2015,677.5
Switzerland,Carrots and turnips,2016,748.9
Switzerland,Carrots and turnips,2017,581.9
Switzerland,Carrots and turnips,2018,711.7
Switzerland,Cauliflowers and broccoli,2015,2378.5
Switzerland,Cauliflowers and broccoli,2016,2268.1
Switzerland,Cauliflowers and broccoli,2017,2193.6
Switzerland,Cauliflowers and broccoli,2018,2186.4
Switzerland,Cherries,2015,3516.3
Switzerland,Cherries,2016,3950.7
Switzerland,Cherries,2017,4063.2
Switzerland,Cherries,2018,3037.2
Switzerland,"Chillies and peppers, green (Capsicum spp. and Pimenta spp.)",2015,4564.7
Switzerland,"Chillies and peppers, green (Capsicum spp. and Pimenta spp.)",2016,4305.9
Switzerland,"Chillies and peppers, green (Capsicum spp. and Pimenta spp.)",2017,3992.1
Switzerland,"Chillies and peppers, green (Capsicum spp. and Pimenta spp.)",2018,4330.8
Switzerland,Cucumbers and gherkins,2015,1713.5
Switzerland,Cucumbers and gherkins,2016,1575.0
Switzerland,Cucumbers and gherkins,2017,1635.0
Switzerland,Cucumbers and gherkins,2018,1740.5
Switzerland,Currants,2015,4964.8
Switzerland,Currants,2016,4804.2
Switzerland,Currants,2017,4828.9
Switzerland,Currants,2018,4904.5
Switzerland,Gooseberries,2015,4964.8
Switzerland,Gooseberries,2016,4804.2
Switzerland,Gooseberries,2017,4828.9
Switzerland,Gooseberries,2018,4904.5
Switzerland,Grapes,2015,3484.1
Switzerland,Grapes,2016,3379.4
Switzerland,Grapes,2017,3490.4
Switzerland,Grapes,2018,3379.7
Switzerland,Green corn (maize),2015,2529.1
Switzerland,Green corn (maize),2016,2447.8
Switzerland,Green corn (maize),2017,2411.9
Switzerland,Green corn (maize),2018,2464.5
Switzerland,"Hen eggs in shell, fresh",2015,5347.2
Switzerland,"Hen eggs in shell, fresh",2016,5132.0
Switzerland,"Hen eggs in shell, fresh",2017,5102.1
Switzerland,"Hen eggs in shell, fresh",2018,5380.0
Switzerland,Hop cones,2015,8718.0
Switzerland,Hop cones,2016,8514.4
Switzerland,Hop cones,2017,8520.4
Switzerland,Hop cones,2018,8579.8
Switzerland,"Horse meat, fresh or chilled",2015,4804.7
Switzerland,"Horse meat, fresh or chilled",2016,4686.4
Switzerland,"Horse meat, fresh or chilled",2017,4690.8
Switzerland,"Horse meat, fresh or chilled",2018,4997.5
Switzerland,"Horse meat, fresh or chilled (biological)",2015,2585.3
Switzerland,"Horse meat, fresh or chilled (biological)",2016,2520.8
Switzerland,"Horse meat, fresh or chilled (biological)",2017,2523.6
Switzerland,"Horse meat, fresh or chilled (biological)",2018,2688.5
Switzerland,Kiwi fruit,2015,1766.5
Switzerland,Kiwi fruit,2016,1725.2
Switzerland,Kiwi fruit,2017,1726.4
Switzerland,Kiwi fruit,2018,1738.4
Switzerland,Lettuce and chicory,2015,2775.4
Switzerland,Lettuce and chicory,2016,2929.8
Switzerland,Lettuce and chicory,2017,2595.7
Switzerland,Lettuce and chicory,2018,2878.7
Switzerland,Lupins,2015,401.1
Switzerland,Lupins,2016,380.6
Switzerland,Lupins,2017,370.7
Switzerland,Lupins,2018,524.6
Switzerland,Maize (corn),2015,328.4
Switzerland,Maize (corn),2016,320.7
Switzerland,Maize (corn),2017,309.7
Switzerland,Maize (corn),2018,315.0
Switzerland,"Meat of cattle with the bone, fresh or chilled",2015,9788.2
Switzerland,"Meat of cattle with the bone, fresh or chilled",2016,9528.2
Switzerland,"Meat of cattle with the bone, fresh or chilled",2017,9932.0
Switzerland,"Meat of cattle with the bone, fresh or chilled",2018,9547.2
Switzerland,"Meat of cattle with the bone, fresh or chilled (biological)",2015,5089.5
Switzerland,"Meat of cattle with the bone, fresh or chilled (biological)",2016,4954.4
Switzerland,"Meat of cattle with the bone, fresh or chilled (biological)",2017,5164.1
Switzerland,"Meat of cattle with the bone, fresh or chilled (biological)",2018,4964.8
Switzerland,"Meat of chickens, fresh or chilled (biological)",2015,2525.0
Switzerland,"Meat of chickens, fresh or chilled (biological)",2016,2431.5
Switzerland,"Meat of chickens, fresh or chilled (biological)",2017,2460.7
Switzerland,"Meat of chickens, fresh or chilled (biological)",2018,2438.9
Switzerland,"Meat of goat, fresh or chilled",2015,8458.2
Switzerland,"Meat of goat, fresh or chilled",2016,7634.5
Switzerland,"Meat of goat, fresh or chilled",2017,7640.0
Switzerland,"Meat of goat, fresh or chilled",2018,7911.0
Switzerland,"Meat of goat, fresh or chilled (biological)",2015,4871.2
Switzerland,"Meat of goat, fresh or chilled (biological)",2016,4397.2
Switzerland,"Meat of goat, fresh or chilled (biological)",2017,4400.4
Switzerland,"Meat of goat, fresh or chilled (biological)",2018,4556.8
Switzerland,"Meat of pig with the bone, fresh or chilled",2015,3159.9
Switzerland,"Meat of pig with the bone, fresh or chilled",2016,3437.2
Switzerland,"Meat of pig with the bone, fresh or chilled",2017,3445.7
Switzerland,"Meat of pig with the bone, fresh or chilled",2018,3458.5
Switzerland,"Meat of pig with the bone, fresh or chilled (biological)",2015,2429.4
Switzerland,"Meat of pig with the bone, fresh or chilled (biological)",2016,2642.6
Switzerland,"Meat of pig with the bone, fresh or chilled (biological)",2017,2649.6
Switzerland,"Meat of pig with the bone, fresh or chilled (biological)",2018,2659.8
Switzerland,"Meat of rabbits and hares, fresh or chilled",2015,19767.6
Switzerland,"Meat of rabbits and hares, fresh or chilled",2016,19389.2
Switzerland,"Meat of rabbits and hares, fresh or chilled",2017,21372.2
Switzerland,"Meat of rabbits and hares, fresh or chilled",2018,19762.1
Switzerland,"Meat of rabbits and hares, fresh or chilled (biological)",2015,5676.5
Switzerland,"Meat of rabbits and hares, fresh or chilled (biological)",2016,5940.8
Switzerland,"Meat of sheep, fresh or chilled",2015,11288.7
Switzerland,"Meat of sheep, fresh or chilled",2016,10909.3
Switzerland,"Meat of sheep, fresh or chilled",2017,11067.4
Switzerland,"Meat of sheep, fresh or chilled",2018,10582.0
Switzerland,"Meat of sheep, fresh or chilled (biological)",2015,5159.1
Switzerland,"Meat of sheep, fresh or chilled (biological)",2016,4985.8
Switzerland,"Meat of sheep, fresh or chilled (biological)",2017,5057.4
Switzerland,"Meat of sheep, fresh or chilled (biological)",2018,4836.0
Switzerland,"Meat of turkeys, fresh or chilled (biological)",2015,3041.4
Switzerland,"Meat of turkeys, fresh or chilled (biological)",2016,2970.4
Switzerland,"Meat of turkeys, fresh or chilled (biological)",2017,2972.5
Switzerland,"Meat of turkeys, fresh or chilled (biological)",2018,2993.2
Switzerland,Millet,2018,1528.8
Switzerland,Mixed grain,2018,303.7
Switzerland,Natural honey,2015,17993.9
Switzerland,Natural honey,2016,17573.7
Switzerland,Natural honey,2017,17388.2
Switzerland,Natural honey,2018,18124.9
Switzerland,Oats,2015,278.5
Switzerland,Oats,2016,265.9
Switzerland,Oats,2017,280.3
Switzerland,Oats,2018,288.4
Switzerland,"Onions and shallots, dry (excluding dehydrated)",2015,894.7
Switzerland,"Onions and shallots, dry (excluding dehydrated)",2016,708.3
Switzerland,"Onions and shallots, dry (excluding dehydrated)",2017,680.4
Switzerland,"Onions and shallots, dry (excluding dehydrated)",2018,762.9
Switzerland,"Onions and shallots, green",2015,3283.5
Switzerland,"Onions and shallots, green",2016,3280.9
Switzerland,"Onions and shallots, green",2017,3432.5
Switzerland,"Onions and shallots, green",2018,3497.3
Switzerland,"Other beans, green",2015,1102.5
Switzerland,"Other beans, green",2016,1140.7
Switzerland,"Other beans, green",2017,1132.3
Switzerland,"Other beans, green",2018,1347.8
Switzerland,Other berries and fruits of the genus vaccinium n.e.c.,2015,11559.9
Switzerland,Other berries and fruits of the genus vaccinium n.e.c.,2016,11289.9
Switzerland,Other berries and fruits of the genus vaccinium n.e.c.,2017,11298.0
Switzerland,Other berries and fruits of the genus vaccinium n.e.c.,2018,11376.6
Switzerland,"Other vegetables, fresh n.e.c.",2015,2021.0
Switzerland,"Other vegetables, fresh n.e.c.",2016,1754.6
Switzerland,"Other vegetables, fresh n.e.c.",2017,1636.0
Switzerland,"Other vegetables, fresh n.e.c.",2018,1677.1
Switzerland,Peaches and nectarines,2015,4675.9
Switzerland,Peaches and nectarines,2016,4566.7
Switzerland,Peaches and nectarines,2017,4570.0
Switzerland,Peaches and nectarines,2018,4601.8
Switzerland,Pears,2015,1380.9
Switzerland,Pears,2016,1411.6
Switzerland,Pears,2017,1347.6
Switzerland,Pears,2018,1214.9
Switzerland,"Peas, dry",2018,434.6
Switzerland,"Peas, green",2015,734.6
Switzerland,"Peas, green",2016,722.6
Switzerland,"Peas, green",2017,724.1
Switzerland,"Peas, green",2018,726.1
Switzerland,Plums and sloes,2015,1931.7
Switzerland,Plums and sloes,2016,1881.5
Switzerland,Plums and sloes,2017,1721.4
Switzerland,Plums and sloes,2018,1427.6
Switzerland,Potatoes,2015,499.8
Switzerland,Potatoes,2016,521.6
Switzerland,Potatoes,2017,463.1
Switzerland,Potatoes,2018,483.7
Switzerland,"Pumpkins, squash and gourds",2015,1531.6
Switzerland,"Pumpkins, squash and gourds",2016,1577.0
Switzerland,"Pumpkins, squash and gourds",2017,1465.4
Switzerland,"Pumpkins, squash and gourds",2018,1462.3
Switzerland,Quinces,2015,1380.9
Switzerland,Quinces,2016,1411.6
Switzerland,Quinces,2017,1347.6
Switzerland,Quinces,2018,1214.9
Switzerland,Rape or colza seed,2015,760.6
Switzerland,Rape or colza seed,2016,767.2
Switzerland,Rape or colza seed,2017,763.7
Switzerland,Rape or colza seed,2018,771.1
Switzerland,Raspberries,2015,12243.6
Switzerland,Raspberries,2016,12130.2
Switzerland,Raspberries,2017,12056.6
Switzerland,Raspberries,2018,12207.0
Switzerland,Raw milk of cattle,2015,627.6
Switzerland,Raw milk of cattle,2016,600.8
Switzerland,Raw milk of cattle,2017,617.5
Switzerland,Raw milk of cattle,2018,561.4
Switzerland,Raw milk of goats,2015,627.6
Switzerland,Raw milk of goats,2016,600.8
Switzerland,Raw milk of goats,2017,617.5
Switzerland,Raw milk of goats,2018,561.4
Switzerland,Rice,2018,1022.6
Switzerland,Rye,2015,366.8
Switzerland,Rye,2016,360.3
Switzerland,Rye,2017,343.3
Switzerland,Rye,2018,347.7
Switzerland,"Shorn wool, greasy, including fleece-washed shorn wool",2015,779.3
Switzerland,"Shorn wool, greasy, including fleece-washed shorn wool",2016,717.5
Switzerland,"Shorn wool, greasy, including fleece-washed shorn wool",2017,727.1
Switzerland,"Shorn wool, greasy, including fleece-washed shorn wool",2018,789.5
Switzerland,Spinach,2015,1212.6
Switzerland,Spinach,2016,1087.9
Switzerland,Spinach,2017,1124.2
Switzerland,Spinach,2018,1253.7
Switzerland,Strawberries,2015,6388.3
Switzerland,Strawberries,2016,6461.4
Switzerland,Strawberries,2017,6560.4
Switzerland,Strawberries,2018,6458.8
Switzerland,Sugar beet,2015,70.7
Switzerland,Sugar beet,2016,55.8
Switzerland,Sugar beet,2017,58.9
Switzerland,Sugar beet,2018,57.3
Switzerland,Sunflower seed,2015,794.9
Switzerland,Sunflower seed,2016,767.2
Switzerland,Sunflower seed,2017,737.3
Switzerland,Sunflower seed,2018,770.0
Switzerland,Tomatoes,2015,2598.8
Switzerland,Tomatoes,2016,2621.3
Switzerland,Tomatoes,2017,2660.7
Switzerland,Tomatoes,2018,2509.5
Switzerland,Triticale,2015,314.8
Switzerland,Triticale,2016,310.5
Switzerland,Triticale,2017,302.6
Switzerland,Triticale,2018,303.7
Switzerland,Unmanufactured tobacco,2015,16280.4
Switzerland,Unmanufactured tobacco,2016,16187.4
Switzerland,Unmanufactured tobacco,2017,16011.1
Switzerland,Unmanufactured tobacco,2018,16112.4
Switzerland,"Walnuts, in shell",2015,3269.0
Switzerland,"Walnuts, in shell",2016,3192.6
Switzerland,"Walnuts, in shell",2017,3194.9
Switzerland,"Walnuts, in shell",2018,3217.2
Switzerland,Wheat,2015,482.1
Switzerland,Wheat,2016,491.2
Switzerland,Wheat,2017,463.1
Switzerland,Wheat,2018,462.2
Tajikistan,"Almonds, in shell",2017,2658.9
Tajikistan,"Almonds, in shell",2018,2572.2
Tajikistan,Apples,2015,846.7
Tajikistan,Apples,2016,650.7
Tajikistan,Apples,2017,379.2
Tajikistan,Apples,2018,263.6
Tajikistan,Apricots,2015,312.4
Tajikistan,Apricots,2016,235.3
Tajikistan,Apricots,2017,152.1
Tajikistan,Apricots,2018,149.8
Tajikistan,Barley,2017,205.3
Tajikistan,Barley,2018,185.5
Tajikistan,"Beans, dry",2017,637.6
Tajikistan,"Beans, dry",2018,572.1
Tajikistan,Carrots and turnips,2017,158.6
Tajikistan,Carrots and turnips,2018,75.6
Tajikistan,Cereals n.e.c.,2015,258.1
Tajikistan,Cereals n.e.c.,2016,206.7
Tajikistan,Cereals n.e.c.,2017,195.3
Tajikistan,Cotton seed,2015,727.3
Tajikistan,Cotton seed,2016,583.9
Tajikistan,Cotton seed,2017,564.9
Tajikistan,Cucumbers and gherkins,2017,192.7
Tajikistan,Cucumbers and gherkins,2018,187.1
Tajikistan,Eggplants (aubergines),2017,131.5
Tajikistan,Eggplants (aubergines),2018,139.3
Tajikistan,Figs,2017,380.1
Tajikistan,Figs,2018,355.1
Tajikistan,Grapes,2015,204.9
Tajikistan,Grapes,2016,281.6
Tajikistan,Grapes,2017,395.1
Tajikistan,Grapes,2018,274.2
Tajikistan,Green garlic,2017,750.5
Tajikistan,Green garlic,2018,678.6
Tajikistan,Lemons and limes,2015,770.7
Tajikistan,Lemons and limes,2016,641.3
Tajikistan,Lemons and limes,2017,994.2
Tajikistan,Lemons and limes,2018,978.0
Tajikistan,"Lentils, dry",2017,621.0
Tajikistan,"Lentils, dry",2018,613.5
Tajikistan,Linseed,2015,587.3
Tajikistan,Linseed,2016,470.8
Tajikistan,Linseed,2017,465.3
Tajikistan,Maize (corn),2017,183.1
Tajikistan,Maize (corn),2018,206.9
Tajikistan,"Meat of cattle with the bone, fresh or chilled",2015,1801.9
Tajikistan,"Meat of cattle with the bone, fresh or chilled",2016,1649.3
Tajikistan,"Meat of cattle with the bone, fresh or chilled",2017,1808.9
Tajikistan,"Meat of cattle with the bone, fresh or chilled",2018,1828.7
Tajikistan,"Meat of sheep, fresh or chilled",2015,1628.4
Tajikistan,"Meat of sheep, fresh or chilled",2016,1890.6
Tajikistan,"Meat of sheep, fresh or chilled",2017,1502.6
Tajikistan,Natural honey,2015,4589.9
Tajikistan,Natural honey,2016,4442.4
Tajikistan,Natural honey,2017,3953.3
Tajikistan,Natural honey,2018,3811.9
Tajikistan,Oats,2017,152.1
Tajikistan,Oats,2018,145.7
Tajikistan,"Onions and shallots, dry (excluding dehydrated)",2015,237.8
Tajikistan,"Onions and shallots, dry (excluding dehydrated)",2016,221.9
Tajikistan,"Onions and shallots, dry (excluding dehydrated)",2017,257.7
Tajikistan,"Other fruits, n.e.c.",2015,467.7
Tajikistan,"Other fruits, n.e.c.",2016,406.0
Tajikistan,"Other fruits, n.e.c.",2017,341.8
Tajikistan,"Other meat of mammals, fresh or chilled",2016,1771.9
Tajikistan,"Other meat of mammals, fresh or chilled",2017,1636.9
Tajikistan,"Other vegetables, fresh n.e.c.",2015,159.1
Tajikistan,"Other vegetables, fresh n.e.c.",2016,200.4
Tajikistan,"Other vegetables, fresh n.e.c.",2017,169.7
Tajikistan,Peaches and nectarines,2017,395.7
Tajikistan,Peaches and nectarines,2018,382.5
Tajikistan,Pears,2017,447.6
Tajikistan,Pears,2018,433.8
Tajikistan,"Peas, dry",2017,739.5
Tajikistan,"Peas, dry",2018,599.5
Tajikistan,Persimmons,2017,269.0
Tajikistan,Persimmons,2018,247.1
Tajikistan,Plums and sloes,2017,347.8
Tajikistan,Plums and sloes,2018,306.4
Tajikistan,Potatoes,2015,226.4
Tajikistan,Potatoes,2016,201.5
Tajikistan,Potatoes,2017,241.6
Tajikistan,Potatoes,2018,162.9
Tajikistan,"Pumpkins, squash and gourds",2017,188.2
Tajikistan,"Pumpkins, squash and gourds",2018,142.1
Tajikistan,Raw milk of cattle,2015,354.6
Tajikistan,Raw milk of cattle,2016,236.7
Tajikistan,Raw milk of cattle,2017,298.4
Tajikistan,Raw milk of cattle,2018,249.8
Tajikistan,Rice,2015,448.3
Tajikistan,Rice,2016,319.4
Tajikistan,Rice,2017,558.8
Tajikistan,Rice,2018,462.8
Tajikistan,Rye,2017,168.3
Tajikistan,Rye,2018,156.6
Tajikistan,"Shorn wool, greasy, including fleece-washed shorn wool",2015,978.4
Tajikistan,"Shorn wool, greasy, including fleece-washed shorn wool",2016,278.4
Tajikistan,"Shorn wool, greasy, including fleece-washed shorn wool",2017,693.8
Tajikistan,Strawberries,2017,818.2
Tajikistan,Strawberries,2018,726.5
Tajikistan,Unmanufactured tobacco,2015,956.0
Tajikistan,Unmanufactured tobacco,2016,761.2
Tajikistan,Unmanufactured tobacco,2017,704.3
Tajikistan,"Walnuts, in shell",2017,1325.6
Tajikistan,"Walnuts, in shell",2018,1217.2
Tajikistan,Watermelons,2015,224.0
Tajikistan,Watermelons,2016,182.7
Tajikistan,Watermelons,2017,190.4
Tajikistan,Wheat,2015,246.9
Tajikistan,Wheat,2016,176.0
Tajikistan,Wheat,2017,199.3
Tajikistan,Wheat,2018,181.3
Thailand,Asparagus,2015,2151.1
Thailand,Asparagus,2016,2234.8
Thailand,Asparagus,2017,2381.0
Thailand,Asparagus,2018,2277.3
Thailand,Bananas,2015,300.8
Thailand,Bananas,2016,364.8
Thailand,Bananas,2017,340.7
Thailand,Bananas,2018,300.2
Thailand,Cabbages,2015,388.9
Thailand,Cabbages,2016,395.8
Thailand,Cabbages,2017,335.0
Thailand,Cabbages,2018,350.4
Thailand,"Cassava, fresh",2015,64.8
Thailand,"Cassava, fresh",2016,52.1
Thailand,"Cassava, fresh",2017,42.1
Thailand,"Cassava, fresh",2018,65.3
Thailand,Cauliflowers and broccoli,2015,562.4
Thailand,Cauliflowers and broccoli,2016,587.0
Thailand,Cauliflowers and broccoli,2017,547.4
Thailand,Cauliflowers and broccoli,2018,543.2
Thailand,"Coconuts, in shell",2015,226.8
Thailand,"Coconuts, in shell",2016,325.5
Thailand,"Coconuts, in shell",2017,399.5
Thailand,"Coconuts, in shell",2018,186.7
Thailand,"Coffee, green",2015,1994.3
Thailand,"Coffee, green",2016,1767.3
Thailand,"Coffee, green",2017,2430.8
Thailand,"Coffee, green",2018,2158.4
Thailand,Cucumbers and gherkins,2015,395.4
Thailand,Cucumbers and gherkins,2016,408.5
Thailand,Cucumbers and gherkins,2017,372.1
Thailand,Cucumbers and gherkins,2018,377.9
Thailand,Eggplants (aubergines),2015,436.2
Thailand,Eggplants (aubergines),2016,439.1
Thailand,Eggplants (aubergines),2017,409.8
Thailand,Eggplants (aubergines),2018,416.0
Thailand,"Ginger, raw",2015,1102.3
Thailand,"Ginger, raw",2016,650.8
Thailand,"Ginger, raw",2017,690.6
Thailand,"Ginger, raw",2018,323.4
Thailand,Grapes,2015,1201.2
Thailand,Grapes,2016,1164.7
Thailand,Grapes,2017,1350.0
Thailand,Grapes,2018,1390.6
Thailand,Green garlic,2015,1902.9
Thailand,Green garlic,2016,2138.2
Thailand,Green garlic,2017,2405.7
Thailand,Green garlic,2018,1789.2
Thailand,"Groundnuts, excluding shelled",2015,1379.9
Thailand,"Groundnuts, excluding shelled",2016,1312.6
Thailand,"Groundnuts, excluding shelled",2017,1122.6
Thailand,"Groundnuts, excluding shelled",2018,1606.9
Thailand,"Hen eggs in shell, fresh",2015,1256.7
Thailand,"Hen eggs in shell, fresh",2016,1337.2
Thailand,"Hen eggs in shell, fresh",2017,1248.8
Thailand,"Hen eggs in shell, fresh",2018,1327.6
Thailand,Lemons and limes,2015,1646.8
Thailand,Lemons and limes,2016,1572.4
Thailand,Lemons and limes,2017,804.4
Thailand,Lemons and limes,2018,1012.1
Thailand,Lettuce and chicory,2015,616.4
Thailand,Lettuce and chicory,2016,664.7
Thailand,Lettuce and chicory,2017,657.3
Thailand,Lettuce and chicory,2018,684.6
Thailand,Maize (corn),2015,225.7
Thailand,Maize (corn),2016,194.4
Thailand,Maize (corn),2017,184.1
Thailand,Maize (corn),2018,246.4
Thailand,"Mangoes, guavas and mangosteens",2015,453.8
Thailand,"Mangoes, guavas and mangosteens",2016,1027.0
Thailand,"Mangoes, guavas and mangosteens",2017,793.2
Thailand,"Mangoes, guavas and mangosteens",2018,965.6
Thailand,"Meat of buffalo, fresh or chilled (biological)",2015,3398.1
Thailand,"Meat of buffalo, fresh or chilled (biological)",2016,3306.5
Thailand,"Meat of buffalo, fresh or chilled (biological)",2017,2239.0
Thailand,"Meat of buffalo, fresh or chilled (biological)",2018,2171.0
Thailand,"Meat of cattle with the bone, fresh or chilled (biological)",2015,3569.8
Thailand,"Meat of cattle with the bone, fresh or chilled (biological)",2016,3409.6
Thailand,"Meat of cattle with the bone, fresh or chilled (biological)",2017,2838.2
Thailand,"Meat of cattle with the bone, fresh or chilled (biological)",2018,2960.1
Thailand,"Meat of chickens, fresh or chilled (biological)",2015,1119.5
Thailand,"Meat of chickens, fresh or chilled (biological)",2016,1057.9
Thailand,"Meat of chickens, fresh or chilled (biological)",2017,1098.4
Thailand,"Meat of chickens, fresh or chilled (biological)",2018,1064.7
Thailand,"Meat of ducks, fresh or chilled (biological)",2015,1840.1
Thailand,"Meat of ducks, fresh or chilled (biological)",2016,1880.6
Thailand,"Meat of ducks, fresh or chilled (biological)",2017,1953.5
Thailand,"Meat of ducks, fresh or chilled (biological)",2018,2106.5
Thailand,"Meat of pig with the bone, fresh or chilled (biological)",2015,1929.5
Thailand,"Meat of pig with the bone, fresh or chilled (biological)",2016,1897.1
Thailand,"Meat of pig with the bone, fresh or chilled (biological)",2017,1738.7
Thailand,"Meat of pig with the bone, fresh or chilled (biological)",2018,1723.3
Thailand,Mushrooms and truffles,2015,2221.5
Thailand,Mushrooms and truffles,2016,2192.9
Thailand,Mushrooms and truffles,2017,2179.4
Thailand,Mushrooms and truffles,2018,2282.6
Thailand,Natural rubber in primary forms,2015,1289.7
Thailand,Natural rubber in primary forms,2016,1382.9
Thailand,Natural rubber in primary forms,2017,1644.4
Thailand,Natural rubber in primary forms,2018,1267.7
Thailand,Oil palm fruit,2016,153.3
Thailand,Oil palm fruit,2017,120.8
Thailand,Oil palm fruit,2018,96.3
Thailand,"Onions and shallots, dry (excluding dehydrated)",2015,256.7
Thailand,"Onions and shallots, dry (excluding dehydrated)",2016,374.0
Thailand,"Onions and shallots, dry (excluding dehydrated)",2017,424.9
Thailand,"Onions and shallots, dry (excluding dehydrated)",2018,292.8
Thailand,"Onions and shallots, green",2015,447.0
Thailand,"Onions and shallots, green",2017,743.7
Thailand,"Other beans, green",2015,683.8
Thailand,Palm kernels,2015,118.0
Thailand,Palm kernels,2016,153.3
Thailand,Palm kernels,2017,120.8
Thailand,Papayas,2015,176.7
Thailand,Papayas,2016,167.2
Thailand,Papayas,2017,103.7
Thailand,Papayas,2018,109.6
Thailand,"Peas, green",2015,1318.0
Thailand,"Peas, green",2016,1265.6
Thailand,"Peas, green",2017,1259.0
Thailand,"Peas, green",2018,1198.4
Thailand,"Pepper (Piper spp.), raw",2015,9810.9
Thailand,"Pepper (Piper spp.), raw",2016,10171.0
Thailand,"Pepper (Piper spp.), raw",2017,7071.3
Thailand,"Pepper (Piper spp.), raw",2018,4487.7
Thailand,Pineapples,2015,300.5
Thailand,Pineapples,2016,288.4
Thailand,Pineapples,2017,145.8
Thailand,Pineapples,2018,91.9
Thailand,Pomelos and grapefruits,2015,1056.4
Thailand,Pomelos and grapefruits,2016,960.7
Thailand,Pomelos and grapefruits,2017,727.8
Thailand,Pomelos and grapefruits,2018,793.9
Thailand,Potatoes,2015,361.8
Thailand,Potatoes,2016,352.2
Thailand,Potatoes,2017,346.5
Thailand,Potatoes,2018,377.6
Thailand,"Pumpkins, squash and gourds",2015,455.8
Thailand,"Pumpkins, squash and gourds",2016,416.8
Thailand,"Pumpkins, squash and gourds",2017,312.0
Thailand,"Pumpkins, squash and gourds",2018,334.3
Thailand,Raw milk of cattle,2015,518.0
Thailand,Raw milk of cattle,2016,510.3
Thailand,Raw milk of cattle,2017,532.7
Thailand,Raw milk of cattle,2018,563.6
Thailand,Rice,2015,264.8
Thailand,Rice,2016,228.7
Thailand,Rice,2017,261.3
Thailand,Rice,2018,306.3
Thailand,Sorghum,2015,194.2
Thailand,Sorghum,2016,190.1
Thailand,Sorghum,2017,219.5
Thailand,Sorghum,2018,213.9
Thailand,Soya beans,2015,434.8
Thailand,Soya beans,2016,448.2
Thailand,Soya beans,2017,462.3
Thailand,Soya beans,2018,510.1
Thailand,Spinach,2015,1501.1
Thailand,Spinach,2016,913.7
Thailand,Spinach,2017,694.5
Thailand,Spinach,2018,594.9
Thailand,Strawberries,2015,4233.9
Thailand,Strawberries,2016,4136.4
Thailand,Strawberries,2017,4714.2
Thailand,Strawberries,2018,4921.0
Thailand,Sugar cane,2015,24.8
Thailand,Sugar cane,2016,20.9
Thailand,Sugar cane,2017,27.8
Thailand,Sugar cane,2018,23.6
Thailand,Sunflower seed,2015,307.2
Thailand,Sunflower seed,2016,357.0
Thailand,Sunflower seed,2017,415.4
Thailand,Sunflower seed,2018,413.8
Thailand,"Tangerines, mandarins, clementines",2015,1165.6
Thailand,"Tangerines, mandarins, clementines",2016,1322.2
Thailand,"Tangerines, mandarins, clementines",2017,1008.8
Thailand,"Tangerines, mandarins, clementines",2018,568.9
Thailand,Taro,2015,686.2
Thailand,Taro,2016,723.0
Thailand,Taro,2017,530.6
Thailand,Tomatoes,2015,424.6
Thailand,Tomatoes,2016,374.0
Thailand,Tomatoes,2017,331.8
Thailand,Tomatoes,2018,397.4
Thailand,Watermelons,2015,486.7
Togo,"Bambara beans, dry",2015,654.1
Togo,"Bambara beans, dry",2016,641.2
Togo,"Bambara beans, dry",2017,675.1
Togo,"Bambara beans, dry",2018,693.1
Togo,Bananas,2015,388.7
Togo,Bananas,2017,359.9
Togo,Bananas,2018,554.5
Togo,"Beans, dry",2015,650.7
Togo,"Beans, dry",2016,688.5
Togo,"Beans, dry",2017,700.9
Togo,"Beans, dry",2018,790.4
Togo,Cabbages,2017,552.8
Togo,Cabbages,2018,628.3
Togo,"Cassava, fresh",2015,187.6
Togo,"Cassava, fresh",2016,204.2
Togo,"Cassava, fresh",2017,272.1
Togo,"Cassava, fresh",2018,266.5
Togo,Cereals n.e.c.,2017,673.4
Togo,Cereals n.e.c.,2018,700.3
Togo,"Chillies and peppers, dry (Capsicum spp., Pimenta spp.), raw",2015,3277.2
Togo,"Chillies and peppers, dry (Capsicum spp., Pimenta spp.), raw",2016,3933.5
Togo,"Chillies and peppers, dry (Capsicum spp., Pimenta spp.), raw",2017,3709.6
Togo,"Chillies and peppers, dry (Capsicum spp., Pimenta spp.), raw",2018,3804.1
Togo,Cocoa beans,2017,1679.1
Togo,Cocoa beans,2018,1980.4
Togo,"Coffee, green",2017,1395.0
Togo,"Coffee, green",2018,1170.2
Togo,"Cotton lint, ginned",2017,430.5
Togo,"Cotton lint, ginned",2018,477.1
Togo,Fonio,2015,1051.3
Togo,Fonio,2016,1662.2
Togo,Fonio,2017,1071.2
Togo,Fonio,2018,1317.9
Togo,"Groundnuts, excluding shelled",2015,571.3
Togo,"Groundnuts, excluding shelled",2016,614.2
Togo,"Groundnuts, excluding shelled",2017,532.2
Togo,"Groundnuts, excluding shelled",2018,624.7
Togo,Maize (corn),2015,268.7
Togo,Maize (corn),2016,288.6
Togo,Maize (corn),2017,277.3
Togo,Maize (corn),2018,273.7
Togo,"Meat of asses, fresh or chilled (biological)",2017,1033.3
Togo,"Meat of cattle with the bone, fresh or chilled",2017,3272.2
Togo,"Meat of cattle with the bone, fresh or chilled (biological)",2017,2152.7
Togo,"Meat of chickens, fresh or chilled",2017,2583.3
Togo,"Meat of chickens, fresh or chilled (biological)",2017,2690.9
Togo,"Meat of goat, fresh or chilled",2017,3444.4
Togo,"Meat of goat, fresh or chilled (biological)",2017,2532.6
Togo,"Meat of pig with the bone, fresh or chilled",2017,2583.3
Togo,"Meat of pig with the bone, fresh or chilled (biological)",2017,2755.5
Togo,"Meat of rabbits and hares, fresh or chilled (biological)",2017,2583.3
Togo,"Meat of sheep, fresh or chilled",2017,3444.4
Togo,"Meat of sheep, fresh or chilled (biological)",2017,2755.5
Togo,Millet,2015,314.4
Togo,Millet,2016,408.4
Togo,Millet,2017,461.5
Togo,Millet,2018,522.1
Togo,Oil palm fruit,2017,194.6
Togo,Oil palm fruit,2018,338.5
Togo,Oranges,2015,354.9
Togo,Oranges,2016,351.0
Togo,Oranges,2017,408.2
Togo,Oranges,2018,415.9
Togo,Other bananas (excluding cavendish and cooking bananas),2015,461.0
Togo,Other bananas (excluding cavendish and cooking bananas),2016,497.0
Togo,Other bananas (excluding cavendish and cooking bananas),2017,544.0
Togo,"Other fruits, n.e.c.",2017,795.7
Togo,"Other fruits, n.e.c.",2018,1215.2
Togo,Other pulses n.e.c.,2017,728.5
Togo,Other pulses n.e.c.,2018,788.6
Togo,"Other stimulant, spice and aromatic crops, n.e.c.",2017,2433.5
Togo,"Other stimulant, spice and aromatic crops, n.e.c.",2018,2851.8
Togo,"Other vegetables, fresh n.e.c.",2017,744.0
Togo,"Other vegetables, fresh n.e.c.",2018,750.7
Togo,Palm kernels,2015,277.2
Togo,Palm kernels,2016,283.5
Togo,Palm kernels,2017,282.4
Togo,Palm kernels,2018,329.5
Togo,"Pigeon peas, dry",2015,403.9
Togo,"Pigeon peas, dry",2016,367.9
Togo,"Pigeon peas, dry",2017,359.9
Togo,"Pigeon peas, dry",2018,401.5
Togo,Pineapples,2015,343.1
Togo,Pineapples,2016,222.7
Togo,Pineapples,2017,265.2
Togo,Pineapples,2018,252.0
Togo,Rice,2015,371.8
Togo,Rice,2016,388.1
Togo,Rice,2017,301.4
Togo,Rice,2018,361.9
Togo,Sesame seed,2017,907.6
Togo,Sesame seed,2018,1346.7
Togo,Sorghum,2015,321.1
Togo,Sorghum,2016,393.2
Togo,Sorghum,2017,421.9
Togo,Sorghum,2018,417.7
Togo,Soya beans,2016,369.6
Togo,Soya beans,2017,370.3
Togo,Soya beans,2018,462.7
Togo,Sweet potatoes,2015,236.6
Togo,Sweet potatoes,2016,261.6
Togo,Sweet potatoes,2017,313.4
Togo,Sweet potatoes,2018,336.7
Togo,Taro,2015,329.6
Togo,Taro,2016,344.2
Togo,Taro,2017,382.3
Togo,Taro,2018,426.7
Togo,Tomatoes,2015,600.0
Togo,Tomatoes,2016,533.2
Togo,Tomatoes,2017,621.7
Togo,Tomatoes,2018,613.9
Togo,Yams,2015,387.0
Togo,Yams,2016,401.6
Togo,Yams,2017,556.3
Togo,Yams,2018,414.1
Trinidad and Tobago,Cabbages,2015,1260.7
Trinidad and Tobago,Cabbages,2016,1345.0
Trinidad and Tobago,Cabbages,2017,1408.7
Trinidad and Tobago,Cabbages,2018,856.6
Trinidad and Tobago,"Cassava, fresh",2015,718.2
Trinidad and Tobago,"Cassava, fresh",2016,733.2
Trinidad and Tobago,"Cassava, fresh",2017,665.2
Trinidad and Tobago,"Cassava, fresh",2018,759.2
Trinidad and Tobago,Cauliflowers and broccoli,2015,2113.7
Trinidad and Tobago,Cauliflowers and broccoli,2016,2463.7
Trinidad and Tobago,Cauliflowers and broccoli,2017,2277.4
Trinidad and Tobago,Cauliflowers and broccoli,2018,1397.2
Trinidad and Tobago,"Chillies and peppers, green (Capsicum spp. and Pimenta spp.)",2015,6008.7
Trinidad and Tobago,"Chillies and peppers, green (Capsicum spp. and Pimenta spp.)",2016,6350.3
Trinidad and Tobago,Cucumbers and gherkins,2015,774.6
Trinidad and Tobago,Cucumbers and gherkins,2016,643.3
Trinidad and Tobago,Cucumbers and gherkins,2017,743.4
Trinidad and Tobago,Cucumbers and gherkins,2018,744.4
Trinidad and Tobago,"Edible roots and tubers with high starch or inulin content, n.e.c., fresh",2015,1307.7
Trinidad and Tobago,"Edible roots and tubers with high starch or inulin content, n.e.c., fresh",2016,1060.1
Trinidad and Tobago,"Edible roots and tubers with high starch or inulin content, n.e.c., fresh",2017,1144.6
Trinidad and Tobago,"Edible roots and tubers with high starch or inulin content, n.e.c., fresh",2018,1091.5
Trinidad and Tobago,Eggplants (aubergines),2015,1240.3
Trinidad and Tobago,Eggplants (aubergines),2016,1761.9
Trinidad and Tobago,Eggplants (aubergines),2017,1371.8
Trinidad and Tobago,Eggplants (aubergines),2018,1208.1
Trinidad and Tobago,"Ginger, raw",2015,9383.1
Trinidad and Tobago,"Ginger, raw",2016,2931.5
Trinidad and Tobago,Green corn (maize),2016,3547.8
Trinidad and Tobago,Green corn (maize),2017,3700.8
Trinidad and Tobago,Green corn (maize),2018,2763.4
Trinidad and Tobago,Lettuce and chicory,2015,5394.0
Trinidad and Tobago,Lettuce and chicory,2016,5144.7
Trinidad and Tobago,Lettuce and chicory,2017,5886.8
Trinidad and Tobago,Lettuce and chicory,2018,5529.7
Trinidad and Tobago,"Meat of goat, fresh or chilled (biological)",2015,7902.9
Trinidad and Tobago,"Meat of goat, fresh or chilled (biological)",2016,7715.6
Trinidad and Tobago,"Meat of rabbits and hares, fresh or chilled (biological)",2015,10418.0
Trinidad and Tobago,"Meat of rabbits and hares, fresh or chilled (biological)",2016,8832.0
Trinidad and Tobago,"Meat of sheep, fresh or chilled (biological)",2015,7274.9
Trinidad and Tobago,"Meat of sheep, fresh or chilled (biological)",2016,6334.3
Trinidad and Tobago,Okra,2015,3132.9
Trinidad and Tobago,Okra,2016,2970.5
Trinidad and Tobago,Okra,2017,4233.3
Trinidad and Tobago,Okra,2018,3605.2
Trinidad and Tobago,"Other fruits, n.e.c.",2015,1012.9
Trinidad and Tobago,"Other fruits, n.e.c.",2016,808.2
Trinidad and Tobago,Other pulses n.e.c.,2015,2242.3
Trinidad and Tobago,Other pulses n.e.c.,2016,2202.7
Trinidad and Tobago,Other pulses n.e.c.,2017,2286.3
Trinidad and Tobago,Other pulses n.e.c.,2018,1778.2
Trinidad and Tobago,"Other vegetables, fresh n.e.c.",2016,1360.0
Trinidad and Tobago,"Other vegetables, fresh n.e.c.",2017,1495.7
Trinidad and Tobago,"Other vegetables, fresh n.e.c.",2018,1389.8
Trinidad and Tobago,Papayas,2015,889.1
Trinidad and Tobago,Papayas,2016,692.8
Trinidad and Tobago,Papayas,2017,904.2
Trinidad and Tobago,Papayas,2018,1004.3
Trinidad and Tobago,"Pigeon peas, dry",2015,2226.6
Trinidad and Tobago,"Pigeon peas, dry",2016,2433.7
Trinidad and Tobago,"Pigeon peas, dry",2017,1340.8
Trinidad and Tobago,"Pigeon peas, dry",2018,2823.9
Trinidad and Tobago,Pineapples,2015,1256.0
Trinidad and Tobago,Pineapples,2016,1034.6
Trinidad and Tobago,Pineapples,2017,1047.3
Trinidad and Tobago,Pineapples,2018,1028.0
Trinidad and Tobago,"Pumpkins, squash and gourds",2015,478.2
Trinidad and Tobago,"Pumpkins, squash and gourds",2016,395.9
Trinidad and Tobago,"Pumpkins, squash and gourds",2017,436.6
Trinidad and Tobago,"Pumpkins, squash and gourds",2018,418.0
Trinidad and Tobago,Rice,2015,459.4
Trinidad and Tobago,Rice,2016,431.9
Trinidad and Tobago,Rice,2017,427.8
Trinidad and Tobago,Rice,2018,406.2
Trinidad and Tobago,Sweet potatoes,2015,1129.0
Trinidad and Tobago,Sweet potatoes,2016,1682.4
Trinidad and Tobago,Sweet potatoes,2017,1084.1
Trinidad and Tobago,Sweet potatoes,2018,1284.9
Trinidad and Tobago,Taro,2015,1329.7
Trinidad and Tobago,Taro,2016,1408.0
Trinidad and Tobago,Taro,2017,1185.9
Trinidad and Tobago,Taro,2018,929.0
Trinidad and Tobago,Tomatoes,2015,2025.9
Trinidad and Tobago,Tomatoes,2016,1808.4
Trinidad and Tobago,Tomatoes,2017,1445.5
Trinidad and Tobago,Tomatoes,2018,996.9
Trinidad and Tobago,Watermelons,2015,718.2
Trinidad and Tobago,Watermelons,2016,623.8
Trinidad and Tobago,Watermelons,2017,626.9
Trinidad and Tobago,Watermelons,2018,360.4
Trinidad and Tobago,Yams,2015,1019.2
Trinidad and Tobago,Yams,2016,1154.6
Trinidad and Tobago,Yams,2017,430.7
Trinidad and Tobago,Yams,2018,652.8
Tunisia,"Almonds, in shell",2015,2141.1
Tunisia,"Almonds, in shell",2016,2033.5
Tunisia,Apples,2015,511.3
Tunisia,Apples,2016,512.1
Tunisia,Apples,2018,459.8
Tunisia,Apricots,2015,489.4
Tunisia,Apricots,2016,465.5
Tunisia,Apricots,2018,1284.5
Tunisia,Artichokes,2015,418.0
Tunisia,Artichokes,2016,397.0
Tunisia,Artichokes,2018,566.7
Tunisia,Asparagus,2015,434.8
Tunisia,Barley,2015,205.1
Tunisia,Barley,2016,185.6
Tunisia,Barley,2018,156.4
Tunisia,"Broad beans and horse beans, dry",2015,489.4
Tunisia,"Broad beans and horse beans, dry",2016,460.3
Tunisia,"Broad beans and horse beans, green",2015,246.2
Tunisia,"Broad beans and horse beans, green",2016,224.9
Tunisia,"Broad beans and horse beans, green",2018,439.0
Tunisia,Cabbages,2015,201.9
Tunisia,Cabbages,2016,145.7
Tunisia,Cabbages,2018,217.2
Tunisia,Cantaloupes and other melons,2015,260.0
Tunisia,Cantaloupes and other melons,2016,299.8
Tunisia,Cantaloupes and other melons,2018,426.5
Tunisia,Carrots and turnips,2015,173.8
Tunisia,Carrots and turnips,2016,159.2
Tunisia,Carrots and turnips,2018,191.5
Tunisia,Cauliflowers and broccoli,2015,141.2
Tunisia,Cauliflowers and broccoli,2016,111.7
Tunisia,Cauliflowers and broccoli,2018,306.4
Tunisia,Cherries,2015,1916.8
Tunisia,Cherries,2016,2412.4
Tunisia,"Chick peas, dry",2015,1172.5
Tunisia,"Chick peas, dry",2016,1102.9
Tunisia,"Chillies and peppers, green (Capsicum spp. and Pimenta spp.)",2015,413.4
Tunisia,"Chillies and peppers, green (Capsicum spp. and Pimenta spp.)",2016,381.7
Tunisia,"Chillies and peppers, green (Capsicum spp. and Pimenta spp.)",2018,445.8
Tunisia,Cucumbers and gherkins,2015,321.2
Tunisia,Cucumbers and gherkins,2016,331.0
Tunisia,Cucumbers and gherkins,2018,354.8
Tunisia,Dates,2015,1682.3
Tunisia,Dates,2016,1582.4
Tunisia,Dates,2018,1284.5
Tunisia,Eggplants (aubergines),2015,290.1
Tunisia,Eggplants (aubergines),2016,269.1
Tunisia,Figs,2015,562.8
Tunisia,Figs,2016,748.1
Tunisia,Figs,2018,1032.9
Tunisia,Grapes,2015,393.0
Tunisia,Grapes,2016,465.1
Tunisia,Grapes,2018,325.3
Tunisia,Green garlic,2015,424.1
Tunisia,Green garlic,2016,650.8
Tunisia,Green garlic,2018,798.3
Tunisia,"Hen eggs in shell, fresh",2015,1490.9
Tunisia,"Hen eggs in shell, fresh",2016,1411.7
Tunisia,Lemons and limes,2015,337.0
Tunisia,Lemons and limes,2016,406.9
Tunisia,Lemons and limes,2018,465.1
Tunisia,Lettuce and chicory,2015,318.6
Tunisia,Lettuce and chicory,2016,238.8
Tunisia,Lettuce and chicory,2018,343.0
Tunisia,"Meat of cattle with the bone, fresh or chilled",2018,2958.2
Tunisia,"Meat of cattle with the bone, fresh or chilled (biological)",2015,2752.8
Tunisia,"Meat of cattle with the bone, fresh or chilled (biological)",2016,2614.5
Tunisia,"Meat of cattle with the bone, fresh or chilled (biological)",2018,2370.3
Tunisia,"Meat of chickens, fresh or chilled (biological)",2015,1809.7
Tunisia,"Meat of chickens, fresh or chilled (biological)",2016,1702.3
Tunisia,"Meat of chickens, fresh or chilled (biological)",2018,1306.8
Tunisia,"Meat of goat, fresh or chilled",2018,3173.6
Tunisia,"Meat of goat, fresh or chilled (biological)",2015,3007.7
Tunisia,"Meat of goat, fresh or chilled (biological)",2016,2856.6
Tunisia,"Meat of goat, fresh or chilled (biological)",2018,2531.3
Tunisia,"Meat of sheep, fresh or chilled",2018,3060.2
Tunisia,"Meat of sheep, fresh or chilled (biological)",2015,3721.4
Tunisia,"Meat of sheep, fresh or chilled (biological)",2016,3534.4
Tunisia,"Meat of sheep, fresh or chilled (biological)",2018,3513.6
Tunisia,"Meat of turkeys, fresh or chilled (biological)",2015,1605.8
Tunisia,"Meat of turkeys, fresh or chilled (biological)",2016,1510.2
Tunisia,"Meat of turkeys, fresh or chilled (biological)",2018,1583.0
Tunisia,Mushrooms and truffles,2015,2740.1
Tunisia,Mushrooms and truffles,2016,3174.1
Tunisia,Olives,2015,499.6
Tunisia,Olives,2016,521.4
Tunisia,Olives,2018,604.5
Tunisia,"Onions and shallots, dry (excluding dehydrated)",2018,181.3
Tunisia,"Onions and shallots, green",2015,283.4
Tunisia,"Onions and shallots, green",2016,265.4
Tunisia,"Onions and shallots, green",2018,209.7
Tunisia,Oranges,2015,335.4
Tunisia,Oranges,2016,349.2
Tunisia,Oranges,2018,354.8
Tunisia,"Other beans, green",2015,755.0
Tunisia,"Other beans, green",2016,745.3
Tunisia,"Other citrus fruit, n.e.c.",2018,316.6
Tunisia,Peaches and nectarines,2015,401.2
Tunisia,Peaches and nectarines,2016,515.8
Tunisia,Peaches and nectarines,2018,449.2
Tunisia,Pears,2015,525.6
Tunisia,Pears,2016,558.7
Tunisia,Pears,2018,639.6
Tunisia,"Peas, green",2015,699.4
Tunisia,"Peas, green",2016,553.1
Tunisia,"Peas, green",2018,601.8
Tunisia,Plums and sloes,2015,478.2
Tunisia,Plums and sloes,2016,504.6
Tunisia,Plums and sloes,2018,545.9
Tunisia,Pomelos and grapefruits,2015,252.9
Tunisia,Pomelos and grapefruits,2016,180.6
Tunisia,Potatoes,2015,239.6
Tunisia,Potatoes,2016,227.2
Tunisia,Potatoes,2018,254.3
Tunisia,"Pumpkins, squash and gourds",2015,211.0
Tunisia,"Pumpkins, squash and gourds",2016,219.3
Tunisia,"Pumpkins, squash and gourds",2018,240.3
Tunisia,Quinces,2015,334.4
Tunisia,Quinces,2016,281.7
Tunisia,Quinces,2018,561.8
Tunisia,Raw milk of cattle,2015,382.3
Tunisia,Raw milk of cattle,2016,359.6
Tunisia,Raw milk of cattle,2018,336.2
Tunisia,Spinach,2015,384.4
Tunisia,Spinach,2016,331.5
Tunisia,Spinach,2018,299.6
Tunisia,Strawberries,2015,723.4
Tunisia,Strawberries,2016,694.6
Tunisia,Strawberries,2018,992.9
Tunisia,"Tangerines, mandarins, clementines",2015,441.0
Tunisia,"Tangerines, mandarins, clementines",2016,472.1
Tunisia,Tomatoes,2015,137.6
Tunisia,Tomatoes,2016,130.7
Tunisia,Tomatoes,2018,160.6
Tunisia,Triticale,2015,184.9
Tunisia,Triticale,2016,167.9
Tunisia,Triticale,2018,145.8
Tunisia,Unmanufactured tobacco,2015,968.6
Tunisia,Unmanufactured tobacco,2016,911.1
Tunisia,Watermelons,2015,144.8
Tunisia,Watermelons,2016,149.9
Tunisia,Watermelons,2018,208.2
Tunisia,Wheat,2015,348.5
Tunisia,Wheat,2016,298.9
Tunisia,Wheat,2018,261.8
Türkiye,"Almonds, in shell",2015,2691.0
Türkiye,"Almonds, in shell",2016,2820.7
Türkiye,"Almonds, in shell",2017,2632.8
Türkiye,"Almonds, in shell",2018,2379.2
Türkiye,"Anise, badian, coriander, cumin, caraway, fennel and juniper berries, raw",2015,1960.9
Türkiye,"Anise, badian, coriander, cumin, caraway, fennel and juniper berries, raw",2016,1939.3
Türkiye,"Anise, badian, coriander, cumin, caraway, fennel and juniper berries, raw",2017,1611.8
Türkiye,"Anise, badian, coriander, cumin, caraway, fennel and juniper berries, raw",2018,2026.5
Türkiye,Apples,2015,418.9
Türkiye,Apples,2016,348.3
Türkiye,Apples,2017,325.9
Türkiye,Apples,2018,304.1
Türkiye,Apricots,2015,958.8
Türkiye,Apricots,2016,758.8
Türkiye,Apricots,2017,545.9
Türkiye,Apricots,2018,476.3
Türkiye,Artichokes,2015,1429.0
Türkiye,Artichokes,2016,1182.1
Türkiye,Artichokes,2017,1054.0
Türkiye,Artichokes,2018,842.2
Türkiye,Avocados,2015,1158.7
Türkiye,Avocados,2016,1446.9
Türkiye,Avocados,2017,1845.0
Türkiye,Avocados,2018,1742.5
Türkiye,Bananas,2015,751.9
Türkiye,Bananas,2016,641.0
Türkiye,Bananas,2017,657.4
Türkiye,Bananas,2018,612.3
Türkiye,Barley,2015,237.2
Türkiye,Barley,2016,224.9
Türkiye,Barley,2017,212.8
Türkiye,Barley,2018,177.8
Türkiye,"Beans, dry",2015,1245.2
Türkiye,"Beans, dry",2016,1140.4
Türkiye,"Beans, dry",2017,1090.0
Türkiye,"Beans, dry",2018,993.4
Türkiye,Beeswax,2015,5506.4
Türkiye,Beeswax,2016,6018.5
Türkiye,Beeswax,2017,6452.2
Türkiye,Beeswax,2018,5867.3
Türkiye,"Broad beans and horse beans, dry",2015,750.7
Türkiye,"Broad beans and horse beans, dry",2016,611.4
Türkiye,"Broad beans and horse beans, dry",2017,518.0
Türkiye,"Broad beans and horse beans, dry",2018,511.0
Türkiye,"Broad beans and horse beans, green",2015,710.2
Türkiye,"Broad beans and horse beans, green",2016,641.7
Türkiye,"Broad beans and horse beans, green",2017,606.1
Türkiye,"Broad beans and horse beans, green",2018,474.1
Türkiye,Cabbages,2015,319.1
Türkiye,Cabbages,2016,278.8
Türkiye,Cabbages,2017,244.6
Türkiye,Cabbages,2018,187.6
Türkiye,Canary seed,2017,364.1
Türkiye,Canary seed,2018,376.2
Türkiye,Cantaloupes and other melons,2015,269.1
Türkiye,Cantaloupes and other melons,2016,276.0
Türkiye,Cantaloupes and other melons,2017,227.5
Türkiye,Cantaloupes and other melons,2018,216.7
Türkiye,Carrots and turnips,2015,294.5
Türkiye,Carrots and turnips,2016,229.2
Türkiye,Carrots and turnips,2017,191.1
Türkiye,Carrots and turnips,2018,166.3
Türkiye,Cauliflowers and broccoli,2015,535.7
Türkiye,Cauliflowers and broccoli,2016,458.1
Türkiye,Cauliflowers and broccoli,2017,364.7
Türkiye,Cauliflowers and broccoli,2018,263.9
Türkiye,Cherries,2015,1232.4
Türkiye,Cherries,2016,1167.7
Türkiye,Cherries,2017,1111.7
Türkiye,Cherries,2018,687.3
Türkiye,"Chestnuts, in shell",2015,2686.3
Türkiye,"Chestnuts, in shell",2016,2629.3
Türkiye,"Chestnuts, in shell",2017,2562.9
Türkiye,"Chestnuts, in shell",2018,2617.0
Türkiye,"Chick peas, dry",2015,958.0
Türkiye,"Chick peas, dry",2016,1217.2
Türkiye,"Chick peas, dry",2017,1495.4
Türkiye,"Chick peas, dry",2018,993.8
Türkiye,"Chillies and peppers, green (Capsicum spp. and Pimenta spp.)",2015,543.2
Türkiye,"Chillies and peppers, green (Capsicum spp. and Pimenta spp.)",2016,461.6
Türkiye,"Chillies and peppers, green (Capsicum spp. and Pimenta spp.)",2017,391.7
Türkiye,"Chillies and peppers, green (Capsicum spp. and Pimenta spp.)",2018,343.6
Türkiye,Cotton seed,2017,805.8
Türkiye,Cotton seed,2018,524.2
Türkiye,Cucumbers and gherkins,2015,424.0
Türkiye,Cucumbers and gherkins,2016,383.5
Türkiye,Cucumbers and gherkins,2017,370.6
Türkiye,Cucumbers and gherkins,2018,306.4
Türkiye,Dates,2015,459.5
Türkiye,Dates,2016,486.7
Türkiye,Dates,2017,399.2
Türkiye,Dates,2018,389.0
Türkiye,Eggplants (aubergines),2015,477.2
Türkiye,Eggplants (aubergines),2016,415.7
Türkiye,Eggplants (aubergines),2017,386.7
Türkiye,Eggplants (aubergines),2018,318.1
Türkiye,Figs,2015,1051.1
Türkiye,Figs,2016,986.0
Türkiye,Figs,2017,933.5
Türkiye,Figs,2018,820.0
Türkiye,Grapes,2015,545.1
Türkiye,Grapes,2016,491.8
Türkiye,Grapes,2017,436.3
Türkiye,Grapes,2018,413.7
Türkiye,Green garlic,2015,1765.0
Türkiye,Green garlic,2016,1995.3
Türkiye,Green garlic,2017,1551.2
Türkiye,Green garlic,2018,863.6
Türkiye,"Groundnuts, excluding shelled",2015,1610.0
Türkiye,"Groundnuts, excluding shelled",2016,1378.2
Türkiye,"Groundnuts, excluding shelled",2017,1121.4
Türkiye,"Groundnuts, excluding shelled",2018,970.8
Türkiye,"Hazelnuts, in shell",2015,5526.7
Türkiye,"Hazelnuts, in shell",2016,3488.9
Türkiye,"Hazelnuts, in shell",2017,2666.7
Türkiye,"Hazelnuts, in shell",2018,2177.3
Türkiye,"Hen eggs in shell, fresh",2015,1758.7
Türkiye,"Hen eggs in shell, fresh",2016,1639.6
Türkiye,"Hen eggs in shell, fresh",2017,1477.2
Türkiye,"Hen eggs in shell, fresh",2018,1267.8
Türkiye,"Horse meat, fresh or chilled (biological)",2015,1256.5
Türkiye,"Horse meat, fresh or chilled (biological)",2016,1221.0
Türkiye,"Horse meat, fresh or chilled (biological)",2017,1162.4
Türkiye,"Horse meat, fresh or chilled (biological)",2018,1078.1
Türkiye,Kiwi fruit,2015,932.2
Türkiye,Kiwi fruit,2016,920.2
Türkiye,Kiwi fruit,2017,725.5
Türkiye,Kiwi fruit,2018,672.2
Türkiye,Leeks and other alliaceous vegetables,2015,431.4
Türkiye,Leeks and other alliaceous vegetables,2016,444.6
Türkiye,Leeks and other alliaceous vegetables,2017,379.5
Türkiye,Leeks and other alliaceous vegetables,2018,328.9
Türkiye,Lemons and limes,2015,362.3
Türkiye,Lemons and limes,2016,449.1
Türkiye,Lemons and limes,2017,405.1
Türkiye,Lemons and limes,2018,292.6
Türkiye,"Lentils, dry",2015,736.2
Türkiye,"Lentils, dry",2016,835.6
Türkiye,"Lentils, dry",2017,655.7
Türkiye,"Lentils, dry",2018,428.2
Türkiye,Lettuce and chicory,2015,478.2
Türkiye,Lettuce and chicory,2016,443.3
Türkiye,Lettuce and chicory,2017,400.4
Türkiye,Lettuce and chicory,2018,330.1
Türkiye,Locust beans (carobs),2015,610.7
Türkiye,Locust beans (carobs),2016,464.6
Türkiye,Locust beans (carobs),2017,408.3
Türkiye,Locust beans (carobs),2018,492.7
Türkiye,Maize (corn),2015,241.7
Türkiye,Maize (corn),2016,219.7
Türkiye,Maize (corn),2017,204.7
Türkiye,Maize (corn),2018,175.3
Türkiye,"Meat of buffalo, fresh or chilled",2015,7048.3
Türkiye,"Meat of buffalo, fresh or chilled",2016,7513.8
Türkiye,"Meat of buffalo, fresh or chilled",2017,6963.3
Türkiye,"Meat of buffalo, fresh or chilled",2018,5771.2
Türkiye,"Meat of buffalo, fresh or chilled (biological)",2015,4180.0
Türkiye,"Meat of buffalo, fresh or chilled (biological)",2016,4849.9
Türkiye,"Meat of camels, fresh or chilled (biological)",2015,3424.0
Türkiye,"Meat of camels, fresh or chilled (biological)",2016,3137.8
Türkiye,"Meat of camels, fresh or chilled (biological)",2017,2873.7
Türkiye,"Meat of camels, fresh or chilled (biological)",2018,3363.2
Türkiye,"Meat of cattle with the bone, fresh or chilled",2015,7773.5
Türkiye,"Meat of cattle with the bone, fresh or chilled",2016,8289.2
Türkiye,"Meat of cattle with the bone, fresh or chilled",2017,7522.8
Türkiye,"Meat of cattle with the bone, fresh or chilled",2018,5956.2
Türkiye,"Meat of cattle with the bone, fresh or chilled (biological)",2015,5048.0
Türkiye,"Meat of cattle with the bone, fresh or chilled (biological)",2016,5682.4
Türkiye,"Meat of cattle with the bone, fresh or chilled (biological)",2017,5635.7
Türkiye,"Meat of cattle with the bone, fresh or chilled (biological)",2018,4920.6
Türkiye,"Meat of chickens, fresh or chilled (biological)",2015,3002.9
Türkiye,"Meat of chickens, fresh or chilled (biological)",2016,3183.8
Türkiye,"Meat of chickens, fresh or chilled (biological)",2017,2877.2
Türkiye,"Meat of chickens, fresh or chilled (biological)",2018,2640.5
Türkiye,"Meat of ducks, fresh or chilled (biological)",2015,5397.0
Türkiye,"Meat of ducks, fresh or chilled (biological)",2016,5055.1
Türkiye,"Meat of ducks, fresh or chilled (biological)",2017,4367.4
Türkiye,"Meat of ducks, fresh or chilled (biological)",2018,5101.2
Türkiye,"Meat of geese, fresh or chilled (biological)",2015,5156.5
Türkiye,"Meat of geese, fresh or chilled (biological)",2016,5158.7
Türkiye,"Meat of geese, fresh or chilled (biological)",2017,4653.5
Türkiye,"Meat of geese, fresh or chilled (biological)",2018,6949.0
Türkiye,"Meat of goat, fresh or chilled",2015,6928.5
Türkiye,"Meat of goat, fresh or chilled",2016,7357.1
Türkiye,"Meat of goat, fresh or chilled",2017,6878.1
Türkiye,"Meat of goat, fresh or chilled",2018,5957.8
Türkiye,"Meat of goat, fresh or chilled (biological)",2015,4733.3
Türkiye,"Meat of goat, fresh or chilled (biological)",2016,4752.1
Türkiye,"Meat of goat, fresh or chilled (biological)",2017,4448.5
Türkiye,"Meat of goat, fresh or chilled (biological)",2018,4192.6
Türkiye,"Meat of sheep, fresh or chilled",2015,7618.1
Türkiye,"Meat of sheep, fresh or chilled",2016,8025.2
Türkiye,"Meat of sheep, fresh or chilled",2017,7625.8
Türkiye,"Meat of sheep, fresh or chilled",2018,6596.6
Türkiye,"Meat of sheep, fresh or chilled (biological)",2015,5637.1
Türkiye,"Meat of sheep, fresh or chilled (biological)",2016,5752.5
Türkiye,"Meat of sheep, fresh or chilled (biological)",2017,5580.1
Türkiye,"Meat of sheep, fresh or chilled (biological)",2018,5377.4
Türkiye,"Meat of turkeys, fresh or chilled (biological)",2016,8639.1
Türkiye,"Meat of turkeys, fresh or chilled (biological)",2017,8298.1
Türkiye,"Meat of turkeys, fresh or chilled (biological)",2018,6345.8
Türkiye,Millet,2015,529.3
Türkiye,Millet,2016,421.7
Türkiye,Millet,2017,377.0
Türkiye,Millet,2018,394.4
Türkiye,Mushrooms and truffles,2015,1277.2
Türkiye,Mushrooms and truffles,2016,1212.8
Türkiye,Mushrooms and truffles,2017,1067.6
Türkiye,Mushrooms and truffles,2018,1013.8
Türkiye,Natural honey,2015,7917.2
Türkiye,Natural honey,2016,7844.5
Türkiye,Natural honey,2017,7597.7
Türkiye,Natural honey,2018,6661.3
Türkiye,Oats,2015,286.5
Türkiye,Oats,2016,267.7
Türkiye,Oats,2017,239.1
Türkiye,Oats,2018,201.6
Türkiye,Okra,2015,2022.6
Türkiye,Okra,2016,1915.2
Türkiye,Okra,2017,1583.1
Türkiye,Okra,2018,1425.8
Türkiye,Olives,2015,1160.1
Türkiye,Olives,2016,1247.1
Türkiye,Olives,2017,1070.5
Türkiye,Olives,2018,1000.8
Türkiye,"Onions and shallots, dry (excluding dehydrated)",2015,245.9
Türkiye,"Onions and shallots, dry (excluding dehydrated)",2016,250.3
Türkiye,"Onions and shallots, dry (excluding dehydrated)",2017,153.9
Türkiye,"Onions and shallots, dry (excluding dehydrated)",2018,195.1
Türkiye,"Onions and shallots, green",2017,578.5
Türkiye,"Onions and shallots, green",2018,461.0
Türkiye,Oranges,2015,222.8
Türkiye,Oranges,2016,193.2
Türkiye,Oranges,2017,185.3
Türkiye,Oranges,2018,162.4
Türkiye,"Other beans, green",2015,867.9
Türkiye,"Other beans, green",2016,832.7
Türkiye,"Other beans, green",2017,788.6
Türkiye,"Other beans, green",2018,627.3
Türkiye,Peaches and nectarines,2015,619.8
Türkiye,Peaches and nectarines,2016,561.2
Türkiye,Peaches and nectarines,2017,467.2
Türkiye,Peaches and nectarines,2018,359.5
Türkiye,Pears,2015,685.1
Türkiye,Pears,2016,605.4
Türkiye,Pears,2017,520.5
Türkiye,Pears,2018,420.2
Türkiye,"Peas, dry",2015,432.7
Türkiye,"Peas, dry",2016,375.0
Türkiye,"Peas, dry",2017,649.3
Türkiye,"Peas, dry",2018,647.7
Türkiye,"Peas, green",2015,513.1
Türkiye,"Peas, green",2016,439.8
Türkiye,"Peas, green",2017,345.7
Türkiye,"Peas, green",2018,300.8
Türkiye,"Pistachios, in shell",2015,6420.1
Türkiye,"Pistachios, in shell",2016,5227.8
Türkiye,"Pistachios, in shell",2017,5375.1
Türkiye,"Pistachios, in shell",2018,6134.8
Türkiye,Plums and sloes,2015,762.4
Türkiye,Plums and sloes,2016,670.2
Türkiye,Plums and sloes,2017,639.2
Türkiye,Plums and sloes,2018,532.2
Türkiye,Pomelos and grapefruits,2015,160.3
Türkiye,Pomelos and grapefruits,2016,195.5
Türkiye,Pomelos and grapefruits,2017,208.6
Türkiye,Pomelos and grapefruits,2018,183.8
Türkiye,Poppy seed,2015,2352.9
Türkiye,Poppy seed,2016,2317.8
Türkiye,Poppy seed,2017,2055.8
Türkiye,Poppy seed,2018,2531.9
Türkiye,Potatoes,2015,416.4
Türkiye,Potatoes,2016,212.0
Türkiye,Potatoes,2017,195.2
Türkiye,Potatoes,2018,213.3
Türkiye,"Pumpkins, squash and gourds",2015,695.1
Türkiye,"Pumpkins, squash and gourds",2016,574.9
Türkiye,"Pumpkins, squash and gourds",2017,473.5
Türkiye,"Pumpkins, squash and gourds",2018,430.3
Türkiye,Quinces,2015,562.8
Türkiye,Quinces,2016,487.3
Türkiye,Quinces,2017,424.6
Türkiye,Quinces,2018,344.2
Türkiye,Rape or colza seed,2015,461.1
Türkiye,Rape or colza seed,2016,433.2
Türkiye,Rape or colza seed,2017,408.1
Türkiye,Rape or colza seed,2018,395.3
Türkiye,Raw milk of buffalo,2015,1165.9
Türkiye,Raw milk of buffalo,2016,1177.9
Türkiye,Raw milk of buffalo,2017,1088.2
Türkiye,Raw milk of buffalo,2018,916.5
Türkiye,Raw milk of cattle,2015,427.8
Türkiye,Raw milk of cattle,2016,382.1
Türkiye,Raw milk of cattle,2017,338.6
Türkiye,Raw milk of cattle,2018,304.8
Türkiye,Raw milk of goats,2015,694.8
Türkiye,Raw milk of goats,2016,750.8
Türkiye,Raw milk of goats,2017,687.9
Türkiye,Raw milk of goats,2018,516.0
Türkiye,Raw milk of sheep,2015,738.4
Türkiye,Raw milk of sheep,2016,742.4
Türkiye,Raw milk of sheep,2017,661.1
Türkiye,Raw milk of sheep,2018,572.7
Türkiye,Rice,2015,627.5
Türkiye,Rice,2016,505.0
Türkiye,Rice,2017,526.5
Türkiye,Rice,2018,493.1
Türkiye,Rye,2015,238.1
Türkiye,Rye,2016,220.0
Türkiye,Rye,2017,200.4
Türkiye,Rye,2018,166.9
Türkiye,Safflower seed,2017,267.1
Türkiye,Safflower seed,2018,246.0
Türkiye,Sesame seed,2015,2132.8
Türkiye,Sesame seed,2016,2042.9
Türkiye,Sesame seed,2017,1809.8
Türkiye,Sesame seed,2018,1773.5
Türkiye,"Shorn wool, greasy, including fleece-washed shorn wool",2015,818.6
Türkiye,"Shorn wool, greasy, including fleece-washed shorn wool",2016,720.5
Türkiye,"Shorn wool, greasy, including fleece-washed shorn wool",2017,649.2
Türkiye,"Shorn wool, greasy, including fleece-washed shorn wool",2018,519.4
Türkiye,Silk-worm cocoons suitable for reeling,2015,13142.5
Türkiye,Silk-worm cocoons suitable for reeling,2016,13534.6
Türkiye,Silk-worm cocoons suitable for reeling,2017,11614.1
Türkiye,Silk-worm cocoons suitable for reeling,2018,10702.9
Türkiye,Sour cherries,2015,723.7
Türkiye,Sour cherries,2016,600.6
Türkiye,Sour cherries,2017,567.0
Türkiye,Sour cherries,2018,434.0
Türkiye,Soya beans,2015,401.5
Türkiye,Soya beans,2016,380.7
Türkiye,Soya beans,2017,361.2
Türkiye,Soya beans,2018,357.4
Türkiye,Spinach,2015,550.6
Türkiye,Spinach,2016,470.8
Türkiye,Spinach,2017,412.8
Türkiye,Spinach,2018,332.8
Türkiye,Strawberries,2015,978.2
Türkiye,Strawberries,2016,799.0
Türkiye,Strawberries,2017,839.5
Türkiye,Strawberries,2018,702.7
Türkiye,Sugar beet,2015,58.5
Türkiye,Sugar beet,2016,63.2
Türkiye,Sugar beet,2017,53.2
Türkiye,Sugar beet,2018,49.4
Türkiye,Sunflower seed,2015,714.4
Türkiye,Sunflower seed,2016,698.5
Türkiye,Sunflower seed,2017,656.8
Türkiye,Sunflower seed,2018,565.4
Türkiye,"Tangerines, mandarins, clementines",2015,225.0
Türkiye,"Tangerines, mandarins, clementines",2016,207.9
Türkiye,"Tangerines, mandarins, clementines",2017,200.1
Türkiye,"Tangerines, mandarins, clementines",2018,169.2
Türkiye,Tea leaves,2015,580.9
Türkiye,Tea leaves,2016,586.1
Türkiye,Tea leaves,2017,548.2
Türkiye,Tea leaves,2018,480.5
Türkiye,Tomatoes,2015,395.7
Türkiye,Tomatoes,2016,509.4
Türkiye,Tomatoes,2017,299.0
Türkiye,Tomatoes,2018,312.3
Türkiye,Triticale,2015,245.4
Türkiye,Triticale,2016,233.6
Türkiye,Triticale,2017,211.6
Türkiye,Triticale,2018,176.6
Türkiye,Unmanufactured tobacco,2015,4319.1
Türkiye,Unmanufactured tobacco,2016,4566.1
Türkiye,Unmanufactured tobacco,2017,4610.4
Türkiye,Unmanufactured tobacco,2018,3976.8
Türkiye,Vetches,2015,505.3
Türkiye,Vetches,2016,514.5
Türkiye,Vetches,2017,453.3
Türkiye,Vetches,2018,420.7
Türkiye,"Walnuts, in shell",2015,4943.9
Türkiye,"Walnuts, in shell",2016,4874.3
Türkiye,"Walnuts, in shell",2017,4372.1
Türkiye,"Walnuts, in shell",2018,3647.4
Türkiye,Watermelons,2015,160.2
Türkiye,Watermelons,2016,181.3
Türkiye,Watermelons,2017,139.6
Türkiye,Watermelons,2018,136.0
Türkiye,Wheat,2015,285.3
Türkiye,Wheat,2016,265.8
Türkiye,Wheat,2017,242.2
Türkiye,Wheat,2018,199.6
Ukraine,Apples,2015,218.5
Ukraine,Apples,2016,177.1
Ukraine,Apples,2017,260.5
Ukraine,Apples,2018,142.8
Ukraine,Apricots,2015,386.6
Ukraine,Apricots,2016,482.6
Ukraine,Apricots,2017,465.0
Ukraine,Apricots,2018,374.1
Ukraine,Barley,2015,121.9
Ukraine,Barley,2016,117.7
Ukraine,Barley,2017,136.6
Ukraine,Barley,2018,177.0
Ukraine,Blueberries,2015,1028.3
Ukraine,Blueberries,2016,4964.4
Ukraine,Blueberries,2017,5921.5
Ukraine,Blueberries,2018,5511.1
Ukraine,Buckwheat,2015,416.5
Ukraine,Buckwheat,2016,513.0
Ukraine,Buckwheat,2017,394.4
Ukraine,Buckwheat,2018,214.3
Ukraine,Cabbages,2015,214.3
Ukraine,Cabbages,2016,133.3
Ukraine,Cabbages,2017,139.5
Ukraine,Cabbages,2018,169.8
Ukraine,Carrots and turnips,2015,183.1
Ukraine,Carrots and turnips,2016,146.7
Ukraine,Carrots and turnips,2017,133.7
Ukraine,Carrots and turnips,2018,220.1
Ukraine,Cereals n.e.c.,2015,116.0
Ukraine,Cereals n.e.c.,2016,160.5
Ukraine,Cereals n.e.c.,2017,129.4
Ukraine,Cereals n.e.c.,2018,164.1
Ukraine,Cherries,2015,386.6
Ukraine,Cherries,2016,575.3
Ukraine,Cherries,2017,630.3
Ukraine,Cherries,2018,459.4
Ukraine,Cranberries,2015,1028.3
Ukraine,Cucumbers and gherkins,2015,631.2
Ukraine,Cucumbers and gherkins,2016,617.5
Ukraine,Cucumbers and gherkins,2017,756.9
Ukraine,Cucumbers and gherkins,2018,736.8
Ukraine,Currants,2015,1028.3
Ukraine,Currants,2016,360.8
Ukraine,Currants,2017,474.0
Ukraine,Currants,2018,352.3
Ukraine,"Flax, processed but not spun",2015,518.8
Ukraine,"Flax, processed but not spun",2016,180.4
Ukraine,"Flax, processed but not spun",2017,141.9
Ukraine,Gooseberries,2015,1028.3
Ukraine,Gooseberries,2016,764.7
Ukraine,Gooseberries,2017,783.9
Ukraine,Gooseberries,2018,576.2
Ukraine,Grapes,2015,295.3
Ukraine,Grapes,2016,246.8
Ukraine,Grapes,2017,233.9
Ukraine,Grapes,2018,214.0
Ukraine,Green garlic,2015,918.4
Ukraine,Green garlic,2016,1713.3
Ukraine,Green garlic,2017,1194.0
Ukraine,Green garlic,2018,1096.5
Ukraine,"Hen eggs in shell, fresh",2015,1038.1
Ukraine,"Hen eggs in shell, fresh",2016,752.7
Ukraine,"Hen eggs in shell, fresh",2017,746.0
Ukraine,"Hen eggs in shell, fresh",2018,1018.8
Ukraine,Hop cones,2015,4166.3
Ukraine,Hop cones,2016,4642.5
Ukraine,Hop cones,2017,3819.6
Ukraine,Hop cones,2018,4291.2
Ukraine,"Horse meat, fresh or chilled (biological)",2015,717.3
Ukraine,"Horse meat, fresh or chilled (biological)",2016,922.4
Ukraine,"Horse meat, fresh or chilled (biological)",2017,901.5
Ukraine,"Horse meat, fresh or chilled (biological)",2018,1063.3
Ukraine,Maize (corn),2015,136.9
Ukraine,Maize (corn),2016,138.2
Ukraine,Maize (corn),2017,137.9
Ukraine,Maize (corn),2018,147.5
Ukraine,"Meat of cattle with the bone, fresh or chilled (biological)",2015,947.4
Ukraine,"Meat of cattle with the bone, fresh or chilled (biological)",2016,827.0
Ukraine,"Meat of cattle with the bone, fresh or chilled (biological)",2017,1366.5
Ukraine,"Meat of cattle with the bone, fresh or chilled (biological)",2018,1132.8
Ukraine,"Meat of chickens, fresh or chilled (biological)",2015,973.3
Ukraine,"Meat of chickens, fresh or chilled (biological)",2016,843.1
Ukraine,"Meat of chickens, fresh or chilled (biological)",2017,1063.5
Ukraine,"Meat of chickens, fresh or chilled (biological)",2018,1062.6
Ukraine,"Meat of goat, fresh or chilled (biological)",2015,749.2
Ukraine,"Meat of goat, fresh or chilled (biological)",2016,1218.9
Ukraine,"Meat of goat, fresh or chilled (biological)",2017,1364.8
Ukraine,"Meat of goat, fresh or chilled (biological)",2018,1758.7
Ukraine,"Meat of pig with the bone, fresh or chilled (biological)",2015,1110.6
Ukraine,"Meat of pig with the bone, fresh or chilled (biological)",2016,932.3
Ukraine,"Meat of pig with the bone, fresh or chilled (biological)",2017,1256.2
Ukraine,"Meat of pig with the bone, fresh or chilled (biological)",2018,1423.2
Ukraine,"Meat of sheep, fresh or chilled (biological)",2015,749.2
Ukraine,"Meat of sheep, fresh or chilled (biological)",2016,806.4
Ukraine,"Meat of sheep, fresh or chilled (biological)",2017,854.7
Ukraine,"Meat of sheep, fresh or chilled (biological)",2018,1033.6
Ukraine,Millet,2015,151.8
Ukraine,Millet,2016,125.1
Ukraine,Millet,2017,136.6
Ukraine,Millet,2018,283.1
Ukraine,Mushrooms and truffles,2015,1074.4
Ukraine,Mushrooms and truffles,2016,1004.9
Ukraine,Mushrooms and truffles,2017,1128.6
Ukraine,Mushrooms and truffles,2018,1292.9
Ukraine,Mustard seed,2015,333.9
Ukraine,Mustard seed,2016,374.3
Ukraine,Mustard seed,2017,554.4
Ukraine,Mustard seed,2018,591.6
Ukraine,Natural honey,2015,1398.1
Ukraine,Natural honey,2016,1373.9
Ukraine,Natural honey,2017,1482.1
Ukraine,Natural honey,2018,1683.2
Ukraine,Oats,2015,94.5
Ukraine,Oats,2016,110.4
Ukraine,Oats,2017,124.2
Ukraine,Oats,2018,143.6
Ukraine,"Onions and shallots, dry (excluding dehydrated)",2015,156.4
Ukraine,"Onions and shallots, dry (excluding dehydrated)",2016,125.0
Ukraine,"Onions and shallots, dry (excluding dehydrated)",2017,113.5
Ukraine,"Onions and shallots, dry (excluding dehydrated)",2018,153.7
Ukraine,Other berries and fruits of the genus vaccinium n.e.c.,2015,1028.3
Ukraine,Other berries and fruits of the genus vaccinium n.e.c.,2016,1591.1
Ukraine,Other berries and fruits of the genus vaccinium n.e.c.,2017,1180.7
Ukraine,Other berries and fruits of the genus vaccinium n.e.c.,2018,284.2
Ukraine,"Other oil seeds, n.e.c.",2016,273.8
Ukraine,"Other oil seeds, n.e.c.",2017,298.5
Ukraine,"Other oil seeds, n.e.c.",2018,292.4
Ukraine,Other pome fruits,2015,218.5
Ukraine,Other pome fruits,2017,362.8
Ukraine,Other stone fruits,2015,386.6
Ukraine,Other stone fruits,2016,288.8
Ukraine,Other stone fruits,2017,193.7
Ukraine,Other stone fruits,2018,468.2
Ukraine,"Other vegetables, fresh n.e.c.",2015,324.2
Ukraine,"Other vegetables, fresh n.e.c.",2016,249.6
Ukraine,"Other vegetables, fresh n.e.c.",2017,252.7
Ukraine,"Other vegetables, fresh n.e.c.",2018,349.6
Ukraine,Peaches and nectarines,2015,386.6
Ukraine,Peaches and nectarines,2016,380.8
Ukraine,Peaches and nectarines,2017,388.8
Ukraine,Peaches and nectarines,2018,324.6
Ukraine,Pears,2015,218.5
Ukraine,Pears,2016,345.8
Ukraine,Pears,2017,360.8
Ukraine,Pears,2018,354.8
Ukraine,"Peas, dry",2015,235.4
Ukraine,"Peas, dry",2016,252.1
Ukraine,"Peas, dry",2017,205.9
Ukraine,"Peas, dry",2018,186.2
Ukraine,Plums and sloes,2015,386.6
Ukraine,Plums and sloes,2016,273.2
Ukraine,Plums and sloes,2017,276.6
Ukraine,Plums and sloes,2018,209.6
Ukraine,Potatoes,2015,111.5
Ukraine,Potatoes,2016,103.0
Ukraine,Potatoes,2017,123.9
Ukraine,Potatoes,2018,137.7
Ukraine,Quinces,2015,218.5
Ukraine,Quinces,2017,362.8
Ukraine,Rape or colza seed,2015,342.9
Ukraine,Rape or colza seed,2016,356.8
Ukraine,Rape or colza seed,2017,379.8
Ukraine,Rape or colza seed,2018,381.3
Ukraine,Raspberries,2015,1028.3
Ukraine,Raspberries,2016,1054.7
Ukraine,Raspberries,2017,907.0
Ukraine,Raspberries,2018,939.9
Ukraine,Raw milk of cattle,2015,199.0
Ukraine,Raw milk of cattle,2016,213.8
Ukraine,Raw milk of cattle,2017,272.0
Ukraine,Raw milk of cattle,2018,279.5
Ukraine,Rice,2015,339.9
Ukraine,Rice,2016,247.9
Ukraine,Rice,2017,288.1
Ukraine,Rice,2018,290.8
Ukraine,Rye,2015,101.7
Ukraine,Rye,2016,115.5
Ukraine,Rye,2017,116.8
Ukraine,Rye,2018,117.9
Ukraine,"Shorn wool, greasy, including fleece-washed shorn wool",2015,650.8
Ukraine,"Shorn wool, greasy, including fleece-washed shorn wool",2016,955.7
Ukraine,"Shorn wool, greasy, including fleece-washed shorn wool",2017,745.7
Ukraine,"Shorn wool, greasy, including fleece-washed shorn wool",2018,858.5
Ukraine,Sour cherries,2015,386.6
Ukraine,Sour cherries,2016,575.3
Ukraine,Sour cherries,2017,630.3
Ukraine,Sour cherries,2018,459.4
Ukraine,Soya beans,2015,341.2
Ukraine,Soya beans,2016,348.1
Ukraine,Soya beans,2017,356.8
Ukraine,Soya beans,2018,352.1
Ukraine,Strawberries,2015,1028.3
Ukraine,Strawberries,2016,666.8
Ukraine,Strawberries,2017,1003.1
Ukraine,Strawberries,2018,1009.1
Ukraine,Sugar beet,2015,36.1
Ukraine,Sugar beet,2016,33.2
Ukraine,Sugar beet,2017,31.0
Ukraine,Sugar beet,2018,27.5
Ukraine,Sunflower seed,2015,346.6
Ukraine,Sunflower seed,2016,333.3
Ukraine,Sunflower seed,2017,331.4
Ukraine,Sunflower seed,2018,329.0
Ukraine,Tomatoes,2015,130.1
Ukraine,Tomatoes,2016,120.9
Ukraine,Tomatoes,2017,122.0
Ukraine,Tomatoes,2018,120.1
Ukraine,Vetches,2015,216.3
Ukraine,Watermelons,2015,48.5
Ukraine,Watermelons,2016,50.2
Ukraine,Watermelons,2017,98.3
Ukraine,Watermelons,2018,98.2
Ukraine,Wheat,2015,128.0
Ukraine,Wheat,2016,128.7
Ukraine,Wheat,2017,143.4
Ukraine,Wheat,2018,168.6
United Kingdom of Great Britain and Northern Ireland,Apples,2015,1016.0
United Kingdom of Great Britain and Northern Ireland,Apples,2016,930.3
United Kingdom of Great Britain and Northern Ireland,Apples,2017,1054.1
United Kingdom of Great Britain and Northern Ireland,Apples,2018,1093.8
United Kingdom of Great Britain and Northern Ireland,Asparagus,2015,12092.4
United Kingdom of Great Britain and Northern Ireland,Asparagus,2016,12785.0
United Kingdom of Great Britain and Northern Ireland,Asparagus,2017,9167.3
United Kingdom of Great Britain and Northern Ireland,Asparagus,2018,8039.7
United Kingdom of Great Britain and Northern Ireland,Barley,2015,160.4
United Kingdom of Great Britain and Northern Ireland,Barley,2016,137.7
United Kingdom of Great Britain and Northern Ireland,Barley,2017,174.0
United Kingdom of Great Britain and Northern Ireland,Barley,2018,207.4
United Kingdom of Great Britain and Northern Ireland,"Beans, dry",2015,255.1
United Kingdom of Great Britain and Northern Ireland,"Beans, dry",2016,179.6
United Kingdom of Great Britain and Northern Ireland,"Beans, dry",2017,202.8
United Kingdom of Great Britain and Northern Ireland,"Beans, dry",2018,236.7
United Kingdom of Great Britain and Northern Ireland,Cabbages,2015,551.5
United Kingdom of Great Britain and Northern Ireland,Cabbages,2016,434.8
United Kingdom of Great Britain and Northern Ireland,Cabbages,2017,422.1
United Kingdom of Great Britain and Northern Ireland,Cabbages,2018,527.1
United Kingdom of Great Britain and Northern Ireland,Carrots and turnips,2015,556.1
United Kingdom of Great Britain and Northern Ireland,Carrots and turnips,2016,523.9
United Kingdom of Great Britain and Northern Ireland,Carrots and turnips,2017,440.2
United Kingdom of Great Britain and Northern Ireland,Carrots and turnips,2018,631.8
United Kingdom of Great Britain and Northern Ireland,Cauliflowers and broccoli,2015,762.4
United Kingdom of Great Britain and Northern Ireland,Cauliflowers and broccoli,2016,903.3
United Kingdom of Great Britain and Northern Ireland,Cauliflowers and broccoli,2017,724.6
United Kingdom of Great Britain and Northern Ireland,Cauliflowers and broccoli,2018,869.7
United Kingdom of Great Britain and Northern Ireland,Cherries,2015,4137.2
United Kingdom of Great Britain and Northern Ireland,Cherries,2016,7161.4
United Kingdom of Great Britain and Northern Ireland,Cherries,2017,4992.3
United Kingdom of Great Britain and Northern Ireland,Cherries,2018,4548.2
United Kingdom of Great Britain and Northern Ireland,Cucumbers and gherkins,2015,1228.3
United Kingdom of Great Britain and Northern Ireland,Cucumbers and gherkins,2016,1095.0
United Kingdom of Great Britain and Northern Ireland,Cucumbers and gherkins,2017,997.4
United Kingdom of Great Britain and Northern Ireland,Cucumbers and gherkins,2018,1219.7
United Kingdom of Great Britain and Northern Ireland,Currants,2018,7911.5
United Kingdom of Great Britain and Northern Ireland,Gooseberries,2018,4219.5
United Kingdom of Great Britain and Northern Ireland,Leeks and other alliaceous vegetables,2015,1318.5
United Kingdom of Great Britain and Northern Ireland,Leeks and other alliaceous vegetables,2016,1378.5
United Kingdom of Great Britain and Northern Ireland,Leeks and other alliaceous vegetables,2017,1325.6
United Kingdom of Great Britain and Northern Ireland,Leeks and other alliaceous vegetables,2018,1631.3
United Kingdom of Great Britain and Northern Ireland,Lettuce and chicory,2016,2210.3
United Kingdom of Great Britain and Northern Ireland,Lettuce and chicory,2017,640.9
United Kingdom of Great Britain and Northern Ireland,Lettuce and chicory,2018,667.3
United Kingdom of Great Britain and Northern Ireland,"Meat of cattle with the bone, fresh or chilled (biological)",2015,2705.7
United Kingdom of Great Britain and Northern Ireland,"Meat of cattle with the bone, fresh or chilled (biological)",2016,2319.6
United Kingdom of Great Britain and Northern Ireland,"Meat of cattle with the bone, fresh or chilled (biological)",2017,2504.5
United Kingdom of Great Britain and Northern Ireland,"Meat of cattle with the bone, fresh or chilled (biological)",2018,2602.0
United Kingdom of Great Britain and Northern Ireland,"Meat of pig with the bone, fresh or chilled (biological)",2015,1567.5
United Kingdom of Great Britain and Northern Ireland,"Meat of pig with the bone, fresh or chilled (biological)",2016,1411.0
United Kingdom of Great Britain and Northern Ireland,"Meat of pig with the bone, fresh or chilled (biological)",2017,1494.2
United Kingdom of Great Britain and Northern Ireland,"Meat of pig with the bone, fresh or chilled (biological)",2018,1437.6
United Kingdom of Great Britain and Northern Ireland,"Meat of sheep, fresh or chilled (biological)",2015,2481.1
United Kingdom of Great Britain and Northern Ireland,"Meat of sheep, fresh or chilled (biological)",2016,2154.9
United Kingdom of Great Britain and Northern Ireland,"Meat of sheep, fresh or chilled (biological)",2017,2342.3
United Kingdom of Great Britain and Northern Ireland,"Meat of sheep, fresh or chilled (biological)",2018,2662.9
United Kingdom of Great Britain and Northern Ireland,Oats,2015,165.0
United Kingdom of Great Britain and Northern Ireland,Oats,2016,153.9
United Kingdom of Great Britain and Northern Ireland,Oats,2017,150.0
United Kingdom of Great Britain and Northern Ireland,Oats,2018,197.9
United Kingdom of Great Britain and Northern Ireland,"Onions and shallots, dry (excluding dehydrated)",2015,467.5
United Kingdom of Great Britain and Northern Ireland,"Onions and shallots, dry (excluding dehydrated)",2016,484.7
United Kingdom of Great Britain and Northern Ireland,"Onions and shallots, dry (excluding dehydrated)",2017,464.6
United Kingdom of Great Britain and Northern Ireland,"Onions and shallots, dry (excluding dehydrated)",2018,550.4
United Kingdom of Great Britain and Northern Ireland,"Other beans, green",2015,2698.1
United Kingdom of Great Britain and Northern Ireland,"Other beans, green",2016,2700.4
United Kingdom of Great Britain and Northern Ireland,"Other beans, green",2017,2518.7
United Kingdom of Great Britain and Northern Ireland,"Other beans, green",2018,2611.2
United Kingdom of Great Britain and Northern Ireland,Pears,2015,852.5
United Kingdom of Great Britain and Northern Ireland,Pears,2016,908.7
United Kingdom of Great Britain and Northern Ireland,Pears,2017,877.7
United Kingdom of Great Britain and Northern Ireland,Pears,2018,941.0
United Kingdom of Great Britain and Northern Ireland,"Peas, dry",2015,241.4
United Kingdom of Great Britain and Northern Ireland,"Peas, dry",2016,167.4
United Kingdom of Great Britain and Northern Ireland,"Peas, dry",2017,189.1
United Kingdom of Great Britain and Northern Ireland,"Peas, dry",2018,228.3
United Kingdom of Great Britain and Northern Ireland,"Peas, green",2015,2432.2
United Kingdom of Great Britain and Northern Ireland,"Peas, green",2016,2364.2
United Kingdom of Great Britain and Northern Ireland,"Peas, green",2017,2136.4
United Kingdom of Great Britain and Northern Ireland,"Peas, green",2018,2807.3
United Kingdom of Great Britain and Northern Ireland,Plums and sloes,2015,1648.5
United Kingdom of Great Britain and Northern Ireland,Plums and sloes,2016,2210.3
United Kingdom of Great Britain and Northern Ireland,Plums and sloes,2017,1886.7
United Kingdom of Great Britain and Northern Ireland,Plums and sloes,2018,1979.7
United Kingdom of Great Britain and Northern Ireland,Potatoes,2015,216.9
United Kingdom of Great Britain and Northern Ireland,Potatoes,2016,253.8
United Kingdom of Great Britain and Northern Ireland,Potatoes,2017,234.9
United Kingdom of Great Britain and Northern Ireland,Potatoes,2018,229.8
United Kingdom of Great Britain and Northern Ireland,Rape or colza seed,2015,385.0
United Kingdom of Great Britain and Northern Ireland,Rape or colza seed,2016,378.1
United Kingdom of Great Britain and Northern Ireland,Rape or colza seed,2017,232.9
United Kingdom of Great Britain and Northern Ireland,Rape or colza seed,2018,402.3
United Kingdom of Great Britain and Northern Ireland,Raspberries,2018,10022.1
United Kingdom of Great Britain and Northern Ireland,Raw milk of cattle,2015,363.6
United Kingdom of Great Britain and Northern Ireland,Raw milk of cattle,2016,297.0
United Kingdom of Great Britain and Northern Ireland,Raw milk of cattle,2017,359.1
United Kingdom of Great Britain and Northern Ireland,Raw milk of cattle,2018,379.3
United Kingdom of Great Britain and Northern Ireland,"Shorn wool, greasy, including fleece-washed shorn wool",2015,1298.6
United Kingdom of Great Britain and Northern Ireland,"Shorn wool, greasy, including fleece-washed shorn wool",2016,972.1
United Kingdom of Great Britain and Northern Ireland,"Shorn wool, greasy, including fleece-washed shorn wool",2017,785.1
United Kingdom of Great Britain and Northern Ireland,"Shorn wool, greasy, including fleece-washed shorn wool",2018,800.4
United Kingdom of Great Britain and Northern Ireland,Strawberries,2015,3972.2
United Kingdom of Great Britain and Northern Ireland,Strawberries,2016,3821.0
United Kingdom of Great Britain and Northern Ireland,Strawberries,2017,3045.0
United Kingdom of Great Britain and Northern Ireland,Strawberries,2018,3006.2
United Kingdom of Great Britain and Northern Ireland,Sugar beet,2015,42.5
United Kingdom of Great Britain and Northern Ireland,Sugar beet,2016,35.5
United Kingdom of Great Britain and Northern Ireland,Sugar beet,2017,33.1
United Kingdom of Great Britain and Northern Ireland,Sugar beet,2018,37.6
United Kingdom of Great Britain and Northern Ireland,Tomatoes,2015,762.4
United Kingdom of Great Britain and Northern Ireland,Tomatoes,2016,665.6
United Kingdom of Great Britain and Northern Ireland,Tomatoes,2017,1271.5
United Kingdom of Great Britain and Northern Ireland,Tomatoes,2018,1446.5
United Kingdom of Great Britain and Northern Ireland,Wheat,2015,189.4
United Kingdom of Great Britain and Northern Ireland,Wheat,2016,162.0
United Kingdom of Great Britain and Northern Ireland,Wheat,2017,184.9
United Kingdom of Great Britain and Northern Ireland,Wheat,2018,217.0
United Republic of Tanzania,Bananas,2015,339.1
United Republic of Tanzania,Bananas,2016,396.3
United Republic of Tanzania,"Beans, dry",2015,627.5
United Republic of Tanzania,"Beans, dry",2016,594.5
United Republic of Tanzania,Cabbages,2015,287.9
United Republic of Tanzania,Cabbages,2016,365.1
United Republic of Tanzania,"Cassava, fresh",2015,175.9
United Republic of Tanzania,"Cassava, fresh",2016,166.7
United Republic of Tanzania,"Cow peas, dry",2015,486.2
United Republic of Tanzania,"Cow peas, dry",2016,455.5
United Republic of Tanzania,"Groundnuts, excluding shelled",2015,356.4
United Republic of Tanzania,"Groundnuts, excluding shelled",2016,348.6
United Republic of Tanzania,Maize (corn),2015,197.0
United Republic of Tanzania,Maize (corn),2016,197.8
United Republic of Tanzania,Millet,2015,458.3
United Republic of Tanzania,Millet,2016,426.7
United Republic of Tanzania,"Onions and shallots, dry (excluding dehydrated)",2015,605.8
United Republic of Tanzania,"Onions and shallots, dry (excluding dehydrated)",2016,601.8
United Republic of Tanzania,"Other beans, green",2015,652.2
United Republic of Tanzania,"Other beans, green",2016,605.9
United Republic of Tanzania,"Peas, green",2015,714.1
United Republic of Tanzania,"Peas, green",2016,670.7
United Republic of Tanzania,"Pigeon peas, dry",2015,467.5
United Republic of Tanzania,"Pigeon peas, dry",2016,452.2
United Republic of Tanzania,Potatoes,2015,162.0
United Republic of Tanzania,Potatoes,2016,157.7
United Republic of Tanzania,Rice,2015,333.7
United Republic of Tanzania,Rice,2016,311.0
United Republic of Tanzania,Sesame seed,2015,773.1
United Republic of Tanzania,Sesame seed,2016,724.0
United Republic of Tanzania,Sorghum,2015,211.6
United Republic of Tanzania,Sorghum,2016,195.0
United Republic of Tanzania,Soya beans,2015,644.7
United Republic of Tanzania,Soya beans,2016,592.2
United Republic of Tanzania,Sunflower seed,2015,216.8
United Republic of Tanzania,Sunflower seed,2016,208.9
United Republic of Tanzania,Sweet potatoes,2015,152.8
United Republic of Tanzania,Sweet potatoes,2016,157.6
United Republic of Tanzania,Tomatoes,2015,274.8
United Republic of Tanzania,Tomatoes,2016,289.7
United Republic of Tanzania,Wheat,2015,407.3
United Republic of Tanzania,Wheat,2016,392.4
United States of America,"Almonds, in shell",2015,6900.0
United States of America,"Almonds, in shell",2016,5269.0
United States of America,"Almonds, in shell",2017,5578.0
United States of America,"Almonds, in shell",2018,5512.0
United States of America,Apples,2015,741.0
United States of America,Apples,2016,697.0
United States of America,Apples,2017,897.3
United States of America,Apples,2018,853.2
United States of America,Apricots,2015,1113.0
United States of America,Apricots,2016,808.0
United States of America,Apricots,2017,1079.2
United States of America,Apricots,2018,1333.8
United States of America,Areca nuts,2015,2138.0
United States of America,Areca nuts,2016,2205.0
United States of America,Artichokes,2015,1936.0
United States of America,Artichokes,2016,1737.0
United States of America,Artichokes,2017,1543.0
United States of America,Artichokes,2018,1389.0
United States of America,Asparagus,2015,2557.0
United States of America,Asparagus,2016,2420.0
United States of America,Asparagus,2017,2910.0
United States of America,Asparagus,2018,2690.0
United States of America,Avocados,2015,2083.0
United States of America,Avocados,2016,2998.0
United States of America,Avocados,2017,2315.0
United States of America,Avocados,2018,2403.0
United States of America,Bananas,2015,2011.0
United States of America,Bananas,2016,2227.0
United States of America,Bananas,2017,2011.0
United States of America,Barley,2015,254.0
United States of America,Barley,2016,228.0
United States of America,Barley,2017,205.0
United States of America,Barley,2018,212.0
United States of America,"Beans, dry",2015,602.0
United States of America,"Beans, dry",2016,644.0
United States of America,"Beans, dry",2017,589.0
United States of America,"Beans, dry",2018,560.0
United States of America,Blueberries,2015,3241.0
United States of America,Blueberries,2016,2690.0
United States of America,Blueberries,2017,4828.1
United States of America,Blueberries,2018,4519.5
United States of America,Cabbages,2015,425.0
United States of America,Cabbages,2016,445.0
United States of America,Cabbages,2017,437.0
United States of America,Cabbages,2018,505.0
United States of America,Cantaloupes and other melons,2015,430.0
United States of America,Cantaloupes and other melons,2016,388.0
United States of America,Cantaloupes and other melons,2017,423.0
United States of America,Cantaloupes and other melons,2018,500.0
United States of America,Carrots and turnips,2015,672.0
United States of America,Carrots and turnips,2016,546.0
United States of America,Carrots and turnips,2017,666.0
United States of America,Carrots and turnips,2018,406.0
United States of America,Cauliflowers and broccoli,2015,1351.0
United States of America,Cauliflowers and broccoli,2016,1246.0
United States of America,Cauliflowers and broccoli,2017,1032.0
United States of America,Cauliflowers and broccoli,2018,1014.0
United States of America,Cherries,2015,2480.0
United States of America,Cherries,2016,2480.0
United States of America,Cherries,2017,2270.8
United States of America,Cherries,2018,2050.3
United States of America,"Chick peas, dry",2015,633.0
United States of America,"Chick peas, dry",2016,635.0
United States of America,"Chick peas, dry",2017,661.0
United States of America,"Chick peas, dry",2018,485.0
United States of America,"Chillies and peppers, green (Capsicum spp. and Pimenta spp.)",2015,741.0
United States of America,"Chillies and peppers, green (Capsicum spp. and Pimenta spp.)",2016,749.0
United States of America,"Chillies and peppers, green (Capsicum spp. and Pimenta spp.)",2017,855.0
United States of America,"Chillies and peppers, green (Capsicum spp. and Pimenta spp.)",2018,970.0
United States of America,"Coffee, green",2015,33599.0
United States of America,"Coffee, green",2016,36376.0
United States of America,"Coffee, green",2017,37919.0
United States of America,"Coffee, green",2018,42770.0
United States of America,"Cotton lint, ginned",2015,1422.0
United States of America,"Cotton lint, ginned",2016,1554.0
United States of America,"Cotton lint, ginned",2017,1585.1
United States of America,"Cotton lint, ginned",2018,1593.9
United States of America,Cotton seed,2015,250.0
United States of America,Cotton seed,2016,215.0
United States of America,Cotton seed,2017,156.0
United States of America,Cotton seed,2018,171.0
United States of America,Cranberries,2015,683.0
United States of America,Cranberries,2016,675.0
United States of America,Cranberries,2017,665.2
United States of America,Cranberries,2018,612.3
United States of America,Cucumbers and gherkins,2015,575.0
United States of America,Cucumbers and gherkins,2016,439.0
United States of America,Cucumbers and gherkins,2017,648.0
United States of America,Cucumbers and gherkins,2018,631.0
United States of America,Dates,2015,1720.0
United States of America,Dates,2016,2227.0
United States of America,Dates,2017,3869.0
United States of America,Dates,2018,4189.0
United States of America,Figs,2015,881.0
United States of America,Figs,2016,1020.0
United States of America,Figs,2017,1010.0
United States of America,Grapes,2015,855.0
United States of America,Grapes,2016,902.0
United States of America,Grapes,2017,1686.5
United States of America,Grapes,2018,1234.6
United States of America,Green corn (maize),2015,622.0
United States of America,Green corn (maize),2016,264.0
United States of America,Green corn (maize),2017,644.0
United States of America,Green corn (maize),2018,646.0
United States of America,Green garlic,2015,1731.0
United States of America,Green garlic,2016,1631.0
United States of America,Green garlic,2017,1682.0
United States of America,Green garlic,2018,1739.0
United States of America,"Groundnuts, excluding shelled",2015,425.0
United States of America,"Groundnuts, excluding shelled",2016,434.0
United States of America,"Groundnuts, excluding shelled",2017,505.0
United States of America,"Groundnuts, excluding shelled",2018,474.0
United States of America,"Hazelnuts, in shell",2015,3086.0
United States of America,"Hazelnuts, in shell",2016,2976.0
United States of America,"Hazelnuts, in shell",2017,2535.0
United States of America,"Hazelnuts, in shell",2018,1984.0
United States of America,"Hen eggs in shell, fresh",2015,2322.0
United States of America,"Hen eggs in shell, fresh",2016,1077.0
United States of America,"Hen eggs in shell, fresh",2017,1214.0
United States of America,"Hen eggs in shell, fresh",2018,1619.0
United States of America,Hop cones,2015,9656.0
United States of America,Hop cones,2016,12610.0
United States of America,Hop cones,2017,12345.9
United States of America,Hop cones,2018,12037.2
United States of America,Kiwi fruit,2015,1620.0
United States of America,Kiwi fruit,2016,1731.0
United States of America,Kiwi fruit,2017,1157.4
United States of America,Kiwi fruit,2018,1620.4
United States of America,Lemons and limes,2015,728.0
United States of America,Lemons and limes,2016,796.0
United States of America,Lemons and limes,2017,954.0
United States of America,Lemons and limes,2018,889.0
United States of America,"Lentils, dry",2015,683.0
United States of America,"Lentils, dry",2016,628.0
United States of America,"Lentils, dry",2017,571.0
United States of America,"Lentils, dry",2018,390.0
United States of America,Lettuce and chicory,2015,642.0
United States of America,Lettuce and chicory,2016,602.0
United States of America,Lettuce and chicory,2017,791.0
United States of America,Lettuce and chicory,2018,664.0
United States of America,Linseed,2015,352.0
United States of America,Linseed,2016,315.0
United States of America,Linseed,2017,374.0
United States of America,Linseed,2018,389.0
United States of America,Maize (corn),2015,142.0
United States of America,Maize (corn),2016,132.0
United States of America,Maize (corn),2017,132.0
United States of America,Maize (corn),2018,142.0
United States of America,"Meat of cattle with the bone, fresh or chilled (biological)",2015,3241.0
United States of America,"Meat of cattle with the bone, fresh or chilled (biological)",2016,2624.0
United States of America,"Meat of cattle with the bone, fresh or chilled (biological)",2017,2689.6
United States of America,"Meat of cattle with the bone, fresh or chilled (biological)",2018,2579.4
United States of America,"Meat of chickens, fresh or chilled (biological)",2015,1166.0
United States of America,"Meat of chickens, fresh or chilled (biological)",2016,1054.0
United States of America,"Meat of chickens, fresh or chilled (biological)",2017,1201.5
United States of America,"Meat of chickens, fresh or chilled (biological)",2018,1250.0
United States of America,"Meat of pig with the bone, fresh or chilled (biological)",2015,1219.0
United States of America,"Meat of pig with the bone, fresh or chilled (biological)",2016,1087.0
United States of America,"Meat of pig with the bone, fresh or chilled (biological)",2017,1170.7
United States of America,"Meat of pig with the bone, fresh or chilled (biological)",2018,1106.7
United States of America,"Meat of turkeys, fresh or chilled (biological)",2015,1788.0
United States of America,"Meat of turkeys, fresh or chilled (biological)",2016,1819.0
United States of America,"Meat of turkeys, fresh or chilled (biological)",2017,1422.0
United States of America,"Meat of turkeys, fresh or chilled (biological)",2018,1124.4
United States of America,Millet,2015,120.0
United States of America,Millet,2016,117.0
United States of America,Millet,2017,147.0
United States of America,Millet,2018,230.0
United States of America,Mushrooms and truffles,2015,2822.0
United States of America,Mushrooms and truffles,2016,2778.0
United States of America,Mushrooms and truffles,2017,2888.0
United States of America,Mushrooms and truffles,2018,2954.0
United States of America,Mustard seed,2015,701.0
United States of America,Mustard seed,2016,721.0
United States of America,Mustard seed,2017,664.0
United States of America,Mustard seed,2018,631.0
United States of America,Natural honey,2015,4592.0
United States of America,Natural honey,2016,4670.0
United States of America,Natural honey,2017,4850.0
United States of America,Natural honey,2018,4872.2
United States of America,Oats,2015,146.0
United States of America,Oats,2016,142.0
United States of America,Oats,2017,178.0
United States of America,Oats,2018,183.0
United States of America,Olives,2015,985.0
United States of America,Olives,2016,954.0
United States of America,Olives,2017,1074.0
United States of America,Olives,2018,844.0
United States of America,"Onions and shallots, dry (excluding dehydrated)",2015,342.0
United States of America,"Onions and shallots, dry (excluding dehydrated)",2016,301.0
United States of America,"Onions and shallots, dry (excluding dehydrated)",2017,317.0
United States of America,"Onions and shallots, dry (excluding dehydrated)",2018,331.0
United States of America,Oranges,2015,275.0
United States of America,Oranges,2016,274.0
United States of America,Oranges,2017,421.0
United States of America,Oranges,2018,521.0
United States of America,"Other beans, green",2015,657.0
United States of America,"Other beans, green",2016,614.0
United States of America,"Other beans, green",2017,640.0
United States of America,"Other beans, green",2018,702.0
United States of America,Other berries and fruits of the genus vaccinium n.e.c.,2015,1647.0
United States of America,Other berries and fruits of the genus vaccinium n.e.c.,2016,1003.0
United States of America,Other berries and fruits of the genus vaccinium n.e.c.,2017,1706.0
United States of America,"Other nuts (excluding wild edible nuts and groundnuts), in shell, n.e.c.",2015,4850.0
United States of America,"Other nuts (excluding wild edible nuts and groundnuts), in shell, n.e.c.",2016,5710.0
United States of America,"Other nuts (excluding wild edible nuts and groundnuts), in shell, n.e.c.",2017,5137.0
United States of America,Other stone fruits,2015,1006.0
United States of America,Other stone fruits,2016,976.0
United States of America,"Other vegetables, fresh n.e.c.",2015,547.0
United States of America,"Other vegetables, fresh n.e.c.",2016,399.0
United States of America,"Other vegetables, fresh n.e.c.",2017,445.0
United States of America,Papayas,2015,924.0
United States of America,Papayas,2016,1085.0
United States of America,Papayas,2017,930.0
United States of America,Papayas,2018,1609.4
United States of America,Peaches and nectarines,2015,809.0
United States of America,Peaches and nectarines,2016,900.0
United States of America,Peaches and nectarines,2017,1488.1
United States of America,Peaches and nectarines,2018,1377.9
United States of America,Pears,2015,678.0
United States of America,Pears,2016,712.0
United States of America,Pears,2017,964.5
United States of America,Pears,2018,672.4
United States of America,"Peas, dry",2015,282.0
United States of America,"Peas, dry",2016,243.0
United States of America,"Peas, dry",2017,260.0
United States of America,"Peas, dry",2018,231.0
United States of America,"Peas, green",2015,353.0
United States of America,"Peas, green",2016,281.0
United States of America,"Peas, green",2017,313.0
United States of America,"Peas, green",2018,282.0
United States of America,"Pistachios, in shell",2015,7253.0
United States of America,"Pistachios, in shell",2016,3704.0
United States of America,"Pistachios, in shell",2017,3726.0
United States of America,"Pistachios, in shell",2018,5842.0
United States of America,Plums and sloes,2015,1100.0
United States of America,Plums and sloes,2016,855.0
United States of America,Plums and sloes,2017,806.0
United States of America,Pomelos and grapefruits,2015,205.0
United States of America,Pomelos and grapefruits,2016,293.0
United States of America,Pomelos and grapefruits,2017,406.0
United States of America,Pomelos and grapefruits,2018,451.0
United States of America,Potatoes,2015,193.0
United States of America,Potatoes,2016,200.0
United States of America,Potatoes,2017,202.0
United States of America,Potatoes,2018,196.0
United States of America,"Pumpkins, squash and gourds",2015,639.0
United States of America,"Pumpkins, squash and gourds",2016,298.0
United States of America,"Pumpkins, squash and gourds",2017,653.0
United States of America,"Pumpkins, squash and gourds",2018,586.0
United States of America,Rape or colza seed,2015,952.0
United States of America,Rape or colza seed,2016,556.0
United States of America,Rape or colza seed,2017,423.0
United States of America,Rape or colza seed,2018,408.0
United States of America,Raspberries,2015,5115.0
United States of America,Raspberries,2016,3263.0
United States of America,Raspberries,2017,4828.1
United States of America,Raspberries,2018,3725.8
United States of America,Raw milk of cattle,2015,379.0
United States of America,Raw milk of cattle,2016,360.0
United States of America,Raw milk of cattle,2017,390.0
United States of America,Raw milk of cattle,2018,358.9
United States of America,Rice,2015,269.0
United States of America,Rice,2016,229.0
United States of America,Rice,2017,284.0
United States of America,Rice,2018,278.0
United States of America,Rye,2015,256.0
United States of America,Rye,2016,202.0
United States of America,Rye,2017,185.0
United States of America,Rye,2018,247.0
United States of America,Safflower seed,2015,540.0
United States of America,Safflower seed,2016,456.0
United States of America,Safflower seed,2017,410.0
United States of America,Safflower seed,2018,448.0
United States of America,Sorghum,2015,130.0
United States of America,Sorghum,2016,110.0
United States of America,Sorghum,2017,127.0
United States of America,Sorghum,2018,128.0
United States of America,Sour cherries,2015,765.0
United States of America,Sour cherries,2016,608.0
United States of America,Sour cherries,2017,493.8
United States of America,Sour cherries,2018,432.1
United States of America,Soya beans,2015,329.0
United States of America,Soya beans,2016,348.0
United States of America,Soya beans,2017,342.0
United States of America,Soya beans,2018,311.0
United States of America,Spinach,2015,1246.0
United States of America,Spinach,2016,972.0
United States of America,Spinach,2017,1517.0
United States of America,Spinach,2018,1312.0
United States of America,Strawberries,2015,1609.0
United States of America,Strawberries,2016,2425.0
United States of America,Strawberries,2017,2755.8
United States of America,Strawberries,2018,2336.9
United States of America,String beans,2015,1310.0
United States of America,String beans,2016,1327.0
United States of America,String beans,2017,1259.0
United States of America,String beans,2018,1323.0
United States of America,Sugar beet,2015,52.0
United States of America,Sugar beet,2016,39.0
United States of America,Sugar beet,2017,45.0
United States of America,Sugar beet,2018,39.0
United States of America,Sugar cane,2015,34.0
United States of America,Sugar cane,2016,36.0
United States of America,Sugar cane,2017,34.0
United States of America,Sugar cane,2018,37.0
United States of America,Sunflower seed,2015,432.0
United States of America,Sunflower seed,2016,384.0
United States of America,Sunflower seed,2017,379.0
United States of America,Sunflower seed,2018,384.0
United States of America,Sweet potatoes,2015,481.0
United States of America,Sweet potatoes,2016,456.0
United States of America,Sweet potatoes,2017,406.0
United States of America,Sweet potatoes,2018,511.0
United States of America,"Tangerines, mandarins, clementines",2015,489.0
United States of America,"Tangerines, mandarins, clementines",2016,459.0
United States of America,"Tangerines, mandarins, clementines",2017,608.0
United States of America,"Tangerines, mandarins, clementines",2018,790.0
United States of America,Taro,2015,1499.0
United States of America,Taro,2017,1543.0
United States of America,Taro,2018,1455.0
United States of America,Tomatoes,2015,1021.0
United States of America,Tomatoes,2016,937.0
United States of America,Tomatoes,2017,813.0
United States of America,Tomatoes,2018,917.0
United States of America,Unmanufactured tobacco,2015,4416.0
United States of America,Unmanufactured tobacco,2016,4425.0
United States of America,Unmanufactured tobacco,2017,4537.1
United States of America,Unmanufactured tobacco,2018,4521.7
United States of America,"Walnuts, in shell",2015,1841.0
United States of America,"Walnuts, in shell",2016,2039.0
United States of America,"Walnuts, in shell",2017,2745.0
United States of America,"Walnuts, in shell",2018,1488.0
United States of America,Watermelons,2015,304.0
United States of America,Watermelons,2016,304.0
United States of America,Watermelons,2017,326.0
United States of America,Watermelons,2018,375.0
United States of America,Wheat,2015,180.0
United States of America,Wheat,2016,143.0
United States of America,Wheat,2017,173.0
United States of America,Wheat,2018,189.0
Uruguay,Apples,2015,777.9
Uruguay,Apples,2016,1521.8
Uruguay,Apples,2017,1210.1
Uruguay,Apples,2018,1289.2
Uruguay,Barley,2015,227.3
Uruguay,Barley,2016,197.7
Uruguay,Barley,2017,172.1
Uruguay,Barley,2018,165.0
Uruguay,Beeswax,2015,4495.5
Uruguay,Beeswax,2016,4490.7
Uruguay,Beeswax,2017,4503.7
Uruguay,Beeswax,2018,5370.2
Uruguay,Cantaloupes and other melons,2015,1086.2
Uruguay,Cantaloupes and other melons,2016,662.2
Uruguay,Cantaloupes and other melons,2017,770.1
Uruguay,Cantaloupes and other melons,2018,836.3
Uruguay,Carrots and turnips,2015,631.7
Uruguay,Carrots and turnips,2016,504.2
Uruguay,Carrots and turnips,2017,393.6
Uruguay,Carrots and turnips,2018,404.1
Uruguay,"Chillies and peppers, green (Capsicum spp. and Pimenta spp.)",2015,1296.7
Uruguay,"Chillies and peppers, green (Capsicum spp. and Pimenta spp.)",2016,2019.4
Uruguay,"Chillies and peppers, green (Capsicum spp. and Pimenta spp.)",2017,1253.8
Uruguay,"Chillies and peppers, green (Capsicum spp. and Pimenta spp.)",2018,1645.2
Uruguay,Grapes,2015,1109.2
Uruguay,Grapes,2016,1013.7
Uruguay,Grapes,2017,1357.9
Uruguay,Grapes,2018,1383.2
Uruguay,Green corn (maize),2015,1073.7
Uruguay,Green corn (maize),2016,1989.2
Uruguay,Green corn (maize),2017,2092.3
Uruguay,Green corn (maize),2018,1703.1
Uruguay,Green garlic,2015,1153.3
Uruguay,Green garlic,2016,5636.1
Uruguay,Green garlic,2017,5928.2
Uruguay,Green garlic,2018,5532.9
Uruguay,"Hen eggs in shell, fresh",2015,1665.3
Uruguay,"Hen eggs in shell, fresh",2016,1348.8
Uruguay,"Hen eggs in shell, fresh",2017,1267.7
Uruguay,"Hen eggs in shell, fresh",2018,1182.2
Uruguay,"Horse meat, fresh or chilled",2015,1989.2
Uruguay,"Horse meat, fresh or chilled",2016,1803.9
Uruguay,"Horse meat, fresh or chilled",2017,1732.1
Uruguay,"Horse meat, fresh or chilled",2018,1720.4
Uruguay,"Horse meat, fresh or chilled (biological)",2015,1088.3
Uruguay,"Horse meat, fresh or chilled (biological)",2016,996.3
Uruguay,"Horse meat, fresh or chilled (biological)",2017,957.2
Uruguay,"Horse meat, fresh or chilled (biological)",2018,964.0
Uruguay,Lemons and limes,2015,516.6
Uruguay,Lemons and limes,2016,712.1
Uruguay,Lemons and limes,2017,753.5
Uruguay,Lemons and limes,2018,716.7
Uruguay,Maize (corn),2015,195.6
Uruguay,Maize (corn),2016,206.7
Uruguay,Maize (corn),2017,189.4
Uruguay,Maize (corn),2018,192.4
Uruguay,"Meat of cattle with the bone, fresh or chilled",2015,3214.0
Uruguay,"Meat of cattle with the bone, fresh or chilled",2016,2890.0
Uruguay,"Meat of cattle with the bone, fresh or chilled",2017,2921.6
Uruguay,"Meat of cattle with the bone, fresh or chilled",2018,3189.6
Uruguay,"Meat of cattle with the bone, fresh or chilled (biological)",2015,1646.7
Uruguay,"Meat of cattle with the bone, fresh or chilled (biological)",2016,1490.2
Uruguay,"Meat of cattle with the bone, fresh or chilled (biological)",2017,1527.0
Uruguay,"Meat of cattle with the bone, fresh or chilled (biological)",2018,1451.6
Uruguay,"Meat of chickens, fresh or chilled",2015,2131.6
Uruguay,"Meat of chickens, fresh or chilled",2016,1201.2
Uruguay,"Meat of chickens, fresh or chilled",2017,1318.2
Uruguay,"Meat of chickens, fresh or chilled",2018,1334.4
Uruguay,"Meat of chickens, fresh or chilled (biological)",2015,1439.3
Uruguay,"Meat of chickens, fresh or chilled (biological)",2016,1193.5
Uruguay,"Meat of chickens, fresh or chilled (biological)",2017,1290.3
Uruguay,"Meat of chickens, fresh or chilled (biological)",2018,1334.4
Uruguay,"Meat of pig with the bone, fresh or chilled",2015,2310.5
Uruguay,"Meat of pig with the bone, fresh or chilled",2016,1872.8
Uruguay,"Meat of pig with the bone, fresh or chilled",2017,2237.0
Uruguay,"Meat of pig with the bone, fresh or chilled",2018,2278.3
Uruguay,"Meat of pig with the bone, fresh or chilled (biological)",2015,1849.4
Uruguay,"Meat of pig with the bone, fresh or chilled (biological)",2016,1495.2
Uruguay,"Meat of pig with the bone, fresh or chilled (biological)",2017,1776.4
Uruguay,"Meat of pig with the bone, fresh or chilled (biological)",2018,1659.9
Uruguay,"Meat of rabbits and hares, fresh or chilled",2015,8050.5
Uruguay,"Meat of rabbits and hares, fresh or chilled",2016,7293.8
Uruguay,"Meat of rabbits and hares, fresh or chilled",2017,7671.8
Uruguay,"Meat of rabbits and hares, fresh or chilled",2018,7160.2
Uruguay,"Meat of sheep, fresh or chilled",2015,3694.5
Uruguay,"Meat of sheep, fresh or chilled",2016,3143.0
Uruguay,"Meat of sheep, fresh or chilled",2017,3261.6
Uruguay,"Meat of sheep, fresh or chilled",2018,3233.5
Uruguay,"Meat of sheep, fresh or chilled (biological)",2015,1624.4
Uruguay,"Meat of sheep, fresh or chilled (biological)",2016,1395.4
Uruguay,"Meat of sheep, fresh or chilled (biological)",2017,1448.2
Uruguay,"Meat of sheep, fresh or chilled (biological)",2018,1279.1
Uruguay,Natural honey,2015,2559.2
Uruguay,Natural honey,2016,1061.9
Uruguay,Natural honey,2017,1863.9
Uruguay,Natural honey,2018,1790.1
Uruguay,Oats,2015,239.8
Uruguay,Oats,2016,174.1
Uruguay,Oats,2017,170.1
Uruguay,Oats,2018,193.7
Uruguay,"Onions and shallots, dry (excluding dehydrated)",2015,746.8
Uruguay,"Onions and shallots, dry (excluding dehydrated)",2016,543.7
Uruguay,"Onions and shallots, dry (excluding dehydrated)",2017,802.1
Uruguay,"Onions and shallots, dry (excluding dehydrated)",2018,542.2
Uruguay,Oranges,2015,388.8
Uruguay,Oranges,2016,540.4
Uruguay,Oranges,2017,558.0
Uruguay,Oranges,2018,622.5
Uruguay,Peaches and nectarines,2015,1188.0
Uruguay,Peaches and nectarines,2016,1233.2
Uruguay,Peaches and nectarines,2017,1428.1
Uruguay,Peaches and nectarines,2018,1708.1
Uruguay,Pears,2015,1036.4
Uruguay,Pears,2016,1375.8
Uruguay,Pears,2017,1072.7
Uruguay,Pears,2018,1279.0
Uruguay,Plums and sloes,2015,1358.6
Uruguay,Plums and sloes,2016,1397.8
Uruguay,Plums and sloes,2017,1412.1
Uruguay,Plums and sloes,2018,1785.7
Uruguay,Pomelos and grapefruits,2015,529.4
Uruguay,Pomelos and grapefruits,2016,618.6
Uruguay,Pomelos and grapefruits,2017,715.2
Uruguay,Pomelos and grapefruits,2018,773.1
Uruguay,Potatoes,2015,900.2
Uruguay,Potatoes,2016,712.8
Uruguay,Potatoes,2017,746.3
Uruguay,Potatoes,2018,639.1
Uruguay,"Pumpkins, squash and gourds",2015,700.2
Uruguay,"Pumpkins, squash and gourds",2016,472.3
Uruguay,"Pumpkins, squash and gourds",2017,398.4
Uruguay,"Pumpkins, squash and gourds",2018,485.2
Uruguay,Quinces,2015,872.8
Uruguay,Quinces,2016,642.2
Uruguay,Quinces,2017,1049.6
Uruguay,Quinces,2018,835.6
Uruguay,Raw milk of cattle,2015,297.0
Uruguay,Raw milk of cattle,2016,278.5
Uruguay,Raw milk of cattle,2017,339.5
Uruguay,Raw milk of cattle,2018,275.2
Uruguay,Rice,2015,217.4
Uruguay,Rice,2016,204.7
Uruguay,Rice,2017,192.9
Uruguay,Rice,2018,159.1
Uruguay,"Shorn wool, greasy, including fleece-washed shorn wool",2016,2789.9
Uruguay,"Shorn wool, greasy, including fleece-washed shorn wool",2017,2942.4
Uruguay,"Shorn wool, greasy, including fleece-washed shorn wool",2018,3222.1
Uruguay,Sorghum,2015,156.1
Uruguay,Sorghum,2016,153.3
Uruguay,Sorghum,2017,140.1
Uruguay,Sorghum,2018,138.5
Uruguay,Soya beans,2015,334.5
Uruguay,Soya beans,2016,366.2
Uruguay,Soya beans,2017,342.3
Uruguay,Soya beans,2018,298.6
Uruguay,Sweet potatoes,2015,526.9
Uruguay,Sweet potatoes,2016,739.0
Uruguay,Sweet potatoes,2017,489.2
Uruguay,Sweet potatoes,2018,578.3
Uruguay,"Tangerines, mandarins, clementines",2015,480.6
Uruguay,"Tangerines, mandarins, clementines",2016,488.9
Uruguay,"Tangerines, mandarins, clementines",2017,531.8
Uruguay,"Tangerines, mandarins, clementines",2018,654.3
Uruguay,Tomatoes,2015,1264.4
Uruguay,Tomatoes,2016,1936.2
Uruguay,Tomatoes,2017,1775.0
Uruguay,Tomatoes,2018,1073.4
Uruguay,Watermelons,2015,377.6
Uruguay,Watermelons,2016,366.9
Uruguay,Watermelons,2017,290.2
Uruguay,Watermelons,2018,360.1
Uruguay,Wheat,2015,188.2
Uruguay,Wheat,2016,153.5
Uruguay,Wheat,2017,184.0
Uruguay,Wheat,2018,182.5
Viet Nam,"Anise, badian, coriander, cumin, caraway, fennel and juniper berries, raw",2017,2099.1
Viet Nam,"Anise, badian, coriander, cumin, caraway, fennel and juniper berries, raw",2018,2130.7
Viet Nam,Bananas,2015,315.2
Viet Nam,Bananas,2016,328.6
Viet Nam,Bananas,2017,335.9
Viet Nam,Bananas,2018,328.1
Viet Nam,"Beans, dry",2015,1373.1
Viet Nam,"Beans, dry",2016,1429.2
Viet Nam,"Beans, dry",2017,1460.1
Viet Nam,"Beans, dry",2018,1489.3
Viet Nam,Cabbages,2015,258.1
Viet Nam,Cabbages,2016,347.3
Viet Nam,Cabbages,2017,325.8
Viet Nam,Cabbages,2018,321.7
Viet Nam,"Cashew nuts, in shell",2015,1000.7
Viet Nam,"Cashew nuts, in shell",2016,1500.4
Viet Nam,"Cashew nuts, in shell",2017,1591.6
Viet Nam,"Cashew nuts, in shell",2018,1609.5
Viet Nam,"Cassava, fresh",2015,133.8
Viet Nam,"Cassava, fresh",2016,190.7
Viet Nam,"Cassava, fresh",2017,196.7
Viet Nam,"Cassava, fresh",2018,214.2
Viet Nam,Cauliflowers and broccoli,2015,450.0
Viet Nam,Cauliflowers and broccoli,2016,608.0
Viet Nam,Cauliflowers and broccoli,2017,570.9
Viet Nam,Cauliflowers and broccoli,2018,542.2
Viet Nam,"Chillies and peppers, dry (Capsicum spp., Pimenta spp.), raw",2015,849.6
Viet Nam,"Chillies and peppers, dry (Capsicum spp., Pimenta spp.), raw",2016,951.6
Viet Nam,"Chillies and peppers, dry (Capsicum spp., Pimenta spp.), raw",2017,1008.9
Viet Nam,"Cinnamon and cinnamon-tree flowers, raw",2015,1162.3
Viet Nam,"Cinnamon and cinnamon-tree flowers, raw",2016,862.5
Viet Nam,"Cinnamon and cinnamon-tree flowers, raw",2017,859.7
Viet Nam,"Cinnamon and cinnamon-tree flowers, raw",2018,1480.9
Viet Nam,"Coconuts, in shell",2015,395.1
Viet Nam,"Coffee, green",2015,1498.5
Viet Nam,"Coffee, green",2016,1748.0
Viet Nam,"Coffee, green",2017,1934.6
Viet Nam,"Coffee, green",2018,1773.8
Viet Nam,"Cotton lint, ginned",2015,719.0
Viet Nam,"Cotton lint, ginned",2016,591.8
Viet Nam,"Cotton lint, ginned",2017,587.3
Viet Nam,"Cotton lint, ginned",2018,584.0
Viet Nam,Grapes,2015,980.6
Viet Nam,Grapes,2016,769.7
Viet Nam,Grapes,2017,897.2
Viet Nam,Grapes,2018,945.4
Viet Nam,"Groundnuts, excluding shelled",2015,1050.4
Viet Nam,"Groundnuts, excluding shelled",2016,1126.6
Viet Nam,"Groundnuts, excluding shelled",2017,1118.1
Viet Nam,"Groundnuts, excluding shelled",2018,1089.5
Viet Nam,"Hen eggs in shell, fresh",2015,2703.1
Viet Nam,"Hen eggs in shell, fresh",2016,1473.0
Viet Nam,"Hen eggs in shell, fresh",2017,2908.2
Viet Nam,"Hen eggs in shell, fresh",2018,1457.2
Viet Nam,"Horse meat, fresh or chilled",2015,3504.7
Viet Nam,"Horse meat, fresh or chilled",2016,6248.0
Viet Nam,"Horse meat, fresh or chilled",2017,6113.1
Viet Nam,"Horse meat, fresh or chilled",2018,5891.9
Viet Nam,"Jute, raw or retted",2015,848.0
Viet Nam,"Jute, raw or retted",2016,1641.1
Viet Nam,"Jute, raw or retted",2017,1527.1
Viet Nam,"Jute, raw or retted",2018,1543.2
Viet Nam,Maize (corn),2015,329.5
Viet Nam,Maize (corn),2016,277.8
Viet Nam,Maize (corn),2017,268.8
Viet Nam,Maize (corn),2018,267.8
Viet Nam,"Mangoes, guavas and mangosteens",2015,689.7
Viet Nam,"Mangoes, guavas and mangosteens",2016,566.1
Viet Nam,"Mangoes, guavas and mangosteens",2017,592.5
Viet Nam,"Mangoes, guavas and mangosteens",2018,689.1
Viet Nam,"Meat of buffalo, fresh or chilled",2015,3375.4
Viet Nam,"Meat of buffalo, fresh or chilled",2016,4185.8
Viet Nam,"Meat of buffalo, fresh or chilled",2017,4069.8
Viet Nam,"Meat of buffalo, fresh or chilled",2018,3993.2
Viet Nam,"Meat of cattle with the bone, fresh or chilled",2015,4161.3
Viet Nam,"Meat of cattle with the bone, fresh or chilled",2016,4686.2
Viet Nam,"Meat of cattle with the bone, fresh or chilled",2017,4512.9
Viet Nam,"Meat of cattle with the bone, fresh or chilled",2018,4162.9
Viet Nam,"Meat of chickens, fresh or chilled",2015,4413.4
Viet Nam,"Meat of chickens, fresh or chilled",2016,4093.1
Viet Nam,"Meat of chickens, fresh or chilled",2017,3852.8
Viet Nam,"Meat of chickens, fresh or chilled",2018,4270.1
Viet Nam,"Meat of ducks, fresh or chilled",2015,2095.4
Viet Nam,"Meat of ducks, fresh or chilled",2016,2107.7
Viet Nam,"Meat of ducks, fresh or chilled",2017,1978.0
Viet Nam,"Meat of ducks, fresh or chilled",2018,2014.3
Viet Nam,"Meat of goat, fresh or chilled",2015,4634.5
Viet Nam,"Meat of goat, fresh or chilled",2016,5174.0
Viet Nam,"Meat of goat, fresh or chilled",2017,4915.7
Viet Nam,"Meat of goat, fresh or chilled",2018,4723.7
Viet Nam,"Meat of pig with the bone, fresh or chilled",2015,2082.6
Viet Nam,"Meat of pig with the bone, fresh or chilled",2016,2114.9
Viet Nam,"Meat of pig with the bone, fresh or chilled",2017,1528.2
Viet Nam,"Meat of pig with the bone, fresh or chilled",2018,1854.9
Viet Nam,Millet,2015,1043.7
Viet Nam,Millet,2016,2258.9
Viet Nam,Millet,2017,2235.1
Viet Nam,Millet,2018,2264.0
Viet Nam,Mushrooms and truffles,2015,1717.4
Viet Nam,Mushrooms and truffles,2016,1840.1
Viet Nam,Mushrooms and truffles,2017,1825.6
Viet Nam,Mushrooms and truffles,2018,1825.2
Viet Nam,Natural honey,2015,6577.0
Viet Nam,Natural honey,2016,8151.4
Viet Nam,Natural honey,2017,8205.8
Viet Nam,Natural honey,2018,7995.0
Viet Nam,Natural rubber in primary forms,2015,1253.7
Viet Nam,Natural rubber in primary forms,2016,1036.4
Viet Nam,Natural rubber in primary forms,2017,1258.3
Viet Nam,Natural rubber in primary forms,2018,987.7
Viet Nam,"Onions and shallots, dry (excluding dehydrated)",2015,454.6
Viet Nam,"Onions and shallots, dry (excluding dehydrated)",2016,551.5
Viet Nam,"Onions and shallots, dry (excluding dehydrated)",2017,586.8
Viet Nam,"Onions and shallots, dry (excluding dehydrated)",2018,470.0
Viet Nam,Oranges,2015,948.8
Viet Nam,Oranges,2016,939.3
Viet Nam,Oranges,2017,917.7
Viet Nam,Oranges,2018,911.0
Viet Nam,Other pulses n.e.c.,2015,1181.1
Viet Nam,Other pulses n.e.c.,2016,1396.0
Viet Nam,Other pulses n.e.c.,2017,1413.2
Viet Nam,Other pulses n.e.c.,2018,1387.4
Viet Nam,"Pepper (Piper spp.), raw",2015,8466.3
Viet Nam,"Pepper (Piper spp.), raw",2016,8272.6
Viet Nam,"Pepper (Piper spp.), raw",2017,6062.5
Viet Nam,"Pepper (Piper spp.), raw",2018,4099.7
Viet Nam,Pineapples,2015,345.9
Viet Nam,Pineapples,2016,409.4
Viet Nam,Pineapples,2017,413.3
Viet Nam,Pineapples,2018,391.7
Viet Nam,Pomelos and grapefruits,2015,786.3
Viet Nam,Pomelos and grapefruits,2016,690.5
Viet Nam,Pomelos and grapefruits,2017,724.3
Viet Nam,Pomelos and grapefruits,2018,895.2
Viet Nam,Potatoes,2015,498.1
Viet Nam,Potatoes,2016,538.5
Viet Nam,Potatoes,2017,520.3
Viet Nam,Potatoes,2018,493.3
Viet Nam,Rice,2015,287.1
Viet Nam,Rice,2016,289.1
Viet Nam,Rice,2017,284.6
Viet Nam,Rice,2018,287.8
Viet Nam,Sesame seed,2015,2058.8
Viet Nam,Sesame seed,2016,2113.8
Viet Nam,Sesame seed,2017,2121.7
Viet Nam,Sesame seed,2018,1964.3
Viet Nam,Soya beans,2015,825.3
Viet Nam,Soya beans,2016,821.6
Viet Nam,Soya beans,2017,822.3
Viet Nam,Soya beans,2018,822.0
Viet Nam,Sugar cane,2015,45.1
Viet Nam,Sugar cane,2016,45.6
Viet Nam,Sugar cane,2017,44.2
Viet Nam,Sugar cane,2018,39.8
Viet Nam,Sweet potatoes,2015,323.4
Viet Nam,Sweet potatoes,2016,373.7
Viet Nam,Sweet potatoes,2017,396.0
Viet Nam,Sweet potatoes,2018,409.4
Viet Nam,Tea leaves,2015,343.4
Viet Nam,Tea leaves,2016,354.6
Viet Nam,Tea leaves,2017,365.0
Viet Nam,Tea leaves,2018,377.2
Viet Nam,Unmanufactured tobacco,2015,2039.4
Viet Nam,Unmanufactured tobacco,2016,2163.7
Viet Nam,Unmanufactured tobacco,2017,2193.9
Viet Nam,Unmanufactured tobacco,2018,2438.7
Viet Nam,Watermelons,2015,260.1
Viet Nam,Watermelons,2016,279.1
Viet Nam,Watermelons,2017,287.2
Viet Nam,Watermelons,2018,283.8
Yemen,Apples,2015,1545.1
Yemen,Apples,2016,1458.9
Yemen,Apples,2017,1562.7
Yemen,Apples,2018,1991.4
Yemen,Apricots,2015,1992.8
Yemen,Apricots,2016,1822.9
Yemen,Apricots,2017,2009.2
Yemen,Apricots,2018,2361.6
Yemen,Bananas,2015,625.5
Yemen,Bananas,2016,497.9
Yemen,Bananas,2017,525.9
Yemen,Bananas,2018,739.0
Yemen,Barley,2015,732.1
Yemen,Barley,2016,595.1
Yemen,Barley,2017,628.6
Yemen,Barley,2018,858.3
Yemen,"Beans, dry",2015,866.4
Yemen,"Beans, dry",2016,741.2
Yemen,"Beans, dry",2017,1362.1
Yemen,"Beans, dry",2018,1912.9
Yemen,"Broad beans and horse beans, dry",2015,1623.8
Yemen,"Broad beans and horse beans, dry",2016,1290.3
Yemen,"Broad beans and horse beans, dry",2017,782.9
Yemen,"Broad beans and horse beans, dry",2018,1099.7
Yemen,Cabbages,2015,861.0
Yemen,Cabbages,2016,725.6
Yemen,Cabbages,2017,744.2
Yemen,Cabbages,2018,1026.9
Yemen,Cantaloupes and other melons,2015,588.2
Yemen,Cantaloupes and other melons,2016,532.7
Yemen,Cantaloupes and other melons,2017,800.0
Yemen,Cantaloupes and other melons,2018,664.8
Yemen,Carrots and turnips,2015,891.2
Yemen,Carrots and turnips,2016,804.4
Yemen,Carrots and turnips,2017,800.0
Yemen,Carrots and turnips,2018,996.3
Yemen,"Chick peas, dry",2015,889.2
Yemen,"Chick peas, dry",2016,852.4
Yemen,"Chick peas, dry",2017,930.2
Yemen,"Chick peas, dry",2018,1824.6
Yemen,"Chillies and peppers, green (Capsicum spp. and Pimenta spp.)",2015,1442.0
Yemen,"Chillies and peppers, green (Capsicum spp. and Pimenta spp.)",2016,1198.0
Yemen,"Chillies and peppers, green (Capsicum spp. and Pimenta spp.)",2017,1190.7
Yemen,"Chillies and peppers, green (Capsicum spp. and Pimenta spp.)",2018,1595.2
Yemen,"Coffee, green",2015,7932.0
Yemen,"Coffee, green",2016,6900.4
Yemen,"Coffee, green",2017,7289.0
Yemen,"Coffee, green",2018,10050.5
Yemen,"Cotton lint, ginned",2015,515.5
Yemen,"Cotton lint, ginned",2016,429.6
Yemen,"Cotton lint, ginned",2017,453.7
Yemen,"Cotton lint, ginned",2018,625.3
Yemen,Cucumbers and gherkins,2015,1083.0
Yemen,Cucumbers and gherkins,2016,977.9
Yemen,Cucumbers and gherkins,2017,1116.2
Yemen,Cucumbers and gherkins,2018,1394.5
Yemen,Dates,2015,934.2
Yemen,Dates,2016,779.6
Yemen,Dates,2017,823.5
Yemen,Dates,2018,1135.3
Yemen,Eggplants (aubergines),2015,1018.1
Yemen,Eggplants (aubergines),2016,2722.3
Yemen,Eggplants (aubergines),2017,800.0
Yemen,Eggplants (aubergines),2018,997.3
Yemen,Figs,2015,2003.6
Yemen,Figs,2016,1548.0
Yemen,Figs,2017,2009.2
Yemen,Figs,2018,2934.3
Yemen,Grapes,2015,1382.8
Yemen,Grapes,2016,1088.5
Yemen,Grapes,2017,1149.8
Yemen,Grapes,2018,1615.6
Yemen,Green garlic,2015,1410.5
Yemen,Green garlic,2016,1157.2
Yemen,Green garlic,2017,2604.6
Yemen,Green garlic,2018,3534.8
Yemen,"Hen eggs in shell, fresh",2015,2458.0
Yemen,"Hen eggs in shell, fresh",2016,2038.6
Yemen,"Hen eggs in shell, fresh",2017,2155.1
Yemen,"Hen eggs in shell, fresh",2018,2886.6
Yemen,Leeks and other alliaceous vegetables,2015,907.0
Yemen,Leeks and other alliaceous vegetables,2016,676.3
Yemen,Leeks and other alliaceous vegetables,2017,744.2
Yemen,Lemons and limes,2015,1949.5
Yemen,Lemons and limes,2016,1819.9
Yemen,Lemons and limes,2017,1860.4
Yemen,Lemons and limes,2018,2835.4
Yemen,"Lentils, dry",2015,2139.4
Yemen,"Lentils, dry",2016,1787.6
Yemen,"Lentils, dry",2017,1786.0
Yemen,"Lentils, dry",2018,2735.2
Yemen,Maize (corn),2015,810.0
Yemen,Maize (corn),2016,672.7
Yemen,Maize (corn),2017,710.6
Yemen,Maize (corn),2018,979.8
Yemen,"Mangoes, guavas and mangosteens",2015,567.9
Yemen,"Mangoes, guavas and mangosteens",2016,475.0
Yemen,"Mangoes, guavas and mangosteens",2017,501.7
Yemen,"Mangoes, guavas and mangosteens",2018,691.8
Yemen,"Meat of camels, fresh or chilled",2015,3722.3
Yemen,"Meat of camels, fresh or chilled",2016,3292.9
Yemen,"Meat of camels, fresh or chilled",2017,3477.9
Yemen,"Meat of camels, fresh or chilled",2018,4885.4
Yemen,"Meat of cattle with the bone, fresh or chilled",2015,6281.5
Yemen,"Meat of cattle with the bone, fresh or chilled",2016,5723.9
Yemen,"Meat of cattle with the bone, fresh or chilled",2017,6046.3
Yemen,"Meat of cattle with the bone, fresh or chilled",2018,8337.0
Yemen,"Meat of chickens, fresh or chilled",2015,4301.8
Yemen,"Meat of chickens, fresh or chilled",2016,3670.4
Yemen,"Meat of chickens, fresh or chilled",2017,3877.1
Yemen,"Meat of chickens, fresh or chilled",2018,5244.2
Yemen,"Meat of goat, fresh or chilled",2015,9400.7
Yemen,"Meat of goat, fresh or chilled",2016,8559.5
Yemen,"Meat of goat, fresh or chilled",2017,9041.6
Yemen,"Meat of goat, fresh or chilled",2018,12467.2
Yemen,"Meat of sheep, fresh or chilled",2015,9565.3
Yemen,"Meat of sheep, fresh or chilled",2016,8710.9
Yemen,"Meat of sheep, fresh or chilled",2017,9201.5
Yemen,"Meat of sheep, fresh or chilled",2018,12687.7
Yemen,Millet,2015,799.9
Yemen,Millet,2016,669.2
Yemen,Millet,2017,706.9
Yemen,Millet,2018,974.7
Yemen,Natural honey,2015,36567.3
Yemen,Natural honey,2016,28080.8
Yemen,Natural honey,2017,28814.8
Yemen,Natural honey,2018,38973.7
Yemen,Okra,2015,1497.7
Yemen,Okra,2016,1305.8
Yemen,Okra,2017,1302.3
Yemen,Okra,2018,1650.4
Yemen,"Onions and shallots, dry (excluding dehydrated)",2015,701.0
Yemen,"Onions and shallots, dry (excluding dehydrated)",2016,621.4
Yemen,"Onions and shallots, dry (excluding dehydrated)",2017,656.3
Yemen,"Onions and shallots, dry (excluding dehydrated)",2018,775.7
Yemen,Oranges,2015,1545.1
Yemen,Oranges,2016,1481.9
Yemen,Oranges,2017,1488.3
Yemen,Oranges,2018,1931.4
Yemen,"Other beans, green",2015,1669.3
Yemen,"Other beans, green",2016,726.7
Yemen,"Other beans, green",2017,1525.5
Yemen,"Other beans, green",2018,1945.5
Yemen,"Other fruits, n.e.c.",2015,1716.2
Yemen,"Other fruits, n.e.c.",2016,1224.5
Yemen,"Other fruits, n.e.c.",2017,1487.9
Yemen,"Other fruits, n.e.c.",2018,2012.5
Yemen,Other pulses n.e.c.,2015,1083.8
Yemen,Other pulses n.e.c.,2016,884.5
Yemen,Other pulses n.e.c.,2017,940.6
Yemen,Other pulses n.e.c.,2018,1288.2
Yemen,"Other vegetables, fresh n.e.c.",2015,435.1
Yemen,"Other vegetables, fresh n.e.c.",2016,367.7
Yemen,"Other vegetables, fresh n.e.c.",2017,388.4
Yemen,"Other vegetables, fresh n.e.c.",2018,459.0
Yemen,Papayas,2015,366.1
Yemen,Papayas,2016,304.6
Yemen,Papayas,2017,321.7
Yemen,Papayas,2018,451.9
Yemen,Peaches and nectarines,2015,1700.4
Yemen,Peaches and nectarines,2016,1674.3
Yemen,Peaches and nectarines,2017,1860.4
Yemen,Peaches and nectarines,2018,2260.9
Yemen,"Peas, dry",2015,2132.4
Yemen,"Peas, dry",2016,1437.8
Yemen,"Peas, dry",2017,1860.4
Yemen,"Peas, dry",2018,2919.4
Yemen,Potatoes,2015,652.7
Yemen,Potatoes,2016,564.3
Yemen,Potatoes,2017,596.1
Yemen,Potatoes,2018,782.7
Yemen,"Pumpkins, squash and gourds",2015,1312.0
Yemen,"Pumpkins, squash and gourds",2016,1122.1
Yemen,"Pumpkins, squash and gourds",2017,1116.2
Yemen,"Pumpkins, squash and gourds",2018,1173.6
Yemen,Quinces,2015,1386.3
Yemen,Quinces,2016,1726.0
Yemen,Quinces,2017,1116.2
Yemen,Quinces,2018,1873.8
Yemen,Raw milk of camel,2015,1949.1
Yemen,Raw milk of camel,2016,1743.4
Yemen,Raw milk of camel,2017,1787.9
Yemen,Raw milk of camel,2018,2511.7
Yemen,Raw milk of cattle,2015,1299.6
Yemen,Raw milk of cattle,2016,1183.5
Yemen,Raw milk of cattle,2017,1214.5
Yemen,Raw milk of cattle,2018,1674.6
Yemen,Raw milk of goats,2015,2196.3
Yemen,Raw milk of goats,2016,2004.2
Yemen,Raw milk of goats,2017,2056.6
Yemen,Raw milk of goats,2018,2835.8
Yemen,Raw milk of sheep,2015,1598.5
Yemen,Raw milk of sheep,2016,1444.2
Yemen,Raw milk of sheep,2017,1481.9
Yemen,Raw milk of sheep,2018,2043.3
Yemen,Sesame seed,2015,2040.3
Yemen,Sesame seed,2016,1726.0
Yemen,Sesame seed,2017,1823.1
Yemen,Sesame seed,2018,2442.0
Yemen,"Shorn wool, greasy, including fleece-washed shorn wool",2015,4011.0
Yemen,"Shorn wool, greasy, including fleece-washed shorn wool",2016,3585.6
Yemen,Sorghum,2015,792.8
Yemen,Sorghum,2016,669.2
Yemen,Sorghum,2017,706.9
Yemen,Sorghum,2018,956.2
Yemen,"Tangerines, mandarins, clementines",2015,1537.9
Yemen,"Tangerines, mandarins, clementines",2016,1115.4
Yemen,"Tangerines, mandarins, clementines",2017,1674.4
Yemen,"Tangerines, mandarins, clementines",2018,2169.4
Yemen,Tomatoes,2015,817.8
Yemen,Tomatoes,2016,681.6
Yemen,Tomatoes,2017,720.0
Yemen,Tomatoes,2018,917.1
Yemen,Unmanufactured tobacco,2015,2166.1
Yemen,Unmanufactured tobacco,2016,1778.7
Yemen,Unmanufactured tobacco,2017,1878.8
Yemen,Unmanufactured tobacco,2018,2713.9
Yemen,Watermelons,2015,736.6
Yemen,Watermelons,2016,643.5
Yemen,Watermelons,2017,781.4
Yemen,Watermelons,2018,803.4
Yemen,Wheat,2015,840.4
Yemen,Wheat,2016,697.4
Yemen,Wheat,2017,736.7
Yemen,Wheat,2018,1015.8
Zambia,Bananas,2015,710.3
Zambia,Bananas cavendish,2018,682.0
Zambia,"Cassava, fresh",2015,648.8
Zambia,"Cassava, fresh",2018,314.7
Zambia,"Groundnuts, excluding shelled",2015,401.7
Zambia,"Groundnuts, excluding shelled",2018,401.6
Zambia,"Hen eggs in shell, fresh",2015,2019.7
Zambia,"Hen eggs in shell, fresh",2018,2041.3
Zambia,Maize (corn),2015,143.8
Zambia,Maize (corn),2018,177.5
Zambia,"Meat of cattle with the bone, fresh or chilled",2015,3475.3
Zambia,"Meat of cattle with the bone, fresh or chilled",2018,3372.9
Zambia,"Meat of chickens, fresh or chilled",2015,2050.2
Zambia,"Meat of chickens, fresh or chilled",2018,2595.7
Zambia,"Meat of goat, fresh or chilled",2015,3013.9
Zambia,"Meat of goat, fresh or chilled",2018,3189.9
Zambia,"Meat of pig with the bone, fresh or chilled",2015,3714.8
Zambia,"Meat of pig with the bone, fresh or chilled",2018,4023.7
Zambia,Millet,2015,491.5
Zambia,Millet,2018,520.9
Zambia,"Onions and shallots, dry (excluding dehydrated)",2015,1019.7
Zambia,"Onions and shallots, dry (excluding dehydrated)",2018,1032.8
Zambia,Oranges,2015,1078.3
Zambia,Oranges,2018,1226.2
Zambia,Potatoes,2015,654.1
Zambia,Potatoes,2018,749.7
Zambia,Raw milk of cattle,2015,1148.2
Zambia,Raw milk of cattle,2018,1221.5
Zambia,Rice,2015,1164.1
Zambia,Rice,2018,1352.5
Zambia,Sorghum,2015,670.0
Zambia,Sorghum,2018,604.0
Zambia,Sweet potatoes,2015,353.8
Zambia,Sweet potatoes,2018,299.4
Zambia,Tomatoes,2015,655.0
Zambia,Tomatoes,2018,755.3
Zimbabwe,Apples,2015,1897.0
Zimbabwe,Apples,2016,1789.0
Zimbabwe,Apples,2017,1865.0
Zimbabwe,Avocados,2015,1009.0
Zimbabwe,Avocados,2016,1007.0
Zimbabwe,Avocados,2017,1158.0
Zimbabwe,Bananas,2015,566.0
Zimbabwe,Bananas,2016,631.0
Zimbabwe,Bananas,2017,946.0
Zimbabwe,"Beans, dry",2015,900.0
Zimbabwe,"Beans, dry",2016,1150.0
Zimbabwe,"Beans, dry",2017,1150.0
Zimbabwe,"Beans, dry",2018,1025.0
Zimbabwe,Cabbages,2015,605.0
Zimbabwe,Cabbages,2016,620.0
Zimbabwe,Cabbages,2017,645.0
Zimbabwe,Cantaloupes and other melons,2015,1002.0
Zimbabwe,Cantaloupes and other melons,2016,888.0
Zimbabwe,Cantaloupes and other melons,2017,1168.0
Zimbabwe,Carrots and turnips,2015,513.0
Zimbabwe,Carrots and turnips,2016,686.0
Zimbabwe,Carrots and turnips,2017,651.0
Zimbabwe,Cereals n.e.c.,2015,352.0
Zimbabwe,Cereals n.e.c.,2016,358.3
Zimbabwe,Cereals n.e.c.,2017,443.8
Zimbabwe,"Chillies and peppers, green (Capsicum spp. and Pimenta spp.)",2015,2219.0
Zimbabwe,"Chillies and peppers, green (Capsicum spp. and Pimenta spp.)",2016,2627.0
Zimbabwe,"Chillies and peppers, green (Capsicum spp. and Pimenta spp.)",2017,1910.0
Zimbabwe,Cotton seed,2015,258.0
Zimbabwe,Cotton seed,2016,258.0
Zimbabwe,Cotton seed,2017,570.0
Zimbabwe,"Cow peas, dry",2015,350.0
Zimbabwe,"Cow peas, dry",2016,300.0
Zimbabwe,"Cow peas, dry",2017,300.0
Zimbabwe,"Cow peas, dry",2018,300.0
Zimbabwe,Cucumbers and gherkins,2015,404.0
Zimbabwe,Cucumbers and gherkins,2016,521.0
Zimbabwe,Cucumbers and gherkins,2017,730.0
Zimbabwe,Grapes,2015,4229.0
Zimbabwe,Grapes,2016,3585.0
Zimbabwe,Grapes,2017,3507.0
Zimbabwe,Green corn (maize),2015,236.0
Zimbabwe,Green corn (maize),2016,315.0
Zimbabwe,Green corn (maize),2017,216.0
Zimbabwe,Green garlic,2015,3545.0
Zimbabwe,Green garlic,2016,4535.0
Zimbabwe,Green garlic,2017,3476.0
Zimbabwe,"Groundnuts, excluding shelled",2015,400.0
Zimbabwe,"Groundnuts, excluding shelled",2016,500.0
Zimbabwe,"Groundnuts, excluding shelled",2017,500.0
Zimbabwe,"Groundnuts, excluding shelled",2018,550.0
Zimbabwe,Lettuce and chicory,2015,873.0
Zimbabwe,Lettuce and chicory,2016,870.0
Zimbabwe,Lettuce and chicory,2017,815.0
Zimbabwe,Maize (corn),2015,390.0
Zimbabwe,Maize (corn),2016,390.0
Zimbabwe,Maize (corn),2017,390.0
Zimbabwe,Maize (corn),2018,390.0
Zimbabwe,"Mangoes, guavas and mangosteens",2015,1099.0
Zimbabwe,"Mangoes, guavas and mangosteens",2016,1080.0
Zimbabwe,"Mangoes, guavas and mangosteens",2017,1122.0
Zimbabwe,"Meat of cattle with the bone, fresh or chilled (biological)",2015,1183.8
Zimbabwe,"Meat of cattle with the bone, fresh or chilled (biological)",2016,1114.2
Zimbabwe,"Meat of cattle with the bone, fresh or chilled (biological)",2017,974.9
Zimbabwe,"Meat of chickens, fresh or chilled (biological)",2015,4000.0
Zimbabwe,"Meat of chickens, fresh or chilled (biological)",2016,4000.0
Zimbabwe,"Meat of chickens, fresh or chilled (biological)",2017,4000.0
Zimbabwe,"Meat of chickens, fresh or chilled (biological)",2018,4666.7
Zimbabwe,"Meat of goat, fresh or chilled (biological)",2015,1250.0
Zimbabwe,"Meat of goat, fresh or chilled (biological)",2016,1250.0
Zimbabwe,"Meat of goat, fresh or chilled (biological)",2017,1250.0
Zimbabwe,"Meat of goat, fresh or chilled (biological)",2018,1250.0
Zimbabwe,"Meat of sheep, fresh or chilled (biological)",2015,2142.9
Zimbabwe,"Meat of sheep, fresh or chilled (biological)",2016,1785.7
Zimbabwe,"Meat of sheep, fresh or chilled (biological)",2017,1428.6
Zimbabwe,"Meat of sheep, fresh or chilled (biological)",2018,1428.6
Zimbabwe,Millet,2015,230.0
Zimbabwe,Millet,2016,390.0
Zimbabwe,Millet,2017,390.0
Zimbabwe,Millet,2018,390.0
Zimbabwe,"Onions and shallots, dry (excluding dehydrated)",2015,615.0
Zimbabwe,"Onions and shallots, dry (excluding dehydrated)",2016,698.0
Zimbabwe,"Onions and shallots, dry (excluding dehydrated)",2017,660.0
Zimbabwe,Oranges,2015,477.0
Zimbabwe,Oranges,2016,519.0
Zimbabwe,Oranges,2017,585.0
Zimbabwe,"Other beans, green",2015,1054.0
Zimbabwe,"Other beans, green",2016,1214.0
Zimbabwe,"Other beans, green",2017,1411.0
Zimbabwe,"Other vegetables, fresh n.e.c.",2015,671.0
Zimbabwe,"Other vegetables, fresh n.e.c.",2016,1727.0
Zimbabwe,"Other vegetables, fresh n.e.c.",2017,607.0
Zimbabwe,Pears,2015,2133.0
Zimbabwe,Pears,2016,2084.0
Zimbabwe,Pears,2017,2477.0
Zimbabwe,"Peas, green",2015,1773.0
Zimbabwe,"Peas, green",2016,1671.0
Zimbabwe,"Peas, green",2017,1680.0
Zimbabwe,Pineapples,2015,1753.0
Zimbabwe,Pineapples,2016,1914.0
Zimbabwe,Pineapples,2017,2056.0
Zimbabwe,Plums and sloes,2015,3610.0
Zimbabwe,Plums and sloes,2016,2798.0
Zimbabwe,Plums and sloes,2017,3161.0
Zimbabwe,Potatoes,2015,620.0
Zimbabwe,Potatoes,2016,635.0
Zimbabwe,Potatoes,2017,625.0
Zimbabwe,Raw milk of cattle,2015,460.5
Zimbabwe,Raw milk of cattle,2016,468.7
Zimbabwe,Raw milk of cattle,2017,580.5
Zimbabwe,"Seed cotton, unginned",2015,340.0
Zimbabwe,"Seed cotton, unginned",2016,390.0
Zimbabwe,"Seed cotton, unginned",2017,470.0
Zimbabwe,"Seed cotton, unginned",2018,530.0
Zimbabwe,Sorghum,2015,230.0
Zimbabwe,Sorghum,2016,390.0
Zimbabwe,Sorghum,2017,390.0
Zimbabwe,Sorghum,2018,390.0
Zimbabwe,Soya beans,2015,550.0
Zimbabwe,Soya beans,2016,540.0
Zimbabwe,Soya beans,2017,540.0
Zimbabwe,Soya beans,2018,780.0
Zimbabwe,Sugar cane,2015,536.0
Zimbabwe,Sugar cane,2016,550.0
Zimbabwe,Sugar cane,2017,574.0
Zimbabwe,Sunflower seed,2015,250.0
Zimbabwe,Sunflower seed,2016,300.0
Zimbabwe,Sunflower seed,2017,300.0
Zimbabwe,Sunflower seed,2018,300.0
Zimbabwe,Sweet potatoes,2015,325.0
Zimbabwe,Sweet potatoes,2016,350.0
Zimbabwe,Sweet potatoes,2017,330.0
Zimbabwe,Tomatoes,2015,504.0
Zimbabwe,Tomatoes,2016,567.0
Zimbabwe,Tomatoes,2017,786.0
Zimbabwe,Unmanufactured tobacco,2015,2500.0
Zimbabwe,Unmanufactured tobacco,2016,2950.0
Zimbabwe,Unmanufactured tobacco,2017,2960.0
Zimbabwe,Unmanufactured tobacco,2018,2920.0
Zimbabwe,Wheat,2015,500.0
Zimbabwe,Wheat,2016,500.0
Zimbabwe,Wheat,2017,500.0
Zimbabwe,Wheat,2018,621.5
